/coc/testnvme/shalbe3/miniconda/envs/robomme/lib/python3.11/site-packages/torch/cuda/__init__.py:63: FutureWarning: The pynvml package is deprecated. Please install nvidia-ml-py instead. If you did not install pynvml directly, please report this to the maintainers of the package that installed pynvml for you.
  import pynvml  # type: ignore[import]
`torch_dtype` is deprecated! Use `dtype` instead!
You are attempting to use Flash Attention 2 without specifying a torch dtype. This might lead to unexpected behaviour
2026-04-30 14:03:17,601 mme_vla_suite.pseudo_labeling.topreward_qwen_scorer WARNING: flash_attention_2 unavailable (/coc/testnvme/shalbe3/miniconda/envs/robomme/lib/python3.11/site-packages/flash_attn_2_cuda.cpython-311-x86_64-linux-gnu.so: undefined symbol: _ZNK3c106SymInt6sym_neERKS0_), using default attention
Loading checkpoint shards:   0%|          | 0/4 [00:00<?, ?it/s]Loading checkpoint shards:  25%|██▌       | 1/4 [00:01<00:03,  1.08s/it]Loading checkpoint shards:  50%|█████     | 2/4 [00:02<00:02,  1.07s/it]Loading checkpoint shards:  75%|███████▌  | 3/4 [00:03<00:01,  1.07s/it]Loading checkpoint shards: 100%|██████████| 4/4 [00:03<00:00,  1.11it/s]Loading checkpoint shards: 100%|██████████| 4/4 [00:03<00:00,  1.04it/s]
Asked to sample `fps` frames per second but no video metadata was provided which is required when sampling with `fps`. Defaulting to `fps=24`. Please provide `video_metadata` for more accurate results.
2026-04-30 14:03:30,945 mme_vla_suite.pseudo_labeling.topreward_qwen_scorer INFO: Prefix 1/8 (end=11, n_frames=4/12): reward=-17.3750 (mean, 1 tok)
2026-04-30 14:03:37,471 mme_vla_suite.pseudo_labeling.topreward_qwen_scorer INFO: Prefix 2/8 (end=26, n_frames=5/27): reward=-16.8750 (mean, 1 tok)
2026-04-30 14:03:43,990 mme_vla_suite.pseudo_labeling.topreward_qwen_scorer INFO: Prefix 3/8 (end=41, n_frames=8/42): reward=-15.5000 (mean, 1 tok)
2026-04-30 14:03:50,556 mme_vla_suite.pseudo_labeling.topreward_qwen_scorer INFO: Prefix 4/8 (end=56, n_frames=11/57): reward=-14.7500 (mean, 1 tok)
2026-04-30 14:03:57,128 mme_vla_suite.pseudo_labeling.topreward_qwen_scorer INFO: Prefix 5/8 (end=71, n_frames=14/72): reward=-14.8750 (mean, 1 tok)
2026-04-30 14:04:03,718 mme_vla_suite.pseudo_labeling.topreward_qwen_scorer INFO: Prefix 6/8 (end=86, n_frames=17/87): reward=-14.5000 (mean, 1 tok)
2026-04-30 14:04:10,335 mme_vla_suite.pseudo_labeling.topreward_qwen_scorer INFO: Prefix 7/8 (end=101, n_frames=20/102): reward=-14.2500 (mean, 1 tok)
2026-04-30 14:04:16,959 mme_vla_suite.pseudo_labeling.topreward_qwen_scorer INFO: Prefix 8/8 (end=117, n_frames=24/118): reward=-13.2500 (mean, 1 tok)
2026-04-30 14:04:24,311 mme_vla_suite.pseudo_labeling.topreward_qwen_scorer INFO: Prefix 1/8 (end=6, n_frames=4/7): reward=-22.1250 (mean, 1 tok)
2026-04-30 14:04:30,804 mme_vla_suite.pseudo_labeling.topreward_qwen_scorer INFO: Prefix 2/8 (end=14, n_frames=4/15): reward=-21.2500 (mean, 1 tok)
2026-04-30 14:04:37,293 mme_vla_suite.pseudo_labeling.topreward_qwen_scorer INFO: Prefix 3/8 (end=23, n_frames=5/24): reward=-21.3750 (mean, 1 tok)
2026-04-30 14:04:43,815 mme_vla_suite.pseudo_labeling.topreward_qwen_scorer INFO: Prefix 4/8 (end=31, n_frames=6/32): reward=-20.7500 (mean, 1 tok)
2026-04-30 14:04:50,345 mme_vla_suite.pseudo_labeling.topreward_qwen_scorer INFO: Prefix 5/8 (end=40, n_frames=8/41): reward=-21.3750 (mean, 1 tok)
2026-04-30 14:04:56,885 mme_vla_suite.pseudo_labeling.topreward_qwen_scorer INFO: Prefix 6/8 (end=48, n_frames=10/49): reward=-20.2500 (mean, 1 tok)
2026-04-30 14:05:03,397 mme_vla_suite.pseudo_labeling.topreward_qwen_scorer INFO: Prefix 7/8 (end=57, n_frames=12/58): reward=-19.2500 (mean, 1 tok)
2026-04-30 14:05:09,893 mme_vla_suite.pseudo_labeling.topreward_qwen_scorer INFO: Prefix 8/8 (end=66, n_frames=13/67): reward=-20.2500 (mean, 1 tok)
2026-04-30 14:05:17,536 mme_vla_suite.pseudo_labeling.topreward_qwen_scorer INFO: Prefix 1/8 (end=7, n_frames=4/8): reward=-22.6250 (mean, 1 tok)
2026-04-30 14:05:24,037 mme_vla_suite.pseudo_labeling.topreward_qwen_scorer INFO: Prefix 2/8 (end=16, n_frames=4/17): reward=-21.8750 (mean, 1 tok)
2026-04-30 14:05:30,524 mme_vla_suite.pseudo_labeling.topreward_qwen_scorer INFO: Prefix 3/8 (end=25, n_frames=5/26): reward=-19.8750 (mean, 1 tok)
2026-04-30 14:05:37,024 mme_vla_suite.pseudo_labeling.topreward_qwen_scorer INFO: Prefix 4/8 (end=34, n_frames=7/35): reward=-21.7500 (mean, 1 tok)
2026-04-30 14:05:43,524 mme_vla_suite.pseudo_labeling.topreward_qwen_scorer INFO: Prefix 5/8 (end=44, n_frames=9/45): reward=-20.2500 (mean, 1 tok)
2026-04-30 14:05:50,048 mme_vla_suite.pseudo_labeling.topreward_qwen_scorer INFO: Prefix 6/8 (end=53, n_frames=11/54): reward=-20.1250 (mean, 1 tok)
2026-04-30 14:05:56,583 mme_vla_suite.pseudo_labeling.topreward_qwen_scorer INFO: Prefix 7/8 (end=62, n_frames=13/63): reward=-20.2500 (mean, 1 tok)
2026-04-30 14:06:03,140 mme_vla_suite.pseudo_labeling.topreward_qwen_scorer INFO: Prefix 8/8 (end=72, n_frames=15/73): reward=-20.2500 (mean, 1 tok)
2026-04-30 14:06:11,005 mme_vla_suite.pseudo_labeling.topreward_qwen_scorer INFO: Prefix 1/8 (end=10, n_frames=4/11): reward=-18.1250 (mean, 1 tok)
2026-04-30 14:06:17,507 mme_vla_suite.pseudo_labeling.topreward_qwen_scorer INFO: Prefix 2/8 (end=23, n_frames=5/24): reward=-18.6250 (mean, 1 tok)
2026-04-30 14:06:24,022 mme_vla_suite.pseudo_labeling.topreward_qwen_scorer INFO: Prefix 3/8 (end=37, n_frames=8/38): reward=-16.7500 (mean, 1 tok)
2026-04-30 14:06:30,535 mme_vla_suite.pseudo_labeling.topreward_qwen_scorer INFO: Prefix 4/8 (end=50, n_frames=10/51): reward=-16.1250 (mean, 1 tok)
2026-04-30 14:06:37,062 mme_vla_suite.pseudo_labeling.topreward_qwen_scorer INFO: Prefix 5/8 (end=64, n_frames=13/65): reward=-16.3750 (mean, 1 tok)
2026-04-30 14:06:43,561 mme_vla_suite.pseudo_labeling.topreward_qwen_scorer INFO: Prefix 6/8 (end=77, n_frames=16/78): reward=-16.2500 (mean, 1 tok)
2026-04-30 14:06:50,133 mme_vla_suite.pseudo_labeling.topreward_qwen_scorer INFO: Prefix 7/8 (end=91, n_frames=18/92): reward=-16.0000 (mean, 1 tok)
2026-04-30 14:06:56,739 mme_vla_suite.pseudo_labeling.topreward_qwen_scorer INFO: Prefix 8/8 (end=105, n_frames=21/106): reward=-15.1250 (mean, 1 tok)
2026-04-30 14:07:04,149 mme_vla_suite.pseudo_labeling.topreward_qwen_scorer INFO: Prefix 1/8 (end=6, n_frames=4/7): reward=-19.6250 (mean, 1 tok)
2026-04-30 14:07:10,628 mme_vla_suite.pseudo_labeling.topreward_qwen_scorer INFO: Prefix 2/8 (end=13, n_frames=4/14): reward=-19.1250 (mean, 1 tok)
2026-04-30 14:07:17,108 mme_vla_suite.pseudo_labeling.topreward_qwen_scorer INFO: Prefix 3/8 (end=21, n_frames=4/22): reward=-17.6250 (mean, 1 tok)
2026-04-30 14:07:23,608 mme_vla_suite.pseudo_labeling.topreward_qwen_scorer INFO: Prefix 4/8 (end=28, n_frames=6/29): reward=-17.7500 (mean, 1 tok)
2026-04-30 14:07:30,116 mme_vla_suite.pseudo_labeling.topreward_qwen_scorer INFO: Prefix 5/8 (end=36, n_frames=7/37): reward=-16.8750 (mean, 1 tok)
2026-04-30 14:07:36,631 mme_vla_suite.pseudo_labeling.topreward_qwen_scorer INFO: Prefix 6/8 (end=43, n_frames=9/44): reward=-16.2500 (mean, 1 tok)
2026-04-30 14:07:43,134 mme_vla_suite.pseudo_labeling.topreward_qwen_scorer INFO: Prefix 7/8 (end=51, n_frames=10/52): reward=-15.2500 (mean, 1 tok)
2026-04-30 14:07:49,653 mme_vla_suite.pseudo_labeling.topreward_qwen_scorer INFO: Prefix 8/8 (end=59, n_frames=12/60): reward=-15.8750 (mean, 1 tok)
2026-04-30 14:07:57,139 mme_vla_suite.pseudo_labeling.topreward_qwen_scorer INFO: Prefix 1/8 (end=7, n_frames=4/8): reward=-19.2500 (mean, 1 tok)
2026-04-30 14:08:03,789 mme_vla_suite.pseudo_labeling.topreward_qwen_scorer INFO: Prefix 2/8 (end=16, n_frames=4/17): reward=-18.0000 (mean, 1 tok)
2026-04-30 14:08:10,441 mme_vla_suite.pseudo_labeling.topreward_qwen_scorer INFO: Prefix 3/8 (end=26, n_frames=5/27): reward=-18.0000 (mean, 1 tok)
2026-04-30 14:08:16,955 mme_vla_suite.pseudo_labeling.topreward_qwen_scorer INFO: Prefix 4/8 (end=36, n_frames=7/37): reward=-16.8750 (mean, 1 tok)
2026-04-30 14:08:23,477 mme_vla_suite.pseudo_labeling.topreward_qwen_scorer INFO: Prefix 5/8 (end=46, n_frames=9/47): reward=-15.7500 (mean, 1 tok)
2026-04-30 14:08:29,998 mme_vla_suite.pseudo_labeling.topreward_qwen_scorer INFO: Prefix 6/8 (end=56, n_frames=11/57): reward=-16.3750 (mean, 1 tok)
2026-04-30 14:08:36,695 mme_vla_suite.pseudo_labeling.topreward_qwen_scorer INFO: Prefix 7/8 (end=66, n_frames=13/67): reward=-16.1250 (mean, 1 tok)
2026-04-30 14:08:43,350 mme_vla_suite.pseudo_labeling.topreward_qwen_scorer INFO: Prefix 8/8 (end=76, n_frames=15/77): reward=-16.6250 (mean, 1 tok)
2026-04-30 14:08:51,097 mme_vla_suite.pseudo_labeling.topreward_qwen_scorer INFO: Prefix 1/8 (end=11, n_frames=4/12): reward=-18.1250 (mean, 1 tok)
2026-04-30 14:08:57,596 mme_vla_suite.pseudo_labeling.topreward_qwen_scorer INFO: Prefix 2/8 (end=25, n_frames=5/26): reward=-18.0000 (mean, 1 tok)
2026-04-30 14:09:04,098 mme_vla_suite.pseudo_labeling.topreward_qwen_scorer INFO: Prefix 3/8 (end=40, n_frames=8/41): reward=-15.5000 (mean, 1 tok)
2026-04-30 14:09:10,598 mme_vla_suite.pseudo_labeling.topreward_qwen_scorer INFO: Prefix 4/8 (end=54, n_frames=11/55): reward=-14.5000 (mean, 1 tok)
2026-04-30 14:09:17,122 mme_vla_suite.pseudo_labeling.topreward_qwen_scorer INFO: Prefix 5/8 (end=69, n_frames=14/70): reward=-14.7500 (mean, 1 tok)
2026-04-30 14:09:23,643 mme_vla_suite.pseudo_labeling.topreward_qwen_scorer INFO: Prefix 6/8 (end=83, n_frames=17/84): reward=-13.5000 (mean, 1 tok)
2026-04-30 14:09:30,251 mme_vla_suite.pseudo_labeling.topreward_qwen_scorer INFO: Prefix 7/8 (end=98, n_frames=20/99): reward=-14.2500 (mean, 1 tok)
2026-04-30 14:09:36,873 mme_vla_suite.pseudo_labeling.topreward_qwen_scorer INFO: Prefix 8/8 (end=113, n_frames=23/114): reward=-11.8750 (mean, 1 tok)
2026-04-30 14:09:44,415 mme_vla_suite.pseudo_labeling.topreward_qwen_scorer INFO: Prefix 1/8 (end=11, n_frames=4/12): reward=-23.8750 (mean, 1 tok)
2026-04-30 14:09:50,883 mme_vla_suite.pseudo_labeling.topreward_qwen_scorer INFO: Prefix 2/8 (end=25, n_frames=5/26): reward=-21.7500 (mean, 1 tok)
2026-04-30 14:09:57,377 mme_vla_suite.pseudo_labeling.topreward_qwen_scorer INFO: Prefix 3/8 (end=40, n_frames=8/41): reward=-21.7500 (mean, 1 tok)
2026-04-30 14:10:03,921 mme_vla_suite.pseudo_labeling.topreward_qwen_scorer INFO: Prefix 4/8 (end=55, n_frames=11/56): reward=-21.8750 (mean, 1 tok)
2026-04-30 14:10:10,464 mme_vla_suite.pseudo_labeling.topreward_qwen_scorer INFO: Prefix 5/8 (end=69, n_frames=14/70): reward=-20.7500 (mean, 1 tok)
2026-04-30 14:10:17,037 mme_vla_suite.pseudo_labeling.topreward_qwen_scorer INFO: Prefix 6/8 (end=84, n_frames=17/85): reward=-20.6250 (mean, 1 tok)
2026-04-30 14:10:23,619 mme_vla_suite.pseudo_labeling.topreward_qwen_scorer INFO: Prefix 7/8 (end=99, n_frames=20/100): reward=-18.5000 (mean, 1 tok)
2026-04-30 14:10:30,249 mme_vla_suite.pseudo_labeling.topreward_qwen_scorer INFO: Prefix 8/8 (end=114, n_frames=23/115): reward=-20.5000 (mean, 1 tok)
2026-04-30 14:10:37,948 mme_vla_suite.pseudo_labeling.topreward_qwen_scorer INFO: Prefix 1/8 (end=12, n_frames=4/13): reward=-24.0000 (mean, 1 tok)
2026-04-30 14:10:44,452 mme_vla_suite.pseudo_labeling.topreward_qwen_scorer INFO: Prefix 2/8 (end=27, n_frames=6/28): reward=-23.0000 (mean, 1 tok)
2026-04-30 14:10:50,957 mme_vla_suite.pseudo_labeling.topreward_qwen_scorer INFO: Prefix 3/8 (end=42, n_frames=9/43): reward=-20.8750 (mean, 1 tok)
2026-04-30 14:10:57,488 mme_vla_suite.pseudo_labeling.topreward_qwen_scorer INFO: Prefix 4/8 (end=58, n_frames=12/59): reward=-20.0000 (mean, 1 tok)
2026-04-30 14:11:04,041 mme_vla_suite.pseudo_labeling.topreward_qwen_scorer INFO: Prefix 5/8 (end=73, n_frames=15/74): reward=-21.1250 (mean, 1 tok)
2026-04-30 14:11:10,600 mme_vla_suite.pseudo_labeling.topreward_qwen_scorer INFO: Prefix 6/8 (end=89, n_frames=18/90): reward=-21.0000 (mean, 1 tok)
2026-04-30 14:11:17,159 mme_vla_suite.pseudo_labeling.topreward_qwen_scorer INFO: Prefix 7/8 (end=104, n_frames=21/105): reward=-19.7500 (mean, 1 tok)
2026-04-30 14:11:23,768 mme_vla_suite.pseudo_labeling.topreward_qwen_scorer INFO: Prefix 8/8 (end=120, n_frames=24/121): reward=-20.0000 (mean, 1 tok)
2026-04-30 14:11:31,436 mme_vla_suite.pseudo_labeling.topreward_qwen_scorer INFO: Prefix 1/8 (end=10, n_frames=4/11): reward=-21.8750 (mean, 1 tok)
2026-04-30 14:11:37,976 mme_vla_suite.pseudo_labeling.topreward_qwen_scorer INFO: Prefix 2/8 (end=22, n_frames=5/23): reward=-22.0000 (mean, 1 tok)
2026-04-30 14:11:44,500 mme_vla_suite.pseudo_labeling.topreward_qwen_scorer INFO: Prefix 3/8 (end=35, n_frames=7/36): reward=-22.2500 (mean, 1 tok)
2026-04-30 14:11:51,016 mme_vla_suite.pseudo_labeling.topreward_qwen_scorer INFO: Prefix 4/8 (end=48, n_frames=10/49): reward=-20.0000 (mean, 1 tok)
2026-04-30 14:11:57,548 mme_vla_suite.pseudo_labeling.topreward_qwen_scorer INFO: Prefix 5/8 (end=60, n_frames=12/61): reward=-19.7500 (mean, 1 tok)
2026-04-30 14:12:04,094 mme_vla_suite.pseudo_labeling.topreward_qwen_scorer INFO: Prefix 6/8 (end=73, n_frames=15/74): reward=-19.1250 (mean, 1 tok)
2026-04-30 14:12:10,681 mme_vla_suite.pseudo_labeling.topreward_qwen_scorer INFO: Prefix 7/8 (end=86, n_frames=17/87): reward=-18.5000 (mean, 1 tok)
2026-04-30 14:12:17,280 mme_vla_suite.pseudo_labeling.topreward_qwen_scorer INFO: Prefix 8/8 (end=99, n_frames=20/100): reward=-18.1250 (mean, 1 tok)
2026-04-30 14:12:24,614 mme_vla_suite.pseudo_labeling.topreward_qwen_scorer INFO: Prefix 1/8 (end=10, n_frames=4/11): reward=-21.8750 (mean, 1 tok)
2026-04-30 14:12:31,126 mme_vla_suite.pseudo_labeling.topreward_qwen_scorer INFO: Prefix 2/8 (end=23, n_frames=5/24): reward=-22.0000 (mean, 1 tok)
2026-04-30 14:12:37,621 mme_vla_suite.pseudo_labeling.topreward_qwen_scorer INFO: Prefix 3/8 (end=36, n_frames=7/37): reward=-21.8750 (mean, 1 tok)
2026-04-30 14:12:44,146 mme_vla_suite.pseudo_labeling.topreward_qwen_scorer INFO: Prefix 4/8 (end=50, n_frames=10/51): reward=-19.7500 (mean, 1 tok)
2026-04-30 14:12:50,684 mme_vla_suite.pseudo_labeling.topreward_qwen_scorer INFO: Prefix 5/8 (end=63, n_frames=13/64): reward=-19.7500 (mean, 1 tok)
2026-04-30 14:12:57,241 mme_vla_suite.pseudo_labeling.topreward_qwen_scorer INFO: Prefix 6/8 (end=77, n_frames=16/78): reward=-20.0000 (mean, 1 tok)
2026-04-30 14:13:03,842 mme_vla_suite.pseudo_labeling.topreward_qwen_scorer INFO: Prefix 7/8 (end=90, n_frames=18/91): reward=-18.3750 (mean, 1 tok)
2026-04-30 14:13:10,464 mme_vla_suite.pseudo_labeling.topreward_qwen_scorer INFO: Prefix 8/8 (end=104, n_frames=21/105): reward=-17.8750 (mean, 1 tok)
2026-04-30 14:13:17,988 mme_vla_suite.pseudo_labeling.topreward_qwen_scorer INFO: Prefix 1/8 (end=11, n_frames=4/12): reward=-19.2500 (mean, 1 tok)
2026-04-30 14:13:24,490 mme_vla_suite.pseudo_labeling.topreward_qwen_scorer INFO: Prefix 2/8 (end=25, n_frames=5/26): reward=-19.0000 (mean, 1 tok)
2026-04-30 14:13:30,979 mme_vla_suite.pseudo_labeling.topreward_qwen_scorer INFO: Prefix 3/8 (end=39, n_frames=8/40): reward=-16.3750 (mean, 1 tok)
2026-04-30 14:13:37,496 mme_vla_suite.pseudo_labeling.topreward_qwen_scorer INFO: Prefix 4/8 (end=53, n_frames=11/54): reward=-16.3750 (mean, 1 tok)
2026-04-30 14:13:44,033 mme_vla_suite.pseudo_labeling.topreward_qwen_scorer INFO: Prefix 5/8 (end=68, n_frames=14/69): reward=-16.5000 (mean, 1 tok)
2026-04-30 14:13:50,619 mme_vla_suite.pseudo_labeling.topreward_qwen_scorer INFO: Prefix 6/8 (end=82, n_frames=17/83): reward=-16.0000 (mean, 1 tok)
2026-04-30 14:13:57,216 mme_vla_suite.pseudo_labeling.topreward_qwen_scorer INFO: Prefix 7/8 (end=96, n_frames=19/97): reward=-15.1250 (mean, 1 tok)
2026-04-30 14:14:03,804 mme_vla_suite.pseudo_labeling.topreward_qwen_scorer INFO: Prefix 8/8 (end=111, n_frames=22/112): reward=-14.7500 (mean, 1 tok)
2026-04-30 14:14:11,078 mme_vla_suite.pseudo_labeling.topreward_qwen_scorer INFO: Prefix 1/8 (end=7, n_frames=4/8): reward=-18.3750 (mean, 1 tok)
2026-04-30 14:14:17,576 mme_vla_suite.pseudo_labeling.topreward_qwen_scorer INFO: Prefix 2/8 (end=16, n_frames=4/17): reward=-17.2500 (mean, 1 tok)
2026-04-30 14:14:24,067 mme_vla_suite.pseudo_labeling.topreward_qwen_scorer INFO: Prefix 3/8 (end=25, n_frames=5/26): reward=-17.5000 (mean, 1 tok)
2026-04-30 14:14:30,571 mme_vla_suite.pseudo_labeling.topreward_qwen_scorer INFO: Prefix 4/8 (end=35, n_frames=7/36): reward=-17.0000 (mean, 1 tok)
2026-04-30 14:14:37,085 mme_vla_suite.pseudo_labeling.topreward_qwen_scorer INFO: Prefix 5/8 (end=44, n_frames=9/45): reward=-15.3750 (mean, 1 tok)
2026-04-30 14:14:43,599 mme_vla_suite.pseudo_labeling.topreward_qwen_scorer INFO: Prefix 6/8 (end=54, n_frames=11/55): reward=-17.2500 (mean, 1 tok)
2026-04-30 14:14:50,132 mme_vla_suite.pseudo_labeling.topreward_qwen_scorer INFO: Prefix 7/8 (end=63, n_frames=13/64): reward=-16.0000 (mean, 1 tok)
2026-04-30 14:14:56,667 mme_vla_suite.pseudo_labeling.topreward_qwen_scorer INFO: Prefix 8/8 (end=73, n_frames=15/74): reward=-16.5000 (mean, 1 tok)
2026-04-30 14:15:04,379 mme_vla_suite.pseudo_labeling.topreward_qwen_scorer INFO: Prefix 1/8 (end=9, n_frames=4/10): reward=-18.1250 (mean, 1 tok)
2026-04-30 14:15:10,875 mme_vla_suite.pseudo_labeling.topreward_qwen_scorer INFO: Prefix 2/8 (end=20, n_frames=4/21): reward=-18.0000 (mean, 1 tok)
2026-04-30 14:15:17,408 mme_vla_suite.pseudo_labeling.topreward_qwen_scorer INFO: Prefix 3/8 (end=32, n_frames=7/33): reward=-17.6250 (mean, 1 tok)
2026-04-30 14:15:24,017 mme_vla_suite.pseudo_labeling.topreward_qwen_scorer INFO: Prefix 4/8 (end=44, n_frames=9/45): reward=-15.3750 (mean, 1 tok)
2026-04-30 14:15:30,525 mme_vla_suite.pseudo_labeling.topreward_qwen_scorer INFO: Prefix 5/8 (end=55, n_frames=11/56): reward=-16.5000 (mean, 1 tok)
2026-04-30 14:15:37,222 mme_vla_suite.pseudo_labeling.topreward_qwen_scorer INFO: Prefix 6/8 (end=67, n_frames=14/68): reward=-16.2500 (mean, 1 tok)
2026-04-30 14:15:43,757 mme_vla_suite.pseudo_labeling.topreward_qwen_scorer INFO: Prefix 7/8 (end=79, n_frames=16/80): reward=-17.1250 (mean, 1 tok)
2026-04-30 14:15:50,274 mme_vla_suite.pseudo_labeling.topreward_qwen_scorer INFO: Prefix 8/8 (end=91, n_frames=18/92): reward=-16.1250 (mean, 1 tok)
2026-04-30 14:15:57,904 mme_vla_suite.pseudo_labeling.topreward_qwen_scorer INFO: Prefix 1/8 (end=10, n_frames=4/11): reward=-19.7500 (mean, 1 tok)
2026-04-30 14:16:04,381 mme_vla_suite.pseudo_labeling.topreward_qwen_scorer INFO: Prefix 2/8 (end=23, n_frames=5/24): reward=-19.8750 (mean, 1 tok)
2026-04-30 14:16:10,865 mme_vla_suite.pseudo_labeling.topreward_qwen_scorer INFO: Prefix 3/8 (end=36, n_frames=7/37): reward=-16.3750 (mean, 1 tok)
2026-04-30 14:16:17,381 mme_vla_suite.pseudo_labeling.topreward_qwen_scorer INFO: Prefix 4/8 (end=49, n_frames=10/50): reward=-15.8750 (mean, 1 tok)
2026-04-30 14:16:23,906 mme_vla_suite.pseudo_labeling.topreward_qwen_scorer INFO: Prefix 5/8 (end=62, n_frames=13/63): reward=-17.1250 (mean, 1 tok)
2026-04-30 14:16:30,457 mme_vla_suite.pseudo_labeling.topreward_qwen_scorer INFO: Prefix 6/8 (end=75, n_frames=15/76): reward=-16.3750 (mean, 1 tok)
2026-04-30 14:16:36,979 mme_vla_suite.pseudo_labeling.topreward_qwen_scorer INFO: Prefix 7/8 (end=88, n_frames=18/89): reward=-15.7500 (mean, 1 tok)
2026-04-30 14:16:43,579 mme_vla_suite.pseudo_labeling.topreward_qwen_scorer INFO: Prefix 8/8 (end=102, n_frames=21/103): reward=-16.3750 (mean, 1 tok)
2026-04-30 14:16:51,356 mme_vla_suite.pseudo_labeling.topreward_qwen_scorer INFO: Prefix 1/8 (end=6, n_frames=4/7): reward=-20.2500 (mean, 1 tok)
2026-04-30 14:16:57,836 mme_vla_suite.pseudo_labeling.topreward_qwen_scorer INFO: Prefix 2/8 (end=14, n_frames=4/15): reward=-20.2500 (mean, 1 tok)
2026-04-30 14:17:04,329 mme_vla_suite.pseudo_labeling.topreward_qwen_scorer INFO: Prefix 3/8 (end=22, n_frames=5/23): reward=-18.1250 (mean, 1 tok)
2026-04-30 14:17:10,807 mme_vla_suite.pseudo_labeling.topreward_qwen_scorer INFO: Prefix 4/8 (end=30, n_frames=6/31): reward=-17.7500 (mean, 1 tok)
2026-04-30 14:17:17,295 mme_vla_suite.pseudo_labeling.topreward_qwen_scorer INFO: Prefix 5/8 (end=38, n_frames=8/39): reward=-17.3750 (mean, 1 tok)
2026-04-30 14:17:23,810 mme_vla_suite.pseudo_labeling.topreward_qwen_scorer INFO: Prefix 6/8 (end=46, n_frames=9/47): reward=-16.3750 (mean, 1 tok)
2026-04-30 14:17:30,320 mme_vla_suite.pseudo_labeling.topreward_qwen_scorer INFO: Prefix 7/8 (end=54, n_frames=11/55): reward=-16.0000 (mean, 1 tok)
2026-04-30 14:17:36,842 mme_vla_suite.pseudo_labeling.topreward_qwen_scorer INFO: Prefix 8/8 (end=62, n_frames=13/63): reward=-16.7500 (mean, 1 tok)
2026-04-30 14:17:44,274 mme_vla_suite.pseudo_labeling.topreward_qwen_scorer INFO: Prefix 1/8 (end=8, n_frames=4/9): reward=-20.5000 (mean, 1 tok)
2026-04-30 14:17:50,777 mme_vla_suite.pseudo_labeling.topreward_qwen_scorer INFO: Prefix 2/8 (end=18, n_frames=4/19): reward=-20.7500 (mean, 1 tok)
2026-04-30 14:17:57,336 mme_vla_suite.pseudo_labeling.topreward_qwen_scorer INFO: Prefix 3/8 (end=28, n_frames=6/29): reward=-19.1250 (mean, 1 tok)
2026-04-30 14:18:03,995 mme_vla_suite.pseudo_labeling.topreward_qwen_scorer INFO: Prefix 4/8 (end=38, n_frames=8/39): reward=-17.3750 (mean, 1 tok)
2026-04-30 14:18:10,614 mme_vla_suite.pseudo_labeling.topreward_qwen_scorer INFO: Prefix 5/8 (end=48, n_frames=10/49): reward=-15.5000 (mean, 1 tok)
2026-04-30 14:18:17,228 mme_vla_suite.pseudo_labeling.topreward_qwen_scorer INFO: Prefix 6/8 (end=58, n_frames=12/59): reward=-16.0000 (mean, 1 tok)
2026-04-30 14:18:23,932 mme_vla_suite.pseudo_labeling.topreward_qwen_scorer INFO: Prefix 7/8 (end=68, n_frames=14/69): reward=-17.2500 (mean, 1 tok)
2026-04-30 14:18:30,608 mme_vla_suite.pseudo_labeling.topreward_qwen_scorer INFO: Prefix 8/8 (end=79, n_frames=16/80): reward=-17.2500 (mean, 1 tok)
2026-04-30 14:18:38,236 mme_vla_suite.pseudo_labeling.topreward_qwen_scorer INFO: Prefix 1/8 (end=10, n_frames=4/11): reward=-19.0000 (mean, 1 tok)
2026-04-30 14:18:44,742 mme_vla_suite.pseudo_labeling.topreward_qwen_scorer INFO: Prefix 2/8 (end=24, n_frames=5/25): reward=-19.2500 (mean, 1 tok)
2026-04-30 14:18:51,230 mme_vla_suite.pseudo_labeling.topreward_qwen_scorer INFO: Prefix 3/8 (end=38, n_frames=8/39): reward=-17.6250 (mean, 1 tok)
2026-04-30 14:18:57,742 mme_vla_suite.pseudo_labeling.topreward_qwen_scorer INFO: Prefix 4/8 (end=52, n_frames=11/53): reward=-16.0000 (mean, 1 tok)
2026-04-30 14:19:04,300 mme_vla_suite.pseudo_labeling.topreward_qwen_scorer INFO: Prefix 5/8 (end=66, n_frames=13/67): reward=-16.1250 (mean, 1 tok)
2026-04-30 14:19:10,861 mme_vla_suite.pseudo_labeling.topreward_qwen_scorer INFO: Prefix 6/8 (end=80, n_frames=16/81): reward=-16.1250 (mean, 1 tok)
2026-04-30 14:19:17,441 mme_vla_suite.pseudo_labeling.topreward_qwen_scorer INFO: Prefix 7/8 (end=94, n_frames=19/95): reward=-15.5000 (mean, 1 tok)
2026-04-30 14:19:24,041 mme_vla_suite.pseudo_labeling.topreward_qwen_scorer INFO: Prefix 8/8 (end=108, n_frames=22/109): reward=-15.1250 (mean, 1 tok)
2026-04-30 14:19:31,306 mme_vla_suite.pseudo_labeling.topreward_qwen_scorer INFO: Prefix 1/8 (end=7, n_frames=4/8): reward=-20.1250 (mean, 1 tok)
2026-04-30 14:19:37,777 mme_vla_suite.pseudo_labeling.topreward_qwen_scorer INFO: Prefix 2/8 (end=17, n_frames=4/18): reward=-19.2500 (mean, 1 tok)
2026-04-30 14:19:44,275 mme_vla_suite.pseudo_labeling.topreward_qwen_scorer INFO: Prefix 3/8 (end=27, n_frames=6/28): reward=-17.7500 (mean, 1 tok)
2026-04-30 14:19:50,780 mme_vla_suite.pseudo_labeling.topreward_qwen_scorer INFO: Prefix 4/8 (end=37, n_frames=8/38): reward=-15.3750 (mean, 1 tok)
2026-04-30 14:19:57,297 mme_vla_suite.pseudo_labeling.topreward_qwen_scorer INFO: Prefix 5/8 (end=47, n_frames=10/48): reward=-15.6250 (mean, 1 tok)
2026-04-30 14:20:03,844 mme_vla_suite.pseudo_labeling.topreward_qwen_scorer INFO: Prefix 6/8 (end=57, n_frames=12/58): reward=-16.8750 (mean, 1 tok)
2026-04-30 14:20:10,361 mme_vla_suite.pseudo_labeling.topreward_qwen_scorer INFO: Prefix 7/8 (end=67, n_frames=14/68): reward=-16.8750 (mean, 1 tok)
2026-04-30 14:20:16,941 mme_vla_suite.pseudo_labeling.topreward_qwen_scorer INFO: Prefix 8/8 (end=77, n_frames=16/78): reward=-18.5000 (mean, 1 tok)
2026-04-30 14:20:24,287 mme_vla_suite.pseudo_labeling.topreward_qwen_scorer INFO: Prefix 1/8 (end=9, n_frames=4/10): reward=-19.8750 (mean, 1 tok)
2026-04-30 14:20:30,846 mme_vla_suite.pseudo_labeling.topreward_qwen_scorer INFO: Prefix 2/8 (end=21, n_frames=4/22): reward=-18.5000 (mean, 1 tok)
2026-04-30 14:20:37,355 mme_vla_suite.pseudo_labeling.topreward_qwen_scorer INFO: Prefix 3/8 (end=33, n_frames=7/34): reward=-15.8750 (mean, 1 tok)
2026-04-30 14:20:44,005 mme_vla_suite.pseudo_labeling.topreward_qwen_scorer INFO: Prefix 4/8 (end=45, n_frames=9/46): reward=-15.1250 (mean, 1 tok)
2026-04-30 14:20:50,679 mme_vla_suite.pseudo_labeling.topreward_qwen_scorer INFO: Prefix 5/8 (end=57, n_frames=12/58): reward=-16.8750 (mean, 1 tok)
2026-04-30 14:20:57,355 mme_vla_suite.pseudo_labeling.topreward_qwen_scorer INFO: Prefix 6/8 (end=69, n_frames=14/70): reward=-17.2500 (mean, 1 tok)
2026-04-30 14:21:03,921 mme_vla_suite.pseudo_labeling.topreward_qwen_scorer INFO: Prefix 7/8 (end=81, n_frames=16/82): reward=-16.8750 (mean, 1 tok)
2026-04-30 14:21:10,662 mme_vla_suite.pseudo_labeling.topreward_qwen_scorer INFO: Prefix 8/8 (end=93, n_frames=19/94): reward=-17.1250 (mean, 1 tok)
2026-04-30 14:21:18,211 mme_vla_suite.pseudo_labeling.topreward_qwen_scorer INFO: Prefix 1/8 (end=11, n_frames=4/12): reward=-18.2500 (mean, 1 tok)
2026-04-30 14:21:24,722 mme_vla_suite.pseudo_labeling.topreward_qwen_scorer INFO: Prefix 2/8 (end=26, n_frames=5/27): reward=-18.0000 (mean, 1 tok)
2026-04-30 14:21:31,245 mme_vla_suite.pseudo_labeling.topreward_qwen_scorer INFO: Prefix 3/8 (end=41, n_frames=8/42): reward=-16.1250 (mean, 1 tok)
2026-04-30 14:21:37,771 mme_vla_suite.pseudo_labeling.topreward_qwen_scorer INFO: Prefix 4/8 (end=56, n_frames=11/57): reward=-15.8750 (mean, 1 tok)
2026-04-30 14:21:44,289 mme_vla_suite.pseudo_labeling.topreward_qwen_scorer INFO: Prefix 5/8 (end=71, n_frames=14/72): reward=-16.0000 (mean, 1 tok)
2026-04-30 14:21:50,843 mme_vla_suite.pseudo_labeling.topreward_qwen_scorer INFO: Prefix 6/8 (end=86, n_frames=17/87): reward=-14.3750 (mean, 1 tok)
2026-04-30 14:21:57,397 mme_vla_suite.pseudo_labeling.topreward_qwen_scorer INFO: Prefix 7/8 (end=101, n_frames=20/102): reward=-15.2500 (mean, 1 tok)
2026-04-30 14:22:04,008 mme_vla_suite.pseudo_labeling.topreward_qwen_scorer INFO: Prefix 8/8 (end=117, n_frames=24/118): reward=-14.0000 (mean, 1 tok)
2026-04-30 14:22:11,632 mme_vla_suite.pseudo_labeling.topreward_qwen_scorer INFO: Prefix 1/8 (end=12, n_frames=4/13): reward=-23.3750 (mean, 1 tok)
2026-04-30 14:22:18,144 mme_vla_suite.pseudo_labeling.topreward_qwen_scorer INFO: Prefix 2/8 (end=27, n_frames=6/28): reward=-22.6250 (mean, 1 tok)
2026-04-30 14:22:24,639 mme_vla_suite.pseudo_labeling.topreward_qwen_scorer INFO: Prefix 3/8 (end=42, n_frames=9/43): reward=-19.1250 (mean, 1 tok)
2026-04-30 14:22:31,165 mme_vla_suite.pseudo_labeling.topreward_qwen_scorer INFO: Prefix 4/8 (end=58, n_frames=12/59): reward=-20.3750 (mean, 1 tok)
2026-04-30 14:22:37,700 mme_vla_suite.pseudo_labeling.topreward_qwen_scorer INFO: Prefix 5/8 (end=73, n_frames=15/74): reward=-21.2500 (mean, 1 tok)
2026-04-30 14:22:44,241 mme_vla_suite.pseudo_labeling.topreward_qwen_scorer INFO: Prefix 6/8 (end=89, n_frames=18/90): reward=-21.0000 (mean, 1 tok)
2026-04-30 14:22:50,815 mme_vla_suite.pseudo_labeling.topreward_qwen_scorer INFO: Prefix 7/8 (end=104, n_frames=21/105): reward=-19.8750 (mean, 1 tok)
2026-04-30 14:22:57,438 mme_vla_suite.pseudo_labeling.topreward_qwen_scorer INFO: Prefix 8/8 (end=120, n_frames=24/121): reward=-20.7500 (mean, 1 tok)
2026-04-30 14:23:05,085 mme_vla_suite.pseudo_labeling.topreward_qwen_scorer INFO: Prefix 1/8 (end=12, n_frames=4/13): reward=-23.3750 (mean, 1 tok)
2026-04-30 14:23:11,583 mme_vla_suite.pseudo_labeling.topreward_qwen_scorer INFO: Prefix 2/8 (end=28, n_frames=6/29): reward=-21.5000 (mean, 1 tok)
2026-04-30 14:23:18,121 mme_vla_suite.pseudo_labeling.topreward_qwen_scorer INFO: Prefix 3/8 (end=44, n_frames=9/45): reward=-19.2500 (mean, 1 tok)
2026-04-30 14:23:24,654 mme_vla_suite.pseudo_labeling.topreward_qwen_scorer INFO: Prefix 4/8 (end=60, n_frames=12/61): reward=-20.5000 (mean, 1 tok)
2026-04-30 14:23:31,221 mme_vla_suite.pseudo_labeling.topreward_qwen_scorer INFO: Prefix 5/8 (end=77, n_frames=16/78): reward=-22.0000 (mean, 1 tok)
2026-04-30 14:23:37,797 mme_vla_suite.pseudo_labeling.topreward_qwen_scorer INFO: Prefix 6/8 (end=93, n_frames=19/94): reward=-21.1250 (mean, 1 tok)
2026-04-30 14:23:44,415 mme_vla_suite.pseudo_labeling.topreward_qwen_scorer INFO: Prefix 7/8 (end=109, n_frames=22/110): reward=-19.1250 (mean, 1 tok)
2026-04-30 14:23:51,089 mme_vla_suite.pseudo_labeling.topreward_qwen_scorer INFO: Prefix 8/8 (end=126, n_frames=25/127): reward=-19.8750 (mean, 1 tok)
2026-04-30 14:23:59,077 mme_vla_suite.pseudo_labeling.topreward_qwen_scorer INFO: Prefix 1/8 (end=11, n_frames=4/12): reward=-22.1250 (mean, 1 tok)
2026-04-30 14:24:05,547 mme_vla_suite.pseudo_labeling.topreward_qwen_scorer INFO: Prefix 2/8 (end=25, n_frames=5/26): reward=-22.3750 (mean, 1 tok)
2026-04-30 14:24:12,058 mme_vla_suite.pseudo_labeling.topreward_qwen_scorer INFO: Prefix 3/8 (end=40, n_frames=8/41): reward=-19.2500 (mean, 1 tok)
2026-04-30 14:24:18,595 mme_vla_suite.pseudo_labeling.topreward_qwen_scorer INFO: Prefix 4/8 (end=54, n_frames=11/55): reward=-18.3750 (mean, 1 tok)
2026-04-30 14:24:25,148 mme_vla_suite.pseudo_labeling.topreward_qwen_scorer INFO: Prefix 5/8 (end=69, n_frames=14/70): reward=-18.5000 (mean, 1 tok)
2026-04-30 14:24:31,716 mme_vla_suite.pseudo_labeling.topreward_qwen_scorer INFO: Prefix 6/8 (end=83, n_frames=17/84): reward=-18.3750 (mean, 1 tok)
2026-04-30 14:24:38,336 mme_vla_suite.pseudo_labeling.topreward_qwen_scorer INFO: Prefix 7/8 (end=98, n_frames=20/99): reward=-18.1250 (mean, 1 tok)
2026-04-30 14:24:44,970 mme_vla_suite.pseudo_labeling.topreward_qwen_scorer INFO: Prefix 8/8 (end=113, n_frames=23/114): reward=-18.6250 (mean, 1 tok)
2026-04-30 14:24:52,342 mme_vla_suite.pseudo_labeling.topreward_qwen_scorer INFO: Prefix 1/8 (end=11, n_frames=4/12): reward=-22.1250 (mean, 1 tok)
2026-04-30 14:24:58,842 mme_vla_suite.pseudo_labeling.topreward_qwen_scorer INFO: Prefix 2/8 (end=26, n_frames=5/27): reward=-22.3750 (mean, 1 tok)
2026-04-30 14:25:05,347 mme_vla_suite.pseudo_labeling.topreward_qwen_scorer INFO: Prefix 3/8 (end=41, n_frames=8/42): reward=-18.8750 (mean, 1 tok)
2026-04-30 14:25:11,869 mme_vla_suite.pseudo_labeling.topreward_qwen_scorer INFO: Prefix 4/8 (end=56, n_frames=11/57): reward=-18.7500 (mean, 1 tok)
2026-04-30 14:25:18,419 mme_vla_suite.pseudo_labeling.topreward_qwen_scorer INFO: Prefix 5/8 (end=72, n_frames=15/73): reward=-18.8750 (mean, 1 tok)
2026-04-30 14:25:24,956 mme_vla_suite.pseudo_labeling.topreward_qwen_scorer INFO: Prefix 6/8 (end=87, n_frames=18/88): reward=-17.6250 (mean, 1 tok)
2026-04-30 14:25:31,580 mme_vla_suite.pseudo_labeling.topreward_qwen_scorer INFO: Prefix 7/8 (end=102, n_frames=21/103): reward=-17.5000 (mean, 1 tok)
2026-04-30 14:25:38,196 mme_vla_suite.pseudo_labeling.topreward_qwen_scorer INFO: Prefix 8/8 (end=118, n_frames=24/119): reward=-18.5000 (mean, 1 tok)
2026-04-30 14:25:45,671 mme_vla_suite.pseudo_labeling.topreward_qwen_scorer INFO: Prefix 1/8 (end=10, n_frames=4/11): reward=-21.6250 (mean, 1 tok)
2026-04-30 14:25:52,144 mme_vla_suite.pseudo_labeling.topreward_qwen_scorer INFO: Prefix 2/8 (end=22, n_frames=5/23): reward=-21.7500 (mean, 1 tok)
2026-04-30 14:25:58,658 mme_vla_suite.pseudo_labeling.topreward_qwen_scorer INFO: Prefix 3/8 (end=35, n_frames=7/36): reward=-18.7500 (mean, 1 tok)
2026-04-30 14:26:05,190 mme_vla_suite.pseudo_labeling.topreward_qwen_scorer INFO: Prefix 4/8 (end=48, n_frames=10/49): reward=-17.5000 (mean, 1 tok)
2026-04-30 14:26:11,757 mme_vla_suite.pseudo_labeling.topreward_qwen_scorer INFO: Prefix 5/8 (end=61, n_frames=12/62): reward=-17.3750 (mean, 1 tok)
2026-04-30 14:26:18,272 mme_vla_suite.pseudo_labeling.topreward_qwen_scorer INFO: Prefix 6/8 (end=74, n_frames=15/75): reward=-18.8750 (mean, 1 tok)
2026-04-30 14:26:24,813 mme_vla_suite.pseudo_labeling.topreward_qwen_scorer INFO: Prefix 7/8 (end=87, n_frames=18/88): reward=-18.3750 (mean, 1 tok)
2026-04-30 14:26:31,378 mme_vla_suite.pseudo_labeling.topreward_qwen_scorer INFO: Prefix 8/8 (end=100, n_frames=20/101): reward=-17.5000 (mean, 1 tok)
2026-04-30 14:26:38,891 mme_vla_suite.pseudo_labeling.topreward_qwen_scorer INFO: Prefix 1/8 (end=10, n_frames=4/11): reward=-21.6250 (mean, 1 tok)
2026-04-30 14:26:45,410 mme_vla_suite.pseudo_labeling.topreward_qwen_scorer INFO: Prefix 2/8 (end=23, n_frames=5/24): reward=-21.7500 (mean, 1 tok)
2026-04-30 14:26:51,932 mme_vla_suite.pseudo_labeling.topreward_qwen_scorer INFO: Prefix 3/8 (end=37, n_frames=8/38): reward=-19.0000 (mean, 1 tok)
2026-04-30 14:26:58,452 mme_vla_suite.pseudo_labeling.topreward_qwen_scorer INFO: Prefix 4/8 (end=50, n_frames=10/51): reward=-17.7500 (mean, 1 tok)
2026-04-30 14:27:05,007 mme_vla_suite.pseudo_labeling.topreward_qwen_scorer INFO: Prefix 5/8 (end=64, n_frames=13/65): reward=-18.5000 (mean, 1 tok)
2026-04-30 14:27:11,588 mme_vla_suite.pseudo_labeling.topreward_qwen_scorer INFO: Prefix 6/8 (end=77, n_frames=16/78): reward=-18.7500 (mean, 1 tok)
2026-04-30 14:27:18,207 mme_vla_suite.pseudo_labeling.topreward_qwen_scorer INFO: Prefix 7/8 (end=91, n_frames=18/92): reward=-16.7500 (mean, 1 tok)
2026-04-30 14:27:24,808 mme_vla_suite.pseudo_labeling.topreward_qwen_scorer INFO: Prefix 8/8 (end=105, n_frames=21/106): reward=-16.6250 (mean, 1 tok)
2026-04-30 14:27:32,361 mme_vla_suite.pseudo_labeling.topreward_qwen_scorer INFO: Prefix 1/8 (end=13, n_frames=4/14): reward=-18.5000 (mean, 1 tok)
2026-04-30 14:27:38,874 mme_vla_suite.pseudo_labeling.topreward_qwen_scorer INFO: Prefix 2/8 (end=29, n_frames=6/30): reward=-18.5000 (mean, 1 tok)
2026-04-30 14:27:45,504 mme_vla_suite.pseudo_labeling.topreward_qwen_scorer INFO: Prefix 3/8 (end=46, n_frames=9/47): reward=-17.0000 (mean, 1 tok)
2026-04-30 14:27:52,039 mme_vla_suite.pseudo_labeling.topreward_qwen_scorer INFO: Prefix 4/8 (end=62, n_frames=13/63): reward=-16.7500 (mean, 1 tok)
2026-04-30 14:27:58,557 mme_vla_suite.pseudo_labeling.topreward_qwen_scorer INFO: Prefix 5/8 (end=79, n_frames=16/80): reward=-14.3750 (mean, 1 tok)
2026-04-30 14:28:05,131 mme_vla_suite.pseudo_labeling.topreward_qwen_scorer INFO: Prefix 6/8 (end=95, n_frames=19/96): reward=-15.1250 (mean, 1 tok)
2026-04-30 14:28:11,711 mme_vla_suite.pseudo_labeling.topreward_qwen_scorer INFO: Prefix 7/8 (end=112, n_frames=23/113): reward=-15.2500 (mean, 1 tok)
2026-04-30 14:28:18,361 mme_vla_suite.pseudo_labeling.topreward_qwen_scorer INFO: Prefix 8/8 (end=129, n_frames=26/130): reward=-15.6250 (mean, 1 tok)
2026-04-30 14:28:25,862 mme_vla_suite.pseudo_labeling.topreward_qwen_scorer INFO: Prefix 1/8 (end=7, n_frames=4/8): reward=-24.0000 (mean, 1 tok)
2026-04-30 14:28:32,338 mme_vla_suite.pseudo_labeling.topreward_qwen_scorer INFO: Prefix 2/8 (end=16, n_frames=4/17): reward=-22.8750 (mean, 1 tok)
2026-04-30 14:28:38,826 mme_vla_suite.pseudo_labeling.topreward_qwen_scorer INFO: Prefix 3/8 (end=25, n_frames=5/26): reward=-22.8750 (mean, 1 tok)
2026-04-30 14:28:45,349 mme_vla_suite.pseudo_labeling.topreward_qwen_scorer INFO: Prefix 4/8 (end=35, n_frames=7/36): reward=-21.7500 (mean, 1 tok)
2026-04-30 14:28:51,858 mme_vla_suite.pseudo_labeling.topreward_qwen_scorer INFO: Prefix 5/8 (end=44, n_frames=9/45): reward=-21.2500 (mean, 1 tok)
2026-04-30 14:28:58,369 mme_vla_suite.pseudo_labeling.topreward_qwen_scorer INFO: Prefix 6/8 (end=54, n_frames=11/55): reward=-21.8750 (mean, 1 tok)
2026-04-30 14:29:04,909 mme_vla_suite.pseudo_labeling.topreward_qwen_scorer INFO: Prefix 7/8 (end=63, n_frames=13/64): reward=-19.3750 (mean, 1 tok)
2026-04-30 14:29:11,432 mme_vla_suite.pseudo_labeling.topreward_qwen_scorer INFO: Prefix 8/8 (end=73, n_frames=15/74): reward=-20.5000 (mean, 1 tok)
2026-04-30 14:29:18,964 mme_vla_suite.pseudo_labeling.topreward_qwen_scorer INFO: Prefix 1/8 (end=8, n_frames=4/9): reward=-23.2500 (mean, 1 tok)
2026-04-30 14:29:25,448 mme_vla_suite.pseudo_labeling.topreward_qwen_scorer INFO: Prefix 2/8 (end=18, n_frames=4/19): reward=-23.0000 (mean, 1 tok)
2026-04-30 14:29:31,944 mme_vla_suite.pseudo_labeling.topreward_qwen_scorer INFO: Prefix 3/8 (end=28, n_frames=6/29): reward=-21.8750 (mean, 1 tok)
2026-04-30 14:29:38,466 mme_vla_suite.pseudo_labeling.topreward_qwen_scorer INFO: Prefix 4/8 (end=38, n_frames=8/39): reward=-21.8750 (mean, 1 tok)
2026-04-30 14:29:45,004 mme_vla_suite.pseudo_labeling.topreward_qwen_scorer INFO: Prefix 5/8 (end=48, n_frames=10/49): reward=-21.1250 (mean, 1 tok)
2026-04-30 14:29:51,505 mme_vla_suite.pseudo_labeling.topreward_qwen_scorer INFO: Prefix 6/8 (end=58, n_frames=12/59): reward=-21.5000 (mean, 1 tok)
2026-04-30 14:29:58,065 mme_vla_suite.pseudo_labeling.topreward_qwen_scorer INFO: Prefix 7/8 (end=68, n_frames=14/69): reward=-20.6250 (mean, 1 tok)
2026-04-30 14:30:04,593 mme_vla_suite.pseudo_labeling.topreward_qwen_scorer INFO: Prefix 8/8 (end=79, n_frames=16/80): reward=-20.6250 (mean, 1 tok)
2026-04-30 14:30:12,282 mme_vla_suite.pseudo_labeling.topreward_qwen_scorer INFO: Prefix 1/8 (end=9, n_frames=4/10): reward=-21.0000 (mean, 1 tok)
2026-04-30 14:30:18,755 mme_vla_suite.pseudo_labeling.topreward_qwen_scorer INFO: Prefix 2/8 (end=20, n_frames=4/21): reward=-21.0000 (mean, 1 tok)
2026-04-30 14:30:25,259 mme_vla_suite.pseudo_labeling.topreward_qwen_scorer INFO: Prefix 3/8 (end=31, n_frames=6/32): reward=-21.8750 (mean, 1 tok)
2026-04-30 14:30:31,760 mme_vla_suite.pseudo_labeling.topreward_qwen_scorer INFO: Prefix 4/8 (end=43, n_frames=9/44): reward=-19.3750 (mean, 1 tok)
2026-04-30 14:30:38,260 mme_vla_suite.pseudo_labeling.topreward_qwen_scorer INFO: Prefix 5/8 (end=54, n_frames=11/55): reward=-18.1250 (mean, 1 tok)
2026-04-30 14:30:44,814 mme_vla_suite.pseudo_labeling.topreward_qwen_scorer INFO: Prefix 6/8 (end=66, n_frames=13/67): reward=-19.3750 (mean, 1 tok)
2026-04-30 14:30:51,359 mme_vla_suite.pseudo_labeling.topreward_qwen_scorer INFO: Prefix 7/8 (end=77, n_frames=16/78): reward=-18.8750 (mean, 1 tok)
2026-04-30 14:30:57,919 mme_vla_suite.pseudo_labeling.topreward_qwen_scorer INFO: Prefix 8/8 (end=89, n_frames=18/90): reward=-17.8750 (mean, 1 tok)
2026-04-30 14:31:05,414 mme_vla_suite.pseudo_labeling.topreward_qwen_scorer INFO: Prefix 1/8 (end=9, n_frames=4/10): reward=-21.0000 (mean, 1 tok)
2026-04-30 14:31:11,908 mme_vla_suite.pseudo_labeling.topreward_qwen_scorer INFO: Prefix 2/8 (end=21, n_frames=4/22): reward=-21.0000 (mean, 1 tok)
2026-04-30 14:31:18,431 mme_vla_suite.pseudo_labeling.topreward_qwen_scorer INFO: Prefix 3/8 (end=33, n_frames=7/34): reward=-21.2500 (mean, 1 tok)
2026-04-30 14:31:24,956 mme_vla_suite.pseudo_labeling.topreward_qwen_scorer INFO: Prefix 4/8 (end=45, n_frames=9/46): reward=-19.3750 (mean, 1 tok)
2026-04-30 14:31:31,479 mme_vla_suite.pseudo_labeling.topreward_qwen_scorer INFO: Prefix 5/8 (end=57, n_frames=12/58): reward=-18.8750 (mean, 1 tok)
2026-04-30 14:31:38,009 mme_vla_suite.pseudo_labeling.topreward_qwen_scorer INFO: Prefix 6/8 (end=69, n_frames=14/70): reward=-19.0000 (mean, 1 tok)
2026-04-30 14:31:44,551 mme_vla_suite.pseudo_labeling.topreward_qwen_scorer INFO: Prefix 7/8 (end=81, n_frames=16/82): reward=-17.8750 (mean, 1 tok)
2026-04-30 14:31:51,155 mme_vla_suite.pseudo_labeling.topreward_qwen_scorer INFO: Prefix 8/8 (end=94, n_frames=19/95): reward=-18.3750 (mean, 1 tok)
2026-04-30 14:31:59,012 mme_vla_suite.pseudo_labeling.topreward_qwen_scorer INFO: Prefix 1/8 (end=11, n_frames=4/12): reward=-18.6250 (mean, 1 tok)
2026-04-30 14:32:05,569 mme_vla_suite.pseudo_labeling.topreward_qwen_scorer INFO: Prefix 2/8 (end=26, n_frames=5/27): reward=-18.8750 (mean, 1 tok)
2026-04-30 14:32:12,183 mme_vla_suite.pseudo_labeling.topreward_qwen_scorer INFO: Prefix 3/8 (end=41, n_frames=8/42): reward=-17.7500 (mean, 1 tok)
2026-04-30 14:32:18,697 mme_vla_suite.pseudo_labeling.topreward_qwen_scorer INFO: Prefix 4/8 (end=56, n_frames=11/57): reward=-16.2500 (mean, 1 tok)
2026-04-30 14:32:25,215 mme_vla_suite.pseudo_labeling.topreward_qwen_scorer INFO: Prefix 5/8 (end=72, n_frames=15/73): reward=-14.6250 (mean, 1 tok)
2026-04-30 14:32:31,787 mme_vla_suite.pseudo_labeling.topreward_qwen_scorer INFO: Prefix 6/8 (end=87, n_frames=18/88): reward=-15.7500 (mean, 1 tok)
2026-04-30 14:32:38,378 mme_vla_suite.pseudo_labeling.topreward_qwen_scorer INFO: Prefix 7/8 (end=102, n_frames=21/103): reward=-15.5000 (mean, 1 tok)
2026-04-30 14:32:45,099 mme_vla_suite.pseudo_labeling.topreward_qwen_scorer INFO: Prefix 8/8 (end=118, n_frames=24/119): reward=-15.1250 (mean, 1 tok)
2026-04-30 14:32:52,666 mme_vla_suite.pseudo_labeling.topreward_qwen_scorer INFO: Prefix 1/8 (end=15, n_frames=4/16): reward=-23.6250 (mean, 1 tok)
2026-04-30 14:32:59,172 mme_vla_suite.pseudo_labeling.topreward_qwen_scorer INFO: Prefix 2/8 (end=34, n_frames=7/35): reward=-21.2500 (mean, 1 tok)
2026-04-30 14:33:05,681 mme_vla_suite.pseudo_labeling.topreward_qwen_scorer INFO: Prefix 3/8 (end=53, n_frames=11/54): reward=-20.5000 (mean, 1 tok)
2026-04-30 14:33:12,242 mme_vla_suite.pseudo_labeling.topreward_qwen_scorer INFO: Prefix 4/8 (end=72, n_frames=15/73): reward=-22.0000 (mean, 1 tok)
2026-04-30 14:33:18,859 mme_vla_suite.pseudo_labeling.topreward_qwen_scorer INFO: Prefix 5/8 (end=92, n_frames=19/93): reward=-22.2500 (mean, 1 tok)
2026-04-30 14:33:25,462 mme_vla_suite.pseudo_labeling.topreward_qwen_scorer INFO: Prefix 6/8 (end=111, n_frames=22/112): reward=-21.6250 (mean, 1 tok)
2026-04-30 14:33:32,080 mme_vla_suite.pseudo_labeling.topreward_qwen_scorer INFO: Prefix 7/8 (end=130, n_frames=26/131): reward=-20.8750 (mean, 1 tok)
2026-04-30 14:33:38,775 mme_vla_suite.pseudo_labeling.topreward_qwen_scorer INFO: Prefix 8/8 (end=150, n_frames=30/151): reward=-19.6250 (mean, 1 tok)
2026-04-30 14:33:46,213 mme_vla_suite.pseudo_labeling.topreward_qwen_scorer INFO: Prefix 1/8 (end=15, n_frames=4/16): reward=-23.6250 (mean, 1 tok)
2026-04-30 14:33:52,731 mme_vla_suite.pseudo_labeling.topreward_qwen_scorer INFO: Prefix 2/8 (end=35, n_frames=7/36): reward=-21.1250 (mean, 1 tok)
2026-04-30 14:33:59,227 mme_vla_suite.pseudo_labeling.topreward_qwen_scorer INFO: Prefix 3/8 (end=55, n_frames=11/56): reward=-21.5000 (mean, 1 tok)
2026-04-30 14:34:05,813 mme_vla_suite.pseudo_labeling.topreward_qwen_scorer INFO: Prefix 4/8 (end=75, n_frames=15/76): reward=-22.7500 (mean, 1 tok)
2026-04-30 14:34:12,411 mme_vla_suite.pseudo_labeling.topreward_qwen_scorer INFO: Prefix 5/8 (end=95, n_frames=19/96): reward=-22.6250 (mean, 1 tok)
2026-04-30 14:34:19,042 mme_vla_suite.pseudo_labeling.topreward_qwen_scorer INFO: Prefix 6/8 (end=115, n_frames=23/116): reward=-22.5000 (mean, 1 tok)
2026-04-30 14:34:25,683 mme_vla_suite.pseudo_labeling.topreward_qwen_scorer INFO: Prefix 7/8 (end=135, n_frames=27/136): reward=-19.8750 (mean, 1 tok)
2026-04-30 14:34:32,373 mme_vla_suite.pseudo_labeling.topreward_qwen_scorer INFO: Prefix 8/8 (end=156, n_frames=31/157): reward=-19.3750 (mean, 1 tok)
2026-04-30 14:34:39,948 mme_vla_suite.pseudo_labeling.topreward_qwen_scorer INFO: Prefix 1/8 (end=11, n_frames=4/12): reward=-20.6250 (mean, 1 tok)
2026-04-30 14:34:46,426 mme_vla_suite.pseudo_labeling.topreward_qwen_scorer INFO: Prefix 2/8 (end=25, n_frames=5/26): reward=-20.6250 (mean, 1 tok)
2026-04-30 14:34:52,918 mme_vla_suite.pseudo_labeling.topreward_qwen_scorer INFO: Prefix 3/8 (end=39, n_frames=8/40): reward=-17.3750 (mean, 1 tok)
2026-04-30 14:34:59,435 mme_vla_suite.pseudo_labeling.topreward_qwen_scorer INFO: Prefix 4/8 (end=54, n_frames=11/55): reward=-17.0000 (mean, 1 tok)
2026-04-30 14:35:05,945 mme_vla_suite.pseudo_labeling.topreward_qwen_scorer INFO: Prefix 5/8 (end=68, n_frames=14/69): reward=-16.6250 (mean, 1 tok)
2026-04-30 14:35:12,503 mme_vla_suite.pseudo_labeling.topreward_qwen_scorer INFO: Prefix 6/8 (end=83, n_frames=17/84): reward=-16.2500 (mean, 1 tok)
2026-04-30 14:35:19,061 mme_vla_suite.pseudo_labeling.topreward_qwen_scorer INFO: Prefix 7/8 (end=97, n_frames=20/98): reward=-16.5000 (mean, 1 tok)
2026-04-30 14:35:25,680 mme_vla_suite.pseudo_labeling.topreward_qwen_scorer INFO: Prefix 8/8 (end=112, n_frames=23/113): reward=-16.0000 (mean, 1 tok)
2026-04-30 14:35:32,984 mme_vla_suite.pseudo_labeling.topreward_qwen_scorer INFO: Prefix 1/8 (end=6, n_frames=4/7): reward=-20.2500 (mean, 1 tok)
2026-04-30 14:35:39,493 mme_vla_suite.pseudo_labeling.topreward_qwen_scorer INFO: Prefix 2/8 (end=14, n_frames=4/15): reward=-20.5000 (mean, 1 tok)
2026-04-30 14:35:46,004 mme_vla_suite.pseudo_labeling.topreward_qwen_scorer INFO: Prefix 3/8 (end=22, n_frames=5/23): reward=-18.6250 (mean, 1 tok)
2026-04-30 14:35:52,527 mme_vla_suite.pseudo_labeling.topreward_qwen_scorer INFO: Prefix 4/8 (end=30, n_frames=6/31): reward=-23.0000 (mean, 1 tok)
2026-04-30 14:35:59,058 mme_vla_suite.pseudo_labeling.topreward_qwen_scorer INFO: Prefix 5/8 (end=38, n_frames=8/39): reward=-18.8750 (mean, 1 tok)
2026-04-30 14:36:05,590 mme_vla_suite.pseudo_labeling.topreward_qwen_scorer INFO: Prefix 6/8 (end=46, n_frames=9/47): reward=-17.5000 (mean, 1 tok)
2026-04-30 14:36:12,139 mme_vla_suite.pseudo_labeling.topreward_qwen_scorer INFO: Prefix 7/8 (end=54, n_frames=11/55): reward=-19.2500 (mean, 1 tok)
2026-04-30 14:36:18,711 mme_vla_suite.pseudo_labeling.topreward_qwen_scorer INFO: Prefix 8/8 (end=63, n_frames=13/64): reward=-17.8750 (mean, 1 tok)
2026-04-30 14:36:26,184 mme_vla_suite.pseudo_labeling.topreward_qwen_scorer INFO: Prefix 1/8 (end=8, n_frames=4/9): reward=-19.7500 (mean, 1 tok)
2026-04-30 14:36:32,683 mme_vla_suite.pseudo_labeling.topreward_qwen_scorer INFO: Prefix 2/8 (end=18, n_frames=4/19): reward=-20.0000 (mean, 1 tok)
2026-04-30 14:36:39,178 mme_vla_suite.pseudo_labeling.topreward_qwen_scorer INFO: Prefix 3/8 (end=28, n_frames=6/29): reward=-17.2500 (mean, 1 tok)
2026-04-30 14:36:45,673 mme_vla_suite.pseudo_labeling.topreward_qwen_scorer INFO: Prefix 4/8 (end=39, n_frames=8/40): reward=-18.8750 (mean, 1 tok)
2026-04-30 14:36:52,177 mme_vla_suite.pseudo_labeling.topreward_qwen_scorer INFO: Prefix 5/8 (end=49, n_frames=10/50): reward=-17.8750 (mean, 1 tok)
2026-04-30 14:36:58,707 mme_vla_suite.pseudo_labeling.topreward_qwen_scorer INFO: Prefix 6/8 (end=60, n_frames=12/61): reward=-21.1250 (mean, 1 tok)
2026-04-30 14:37:05,336 mme_vla_suite.pseudo_labeling.topreward_qwen_scorer INFO: Prefix 7/8 (end=70, n_frames=14/71): reward=-18.7500 (mean, 1 tok)
2026-04-30 14:37:11,877 mme_vla_suite.pseudo_labeling.topreward_qwen_scorer INFO: Prefix 8/8 (end=81, n_frames=16/82): reward=-16.8750 (mean, 1 tok)
2026-04-30 14:37:19,549 mme_vla_suite.pseudo_labeling.topreward_qwen_scorer INFO: Prefix 1/8 (end=10, n_frames=4/11): reward=-18.7500 (mean, 1 tok)
2026-04-30 14:37:26,029 mme_vla_suite.pseudo_labeling.topreward_qwen_scorer INFO: Prefix 2/8 (end=23, n_frames=5/24): reward=-18.6250 (mean, 1 tok)
2026-04-30 14:37:32,529 mme_vla_suite.pseudo_labeling.topreward_qwen_scorer INFO: Prefix 3/8 (end=36, n_frames=7/37): reward=-16.6250 (mean, 1 tok)
2026-04-30 14:37:39,038 mme_vla_suite.pseudo_labeling.topreward_qwen_scorer INFO: Prefix 4/8 (end=49, n_frames=10/50): reward=-15.8750 (mean, 1 tok)
2026-04-30 14:37:45,558 mme_vla_suite.pseudo_labeling.topreward_qwen_scorer INFO: Prefix 5/8 (end=63, n_frames=13/64): reward=-16.1250 (mean, 1 tok)
2026-04-30 14:37:52,088 mme_vla_suite.pseudo_labeling.topreward_qwen_scorer INFO: Prefix 6/8 (end=76, n_frames=15/77): reward=-16.1250 (mean, 1 tok)
2026-04-30 14:37:58,635 mme_vla_suite.pseudo_labeling.topreward_qwen_scorer INFO: Prefix 7/8 (end=89, n_frames=18/90): reward=-16.0000 (mean, 1 tok)
2026-04-30 14:38:05,175 mme_vla_suite.pseudo_labeling.topreward_qwen_scorer INFO: Prefix 8/8 (end=103, n_frames=21/104): reward=-14.8750 (mean, 1 tok)
2026-04-30 14:38:12,592 mme_vla_suite.pseudo_labeling.topreward_qwen_scorer INFO: Prefix 1/8 (end=6, n_frames=4/7): reward=-21.6250 (mean, 1 tok)
2026-04-30 14:38:19,071 mme_vla_suite.pseudo_labeling.topreward_qwen_scorer INFO: Prefix 2/8 (end=14, n_frames=4/15): reward=-19.6250 (mean, 1 tok)
2026-04-30 14:38:25,564 mme_vla_suite.pseudo_labeling.topreward_qwen_scorer INFO: Prefix 3/8 (end=22, n_frames=5/23): reward=-24.3750 (mean, 1 tok)
2026-04-30 14:38:32,069 mme_vla_suite.pseudo_labeling.topreward_qwen_scorer INFO: Prefix 4/8 (end=30, n_frames=6/31): reward=-24.1250 (mean, 1 tok)
2026-04-30 14:38:38,576 mme_vla_suite.pseudo_labeling.topreward_qwen_scorer INFO: Prefix 5/8 (end=39, n_frames=8/40): reward=-20.8750 (mean, 1 tok)
2026-04-30 14:38:45,081 mme_vla_suite.pseudo_labeling.topreward_qwen_scorer INFO: Prefix 6/8 (end=47, n_frames=10/48): reward=-18.5000 (mean, 1 tok)
2026-04-30 14:38:51,635 mme_vla_suite.pseudo_labeling.topreward_qwen_scorer INFO: Prefix 7/8 (end=55, n_frames=11/56): reward=-16.7500 (mean, 1 tok)
2026-04-30 14:38:58,183 mme_vla_suite.pseudo_labeling.topreward_qwen_scorer INFO: Prefix 8/8 (end=64, n_frames=13/65): reward=-16.6250 (mean, 1 tok)
2026-04-30 14:39:05,614 mme_vla_suite.pseudo_labeling.topreward_qwen_scorer INFO: Prefix 1/8 (end=8, n_frames=4/9): reward=-21.2500 (mean, 1 tok)
2026-04-30 14:39:12,187 mme_vla_suite.pseudo_labeling.topreward_qwen_scorer INFO: Prefix 2/8 (end=18, n_frames=4/19): reward=-22.1250 (mean, 1 tok)
2026-04-30 14:39:18,682 mme_vla_suite.pseudo_labeling.topreward_qwen_scorer INFO: Prefix 3/8 (end=29, n_frames=6/30): reward=-22.3750 (mean, 1 tok)
2026-04-30 14:39:25,188 mme_vla_suite.pseudo_labeling.topreward_qwen_scorer INFO: Prefix 4/8 (end=39, n_frames=8/40): reward=-20.8750 (mean, 1 tok)
2026-04-30 14:39:31,713 mme_vla_suite.pseudo_labeling.topreward_qwen_scorer INFO: Prefix 5/8 (end=50, n_frames=10/51): reward=-17.5000 (mean, 1 tok)
2026-04-30 14:39:38,239 mme_vla_suite.pseudo_labeling.topreward_qwen_scorer INFO: Prefix 6/8 (end=60, n_frames=12/61): reward=-16.7500 (mean, 1 tok)
2026-04-30 14:39:44,847 mme_vla_suite.pseudo_labeling.topreward_qwen_scorer INFO: Prefix 7/8 (end=71, n_frames=14/72): reward=-17.6250 (mean, 1 tok)
2026-04-30 14:39:51,381 mme_vla_suite.pseudo_labeling.topreward_qwen_scorer INFO: Prefix 8/8 (end=82, n_frames=17/83): reward=-17.5000 (mean, 1 tok)
2026-04-30 14:39:59,135 mme_vla_suite.pseudo_labeling.topreward_qwen_scorer INFO: Prefix 1/8 (end=10, n_frames=4/11): reward=-21.0000 (mean, 1 tok)
2026-04-30 14:40:05,655 mme_vla_suite.pseudo_labeling.topreward_qwen_scorer INFO: Prefix 2/8 (end=23, n_frames=5/24): reward=-21.7500 (mean, 1 tok)
2026-04-30 14:40:12,143 mme_vla_suite.pseudo_labeling.topreward_qwen_scorer INFO: Prefix 3/8 (end=36, n_frames=7/37): reward=-18.2500 (mean, 1 tok)
2026-04-30 14:40:18,660 mme_vla_suite.pseudo_labeling.topreward_qwen_scorer INFO: Prefix 4/8 (end=49, n_frames=10/50): reward=-17.7500 (mean, 1 tok)
2026-04-30 14:40:25,204 mme_vla_suite.pseudo_labeling.topreward_qwen_scorer INFO: Prefix 5/8 (end=63, n_frames=13/64): reward=-18.5000 (mean, 1 tok)
2026-04-30 14:40:31,797 mme_vla_suite.pseudo_labeling.topreward_qwen_scorer INFO: Prefix 6/8 (end=76, n_frames=15/77): reward=-19.6250 (mean, 1 tok)
2026-04-30 14:40:38,392 mme_vla_suite.pseudo_labeling.topreward_qwen_scorer INFO: Prefix 7/8 (end=89, n_frames=18/90): reward=-17.6250 (mean, 1 tok)
2026-04-30 14:40:45,024 mme_vla_suite.pseudo_labeling.topreward_qwen_scorer INFO: Prefix 8/8 (end=103, n_frames=21/104): reward=-17.3750 (mean, 1 tok)
2026-04-30 14:40:52,420 mme_vla_suite.pseudo_labeling.topreward_qwen_scorer INFO: Prefix 1/8 (end=10, n_frames=4/11): reward=-21.0000 (mean, 1 tok)
2026-04-30 14:40:58,900 mme_vla_suite.pseudo_labeling.topreward_qwen_scorer INFO: Prefix 2/8 (end=24, n_frames=5/25): reward=-21.7500 (mean, 1 tok)
2026-04-30 14:41:05,405 mme_vla_suite.pseudo_labeling.topreward_qwen_scorer INFO: Prefix 3/8 (end=38, n_frames=8/39): reward=-19.0000 (mean, 1 tok)
2026-04-30 14:41:11,958 mme_vla_suite.pseudo_labeling.topreward_qwen_scorer INFO: Prefix 4/8 (end=52, n_frames=11/53): reward=-18.1250 (mean, 1 tok)
2026-04-30 14:41:18,499 mme_vla_suite.pseudo_labeling.topreward_qwen_scorer INFO: Prefix 5/8 (end=66, n_frames=13/67): reward=-18.3750 (mean, 1 tok)
2026-04-30 14:41:25,080 mme_vla_suite.pseudo_labeling.topreward_qwen_scorer INFO: Prefix 6/8 (end=80, n_frames=16/81): reward=-19.0000 (mean, 1 tok)
2026-04-30 14:41:31,679 mme_vla_suite.pseudo_labeling.topreward_qwen_scorer INFO: Prefix 7/8 (end=94, n_frames=19/95): reward=-17.6250 (mean, 1 tok)
2026-04-30 14:41:38,319 mme_vla_suite.pseudo_labeling.topreward_qwen_scorer INFO: Prefix 8/8 (end=108, n_frames=22/109): reward=-17.3750 (mean, 1 tok)
2026-04-30 14:41:45,920 mme_vla_suite.pseudo_labeling.topreward_qwen_scorer INFO: Prefix 1/8 (end=11, n_frames=4/12): reward=-20.1250 (mean, 1 tok)
2026-04-30 14:41:52,424 mme_vla_suite.pseudo_labeling.topreward_qwen_scorer INFO: Prefix 2/8 (end=25, n_frames=5/26): reward=-21.0000 (mean, 1 tok)
2026-04-30 14:41:58,913 mme_vla_suite.pseudo_labeling.topreward_qwen_scorer INFO: Prefix 3/8 (end=39, n_frames=8/40): reward=-16.8750 (mean, 1 tok)
2026-04-30 14:42:05,443 mme_vla_suite.pseudo_labeling.topreward_qwen_scorer INFO: Prefix 4/8 (end=53, n_frames=11/54): reward=-16.7500 (mean, 1 tok)
2026-04-30 14:42:12,074 mme_vla_suite.pseudo_labeling.topreward_qwen_scorer INFO: Prefix 5/8 (end=67, n_frames=14/68): reward=-17.1250 (mean, 1 tok)
2026-04-30 14:42:18,651 mme_vla_suite.pseudo_labeling.topreward_qwen_scorer INFO: Prefix 6/8 (end=81, n_frames=16/82): reward=-17.2500 (mean, 1 tok)
2026-04-30 14:42:25,263 mme_vla_suite.pseudo_labeling.topreward_qwen_scorer INFO: Prefix 7/8 (end=95, n_frames=19/96): reward=-17.0000 (mean, 1 tok)
2026-04-30 14:42:31,886 mme_vla_suite.pseudo_labeling.topreward_qwen_scorer INFO: Prefix 8/8 (end=109, n_frames=22/110): reward=-16.2500 (mean, 1 tok)
2026-04-30 14:42:39,285 mme_vla_suite.pseudo_labeling.topreward_qwen_scorer INFO: Prefix 1/8 (end=5, n_frames=4/6): reward=-20.0000 (mean, 1 tok)
2026-04-30 14:42:45,795 mme_vla_suite.pseudo_labeling.topreward_qwen_scorer INFO: Prefix 2/8 (end=12, n_frames=4/13): reward=-18.1250 (mean, 1 tok)
2026-04-30 14:42:52,274 mme_vla_suite.pseudo_labeling.topreward_qwen_scorer INFO: Prefix 3/8 (end=19, n_frames=4/20): reward=-18.2500 (mean, 1 tok)
2026-04-30 14:42:58,789 mme_vla_suite.pseudo_labeling.topreward_qwen_scorer INFO: Prefix 4/8 (end=26, n_frames=5/27): reward=-17.6250 (mean, 1 tok)
2026-04-30 14:43:05,296 mme_vla_suite.pseudo_labeling.topreward_qwen_scorer INFO: Prefix 5/8 (end=33, n_frames=7/34): reward=-17.5000 (mean, 1 tok)
2026-04-30 14:43:11,803 mme_vla_suite.pseudo_labeling.topreward_qwen_scorer INFO: Prefix 6/8 (end=40, n_frames=8/41): reward=-16.8750 (mean, 1 tok)
2026-04-30 14:43:18,350 mme_vla_suite.pseudo_labeling.topreward_qwen_scorer INFO: Prefix 7/8 (end=47, n_frames=10/48): reward=-16.5000 (mean, 1 tok)
2026-04-30 14:43:24,911 mme_vla_suite.pseudo_labeling.topreward_qwen_scorer INFO: Prefix 8/8 (end=54, n_frames=11/55): reward=-18.6250 (mean, 1 tok)
2026-04-30 14:43:32,377 mme_vla_suite.pseudo_labeling.topreward_qwen_scorer INFO: Prefix 1/8 (end=6, n_frames=4/7): reward=-20.1250 (mean, 1 tok)
2026-04-30 14:43:38,899 mme_vla_suite.pseudo_labeling.topreward_qwen_scorer INFO: Prefix 2/8 (end=14, n_frames=4/15): reward=-18.2500 (mean, 1 tok)
2026-04-30 14:43:45,399 mme_vla_suite.pseudo_labeling.topreward_qwen_scorer INFO: Prefix 3/8 (end=23, n_frames=5/24): reward=-18.2500 (mean, 1 tok)
2026-04-30 14:43:51,885 mme_vla_suite.pseudo_labeling.topreward_qwen_scorer INFO: Prefix 4/8 (end=31, n_frames=6/32): reward=-16.6250 (mean, 1 tok)
2026-04-30 14:43:58,395 mme_vla_suite.pseudo_labeling.topreward_qwen_scorer INFO: Prefix 5/8 (end=40, n_frames=8/41): reward=-16.8750 (mean, 1 tok)
2026-04-30 14:44:04,905 mme_vla_suite.pseudo_labeling.topreward_qwen_scorer INFO: Prefix 6/8 (end=48, n_frames=10/49): reward=-16.1250 (mean, 1 tok)
2026-04-30 14:44:11,430 mme_vla_suite.pseudo_labeling.topreward_qwen_scorer INFO: Prefix 7/8 (end=57, n_frames=12/58): reward=-16.1250 (mean, 1 tok)
2026-04-30 14:44:17,965 mme_vla_suite.pseudo_labeling.topreward_qwen_scorer INFO: Prefix 8/8 (end=66, n_frames=13/67): reward=-16.6250 (mean, 1 tok)
2026-04-30 14:44:25,621 mme_vla_suite.pseudo_labeling.topreward_qwen_scorer INFO: Prefix 1/8 (end=11, n_frames=4/12): reward=-18.2500 (mean, 1 tok)
2026-04-30 14:44:32,106 mme_vla_suite.pseudo_labeling.topreward_qwen_scorer INFO: Prefix 2/8 (end=25, n_frames=5/26): reward=-18.3750 (mean, 1 tok)
2026-04-30 14:44:38,611 mme_vla_suite.pseudo_labeling.topreward_qwen_scorer INFO: Prefix 3/8 (end=39, n_frames=8/40): reward=-17.0000 (mean, 1 tok)
2026-04-30 14:44:45,131 mme_vla_suite.pseudo_labeling.topreward_qwen_scorer INFO: Prefix 4/8 (end=53, n_frames=11/54): reward=-15.1250 (mean, 1 tok)
2026-04-30 14:44:51,657 mme_vla_suite.pseudo_labeling.topreward_qwen_scorer INFO: Prefix 5/8 (end=68, n_frames=14/69): reward=-16.1250 (mean, 1 tok)
2026-04-30 14:44:58,200 mme_vla_suite.pseudo_labeling.topreward_qwen_scorer INFO: Prefix 6/8 (end=82, n_frames=17/83): reward=-15.7500 (mean, 1 tok)
2026-04-30 14:45:04,781 mme_vla_suite.pseudo_labeling.topreward_qwen_scorer INFO: Prefix 7/8 (end=96, n_frames=19/97): reward=-15.6250 (mean, 1 tok)
2026-04-30 14:45:11,394 mme_vla_suite.pseudo_labeling.topreward_qwen_scorer INFO: Prefix 8/8 (end=111, n_frames=22/112): reward=-14.7500 (mean, 1 tok)
2026-04-30 14:45:18,933 mme_vla_suite.pseudo_labeling.topreward_qwen_scorer INFO: Prefix 1/8 (end=11, n_frames=4/12): reward=-21.5000 (mean, 1 tok)
2026-04-30 14:45:25,441 mme_vla_suite.pseudo_labeling.topreward_qwen_scorer INFO: Prefix 2/8 (end=26, n_frames=5/27): reward=-19.6250 (mean, 1 tok)
2026-04-30 14:45:31,954 mme_vla_suite.pseudo_labeling.topreward_qwen_scorer INFO: Prefix 3/8 (end=41, n_frames=8/42): reward=-18.6250 (mean, 1 tok)
2026-04-30 14:45:38,469 mme_vla_suite.pseudo_labeling.topreward_qwen_scorer INFO: Prefix 4/8 (end=56, n_frames=11/57): reward=-20.0000 (mean, 1 tok)
2026-04-30 14:45:44,998 mme_vla_suite.pseudo_labeling.topreward_qwen_scorer INFO: Prefix 5/8 (end=71, n_frames=14/72): reward=-20.8750 (mean, 1 tok)
2026-04-30 14:45:51,550 mme_vla_suite.pseudo_labeling.topreward_qwen_scorer INFO: Prefix 6/8 (end=86, n_frames=17/87): reward=-19.7500 (mean, 1 tok)
2026-04-30 14:45:58,127 mme_vla_suite.pseudo_labeling.topreward_qwen_scorer INFO: Prefix 7/8 (end=101, n_frames=20/102): reward=-19.0000 (mean, 1 tok)
2026-04-30 14:46:04,771 mme_vla_suite.pseudo_labeling.topreward_qwen_scorer INFO: Prefix 8/8 (end=117, n_frames=24/118): reward=-18.2500 (mean, 1 tok)
2026-04-30 14:46:12,185 mme_vla_suite.pseudo_labeling.topreward_qwen_scorer INFO: Prefix 1/8 (end=12, n_frames=4/13): reward=-21.7500 (mean, 1 tok)
2026-04-30 14:46:18,711 mme_vla_suite.pseudo_labeling.topreward_qwen_scorer INFO: Prefix 2/8 (end=27, n_frames=6/28): reward=-19.2500 (mean, 1 tok)
2026-04-30 14:46:25,229 mme_vla_suite.pseudo_labeling.topreward_qwen_scorer INFO: Prefix 3/8 (end=43, n_frames=9/44): reward=-18.2500 (mean, 1 tok)
2026-04-30 14:46:31,774 mme_vla_suite.pseudo_labeling.topreward_qwen_scorer INFO: Prefix 4/8 (end=59, n_frames=12/60): reward=-19.8750 (mean, 1 tok)
2026-04-30 14:46:38,320 mme_vla_suite.pseudo_labeling.topreward_qwen_scorer INFO: Prefix 5/8 (end=75, n_frames=15/76): reward=-20.0000 (mean, 1 tok)
2026-04-30 14:46:44,864 mme_vla_suite.pseudo_labeling.topreward_qwen_scorer INFO: Prefix 6/8 (end=91, n_frames=18/92): reward=-19.5000 (mean, 1 tok)
2026-04-30 14:46:51,495 mme_vla_suite.pseudo_labeling.topreward_qwen_scorer INFO: Prefix 7/8 (end=107, n_frames=22/108): reward=-18.8750 (mean, 1 tok)
2026-04-30 14:46:58,172 mme_vla_suite.pseudo_labeling.topreward_qwen_scorer INFO: Prefix 8/8 (end=123, n_frames=25/124): reward=-18.1250 (mean, 1 tok)
2026-04-30 14:47:05,883 mme_vla_suite.pseudo_labeling.topreward_qwen_scorer INFO: Prefix 1/8 (end=12, n_frames=4/13): reward=-18.7500 (mean, 1 tok)
2026-04-30 14:47:12,399 mme_vla_suite.pseudo_labeling.topreward_qwen_scorer INFO: Prefix 2/8 (end=27, n_frames=6/28): reward=-18.5000 (mean, 1 tok)
2026-04-30 14:47:18,928 mme_vla_suite.pseudo_labeling.topreward_qwen_scorer INFO: Prefix 3/8 (end=42, n_frames=9/43): reward=-15.6250 (mean, 1 tok)
2026-04-30 14:47:25,437 mme_vla_suite.pseudo_labeling.topreward_qwen_scorer INFO: Prefix 4/8 (end=58, n_frames=12/59): reward=-13.7500 (mean, 1 tok)
2026-04-30 14:47:31,996 mme_vla_suite.pseudo_labeling.topreward_qwen_scorer INFO: Prefix 5/8 (end=73, n_frames=15/74): reward=-14.8750 (mean, 1 tok)
2026-04-30 14:47:38,548 mme_vla_suite.pseudo_labeling.topreward_qwen_scorer INFO: Prefix 6/8 (end=89, n_frames=18/90): reward=-14.5000 (mean, 1 tok)
2026-04-30 14:47:45,130 mme_vla_suite.pseudo_labeling.topreward_qwen_scorer INFO: Prefix 7/8 (end=104, n_frames=21/105): reward=-14.8750 (mean, 1 tok)
2026-04-30 14:47:51,744 mme_vla_suite.pseudo_labeling.topreward_qwen_scorer INFO: Prefix 8/8 (end=120, n_frames=24/121): reward=-14.0000 (mean, 1 tok)
2026-04-30 14:47:59,477 mme_vla_suite.pseudo_labeling.topreward_qwen_scorer INFO: Prefix 1/8 (end=8, n_frames=4/9): reward=-24.0000 (mean, 1 tok)
2026-04-30 14:48:05,976 mme_vla_suite.pseudo_labeling.topreward_qwen_scorer INFO: Prefix 2/8 (end=18, n_frames=4/19): reward=-22.0000 (mean, 1 tok)
2026-04-30 14:48:12,465 mme_vla_suite.pseudo_labeling.topreward_qwen_scorer INFO: Prefix 3/8 (end=28, n_frames=6/29): reward=-20.3750 (mean, 1 tok)
2026-04-30 14:48:18,967 mme_vla_suite.pseudo_labeling.topreward_qwen_scorer INFO: Prefix 4/8 (end=38, n_frames=8/39): reward=-20.2500 (mean, 1 tok)
2026-04-30 14:48:25,462 mme_vla_suite.pseudo_labeling.topreward_qwen_scorer INFO: Prefix 5/8 (end=49, n_frames=10/50): reward=-21.2500 (mean, 1 tok)
2026-04-30 14:48:31,982 mme_vla_suite.pseudo_labeling.topreward_qwen_scorer INFO: Prefix 6/8 (end=59, n_frames=12/60): reward=-21.5000 (mean, 1 tok)
2026-04-30 14:48:38,518 mme_vla_suite.pseudo_labeling.topreward_qwen_scorer INFO: Prefix 7/8 (end=69, n_frames=14/70): reward=-20.8750 (mean, 1 tok)
2026-04-30 14:48:45,088 mme_vla_suite.pseudo_labeling.topreward_qwen_scorer INFO: Prefix 8/8 (end=80, n_frames=16/81): reward=-20.8750 (mean, 1 tok)
2026-04-30 14:48:52,543 mme_vla_suite.pseudo_labeling.topreward_qwen_scorer INFO: Prefix 1/8 (end=8, n_frames=4/9): reward=-24.0000 (mean, 1 tok)
2026-04-30 14:48:59,018 mme_vla_suite.pseudo_labeling.topreward_qwen_scorer INFO: Prefix 2/8 (end=19, n_frames=4/20): reward=-20.2500 (mean, 1 tok)
2026-04-30 14:49:05,520 mme_vla_suite.pseudo_labeling.topreward_qwen_scorer INFO: Prefix 3/8 (end=30, n_frames=6/31): reward=-20.6250 (mean, 1 tok)
2026-04-30 14:49:12,042 mme_vla_suite.pseudo_labeling.topreward_qwen_scorer INFO: Prefix 4/8 (end=41, n_frames=8/42): reward=-20.3750 (mean, 1 tok)
2026-04-30 14:49:18,596 mme_vla_suite.pseudo_labeling.topreward_qwen_scorer INFO: Prefix 5/8 (end=52, n_frames=11/53): reward=-20.8750 (mean, 1 tok)
2026-04-30 14:49:25,114 mme_vla_suite.pseudo_labeling.topreward_qwen_scorer INFO: Prefix 6/8 (end=63, n_frames=13/64): reward=-20.6250 (mean, 1 tok)
2026-04-30 14:49:31,662 mme_vla_suite.pseudo_labeling.topreward_qwen_scorer INFO: Prefix 7/8 (end=74, n_frames=15/75): reward=-20.7500 (mean, 1 tok)
2026-04-30 14:49:38,267 mme_vla_suite.pseudo_labeling.topreward_qwen_scorer INFO: Prefix 8/8 (end=86, n_frames=17/87): reward=-20.5000 (mean, 1 tok)
2026-04-30 14:49:45,943 mme_vla_suite.pseudo_labeling.topreward_qwen_scorer INFO: Prefix 1/8 (end=9, n_frames=4/10): reward=-21.3750 (mean, 1 tok)
2026-04-30 14:49:52,442 mme_vla_suite.pseudo_labeling.topreward_qwen_scorer INFO: Prefix 2/8 (end=21, n_frames=4/22): reward=-21.3750 (mean, 1 tok)
2026-04-30 14:49:58,963 mme_vla_suite.pseudo_labeling.topreward_qwen_scorer INFO: Prefix 3/8 (end=33, n_frames=7/34): reward=-19.7500 (mean, 1 tok)
2026-04-30 14:50:05,495 mme_vla_suite.pseudo_labeling.topreward_qwen_scorer INFO: Prefix 4/8 (end=45, n_frames=9/46): reward=-17.1250 (mean, 1 tok)
2026-04-30 14:50:12,037 mme_vla_suite.pseudo_labeling.topreward_qwen_scorer INFO: Prefix 5/8 (end=58, n_frames=12/59): reward=-16.8750 (mean, 1 tok)
2026-04-30 14:50:18,588 mme_vla_suite.pseudo_labeling.topreward_qwen_scorer INFO: Prefix 6/8 (end=70, n_frames=14/71): reward=-17.8750 (mean, 1 tok)
2026-04-30 14:50:25,144 mme_vla_suite.pseudo_labeling.topreward_qwen_scorer INFO: Prefix 7/8 (end=82, n_frames=17/83): reward=-17.8750 (mean, 1 tok)
2026-04-30 14:50:31,747 mme_vla_suite.pseudo_labeling.topreward_qwen_scorer INFO: Prefix 8/8 (end=95, n_frames=19/96): reward=-17.7500 (mean, 1 tok)
2026-04-30 14:50:39,326 mme_vla_suite.pseudo_labeling.topreward_qwen_scorer INFO: Prefix 1/8 (end=10, n_frames=4/11): reward=-21.3750 (mean, 1 tok)
2026-04-30 14:50:45,800 mme_vla_suite.pseudo_labeling.topreward_qwen_scorer INFO: Prefix 2/8 (end=22, n_frames=5/23): reward=-21.7500 (mean, 1 tok)
2026-04-30 14:50:52,290 mme_vla_suite.pseudo_labeling.topreward_qwen_scorer INFO: Prefix 3/8 (end=35, n_frames=7/36): reward=-18.0000 (mean, 1 tok)
2026-04-30 14:50:58,799 mme_vla_suite.pseudo_labeling.topreward_qwen_scorer INFO: Prefix 4/8 (end=48, n_frames=10/49): reward=-16.8750 (mean, 1 tok)
2026-04-30 14:51:05,318 mme_vla_suite.pseudo_labeling.topreward_qwen_scorer INFO: Prefix 5/8 (end=61, n_frames=12/62): reward=-16.8750 (mean, 1 tok)
2026-04-30 14:51:11,847 mme_vla_suite.pseudo_labeling.topreward_qwen_scorer INFO: Prefix 6/8 (end=74, n_frames=15/75): reward=-18.6250 (mean, 1 tok)
2026-04-30 14:51:18,370 mme_vla_suite.pseudo_labeling.topreward_qwen_scorer INFO: Prefix 7/8 (end=87, n_frames=18/88): reward=-18.3750 (mean, 1 tok)
2026-04-30 14:51:24,924 mme_vla_suite.pseudo_labeling.topreward_qwen_scorer INFO: Prefix 8/8 (end=100, n_frames=20/101): reward=-18.6250 (mean, 1 tok)
2026-04-30 14:51:32,600 mme_vla_suite.pseudo_labeling.topreward_qwen_scorer INFO: Prefix 1/8 (end=9, n_frames=4/10): reward=-21.7500 (mean, 1 tok)
2026-04-30 14:51:39,094 mme_vla_suite.pseudo_labeling.topreward_qwen_scorer INFO: Prefix 2/8 (end=20, n_frames=4/21): reward=-21.7500 (mean, 1 tok)
2026-04-30 14:51:45,608 mme_vla_suite.pseudo_labeling.topreward_qwen_scorer INFO: Prefix 3/8 (end=32, n_frames=7/33): reward=-21.8750 (mean, 1 tok)
2026-04-30 14:51:52,105 mme_vla_suite.pseudo_labeling.topreward_qwen_scorer INFO: Prefix 4/8 (end=44, n_frames=9/45): reward=-19.5000 (mean, 1 tok)
2026-04-30 14:51:58,606 mme_vla_suite.pseudo_labeling.topreward_qwen_scorer INFO: Prefix 5/8 (end=55, n_frames=11/56): reward=-18.7500 (mean, 1 tok)
2026-04-30 14:52:05,135 mme_vla_suite.pseudo_labeling.topreward_qwen_scorer INFO: Prefix 6/8 (end=67, n_frames=14/68): reward=-19.0000 (mean, 1 tok)
2026-04-30 14:52:11,696 mme_vla_suite.pseudo_labeling.topreward_qwen_scorer INFO: Prefix 7/8 (end=79, n_frames=16/80): reward=-18.6250 (mean, 1 tok)
2026-04-30 14:52:18,276 mme_vla_suite.pseudo_labeling.topreward_qwen_scorer INFO: Prefix 8/8 (end=91, n_frames=18/92): reward=-18.0000 (mean, 1 tok)
2026-04-30 14:52:25,618 mme_vla_suite.pseudo_labeling.topreward_qwen_scorer INFO: Prefix 1/8 (end=9, n_frames=4/10): reward=-21.7500 (mean, 1 tok)
2026-04-30 14:52:32,103 mme_vla_suite.pseudo_labeling.topreward_qwen_scorer INFO: Prefix 2/8 (end=21, n_frames=4/22): reward=-21.7500 (mean, 1 tok)
2026-04-30 14:52:38,590 mme_vla_suite.pseudo_labeling.topreward_qwen_scorer INFO: Prefix 3/8 (end=33, n_frames=7/34): reward=-21.8750 (mean, 1 tok)
2026-04-30 14:52:45,100 mme_vla_suite.pseudo_labeling.topreward_qwen_scorer INFO: Prefix 4/8 (end=46, n_frames=9/47): reward=-19.2500 (mean, 1 tok)
2026-04-30 14:52:51,643 mme_vla_suite.pseudo_labeling.topreward_qwen_scorer INFO: Prefix 5/8 (end=58, n_frames=12/59): reward=-19.5000 (mean, 1 tok)
2026-04-30 14:52:58,163 mme_vla_suite.pseudo_labeling.topreward_qwen_scorer INFO: Prefix 6/8 (end=71, n_frames=14/72): reward=-18.7500 (mean, 1 tok)
2026-04-30 14:53:04,673 mme_vla_suite.pseudo_labeling.topreward_qwen_scorer INFO: Prefix 7/8 (end=83, n_frames=17/84): reward=-18.3750 (mean, 1 tok)
2026-04-30 14:53:11,236 mme_vla_suite.pseudo_labeling.topreward_qwen_scorer INFO: Prefix 8/8 (end=96, n_frames=19/97): reward=-18.3750 (mean, 1 tok)
2026-04-30 14:53:18,849 mme_vla_suite.pseudo_labeling.topreward_qwen_scorer INFO: Prefix 1/8 (end=10, n_frames=4/11): reward=-22.2500 (mean, 1 tok)
2026-04-30 14:53:25,338 mme_vla_suite.pseudo_labeling.topreward_qwen_scorer INFO: Prefix 2/8 (end=23, n_frames=5/24): reward=-22.3750 (mean, 1 tok)
2026-04-30 14:53:31,832 mme_vla_suite.pseudo_labeling.topreward_qwen_scorer INFO: Prefix 3/8 (end=37, n_frames=8/38): reward=-20.8750 (mean, 1 tok)
2026-04-30 14:53:38,360 mme_vla_suite.pseudo_labeling.topreward_qwen_scorer INFO: Prefix 4/8 (end=51, n_frames=10/52): reward=-19.0000 (mean, 1 tok)
2026-04-30 14:53:44,881 mme_vla_suite.pseudo_labeling.topreward_qwen_scorer INFO: Prefix 5/8 (end=65, n_frames=13/66): reward=-18.5000 (mean, 1 tok)
2026-04-30 14:53:51,432 mme_vla_suite.pseudo_labeling.topreward_qwen_scorer INFO: Prefix 6/8 (end=79, n_frames=16/80): reward=-19.7500 (mean, 1 tok)
2026-04-30 14:53:57,977 mme_vla_suite.pseudo_labeling.topreward_qwen_scorer INFO: Prefix 7/8 (end=93, n_frames=19/94): reward=-19.2500 (mean, 1 tok)
2026-04-30 14:54:04,584 mme_vla_suite.pseudo_labeling.topreward_qwen_scorer INFO: Prefix 8/8 (end=107, n_frames=22/108): reward=-18.0000 (mean, 1 tok)
2026-04-30 14:54:12,142 mme_vla_suite.pseudo_labeling.topreward_qwen_scorer INFO: Prefix 1/8 (end=11, n_frames=4/12): reward=-22.2500 (mean, 1 tok)
2026-04-30 14:54:18,648 mme_vla_suite.pseudo_labeling.topreward_qwen_scorer INFO: Prefix 2/8 (end=25, n_frames=5/26): reward=-22.3750 (mean, 1 tok)
2026-04-30 14:54:25,165 mme_vla_suite.pseudo_labeling.topreward_qwen_scorer INFO: Prefix 3/8 (end=39, n_frames=8/40): reward=-20.2500 (mean, 1 tok)
2026-04-30 14:54:31,685 mme_vla_suite.pseudo_labeling.topreward_qwen_scorer INFO: Prefix 4/8 (end=54, n_frames=11/55): reward=-19.3750 (mean, 1 tok)
2026-04-30 14:54:38,226 mme_vla_suite.pseudo_labeling.topreward_qwen_scorer INFO: Prefix 5/8 (end=68, n_frames=14/69): reward=-19.1250 (mean, 1 tok)
2026-04-30 14:54:44,771 mme_vla_suite.pseudo_labeling.topreward_qwen_scorer INFO: Prefix 6/8 (end=83, n_frames=17/84): reward=-19.3750 (mean, 1 tok)
2026-04-30 14:54:51,336 mme_vla_suite.pseudo_labeling.topreward_qwen_scorer INFO: Prefix 7/8 (end=97, n_frames=20/98): reward=-18.0000 (mean, 1 tok)
2026-04-30 14:54:57,980 mme_vla_suite.pseudo_labeling.topreward_qwen_scorer INFO: Prefix 8/8 (end=112, n_frames=23/113): reward=-18.6250 (mean, 1 tok)
2026-04-30 14:55:05,883 mme_vla_suite.pseudo_labeling.topreward_qwen_scorer INFO: Prefix 1/8 (end=10, n_frames=4/11): reward=-20.2500 (mean, 1 tok)
2026-04-30 14:55:12,388 mme_vla_suite.pseudo_labeling.topreward_qwen_scorer INFO: Prefix 2/8 (end=24, n_frames=5/25): reward=-20.6250 (mean, 1 tok)
2026-04-30 14:55:18,919 mme_vla_suite.pseudo_labeling.topreward_qwen_scorer INFO: Prefix 3/8 (end=38, n_frames=8/39): reward=-16.8750 (mean, 1 tok)
2026-04-30 14:55:25,443 mme_vla_suite.pseudo_labeling.topreward_qwen_scorer INFO: Prefix 4/8 (end=52, n_frames=11/53): reward=-16.5000 (mean, 1 tok)
2026-04-30 14:55:31,975 mme_vla_suite.pseudo_labeling.topreward_qwen_scorer INFO: Prefix 5/8 (end=66, n_frames=13/67): reward=-16.8750 (mean, 1 tok)
2026-04-30 14:55:38,549 mme_vla_suite.pseudo_labeling.topreward_qwen_scorer INFO: Prefix 6/8 (end=80, n_frames=16/81): reward=-16.6250 (mean, 1 tok)
2026-04-30 14:55:45,157 mme_vla_suite.pseudo_labeling.topreward_qwen_scorer INFO: Prefix 7/8 (end=94, n_frames=19/95): reward=-16.7500 (mean, 1 tok)
2026-04-30 14:55:51,784 mme_vla_suite.pseudo_labeling.topreward_qwen_scorer INFO: Prefix 8/8 (end=108, n_frames=22/109): reward=-16.1250 (mean, 1 tok)
2026-04-30 14:55:59,351 mme_vla_suite.pseudo_labeling.topreward_qwen_scorer INFO: Prefix 1/8 (end=7, n_frames=4/8): reward=-23.8750 (mean, 1 tok)
2026-04-30 14:56:05,995 mme_vla_suite.pseudo_labeling.topreward_qwen_scorer INFO: Prefix 2/8 (end=16, n_frames=4/17): reward=-22.6250 (mean, 1 tok)
2026-04-30 14:56:12,651 mme_vla_suite.pseudo_labeling.topreward_qwen_scorer INFO: Prefix 3/8 (end=26, n_frames=5/27): reward=-16.8750 (mean, 1 tok)
2026-04-30 14:56:19,285 mme_vla_suite.pseudo_labeling.topreward_qwen_scorer INFO: Prefix 4/8 (end=36, n_frames=7/37): reward=-17.0000 (mean, 1 tok)
2026-04-30 14:56:25,943 mme_vla_suite.pseudo_labeling.topreward_qwen_scorer INFO: Prefix 5/8 (end=46, n_frames=9/47): reward=-17.1250 (mean, 1 tok)
2026-04-30 14:56:32,613 mme_vla_suite.pseudo_labeling.topreward_qwen_scorer INFO: Prefix 6/8 (end=56, n_frames=11/57): reward=-18.6250 (mean, 1 tok)
2026-04-30 14:56:39,316 mme_vla_suite.pseudo_labeling.topreward_qwen_scorer INFO: Prefix 7/8 (end=66, n_frames=13/67): reward=-18.3750 (mean, 1 tok)
2026-04-30 14:56:45,986 mme_vla_suite.pseudo_labeling.topreward_qwen_scorer INFO: Prefix 8/8 (end=76, n_frames=15/77): reward=-16.7500 (mean, 1 tok)
2026-04-30 14:56:53,468 mme_vla_suite.pseudo_labeling.topreward_qwen_scorer INFO: Prefix 1/8 (end=9, n_frames=4/10): reward=-23.8750 (mean, 1 tok)
2026-04-30 14:56:59,931 mme_vla_suite.pseudo_labeling.topreward_qwen_scorer INFO: Prefix 2/8 (end=20, n_frames=4/21): reward=-19.1250 (mean, 1 tok)
2026-04-30 14:57:06,428 mme_vla_suite.pseudo_labeling.topreward_qwen_scorer INFO: Prefix 3/8 (end=32, n_frames=7/33): reward=-17.1250 (mean, 1 tok)
2026-04-30 14:57:12,931 mme_vla_suite.pseudo_labeling.topreward_qwen_scorer INFO: Prefix 4/8 (end=44, n_frames=9/45): reward=-16.1250 (mean, 1 tok)
2026-04-30 14:57:19,472 mme_vla_suite.pseudo_labeling.topreward_qwen_scorer INFO: Prefix 5/8 (end=55, n_frames=11/56): reward=-18.2500 (mean, 1 tok)
2026-04-30 14:57:26,001 mme_vla_suite.pseudo_labeling.topreward_qwen_scorer INFO: Prefix 6/8 (end=67, n_frames=14/68): reward=-19.1250 (mean, 1 tok)
2026-04-30 14:57:32,583 mme_vla_suite.pseudo_labeling.topreward_qwen_scorer INFO: Prefix 7/8 (end=79, n_frames=16/80): reward=-17.0000 (mean, 1 tok)
2026-04-30 14:57:39,185 mme_vla_suite.pseudo_labeling.topreward_qwen_scorer INFO: Prefix 8/8 (end=91, n_frames=18/92): reward=-19.2500 (mean, 1 tok)
2026-04-30 14:57:46,792 mme_vla_suite.pseudo_labeling.topreward_qwen_scorer INFO: Prefix 1/8 (end=11, n_frames=4/12): reward=-18.5000 (mean, 1 tok)
2026-04-30 14:57:53,287 mme_vla_suite.pseudo_labeling.topreward_qwen_scorer INFO: Prefix 2/8 (end=26, n_frames=5/27): reward=-18.6250 (mean, 1 tok)
2026-04-30 14:57:59,791 mme_vla_suite.pseudo_labeling.topreward_qwen_scorer INFO: Prefix 3/8 (end=41, n_frames=8/42): reward=-16.6250 (mean, 1 tok)
2026-04-30 14:58:06,328 mme_vla_suite.pseudo_labeling.topreward_qwen_scorer INFO: Prefix 4/8 (end=56, n_frames=11/57): reward=-15.0000 (mean, 1 tok)
2026-04-30 14:58:12,855 mme_vla_suite.pseudo_labeling.topreward_qwen_scorer INFO: Prefix 5/8 (end=71, n_frames=14/72): reward=-15.0000 (mean, 1 tok)
2026-04-30 14:58:19,406 mme_vla_suite.pseudo_labeling.topreward_qwen_scorer INFO: Prefix 6/8 (end=86, n_frames=17/87): reward=-15.1250 (mean, 1 tok)
2026-04-30 14:58:25,976 mme_vla_suite.pseudo_labeling.topreward_qwen_scorer INFO: Prefix 7/8 (end=101, n_frames=20/102): reward=-13.8750 (mean, 1 tok)
2026-04-30 14:58:32,569 mme_vla_suite.pseudo_labeling.topreward_qwen_scorer INFO: Prefix 8/8 (end=116, n_frames=23/117): reward=-14.3750 (mean, 1 tok)
2026-04-30 14:58:40,143 mme_vla_suite.pseudo_labeling.topreward_qwen_scorer INFO: Prefix 1/8 (end=9, n_frames=4/10): reward=-24.0000 (mean, 1 tok)
2026-04-30 14:58:46,606 mme_vla_suite.pseudo_labeling.topreward_qwen_scorer INFO: Prefix 2/8 (end=21, n_frames=4/22): reward=-23.0000 (mean, 1 tok)
2026-04-30 14:58:53,080 mme_vla_suite.pseudo_labeling.topreward_qwen_scorer INFO: Prefix 3/8 (end=34, n_frames=7/35): reward=-21.6250 (mean, 1 tok)
2026-04-30 14:58:59,586 mme_vla_suite.pseudo_labeling.topreward_qwen_scorer INFO: Prefix 4/8 (end=47, n_frames=10/48): reward=-21.0000 (mean, 1 tok)
2026-04-30 14:59:06,102 mme_vla_suite.pseudo_labeling.topreward_qwen_scorer INFO: Prefix 5/8 (end=59, n_frames=12/60): reward=-20.1250 (mean, 1 tok)
2026-04-30 14:59:12,636 mme_vla_suite.pseudo_labeling.topreward_qwen_scorer INFO: Prefix 6/8 (end=72, n_frames=15/73): reward=-21.0000 (mean, 1 tok)
2026-04-30 14:59:19,148 mme_vla_suite.pseudo_labeling.topreward_qwen_scorer INFO: Prefix 7/8 (end=85, n_frames=17/86): reward=-20.6250 (mean, 1 tok)
2026-04-30 14:59:25,709 mme_vla_suite.pseudo_labeling.topreward_qwen_scorer INFO: Prefix 8/8 (end=98, n_frames=20/99): reward=-20.0000 (mean, 1 tok)
2026-04-30 14:59:33,187 mme_vla_suite.pseudo_labeling.topreward_qwen_scorer INFO: Prefix 1/8 (end=10, n_frames=4/11): reward=-23.6250 (mean, 1 tok)
2026-04-30 14:59:39,690 mme_vla_suite.pseudo_labeling.topreward_qwen_scorer INFO: Prefix 2/8 (end=23, n_frames=5/24): reward=-22.3750 (mean, 1 tok)
2026-04-30 14:59:46,187 mme_vla_suite.pseudo_labeling.topreward_qwen_scorer INFO: Prefix 3/8 (end=36, n_frames=7/37): reward=-21.8750 (mean, 1 tok)
2026-04-30 14:59:52,691 mme_vla_suite.pseudo_labeling.topreward_qwen_scorer INFO: Prefix 4/8 (end=50, n_frames=10/51): reward=-20.7500 (mean, 1 tok)
2026-04-30 14:59:59,221 mme_vla_suite.pseudo_labeling.topreward_qwen_scorer INFO: Prefix 5/8 (end=63, n_frames=13/64): reward=-21.6250 (mean, 1 tok)
2026-04-30 15:00:05,876 mme_vla_suite.pseudo_labeling.topreward_qwen_scorer INFO: Prefix 6/8 (end=77, n_frames=16/78): reward=-20.8750 (mean, 1 tok)
2026-04-30 15:00:12,496 mme_vla_suite.pseudo_labeling.topreward_qwen_scorer INFO: Prefix 7/8 (end=90, n_frames=18/91): reward=-20.7500 (mean, 1 tok)
2026-04-30 15:00:19,059 mme_vla_suite.pseudo_labeling.topreward_qwen_scorer INFO: Prefix 8/8 (end=104, n_frames=21/105): reward=-19.8750 (mean, 1 tok)
2026-04-30 15:00:26,574 mme_vla_suite.pseudo_labeling.topreward_qwen_scorer INFO: Prefix 1/8 (end=10, n_frames=4/11): reward=-19.3750 (mean, 1 tok)
2026-04-30 15:00:33,073 mme_vla_suite.pseudo_labeling.topreward_qwen_scorer INFO: Prefix 2/8 (end=23, n_frames=5/24): reward=-19.8750 (mean, 1 tok)
2026-04-30 15:00:39,572 mme_vla_suite.pseudo_labeling.topreward_qwen_scorer INFO: Prefix 3/8 (end=36, n_frames=7/37): reward=-16.8750 (mean, 1 tok)
2026-04-30 15:00:46,076 mme_vla_suite.pseudo_labeling.topreward_qwen_scorer INFO: Prefix 4/8 (end=49, n_frames=10/50): reward=-16.1250 (mean, 1 tok)
2026-04-30 15:00:52,632 mme_vla_suite.pseudo_labeling.topreward_qwen_scorer INFO: Prefix 5/8 (end=62, n_frames=13/63): reward=-17.1250 (mean, 1 tok)
2026-04-30 15:00:59,184 mme_vla_suite.pseudo_labeling.topreward_qwen_scorer INFO: Prefix 6/8 (end=75, n_frames=15/76): reward=-16.0000 (mean, 1 tok)
2026-04-30 15:01:05,767 mme_vla_suite.pseudo_labeling.topreward_qwen_scorer INFO: Prefix 7/8 (end=88, n_frames=18/89): reward=-16.0000 (mean, 1 tok)
2026-04-30 15:01:12,325 mme_vla_suite.pseudo_labeling.topreward_qwen_scorer INFO: Prefix 8/8 (end=101, n_frames=20/102): reward=-15.0000 (mean, 1 tok)
2026-04-30 15:01:19,721 mme_vla_suite.pseudo_labeling.topreward_qwen_scorer INFO: Prefix 1/8 (end=6, n_frames=4/7): reward=-24.3750 (mean, 1 tok)
2026-04-30 15:01:26,216 mme_vla_suite.pseudo_labeling.topreward_qwen_scorer INFO: Prefix 2/8 (end=13, n_frames=4/14): reward=-24.8750 (mean, 1 tok)
2026-04-30 15:01:32,698 mme_vla_suite.pseudo_labeling.topreward_qwen_scorer INFO: Prefix 3/8 (end=21, n_frames=4/22): reward=-18.3750 (mean, 1 tok)
2026-04-30 15:01:39,208 mme_vla_suite.pseudo_labeling.topreward_qwen_scorer INFO: Prefix 4/8 (end=29, n_frames=6/30): reward=-20.1250 (mean, 1 tok)
2026-04-30 15:01:45,726 mme_vla_suite.pseudo_labeling.topreward_qwen_scorer INFO: Prefix 5/8 (end=37, n_frames=8/38): reward=-21.7500 (mean, 1 tok)
2026-04-30 15:01:52,235 mme_vla_suite.pseudo_labeling.topreward_qwen_scorer INFO: Prefix 6/8 (end=45, n_frames=9/46): reward=-22.7500 (mean, 1 tok)
2026-04-30 15:01:58,757 mme_vla_suite.pseudo_labeling.topreward_qwen_scorer INFO: Prefix 7/8 (end=53, n_frames=11/54): reward=-23.8750 (mean, 1 tok)
2026-04-30 15:02:05,314 mme_vla_suite.pseudo_labeling.topreward_qwen_scorer INFO: Prefix 8/8 (end=61, n_frames=12/62): reward=-23.1250 (mean, 1 tok)
2026-04-30 15:02:12,839 mme_vla_suite.pseudo_labeling.topreward_qwen_scorer INFO: Prefix 1/8 (end=7, n_frames=4/8): reward=-25.0000 (mean, 1 tok)
2026-04-30 15:02:19,478 mme_vla_suite.pseudo_labeling.topreward_qwen_scorer INFO: Prefix 2/8 (end=16, n_frames=4/17): reward=-20.1250 (mean, 1 tok)
2026-04-30 15:02:25,967 mme_vla_suite.pseudo_labeling.topreward_qwen_scorer INFO: Prefix 3/8 (end=26, n_frames=5/27): reward=-18.6250 (mean, 1 tok)
2026-04-30 15:02:32,566 mme_vla_suite.pseudo_labeling.topreward_qwen_scorer INFO: Prefix 4/8 (end=35, n_frames=7/36): reward=-23.5000 (mean, 1 tok)
2026-04-30 15:02:39,232 mme_vla_suite.pseudo_labeling.topreward_qwen_scorer INFO: Prefix 5/8 (end=45, n_frames=9/46): reward=-22.7500 (mean, 1 tok)
2026-04-30 15:02:45,843 mme_vla_suite.pseudo_labeling.topreward_qwen_scorer INFO: Prefix 6/8 (end=54, n_frames=11/55): reward=-23.8750 (mean, 1 tok)
2026-04-30 15:02:52,447 mme_vla_suite.pseudo_labeling.topreward_qwen_scorer INFO: Prefix 7/8 (end=64, n_frames=13/65): reward=-17.3750 (mean, 1 tok)
2026-04-30 15:02:59,070 mme_vla_suite.pseudo_labeling.topreward_qwen_scorer INFO: Prefix 8/8 (end=74, n_frames=15/75): reward=-17.0000 (mean, 1 tok)
2026-04-30 15:03:06,919 mme_vla_suite.pseudo_labeling.topreward_qwen_scorer INFO: Prefix 1/8 (end=11, n_frames=4/12): reward=-19.3750 (mean, 1 tok)
2026-04-30 15:03:13,412 mme_vla_suite.pseudo_labeling.topreward_qwen_scorer INFO: Prefix 2/8 (end=25, n_frames=5/26): reward=-20.1250 (mean, 1 tok)
2026-04-30 15:03:19,943 mme_vla_suite.pseudo_labeling.topreward_qwen_scorer INFO: Prefix 3/8 (end=40, n_frames=8/41): reward=-17.6250 (mean, 1 tok)
2026-04-30 15:03:26,488 mme_vla_suite.pseudo_labeling.topreward_qwen_scorer INFO: Prefix 4/8 (end=54, n_frames=11/55): reward=-16.2500 (mean, 1 tok)
2026-04-30 15:03:33,031 mme_vla_suite.pseudo_labeling.topreward_qwen_scorer INFO: Prefix 5/8 (end=69, n_frames=14/70): reward=-17.3750 (mean, 1 tok)
2026-04-30 15:03:39,613 mme_vla_suite.pseudo_labeling.topreward_qwen_scorer INFO: Prefix 6/8 (end=83, n_frames=17/84): reward=-16.5000 (mean, 1 tok)
2026-04-30 15:03:46,203 mme_vla_suite.pseudo_labeling.topreward_qwen_scorer INFO: Prefix 7/8 (end=98, n_frames=20/99): reward=-16.6250 (mean, 1 tok)
2026-04-30 15:03:52,828 mme_vla_suite.pseudo_labeling.topreward_qwen_scorer INFO: Prefix 8/8 (end=113, n_frames=23/114): reward=-16.2500 (mean, 1 tok)
2026-04-30 15:04:00,382 mme_vla_suite.pseudo_labeling.topreward_qwen_scorer INFO: Prefix 1/8 (end=6, n_frames=4/7): reward=-23.5000 (mean, 1 tok)
2026-04-30 15:04:06,883 mme_vla_suite.pseudo_labeling.topreward_qwen_scorer INFO: Prefix 2/8 (end=14, n_frames=4/15): reward=-22.7500 (mean, 1 tok)
2026-04-30 15:04:13,495 mme_vla_suite.pseudo_labeling.topreward_qwen_scorer INFO: Prefix 3/8 (end=23, n_frames=5/24): reward=-23.6250 (mean, 1 tok)
2026-04-30 15:04:20,146 mme_vla_suite.pseudo_labeling.topreward_qwen_scorer INFO: Prefix 4/8 (end=31, n_frames=6/32): reward=-19.8750 (mean, 1 tok)
2026-04-30 15:04:26,794 mme_vla_suite.pseudo_labeling.topreward_qwen_scorer INFO: Prefix 5/8 (end=40, n_frames=8/41): reward=-22.3750 (mean, 1 tok)
2026-04-30 15:04:33,471 mme_vla_suite.pseudo_labeling.topreward_qwen_scorer INFO: Prefix 6/8 (end=48, n_frames=10/49): reward=-19.8750 (mean, 1 tok)
2026-04-30 15:04:40,058 mme_vla_suite.pseudo_labeling.topreward_qwen_scorer INFO: Prefix 7/8 (end=57, n_frames=12/58): reward=-18.1250 (mean, 1 tok)
2026-04-30 15:04:46,660 mme_vla_suite.pseudo_labeling.topreward_qwen_scorer INFO: Prefix 8/8 (end=66, n_frames=13/67): reward=-18.3750 (mean, 1 tok)
2026-04-30 15:04:54,261 mme_vla_suite.pseudo_labeling.topreward_qwen_scorer INFO: Prefix 1/8 (end=7, n_frames=4/8): reward=-23.5000 (mean, 1 tok)
2026-04-30 15:05:00,785 mme_vla_suite.pseudo_labeling.topreward_qwen_scorer INFO: Prefix 2/8 (end=17, n_frames=4/18): reward=-22.1250 (mean, 1 tok)
2026-04-30 15:05:07,285 mme_vla_suite.pseudo_labeling.topreward_qwen_scorer INFO: Prefix 3/8 (end=27, n_frames=6/28): reward=-23.1250 (mean, 1 tok)
2026-04-30 15:05:13,796 mme_vla_suite.pseudo_labeling.topreward_qwen_scorer INFO: Prefix 4/8 (end=37, n_frames=8/38): reward=-21.7500 (mean, 1 tok)
2026-04-30 15:05:20,328 mme_vla_suite.pseudo_labeling.topreward_qwen_scorer INFO: Prefix 5/8 (end=47, n_frames=10/48): reward=-22.1250 (mean, 1 tok)
2026-04-30 15:05:26,861 mme_vla_suite.pseudo_labeling.topreward_qwen_scorer INFO: Prefix 6/8 (end=57, n_frames=12/58): reward=-18.1250 (mean, 1 tok)
2026-04-30 15:05:33,409 mme_vla_suite.pseudo_labeling.topreward_qwen_scorer INFO: Prefix 7/8 (end=67, n_frames=14/68): reward=-17.3750 (mean, 1 tok)
2026-04-30 15:05:39,977 mme_vla_suite.pseudo_labeling.topreward_qwen_scorer INFO: Prefix 8/8 (end=78, n_frames=16/79): reward=-16.8750 (mean, 1 tok)
2026-04-30 15:05:47,517 mme_vla_suite.pseudo_labeling.topreward_qwen_scorer INFO: Prefix 1/8 (end=10, n_frames=4/11): reward=-22.0000 (mean, 1 tok)
2026-04-30 15:05:54,192 mme_vla_suite.pseudo_labeling.topreward_qwen_scorer INFO: Prefix 2/8 (end=23, n_frames=5/24): reward=-22.1250 (mean, 1 tok)
2026-04-30 15:06:00,815 mme_vla_suite.pseudo_labeling.topreward_qwen_scorer INFO: Prefix 3/8 (end=36, n_frames=7/37): reward=-19.1250 (mean, 1 tok)
2026-04-30 15:06:07,447 mme_vla_suite.pseudo_labeling.topreward_qwen_scorer INFO: Prefix 4/8 (end=50, n_frames=10/51): reward=-18.6250 (mean, 1 tok)
2026-04-30 15:06:13,993 mme_vla_suite.pseudo_labeling.topreward_qwen_scorer INFO: Prefix 5/8 (end=63, n_frames=13/64): reward=-19.2500 (mean, 1 tok)
2026-04-30 15:06:20,543 mme_vla_suite.pseudo_labeling.topreward_qwen_scorer INFO: Prefix 6/8 (end=77, n_frames=16/78): reward=-19.0000 (mean, 1 tok)
2026-04-30 15:06:27,183 mme_vla_suite.pseudo_labeling.topreward_qwen_scorer INFO: Prefix 7/8 (end=90, n_frames=18/91): reward=-18.1250 (mean, 1 tok)
2026-04-30 15:06:33,931 mme_vla_suite.pseudo_labeling.topreward_qwen_scorer INFO: Prefix 8/8 (end=104, n_frames=21/105): reward=-17.7500 (mean, 1 tok)
2026-04-30 15:06:41,484 mme_vla_suite.pseudo_labeling.topreward_qwen_scorer INFO: Prefix 1/8 (end=11, n_frames=4/12): reward=-22.0000 (mean, 1 tok)
2026-04-30 15:06:47,991 mme_vla_suite.pseudo_labeling.topreward_qwen_scorer INFO: Prefix 2/8 (end=25, n_frames=5/26): reward=-22.1250 (mean, 1 tok)
2026-04-30 15:06:54,490 mme_vla_suite.pseudo_labeling.topreward_qwen_scorer INFO: Prefix 3/8 (end=39, n_frames=8/40): reward=-20.2500 (mean, 1 tok)
2026-04-30 15:07:01,022 mme_vla_suite.pseudo_labeling.topreward_qwen_scorer INFO: Prefix 4/8 (end=53, n_frames=11/54): reward=-18.3750 (mean, 1 tok)
2026-04-30 15:07:07,554 mme_vla_suite.pseudo_labeling.topreward_qwen_scorer INFO: Prefix 5/8 (end=67, n_frames=14/68): reward=-18.5000 (mean, 1 tok)
2026-04-30 15:07:14,114 mme_vla_suite.pseudo_labeling.topreward_qwen_scorer INFO: Prefix 6/8 (end=81, n_frames=16/82): reward=-18.8750 (mean, 1 tok)
2026-04-30 15:07:20,703 mme_vla_suite.pseudo_labeling.topreward_qwen_scorer INFO: Prefix 7/8 (end=95, n_frames=19/96): reward=-17.6250 (mean, 1 tok)
2026-04-30 15:07:27,321 mme_vla_suite.pseudo_labeling.topreward_qwen_scorer INFO: Prefix 8/8 (end=109, n_frames=22/110): reward=-17.8750 (mean, 1 tok)
2026-04-30 15:07:35,003 mme_vla_suite.pseudo_labeling.topreward_qwen_scorer INFO: Prefix 1/8 (end=10, n_frames=4/11): reward=-19.5000 (mean, 1 tok)
2026-04-30 15:07:41,480 mme_vla_suite.pseudo_labeling.topreward_qwen_scorer INFO: Prefix 2/8 (end=23, n_frames=5/24): reward=-20.0000 (mean, 1 tok)
2026-04-30 15:07:47,981 mme_vla_suite.pseudo_labeling.topreward_qwen_scorer INFO: Prefix 3/8 (end=36, n_frames=7/37): reward=-17.1250 (mean, 1 tok)
2026-04-30 15:07:54,482 mme_vla_suite.pseudo_labeling.topreward_qwen_scorer INFO: Prefix 4/8 (end=49, n_frames=10/50): reward=-16.0000 (mean, 1 tok)
2026-04-30 15:08:00,998 mme_vla_suite.pseudo_labeling.topreward_qwen_scorer INFO: Prefix 5/8 (end=63, n_frames=13/64): reward=-16.7500 (mean, 1 tok)
2026-04-30 15:08:07,505 mme_vla_suite.pseudo_labeling.topreward_qwen_scorer INFO: Prefix 6/8 (end=76, n_frames=15/77): reward=-16.3750 (mean, 1 tok)
2026-04-30 15:08:14,072 mme_vla_suite.pseudo_labeling.topreward_qwen_scorer INFO: Prefix 7/8 (end=89, n_frames=18/90): reward=-15.2500 (mean, 1 tok)
2026-04-30 15:08:20,622 mme_vla_suite.pseudo_labeling.topreward_qwen_scorer INFO: Prefix 8/8 (end=103, n_frames=21/104): reward=-15.6250 (mean, 1 tok)
2026-04-30 15:08:28,335 mme_vla_suite.pseudo_labeling.topreward_qwen_scorer INFO: Prefix 1/8 (end=6, n_frames=4/7): reward=-20.0000 (mean, 1 tok)
2026-04-30 15:08:34,807 mme_vla_suite.pseudo_labeling.topreward_qwen_scorer INFO: Prefix 2/8 (end=14, n_frames=4/15): reward=-18.7500 (mean, 1 tok)
2026-04-30 15:08:41,320 mme_vla_suite.pseudo_labeling.topreward_qwen_scorer INFO: Prefix 3/8 (end=22, n_frames=5/23): reward=-19.7500 (mean, 1 tok)
2026-04-30 15:08:47,881 mme_vla_suite.pseudo_labeling.topreward_qwen_scorer INFO: Prefix 4/8 (end=31, n_frames=6/32): reward=-16.6250 (mean, 1 tok)
2026-04-30 15:08:54,373 mme_vla_suite.pseudo_labeling.topreward_qwen_scorer INFO: Prefix 5/8 (end=39, n_frames=8/40): reward=-16.5000 (mean, 1 tok)
2026-04-30 15:09:00,899 mme_vla_suite.pseudo_labeling.topreward_qwen_scorer INFO: Prefix 6/8 (end=48, n_frames=10/49): reward=-17.7500 (mean, 1 tok)
2026-04-30 15:09:07,423 mme_vla_suite.pseudo_labeling.topreward_qwen_scorer INFO: Prefix 7/8 (end=56, n_frames=11/57): reward=-16.1250 (mean, 1 tok)
2026-04-30 15:09:13,959 mme_vla_suite.pseudo_labeling.topreward_qwen_scorer INFO: Prefix 8/8 (end=65, n_frames=13/66): reward=-16.3750 (mean, 1 tok)
2026-04-30 15:09:21,659 mme_vla_suite.pseudo_labeling.topreward_qwen_scorer INFO: Prefix 1/8 (end=8, n_frames=4/9): reward=-19.6250 (mean, 1 tok)
2026-04-30 15:09:28,221 mme_vla_suite.pseudo_labeling.topreward_qwen_scorer INFO: Prefix 2/8 (end=18, n_frames=4/19): reward=-18.1250 (mean, 1 tok)
2026-04-30 15:09:34,723 mme_vla_suite.pseudo_labeling.topreward_qwen_scorer INFO: Prefix 3/8 (end=28, n_frames=6/29): reward=-18.0000 (mean, 1 tok)
2026-04-30 15:09:41,222 mme_vla_suite.pseudo_labeling.topreward_qwen_scorer INFO: Prefix 4/8 (end=39, n_frames=8/40): reward=-16.5000 (mean, 1 tok)
2026-04-30 15:09:47,744 mme_vla_suite.pseudo_labeling.topreward_qwen_scorer INFO: Prefix 5/8 (end=49, n_frames=10/50): reward=-17.8750 (mean, 1 tok)
2026-04-30 15:09:54,248 mme_vla_suite.pseudo_labeling.topreward_qwen_scorer INFO: Prefix 6/8 (end=60, n_frames=12/61): reward=-16.6250 (mean, 1 tok)
2026-04-30 15:10:00,798 mme_vla_suite.pseudo_labeling.topreward_qwen_scorer INFO: Prefix 7/8 (end=70, n_frames=14/71): reward=-16.7500 (mean, 1 tok)
2026-04-30 15:10:07,346 mme_vla_suite.pseudo_labeling.topreward_qwen_scorer INFO: Prefix 8/8 (end=81, n_frames=16/82): reward=-16.5000 (mean, 1 tok)
2026-04-30 15:10:15,126 mme_vla_suite.pseudo_labeling.topreward_qwen_scorer INFO: Prefix 1/8 (end=11, n_frames=4/12): reward=-19.1250 (mean, 1 tok)
2026-04-30 15:10:21,629 mme_vla_suite.pseudo_labeling.topreward_qwen_scorer INFO: Prefix 2/8 (end=25, n_frames=5/26): reward=-18.8750 (mean, 1 tok)
2026-04-30 15:10:28,146 mme_vla_suite.pseudo_labeling.topreward_qwen_scorer INFO: Prefix 3/8 (end=40, n_frames=8/41): reward=-15.7500 (mean, 1 tok)
2026-04-30 15:10:34,655 mme_vla_suite.pseudo_labeling.topreward_qwen_scorer INFO: Prefix 4/8 (end=54, n_frames=11/55): reward=-15.8750 (mean, 1 tok)
2026-04-30 15:10:41,193 mme_vla_suite.pseudo_labeling.topreward_qwen_scorer INFO: Prefix 5/8 (end=69, n_frames=14/70): reward=-16.5000 (mean, 1 tok)
2026-04-30 15:10:47,800 mme_vla_suite.pseudo_labeling.topreward_qwen_scorer INFO: Prefix 6/8 (end=83, n_frames=17/84): reward=-16.2500 (mean, 1 tok)
2026-04-30 15:10:54,391 mme_vla_suite.pseudo_labeling.topreward_qwen_scorer INFO: Prefix 7/8 (end=98, n_frames=20/99): reward=-16.0000 (mean, 1 tok)
2026-04-30 15:11:00,996 mme_vla_suite.pseudo_labeling.topreward_qwen_scorer INFO: Prefix 8/8 (end=113, n_frames=23/114): reward=-15.6250 (mean, 1 tok)
2026-04-30 15:11:08,429 mme_vla_suite.pseudo_labeling.topreward_qwen_scorer INFO: Prefix 1/8 (end=7, n_frames=4/8): reward=-22.5000 (mean, 1 tok)
2026-04-30 15:11:14,941 mme_vla_suite.pseudo_labeling.topreward_qwen_scorer INFO: Prefix 2/8 (end=15, n_frames=4/16): reward=-21.7500 (mean, 1 tok)
2026-04-30 15:11:21,430 mme_vla_suite.pseudo_labeling.topreward_qwen_scorer INFO: Prefix 3/8 (end=24, n_frames=5/25): reward=-21.0000 (mean, 1 tok)
2026-04-30 15:11:27,910 mme_vla_suite.pseudo_labeling.topreward_qwen_scorer INFO: Prefix 4/8 (end=33, n_frames=7/34): reward=-22.2500 (mean, 1 tok)
2026-04-30 15:11:34,404 mme_vla_suite.pseudo_labeling.topreward_qwen_scorer INFO: Prefix 5/8 (end=42, n_frames=9/43): reward=-17.7500 (mean, 1 tok)
2026-04-30 15:11:40,915 mme_vla_suite.pseudo_labeling.topreward_qwen_scorer INFO: Prefix 6/8 (end=51, n_frames=10/52): reward=-20.2500 (mean, 1 tok)
2026-04-30 15:11:47,444 mme_vla_suite.pseudo_labeling.topreward_qwen_scorer INFO: Prefix 7/8 (end=60, n_frames=12/61): reward=-21.5000 (mean, 1 tok)
2026-04-30 15:11:53,991 mme_vla_suite.pseudo_labeling.topreward_qwen_scorer INFO: Prefix 8/8 (end=69, n_frames=14/70): reward=-18.8750 (mean, 1 tok)
2026-04-30 15:12:01,546 mme_vla_suite.pseudo_labeling.topreward_qwen_scorer INFO: Prefix 1/8 (end=8, n_frames=4/9): reward=-20.3750 (mean, 1 tok)
2026-04-30 15:12:08,039 mme_vla_suite.pseudo_labeling.topreward_qwen_scorer INFO: Prefix 2/8 (end=19, n_frames=4/20): reward=-19.2500 (mean, 1 tok)
2026-04-30 15:12:14,548 mme_vla_suite.pseudo_labeling.topreward_qwen_scorer INFO: Prefix 3/8 (end=30, n_frames=6/31): reward=-21.3750 (mean, 1 tok)
2026-04-30 15:12:21,060 mme_vla_suite.pseudo_labeling.topreward_qwen_scorer INFO: Prefix 4/8 (end=41, n_frames=8/42): reward=-19.8750 (mean, 1 tok)
2026-04-30 15:12:27,581 mme_vla_suite.pseudo_labeling.topreward_qwen_scorer INFO: Prefix 5/8 (end=53, n_frames=11/54): reward=-20.3750 (mean, 1 tok)
2026-04-30 15:12:34,100 mme_vla_suite.pseudo_labeling.topreward_qwen_scorer INFO: Prefix 6/8 (end=64, n_frames=13/65): reward=-22.5000 (mean, 1 tok)
2026-04-30 15:12:40,645 mme_vla_suite.pseudo_labeling.topreward_qwen_scorer INFO: Prefix 7/8 (end=75, n_frames=15/76): reward=-19.7500 (mean, 1 tok)
2026-04-30 15:12:47,238 mme_vla_suite.pseudo_labeling.topreward_qwen_scorer INFO: Prefix 8/8 (end=87, n_frames=18/88): reward=-20.2500 (mean, 1 tok)
2026-04-30 15:12:55,046 mme_vla_suite.pseudo_labeling.topreward_qwen_scorer INFO: Prefix 1/8 (end=9, n_frames=4/10): reward=-21.3750 (mean, 1 tok)
2026-04-30 15:13:01,551 mme_vla_suite.pseudo_labeling.topreward_qwen_scorer INFO: Prefix 2/8 (end=20, n_frames=4/21): reward=-21.3750 (mean, 1 tok)
2026-04-30 15:13:08,057 mme_vla_suite.pseudo_labeling.topreward_qwen_scorer INFO: Prefix 3/8 (end=32, n_frames=7/33): reward=-19.7500 (mean, 1 tok)
2026-04-30 15:13:14,564 mme_vla_suite.pseudo_labeling.topreward_qwen_scorer INFO: Prefix 4/8 (end=44, n_frames=9/45): reward=-17.7500 (mean, 1 tok)
2026-04-30 15:13:21,081 mme_vla_suite.pseudo_labeling.topreward_qwen_scorer INFO: Prefix 5/8 (end=56, n_frames=11/57): reward=-17.8750 (mean, 1 tok)
2026-04-30 15:13:27,591 mme_vla_suite.pseudo_labeling.topreward_qwen_scorer INFO: Prefix 6/8 (end=68, n_frames=14/69): reward=-18.1250 (mean, 1 tok)
2026-04-30 15:13:34,188 mme_vla_suite.pseudo_labeling.topreward_qwen_scorer INFO: Prefix 7/8 (end=80, n_frames=16/81): reward=-18.7500 (mean, 1 tok)
2026-04-30 15:13:40,775 mme_vla_suite.pseudo_labeling.topreward_qwen_scorer INFO: Prefix 8/8 (end=92, n_frames=19/93): reward=-18.5000 (mean, 1 tok)
2026-04-30 15:13:48,347 mme_vla_suite.pseudo_labeling.topreward_qwen_scorer INFO: Prefix 1/8 (end=9, n_frames=4/10): reward=-21.3750 (mean, 1 tok)
2026-04-30 15:13:54,866 mme_vla_suite.pseudo_labeling.topreward_qwen_scorer INFO: Prefix 2/8 (end=21, n_frames=4/22): reward=-21.3750 (mean, 1 tok)
2026-04-30 15:14:01,378 mme_vla_suite.pseudo_labeling.topreward_qwen_scorer INFO: Prefix 3/8 (end=34, n_frames=7/35): reward=-20.1250 (mean, 1 tok)
2026-04-30 15:14:07,884 mme_vla_suite.pseudo_labeling.topreward_qwen_scorer INFO: Prefix 4/8 (end=46, n_frames=9/47): reward=-16.5000 (mean, 1 tok)
2026-04-30 15:14:14,391 mme_vla_suite.pseudo_labeling.topreward_qwen_scorer INFO: Prefix 5/8 (end=59, n_frames=12/60): reward=-17.2500 (mean, 1 tok)
2026-04-30 15:14:20,944 mme_vla_suite.pseudo_labeling.topreward_qwen_scorer INFO: Prefix 6/8 (end=71, n_frames=14/72): reward=-18.6250 (mean, 1 tok)
2026-04-30 15:14:27,460 mme_vla_suite.pseudo_labeling.topreward_qwen_scorer INFO: Prefix 7/8 (end=84, n_frames=17/85): reward=-17.6250 (mean, 1 tok)
2026-04-30 15:14:34,051 mme_vla_suite.pseudo_labeling.topreward_qwen_scorer INFO: Prefix 8/8 (end=97, n_frames=20/98): reward=-18.2500 (mean, 1 tok)
2026-04-30 15:14:41,824 mme_vla_suite.pseudo_labeling.topreward_qwen_scorer INFO: Prefix 1/8 (end=11, n_frames=4/12): reward=-18.7500 (mean, 1 tok)
2026-04-30 15:14:48,354 mme_vla_suite.pseudo_labeling.topreward_qwen_scorer INFO: Prefix 2/8 (end=25, n_frames=5/26): reward=-18.8750 (mean, 1 tok)
2026-04-30 15:14:54,869 mme_vla_suite.pseudo_labeling.topreward_qwen_scorer INFO: Prefix 3/8 (end=39, n_frames=8/40): reward=-16.5000 (mean, 1 tok)
2026-04-30 15:15:01,398 mme_vla_suite.pseudo_labeling.topreward_qwen_scorer INFO: Prefix 4/8 (end=54, n_frames=11/55): reward=-16.0000 (mean, 1 tok)
2026-04-30 15:15:07,917 mme_vla_suite.pseudo_labeling.topreward_qwen_scorer INFO: Prefix 5/8 (end=68, n_frames=14/69): reward=-16.5000 (mean, 1 tok)
2026-04-30 15:15:14,448 mme_vla_suite.pseudo_labeling.topreward_qwen_scorer INFO: Prefix 6/8 (end=83, n_frames=17/84): reward=-15.8750 (mean, 1 tok)
2026-04-30 15:15:21,014 mme_vla_suite.pseudo_labeling.topreward_qwen_scorer INFO: Prefix 7/8 (end=97, n_frames=20/98): reward=-16.3750 (mean, 1 tok)
2026-04-30 15:15:27,637 mme_vla_suite.pseudo_labeling.topreward_qwen_scorer INFO: Prefix 8/8 (end=112, n_frames=23/113): reward=-15.7500 (mean, 1 tok)
2026-04-30 15:15:35,179 mme_vla_suite.pseudo_labeling.topreward_qwen_scorer INFO: Prefix 1/8 (end=6, n_frames=4/7): reward=-24.1250 (mean, 1 tok)
2026-04-30 15:15:41,671 mme_vla_suite.pseudo_labeling.topreward_qwen_scorer INFO: Prefix 2/8 (end=14, n_frames=4/15): reward=-24.6250 (mean, 1 tok)
2026-04-30 15:15:48,143 mme_vla_suite.pseudo_labeling.topreward_qwen_scorer INFO: Prefix 3/8 (end=23, n_frames=5/24): reward=-24.5000 (mean, 1 tok)
2026-04-30 15:15:54,630 mme_vla_suite.pseudo_labeling.topreward_qwen_scorer INFO: Prefix 4/8 (end=31, n_frames=6/32): reward=-21.7500 (mean, 1 tok)
2026-04-30 15:16:01,167 mme_vla_suite.pseudo_labeling.topreward_qwen_scorer INFO: Prefix 5/8 (end=40, n_frames=8/41): reward=-21.1250 (mean, 1 tok)
2026-04-30 15:16:07,675 mme_vla_suite.pseudo_labeling.topreward_qwen_scorer INFO: Prefix 6/8 (end=48, n_frames=10/49): reward=-18.1250 (mean, 1 tok)
2026-04-30 15:16:14,197 mme_vla_suite.pseudo_labeling.topreward_qwen_scorer INFO: Prefix 7/8 (end=57, n_frames=12/58): reward=-15.7500 (mean, 1 tok)
2026-04-30 15:16:20,722 mme_vla_suite.pseudo_labeling.topreward_qwen_scorer INFO: Prefix 8/8 (end=66, n_frames=13/67): reward=-16.3750 (mean, 1 tok)
2026-04-30 15:16:28,146 mme_vla_suite.pseudo_labeling.topreward_qwen_scorer INFO: Prefix 1/8 (end=8, n_frames=4/9): reward=-23.8750 (mean, 1 tok)
2026-04-30 15:16:34,734 mme_vla_suite.pseudo_labeling.topreward_qwen_scorer INFO: Prefix 2/8 (end=18, n_frames=4/19): reward=-24.6250 (mean, 1 tok)
2026-04-30 15:16:41,250 mme_vla_suite.pseudo_labeling.topreward_qwen_scorer INFO: Prefix 3/8 (end=29, n_frames=6/30): reward=-23.6250 (mean, 1 tok)
2026-04-30 15:16:47,757 mme_vla_suite.pseudo_labeling.topreward_qwen_scorer INFO: Prefix 4/8 (end=40, n_frames=8/41): reward=-21.1250 (mean, 1 tok)
2026-04-30 15:16:54,289 mme_vla_suite.pseudo_labeling.topreward_qwen_scorer INFO: Prefix 5/8 (end=51, n_frames=10/52): reward=-17.3750 (mean, 1 tok)
2026-04-30 15:17:00,815 mme_vla_suite.pseudo_labeling.topreward_qwen_scorer INFO: Prefix 6/8 (end=62, n_frames=13/63): reward=-16.5000 (mean, 1 tok)
2026-04-30 15:17:07,332 mme_vla_suite.pseudo_labeling.topreward_qwen_scorer INFO: Prefix 7/8 (end=73, n_frames=15/74): reward=-16.7500 (mean, 1 tok)
2026-04-30 15:17:13,864 mme_vla_suite.pseudo_labeling.topreward_qwen_scorer INFO: Prefix 8/8 (end=84, n_frames=17/85): reward=-16.5000 (mean, 1 tok)
2026-04-30 15:17:21,313 mme_vla_suite.pseudo_labeling.topreward_qwen_scorer INFO: Prefix 1/8 (end=9, n_frames=4/10): reward=-22.2500 (mean, 1 tok)
2026-04-30 15:17:27,813 mme_vla_suite.pseudo_labeling.topreward_qwen_scorer INFO: Prefix 2/8 (end=20, n_frames=4/21): reward=-22.2500 (mean, 1 tok)
2026-04-30 15:17:34,331 mme_vla_suite.pseudo_labeling.topreward_qwen_scorer INFO: Prefix 3/8 (end=32, n_frames=7/33): reward=-21.1250 (mean, 1 tok)
2026-04-30 15:17:40,842 mme_vla_suite.pseudo_labeling.topreward_qwen_scorer INFO: Prefix 4/8 (end=44, n_frames=9/45): reward=-17.2500 (mean, 1 tok)
2026-04-30 15:17:47,368 mme_vla_suite.pseudo_labeling.topreward_qwen_scorer INFO: Prefix 5/8 (end=56, n_frames=11/57): reward=-17.8750 (mean, 1 tok)
2026-04-30 15:17:53,902 mme_vla_suite.pseudo_labeling.topreward_qwen_scorer INFO: Prefix 6/8 (end=68, n_frames=14/69): reward=-18.8750 (mean, 1 tok)
2026-04-30 15:18:00,439 mme_vla_suite.pseudo_labeling.topreward_qwen_scorer INFO: Prefix 7/8 (end=80, n_frames=16/81): reward=-18.5000 (mean, 1 tok)
2026-04-30 15:18:07,000 mme_vla_suite.pseudo_labeling.topreward_qwen_scorer INFO: Prefix 8/8 (end=92, n_frames=19/93): reward=-18.0000 (mean, 1 tok)
2026-04-30 15:18:14,531 mme_vla_suite.pseudo_labeling.topreward_qwen_scorer INFO: Prefix 1/8 (end=9, n_frames=4/10): reward=-22.2500 (mean, 1 tok)
2026-04-30 15:18:21,017 mme_vla_suite.pseudo_labeling.topreward_qwen_scorer INFO: Prefix 2/8 (end=21, n_frames=4/22): reward=-22.2500 (mean, 1 tok)
2026-04-30 15:18:27,516 mme_vla_suite.pseudo_labeling.topreward_qwen_scorer INFO: Prefix 3/8 (end=34, n_frames=7/35): reward=-20.1250 (mean, 1 tok)
2026-04-30 15:18:34,035 mme_vla_suite.pseudo_labeling.topreward_qwen_scorer INFO: Prefix 4/8 (end=46, n_frames=9/47): reward=-17.5000 (mean, 1 tok)
2026-04-30 15:18:40,584 mme_vla_suite.pseudo_labeling.topreward_qwen_scorer INFO: Prefix 5/8 (end=59, n_frames=12/60): reward=-18.3750 (mean, 1 tok)
2026-04-30 15:18:47,127 mme_vla_suite.pseudo_labeling.topreward_qwen_scorer INFO: Prefix 6/8 (end=71, n_frames=14/72): reward=-18.8750 (mean, 1 tok)
2026-04-30 15:18:53,700 mme_vla_suite.pseudo_labeling.topreward_qwen_scorer INFO: Prefix 7/8 (end=84, n_frames=17/85): reward=-18.3750 (mean, 1 tok)
2026-04-30 15:19:00,313 mme_vla_suite.pseudo_labeling.topreward_qwen_scorer INFO: Prefix 8/8 (end=97, n_frames=20/98): reward=-17.7500 (mean, 1 tok)
2026-04-30 15:19:08,308 mme_vla_suite.pseudo_labeling.topreward_qwen_scorer INFO: Prefix 1/8 (end=11, n_frames=4/12): reward=-17.7500 (mean, 1 tok)
2026-04-30 15:19:14,830 mme_vla_suite.pseudo_labeling.topreward_qwen_scorer INFO: Prefix 2/8 (end=26, n_frames=5/27): reward=-17.8750 (mean, 1 tok)
2026-04-30 15:19:21,353 mme_vla_suite.pseudo_labeling.topreward_qwen_scorer INFO: Prefix 3/8 (end=41, n_frames=8/42): reward=-16.8750 (mean, 1 tok)
2026-04-30 15:19:27,900 mme_vla_suite.pseudo_labeling.topreward_qwen_scorer INFO: Prefix 4/8 (end=56, n_frames=11/57): reward=-14.6250 (mean, 1 tok)
2026-04-30 15:19:34,470 mme_vla_suite.pseudo_labeling.topreward_qwen_scorer INFO: Prefix 5/8 (end=72, n_frames=15/73): reward=-15.3750 (mean, 1 tok)
2026-04-30 15:19:41,087 mme_vla_suite.pseudo_labeling.topreward_qwen_scorer INFO: Prefix 6/8 (end=87, n_frames=18/88): reward=-15.1250 (mean, 1 tok)
2026-04-30 15:19:47,701 mme_vla_suite.pseudo_labeling.topreward_qwen_scorer INFO: Prefix 7/8 (end=102, n_frames=21/103): reward=-15.1250 (mean, 1 tok)
2026-04-30 15:19:54,343 mme_vla_suite.pseudo_labeling.topreward_qwen_scorer INFO: Prefix 8/8 (end=118, n_frames=24/119): reward=-13.5000 (mean, 1 tok)
2026-04-30 15:20:01,960 mme_vla_suite.pseudo_labeling.topreward_qwen_scorer INFO: Prefix 1/8 (end=9, n_frames=4/10): reward=-23.8750 (mean, 1 tok)
2026-04-30 15:20:08,471 mme_vla_suite.pseudo_labeling.topreward_qwen_scorer INFO: Prefix 2/8 (end=21, n_frames=4/22): reward=-23.1250 (mean, 1 tok)
2026-04-30 15:20:14,982 mme_vla_suite.pseudo_labeling.topreward_qwen_scorer INFO: Prefix 3/8 (end=34, n_frames=7/35): reward=-22.6250 (mean, 1 tok)
2026-04-30 15:20:21,518 mme_vla_suite.pseudo_labeling.topreward_qwen_scorer INFO: Prefix 4/8 (end=47, n_frames=10/48): reward=-21.5000 (mean, 1 tok)
2026-04-30 15:20:28,074 mme_vla_suite.pseudo_labeling.topreward_qwen_scorer INFO: Prefix 5/8 (end=59, n_frames=12/60): reward=-23.1250 (mean, 1 tok)
2026-04-30 15:20:34,614 mme_vla_suite.pseudo_labeling.topreward_qwen_scorer INFO: Prefix 6/8 (end=72, n_frames=15/73): reward=-22.6250 (mean, 1 tok)
2026-04-30 15:20:41,197 mme_vla_suite.pseudo_labeling.topreward_qwen_scorer INFO: Prefix 7/8 (end=85, n_frames=17/86): reward=-19.6250 (mean, 1 tok)
2026-04-30 15:20:47,791 mme_vla_suite.pseudo_labeling.topreward_qwen_scorer INFO: Prefix 8/8 (end=98, n_frames=20/99): reward=-21.2500 (mean, 1 tok)
2026-04-30 15:20:55,405 mme_vla_suite.pseudo_labeling.topreward_qwen_scorer INFO: Prefix 1/8 (end=10, n_frames=4/11): reward=-24.1250 (mean, 1 tok)
2026-04-30 15:21:01,900 mme_vla_suite.pseudo_labeling.topreward_qwen_scorer INFO: Prefix 2/8 (end=23, n_frames=5/24): reward=-22.0000 (mean, 1 tok)
2026-04-30 15:21:08,385 mme_vla_suite.pseudo_labeling.topreward_qwen_scorer INFO: Prefix 3/8 (end=36, n_frames=7/37): reward=-22.1250 (mean, 1 tok)
2026-04-30 15:21:14,881 mme_vla_suite.pseudo_labeling.topreward_qwen_scorer INFO: Prefix 4/8 (end=50, n_frames=10/51): reward=-21.1250 (mean, 1 tok)
2026-04-30 15:21:21,417 mme_vla_suite.pseudo_labeling.topreward_qwen_scorer INFO: Prefix 5/8 (end=63, n_frames=13/64): reward=-23.6250 (mean, 1 tok)
2026-04-30 15:21:27,982 mme_vla_suite.pseudo_labeling.topreward_qwen_scorer INFO: Prefix 6/8 (end=77, n_frames=16/78): reward=-21.8750 (mean, 1 tok)
2026-04-30 15:21:34,602 mme_vla_suite.pseudo_labeling.topreward_qwen_scorer INFO: Prefix 7/8 (end=90, n_frames=18/91): reward=-19.0000 (mean, 1 tok)
2026-04-30 15:21:41,218 mme_vla_suite.pseudo_labeling.topreward_qwen_scorer INFO: Prefix 8/8 (end=104, n_frames=21/105): reward=-20.8750 (mean, 1 tok)
2026-04-30 15:21:49,022 mme_vla_suite.pseudo_labeling.topreward_qwen_scorer INFO: Prefix 1/8 (end=10, n_frames=4/11): reward=-19.1250 (mean, 1 tok)
2026-04-30 15:21:55,521 mme_vla_suite.pseudo_labeling.topreward_qwen_scorer INFO: Prefix 2/8 (end=24, n_frames=5/25): reward=-19.8750 (mean, 1 tok)
2026-04-30 15:22:02,018 mme_vla_suite.pseudo_labeling.topreward_qwen_scorer INFO: Prefix 3/8 (end=38, n_frames=8/39): reward=-16.6250 (mean, 1 tok)
2026-04-30 15:22:08,533 mme_vla_suite.pseudo_labeling.topreward_qwen_scorer INFO: Prefix 4/8 (end=52, n_frames=11/53): reward=-15.1250 (mean, 1 tok)
2026-04-30 15:22:15,056 mme_vla_suite.pseudo_labeling.topreward_qwen_scorer INFO: Prefix 5/8 (end=66, n_frames=13/67): reward=-15.8750 (mean, 1 tok)
2026-04-30 15:22:21,592 mme_vla_suite.pseudo_labeling.topreward_qwen_scorer INFO: Prefix 6/8 (end=80, n_frames=16/81): reward=-15.3750 (mean, 1 tok)
2026-04-30 15:22:28,151 mme_vla_suite.pseudo_labeling.topreward_qwen_scorer INFO: Prefix 7/8 (end=94, n_frames=19/95): reward=-15.2500 (mean, 1 tok)
2026-04-30 15:22:34,755 mme_vla_suite.pseudo_labeling.topreward_qwen_scorer INFO: Prefix 8/8 (end=108, n_frames=22/109): reward=-14.1250 (mean, 1 tok)
2026-04-30 15:22:42,190 mme_vla_suite.pseudo_labeling.topreward_qwen_scorer INFO: Prefix 1/8 (end=6, n_frames=4/7): reward=-20.5000 (mean, 1 tok)
2026-04-30 15:22:48,688 mme_vla_suite.pseudo_labeling.topreward_qwen_scorer INFO: Prefix 2/8 (end=13, n_frames=4/14): reward=-18.8750 (mean, 1 tok)
2026-04-30 15:22:55,171 mme_vla_suite.pseudo_labeling.topreward_qwen_scorer INFO: Prefix 3/8 (end=21, n_frames=4/22): reward=-18.3750 (mean, 1 tok)
2026-04-30 15:23:01,665 mme_vla_suite.pseudo_labeling.topreward_qwen_scorer INFO: Prefix 4/8 (end=29, n_frames=6/30): reward=-17.8750 (mean, 1 tok)
2026-04-30 15:23:08,182 mme_vla_suite.pseudo_labeling.topreward_qwen_scorer INFO: Prefix 5/8 (end=37, n_frames=8/38): reward=-16.5000 (mean, 1 tok)
2026-04-30 15:23:14,689 mme_vla_suite.pseudo_labeling.topreward_qwen_scorer INFO: Prefix 6/8 (end=45, n_frames=9/46): reward=-17.1250 (mean, 1 tok)
2026-04-30 15:23:21,213 mme_vla_suite.pseudo_labeling.topreward_qwen_scorer INFO: Prefix 7/8 (end=53, n_frames=11/54): reward=-17.1250 (mean, 1 tok)
2026-04-30 15:23:27,730 mme_vla_suite.pseudo_labeling.topreward_qwen_scorer INFO: Prefix 8/8 (end=61, n_frames=12/62): reward=-18.2500 (mean, 1 tok)
2026-04-30 15:23:35,125 mme_vla_suite.pseudo_labeling.topreward_qwen_scorer INFO: Prefix 1/8 (end=7, n_frames=4/8): reward=-19.8750 (mean, 1 tok)
2026-04-30 15:23:41,624 mme_vla_suite.pseudo_labeling.topreward_qwen_scorer INFO: Prefix 2/8 (end=16, n_frames=4/17): reward=-19.7500 (mean, 1 tok)
2026-04-30 15:23:48,266 mme_vla_suite.pseudo_labeling.topreward_qwen_scorer INFO: Prefix 3/8 (end=25, n_frames=5/26): reward=-18.8750 (mean, 1 tok)
2026-04-30 15:23:54,904 mme_vla_suite.pseudo_labeling.topreward_qwen_scorer INFO: Prefix 4/8 (end=35, n_frames=7/36): reward=-19.1250 (mean, 1 tok)
2026-04-30 15:24:01,533 mme_vla_suite.pseudo_labeling.topreward_qwen_scorer INFO: Prefix 5/8 (end=44, n_frames=9/45): reward=-16.7500 (mean, 1 tok)
2026-04-30 15:24:08,202 mme_vla_suite.pseudo_labeling.topreward_qwen_scorer INFO: Prefix 6/8 (end=54, n_frames=11/55): reward=-16.8750 (mean, 1 tok)
2026-04-30 15:24:14,864 mme_vla_suite.pseudo_labeling.topreward_qwen_scorer INFO: Prefix 7/8 (end=63, n_frames=13/64): reward=-17.7500 (mean, 1 tok)
2026-04-30 15:24:21,562 mme_vla_suite.pseudo_labeling.topreward_qwen_scorer INFO: Prefix 8/8 (end=73, n_frames=15/74): reward=-17.5000 (mean, 1 tok)
2026-04-30 15:24:29,274 mme_vla_suite.pseudo_labeling.topreward_qwen_scorer INFO: Prefix 1/8 (end=11, n_frames=4/12): reward=-21.5000 (mean, 1 tok)
2026-04-30 15:24:35,793 mme_vla_suite.pseudo_labeling.topreward_qwen_scorer INFO: Prefix 2/8 (end=25, n_frames=5/26): reward=-22.1250 (mean, 1 tok)
2026-04-30 15:24:42,286 mme_vla_suite.pseudo_labeling.topreward_qwen_scorer INFO: Prefix 3/8 (end=39, n_frames=8/40): reward=-17.0000 (mean, 1 tok)
2026-04-30 15:24:48,804 mme_vla_suite.pseudo_labeling.topreward_qwen_scorer INFO: Prefix 4/8 (end=53, n_frames=11/54): reward=-16.1250 (mean, 1 tok)
2026-04-30 15:24:55,325 mme_vla_suite.pseudo_labeling.topreward_qwen_scorer INFO: Prefix 5/8 (end=67, n_frames=14/68): reward=-17.0000 (mean, 1 tok)
2026-04-30 15:25:01,870 mme_vla_suite.pseudo_labeling.topreward_qwen_scorer INFO: Prefix 6/8 (end=81, n_frames=16/82): reward=-16.0000 (mean, 1 tok)
2026-04-30 15:25:08,459 mme_vla_suite.pseudo_labeling.topreward_qwen_scorer INFO: Prefix 7/8 (end=95, n_frames=19/96): reward=-15.1250 (mean, 1 tok)
2026-04-30 15:25:15,069 mme_vla_suite.pseudo_labeling.topreward_qwen_scorer INFO: Prefix 8/8 (end=109, n_frames=22/110): reward=-16.1250 (mean, 1 tok)
2026-04-30 15:25:22,633 mme_vla_suite.pseudo_labeling.topreward_qwen_scorer INFO: Prefix 1/8 (end=7, n_frames=4/8): reward=-20.3750 (mean, 1 tok)
2026-04-30 15:25:29,088 mme_vla_suite.pseudo_labeling.topreward_qwen_scorer INFO: Prefix 2/8 (end=16, n_frames=4/17): reward=-19.6250 (mean, 1 tok)
2026-04-30 15:25:35,589 mme_vla_suite.pseudo_labeling.topreward_qwen_scorer INFO: Prefix 3/8 (end=26, n_frames=5/27): reward=-22.8750 (mean, 1 tok)
2026-04-30 15:25:42,084 mme_vla_suite.pseudo_labeling.topreward_qwen_scorer INFO: Prefix 4/8 (end=36, n_frames=7/37): reward=-19.0000 (mean, 1 tok)
2026-04-30 15:25:48,588 mme_vla_suite.pseudo_labeling.topreward_qwen_scorer INFO: Prefix 5/8 (end=46, n_frames=9/47): reward=-19.3750 (mean, 1 tok)
2026-04-30 15:25:55,112 mme_vla_suite.pseudo_labeling.topreward_qwen_scorer INFO: Prefix 6/8 (end=56, n_frames=11/57): reward=-17.2500 (mean, 1 tok)
2026-04-30 15:26:01,635 mme_vla_suite.pseudo_labeling.topreward_qwen_scorer INFO: Prefix 7/8 (end=66, n_frames=13/67): reward=-17.0000 (mean, 1 tok)
2026-04-30 15:26:08,183 mme_vla_suite.pseudo_labeling.topreward_qwen_scorer INFO: Prefix 8/8 (end=76, n_frames=15/77): reward=-17.0000 (mean, 1 tok)
2026-04-30 15:26:16,129 mme_vla_suite.pseudo_labeling.topreward_qwen_scorer INFO: Prefix 1/8 (end=9, n_frames=4/10): reward=-20.5000 (mean, 1 tok)
2026-04-30 15:26:22,747 mme_vla_suite.pseudo_labeling.topreward_qwen_scorer INFO: Prefix 2/8 (end=21, n_frames=4/22): reward=-18.7500 (mean, 1 tok)
2026-04-30 15:26:29,360 mme_vla_suite.pseudo_labeling.topreward_qwen_scorer INFO: Prefix 3/8 (end=33, n_frames=7/34): reward=-19.3750 (mean, 1 tok)
2026-04-30 15:26:35,944 mme_vla_suite.pseudo_labeling.topreward_qwen_scorer INFO: Prefix 4/8 (end=45, n_frames=9/46): reward=-18.8750 (mean, 1 tok)
2026-04-30 15:26:42,608 mme_vla_suite.pseudo_labeling.topreward_qwen_scorer INFO: Prefix 5/8 (end=57, n_frames=12/58): reward=-17.5000 (mean, 1 tok)
2026-04-30 15:26:49,222 mme_vla_suite.pseudo_labeling.topreward_qwen_scorer INFO: Prefix 6/8 (end=69, n_frames=14/70): reward=-17.5000 (mean, 1 tok)
2026-04-30 15:26:55,892 mme_vla_suite.pseudo_labeling.topreward_qwen_scorer INFO: Prefix 7/8 (end=81, n_frames=16/82): reward=-16.8750 (mean, 1 tok)
2026-04-30 15:27:02,579 mme_vla_suite.pseudo_labeling.topreward_qwen_scorer INFO: Prefix 8/8 (end=94, n_frames=19/95): reward=-17.7500 (mean, 1 tok)
2026-04-30 15:27:10,320 mme_vla_suite.pseudo_labeling.topreward_qwen_scorer INFO: Prefix 1/8 (end=11, n_frames=4/12): reward=-19.2500 (mean, 1 tok)
2026-04-30 15:27:16,822 mme_vla_suite.pseudo_labeling.topreward_qwen_scorer INFO: Prefix 2/8 (end=25, n_frames=5/26): reward=-19.7500 (mean, 1 tok)
2026-04-30 15:27:23,336 mme_vla_suite.pseudo_labeling.topreward_qwen_scorer INFO: Prefix 3/8 (end=39, n_frames=8/40): reward=-17.0000 (mean, 1 tok)
2026-04-30 15:27:30,014 mme_vla_suite.pseudo_labeling.topreward_qwen_scorer INFO: Prefix 4/8 (end=53, n_frames=11/54): reward=-16.1250 (mean, 1 tok)
2026-04-30 15:27:36,712 mme_vla_suite.pseudo_labeling.topreward_qwen_scorer INFO: Prefix 5/8 (end=67, n_frames=14/68): reward=-16.6250 (mean, 1 tok)
2026-04-30 15:27:43,282 mme_vla_suite.pseudo_labeling.topreward_qwen_scorer INFO: Prefix 6/8 (end=81, n_frames=16/82): reward=-16.6250 (mean, 1 tok)
2026-04-30 15:27:49,985 mme_vla_suite.pseudo_labeling.topreward_qwen_scorer INFO: Prefix 7/8 (end=95, n_frames=19/96): reward=-16.3750 (mean, 1 tok)
2026-04-30 15:27:56,615 mme_vla_suite.pseudo_labeling.topreward_qwen_scorer INFO: Prefix 8/8 (end=110, n_frames=22/111): reward=-14.5000 (mean, 1 tok)
2026-04-30 15:28:04,083 mme_vla_suite.pseudo_labeling.topreward_qwen_scorer INFO: Prefix 1/8 (end=6, n_frames=4/7): reward=-23.2500 (mean, 1 tok)
2026-04-30 15:28:10,558 mme_vla_suite.pseudo_labeling.topreward_qwen_scorer INFO: Prefix 2/8 (end=14, n_frames=4/15): reward=-23.3750 (mean, 1 tok)
2026-04-30 15:28:17,010 mme_vla_suite.pseudo_labeling.topreward_qwen_scorer INFO: Prefix 3/8 (end=23, n_frames=5/24): reward=-21.2500 (mean, 1 tok)
2026-04-30 15:28:23,470 mme_vla_suite.pseudo_labeling.topreward_qwen_scorer INFO: Prefix 4/8 (end=31, n_frames=6/32): reward=-18.2500 (mean, 1 tok)
2026-04-30 15:28:29,939 mme_vla_suite.pseudo_labeling.topreward_qwen_scorer INFO: Prefix 5/8 (end=40, n_frames=8/41): reward=-18.1250 (mean, 1 tok)
2026-04-30 15:28:36,422 mme_vla_suite.pseudo_labeling.topreward_qwen_scorer INFO: Prefix 6/8 (end=48, n_frames=10/49): reward=-17.1250 (mean, 1 tok)
2026-04-30 15:28:42,923 mme_vla_suite.pseudo_labeling.topreward_qwen_scorer INFO: Prefix 7/8 (end=57, n_frames=12/58): reward=-14.7500 (mean, 1 tok)
2026-04-30 15:28:49,393 mme_vla_suite.pseudo_labeling.topreward_qwen_scorer INFO: Prefix 8/8 (end=66, n_frames=13/67): reward=-16.8750 (mean, 1 tok)
2026-04-30 15:28:56,798 mme_vla_suite.pseudo_labeling.topreward_qwen_scorer INFO: Prefix 1/8 (end=8, n_frames=4/9): reward=-23.5000 (mean, 1 tok)
2026-04-30 15:29:03,256 mme_vla_suite.pseudo_labeling.topreward_qwen_scorer INFO: Prefix 2/8 (end=18, n_frames=4/19): reward=-21.1250 (mean, 1 tok)
2026-04-30 15:29:09,885 mme_vla_suite.pseudo_labeling.topreward_qwen_scorer INFO: Prefix 3/8 (end=28, n_frames=6/29): reward=-20.6250 (mean, 1 tok)
2026-04-30 15:29:16,393 mme_vla_suite.pseudo_labeling.topreward_qwen_scorer INFO: Prefix 4/8 (end=38, n_frames=8/39): reward=-20.0000 (mean, 1 tok)
2026-04-30 15:29:22,981 mme_vla_suite.pseudo_labeling.topreward_qwen_scorer INFO: Prefix 5/8 (end=48, n_frames=10/49): reward=-17.1250 (mean, 1 tok)
2026-04-30 15:29:29,586 mme_vla_suite.pseudo_labeling.topreward_qwen_scorer INFO: Prefix 6/8 (end=58, n_frames=12/59): reward=-15.2500 (mean, 1 tok)
2026-04-30 15:29:36,100 mme_vla_suite.pseudo_labeling.topreward_qwen_scorer INFO: Prefix 7/8 (end=68, n_frames=14/69): reward=-16.6250 (mean, 1 tok)
2026-04-30 15:29:42,609 mme_vla_suite.pseudo_labeling.topreward_qwen_scorer INFO: Prefix 8/8 (end=79, n_frames=16/80): reward=-15.6250 (mean, 1 tok)
2026-04-30 15:29:50,259 mme_vla_suite.pseudo_labeling.topreward_qwen_scorer INFO: Prefix 1/8 (end=12, n_frames=4/13): reward=-18.2500 (mean, 1 tok)
2026-04-30 15:29:56,843 mme_vla_suite.pseudo_labeling.topreward_qwen_scorer INFO: Prefix 2/8 (end=28, n_frames=6/29): reward=-19.0000 (mean, 1 tok)
2026-04-30 15:30:03,503 mme_vla_suite.pseudo_labeling.topreward_qwen_scorer INFO: Prefix 3/8 (end=45, n_frames=9/46): reward=-16.3750 (mean, 1 tok)
2026-04-30 15:30:10,172 mme_vla_suite.pseudo_labeling.topreward_qwen_scorer INFO: Prefix 4/8 (end=61, n_frames=12/62): reward=-16.6250 (mean, 1 tok)
2026-04-30 15:30:16,789 mme_vla_suite.pseudo_labeling.topreward_qwen_scorer INFO: Prefix 5/8 (end=78, n_frames=16/79): reward=-15.0000 (mean, 1 tok)
2026-04-30 15:30:23,496 mme_vla_suite.pseudo_labeling.topreward_qwen_scorer INFO: Prefix 6/8 (end=94, n_frames=19/95): reward=-15.2500 (mean, 1 tok)
2026-04-30 15:30:30,106 mme_vla_suite.pseudo_labeling.topreward_qwen_scorer INFO: Prefix 7/8 (end=111, n_frames=22/112): reward=-15.3750 (mean, 1 tok)
2026-04-30 15:30:36,895 mme_vla_suite.pseudo_labeling.topreward_qwen_scorer INFO: Prefix 8/8 (end=128, n_frames=26/129): reward=-13.8750 (mean, 1 tok)
2026-04-30 15:30:44,176 mme_vla_suite.pseudo_labeling.topreward_qwen_scorer INFO: Prefix 1/8 (end=6, n_frames=4/7): reward=-24.3750 (mean, 1 tok)
2026-04-30 15:30:50,657 mme_vla_suite.pseudo_labeling.topreward_qwen_scorer INFO: Prefix 2/8 (end=14, n_frames=4/15): reward=-23.1250 (mean, 1 tok)
2026-04-30 15:30:57,160 mme_vla_suite.pseudo_labeling.topreward_qwen_scorer INFO: Prefix 3/8 (end=23, n_frames=5/24): reward=-21.0000 (mean, 1 tok)
2026-04-30 15:31:03,666 mme_vla_suite.pseudo_labeling.topreward_qwen_scorer INFO: Prefix 4/8 (end=32, n_frames=7/33): reward=-20.6250 (mean, 1 tok)
2026-04-30 15:31:10,267 mme_vla_suite.pseudo_labeling.topreward_qwen_scorer INFO: Prefix 5/8 (end=40, n_frames=8/41): reward=-22.0000 (mean, 1 tok)
2026-04-30 15:31:16,750 mme_vla_suite.pseudo_labeling.topreward_qwen_scorer INFO: Prefix 6/8 (end=49, n_frames=10/50): reward=-21.1250 (mean, 1 tok)
2026-04-30 15:31:23,274 mme_vla_suite.pseudo_labeling.topreward_qwen_scorer INFO: Prefix 7/8 (end=58, n_frames=12/59): reward=-19.6250 (mean, 1 tok)
2026-04-30 15:31:29,840 mme_vla_suite.pseudo_labeling.topreward_qwen_scorer INFO: Prefix 8/8 (end=67, n_frames=14/68): reward=-19.1250 (mean, 1 tok)
2026-04-30 15:31:37,330 mme_vla_suite.pseudo_labeling.topreward_qwen_scorer INFO: Prefix 1/8 (end=7, n_frames=4/8): reward=-24.5000 (mean, 1 tok)
2026-04-30 15:31:43,816 mme_vla_suite.pseudo_labeling.topreward_qwen_scorer INFO: Prefix 2/8 (end=16, n_frames=4/17): reward=-22.1250 (mean, 1 tok)
2026-04-30 15:31:50,324 mme_vla_suite.pseudo_labeling.topreward_qwen_scorer INFO: Prefix 3/8 (end=25, n_frames=5/26): reward=-21.5000 (mean, 1 tok)
2026-04-30 15:31:56,859 mme_vla_suite.pseudo_labeling.topreward_qwen_scorer INFO: Prefix 4/8 (end=35, n_frames=7/36): reward=-21.3750 (mean, 1 tok)
2026-04-30 15:32:03,378 mme_vla_suite.pseudo_labeling.topreward_qwen_scorer INFO: Prefix 5/8 (end=44, n_frames=9/45): reward=-21.2500 (mean, 1 tok)
2026-04-30 15:32:09,913 mme_vla_suite.pseudo_labeling.topreward_qwen_scorer INFO: Prefix 6/8 (end=54, n_frames=11/55): reward=-20.1250 (mean, 1 tok)
2026-04-30 15:32:16,434 mme_vla_suite.pseudo_labeling.topreward_qwen_scorer INFO: Prefix 7/8 (end=63, n_frames=13/64): reward=-19.7500 (mean, 1 tok)
2026-04-30 15:32:22,986 mme_vla_suite.pseudo_labeling.topreward_qwen_scorer INFO: Prefix 8/8 (end=73, n_frames=15/74): reward=-20.8750 (mean, 1 tok)
2026-04-30 15:32:30,743 mme_vla_suite.pseudo_labeling.topreward_qwen_scorer INFO: Prefix 1/8 (end=11, n_frames=4/12): reward=-17.5000 (mean, 1 tok)
2026-04-30 15:32:37,249 mme_vla_suite.pseudo_labeling.topreward_qwen_scorer INFO: Prefix 2/8 (end=26, n_frames=5/27): reward=-17.5000 (mean, 1 tok)
2026-04-30 15:32:43,763 mme_vla_suite.pseudo_labeling.topreward_qwen_scorer INFO: Prefix 3/8 (end=41, n_frames=8/42): reward=-15.8750 (mean, 1 tok)
2026-04-30 15:32:50,278 mme_vla_suite.pseudo_labeling.topreward_qwen_scorer INFO: Prefix 4/8 (end=56, n_frames=11/57): reward=-15.0000 (mean, 1 tok)
2026-04-30 15:32:56,849 mme_vla_suite.pseudo_labeling.topreward_qwen_scorer INFO: Prefix 5/8 (end=72, n_frames=15/73): reward=-14.2500 (mean, 1 tok)
2026-04-30 15:33:03,429 mme_vla_suite.pseudo_labeling.topreward_qwen_scorer INFO: Prefix 6/8 (end=87, n_frames=18/88): reward=-14.0000 (mean, 1 tok)
2026-04-30 15:33:10,028 mme_vla_suite.pseudo_labeling.topreward_qwen_scorer INFO: Prefix 7/8 (end=102, n_frames=21/103): reward=-14.2500 (mean, 1 tok)
2026-04-30 15:33:16,684 mme_vla_suite.pseudo_labeling.topreward_qwen_scorer INFO: Prefix 8/8 (end=118, n_frames=24/119): reward=-14.1250 (mean, 1 tok)
2026-04-30 15:33:24,120 mme_vla_suite.pseudo_labeling.topreward_qwen_scorer INFO: Prefix 1/8 (end=7, n_frames=4/8): reward=-22.1250 (mean, 1 tok)
2026-04-30 15:33:30,614 mme_vla_suite.pseudo_labeling.topreward_qwen_scorer INFO: Prefix 2/8 (end=15, n_frames=4/16): reward=-21.6250 (mean, 1 tok)
2026-04-30 15:33:37,115 mme_vla_suite.pseudo_labeling.topreward_qwen_scorer INFO: Prefix 3/8 (end=24, n_frames=5/25): reward=-22.1250 (mean, 1 tok)
2026-04-30 15:33:43,628 mme_vla_suite.pseudo_labeling.topreward_qwen_scorer INFO: Prefix 4/8 (end=33, n_frames=7/34): reward=-21.3750 (mean, 1 tok)
2026-04-30 15:33:50,144 mme_vla_suite.pseudo_labeling.topreward_qwen_scorer INFO: Prefix 5/8 (end=42, n_frames=9/43): reward=-20.0000 (mean, 1 tok)
2026-04-30 15:33:56,677 mme_vla_suite.pseudo_labeling.topreward_qwen_scorer INFO: Prefix 6/8 (end=51, n_frames=10/52): reward=-19.8750 (mean, 1 tok)
2026-04-30 15:34:03,196 mme_vla_suite.pseudo_labeling.topreward_qwen_scorer INFO: Prefix 7/8 (end=60, n_frames=12/61): reward=-19.2500 (mean, 1 tok)
2026-04-30 15:34:09,744 mme_vla_suite.pseudo_labeling.topreward_qwen_scorer INFO: Prefix 8/8 (end=69, n_frames=14/70): reward=-19.8750 (mean, 1 tok)
2026-04-30 15:34:17,152 mme_vla_suite.pseudo_labeling.topreward_qwen_scorer INFO: Prefix 1/8 (end=7, n_frames=4/8): reward=-22.1250 (mean, 1 tok)
2026-04-30 15:34:23,656 mme_vla_suite.pseudo_labeling.topreward_qwen_scorer INFO: Prefix 2/8 (end=16, n_frames=4/17): reward=-21.0000 (mean, 1 tok)
2026-04-30 15:34:30,161 mme_vla_suite.pseudo_labeling.topreward_qwen_scorer INFO: Prefix 3/8 (end=26, n_frames=5/27): reward=-20.8750 (mean, 1 tok)
2026-04-30 15:34:36,673 mme_vla_suite.pseudo_labeling.topreward_qwen_scorer INFO: Prefix 4/8 (end=36, n_frames=7/37): reward=-21.1250 (mean, 1 tok)
2026-04-30 15:34:43,179 mme_vla_suite.pseudo_labeling.topreward_qwen_scorer INFO: Prefix 5/8 (end=45, n_frames=9/46): reward=-20.1250 (mean, 1 tok)
2026-04-30 15:34:49,700 mme_vla_suite.pseudo_labeling.topreward_qwen_scorer INFO: Prefix 6/8 (end=55, n_frames=11/56): reward=-21.0000 (mean, 1 tok)
2026-04-30 15:34:56,243 mme_vla_suite.pseudo_labeling.topreward_qwen_scorer INFO: Prefix 7/8 (end=65, n_frames=13/66): reward=-20.3750 (mean, 1 tok)
2026-04-30 15:35:02,810 mme_vla_suite.pseudo_labeling.topreward_qwen_scorer INFO: Prefix 8/8 (end=75, n_frames=15/76): reward=-20.3750 (mean, 1 tok)
2026-04-30 15:35:10,839 mme_vla_suite.pseudo_labeling.topreward_qwen_scorer INFO: Prefix 1/8 (end=12, n_frames=4/13): reward=-18.0000 (mean, 1 tok)
2026-04-30 15:35:17,342 mme_vla_suite.pseudo_labeling.topreward_qwen_scorer INFO: Prefix 2/8 (end=27, n_frames=6/28): reward=-18.1250 (mean, 1 tok)
2026-04-30 15:35:23,857 mme_vla_suite.pseudo_labeling.topreward_qwen_scorer INFO: Prefix 3/8 (end=42, n_frames=9/43): reward=-17.0000 (mean, 1 tok)
2026-04-30 15:35:30,393 mme_vla_suite.pseudo_labeling.topreward_qwen_scorer INFO: Prefix 4/8 (end=57, n_frames=12/58): reward=-14.8750 (mean, 1 tok)
2026-04-30 15:35:36,950 mme_vla_suite.pseudo_labeling.topreward_qwen_scorer INFO: Prefix 5/8 (end=73, n_frames=15/74): reward=-14.6250 (mean, 1 tok)
2026-04-30 15:35:43,512 mme_vla_suite.pseudo_labeling.topreward_qwen_scorer INFO: Prefix 6/8 (end=88, n_frames=18/89): reward=-13.7500 (mean, 1 tok)
2026-04-30 15:35:50,105 mme_vla_suite.pseudo_labeling.topreward_qwen_scorer INFO: Prefix 7/8 (end=103, n_frames=21/104): reward=-13.3750 (mean, 1 tok)
2026-04-30 15:35:56,719 mme_vla_suite.pseudo_labeling.topreward_qwen_scorer INFO: Prefix 8/8 (end=119, n_frames=24/120): reward=-15.0000 (mean, 1 tok)
2026-04-30 15:36:04,200 mme_vla_suite.pseudo_labeling.topreward_qwen_scorer INFO: Prefix 1/8 (end=9, n_frames=4/10): reward=-24.7500 (mean, 1 tok)
2026-04-30 15:36:10,720 mme_vla_suite.pseudo_labeling.topreward_qwen_scorer INFO: Prefix 2/8 (end=20, n_frames=4/21): reward=-23.7500 (mean, 1 tok)
2026-04-30 15:36:17,227 mme_vla_suite.pseudo_labeling.topreward_qwen_scorer INFO: Prefix 3/8 (end=32, n_frames=7/33): reward=-22.2500 (mean, 1 tok)
2026-04-30 15:36:23,773 mme_vla_suite.pseudo_labeling.topreward_qwen_scorer INFO: Prefix 4/8 (end=44, n_frames=9/45): reward=-21.6250 (mean, 1 tok)
2026-04-30 15:36:30,289 mme_vla_suite.pseudo_labeling.topreward_qwen_scorer INFO: Prefix 5/8 (end=55, n_frames=11/56): reward=-22.0000 (mean, 1 tok)
2026-04-30 15:36:36,804 mme_vla_suite.pseudo_labeling.topreward_qwen_scorer INFO: Prefix 6/8 (end=67, n_frames=14/68): reward=-23.7500 (mean, 1 tok)
2026-04-30 15:36:43,350 mme_vla_suite.pseudo_labeling.topreward_qwen_scorer INFO: Prefix 7/8 (end=79, n_frames=16/80): reward=-20.0000 (mean, 1 tok)
2026-04-30 15:36:49,890 mme_vla_suite.pseudo_labeling.topreward_qwen_scorer INFO: Prefix 8/8 (end=91, n_frames=18/92): reward=-20.5000 (mean, 1 tok)
2026-04-30 15:36:57,493 mme_vla_suite.pseudo_labeling.topreward_qwen_scorer INFO: Prefix 1/8 (end=9, n_frames=4/10): reward=-24.7500 (mean, 1 tok)
2026-04-30 15:37:03,977 mme_vla_suite.pseudo_labeling.topreward_qwen_scorer INFO: Prefix 2/8 (end=21, n_frames=4/22): reward=-23.8750 (mean, 1 tok)
2026-04-30 15:37:10,453 mme_vla_suite.pseudo_labeling.topreward_qwen_scorer INFO: Prefix 3/8 (end=34, n_frames=7/35): reward=-22.2500 (mean, 1 tok)
2026-04-30 15:37:16,980 mme_vla_suite.pseudo_labeling.topreward_qwen_scorer INFO: Prefix 4/8 (end=46, n_frames=9/47): reward=-21.6250 (mean, 1 tok)
2026-04-30 15:37:23,489 mme_vla_suite.pseudo_labeling.topreward_qwen_scorer INFO: Prefix 5/8 (end=59, n_frames=12/60): reward=-22.6250 (mean, 1 tok)
2026-04-30 15:37:29,992 mme_vla_suite.pseudo_labeling.topreward_qwen_scorer INFO: Prefix 6/8 (end=71, n_frames=14/72): reward=-22.1250 (mean, 1 tok)
2026-04-30 15:37:36,519 mme_vla_suite.pseudo_labeling.topreward_qwen_scorer INFO: Prefix 7/8 (end=84, n_frames=17/85): reward=-20.3750 (mean, 1 tok)
2026-04-30 15:37:43,080 mme_vla_suite.pseudo_labeling.topreward_qwen_scorer INFO: Prefix 8/8 (end=97, n_frames=20/98): reward=-22.1250 (mean, 1 tok)
2026-04-30 15:37:50,799 mme_vla_suite.pseudo_labeling.topreward_qwen_scorer INFO: Prefix 1/8 (end=10, n_frames=4/11): reward=-22.1250 (mean, 1 tok)
2026-04-30 15:37:57,295 mme_vla_suite.pseudo_labeling.topreward_qwen_scorer INFO: Prefix 2/8 (end=23, n_frames=5/24): reward=-22.7500 (mean, 1 tok)
2026-04-30 15:38:03,775 mme_vla_suite.pseudo_labeling.topreward_qwen_scorer INFO: Prefix 3/8 (end=37, n_frames=8/38): reward=-20.8750 (mean, 1 tok)
2026-04-30 15:38:10,300 mme_vla_suite.pseudo_labeling.topreward_qwen_scorer INFO: Prefix 4/8 (end=51, n_frames=10/52): reward=-20.2500 (mean, 1 tok)
2026-04-30 15:38:16,828 mme_vla_suite.pseudo_labeling.topreward_qwen_scorer INFO: Prefix 5/8 (end=65, n_frames=13/66): reward=-19.5000 (mean, 1 tok)
2026-04-30 15:38:23,361 mme_vla_suite.pseudo_labeling.topreward_qwen_scorer INFO: Prefix 6/8 (end=79, n_frames=16/80): reward=-19.2500 (mean, 1 tok)
2026-04-30 15:38:29,927 mme_vla_suite.pseudo_labeling.topreward_qwen_scorer INFO: Prefix 7/8 (end=93, n_frames=19/94): reward=-19.3750 (mean, 1 tok)
2026-04-30 15:38:36,518 mme_vla_suite.pseudo_labeling.topreward_qwen_scorer INFO: Prefix 8/8 (end=107, n_frames=22/108): reward=-18.6250 (mean, 1 tok)
2026-04-30 15:38:43,902 mme_vla_suite.pseudo_labeling.topreward_qwen_scorer INFO: Prefix 1/8 (end=11, n_frames=4/12): reward=-22.1250 (mean, 1 tok)
2026-04-30 15:38:50,389 mme_vla_suite.pseudo_labeling.topreward_qwen_scorer INFO: Prefix 2/8 (end=25, n_frames=5/26): reward=-22.7500 (mean, 1 tok)
2026-04-30 15:38:56,883 mme_vla_suite.pseudo_labeling.topreward_qwen_scorer INFO: Prefix 3/8 (end=39, n_frames=8/40): reward=-19.6250 (mean, 1 tok)
2026-04-30 15:39:03,385 mme_vla_suite.pseudo_labeling.topreward_qwen_scorer INFO: Prefix 4/8 (end=54, n_frames=11/55): reward=-19.1250 (mean, 1 tok)
2026-04-30 15:39:09,876 mme_vla_suite.pseudo_labeling.topreward_qwen_scorer INFO: Prefix 5/8 (end=68, n_frames=14/69): reward=-19.8750 (mean, 1 tok)
2026-04-30 15:39:16,394 mme_vla_suite.pseudo_labeling.topreward_qwen_scorer INFO: Prefix 6/8 (end=83, n_frames=17/84): reward=-19.0000 (mean, 1 tok)
2026-04-30 15:39:22,974 mme_vla_suite.pseudo_labeling.topreward_qwen_scorer INFO: Prefix 7/8 (end=97, n_frames=20/98): reward=-19.1250 (mean, 1 tok)
2026-04-30 15:39:29,585 mme_vla_suite.pseudo_labeling.topreward_qwen_scorer INFO: Prefix 8/8 (end=112, n_frames=23/113): reward=-18.8750 (mean, 1 tok)
2026-04-30 15:39:37,371 mme_vla_suite.pseudo_labeling.topreward_qwen_scorer INFO: Prefix 1/8 (end=10, n_frames=4/11): reward=-21.2500 (mean, 1 tok)
2026-04-30 15:39:43,852 mme_vla_suite.pseudo_labeling.topreward_qwen_scorer INFO: Prefix 2/8 (end=23, n_frames=5/24): reward=-21.5000 (mean, 1 tok)
2026-04-30 15:39:50,356 mme_vla_suite.pseudo_labeling.topreward_qwen_scorer INFO: Prefix 3/8 (end=36, n_frames=7/37): reward=-19.3750 (mean, 1 tok)
2026-04-30 15:39:56,862 mme_vla_suite.pseudo_labeling.topreward_qwen_scorer INFO: Prefix 4/8 (end=50, n_frames=10/51): reward=-17.6250 (mean, 1 tok)
2026-04-30 15:40:03,370 mme_vla_suite.pseudo_labeling.topreward_qwen_scorer INFO: Prefix 5/8 (end=63, n_frames=13/64): reward=-18.3750 (mean, 1 tok)
2026-04-30 15:40:09,892 mme_vla_suite.pseudo_labeling.topreward_qwen_scorer INFO: Prefix 6/8 (end=77, n_frames=16/78): reward=-19.5000 (mean, 1 tok)
2026-04-30 15:40:16,492 mme_vla_suite.pseudo_labeling.topreward_qwen_scorer INFO: Prefix 7/8 (end=90, n_frames=18/91): reward=-18.1250 (mean, 1 tok)
2026-04-30 15:40:23,102 mme_vla_suite.pseudo_labeling.topreward_qwen_scorer INFO: Prefix 8/8 (end=104, n_frames=21/105): reward=-18.0000 (mean, 1 tok)
2026-04-30 15:40:30,470 mme_vla_suite.pseudo_labeling.topreward_qwen_scorer INFO: Prefix 1/8 (end=11, n_frames=4/12): reward=-21.2500 (mean, 1 tok)
2026-04-30 15:40:36,968 mme_vla_suite.pseudo_labeling.topreward_qwen_scorer INFO: Prefix 2/8 (end=25, n_frames=5/26): reward=-21.5000 (mean, 1 tok)
2026-04-30 15:40:43,457 mme_vla_suite.pseudo_labeling.topreward_qwen_scorer INFO: Prefix 3/8 (end=39, n_frames=8/40): reward=-20.1250 (mean, 1 tok)
2026-04-30 15:40:50,053 mme_vla_suite.pseudo_labeling.topreward_qwen_scorer INFO: Prefix 4/8 (end=53, n_frames=11/54): reward=-18.1250 (mean, 1 tok)
2026-04-30 15:40:56,565 mme_vla_suite.pseudo_labeling.topreward_qwen_scorer INFO: Prefix 5/8 (end=67, n_frames=14/68): reward=-18.7500 (mean, 1 tok)
2026-04-30 15:41:03,181 mme_vla_suite.pseudo_labeling.topreward_qwen_scorer INFO: Prefix 6/8 (end=81, n_frames=16/82): reward=-19.1250 (mean, 1 tok)
2026-04-30 15:41:09,777 mme_vla_suite.pseudo_labeling.topreward_qwen_scorer INFO: Prefix 7/8 (end=95, n_frames=19/96): reward=-18.6250 (mean, 1 tok)
2026-04-30 15:41:16,492 mme_vla_suite.pseudo_labeling.topreward_qwen_scorer INFO: Prefix 8/8 (end=109, n_frames=22/110): reward=-18.0000 (mean, 1 tok)
2026-04-30 15:41:24,116 mme_vla_suite.pseudo_labeling.topreward_qwen_scorer INFO: Prefix 1/8 (end=12, n_frames=4/13): reward=-18.6250 (mean, 1 tok)
2026-04-30 15:41:30,613 mme_vla_suite.pseudo_labeling.topreward_qwen_scorer INFO: Prefix 2/8 (end=27, n_frames=6/28): reward=-18.2500 (mean, 1 tok)
2026-04-30 15:41:37,130 mme_vla_suite.pseudo_labeling.topreward_qwen_scorer INFO: Prefix 3/8 (end=42, n_frames=9/43): reward=-16.6250 (mean, 1 tok)
2026-04-30 15:41:43,690 mme_vla_suite.pseudo_labeling.topreward_qwen_scorer INFO: Prefix 4/8 (end=58, n_frames=12/59): reward=-15.8750 (mean, 1 tok)
2026-04-30 15:41:50,220 mme_vla_suite.pseudo_labeling.topreward_qwen_scorer INFO: Prefix 5/8 (end=73, n_frames=15/74): reward=-15.6250 (mean, 1 tok)
2026-04-30 15:41:56,864 mme_vla_suite.pseudo_labeling.topreward_qwen_scorer INFO: Prefix 6/8 (end=89, n_frames=18/90): reward=-15.0000 (mean, 1 tok)
2026-04-30 15:42:03,432 mme_vla_suite.pseudo_labeling.topreward_qwen_scorer INFO: Prefix 7/8 (end=104, n_frames=21/105): reward=-14.8750 (mean, 1 tok)
2026-04-30 15:42:10,025 mme_vla_suite.pseudo_labeling.topreward_qwen_scorer INFO: Prefix 8/8 (end=120, n_frames=24/121): reward=-14.5000 (mean, 1 tok)
2026-04-30 15:42:17,418 mme_vla_suite.pseudo_labeling.topreward_qwen_scorer INFO: Prefix 1/8 (end=12, n_frames=4/13): reward=-24.1250 (mean, 1 tok)
2026-04-30 15:42:23,912 mme_vla_suite.pseudo_labeling.topreward_qwen_scorer INFO: Prefix 2/8 (end=28, n_frames=6/29): reward=-22.5000 (mean, 1 tok)
2026-04-30 15:42:30,430 mme_vla_suite.pseudo_labeling.topreward_qwen_scorer INFO: Prefix 3/8 (end=44, n_frames=9/45): reward=-20.6250 (mean, 1 tok)
2026-04-30 15:42:36,953 mme_vla_suite.pseudo_labeling.topreward_qwen_scorer INFO: Prefix 4/8 (end=61, n_frames=12/62): reward=-19.8750 (mean, 1 tok)
2026-04-30 15:42:43,506 mme_vla_suite.pseudo_labeling.topreward_qwen_scorer INFO: Prefix 5/8 (end=77, n_frames=16/78): reward=-20.0000 (mean, 1 tok)
2026-04-30 15:42:50,106 mme_vla_suite.pseudo_labeling.topreward_qwen_scorer INFO: Prefix 6/8 (end=94, n_frames=19/95): reward=-21.3750 (mean, 1 tok)
2026-04-30 15:42:56,713 mme_vla_suite.pseudo_labeling.topreward_qwen_scorer INFO: Prefix 7/8 (end=110, n_frames=22/111): reward=-19.7500 (mean, 1 tok)
2026-04-30 15:43:03,334 mme_vla_suite.pseudo_labeling.topreward_qwen_scorer INFO: Prefix 8/8 (end=127, n_frames=26/128): reward=-19.0000 (mean, 1 tok)
2026-04-30 15:43:10,727 mme_vla_suite.pseudo_labeling.topreward_qwen_scorer INFO: Prefix 1/8 (end=13, n_frames=4/14): reward=-23.5000 (mean, 1 tok)
2026-04-30 15:43:17,237 mme_vla_suite.pseudo_labeling.topreward_qwen_scorer INFO: Prefix 2/8 (end=30, n_frames=6/31): reward=-23.5000 (mean, 1 tok)
2026-04-30 15:43:23,760 mme_vla_suite.pseudo_labeling.topreward_qwen_scorer INFO: Prefix 3/8 (end=47, n_frames=10/48): reward=-19.7500 (mean, 1 tok)
2026-04-30 15:43:30,302 mme_vla_suite.pseudo_labeling.topreward_qwen_scorer INFO: Prefix 4/8 (end=64, n_frames=13/65): reward=-20.8750 (mean, 1 tok)
2026-04-30 15:43:36,837 mme_vla_suite.pseudo_labeling.topreward_qwen_scorer INFO: Prefix 5/8 (end=81, n_frames=16/82): reward=-21.2500 (mean, 1 tok)
2026-04-30 15:43:43,398 mme_vla_suite.pseudo_labeling.topreward_qwen_scorer INFO: Prefix 6/8 (end=98, n_frames=20/99): reward=-22.7500 (mean, 1 tok)
2026-04-30 15:43:50,004 mme_vla_suite.pseudo_labeling.topreward_qwen_scorer INFO: Prefix 7/8 (end=115, n_frames=23/116): reward=-20.6250 (mean, 1 tok)
2026-04-30 15:43:56,660 mme_vla_suite.pseudo_labeling.topreward_qwen_scorer INFO: Prefix 8/8 (end=133, n_frames=27/134): reward=-20.6250 (mean, 1 tok)
2026-04-30 15:44:04,390 mme_vla_suite.pseudo_labeling.topreward_qwen_scorer INFO: Prefix 1/8 (end=12, n_frames=4/13): reward=-17.3750 (mean, 1 tok)
2026-04-30 15:44:10,886 mme_vla_suite.pseudo_labeling.topreward_qwen_scorer INFO: Prefix 2/8 (end=27, n_frames=6/28): reward=-17.2500 (mean, 1 tok)
2026-04-30 15:44:17,407 mme_vla_suite.pseudo_labeling.topreward_qwen_scorer INFO: Prefix 3/8 (end=42, n_frames=9/43): reward=-16.6250 (mean, 1 tok)
2026-04-30 15:44:23,916 mme_vla_suite.pseudo_labeling.topreward_qwen_scorer INFO: Prefix 4/8 (end=58, n_frames=12/59): reward=-15.8750 (mean, 1 tok)
2026-04-30 15:44:30,461 mme_vla_suite.pseudo_labeling.topreward_qwen_scorer INFO: Prefix 5/8 (end=73, n_frames=15/74): reward=-15.7500 (mean, 1 tok)
2026-04-30 15:44:37,030 mme_vla_suite.pseudo_labeling.topreward_qwen_scorer INFO: Prefix 6/8 (end=89, n_frames=18/90): reward=-14.6250 (mean, 1 tok)
2026-04-30 15:44:43,614 mme_vla_suite.pseudo_labeling.topreward_qwen_scorer INFO: Prefix 7/8 (end=104, n_frames=21/105): reward=-14.2500 (mean, 1 tok)
2026-04-30 15:44:50,251 mme_vla_suite.pseudo_labeling.topreward_qwen_scorer INFO: Prefix 8/8 (end=120, n_frames=24/121): reward=-14.6250 (mean, 1 tok)
2026-04-30 15:44:57,737 mme_vla_suite.pseudo_labeling.topreward_qwen_scorer INFO: Prefix 1/8 (end=9, n_frames=4/10): reward=-22.7500 (mean, 1 tok)
2026-04-30 15:45:04,264 mme_vla_suite.pseudo_labeling.topreward_qwen_scorer INFO: Prefix 2/8 (end=21, n_frames=4/22): reward=-22.2500 (mean, 1 tok)
2026-04-30 15:45:10,764 mme_vla_suite.pseudo_labeling.topreward_qwen_scorer INFO: Prefix 3/8 (end=33, n_frames=7/34): reward=-20.6250 (mean, 1 tok)
2026-04-30 15:45:17,279 mme_vla_suite.pseudo_labeling.topreward_qwen_scorer INFO: Prefix 4/8 (end=45, n_frames=9/46): reward=-21.7500 (mean, 1 tok)
2026-04-30 15:45:23,817 mme_vla_suite.pseudo_labeling.topreward_qwen_scorer INFO: Prefix 5/8 (end=57, n_frames=12/58): reward=-21.7500 (mean, 1 tok)
2026-04-30 15:45:30,354 mme_vla_suite.pseudo_labeling.topreward_qwen_scorer INFO: Prefix 6/8 (end=69, n_frames=14/70): reward=-20.0000 (mean, 1 tok)
2026-04-30 15:45:36,889 mme_vla_suite.pseudo_labeling.topreward_qwen_scorer INFO: Prefix 7/8 (end=81, n_frames=16/82): reward=-19.3750 (mean, 1 tok)
2026-04-30 15:45:43,465 mme_vla_suite.pseudo_labeling.topreward_qwen_scorer INFO: Prefix 8/8 (end=93, n_frames=19/94): reward=-18.7500 (mean, 1 tok)
2026-04-30 15:45:50,935 mme_vla_suite.pseudo_labeling.topreward_qwen_scorer INFO: Prefix 1/8 (end=10, n_frames=4/11): reward=-23.1250 (mean, 1 tok)
2026-04-30 15:45:57,461 mme_vla_suite.pseudo_labeling.topreward_qwen_scorer INFO: Prefix 2/8 (end=22, n_frames=5/23): reward=-22.7500 (mean, 1 tok)
2026-04-30 15:46:03,983 mme_vla_suite.pseudo_labeling.topreward_qwen_scorer INFO: Prefix 3/8 (end=35, n_frames=7/36): reward=-21.5000 (mean, 1 tok)
2026-04-30 15:46:10,523 mme_vla_suite.pseudo_labeling.topreward_qwen_scorer INFO: Prefix 4/8 (end=48, n_frames=10/49): reward=-21.3750 (mean, 1 tok)
2026-04-30 15:46:17,086 mme_vla_suite.pseudo_labeling.topreward_qwen_scorer INFO: Prefix 5/8 (end=60, n_frames=12/61): reward=-21.5000 (mean, 1 tok)
2026-04-30 15:46:23,651 mme_vla_suite.pseudo_labeling.topreward_qwen_scorer INFO: Prefix 6/8 (end=73, n_frames=15/74): reward=-20.1250 (mean, 1 tok)
2026-04-30 15:46:30,225 mme_vla_suite.pseudo_labeling.topreward_qwen_scorer INFO: Prefix 7/8 (end=86, n_frames=17/87): reward=-19.6250 (mean, 1 tok)
2026-04-30 15:46:36,799 mme_vla_suite.pseudo_labeling.topreward_qwen_scorer INFO: Prefix 8/8 (end=99, n_frames=20/100): reward=-19.0000 (mean, 1 tok)
2026-04-30 15:46:44,374 mme_vla_suite.pseudo_labeling.topreward_qwen_scorer INFO: Prefix 1/8 (end=11, n_frames=4/12): reward=-19.2500 (mean, 1 tok)
2026-04-30 15:46:51,004 mme_vla_suite.pseudo_labeling.topreward_qwen_scorer INFO: Prefix 2/8 (end=25, n_frames=5/26): reward=-19.0000 (mean, 1 tok)
2026-04-30 15:46:57,543 mme_vla_suite.pseudo_labeling.topreward_qwen_scorer INFO: Prefix 3/8 (end=39, n_frames=8/40): reward=-16.5000 (mean, 1 tok)
2026-04-30 15:47:04,089 mme_vla_suite.pseudo_labeling.topreward_qwen_scorer INFO: Prefix 4/8 (end=53, n_frames=11/54): reward=-14.6250 (mean, 1 tok)
2026-04-30 15:47:10,648 mme_vla_suite.pseudo_labeling.topreward_qwen_scorer INFO: Prefix 5/8 (end=68, n_frames=14/69): reward=-15.0000 (mean, 1 tok)
2026-04-30 15:47:17,217 mme_vla_suite.pseudo_labeling.topreward_qwen_scorer INFO: Prefix 6/8 (end=82, n_frames=17/83): reward=-14.5000 (mean, 1 tok)
2026-04-30 15:47:23,772 mme_vla_suite.pseudo_labeling.topreward_qwen_scorer INFO: Prefix 7/8 (end=96, n_frames=19/97): reward=-14.5000 (mean, 1 tok)
2026-04-30 15:47:30,389 mme_vla_suite.pseudo_labeling.topreward_qwen_scorer INFO: Prefix 8/8 (end=111, n_frames=22/112): reward=-14.6250 (mean, 1 tok)
2026-04-30 15:47:38,154 mme_vla_suite.pseudo_labeling.topreward_qwen_scorer INFO: Prefix 1/8 (end=10, n_frames=4/11): reward=-24.6250 (mean, 1 tok)
2026-04-30 15:47:44,654 mme_vla_suite.pseudo_labeling.topreward_qwen_scorer INFO: Prefix 2/8 (end=23, n_frames=5/24): reward=-21.8750 (mean, 1 tok)
2026-04-30 15:47:51,158 mme_vla_suite.pseudo_labeling.topreward_qwen_scorer INFO: Prefix 3/8 (end=37, n_frames=8/38): reward=-21.7500 (mean, 1 tok)
2026-04-30 15:47:57,669 mme_vla_suite.pseudo_labeling.topreward_qwen_scorer INFO: Prefix 4/8 (end=51, n_frames=10/52): reward=-19.1250 (mean, 1 tok)
2026-04-30 15:48:04,212 mme_vla_suite.pseudo_labeling.topreward_qwen_scorer INFO: Prefix 5/8 (end=64, n_frames=13/65): reward=-21.3750 (mean, 1 tok)
2026-04-30 15:48:10,761 mme_vla_suite.pseudo_labeling.topreward_qwen_scorer INFO: Prefix 6/8 (end=78, n_frames=16/79): reward=-20.8750 (mean, 1 tok)
2026-04-30 15:48:17,313 mme_vla_suite.pseudo_labeling.topreward_qwen_scorer INFO: Prefix 7/8 (end=92, n_frames=19/93): reward=-18.6250 (mean, 1 tok)
2026-04-30 15:48:23,876 mme_vla_suite.pseudo_labeling.topreward_qwen_scorer INFO: Prefix 8/8 (end=106, n_frames=21/107): reward=-20.2500 (mean, 1 tok)
2026-04-30 15:48:31,365 mme_vla_suite.pseudo_labeling.topreward_qwen_scorer INFO: Prefix 1/8 (end=11, n_frames=4/12): reward=-24.3750 (mean, 1 tok)
2026-04-30 15:48:37,840 mme_vla_suite.pseudo_labeling.topreward_qwen_scorer INFO: Prefix 2/8 (end=25, n_frames=5/26): reward=-22.8750 (mean, 1 tok)
2026-04-30 15:48:44,341 mme_vla_suite.pseudo_labeling.topreward_qwen_scorer INFO: Prefix 3/8 (end=39, n_frames=8/40): reward=-20.2500 (mean, 1 tok)
2026-04-30 15:48:50,878 mme_vla_suite.pseudo_labeling.topreward_qwen_scorer INFO: Prefix 4/8 (end=54, n_frames=11/55): reward=-19.5000 (mean, 1 tok)
2026-04-30 15:48:57,408 mme_vla_suite.pseudo_labeling.topreward_qwen_scorer INFO: Prefix 5/8 (end=68, n_frames=14/69): reward=-21.8750 (mean, 1 tok)
2026-04-30 15:49:03,952 mme_vla_suite.pseudo_labeling.topreward_qwen_scorer INFO: Prefix 6/8 (end=83, n_frames=17/84): reward=-19.5000 (mean, 1 tok)
2026-04-30 15:49:10,492 mme_vla_suite.pseudo_labeling.topreward_qwen_scorer INFO: Prefix 7/8 (end=97, n_frames=20/98): reward=-18.3750 (mean, 1 tok)
2026-04-30 15:49:17,076 mme_vla_suite.pseudo_labeling.topreward_qwen_scorer INFO: Prefix 8/8 (end=112, n_frames=23/113): reward=-20.7500 (mean, 1 tok)
2026-04-30 15:49:24,659 mme_vla_suite.pseudo_labeling.topreward_qwen_scorer INFO: Prefix 1/8 (end=8, n_frames=4/9): reward=-21.7500 (mean, 1 tok)
2026-04-30 15:49:31,180 mme_vla_suite.pseudo_labeling.topreward_qwen_scorer INFO: Prefix 2/8 (end=18, n_frames=4/19): reward=-21.7500 (mean, 1 tok)
2026-04-30 15:49:37,677 mme_vla_suite.pseudo_labeling.topreward_qwen_scorer INFO: Prefix 3/8 (end=29, n_frames=6/30): reward=-21.1250 (mean, 1 tok)
2026-04-30 15:49:44,188 mme_vla_suite.pseudo_labeling.topreward_qwen_scorer INFO: Prefix 4/8 (end=40, n_frames=8/41): reward=-18.7500 (mean, 1 tok)
2026-04-30 15:49:50,708 mme_vla_suite.pseudo_labeling.topreward_qwen_scorer INFO: Prefix 5/8 (end=51, n_frames=10/52): reward=-17.6250 (mean, 1 tok)
2026-04-30 15:49:57,259 mme_vla_suite.pseudo_labeling.topreward_qwen_scorer INFO: Prefix 6/8 (end=62, n_frames=13/63): reward=-18.5000 (mean, 1 tok)
2026-04-30 15:50:03,802 mme_vla_suite.pseudo_labeling.topreward_qwen_scorer INFO: Prefix 7/8 (end=73, n_frames=15/74): reward=-18.3750 (mean, 1 tok)
2026-04-30 15:50:10,351 mme_vla_suite.pseudo_labeling.topreward_qwen_scorer INFO: Prefix 8/8 (end=84, n_frames=17/85): reward=-17.1250 (mean, 1 tok)
2026-04-30 15:50:17,829 mme_vla_suite.pseudo_labeling.topreward_qwen_scorer INFO: Prefix 1/8 (end=9, n_frames=4/10): reward=-21.7500 (mean, 1 tok)
2026-04-30 15:50:24,324 mme_vla_suite.pseudo_labeling.topreward_qwen_scorer INFO: Prefix 2/8 (end=20, n_frames=4/21): reward=-21.7500 (mean, 1 tok)
2026-04-30 15:50:30,841 mme_vla_suite.pseudo_labeling.topreward_qwen_scorer INFO: Prefix 3/8 (end=31, n_frames=6/32): reward=-19.6250 (mean, 1 tok)
2026-04-30 15:50:37,340 mme_vla_suite.pseudo_labeling.topreward_qwen_scorer INFO: Prefix 4/8 (end=43, n_frames=9/44): reward=-18.2500 (mean, 1 tok)
2026-04-30 15:50:43,826 mme_vla_suite.pseudo_labeling.topreward_qwen_scorer INFO: Prefix 5/8 (end=54, n_frames=11/55): reward=-18.5000 (mean, 1 tok)
2026-04-30 15:50:50,338 mme_vla_suite.pseudo_labeling.topreward_qwen_scorer INFO: Prefix 6/8 (end=66, n_frames=13/67): reward=-19.0000 (mean, 1 tok)
2026-04-30 15:50:56,868 mme_vla_suite.pseudo_labeling.topreward_qwen_scorer INFO: Prefix 7/8 (end=77, n_frames=16/78): reward=-18.3750 (mean, 1 tok)
2026-04-30 15:51:03,404 mme_vla_suite.pseudo_labeling.topreward_qwen_scorer INFO: Prefix 8/8 (end=89, n_frames=18/90): reward=-17.3750 (mean, 1 tok)
2026-04-30 15:51:10,869 mme_vla_suite.pseudo_labeling.topreward_qwen_scorer INFO: Prefix 1/8 (end=11, n_frames=4/12): reward=-18.8750 (mean, 1 tok)
2026-04-30 15:51:17,331 mme_vla_suite.pseudo_labeling.topreward_qwen_scorer INFO: Prefix 2/8 (end=25, n_frames=5/26): reward=-19.3750 (mean, 1 tok)
2026-04-30 15:51:23,826 mme_vla_suite.pseudo_labeling.topreward_qwen_scorer INFO: Prefix 3/8 (end=40, n_frames=8/41): reward=-16.0000 (mean, 1 tok)
2026-04-30 15:51:30,315 mme_vla_suite.pseudo_labeling.topreward_qwen_scorer INFO: Prefix 4/8 (end=55, n_frames=11/56): reward=-15.5000 (mean, 1 tok)
2026-04-30 15:51:36,842 mme_vla_suite.pseudo_labeling.topreward_qwen_scorer INFO: Prefix 5/8 (end=70, n_frames=14/71): reward=-16.3750 (mean, 1 tok)
2026-04-30 15:51:43,380 mme_vla_suite.pseudo_labeling.topreward_qwen_scorer INFO: Prefix 6/8 (end=85, n_frames=17/86): reward=-13.8750 (mean, 1 tok)
2026-04-30 15:51:49,935 mme_vla_suite.pseudo_labeling.topreward_qwen_scorer INFO: Prefix 7/8 (end=100, n_frames=20/101): reward=-14.8750 (mean, 1 tok)
2026-04-30 15:51:56,543 mme_vla_suite.pseudo_labeling.topreward_qwen_scorer INFO: Prefix 8/8 (end=115, n_frames=23/116): reward=-13.6250 (mean, 1 tok)
2026-04-30 15:52:04,080 mme_vla_suite.pseudo_labeling.topreward_qwen_scorer INFO: Prefix 1/8 (end=6, n_frames=4/7): reward=-20.8750 (mean, 1 tok)
2026-04-30 15:52:10,547 mme_vla_suite.pseudo_labeling.topreward_qwen_scorer INFO: Prefix 2/8 (end=14, n_frames=4/15): reward=-19.0000 (mean, 1 tok)
2026-04-30 15:52:17,029 mme_vla_suite.pseudo_labeling.topreward_qwen_scorer INFO: Prefix 3/8 (end=22, n_frames=5/23): reward=-17.8750 (mean, 1 tok)
2026-04-30 15:52:23,504 mme_vla_suite.pseudo_labeling.topreward_qwen_scorer INFO: Prefix 4/8 (end=30, n_frames=6/31): reward=-17.5000 (mean, 1 tok)
2026-04-30 15:52:30,003 mme_vla_suite.pseudo_labeling.topreward_qwen_scorer INFO: Prefix 5/8 (end=38, n_frames=8/39): reward=-16.6250 (mean, 1 tok)
2026-04-30 15:52:36,496 mme_vla_suite.pseudo_labeling.topreward_qwen_scorer INFO: Prefix 6/8 (end=46, n_frames=9/47): reward=-17.1250 (mean, 1 tok)
2026-04-30 15:52:42,985 mme_vla_suite.pseudo_labeling.topreward_qwen_scorer INFO: Prefix 7/8 (end=54, n_frames=11/55): reward=-16.5000 (mean, 1 tok)
2026-04-30 15:52:49,535 mme_vla_suite.pseudo_labeling.topreward_qwen_scorer INFO: Prefix 8/8 (end=62, n_frames=13/63): reward=-17.7500 (mean, 1 tok)
2026-04-30 15:52:57,130 mme_vla_suite.pseudo_labeling.topreward_qwen_scorer INFO: Prefix 1/8 (end=8, n_frames=4/9): reward=-20.1250 (mean, 1 tok)
2026-04-30 15:53:03,611 mme_vla_suite.pseudo_labeling.topreward_qwen_scorer INFO: Prefix 2/8 (end=18, n_frames=4/19): reward=-18.2500 (mean, 1 tok)
2026-04-30 15:53:10,091 mme_vla_suite.pseudo_labeling.topreward_qwen_scorer INFO: Prefix 3/8 (end=28, n_frames=6/29): reward=-17.5000 (mean, 1 tok)
2026-04-30 15:53:16,614 mme_vla_suite.pseudo_labeling.topreward_qwen_scorer INFO: Prefix 4/8 (end=38, n_frames=8/39): reward=-16.6250 (mean, 1 tok)
2026-04-30 15:53:23,208 mme_vla_suite.pseudo_labeling.topreward_qwen_scorer INFO: Prefix 5/8 (end=48, n_frames=10/49): reward=-17.0000 (mean, 1 tok)
2026-04-30 15:53:29,727 mme_vla_suite.pseudo_labeling.topreward_qwen_scorer INFO: Prefix 6/8 (end=58, n_frames=12/59): reward=-16.7500 (mean, 1 tok)
2026-04-30 15:53:36,259 mme_vla_suite.pseudo_labeling.topreward_qwen_scorer INFO: Prefix 7/8 (end=68, n_frames=14/69): reward=-17.8750 (mean, 1 tok)
2026-04-30 15:53:42,796 mme_vla_suite.pseudo_labeling.topreward_qwen_scorer INFO: Prefix 8/8 (end=79, n_frames=16/80): reward=-17.6250 (mean, 1 tok)
2026-04-30 15:53:50,570 mme_vla_suite.pseudo_labeling.topreward_qwen_scorer INFO: Prefix 1/8 (end=10, n_frames=4/11): reward=-21.2500 (mean, 1 tok)
2026-04-30 15:53:57,091 mme_vla_suite.pseudo_labeling.topreward_qwen_scorer INFO: Prefix 2/8 (end=23, n_frames=5/24): reward=-21.3750 (mean, 1 tok)
2026-04-30 15:54:03,617 mme_vla_suite.pseudo_labeling.topreward_qwen_scorer INFO: Prefix 3/8 (end=37, n_frames=8/38): reward=-21.2500 (mean, 1 tok)
2026-04-30 15:54:10,135 mme_vla_suite.pseudo_labeling.topreward_qwen_scorer INFO: Prefix 4/8 (end=50, n_frames=10/51): reward=-19.0000 (mean, 1 tok)
2026-04-30 15:54:16,792 mme_vla_suite.pseudo_labeling.topreward_qwen_scorer INFO: Prefix 5/8 (end=64, n_frames=13/65): reward=-18.1250 (mean, 1 tok)
2026-04-30 15:54:23,488 mme_vla_suite.pseudo_labeling.topreward_qwen_scorer INFO: Prefix 6/8 (end=77, n_frames=16/78): reward=-18.7500 (mean, 1 tok)
2026-04-30 15:54:30,026 mme_vla_suite.pseudo_labeling.topreward_qwen_scorer INFO: Prefix 7/8 (end=91, n_frames=18/92): reward=-18.2500 (mean, 1 tok)
2026-04-30 15:54:36,577 mme_vla_suite.pseudo_labeling.topreward_qwen_scorer INFO: Prefix 8/8 (end=105, n_frames=21/106): reward=-17.8750 (mean, 1 tok)
2026-04-30 15:54:44,220 mme_vla_suite.pseudo_labeling.topreward_qwen_scorer INFO: Prefix 1/8 (end=11, n_frames=4/12): reward=-21.1250 (mean, 1 tok)
2026-04-30 15:54:50,688 mme_vla_suite.pseudo_labeling.topreward_qwen_scorer INFO: Prefix 2/8 (end=25, n_frames=5/26): reward=-21.3750 (mean, 1 tok)
2026-04-30 15:54:57,163 mme_vla_suite.pseudo_labeling.topreward_qwen_scorer INFO: Prefix 3/8 (end=39, n_frames=8/40): reward=-20.3750 (mean, 1 tok)
2026-04-30 15:55:03,662 mme_vla_suite.pseudo_labeling.topreward_qwen_scorer INFO: Prefix 4/8 (end=53, n_frames=11/54): reward=-18.5000 (mean, 1 tok)
2026-04-30 15:55:10,180 mme_vla_suite.pseudo_labeling.topreward_qwen_scorer INFO: Prefix 5/8 (end=67, n_frames=14/68): reward=-18.2500 (mean, 1 tok)
2026-04-30 15:55:16,723 mme_vla_suite.pseudo_labeling.topreward_qwen_scorer INFO: Prefix 6/8 (end=81, n_frames=16/82): reward=-18.0000 (mean, 1 tok)
2026-04-30 15:55:23,289 mme_vla_suite.pseudo_labeling.topreward_qwen_scorer INFO: Prefix 7/8 (end=95, n_frames=19/96): reward=-17.7500 (mean, 1 tok)
2026-04-30 15:55:29,848 mme_vla_suite.pseudo_labeling.topreward_qwen_scorer INFO: Prefix 8/8 (end=110, n_frames=22/111): reward=-18.0000 (mean, 1 tok)
2026-04-30 15:55:37,370 mme_vla_suite.pseudo_labeling.topreward_qwen_scorer INFO: Prefix 1/8 (end=11, n_frames=4/12): reward=-20.0000 (mean, 1 tok)
2026-04-30 15:55:43,864 mme_vla_suite.pseudo_labeling.topreward_qwen_scorer INFO: Prefix 2/8 (end=26, n_frames=5/27): reward=-20.3750 (mean, 1 tok)
2026-04-30 15:55:50,493 mme_vla_suite.pseudo_labeling.topreward_qwen_scorer INFO: Prefix 3/8 (end=41, n_frames=8/42): reward=-16.8750 (mean, 1 tok)
2026-04-30 15:55:57,143 mme_vla_suite.pseudo_labeling.topreward_qwen_scorer INFO: Prefix 4/8 (end=56, n_frames=11/57): reward=-16.0000 (mean, 1 tok)
2026-04-30 15:56:03,804 mme_vla_suite.pseudo_labeling.topreward_qwen_scorer INFO: Prefix 5/8 (end=71, n_frames=14/72): reward=-16.1250 (mean, 1 tok)
2026-04-30 15:56:10,341 mme_vla_suite.pseudo_labeling.topreward_qwen_scorer INFO: Prefix 6/8 (end=86, n_frames=17/87): reward=-16.1250 (mean, 1 tok)
2026-04-30 15:56:16,875 mme_vla_suite.pseudo_labeling.topreward_qwen_scorer INFO: Prefix 7/8 (end=101, n_frames=20/102): reward=-16.1250 (mean, 1 tok)
2026-04-30 15:56:23,461 mme_vla_suite.pseudo_labeling.topreward_qwen_scorer INFO: Prefix 8/8 (end=116, n_frames=23/117): reward=-16.0000 (mean, 1 tok)
2026-04-30 15:56:30,864 mme_vla_suite.pseudo_labeling.topreward_qwen_scorer INFO: Prefix 1/8 (end=7, n_frames=4/8): reward=-22.0000 (mean, 1 tok)
2026-04-30 15:56:37,434 mme_vla_suite.pseudo_labeling.topreward_qwen_scorer INFO: Prefix 2/8 (end=15, n_frames=4/16): reward=-21.0000 (mean, 1 tok)
2026-04-30 15:56:44,061 mme_vla_suite.pseudo_labeling.topreward_qwen_scorer INFO: Prefix 3/8 (end=24, n_frames=5/25): reward=-20.1250 (mean, 1 tok)
2026-04-30 15:56:50,542 mme_vla_suite.pseudo_labeling.topreward_qwen_scorer INFO: Prefix 4/8 (end=33, n_frames=7/34): reward=-18.0000 (mean, 1 tok)
2026-04-30 15:56:57,036 mme_vla_suite.pseudo_labeling.topreward_qwen_scorer INFO: Prefix 5/8 (end=42, n_frames=9/43): reward=-19.0000 (mean, 1 tok)
2026-04-30 15:57:03,529 mme_vla_suite.pseudo_labeling.topreward_qwen_scorer INFO: Prefix 6/8 (end=51, n_frames=10/52): reward=-17.1250 (mean, 1 tok)
2026-04-30 15:57:10,127 mme_vla_suite.pseudo_labeling.topreward_qwen_scorer INFO: Prefix 7/8 (end=60, n_frames=12/61): reward=-16.8750 (mean, 1 tok)
2026-04-30 15:57:16,715 mme_vla_suite.pseudo_labeling.topreward_qwen_scorer INFO: Prefix 8/8 (end=69, n_frames=14/70): reward=-17.2500 (mean, 1 tok)
2026-04-30 15:57:24,333 mme_vla_suite.pseudo_labeling.topreward_qwen_scorer INFO: Prefix 1/8 (end=8, n_frames=4/9): reward=-21.6250 (mean, 1 tok)
2026-04-30 15:57:30,808 mme_vla_suite.pseudo_labeling.topreward_qwen_scorer INFO: Prefix 2/8 (end=18, n_frames=4/19): reward=-23.6250 (mean, 1 tok)
2026-04-30 15:57:37,308 mme_vla_suite.pseudo_labeling.topreward_qwen_scorer INFO: Prefix 3/8 (end=28, n_frames=6/29): reward=-18.0000 (mean, 1 tok)
2026-04-30 15:57:43,809 mme_vla_suite.pseudo_labeling.topreward_qwen_scorer INFO: Prefix 4/8 (end=39, n_frames=8/40): reward=-17.2500 (mean, 1 tok)
2026-04-30 15:57:50,295 mme_vla_suite.pseudo_labeling.topreward_qwen_scorer INFO: Prefix 5/8 (end=49, n_frames=10/50): reward=-16.5000 (mean, 1 tok)
2026-04-30 15:57:56,800 mme_vla_suite.pseudo_labeling.topreward_qwen_scorer INFO: Prefix 6/8 (end=60, n_frames=12/61): reward=-16.8750 (mean, 1 tok)
2026-04-30 15:58:03,321 mme_vla_suite.pseudo_labeling.topreward_qwen_scorer INFO: Prefix 7/8 (end=70, n_frames=14/71): reward=-16.7500 (mean, 1 tok)
2026-04-30 15:58:09,842 mme_vla_suite.pseudo_labeling.topreward_qwen_scorer INFO: Prefix 8/8 (end=81, n_frames=16/82): reward=-16.6250 (mean, 1 tok)
2026-04-30 15:58:17,457 mme_vla_suite.pseudo_labeling.topreward_qwen_scorer INFO: Prefix 1/8 (end=11, n_frames=4/12): reward=-18.6250 (mean, 1 tok)
2026-04-30 15:58:23,925 mme_vla_suite.pseudo_labeling.topreward_qwen_scorer INFO: Prefix 2/8 (end=25, n_frames=5/26): reward=-18.8750 (mean, 1 tok)
2026-04-30 15:58:30,407 mme_vla_suite.pseudo_labeling.topreward_qwen_scorer INFO: Prefix 3/8 (end=39, n_frames=8/40): reward=-16.8750 (mean, 1 tok)
2026-04-30 15:58:36,908 mme_vla_suite.pseudo_labeling.topreward_qwen_scorer INFO: Prefix 4/8 (end=54, n_frames=11/55): reward=-16.1250 (mean, 1 tok)
2026-04-30 15:58:43,409 mme_vla_suite.pseudo_labeling.topreward_qwen_scorer INFO: Prefix 5/8 (end=68, n_frames=14/69): reward=-15.6250 (mean, 1 tok)
2026-04-30 15:58:49,923 mme_vla_suite.pseudo_labeling.topreward_qwen_scorer INFO: Prefix 6/8 (end=83, n_frames=17/84): reward=-14.6250 (mean, 1 tok)
2026-04-30 15:58:56,469 mme_vla_suite.pseudo_labeling.topreward_qwen_scorer INFO: Prefix 7/8 (end=97, n_frames=20/98): reward=-13.6250 (mean, 1 tok)
2026-04-30 15:59:03,072 mme_vla_suite.pseudo_labeling.topreward_qwen_scorer INFO: Prefix 8/8 (end=112, n_frames=23/113): reward=-14.5000 (mean, 1 tok)
2026-04-30 15:59:10,509 mme_vla_suite.pseudo_labeling.topreward_qwen_scorer INFO: Prefix 1/8 (end=8, n_frames=4/9): reward=-24.6250 (mean, 1 tok)
2026-04-30 15:59:17,022 mme_vla_suite.pseudo_labeling.topreward_qwen_scorer INFO: Prefix 2/8 (end=18, n_frames=4/19): reward=-21.7500 (mean, 1 tok)
2026-04-30 15:59:23,524 mme_vla_suite.pseudo_labeling.topreward_qwen_scorer INFO: Prefix 3/8 (end=29, n_frames=6/30): reward=-22.2500 (mean, 1 tok)
2026-04-30 15:59:30,007 mme_vla_suite.pseudo_labeling.topreward_qwen_scorer INFO: Prefix 4/8 (end=40, n_frames=8/41): reward=-22.2500 (mean, 1 tok)
2026-04-30 15:59:36,538 mme_vla_suite.pseudo_labeling.topreward_qwen_scorer INFO: Prefix 5/8 (end=51, n_frames=10/52): reward=-22.5000 (mean, 1 tok)
2026-04-30 15:59:43,050 mme_vla_suite.pseudo_labeling.topreward_qwen_scorer INFO: Prefix 6/8 (end=62, n_frames=13/63): reward=-23.2500 (mean, 1 tok)
2026-04-30 15:59:49,620 mme_vla_suite.pseudo_labeling.topreward_qwen_scorer INFO: Prefix 7/8 (end=73, n_frames=15/74): reward=-20.6250 (mean, 1 tok)
2026-04-30 15:59:56,171 mme_vla_suite.pseudo_labeling.topreward_qwen_scorer INFO: Prefix 8/8 (end=84, n_frames=17/85): reward=-20.0000 (mean, 1 tok)
2026-04-30 16:00:03,779 mme_vla_suite.pseudo_labeling.topreward_qwen_scorer INFO: Prefix 1/8 (end=9, n_frames=4/10): reward=-24.5000 (mean, 1 tok)
2026-04-30 16:00:10,274 mme_vla_suite.pseudo_labeling.topreward_qwen_scorer INFO: Prefix 2/8 (end=20, n_frames=4/21): reward=-21.6250 (mean, 1 tok)
2026-04-30 16:00:16,774 mme_vla_suite.pseudo_labeling.topreward_qwen_scorer INFO: Prefix 3/8 (end=32, n_frames=7/33): reward=-20.5000 (mean, 1 tok)
2026-04-30 16:00:23,283 mme_vla_suite.pseudo_labeling.topreward_qwen_scorer INFO: Prefix 4/8 (end=43, n_frames=9/44): reward=-23.1250 (mean, 1 tok)
2026-04-30 16:00:29,812 mme_vla_suite.pseudo_labeling.topreward_qwen_scorer INFO: Prefix 5/8 (end=55, n_frames=11/56): reward=-22.6250 (mean, 1 tok)
2026-04-30 16:00:36,339 mme_vla_suite.pseudo_labeling.topreward_qwen_scorer INFO: Prefix 6/8 (end=66, n_frames=13/67): reward=-20.6250 (mean, 1 tok)
2026-04-30 16:00:42,848 mme_vla_suite.pseudo_labeling.topreward_qwen_scorer INFO: Prefix 7/8 (end=78, n_frames=16/79): reward=-20.3750 (mean, 1 tok)
2026-04-30 16:00:49,387 mme_vla_suite.pseudo_labeling.topreward_qwen_scorer INFO: Prefix 8/8 (end=90, n_frames=18/91): reward=-20.3750 (mean, 1 tok)
2026-04-30 16:00:57,092 mme_vla_suite.pseudo_labeling.topreward_qwen_scorer INFO: Prefix 1/8 (end=11, n_frames=4/12): reward=-19.1250 (mean, 1 tok)
2026-04-30 16:01:03,587 mme_vla_suite.pseudo_labeling.topreward_qwen_scorer INFO: Prefix 2/8 (end=26, n_frames=5/27): reward=-18.7500 (mean, 1 tok)
2026-04-30 16:01:10,076 mme_vla_suite.pseudo_labeling.topreward_qwen_scorer INFO: Prefix 3/8 (end=41, n_frames=8/42): reward=-16.8750 (mean, 1 tok)
2026-04-30 16:01:16,602 mme_vla_suite.pseudo_labeling.topreward_qwen_scorer INFO: Prefix 4/8 (end=56, n_frames=11/57): reward=-14.8750 (mean, 1 tok)
2026-04-30 16:01:23,239 mme_vla_suite.pseudo_labeling.topreward_qwen_scorer INFO: Prefix 5/8 (end=71, n_frames=14/72): reward=-14.5000 (mean, 1 tok)
2026-04-30 16:01:29,791 mme_vla_suite.pseudo_labeling.topreward_qwen_scorer INFO: Prefix 6/8 (end=86, n_frames=17/87): reward=-13.3750 (mean, 1 tok)
2026-04-30 16:01:36,373 mme_vla_suite.pseudo_labeling.topreward_qwen_scorer INFO: Prefix 7/8 (end=101, n_frames=20/102): reward=-14.3750 (mean, 1 tok)
2026-04-30 16:01:43,040 mme_vla_suite.pseudo_labeling.topreward_qwen_scorer INFO: Prefix 8/8 (end=116, n_frames=23/117): reward=-13.6250 (mean, 1 tok)
2026-04-30 16:01:50,856 mme_vla_suite.pseudo_labeling.topreward_qwen_scorer INFO: Prefix 1/8 (end=12, n_frames=4/13): reward=-23.5000 (mean, 1 tok)
2026-04-30 16:01:57,376 mme_vla_suite.pseudo_labeling.topreward_qwen_scorer INFO: Prefix 2/8 (end=28, n_frames=6/29): reward=-21.3750 (mean, 1 tok)
2026-04-30 16:02:03,908 mme_vla_suite.pseudo_labeling.topreward_qwen_scorer INFO: Prefix 3/8 (end=44, n_frames=9/45): reward=-18.7500 (mean, 1 tok)
2026-04-30 16:02:10,424 mme_vla_suite.pseudo_labeling.topreward_qwen_scorer INFO: Prefix 4/8 (end=60, n_frames=12/61): reward=-19.3750 (mean, 1 tok)
2026-04-30 16:02:16,965 mme_vla_suite.pseudo_labeling.topreward_qwen_scorer INFO: Prefix 5/8 (end=77, n_frames=16/78): reward=-20.0000 (mean, 1 tok)
2026-04-30 16:02:23,538 mme_vla_suite.pseudo_labeling.topreward_qwen_scorer INFO: Prefix 6/8 (end=93, n_frames=19/94): reward=-20.5000 (mean, 1 tok)
2026-04-30 16:02:30,117 mme_vla_suite.pseudo_labeling.topreward_qwen_scorer INFO: Prefix 7/8 (end=109, n_frames=22/110): reward=-18.6250 (mean, 1 tok)
2026-04-30 16:02:36,711 mme_vla_suite.pseudo_labeling.topreward_qwen_scorer INFO: Prefix 8/8 (end=126, n_frames=25/127): reward=-19.1250 (mean, 1 tok)
2026-04-30 16:02:44,408 mme_vla_suite.pseudo_labeling.topreward_qwen_scorer INFO: Prefix 1/8 (end=13, n_frames=4/14): reward=-22.7500 (mean, 1 tok)
2026-04-30 16:02:50,910 mme_vla_suite.pseudo_labeling.topreward_qwen_scorer INFO: Prefix 2/8 (end=30, n_frames=6/31): reward=-21.3750 (mean, 1 tok)
2026-04-30 16:02:57,435 mme_vla_suite.pseudo_labeling.topreward_qwen_scorer INFO: Prefix 3/8 (end=47, n_frames=10/48): reward=-20.1250 (mean, 1 tok)
2026-04-30 16:03:03,962 mme_vla_suite.pseudo_labeling.topreward_qwen_scorer INFO: Prefix 4/8 (end=64, n_frames=13/65): reward=-20.3750 (mean, 1 tok)
2026-04-30 16:03:10,576 mme_vla_suite.pseudo_labeling.topreward_qwen_scorer INFO: Prefix 5/8 (end=81, n_frames=16/82): reward=-21.0000 (mean, 1 tok)
2026-04-30 16:03:17,119 mme_vla_suite.pseudo_labeling.topreward_qwen_scorer INFO: Prefix 6/8 (end=98, n_frames=20/99): reward=-20.8750 (mean, 1 tok)
2026-04-30 16:03:23,714 mme_vla_suite.pseudo_labeling.topreward_qwen_scorer INFO: Prefix 7/8 (end=115, n_frames=23/116): reward=-19.1250 (mean, 1 tok)
2026-04-30 16:03:30,368 mme_vla_suite.pseudo_labeling.topreward_qwen_scorer INFO: Prefix 8/8 (end=132, n_frames=27/133): reward=-19.3750 (mean, 1 tok)
2026-04-30 16:03:38,029 mme_vla_suite.pseudo_labeling.topreward_qwen_scorer INFO: Prefix 1/8 (end=10, n_frames=4/11): reward=-21.7500 (mean, 1 tok)
2026-04-30 16:03:44,527 mme_vla_suite.pseudo_labeling.topreward_qwen_scorer INFO: Prefix 2/8 (end=22, n_frames=5/23): reward=-21.8750 (mean, 1 tok)
2026-04-30 16:03:51,030 mme_vla_suite.pseudo_labeling.topreward_qwen_scorer INFO: Prefix 3/8 (end=35, n_frames=7/36): reward=-19.8750 (mean, 1 tok)
2026-04-30 16:03:57,539 mme_vla_suite.pseudo_labeling.topreward_qwen_scorer INFO: Prefix 4/8 (end=48, n_frames=10/49): reward=-17.8750 (mean, 1 tok)
2026-04-30 16:04:04,046 mme_vla_suite.pseudo_labeling.topreward_qwen_scorer INFO: Prefix 5/8 (end=60, n_frames=12/61): reward=-17.6250 (mean, 1 tok)
2026-04-30 16:04:10,600 mme_vla_suite.pseudo_labeling.topreward_qwen_scorer INFO: Prefix 6/8 (end=73, n_frames=15/74): reward=-19.0000 (mean, 1 tok)
2026-04-30 16:04:17,141 mme_vla_suite.pseudo_labeling.topreward_qwen_scorer INFO: Prefix 7/8 (end=86, n_frames=17/87): reward=-18.1250 (mean, 1 tok)
2026-04-30 16:04:23,673 mme_vla_suite.pseudo_labeling.topreward_qwen_scorer INFO: Prefix 8/8 (end=99, n_frames=20/100): reward=-18.2500 (mean, 1 tok)
2026-04-30 16:04:31,175 mme_vla_suite.pseudo_labeling.topreward_qwen_scorer INFO: Prefix 1/8 (end=10, n_frames=4/11): reward=-21.7500 (mean, 1 tok)
2026-04-30 16:04:37,700 mme_vla_suite.pseudo_labeling.topreward_qwen_scorer INFO: Prefix 2/8 (end=23, n_frames=5/24): reward=-21.8750 (mean, 1 tok)
2026-04-30 16:04:44,215 mme_vla_suite.pseudo_labeling.topreward_qwen_scorer INFO: Prefix 3/8 (end=36, n_frames=7/37): reward=-18.5000 (mean, 1 tok)
2026-04-30 16:04:50,724 mme_vla_suite.pseudo_labeling.topreward_qwen_scorer INFO: Prefix 4/8 (end=50, n_frames=10/51): reward=-17.5000 (mean, 1 tok)
2026-04-30 16:04:57,284 mme_vla_suite.pseudo_labeling.topreward_qwen_scorer INFO: Prefix 5/8 (end=63, n_frames=13/64): reward=-19.0000 (mean, 1 tok)
2026-04-30 16:05:03,842 mme_vla_suite.pseudo_labeling.topreward_qwen_scorer INFO: Prefix 6/8 (end=77, n_frames=16/78): reward=-19.2500 (mean, 1 tok)
2026-04-30 16:05:10,386 mme_vla_suite.pseudo_labeling.topreward_qwen_scorer INFO: Prefix 7/8 (end=90, n_frames=18/91): reward=-17.6250 (mean, 1 tok)
2026-04-30 16:05:16,969 mme_vla_suite.pseudo_labeling.topreward_qwen_scorer INFO: Prefix 8/8 (end=104, n_frames=21/105): reward=-17.6250 (mean, 1 tok)
2026-04-30 16:05:24,677 mme_vla_suite.pseudo_labeling.topreward_qwen_scorer INFO: Prefix 1/8 (end=10, n_frames=4/11): reward=-20.6250 (mean, 1 tok)
2026-04-30 16:05:31,187 mme_vla_suite.pseudo_labeling.topreward_qwen_scorer INFO: Prefix 2/8 (end=23, n_frames=5/24): reward=-21.5000 (mean, 1 tok)
2026-04-30 16:05:37,724 mme_vla_suite.pseudo_labeling.topreward_qwen_scorer INFO: Prefix 3/8 (end=36, n_frames=7/37): reward=-16.8750 (mean, 1 tok)
2026-04-30 16:05:44,224 mme_vla_suite.pseudo_labeling.topreward_qwen_scorer INFO: Prefix 4/8 (end=50, n_frames=10/51): reward=-16.6250 (mean, 1 tok)
2026-04-30 16:05:50,732 mme_vla_suite.pseudo_labeling.topreward_qwen_scorer INFO: Prefix 5/8 (end=63, n_frames=13/64): reward=-17.5000 (mean, 1 tok)
2026-04-30 16:05:57,264 mme_vla_suite.pseudo_labeling.topreward_qwen_scorer INFO: Prefix 6/8 (end=77, n_frames=16/78): reward=-16.6250 (mean, 1 tok)
2026-04-30 16:06:03,822 mme_vla_suite.pseudo_labeling.topreward_qwen_scorer INFO: Prefix 7/8 (end=90, n_frames=18/91): reward=-15.6250 (mean, 1 tok)
2026-04-30 16:06:10,409 mme_vla_suite.pseudo_labeling.topreward_qwen_scorer INFO: Prefix 8/8 (end=104, n_frames=21/105): reward=-15.7500 (mean, 1 tok)
2026-04-30 16:06:17,959 mme_vla_suite.pseudo_labeling.topreward_qwen_scorer INFO: Prefix 1/8 (end=5, n_frames=4/6): reward=-20.5000 (mean, 1 tok)
2026-04-30 16:06:24,410 mme_vla_suite.pseudo_labeling.topreward_qwen_scorer INFO: Prefix 2/8 (end=12, n_frames=4/13): reward=-20.0000 (mean, 1 tok)
2026-04-30 16:06:30,881 mme_vla_suite.pseudo_labeling.topreward_qwen_scorer INFO: Prefix 3/8 (end=20, n_frames=4/21): reward=-18.6250 (mean, 1 tok)
2026-04-30 16:06:37,357 mme_vla_suite.pseudo_labeling.topreward_qwen_scorer INFO: Prefix 4/8 (end=27, n_frames=6/28): reward=-18.6250 (mean, 1 tok)
2026-04-30 16:06:43,830 mme_vla_suite.pseudo_labeling.topreward_qwen_scorer INFO: Prefix 5/8 (end=35, n_frames=7/36): reward=-17.7500 (mean, 1 tok)
2026-04-30 16:06:50,319 mme_vla_suite.pseudo_labeling.topreward_qwen_scorer INFO: Prefix 6/8 (end=42, n_frames=9/43): reward=-18.7500 (mean, 1 tok)
2026-04-30 16:06:56,809 mme_vla_suite.pseudo_labeling.topreward_qwen_scorer INFO: Prefix 7/8 (end=50, n_frames=10/51): reward=-20.2500 (mean, 1 tok)
2026-04-30 16:07:03,320 mme_vla_suite.pseudo_labeling.topreward_qwen_scorer INFO: Prefix 8/8 (end=58, n_frames=12/59): reward=-18.3750 (mean, 1 tok)
2026-04-30 16:07:10,779 mme_vla_suite.pseudo_labeling.topreward_qwen_scorer INFO: Prefix 1/8 (end=7, n_frames=4/8): reward=-20.3750 (mean, 1 tok)
2026-04-30 16:07:17,251 mme_vla_suite.pseudo_labeling.topreward_qwen_scorer INFO: Prefix 2/8 (end=16, n_frames=4/17): reward=-18.8750 (mean, 1 tok)
2026-04-30 16:07:23,731 mme_vla_suite.pseudo_labeling.topreward_qwen_scorer INFO: Prefix 3/8 (end=25, n_frames=5/26): reward=-23.0000 (mean, 1 tok)
2026-04-30 16:07:30,194 mme_vla_suite.pseudo_labeling.topreward_qwen_scorer INFO: Prefix 4/8 (end=34, n_frames=7/35): reward=-17.7500 (mean, 1 tok)
2026-04-30 16:07:36,682 mme_vla_suite.pseudo_labeling.topreward_qwen_scorer INFO: Prefix 5/8 (end=43, n_frames=9/44): reward=-21.0000 (mean, 1 tok)
2026-04-30 16:07:43,169 mme_vla_suite.pseudo_labeling.topreward_qwen_scorer INFO: Prefix 6/8 (end=52, n_frames=11/53): reward=-20.5000 (mean, 1 tok)
2026-04-30 16:07:49,676 mme_vla_suite.pseudo_labeling.topreward_qwen_scorer INFO: Prefix 7/8 (end=61, n_frames=12/62): reward=-17.0000 (mean, 1 tok)
2026-04-30 16:07:56,168 mme_vla_suite.pseudo_labeling.topreward_qwen_scorer INFO: Prefix 8/8 (end=70, n_frames=14/71): reward=-17.6250 (mean, 1 tok)
2026-04-30 16:08:03,933 mme_vla_suite.pseudo_labeling.topreward_qwen_scorer INFO: Prefix 1/8 (end=11, n_frames=4/12): reward=-18.7500 (mean, 1 tok)
2026-04-30 16:08:10,427 mme_vla_suite.pseudo_labeling.topreward_qwen_scorer INFO: Prefix 2/8 (end=25, n_frames=5/26): reward=-18.6250 (mean, 1 tok)
2026-04-30 16:08:16,918 mme_vla_suite.pseudo_labeling.topreward_qwen_scorer INFO: Prefix 3/8 (end=39, n_frames=8/40): reward=-16.6250 (mean, 1 tok)
2026-04-30 16:08:23,427 mme_vla_suite.pseudo_labeling.topreward_qwen_scorer INFO: Prefix 4/8 (end=54, n_frames=11/55): reward=-16.3750 (mean, 1 tok)
2026-04-30 16:08:29,968 mme_vla_suite.pseudo_labeling.topreward_qwen_scorer INFO: Prefix 5/8 (end=68, n_frames=14/69): reward=-17.0000 (mean, 1 tok)
2026-04-30 16:08:36,502 mme_vla_suite.pseudo_labeling.topreward_qwen_scorer INFO: Prefix 6/8 (end=83, n_frames=17/84): reward=-16.2500 (mean, 1 tok)
2026-04-30 16:08:43,108 mme_vla_suite.pseudo_labeling.topreward_qwen_scorer INFO: Prefix 7/8 (end=97, n_frames=20/98): reward=-16.3750 (mean, 1 tok)
2026-04-30 16:08:49,740 mme_vla_suite.pseudo_labeling.topreward_qwen_scorer INFO: Prefix 8/8 (end=112, n_frames=23/113): reward=-15.1250 (mean, 1 tok)
2026-04-30 16:08:57,399 mme_vla_suite.pseudo_labeling.topreward_qwen_scorer INFO: Prefix 1/8 (end=6, n_frames=4/7): reward=-21.1250 (mean, 1 tok)
2026-04-30 16:09:03,877 mme_vla_suite.pseudo_labeling.topreward_qwen_scorer INFO: Prefix 2/8 (end=14, n_frames=4/15): reward=-19.8750 (mean, 1 tok)
2026-04-30 16:09:10,336 mme_vla_suite.pseudo_labeling.topreward_qwen_scorer INFO: Prefix 3/8 (end=23, n_frames=5/24): reward=-20.8750 (mean, 1 tok)
2026-04-30 16:09:16,813 mme_vla_suite.pseudo_labeling.topreward_qwen_scorer INFO: Prefix 4/8 (end=31, n_frames=6/32): reward=-21.3750 (mean, 1 tok)
2026-04-30 16:09:23,317 mme_vla_suite.pseudo_labeling.topreward_qwen_scorer INFO: Prefix 5/8 (end=40, n_frames=8/41): reward=-20.3750 (mean, 1 tok)
2026-04-30 16:09:29,807 mme_vla_suite.pseudo_labeling.topreward_qwen_scorer INFO: Prefix 6/8 (end=48, n_frames=10/49): reward=-17.7500 (mean, 1 tok)
2026-04-30 16:09:36,299 mme_vla_suite.pseudo_labeling.topreward_qwen_scorer INFO: Prefix 7/8 (end=57, n_frames=12/58): reward=-17.2500 (mean, 1 tok)
2026-04-30 16:09:42,823 mme_vla_suite.pseudo_labeling.topreward_qwen_scorer INFO: Prefix 8/8 (end=66, n_frames=13/67): reward=-16.6250 (mean, 1 tok)
2026-04-30 16:09:50,233 mme_vla_suite.pseudo_labeling.topreward_qwen_scorer INFO: Prefix 1/8 (end=7, n_frames=4/8): reward=-21.0000 (mean, 1 tok)
2026-04-30 16:09:56,736 mme_vla_suite.pseudo_labeling.topreward_qwen_scorer INFO: Prefix 2/8 (end=17, n_frames=4/18): reward=-19.1250 (mean, 1 tok)
2026-04-30 16:10:03,236 mme_vla_suite.pseudo_labeling.topreward_qwen_scorer INFO: Prefix 3/8 (end=27, n_frames=6/28): reward=-22.2500 (mean, 1 tok)
2026-04-30 16:10:09,735 mme_vla_suite.pseudo_labeling.topreward_qwen_scorer INFO: Prefix 4/8 (end=37, n_frames=8/38): reward=-20.8750 (mean, 1 tok)
2026-04-30 16:10:16,236 mme_vla_suite.pseudo_labeling.topreward_qwen_scorer INFO: Prefix 5/8 (end=47, n_frames=10/48): reward=-18.3750 (mean, 1 tok)
2026-04-30 16:10:22,766 mme_vla_suite.pseudo_labeling.topreward_qwen_scorer INFO: Prefix 6/8 (end=57, n_frames=12/58): reward=-17.2500 (mean, 1 tok)
2026-04-30 16:10:29,290 mme_vla_suite.pseudo_labeling.topreward_qwen_scorer INFO: Prefix 7/8 (end=67, n_frames=14/68): reward=-16.8750 (mean, 1 tok)
2026-04-30 16:10:35,827 mme_vla_suite.pseudo_labeling.topreward_qwen_scorer INFO: Prefix 8/8 (end=78, n_frames=16/79): reward=-17.5000 (mean, 1 tok)
2026-04-30 16:10:43,595 mme_vla_suite.pseudo_labeling.topreward_qwen_scorer INFO: Prefix 1/8 (end=10, n_frames=4/11): reward=-18.3750 (mean, 1 tok)
2026-04-30 16:10:50,097 mme_vla_suite.pseudo_labeling.topreward_qwen_scorer INFO: Prefix 2/8 (end=23, n_frames=5/24): reward=-18.7500 (mean, 1 tok)
2026-04-30 16:10:56,603 mme_vla_suite.pseudo_labeling.topreward_qwen_scorer INFO: Prefix 3/8 (end=36, n_frames=7/37): reward=-16.2500 (mean, 1 tok)
2026-04-30 16:11:03,124 mme_vla_suite.pseudo_labeling.topreward_qwen_scorer INFO: Prefix 4/8 (end=49, n_frames=10/50): reward=-15.2500 (mean, 1 tok)
2026-04-30 16:11:09,658 mme_vla_suite.pseudo_labeling.topreward_qwen_scorer INFO: Prefix 5/8 (end=62, n_frames=13/63): reward=-16.0000 (mean, 1 tok)
2026-04-30 16:11:16,199 mme_vla_suite.pseudo_labeling.topreward_qwen_scorer INFO: Prefix 6/8 (end=75, n_frames=15/76): reward=-14.8750 (mean, 1 tok)
2026-04-30 16:11:22,742 mme_vla_suite.pseudo_labeling.topreward_qwen_scorer INFO: Prefix 7/8 (end=88, n_frames=18/89): reward=-15.3750 (mean, 1 tok)
2026-04-30 16:11:29,356 mme_vla_suite.pseudo_labeling.topreward_qwen_scorer INFO: Prefix 8/8 (end=102, n_frames=21/103): reward=-14.5000 (mean, 1 tok)
2026-04-30 16:11:36,986 mme_vla_suite.pseudo_labeling.topreward_qwen_scorer INFO: Prefix 1/8 (end=6, n_frames=4/7): reward=-20.3750 (mean, 1 tok)
2026-04-30 16:11:43,449 mme_vla_suite.pseudo_labeling.topreward_qwen_scorer INFO: Prefix 2/8 (end=14, n_frames=4/15): reward=-20.7500 (mean, 1 tok)
2026-04-30 16:11:49,933 mme_vla_suite.pseudo_labeling.topreward_qwen_scorer INFO: Prefix 3/8 (end=22, n_frames=5/23): reward=-20.8750 (mean, 1 tok)
2026-04-30 16:11:56,454 mme_vla_suite.pseudo_labeling.topreward_qwen_scorer INFO: Prefix 4/8 (end=30, n_frames=6/31): reward=-19.0000 (mean, 1 tok)
2026-04-30 16:12:02,939 mme_vla_suite.pseudo_labeling.topreward_qwen_scorer INFO: Prefix 5/8 (end=39, n_frames=8/40): reward=-16.8750 (mean, 1 tok)
2026-04-30 16:12:09,581 mme_vla_suite.pseudo_labeling.topreward_qwen_scorer INFO: Prefix 6/8 (end=47, n_frames=10/48): reward=-16.2500 (mean, 1 tok)
2026-04-30 16:12:16,099 mme_vla_suite.pseudo_labeling.topreward_qwen_scorer INFO: Prefix 7/8 (end=55, n_frames=11/56): reward=-15.5000 (mean, 1 tok)
2026-04-30 16:12:22,661 mme_vla_suite.pseudo_labeling.topreward_qwen_scorer INFO: Prefix 8/8 (end=64, n_frames=13/65): reward=-15.5000 (mean, 1 tok)
2026-04-30 16:12:30,054 mme_vla_suite.pseudo_labeling.topreward_qwen_scorer INFO: Prefix 1/8 (end=8, n_frames=4/9): reward=-21.3750 (mean, 1 tok)
2026-04-30 16:12:36,619 mme_vla_suite.pseudo_labeling.topreward_qwen_scorer INFO: Prefix 2/8 (end=18, n_frames=4/19): reward=-20.3750 (mean, 1 tok)
2026-04-30 16:12:43,117 mme_vla_suite.pseudo_labeling.topreward_qwen_scorer INFO: Prefix 3/8 (end=28, n_frames=6/29): reward=-20.5000 (mean, 1 tok)
2026-04-30 16:12:49,619 mme_vla_suite.pseudo_labeling.topreward_qwen_scorer INFO: Prefix 4/8 (end=38, n_frames=8/39): reward=-16.3750 (mean, 1 tok)
2026-04-30 16:12:56,163 mme_vla_suite.pseudo_labeling.topreward_qwen_scorer INFO: Prefix 5/8 (end=49, n_frames=10/50): reward=-15.7500 (mean, 1 tok)
2026-04-30 16:13:02,651 mme_vla_suite.pseudo_labeling.topreward_qwen_scorer INFO: Prefix 6/8 (end=59, n_frames=12/60): reward=-14.7500 (mean, 1 tok)
2026-04-30 16:13:09,183 mme_vla_suite.pseudo_labeling.topreward_qwen_scorer INFO: Prefix 7/8 (end=69, n_frames=14/70): reward=-16.0000 (mean, 1 tok)
2026-04-30 16:13:15,797 mme_vla_suite.pseudo_labeling.topreward_qwen_scorer INFO: Prefix 8/8 (end=80, n_frames=16/81): reward=-15.7500 (mean, 1 tok)
2026-04-30 16:13:23,337 mme_vla_suite.pseudo_labeling.topreward_qwen_scorer INFO: Prefix 1/8 (end=12, n_frames=4/13): reward=-17.8750 (mean, 1 tok)
2026-04-30 16:13:29,821 mme_vla_suite.pseudo_labeling.topreward_qwen_scorer INFO: Prefix 2/8 (end=27, n_frames=6/28): reward=-17.8750 (mean, 1 tok)
2026-04-30 16:13:36,337 mme_vla_suite.pseudo_labeling.topreward_qwen_scorer INFO: Prefix 3/8 (end=43, n_frames=9/44): reward=-16.0000 (mean, 1 tok)
2026-04-30 16:13:42,857 mme_vla_suite.pseudo_labeling.topreward_qwen_scorer INFO: Prefix 4/8 (end=59, n_frames=12/60): reward=-15.8750 (mean, 1 tok)
2026-04-30 16:13:49,401 mme_vla_suite.pseudo_labeling.topreward_qwen_scorer INFO: Prefix 5/8 (end=75, n_frames=15/76): reward=-14.7500 (mean, 1 tok)
2026-04-30 16:13:55,943 mme_vla_suite.pseudo_labeling.topreward_qwen_scorer INFO: Prefix 6/8 (end=91, n_frames=18/92): reward=-14.7500 (mean, 1 tok)
2026-04-30 16:14:02,506 mme_vla_suite.pseudo_labeling.topreward_qwen_scorer INFO: Prefix 7/8 (end=107, n_frames=22/108): reward=-14.1250 (mean, 1 tok)
2026-04-30 16:14:09,143 mme_vla_suite.pseudo_labeling.topreward_qwen_scorer INFO: Prefix 8/8 (end=123, n_frames=25/124): reward=-14.5000 (mean, 1 tok)
2026-04-30 16:14:16,579 mme_vla_suite.pseudo_labeling.topreward_qwen_scorer INFO: Prefix 1/8 (end=7, n_frames=4/8): reward=-23.8750 (mean, 1 tok)
2026-04-30 16:14:23,088 mme_vla_suite.pseudo_labeling.topreward_qwen_scorer INFO: Prefix 2/8 (end=16, n_frames=4/17): reward=-21.6250 (mean, 1 tok)
2026-04-30 16:14:29,591 mme_vla_suite.pseudo_labeling.topreward_qwen_scorer INFO: Prefix 3/8 (end=25, n_frames=5/26): reward=-22.2500 (mean, 1 tok)
2026-04-30 16:14:36,084 mme_vla_suite.pseudo_labeling.topreward_qwen_scorer INFO: Prefix 4/8 (end=34, n_frames=7/35): reward=-22.0000 (mean, 1 tok)
2026-04-30 16:14:42,598 mme_vla_suite.pseudo_labeling.topreward_qwen_scorer INFO: Prefix 5/8 (end=44, n_frames=9/45): reward=-22.1250 (mean, 1 tok)
2026-04-30 16:14:49,123 mme_vla_suite.pseudo_labeling.topreward_qwen_scorer INFO: Prefix 6/8 (end=53, n_frames=11/54): reward=-21.2500 (mean, 1 tok)
2026-04-30 16:14:55,653 mme_vla_suite.pseudo_labeling.topreward_qwen_scorer INFO: Prefix 7/8 (end=62, n_frames=13/63): reward=-20.1250 (mean, 1 tok)
2026-04-30 16:15:02,209 mme_vla_suite.pseudo_labeling.topreward_qwen_scorer INFO: Prefix 8/8 (end=72, n_frames=15/73): reward=-21.5000 (mean, 1 tok)
2026-04-30 16:15:09,838 mme_vla_suite.pseudo_labeling.topreward_qwen_scorer INFO: Prefix 1/8 (end=7, n_frames=4/8): reward=-23.8750 (mean, 1 tok)
2026-04-30 16:15:16,343 mme_vla_suite.pseudo_labeling.topreward_qwen_scorer INFO: Prefix 2/8 (end=17, n_frames=4/18): reward=-21.3750 (mean, 1 tok)
2026-04-30 16:15:22,846 mme_vla_suite.pseudo_labeling.topreward_qwen_scorer INFO: Prefix 3/8 (end=27, n_frames=6/28): reward=-22.0000 (mean, 1 tok)
2026-04-30 16:15:29,357 mme_vla_suite.pseudo_labeling.topreward_qwen_scorer INFO: Prefix 4/8 (end=37, n_frames=8/38): reward=-22.2500 (mean, 1 tok)
2026-04-30 16:15:35,866 mme_vla_suite.pseudo_labeling.topreward_qwen_scorer INFO: Prefix 5/8 (end=47, n_frames=10/48): reward=-22.7500 (mean, 1 tok)
2026-04-30 16:15:42,401 mme_vla_suite.pseudo_labeling.topreward_qwen_scorer INFO: Prefix 6/8 (end=57, n_frames=12/58): reward=-21.0000 (mean, 1 tok)
2026-04-30 16:15:48,933 mme_vla_suite.pseudo_labeling.topreward_qwen_scorer INFO: Prefix 7/8 (end=67, n_frames=14/68): reward=-20.6250 (mean, 1 tok)
2026-04-30 16:15:55,439 mme_vla_suite.pseudo_labeling.topreward_qwen_scorer INFO: Prefix 8/8 (end=78, n_frames=16/79): reward=-21.8750 (mean, 1 tok)
2026-04-30 16:16:03,412 mme_vla_suite.pseudo_labeling.topreward_qwen_scorer INFO: Prefix 1/8 (end=12, n_frames=4/13): reward=-17.7500 (mean, 1 tok)
2026-04-30 16:16:10,038 mme_vla_suite.pseudo_labeling.topreward_qwen_scorer INFO: Prefix 2/8 (end=27, n_frames=6/28): reward=-17.1250 (mean, 1 tok)
2026-04-30 16:16:16,696 mme_vla_suite.pseudo_labeling.topreward_qwen_scorer INFO: Prefix 3/8 (end=43, n_frames=9/44): reward=-15.7500 (mean, 1 tok)
2026-04-30 16:16:23,358 mme_vla_suite.pseudo_labeling.topreward_qwen_scorer INFO: Prefix 4/8 (end=58, n_frames=12/59): reward=-15.7500 (mean, 1 tok)
2026-04-30 16:16:29,917 mme_vla_suite.pseudo_labeling.topreward_qwen_scorer INFO: Prefix 5/8 (end=74, n_frames=15/75): reward=-15.0000 (mean, 1 tok)
2026-04-30 16:16:36,617 mme_vla_suite.pseudo_labeling.topreward_qwen_scorer INFO: Prefix 6/8 (end=89, n_frames=18/90): reward=-14.8750 (mean, 1 tok)
2026-04-30 16:16:43,262 mme_vla_suite.pseudo_labeling.topreward_qwen_scorer INFO: Prefix 7/8 (end=105, n_frames=21/106): reward=-14.6250 (mean, 1 tok)
2026-04-30 16:16:49,871 mme_vla_suite.pseudo_labeling.topreward_qwen_scorer INFO: Prefix 8/8 (end=121, n_frames=24/122): reward=-15.2500 (mean, 1 tok)
2026-04-30 16:16:57,290 mme_vla_suite.pseudo_labeling.topreward_qwen_scorer INFO: Prefix 1/8 (end=7, n_frames=4/8): reward=-23.6250 (mean, 1 tok)
2026-04-30 16:17:03,806 mme_vla_suite.pseudo_labeling.topreward_qwen_scorer INFO: Prefix 2/8 (end=16, n_frames=4/17): reward=-21.0000 (mean, 1 tok)
2026-04-30 16:17:10,322 mme_vla_suite.pseudo_labeling.topreward_qwen_scorer INFO: Prefix 3/8 (end=25, n_frames=5/26): reward=-22.0000 (mean, 1 tok)
2026-04-30 16:17:16,841 mme_vla_suite.pseudo_labeling.topreward_qwen_scorer INFO: Prefix 4/8 (end=35, n_frames=7/36): reward=-21.8750 (mean, 1 tok)
2026-04-30 16:17:23,351 mme_vla_suite.pseudo_labeling.topreward_qwen_scorer INFO: Prefix 5/8 (end=44, n_frames=9/45): reward=-20.7500 (mean, 1 tok)
2026-04-30 16:17:29,870 mme_vla_suite.pseudo_labeling.topreward_qwen_scorer INFO: Prefix 6/8 (end=54, n_frames=11/55): reward=-19.8750 (mean, 1 tok)
2026-04-30 16:17:36,439 mme_vla_suite.pseudo_labeling.topreward_qwen_scorer INFO: Prefix 7/8 (end=63, n_frames=13/64): reward=-19.6250 (mean, 1 tok)
2026-04-30 16:17:43,005 mme_vla_suite.pseudo_labeling.topreward_qwen_scorer INFO: Prefix 8/8 (end=73, n_frames=15/74): reward=-20.6250 (mean, 1 tok)
2026-04-30 16:17:50,650 mme_vla_suite.pseudo_labeling.topreward_qwen_scorer INFO: Prefix 1/8 (end=8, n_frames=4/9): reward=-23.3750 (mean, 1 tok)
2026-04-30 16:17:57,136 mme_vla_suite.pseudo_labeling.topreward_qwen_scorer INFO: Prefix 2/8 (end=18, n_frames=4/19): reward=-21.1250 (mean, 1 tok)
2026-04-30 16:18:03,628 mme_vla_suite.pseudo_labeling.topreward_qwen_scorer INFO: Prefix 3/8 (end=28, n_frames=6/29): reward=-22.0000 (mean, 1 tok)
2026-04-30 16:18:10,120 mme_vla_suite.pseudo_labeling.topreward_qwen_scorer INFO: Prefix 4/8 (end=38, n_frames=8/39): reward=-21.1250 (mean, 1 tok)
2026-04-30 16:18:16,635 mme_vla_suite.pseudo_labeling.topreward_qwen_scorer INFO: Prefix 5/8 (end=48, n_frames=10/49): reward=-20.8750 (mean, 1 tok)
2026-04-30 16:18:23,136 mme_vla_suite.pseudo_labeling.topreward_qwen_scorer INFO: Prefix 6/8 (end=58, n_frames=12/59): reward=-19.3750 (mean, 1 tok)
2026-04-30 16:18:29,689 mme_vla_suite.pseudo_labeling.topreward_qwen_scorer INFO: Prefix 7/8 (end=68, n_frames=14/69): reward=-19.5000 (mean, 1 tok)
2026-04-30 16:18:36,234 mme_vla_suite.pseudo_labeling.topreward_qwen_scorer INFO: Prefix 8/8 (end=79, n_frames=16/80): reward=-20.8750 (mean, 1 tok)
2026-04-30 16:18:43,892 mme_vla_suite.pseudo_labeling.topreward_qwen_scorer INFO: Prefix 1/8 (end=12, n_frames=4/13): reward=-18.2500 (mean, 1 tok)
2026-04-30 16:18:50,377 mme_vla_suite.pseudo_labeling.topreward_qwen_scorer INFO: Prefix 2/8 (end=28, n_frames=6/29): reward=-18.0000 (mean, 1 tok)
2026-04-30 16:18:56,890 mme_vla_suite.pseudo_labeling.topreward_qwen_scorer INFO: Prefix 3/8 (end=44, n_frames=9/45): reward=-16.1250 (mean, 1 tok)
2026-04-30 16:19:03,392 mme_vla_suite.pseudo_labeling.topreward_qwen_scorer INFO: Prefix 4/8 (end=60, n_frames=12/61): reward=-15.8750 (mean, 1 tok)
2026-04-30 16:19:09,926 mme_vla_suite.pseudo_labeling.topreward_qwen_scorer INFO: Prefix 5/8 (end=77, n_frames=16/78): reward=-15.3750 (mean, 1 tok)
2026-04-30 16:19:16,497 mme_vla_suite.pseudo_labeling.topreward_qwen_scorer INFO: Prefix 6/8 (end=93, n_frames=19/94): reward=-15.0000 (mean, 1 tok)
2026-04-30 16:19:23,108 mme_vla_suite.pseudo_labeling.topreward_qwen_scorer INFO: Prefix 7/8 (end=109, n_frames=22/110): reward=-15.1250 (mean, 1 tok)
2026-04-30 16:19:29,757 mme_vla_suite.pseudo_labeling.topreward_qwen_scorer INFO: Prefix 8/8 (end=126, n_frames=25/127): reward=-12.7500 (mean, 1 tok)
2026-04-30 16:19:37,236 mme_vla_suite.pseudo_labeling.topreward_qwen_scorer INFO: Prefix 1/8 (end=9, n_frames=4/10): reward=-22.6250 (mean, 1 tok)
2026-04-30 16:19:43,749 mme_vla_suite.pseudo_labeling.topreward_qwen_scorer INFO: Prefix 2/8 (end=21, n_frames=4/22): reward=-21.5000 (mean, 1 tok)
2026-04-30 16:19:50,250 mme_vla_suite.pseudo_labeling.topreward_qwen_scorer INFO: Prefix 3/8 (end=33, n_frames=7/34): reward=-19.6250 (mean, 1 tok)
2026-04-30 16:19:56,763 mme_vla_suite.pseudo_labeling.topreward_qwen_scorer INFO: Prefix 4/8 (end=45, n_frames=9/46): reward=-20.8750 (mean, 1 tok)
2026-04-30 16:20:03,276 mme_vla_suite.pseudo_labeling.topreward_qwen_scorer INFO: Prefix 5/8 (end=57, n_frames=12/58): reward=-21.2500 (mean, 1 tok)
2026-04-30 16:20:09,793 mme_vla_suite.pseudo_labeling.topreward_qwen_scorer INFO: Prefix 6/8 (end=69, n_frames=14/70): reward=-21.3750 (mean, 1 tok)
2026-04-30 16:20:16,326 mme_vla_suite.pseudo_labeling.topreward_qwen_scorer INFO: Prefix 7/8 (end=81, n_frames=16/82): reward=-20.7500 (mean, 1 tok)
2026-04-30 16:20:22,891 mme_vla_suite.pseudo_labeling.topreward_qwen_scorer INFO: Prefix 8/8 (end=94, n_frames=19/95): reward=-19.7500 (mean, 1 tok)
2026-04-30 16:20:30,430 mme_vla_suite.pseudo_labeling.topreward_qwen_scorer INFO: Prefix 1/8 (end=10, n_frames=4/11): reward=-23.3750 (mean, 1 tok)
2026-04-30 16:20:36,916 mme_vla_suite.pseudo_labeling.topreward_qwen_scorer INFO: Prefix 2/8 (end=22, n_frames=5/23): reward=-20.7500 (mean, 1 tok)
2026-04-30 16:20:43,420 mme_vla_suite.pseudo_labeling.topreward_qwen_scorer INFO: Prefix 3/8 (end=35, n_frames=7/36): reward=-20.0000 (mean, 1 tok)
2026-04-30 16:20:49,949 mme_vla_suite.pseudo_labeling.topreward_qwen_scorer INFO: Prefix 4/8 (end=48, n_frames=10/49): reward=-20.8750 (mean, 1 tok)
2026-04-30 16:20:56,438 mme_vla_suite.pseudo_labeling.topreward_qwen_scorer INFO: Prefix 5/8 (end=61, n_frames=12/62): reward=-22.2500 (mean, 1 tok)
2026-04-30 16:21:02,961 mme_vla_suite.pseudo_labeling.topreward_qwen_scorer INFO: Prefix 6/8 (end=74, n_frames=15/75): reward=-21.0000 (mean, 1 tok)
2026-04-30 16:21:09,474 mme_vla_suite.pseudo_labeling.topreward_qwen_scorer INFO: Prefix 7/8 (end=87, n_frames=18/88): reward=-19.5000 (mean, 1 tok)
2026-04-30 16:21:16,026 mme_vla_suite.pseudo_labeling.topreward_qwen_scorer INFO: Prefix 8/8 (end=100, n_frames=20/101): reward=-19.6250 (mean, 1 tok)
2026-04-30 16:21:23,771 mme_vla_suite.pseudo_labeling.topreward_qwen_scorer INFO: Prefix 1/8 (end=10, n_frames=4/11): reward=-21.3750 (mean, 1 tok)
2026-04-30 16:21:30,305 mme_vla_suite.pseudo_labeling.topreward_qwen_scorer INFO: Prefix 2/8 (end=23, n_frames=5/24): reward=-21.1250 (mean, 1 tok)
2026-04-30 16:21:36,947 mme_vla_suite.pseudo_labeling.topreward_qwen_scorer INFO: Prefix 3/8 (end=37, n_frames=8/38): reward=-20.7500 (mean, 1 tok)
2026-04-30 16:21:43,480 mme_vla_suite.pseudo_labeling.topreward_qwen_scorer INFO: Prefix 4/8 (end=51, n_frames=10/52): reward=-18.5000 (mean, 1 tok)
2026-04-30 16:21:50,116 mme_vla_suite.pseudo_labeling.topreward_qwen_scorer INFO: Prefix 5/8 (end=64, n_frames=13/65): reward=-18.7500 (mean, 1 tok)
2026-04-30 16:21:56,660 mme_vla_suite.pseudo_labeling.topreward_qwen_scorer INFO: Prefix 6/8 (end=78, n_frames=16/79): reward=-18.5000 (mean, 1 tok)
2026-04-30 16:22:03,393 mme_vla_suite.pseudo_labeling.topreward_qwen_scorer INFO: Prefix 7/8 (end=92, n_frames=19/93): reward=-17.7500 (mean, 1 tok)
2026-04-30 16:22:10,174 mme_vla_suite.pseudo_labeling.topreward_qwen_scorer INFO: Prefix 8/8 (end=106, n_frames=21/107): reward=-17.6250 (mean, 1 tok)
2026-04-30 16:22:17,589 mme_vla_suite.pseudo_labeling.topreward_qwen_scorer INFO: Prefix 1/8 (end=11, n_frames=4/12): reward=-21.3750 (mean, 1 tok)
2026-04-30 16:22:24,089 mme_vla_suite.pseudo_labeling.topreward_qwen_scorer INFO: Prefix 2/8 (end=25, n_frames=5/26): reward=-21.1250 (mean, 1 tok)
2026-04-30 16:22:30,583 mme_vla_suite.pseudo_labeling.topreward_qwen_scorer INFO: Prefix 3/8 (end=39, n_frames=8/40): reward=-19.6250 (mean, 1 tok)
2026-04-30 16:22:37,116 mme_vla_suite.pseudo_labeling.topreward_qwen_scorer INFO: Prefix 4/8 (end=53, n_frames=11/54): reward=-17.8750 (mean, 1 tok)
2026-04-30 16:22:43,636 mme_vla_suite.pseudo_labeling.topreward_qwen_scorer INFO: Prefix 5/8 (end=68, n_frames=14/69): reward=-18.0000 (mean, 1 tok)
2026-04-30 16:22:50,206 mme_vla_suite.pseudo_labeling.topreward_qwen_scorer INFO: Prefix 6/8 (end=82, n_frames=17/83): reward=-17.8750 (mean, 1 tok)
2026-04-30 16:22:56,781 mme_vla_suite.pseudo_labeling.topreward_qwen_scorer INFO: Prefix 7/8 (end=96, n_frames=19/97): reward=-17.5000 (mean, 1 tok)
2026-04-30 16:23:03,419 mme_vla_suite.pseudo_labeling.topreward_qwen_scorer INFO: Prefix 8/8 (end=111, n_frames=22/112): reward=-17.5000 (mean, 1 tok)
2026-04-30 16:23:11,168 mme_vla_suite.pseudo_labeling.topreward_qwen_scorer INFO: Prefix 1/8 (end=10, n_frames=4/11): reward=-21.6250 (mean, 1 tok)
2026-04-30 16:23:17,650 mme_vla_suite.pseudo_labeling.topreward_qwen_scorer INFO: Prefix 2/8 (end=23, n_frames=5/24): reward=-21.3750 (mean, 1 tok)
2026-04-30 16:23:24,158 mme_vla_suite.pseudo_labeling.topreward_qwen_scorer INFO: Prefix 3/8 (end=36, n_frames=7/37): reward=-18.5000 (mean, 1 tok)
2026-04-30 16:23:30,686 mme_vla_suite.pseudo_labeling.topreward_qwen_scorer INFO: Prefix 4/8 (end=49, n_frames=10/50): reward=-17.0000 (mean, 1 tok)
2026-04-30 16:23:37,217 mme_vla_suite.pseudo_labeling.topreward_qwen_scorer INFO: Prefix 5/8 (end=62, n_frames=13/63): reward=-18.6250 (mean, 1 tok)
2026-04-30 16:23:43,740 mme_vla_suite.pseudo_labeling.topreward_qwen_scorer INFO: Prefix 6/8 (end=75, n_frames=15/76): reward=-18.6250 (mean, 1 tok)
2026-04-30 16:23:50,301 mme_vla_suite.pseudo_labeling.topreward_qwen_scorer INFO: Prefix 7/8 (end=88, n_frames=18/89): reward=-17.8750 (mean, 1 tok)
2026-04-30 16:23:56,865 mme_vla_suite.pseudo_labeling.topreward_qwen_scorer INFO: Prefix 8/8 (end=101, n_frames=20/102): reward=-18.0000 (mean, 1 tok)
2026-04-30 16:24:04,613 mme_vla_suite.pseudo_labeling.topreward_qwen_scorer INFO: Prefix 1/8 (end=10, n_frames=4/11): reward=-21.6250 (mean, 1 tok)
2026-04-30 16:24:11,142 mme_vla_suite.pseudo_labeling.topreward_qwen_scorer INFO: Prefix 2/8 (end=23, n_frames=5/24): reward=-21.3750 (mean, 1 tok)
2026-04-30 16:24:17,657 mme_vla_suite.pseudo_labeling.topreward_qwen_scorer INFO: Prefix 3/8 (end=37, n_frames=8/38): reward=-18.5000 (mean, 1 tok)
2026-04-30 16:24:24,196 mme_vla_suite.pseudo_labeling.topreward_qwen_scorer INFO: Prefix 4/8 (end=51, n_frames=10/52): reward=-16.5000 (mean, 1 tok)
2026-04-30 16:24:30,764 mme_vla_suite.pseudo_labeling.topreward_qwen_scorer INFO: Prefix 5/8 (end=64, n_frames=13/65): reward=-18.6250 (mean, 1 tok)
2026-04-30 16:24:37,321 mme_vla_suite.pseudo_labeling.topreward_qwen_scorer INFO: Prefix 6/8 (end=78, n_frames=16/79): reward=-18.3750 (mean, 1 tok)
2026-04-30 16:24:43,876 mme_vla_suite.pseudo_labeling.topreward_qwen_scorer INFO: Prefix 7/8 (end=92, n_frames=19/93): reward=-17.7500 (mean, 1 tok)
2026-04-30 16:24:50,438 mme_vla_suite.pseudo_labeling.topreward_qwen_scorer INFO: Prefix 8/8 (end=106, n_frames=21/107): reward=-17.5000 (mean, 1 tok)
2026-04-30 16:24:57,950 mme_vla_suite.pseudo_labeling.topreward_qwen_scorer INFO: Prefix 1/8 (end=12, n_frames=4/13): reward=-18.6250 (mean, 1 tok)
2026-04-30 16:25:04,456 mme_vla_suite.pseudo_labeling.topreward_qwen_scorer INFO: Prefix 2/8 (end=27, n_frames=6/28): reward=-18.3750 (mean, 1 tok)
2026-04-30 16:25:10,960 mme_vla_suite.pseudo_labeling.topreward_qwen_scorer INFO: Prefix 3/8 (end=43, n_frames=9/44): reward=-17.0000 (mean, 1 tok)
2026-04-30 16:25:17,481 mme_vla_suite.pseudo_labeling.topreward_qwen_scorer INFO: Prefix 4/8 (end=58, n_frames=12/59): reward=-16.7500 (mean, 1 tok)
2026-04-30 16:25:24,011 mme_vla_suite.pseudo_labeling.topreward_qwen_scorer INFO: Prefix 5/8 (end=74, n_frames=15/75): reward=-15.1250 (mean, 1 tok)
2026-04-30 16:25:30,551 mme_vla_suite.pseudo_labeling.topreward_qwen_scorer INFO: Prefix 6/8 (end=89, n_frames=18/90): reward=-15.2500 (mean, 1 tok)
2026-04-30 16:25:37,095 mme_vla_suite.pseudo_labeling.topreward_qwen_scorer INFO: Prefix 7/8 (end=105, n_frames=21/106): reward=-15.0000 (mean, 1 tok)
2026-04-30 16:25:43,678 mme_vla_suite.pseudo_labeling.topreward_qwen_scorer INFO: Prefix 8/8 (end=121, n_frames=24/122): reward=-15.2500 (mean, 1 tok)
2026-04-30 16:25:51,187 mme_vla_suite.pseudo_labeling.topreward_qwen_scorer INFO: Prefix 1/8 (end=6, n_frames=4/7): reward=-23.0000 (mean, 1 tok)
2026-04-30 16:25:57,674 mme_vla_suite.pseudo_labeling.topreward_qwen_scorer INFO: Prefix 2/8 (end=13, n_frames=4/14): reward=-23.0000 (mean, 1 tok)
2026-04-30 16:26:04,179 mme_vla_suite.pseudo_labeling.topreward_qwen_scorer INFO: Prefix 3/8 (end=21, n_frames=4/22): reward=-21.7500 (mean, 1 tok)
2026-04-30 16:26:10,694 mme_vla_suite.pseudo_labeling.topreward_qwen_scorer INFO: Prefix 4/8 (end=29, n_frames=6/30): reward=-21.3750 (mean, 1 tok)
2026-04-30 16:26:17,221 mme_vla_suite.pseudo_labeling.topreward_qwen_scorer INFO: Prefix 5/8 (end=37, n_frames=8/38): reward=-22.1250 (mean, 1 tok)
2026-04-30 16:26:23,735 mme_vla_suite.pseudo_labeling.topreward_qwen_scorer INFO: Prefix 6/8 (end=45, n_frames=9/46): reward=-20.5000 (mean, 1 tok)
2026-04-30 16:26:30,288 mme_vla_suite.pseudo_labeling.topreward_qwen_scorer INFO: Prefix 7/8 (end=53, n_frames=11/54): reward=-19.2500 (mean, 1 tok)
2026-04-30 16:26:36,824 mme_vla_suite.pseudo_labeling.topreward_qwen_scorer INFO: Prefix 8/8 (end=61, n_frames=12/62): reward=-20.0000 (mean, 1 tok)
2026-04-30 16:26:44,271 mme_vla_suite.pseudo_labeling.topreward_qwen_scorer INFO: Prefix 1/8 (end=6, n_frames=4/7): reward=-23.0000 (mean, 1 tok)
2026-04-30 16:26:50,750 mme_vla_suite.pseudo_labeling.topreward_qwen_scorer INFO: Prefix 2/8 (end=14, n_frames=4/15): reward=-22.2500 (mean, 1 tok)
2026-04-30 16:26:57,261 mme_vla_suite.pseudo_labeling.topreward_qwen_scorer INFO: Prefix 3/8 (end=23, n_frames=5/24): reward=-21.7500 (mean, 1 tok)
2026-04-30 16:27:03,755 mme_vla_suite.pseudo_labeling.topreward_qwen_scorer INFO: Prefix 4/8 (end=32, n_frames=7/33): reward=-21.3750 (mean, 1 tok)
2026-04-30 16:27:10,262 mme_vla_suite.pseudo_labeling.topreward_qwen_scorer INFO: Prefix 5/8 (end=40, n_frames=8/41): reward=-21.3750 (mean, 1 tok)
2026-04-30 16:27:16,791 mme_vla_suite.pseudo_labeling.topreward_qwen_scorer INFO: Prefix 6/8 (end=49, n_frames=10/50): reward=-20.0000 (mean, 1 tok)
2026-04-30 16:27:23,318 mme_vla_suite.pseudo_labeling.topreward_qwen_scorer INFO: Prefix 7/8 (end=58, n_frames=12/59): reward=-19.7500 (mean, 1 tok)
2026-04-30 16:27:29,824 mme_vla_suite.pseudo_labeling.topreward_qwen_scorer INFO: Prefix 8/8 (end=67, n_frames=14/68): reward=-20.2500 (mean, 1 tok)
2026-04-30 16:27:37,337 mme_vla_suite.pseudo_labeling.topreward_qwen_scorer INFO: Prefix 1/8 (end=12, n_frames=4/13): reward=-18.8750 (mean, 1 tok)
2026-04-30 16:27:43,847 mme_vla_suite.pseudo_labeling.topreward_qwen_scorer INFO: Prefix 2/8 (end=27, n_frames=6/28): reward=-19.0000 (mean, 1 tok)
2026-04-30 16:27:50,360 mme_vla_suite.pseudo_labeling.topreward_qwen_scorer INFO: Prefix 3/8 (end=42, n_frames=9/43): reward=-16.6250 (mean, 1 tok)
2026-04-30 16:27:56,885 mme_vla_suite.pseudo_labeling.topreward_qwen_scorer INFO: Prefix 4/8 (end=57, n_frames=12/58): reward=-15.5000 (mean, 1 tok)
2026-04-30 16:28:03,417 mme_vla_suite.pseudo_labeling.topreward_qwen_scorer INFO: Prefix 5/8 (end=73, n_frames=15/74): reward=-14.7500 (mean, 1 tok)
2026-04-30 16:28:09,983 mme_vla_suite.pseudo_labeling.topreward_qwen_scorer INFO: Prefix 6/8 (end=88, n_frames=18/89): reward=-14.6250 (mean, 1 tok)
2026-04-30 16:28:16,577 mme_vla_suite.pseudo_labeling.topreward_qwen_scorer INFO: Prefix 7/8 (end=103, n_frames=21/104): reward=-13.3750 (mean, 1 tok)
2026-04-30 16:28:23,191 mme_vla_suite.pseudo_labeling.topreward_qwen_scorer INFO: Prefix 8/8 (end=119, n_frames=24/120): reward=-13.8750 (mean, 1 tok)
2026-04-30 16:28:30,658 mme_vla_suite.pseudo_labeling.topreward_qwen_scorer INFO: Prefix 1/8 (end=10, n_frames=4/11): reward=-21.8750 (mean, 1 tok)
2026-04-30 16:28:37,151 mme_vla_suite.pseudo_labeling.topreward_qwen_scorer INFO: Prefix 2/8 (end=23, n_frames=5/24): reward=-21.1250 (mean, 1 tok)
2026-04-30 16:28:43,657 mme_vla_suite.pseudo_labeling.topreward_qwen_scorer INFO: Prefix 3/8 (end=36, n_frames=7/37): reward=-19.7500 (mean, 1 tok)
2026-04-30 16:28:50,175 mme_vla_suite.pseudo_labeling.topreward_qwen_scorer INFO: Prefix 4/8 (end=50, n_frames=10/51): reward=-20.5000 (mean, 1 tok)
2026-04-30 16:28:56,700 mme_vla_suite.pseudo_labeling.topreward_qwen_scorer INFO: Prefix 5/8 (end=63, n_frames=13/64): reward=-19.6250 (mean, 1 tok)
2026-04-30 16:29:03,244 mme_vla_suite.pseudo_labeling.topreward_qwen_scorer INFO: Prefix 6/8 (end=77, n_frames=16/78): reward=-20.7500 (mean, 1 tok)
2026-04-30 16:29:09,802 mme_vla_suite.pseudo_labeling.topreward_qwen_scorer INFO: Prefix 7/8 (end=90, n_frames=18/91): reward=-20.2500 (mean, 1 tok)
2026-04-30 16:29:16,394 mme_vla_suite.pseudo_labeling.topreward_qwen_scorer INFO: Prefix 8/8 (end=104, n_frames=21/105): reward=-20.5000 (mean, 1 tok)
2026-04-30 16:29:24,097 mme_vla_suite.pseudo_labeling.topreward_qwen_scorer INFO: Prefix 1/8 (end=11, n_frames=4/12): reward=-22.0000 (mean, 1 tok)
2026-04-30 16:29:30,602 mme_vla_suite.pseudo_labeling.topreward_qwen_scorer INFO: Prefix 2/8 (end=25, n_frames=5/26): reward=-21.8750 (mean, 1 tok)
2026-04-30 16:29:37,122 mme_vla_suite.pseudo_labeling.topreward_qwen_scorer INFO: Prefix 3/8 (end=39, n_frames=8/40): reward=-20.2500 (mean, 1 tok)
2026-04-30 16:29:43,673 mme_vla_suite.pseudo_labeling.topreward_qwen_scorer INFO: Prefix 4/8 (end=53, n_frames=11/54): reward=-20.6250 (mean, 1 tok)
2026-04-30 16:29:50,192 mme_vla_suite.pseudo_labeling.topreward_qwen_scorer INFO: Prefix 5/8 (end=67, n_frames=14/68): reward=-20.3750 (mean, 1 tok)
2026-04-30 16:29:56,717 mme_vla_suite.pseudo_labeling.topreward_qwen_scorer INFO: Prefix 6/8 (end=81, n_frames=16/82): reward=-19.6250 (mean, 1 tok)
2026-04-30 16:30:03,343 mme_vla_suite.pseudo_labeling.topreward_qwen_scorer INFO: Prefix 7/8 (end=95, n_frames=19/96): reward=-18.8750 (mean, 1 tok)
2026-04-30 16:30:09,985 mme_vla_suite.pseudo_labeling.topreward_qwen_scorer INFO: Prefix 8/8 (end=110, n_frames=22/111): reward=-19.6250 (mean, 1 tok)
2026-04-30 16:30:17,821 mme_vla_suite.pseudo_labeling.topreward_qwen_scorer INFO: Prefix 1/8 (end=10, n_frames=4/11): reward=-19.8750 (mean, 1 tok)
2026-04-30 16:30:24,316 mme_vla_suite.pseudo_labeling.topreward_qwen_scorer INFO: Prefix 2/8 (end=23, n_frames=5/24): reward=-19.7500 (mean, 1 tok)
2026-04-30 16:30:30,836 mme_vla_suite.pseudo_labeling.topreward_qwen_scorer INFO: Prefix 3/8 (end=37, n_frames=8/38): reward=-17.1250 (mean, 1 tok)
2026-04-30 16:30:37,350 mme_vla_suite.pseudo_labeling.topreward_qwen_scorer INFO: Prefix 4/8 (end=51, n_frames=10/52): reward=-16.7500 (mean, 1 tok)
2026-04-30 16:30:43,884 mme_vla_suite.pseudo_labeling.topreward_qwen_scorer INFO: Prefix 5/8 (end=64, n_frames=13/65): reward=-17.0000 (mean, 1 tok)
2026-04-30 16:30:50,413 mme_vla_suite.pseudo_labeling.topreward_qwen_scorer INFO: Prefix 6/8 (end=78, n_frames=16/79): reward=-17.0000 (mean, 1 tok)
2026-04-30 16:30:57,007 mme_vla_suite.pseudo_labeling.topreward_qwen_scorer INFO: Prefix 7/8 (end=92, n_frames=19/93): reward=-17.2500 (mean, 1 tok)
2026-04-30 16:31:03,606 mme_vla_suite.pseudo_labeling.topreward_qwen_scorer INFO: Prefix 8/8 (end=106, n_frames=21/107): reward=-15.2500 (mean, 1 tok)
2026-04-30 16:31:11,102 mme_vla_suite.pseudo_labeling.topreward_qwen_scorer INFO: Prefix 1/8 (end=6, n_frames=4/7): reward=-20.0000 (mean, 1 tok)
2026-04-30 16:31:17,616 mme_vla_suite.pseudo_labeling.topreward_qwen_scorer INFO: Prefix 2/8 (end=14, n_frames=4/15): reward=-19.5000 (mean, 1 tok)
2026-04-30 16:31:24,091 mme_vla_suite.pseudo_labeling.topreward_qwen_scorer INFO: Prefix 3/8 (end=22, n_frames=5/23): reward=-18.2500 (mean, 1 tok)
2026-04-30 16:31:30,571 mme_vla_suite.pseudo_labeling.topreward_qwen_scorer INFO: Prefix 4/8 (end=30, n_frames=6/31): reward=-17.6250 (mean, 1 tok)
2026-04-30 16:31:37,075 mme_vla_suite.pseudo_labeling.topreward_qwen_scorer INFO: Prefix 5/8 (end=38, n_frames=8/39): reward=-17.6250 (mean, 1 tok)
2026-04-30 16:31:43,579 mme_vla_suite.pseudo_labeling.topreward_qwen_scorer INFO: Prefix 6/8 (end=46, n_frames=9/47): reward=-17.1250 (mean, 1 tok)
2026-04-30 16:31:50,095 mme_vla_suite.pseudo_labeling.topreward_qwen_scorer INFO: Prefix 7/8 (end=54, n_frames=11/55): reward=-17.5000 (mean, 1 tok)
2026-04-30 16:31:56,624 mme_vla_suite.pseudo_labeling.topreward_qwen_scorer INFO: Prefix 8/8 (end=63, n_frames=13/64): reward=-17.3750 (mean, 1 tok)
2026-04-30 16:32:04,042 mme_vla_suite.pseudo_labeling.topreward_qwen_scorer INFO: Prefix 1/8 (end=7, n_frames=4/8): reward=-19.7500 (mean, 1 tok)
2026-04-30 16:32:10,690 mme_vla_suite.pseudo_labeling.topreward_qwen_scorer INFO: Prefix 2/8 (end=16, n_frames=4/17): reward=-19.0000 (mean, 1 tok)
2026-04-30 16:32:17,324 mme_vla_suite.pseudo_labeling.topreward_qwen_scorer INFO: Prefix 3/8 (end=26, n_frames=5/27): reward=-18.3750 (mean, 1 tok)
2026-04-30 16:32:23,842 mme_vla_suite.pseudo_labeling.topreward_qwen_scorer INFO: Prefix 4/8 (end=36, n_frames=7/37): reward=-17.7500 (mean, 1 tok)
2026-04-30 16:32:30,360 mme_vla_suite.pseudo_labeling.topreward_qwen_scorer INFO: Prefix 5/8 (end=46, n_frames=9/47): reward=-17.1250 (mean, 1 tok)
2026-04-30 16:32:37,025 mme_vla_suite.pseudo_labeling.topreward_qwen_scorer INFO: Prefix 6/8 (end=56, n_frames=11/57): reward=-16.8750 (mean, 1 tok)
2026-04-30 16:32:43,542 mme_vla_suite.pseudo_labeling.topreward_qwen_scorer INFO: Prefix 7/8 (end=66, n_frames=13/67): reward=-17.0000 (mean, 1 tok)
2026-04-30 16:32:50,076 mme_vla_suite.pseudo_labeling.topreward_qwen_scorer INFO: Prefix 8/8 (end=76, n_frames=15/77): reward=-17.7500 (mean, 1 tok)
2026-04-30 16:32:57,644 mme_vla_suite.pseudo_labeling.topreward_qwen_scorer INFO: Prefix 1/8 (end=11, n_frames=4/12): reward=-18.5000 (mean, 1 tok)
2026-04-30 16:33:04,134 mme_vla_suite.pseudo_labeling.topreward_qwen_scorer INFO: Prefix 2/8 (end=26, n_frames=5/27): reward=-18.2500 (mean, 1 tok)
2026-04-30 16:33:10,649 mme_vla_suite.pseudo_labeling.topreward_qwen_scorer INFO: Prefix 3/8 (end=41, n_frames=8/42): reward=-17.2500 (mean, 1 tok)
2026-04-30 16:33:17,178 mme_vla_suite.pseudo_labeling.topreward_qwen_scorer INFO: Prefix 4/8 (end=56, n_frames=11/57): reward=-15.6250 (mean, 1 tok)
2026-04-30 16:33:23,689 mme_vla_suite.pseudo_labeling.topreward_qwen_scorer INFO: Prefix 5/8 (end=71, n_frames=14/72): reward=-15.2500 (mean, 1 tok)
2026-04-30 16:33:30,235 mme_vla_suite.pseudo_labeling.topreward_qwen_scorer INFO: Prefix 6/8 (end=86, n_frames=17/87): reward=-15.1250 (mean, 1 tok)
2026-04-30 16:33:36,811 mme_vla_suite.pseudo_labeling.topreward_qwen_scorer INFO: Prefix 7/8 (end=101, n_frames=20/102): reward=-15.3750 (mean, 1 tok)
2026-04-30 16:33:43,398 mme_vla_suite.pseudo_labeling.topreward_qwen_scorer INFO: Prefix 8/8 (end=116, n_frames=23/117): reward=-14.5000 (mean, 1 tok)
2026-04-30 16:33:50,723 mme_vla_suite.pseudo_labeling.topreward_qwen_scorer INFO: Prefix 1/8 (end=6, n_frames=4/7): reward=-23.3750 (mean, 1 tok)
2026-04-30 16:33:57,198 mme_vla_suite.pseudo_labeling.topreward_qwen_scorer INFO: Prefix 2/8 (end=13, n_frames=4/14): reward=-23.6250 (mean, 1 tok)
2026-04-30 16:34:03,671 mme_vla_suite.pseudo_labeling.topreward_qwen_scorer INFO: Prefix 3/8 (end=21, n_frames=4/22): reward=-22.5000 (mean, 1 tok)
2026-04-30 16:34:10,172 mme_vla_suite.pseudo_labeling.topreward_qwen_scorer INFO: Prefix 4/8 (end=29, n_frames=6/30): reward=-22.2500 (mean, 1 tok)
2026-04-30 16:34:16,670 mme_vla_suite.pseudo_labeling.topreward_qwen_scorer INFO: Prefix 5/8 (end=36, n_frames=7/37): reward=-20.8750 (mean, 1 tok)
2026-04-30 16:34:23,165 mme_vla_suite.pseudo_labeling.topreward_qwen_scorer INFO: Prefix 6/8 (end=44, n_frames=9/45): reward=-21.2500 (mean, 1 tok)
2026-04-30 16:34:29,683 mme_vla_suite.pseudo_labeling.topreward_qwen_scorer INFO: Prefix 7/8 (end=52, n_frames=11/53): reward=-20.5000 (mean, 1 tok)
2026-04-30 16:34:36,211 mme_vla_suite.pseudo_labeling.topreward_qwen_scorer INFO: Prefix 8/8 (end=60, n_frames=12/61): reward=-21.2500 (mean, 1 tok)
2026-04-30 16:34:43,783 mme_vla_suite.pseudo_labeling.topreward_qwen_scorer INFO: Prefix 1/8 (end=6, n_frames=4/7): reward=-23.3750 (mean, 1 tok)
2026-04-30 16:34:50,254 mme_vla_suite.pseudo_labeling.topreward_qwen_scorer INFO: Prefix 2/8 (end=14, n_frames=4/15): reward=-23.6250 (mean, 1 tok)
2026-04-30 16:34:56,731 mme_vla_suite.pseudo_labeling.topreward_qwen_scorer INFO: Prefix 3/8 (end=23, n_frames=5/24): reward=-22.2500 (mean, 1 tok)
2026-04-30 16:35:03,218 mme_vla_suite.pseudo_labeling.topreward_qwen_scorer INFO: Prefix 4/8 (end=31, n_frames=6/32): reward=-21.6250 (mean, 1 tok)
2026-04-30 16:35:09,725 mme_vla_suite.pseudo_labeling.topreward_qwen_scorer INFO: Prefix 5/8 (end=40, n_frames=8/41): reward=-21.3750 (mean, 1 tok)
2026-04-30 16:35:16,238 mme_vla_suite.pseudo_labeling.topreward_qwen_scorer INFO: Prefix 6/8 (end=48, n_frames=10/49): reward=-21.3750 (mean, 1 tok)
2026-04-30 16:35:22,747 mme_vla_suite.pseudo_labeling.topreward_qwen_scorer INFO: Prefix 7/8 (end=57, n_frames=12/58): reward=-20.5000 (mean, 1 tok)
2026-04-30 16:35:29,268 mme_vla_suite.pseudo_labeling.topreward_qwen_scorer INFO: Prefix 8/8 (end=66, n_frames=13/67): reward=-21.7500 (mean, 1 tok)
2026-04-30 16:35:36,936 mme_vla_suite.pseudo_labeling.topreward_qwen_scorer INFO: Prefix 1/8 (end=11, n_frames=4/12): reward=-19.0000 (mean, 1 tok)
2026-04-30 16:35:43,431 mme_vla_suite.pseudo_labeling.topreward_qwen_scorer INFO: Prefix 2/8 (end=26, n_frames=5/27): reward=-18.6250 (mean, 1 tok)
2026-04-30 16:35:49,932 mme_vla_suite.pseudo_labeling.topreward_qwen_scorer INFO: Prefix 3/8 (end=41, n_frames=8/42): reward=-16.7500 (mean, 1 tok)
2026-04-30 16:35:56,436 mme_vla_suite.pseudo_labeling.topreward_qwen_scorer INFO: Prefix 4/8 (end=56, n_frames=11/57): reward=-15.5000 (mean, 1 tok)
2026-04-30 16:36:02,959 mme_vla_suite.pseudo_labeling.topreward_qwen_scorer INFO: Prefix 5/8 (end=72, n_frames=15/73): reward=-15.1250 (mean, 1 tok)
2026-04-30 16:36:09,489 mme_vla_suite.pseudo_labeling.topreward_qwen_scorer INFO: Prefix 6/8 (end=87, n_frames=18/88): reward=-14.5000 (mean, 1 tok)
2026-04-30 16:36:16,019 mme_vla_suite.pseudo_labeling.topreward_qwen_scorer INFO: Prefix 7/8 (end=102, n_frames=21/103): reward=-14.2500 (mean, 1 tok)
2026-04-30 16:36:22,608 mme_vla_suite.pseudo_labeling.topreward_qwen_scorer INFO: Prefix 8/8 (end=118, n_frames=24/119): reward=-14.8750 (mean, 1 tok)
2026-04-30 16:36:30,292 mme_vla_suite.pseudo_labeling.topreward_qwen_scorer INFO: Prefix 1/8 (end=13, n_frames=4/14): reward=-23.3750 (mean, 1 tok)
2026-04-30 16:36:36,788 mme_vla_suite.pseudo_labeling.topreward_qwen_scorer INFO: Prefix 2/8 (end=30, n_frames=6/31): reward=-20.7500 (mean, 1 tok)
2026-04-30 16:36:43,292 mme_vla_suite.pseudo_labeling.topreward_qwen_scorer INFO: Prefix 3/8 (end=47, n_frames=10/48): reward=-19.1250 (mean, 1 tok)
2026-04-30 16:36:49,793 mme_vla_suite.pseudo_labeling.topreward_qwen_scorer INFO: Prefix 4/8 (end=64, n_frames=13/65): reward=-20.1250 (mean, 1 tok)
2026-04-30 16:36:56,396 mme_vla_suite.pseudo_labeling.topreward_qwen_scorer INFO: Prefix 5/8 (end=81, n_frames=16/82): reward=-20.3750 (mean, 1 tok)
2026-04-30 16:37:02,955 mme_vla_suite.pseudo_labeling.topreward_qwen_scorer INFO: Prefix 6/8 (end=98, n_frames=20/99): reward=-20.3750 (mean, 1 tok)
2026-04-30 16:37:09,555 mme_vla_suite.pseudo_labeling.topreward_qwen_scorer INFO: Prefix 7/8 (end=115, n_frames=23/116): reward=-19.8750 (mean, 1 tok)
2026-04-30 16:37:16,222 mme_vla_suite.pseudo_labeling.topreward_qwen_scorer INFO: Prefix 8/8 (end=132, n_frames=27/133): reward=-20.2500 (mean, 1 tok)
2026-04-30 16:37:23,975 mme_vla_suite.pseudo_labeling.topreward_qwen_scorer INFO: Prefix 1/8 (end=13, n_frames=4/14): reward=-23.3750 (mean, 1 tok)
2026-04-30 16:37:30,464 mme_vla_suite.pseudo_labeling.topreward_qwen_scorer INFO: Prefix 2/8 (end=30, n_frames=6/31): reward=-20.7500 (mean, 1 tok)
2026-04-30 16:37:36,970 mme_vla_suite.pseudo_labeling.topreward_qwen_scorer INFO: Prefix 3/8 (end=48, n_frames=10/49): reward=-18.8750 (mean, 1 tok)
2026-04-30 16:37:43,489 mme_vla_suite.pseudo_labeling.topreward_qwen_scorer INFO: Prefix 4/8 (end=66, n_frames=13/67): reward=-21.0000 (mean, 1 tok)
2026-04-30 16:37:50,049 mme_vla_suite.pseudo_labeling.topreward_qwen_scorer INFO: Prefix 5/8 (end=84, n_frames=17/85): reward=-20.0000 (mean, 1 tok)
2026-04-30 16:37:56,635 mme_vla_suite.pseudo_labeling.topreward_qwen_scorer INFO: Prefix 6/8 (end=102, n_frames=21/103): reward=-21.1250 (mean, 1 tok)
2026-04-30 16:38:03,256 mme_vla_suite.pseudo_labeling.topreward_qwen_scorer INFO: Prefix 7/8 (end=120, n_frames=24/121): reward=-20.1250 (mean, 1 tok)
2026-04-30 16:38:09,934 mme_vla_suite.pseudo_labeling.topreward_qwen_scorer INFO: Prefix 8/8 (end=138, n_frames=28/139): reward=-20.1250 (mean, 1 tok)
2026-04-30 16:38:17,921 mme_vla_suite.pseudo_labeling.topreward_qwen_scorer INFO: Prefix 1/8 (end=10, n_frames=4/11): reward=-19.7500 (mean, 1 tok)
2026-04-30 16:38:24,412 mme_vla_suite.pseudo_labeling.topreward_qwen_scorer INFO: Prefix 2/8 (end=23, n_frames=5/24): reward=-20.5000 (mean, 1 tok)
2026-04-30 16:38:30,913 mme_vla_suite.pseudo_labeling.topreward_qwen_scorer INFO: Prefix 3/8 (end=37, n_frames=8/38): reward=-16.0000 (mean, 1 tok)
2026-04-30 16:38:37,418 mme_vla_suite.pseudo_labeling.topreward_qwen_scorer INFO: Prefix 4/8 (end=50, n_frames=10/51): reward=-15.3750 (mean, 1 tok)
2026-04-30 16:38:43,936 mme_vla_suite.pseudo_labeling.topreward_qwen_scorer INFO: Prefix 5/8 (end=64, n_frames=13/65): reward=-16.0000 (mean, 1 tok)
2026-04-30 16:38:50,461 mme_vla_suite.pseudo_labeling.topreward_qwen_scorer INFO: Prefix 6/8 (end=77, n_frames=16/78): reward=-15.8750 (mean, 1 tok)
2026-04-30 16:38:56,990 mme_vla_suite.pseudo_labeling.topreward_qwen_scorer INFO: Prefix 7/8 (end=91, n_frames=18/92): reward=-15.5000 (mean, 1 tok)
2026-04-30 16:39:03,552 mme_vla_suite.pseudo_labeling.topreward_qwen_scorer INFO: Prefix 8/8 (end=105, n_frames=21/106): reward=-15.0000 (mean, 1 tok)
2026-04-30 16:39:10,943 mme_vla_suite.pseudo_labeling.topreward_qwen_scorer INFO: Prefix 1/8 (end=7, n_frames=4/8): reward=-21.2500 (mean, 1 tok)
2026-04-30 16:39:17,417 mme_vla_suite.pseudo_labeling.topreward_qwen_scorer INFO: Prefix 2/8 (end=16, n_frames=4/17): reward=-18.1250 (mean, 1 tok)
2026-04-30 16:39:23,899 mme_vla_suite.pseudo_labeling.topreward_qwen_scorer INFO: Prefix 3/8 (end=26, n_frames=5/27): reward=-16.8750 (mean, 1 tok)
2026-04-30 16:39:30,361 mme_vla_suite.pseudo_labeling.topreward_qwen_scorer INFO: Prefix 4/8 (end=36, n_frames=7/37): reward=-16.8750 (mean, 1 tok)
2026-04-30 16:39:36,867 mme_vla_suite.pseudo_labeling.topreward_qwen_scorer INFO: Prefix 5/8 (end=46, n_frames=9/47): reward=-15.2500 (mean, 1 tok)
2026-04-30 16:39:43,383 mme_vla_suite.pseudo_labeling.topreward_qwen_scorer INFO: Prefix 6/8 (end=56, n_frames=11/57): reward=-16.2500 (mean, 1 tok)
2026-04-30 16:39:49,909 mme_vla_suite.pseudo_labeling.topreward_qwen_scorer INFO: Prefix 7/8 (end=66, n_frames=13/67): reward=-15.5000 (mean, 1 tok)
2026-04-30 16:39:56,436 mme_vla_suite.pseudo_labeling.topreward_qwen_scorer INFO: Prefix 8/8 (end=76, n_frames=15/77): reward=-16.1250 (mean, 1 tok)
2026-04-30 16:40:03,987 mme_vla_suite.pseudo_labeling.topreward_qwen_scorer INFO: Prefix 1/8 (end=9, n_frames=4/10): reward=-22.3750 (mean, 1 tok)
2026-04-30 16:40:10,502 mme_vla_suite.pseudo_labeling.topreward_qwen_scorer INFO: Prefix 2/8 (end=21, n_frames=4/22): reward=-15.7500 (mean, 1 tok)
2026-04-30 16:40:17,005 mme_vla_suite.pseudo_labeling.topreward_qwen_scorer INFO: Prefix 3/8 (end=33, n_frames=7/34): reward=-16.5000 (mean, 1 tok)
2026-04-30 16:40:23,520 mme_vla_suite.pseudo_labeling.topreward_qwen_scorer INFO: Prefix 4/8 (end=45, n_frames=9/46): reward=-15.7500 (mean, 1 tok)
2026-04-30 16:40:30,045 mme_vla_suite.pseudo_labeling.topreward_qwen_scorer INFO: Prefix 5/8 (end=57, n_frames=12/58): reward=-15.8750 (mean, 1 tok)
2026-04-30 16:40:36,578 mme_vla_suite.pseudo_labeling.topreward_qwen_scorer INFO: Prefix 6/8 (end=69, n_frames=14/70): reward=-16.0000 (mean, 1 tok)
2026-04-30 16:40:43,141 mme_vla_suite.pseudo_labeling.topreward_qwen_scorer INFO: Prefix 7/8 (end=81, n_frames=16/82): reward=-16.0000 (mean, 1 tok)
2026-04-30 16:40:49,714 mme_vla_suite.pseudo_labeling.topreward_qwen_scorer INFO: Prefix 8/8 (end=93, n_frames=19/94): reward=-16.3750 (mean, 1 tok)
2026-04-30 16:40:57,454 mme_vla_suite.pseudo_labeling.topreward_qwen_scorer INFO: Prefix 1/8 (end=11, n_frames=4/12): reward=-21.5000 (mean, 1 tok)
2026-04-30 16:41:03,949 mme_vla_suite.pseudo_labeling.topreward_qwen_scorer INFO: Prefix 2/8 (end=26, n_frames=5/27): reward=-21.6250 (mean, 1 tok)
2026-04-30 16:41:10,478 mme_vla_suite.pseudo_labeling.topreward_qwen_scorer INFO: Prefix 3/8 (end=41, n_frames=8/42): reward=-18.3750 (mean, 1 tok)
2026-04-30 16:41:16,982 mme_vla_suite.pseudo_labeling.topreward_qwen_scorer INFO: Prefix 4/8 (end=56, n_frames=11/57): reward=-16.5000 (mean, 1 tok)
2026-04-30 16:41:23,492 mme_vla_suite.pseudo_labeling.topreward_qwen_scorer INFO: Prefix 5/8 (end=71, n_frames=14/72): reward=-16.8750 (mean, 1 tok)
2026-04-30 16:41:30,017 mme_vla_suite.pseudo_labeling.topreward_qwen_scorer INFO: Prefix 6/8 (end=86, n_frames=17/87): reward=-16.7500 (mean, 1 tok)
2026-04-30 16:41:36,612 mme_vla_suite.pseudo_labeling.topreward_qwen_scorer INFO: Prefix 7/8 (end=101, n_frames=20/102): reward=-16.0000 (mean, 1 tok)
2026-04-30 16:41:43,183 mme_vla_suite.pseudo_labeling.topreward_qwen_scorer INFO: Prefix 8/8 (end=116, n_frames=23/117): reward=-16.7500 (mean, 1 tok)
2026-04-30 16:41:50,558 mme_vla_suite.pseudo_labeling.topreward_qwen_scorer INFO: Prefix 1/8 (end=7, n_frames=4/8): reward=-22.7500 (mean, 1 tok)
2026-04-30 16:41:57,044 mme_vla_suite.pseudo_labeling.topreward_qwen_scorer INFO: Prefix 2/8 (end=15, n_frames=4/16): reward=-20.8750 (mean, 1 tok)
2026-04-30 16:42:03,561 mme_vla_suite.pseudo_labeling.topreward_qwen_scorer INFO: Prefix 3/8 (end=24, n_frames=5/25): reward=-18.7500 (mean, 1 tok)
2026-04-30 16:42:10,037 mme_vla_suite.pseudo_labeling.topreward_qwen_scorer INFO: Prefix 4/8 (end=33, n_frames=7/34): reward=-17.8750 (mean, 1 tok)
2026-04-30 16:42:16,530 mme_vla_suite.pseudo_labeling.topreward_qwen_scorer INFO: Prefix 5/8 (end=42, n_frames=9/43): reward=-19.8750 (mean, 1 tok)
2026-04-30 16:42:23,045 mme_vla_suite.pseudo_labeling.topreward_qwen_scorer INFO: Prefix 6/8 (end=51, n_frames=10/52): reward=-17.1250 (mean, 1 tok)
2026-04-30 16:42:29,547 mme_vla_suite.pseudo_labeling.topreward_qwen_scorer INFO: Prefix 7/8 (end=60, n_frames=12/61): reward=-16.1250 (mean, 1 tok)
2026-04-30 16:42:36,065 mme_vla_suite.pseudo_labeling.topreward_qwen_scorer INFO: Prefix 8/8 (end=69, n_frames=14/70): reward=-16.0000 (mean, 1 tok)
2026-04-30 16:42:43,567 mme_vla_suite.pseudo_labeling.topreward_qwen_scorer INFO: Prefix 1/8 (end=8, n_frames=4/9): reward=-22.0000 (mean, 1 tok)
2026-04-30 16:42:50,066 mme_vla_suite.pseudo_labeling.topreward_qwen_scorer INFO: Prefix 2/8 (end=18, n_frames=4/19): reward=-21.1250 (mean, 1 tok)
2026-04-30 16:42:56,567 mme_vla_suite.pseudo_labeling.topreward_qwen_scorer INFO: Prefix 3/8 (end=28, n_frames=6/29): reward=-20.2500 (mean, 1 tok)
2026-04-30 16:43:03,051 mme_vla_suite.pseudo_labeling.topreward_qwen_scorer INFO: Prefix 4/8 (end=39, n_frames=8/40): reward=-17.5000 (mean, 1 tok)
2026-04-30 16:43:09,548 mme_vla_suite.pseudo_labeling.topreward_qwen_scorer INFO: Prefix 5/8 (end=49, n_frames=10/50): reward=-16.5000 (mean, 1 tok)
2026-04-30 16:43:16,030 mme_vla_suite.pseudo_labeling.topreward_qwen_scorer INFO: Prefix 6/8 (end=60, n_frames=12/61): reward=-16.1250 (mean, 1 tok)
2026-04-30 16:43:22,542 mme_vla_suite.pseudo_labeling.topreward_qwen_scorer INFO: Prefix 7/8 (end=70, n_frames=14/71): reward=-16.1250 (mean, 1 tok)
2026-04-30 16:43:29,075 mme_vla_suite.pseudo_labeling.topreward_qwen_scorer INFO: Prefix 8/8 (end=81, n_frames=16/82): reward=-16.2500 (mean, 1 tok)
2026-04-30 16:43:36,673 mme_vla_suite.pseudo_labeling.topreward_qwen_scorer INFO: Prefix 1/8 (end=11, n_frames=4/12): reward=-17.7500 (mean, 1 tok)
2026-04-30 16:43:43,160 mme_vla_suite.pseudo_labeling.topreward_qwen_scorer INFO: Prefix 2/8 (end=26, n_frames=5/27): reward=-17.7500 (mean, 1 tok)
2026-04-30 16:43:49,657 mme_vla_suite.pseudo_labeling.topreward_qwen_scorer INFO: Prefix 3/8 (end=41, n_frames=8/42): reward=-16.5000 (mean, 1 tok)
2026-04-30 16:43:56,170 mme_vla_suite.pseudo_labeling.topreward_qwen_scorer INFO: Prefix 4/8 (end=56, n_frames=11/57): reward=-16.5000 (mean, 1 tok)
2026-04-30 16:44:02,672 mme_vla_suite.pseudo_labeling.topreward_qwen_scorer INFO: Prefix 5/8 (end=71, n_frames=14/72): reward=-15.3750 (mean, 1 tok)
2026-04-30 16:44:09,198 mme_vla_suite.pseudo_labeling.topreward_qwen_scorer INFO: Prefix 6/8 (end=86, n_frames=17/87): reward=-14.8750 (mean, 1 tok)
2026-04-30 16:44:15,766 mme_vla_suite.pseudo_labeling.topreward_qwen_scorer INFO: Prefix 7/8 (end=101, n_frames=20/102): reward=-13.8750 (mean, 1 tok)
2026-04-30 16:44:22,358 mme_vla_suite.pseudo_labeling.topreward_qwen_scorer INFO: Prefix 8/8 (end=116, n_frames=23/117): reward=-14.3750 (mean, 1 tok)
2026-04-30 16:44:29,870 mme_vla_suite.pseudo_labeling.topreward_qwen_scorer INFO: Prefix 1/8 (end=8, n_frames=4/9): reward=-23.8750 (mean, 1 tok)
2026-04-30 16:44:36,345 mme_vla_suite.pseudo_labeling.topreward_qwen_scorer INFO: Prefix 2/8 (end=19, n_frames=4/20): reward=-20.6250 (mean, 1 tok)
2026-04-30 16:44:42,827 mme_vla_suite.pseudo_labeling.topreward_qwen_scorer INFO: Prefix 3/8 (end=30, n_frames=6/31): reward=-21.5000 (mean, 1 tok)
2026-04-30 16:44:49,345 mme_vla_suite.pseudo_labeling.topreward_qwen_scorer INFO: Prefix 4/8 (end=41, n_frames=8/42): reward=-23.1250 (mean, 1 tok)
2026-04-30 16:44:55,850 mme_vla_suite.pseudo_labeling.topreward_qwen_scorer INFO: Prefix 5/8 (end=52, n_frames=11/53): reward=-23.3750 (mean, 1 tok)
2026-04-30 16:45:02,368 mme_vla_suite.pseudo_labeling.topreward_qwen_scorer INFO: Prefix 6/8 (end=63, n_frames=13/64): reward=-21.7500 (mean, 1 tok)
2026-04-30 16:45:08,903 mme_vla_suite.pseudo_labeling.topreward_qwen_scorer INFO: Prefix 7/8 (end=74, n_frames=15/75): reward=-21.1250 (mean, 1 tok)
2026-04-30 16:45:15,447 mme_vla_suite.pseudo_labeling.topreward_qwen_scorer INFO: Prefix 8/8 (end=86, n_frames=17/87): reward=-19.2500 (mean, 1 tok)
2026-04-30 16:45:22,914 mme_vla_suite.pseudo_labeling.topreward_qwen_scorer INFO: Prefix 1/8 (end=9, n_frames=4/10): reward=-23.1250 (mean, 1 tok)
2026-04-30 16:45:29,371 mme_vla_suite.pseudo_labeling.topreward_qwen_scorer INFO: Prefix 2/8 (end=20, n_frames=4/21): reward=-20.8750 (mean, 1 tok)
2026-04-30 16:45:35,897 mme_vla_suite.pseudo_labeling.topreward_qwen_scorer INFO: Prefix 3/8 (end=32, n_frames=7/33): reward=-22.1250 (mean, 1 tok)
2026-04-30 16:45:42,420 mme_vla_suite.pseudo_labeling.topreward_qwen_scorer INFO: Prefix 4/8 (end=44, n_frames=9/45): reward=-22.6250 (mean, 1 tok)
2026-04-30 16:45:48,933 mme_vla_suite.pseudo_labeling.topreward_qwen_scorer INFO: Prefix 5/8 (end=56, n_frames=11/57): reward=-21.6250 (mean, 1 tok)
2026-04-30 16:45:55,436 mme_vla_suite.pseudo_labeling.topreward_qwen_scorer INFO: Prefix 6/8 (end=68, n_frames=14/69): reward=-21.6250 (mean, 1 tok)
2026-04-30 16:46:01,959 mme_vla_suite.pseudo_labeling.topreward_qwen_scorer INFO: Prefix 7/8 (end=80, n_frames=16/81): reward=-19.7500 (mean, 1 tok)
2026-04-30 16:46:08,471 mme_vla_suite.pseudo_labeling.topreward_qwen_scorer INFO: Prefix 8/8 (end=92, n_frames=19/93): reward=-19.2500 (mean, 1 tok)
2026-04-30 16:46:16,270 mme_vla_suite.pseudo_labeling.topreward_qwen_scorer INFO: Prefix 1/8 (end=10, n_frames=4/11): reward=-21.8750 (mean, 1 tok)
2026-04-30 16:46:22,737 mme_vla_suite.pseudo_labeling.topreward_qwen_scorer INFO: Prefix 2/8 (end=23, n_frames=5/24): reward=-22.2500 (mean, 1 tok)
2026-04-30 16:46:29,237 mme_vla_suite.pseudo_labeling.topreward_qwen_scorer INFO: Prefix 3/8 (end=37, n_frames=8/38): reward=-21.7500 (mean, 1 tok)
2026-04-30 16:46:35,706 mme_vla_suite.pseudo_labeling.topreward_qwen_scorer INFO: Prefix 4/8 (end=50, n_frames=10/51): reward=-19.0000 (mean, 1 tok)
2026-04-30 16:46:42,219 mme_vla_suite.pseudo_labeling.topreward_qwen_scorer INFO: Prefix 5/8 (end=64, n_frames=13/65): reward=-18.2500 (mean, 1 tok)
2026-04-30 16:46:48,709 mme_vla_suite.pseudo_labeling.topreward_qwen_scorer INFO: Prefix 6/8 (end=77, n_frames=16/78): reward=-18.7500 (mean, 1 tok)
2026-04-30 16:46:55,234 mme_vla_suite.pseudo_labeling.topreward_qwen_scorer INFO: Prefix 7/8 (end=91, n_frames=18/92): reward=-18.2500 (mean, 1 tok)
2026-04-30 16:47:01,796 mme_vla_suite.pseudo_labeling.topreward_qwen_scorer INFO: Prefix 8/8 (end=105, n_frames=21/106): reward=-19.5000 (mean, 1 tok)
2026-04-30 16:47:09,403 mme_vla_suite.pseudo_labeling.topreward_qwen_scorer INFO: Prefix 1/8 (end=11, n_frames=4/12): reward=-21.8750 (mean, 1 tok)
2026-04-30 16:47:15,853 mme_vla_suite.pseudo_labeling.topreward_qwen_scorer INFO: Prefix 2/8 (end=25, n_frames=5/26): reward=-22.2500 (mean, 1 tok)
2026-04-30 16:47:22,349 mme_vla_suite.pseudo_labeling.topreward_qwen_scorer INFO: Prefix 3/8 (end=39, n_frames=8/40): reward=-20.8750 (mean, 1 tok)
2026-04-30 16:47:28,843 mme_vla_suite.pseudo_labeling.topreward_qwen_scorer INFO: Prefix 4/8 (end=53, n_frames=11/54): reward=-19.2500 (mean, 1 tok)
2026-04-30 16:47:35,371 mme_vla_suite.pseudo_labeling.topreward_qwen_scorer INFO: Prefix 5/8 (end=67, n_frames=14/68): reward=-18.2500 (mean, 1 tok)
2026-04-30 16:47:41,876 mme_vla_suite.pseudo_labeling.topreward_qwen_scorer INFO: Prefix 6/8 (end=81, n_frames=16/82): reward=-19.1250 (mean, 1 tok)
2026-04-30 16:47:48,421 mme_vla_suite.pseudo_labeling.topreward_qwen_scorer INFO: Prefix 7/8 (end=95, n_frames=19/96): reward=-18.0000 (mean, 1 tok)
2026-04-30 16:47:54,958 mme_vla_suite.pseudo_labeling.topreward_qwen_scorer INFO: Prefix 8/8 (end=110, n_frames=22/111): reward=-18.7500 (mean, 1 tok)
2026-04-30 16:48:02,561 mme_vla_suite.pseudo_labeling.topreward_qwen_scorer INFO: Prefix 1/8 (end=9, n_frames=4/10): reward=-21.8750 (mean, 1 tok)
2026-04-30 16:48:09,057 mme_vla_suite.pseudo_labeling.topreward_qwen_scorer INFO: Prefix 2/8 (end=21, n_frames=4/22): reward=-21.8750 (mean, 1 tok)
2026-04-30 16:48:15,580 mme_vla_suite.pseudo_labeling.topreward_qwen_scorer INFO: Prefix 3/8 (end=33, n_frames=7/34): reward=-22.3750 (mean, 1 tok)
2026-04-30 16:48:22,112 mme_vla_suite.pseudo_labeling.topreward_qwen_scorer INFO: Prefix 4/8 (end=46, n_frames=9/47): reward=-19.7500 (mean, 1 tok)
2026-04-30 16:48:28,640 mme_vla_suite.pseudo_labeling.topreward_qwen_scorer INFO: Prefix 5/8 (end=58, n_frames=12/59): reward=-19.0000 (mean, 1 tok)
2026-04-30 16:48:35,155 mme_vla_suite.pseudo_labeling.topreward_qwen_scorer INFO: Prefix 6/8 (end=71, n_frames=14/72): reward=-19.6250 (mean, 1 tok)
2026-04-30 16:48:41,711 mme_vla_suite.pseudo_labeling.topreward_qwen_scorer INFO: Prefix 7/8 (end=83, n_frames=17/84): reward=-19.1250 (mean, 1 tok)
2026-04-30 16:48:48,254 mme_vla_suite.pseudo_labeling.topreward_qwen_scorer INFO: Prefix 8/8 (end=96, n_frames=19/97): reward=-18.3750 (mean, 1 tok)
2026-04-30 16:48:55,771 mme_vla_suite.pseudo_labeling.topreward_qwen_scorer INFO: Prefix 1/8 (end=10, n_frames=4/11): reward=-21.8750 (mean, 1 tok)
2026-04-30 16:49:02,240 mme_vla_suite.pseudo_labeling.topreward_qwen_scorer INFO: Prefix 2/8 (end=23, n_frames=5/24): reward=-22.3750 (mean, 1 tok)
2026-04-30 16:49:08,718 mme_vla_suite.pseudo_labeling.topreward_qwen_scorer INFO: Prefix 3/8 (end=36, n_frames=7/37): reward=-21.7500 (mean, 1 tok)
2026-04-30 16:49:15,228 mme_vla_suite.pseudo_labeling.topreward_qwen_scorer INFO: Prefix 4/8 (end=49, n_frames=10/50): reward=-19.7500 (mean, 1 tok)
2026-04-30 16:49:21,759 mme_vla_suite.pseudo_labeling.topreward_qwen_scorer INFO: Prefix 5/8 (end=62, n_frames=13/63): reward=-18.6250 (mean, 1 tok)
2026-04-30 16:49:28,274 mme_vla_suite.pseudo_labeling.topreward_qwen_scorer INFO: Prefix 6/8 (end=75, n_frames=15/76): reward=-19.1250 (mean, 1 tok)
2026-04-30 16:49:34,796 mme_vla_suite.pseudo_labeling.topreward_qwen_scorer INFO: Prefix 7/8 (end=88, n_frames=18/89): reward=-18.2500 (mean, 1 tok)
2026-04-30 16:49:41,365 mme_vla_suite.pseudo_labeling.topreward_qwen_scorer INFO: Prefix 8/8 (end=101, n_frames=20/102): reward=-18.3750 (mean, 1 tok)
2026-04-30 16:49:49,028 mme_vla_suite.pseudo_labeling.topreward_qwen_scorer INFO: Prefix 1/8 (end=12, n_frames=4/13): reward=-19.1250 (mean, 1 tok)
2026-04-30 16:49:55,484 mme_vla_suite.pseudo_labeling.topreward_qwen_scorer INFO: Prefix 2/8 (end=27, n_frames=6/28): reward=-18.6250 (mean, 1 tok)
2026-04-30 16:50:01,982 mme_vla_suite.pseudo_labeling.topreward_qwen_scorer INFO: Prefix 3/8 (end=42, n_frames=9/43): reward=-16.6250 (mean, 1 tok)
2026-04-30 16:50:08,497 mme_vla_suite.pseudo_labeling.topreward_qwen_scorer INFO: Prefix 4/8 (end=57, n_frames=12/58): reward=-15.8750 (mean, 1 tok)
2026-04-30 16:50:15,029 mme_vla_suite.pseudo_labeling.topreward_qwen_scorer INFO: Prefix 5/8 (end=73, n_frames=15/74): reward=-16.5000 (mean, 1 tok)
2026-04-30 16:50:21,567 mme_vla_suite.pseudo_labeling.topreward_qwen_scorer INFO: Prefix 6/8 (end=88, n_frames=18/89): reward=-16.1250 (mean, 1 tok)
2026-04-30 16:50:28,112 mme_vla_suite.pseudo_labeling.topreward_qwen_scorer INFO: Prefix 7/8 (end=103, n_frames=21/104): reward=-15.7500 (mean, 1 tok)
2026-04-30 16:50:34,708 mme_vla_suite.pseudo_labeling.topreward_qwen_scorer INFO: Prefix 8/8 (end=119, n_frames=24/120): reward=-15.7500 (mean, 1 tok)
2026-04-30 16:50:42,295 mme_vla_suite.pseudo_labeling.topreward_qwen_scorer INFO: Prefix 1/8 (end=6, n_frames=4/7): reward=-21.1250 (mean, 1 tok)
2026-04-30 16:50:48,746 mme_vla_suite.pseudo_labeling.topreward_qwen_scorer INFO: Prefix 2/8 (end=14, n_frames=4/15): reward=-20.2500 (mean, 1 tok)
2026-04-30 16:50:55,242 mme_vla_suite.pseudo_labeling.topreward_qwen_scorer INFO: Prefix 3/8 (end=22, n_frames=5/23): reward=-18.7500 (mean, 1 tok)
2026-04-30 16:51:01,825 mme_vla_suite.pseudo_labeling.topreward_qwen_scorer INFO: Prefix 4/8 (end=30, n_frames=6/31): reward=-19.3750 (mean, 1 tok)
2026-04-30 16:51:08,381 mme_vla_suite.pseudo_labeling.topreward_qwen_scorer INFO: Prefix 5/8 (end=38, n_frames=8/39): reward=-18.6250 (mean, 1 tok)
2026-04-30 16:51:14,896 mme_vla_suite.pseudo_labeling.topreward_qwen_scorer INFO: Prefix 6/8 (end=46, n_frames=9/47): reward=-17.2500 (mean, 1 tok)
2026-04-30 16:51:21,403 mme_vla_suite.pseudo_labeling.topreward_qwen_scorer INFO: Prefix 7/8 (end=54, n_frames=11/55): reward=-17.3750 (mean, 1 tok)
2026-04-30 16:51:27,932 mme_vla_suite.pseudo_labeling.topreward_qwen_scorer INFO: Prefix 8/8 (end=62, n_frames=13/63): reward=-17.5000 (mean, 1 tok)
2026-04-30 16:51:35,522 mme_vla_suite.pseudo_labeling.topreward_qwen_scorer INFO: Prefix 1/8 (end=7, n_frames=4/8): reward=-20.7500 (mean, 1 tok)
2026-04-30 16:51:42,018 mme_vla_suite.pseudo_labeling.topreward_qwen_scorer INFO: Prefix 2/8 (end=16, n_frames=4/17): reward=-20.2500 (mean, 1 tok)
2026-04-30 16:51:48,628 mme_vla_suite.pseudo_labeling.topreward_qwen_scorer INFO: Prefix 3/8 (end=26, n_frames=5/27): reward=-18.0000 (mean, 1 tok)
2026-04-30 16:51:55,192 mme_vla_suite.pseudo_labeling.topreward_qwen_scorer INFO: Prefix 4/8 (end=35, n_frames=7/36): reward=-17.6250 (mean, 1 tok)
2026-04-30 16:52:01,815 mme_vla_suite.pseudo_labeling.topreward_qwen_scorer INFO: Prefix 5/8 (end=45, n_frames=9/46): reward=-16.8750 (mean, 1 tok)
2026-04-30 16:52:08,331 mme_vla_suite.pseudo_labeling.topreward_qwen_scorer INFO: Prefix 6/8 (end=54, n_frames=11/55): reward=-17.3750 (mean, 1 tok)
2026-04-30 16:52:14,926 mme_vla_suite.pseudo_labeling.topreward_qwen_scorer INFO: Prefix 7/8 (end=64, n_frames=13/65): reward=-17.0000 (mean, 1 tok)
2026-04-30 16:52:21,576 mme_vla_suite.pseudo_labeling.topreward_qwen_scorer INFO: Prefix 8/8 (end=74, n_frames=15/75): reward=-17.3750 (mean, 1 tok)
2026-04-30 16:52:29,364 mme_vla_suite.pseudo_labeling.topreward_qwen_scorer INFO: Prefix 1/8 (end=12, n_frames=4/13): reward=-17.8750 (mean, 1 tok)
2026-04-30 16:52:35,835 mme_vla_suite.pseudo_labeling.topreward_qwen_scorer INFO: Prefix 2/8 (end=28, n_frames=6/29): reward=-17.7500 (mean, 1 tok)
2026-04-30 16:52:42,321 mme_vla_suite.pseudo_labeling.topreward_qwen_scorer INFO: Prefix 3/8 (end=44, n_frames=9/45): reward=-15.2500 (mean, 1 tok)
2026-04-30 16:52:48,834 mme_vla_suite.pseudo_labeling.topreward_qwen_scorer INFO: Prefix 4/8 (end=60, n_frames=12/61): reward=-14.8750 (mean, 1 tok)
2026-04-30 16:52:55,368 mme_vla_suite.pseudo_labeling.topreward_qwen_scorer INFO: Prefix 5/8 (end=76, n_frames=15/77): reward=-16.5000 (mean, 1 tok)
2026-04-30 16:53:01,913 mme_vla_suite.pseudo_labeling.topreward_qwen_scorer INFO: Prefix 6/8 (end=92, n_frames=19/93): reward=-17.0000 (mean, 1 tok)
2026-04-30 16:53:08,496 mme_vla_suite.pseudo_labeling.topreward_qwen_scorer INFO: Prefix 7/8 (end=108, n_frames=22/109): reward=-16.1250 (mean, 1 tok)
2026-04-30 16:53:15,123 mme_vla_suite.pseudo_labeling.topreward_qwen_scorer INFO: Prefix 8/8 (end=125, n_frames=25/126): reward=-14.5000 (mean, 1 tok)
2026-04-30 16:53:22,619 mme_vla_suite.pseudo_labeling.topreward_qwen_scorer INFO: Prefix 1/8 (end=10, n_frames=4/11): reward=-24.0000 (mean, 1 tok)
2026-04-30 16:53:29,077 mme_vla_suite.pseudo_labeling.topreward_qwen_scorer INFO: Prefix 2/8 (end=23, n_frames=5/24): reward=-21.3750 (mean, 1 tok)
2026-04-30 16:53:35,571 mme_vla_suite.pseudo_labeling.topreward_qwen_scorer INFO: Prefix 3/8 (end=37, n_frames=8/38): reward=-19.7500 (mean, 1 tok)
2026-04-30 16:53:42,086 mme_vla_suite.pseudo_labeling.topreward_qwen_scorer INFO: Prefix 4/8 (end=51, n_frames=10/52): reward=-19.1250 (mean, 1 tok)
2026-04-30 16:53:48,652 mme_vla_suite.pseudo_labeling.topreward_qwen_scorer INFO: Prefix 5/8 (end=65, n_frames=13/66): reward=-20.8750 (mean, 1 tok)
2026-04-30 16:53:55,199 mme_vla_suite.pseudo_labeling.topreward_qwen_scorer INFO: Prefix 6/8 (end=79, n_frames=16/80): reward=-19.7500 (mean, 1 tok)
2026-04-30 16:54:01,774 mme_vla_suite.pseudo_labeling.topreward_qwen_scorer INFO: Prefix 7/8 (end=93, n_frames=19/94): reward=-19.6250 (mean, 1 tok)
2026-04-30 16:54:08,408 mme_vla_suite.pseudo_labeling.topreward_qwen_scorer INFO: Prefix 8/8 (end=107, n_frames=22/108): reward=-18.2500 (mean, 1 tok)
2026-04-30 16:54:16,069 mme_vla_suite.pseudo_labeling.topreward_qwen_scorer INFO: Prefix 1/8 (end=11, n_frames=4/12): reward=-24.0000 (mean, 1 tok)
2026-04-30 16:54:22,597 mme_vla_suite.pseudo_labeling.topreward_qwen_scorer INFO: Prefix 2/8 (end=25, n_frames=5/26): reward=-21.3750 (mean, 1 tok)
2026-04-30 16:54:29,119 mme_vla_suite.pseudo_labeling.topreward_qwen_scorer INFO: Prefix 3/8 (end=40, n_frames=8/41): reward=-20.2500 (mean, 1 tok)
2026-04-30 16:54:35,659 mme_vla_suite.pseudo_labeling.topreward_qwen_scorer INFO: Prefix 4/8 (end=54, n_frames=11/55): reward=-18.6250 (mean, 1 tok)
2026-04-30 16:54:42,187 mme_vla_suite.pseudo_labeling.topreward_qwen_scorer INFO: Prefix 5/8 (end=69, n_frames=14/70): reward=-20.7500 (mean, 1 tok)
2026-04-30 16:54:48,764 mme_vla_suite.pseudo_labeling.topreward_qwen_scorer INFO: Prefix 6/8 (end=83, n_frames=17/84): reward=-19.6250 (mean, 1 tok)
2026-04-30 16:54:55,323 mme_vla_suite.pseudo_labeling.topreward_qwen_scorer INFO: Prefix 7/8 (end=98, n_frames=20/99): reward=-19.3750 (mean, 1 tok)
2026-04-30 16:55:01,938 mme_vla_suite.pseudo_labeling.topreward_qwen_scorer INFO: Prefix 8/8 (end=113, n_frames=23/114): reward=-19.8750 (mean, 1 tok)
2026-04-30 16:55:09,585 mme_vla_suite.pseudo_labeling.topreward_qwen_scorer INFO: Prefix 1/8 (end=10, n_frames=4/11): reward=-22.7500 (mean, 1 tok)
2026-04-30 16:55:16,088 mme_vla_suite.pseudo_labeling.topreward_qwen_scorer INFO: Prefix 2/8 (end=23, n_frames=5/24): reward=-23.1250 (mean, 1 tok)
2026-04-30 16:55:22,608 mme_vla_suite.pseudo_labeling.topreward_qwen_scorer INFO: Prefix 3/8 (end=37, n_frames=8/38): reward=-19.3750 (mean, 1 tok)
2026-04-30 16:55:29,118 mme_vla_suite.pseudo_labeling.topreward_qwen_scorer INFO: Prefix 4/8 (end=51, n_frames=10/52): reward=-18.7500 (mean, 1 tok)
2026-04-30 16:55:35,638 mme_vla_suite.pseudo_labeling.topreward_qwen_scorer INFO: Prefix 5/8 (end=64, n_frames=13/65): reward=-18.8750 (mean, 1 tok)
2026-04-30 16:55:42,212 mme_vla_suite.pseudo_labeling.topreward_qwen_scorer INFO: Prefix 6/8 (end=78, n_frames=16/79): reward=-19.5000 (mean, 1 tok)
2026-04-30 16:55:48,756 mme_vla_suite.pseudo_labeling.topreward_qwen_scorer INFO: Prefix 7/8 (end=92, n_frames=19/93): reward=-18.2500 (mean, 1 tok)
2026-04-30 16:55:55,311 mme_vla_suite.pseudo_labeling.topreward_qwen_scorer INFO: Prefix 8/8 (end=106, n_frames=21/107): reward=-19.7500 (mean, 1 tok)
2026-04-30 16:56:02,838 mme_vla_suite.pseudo_labeling.topreward_qwen_scorer INFO: Prefix 1/8 (end=11, n_frames=4/12): reward=-22.7500 (mean, 1 tok)
2026-04-30 16:56:09,309 mme_vla_suite.pseudo_labeling.topreward_qwen_scorer INFO: Prefix 2/8 (end=25, n_frames=5/26): reward=-23.1250 (mean, 1 tok)
2026-04-30 16:56:15,774 mme_vla_suite.pseudo_labeling.topreward_qwen_scorer INFO: Prefix 3/8 (end=39, n_frames=8/40): reward=-19.1250 (mean, 1 tok)
2026-04-30 16:56:22,280 mme_vla_suite.pseudo_labeling.topreward_qwen_scorer INFO: Prefix 4/8 (end=53, n_frames=11/54): reward=-17.3750 (mean, 1 tok)
2026-04-30 16:56:28,793 mme_vla_suite.pseudo_labeling.topreward_qwen_scorer INFO: Prefix 5/8 (end=68, n_frames=14/69): reward=-18.7500 (mean, 1 tok)
2026-04-30 16:56:35,308 mme_vla_suite.pseudo_labeling.topreward_qwen_scorer INFO: Prefix 6/8 (end=82, n_frames=17/83): reward=-17.3750 (mean, 1 tok)
2026-04-30 16:56:41,887 mme_vla_suite.pseudo_labeling.topreward_qwen_scorer INFO: Prefix 7/8 (end=96, n_frames=19/97): reward=-18.0000 (mean, 1 tok)
2026-04-30 16:56:48,463 mme_vla_suite.pseudo_labeling.topreward_qwen_scorer INFO: Prefix 8/8 (end=111, n_frames=22/112): reward=-18.8750 (mean, 1 tok)
2026-04-30 16:56:56,139 mme_vla_suite.pseudo_labeling.topreward_qwen_scorer INFO: Prefix 1/8 (end=9, n_frames=4/10): reward=-21.6250 (mean, 1 tok)
2026-04-30 16:57:02,588 mme_vla_suite.pseudo_labeling.topreward_qwen_scorer INFO: Prefix 2/8 (end=21, n_frames=4/22): reward=-21.6250 (mean, 1 tok)
2026-04-30 16:57:09,051 mme_vla_suite.pseudo_labeling.topreward_qwen_scorer INFO: Prefix 3/8 (end=33, n_frames=7/34): reward=-19.2500 (mean, 1 tok)
2026-04-30 16:57:15,554 mme_vla_suite.pseudo_labeling.topreward_qwen_scorer INFO: Prefix 4/8 (end=46, n_frames=9/47): reward=-18.6250 (mean, 1 tok)
2026-04-30 16:57:22,074 mme_vla_suite.pseudo_labeling.topreward_qwen_scorer INFO: Prefix 5/8 (end=58, n_frames=12/59): reward=-18.3750 (mean, 1 tok)
2026-04-30 16:57:28,585 mme_vla_suite.pseudo_labeling.topreward_qwen_scorer INFO: Prefix 6/8 (end=71, n_frames=14/72): reward=-18.7500 (mean, 1 tok)
2026-04-30 16:57:35,120 mme_vla_suite.pseudo_labeling.topreward_qwen_scorer INFO: Prefix 7/8 (end=83, n_frames=17/84): reward=-18.3750 (mean, 1 tok)
2026-04-30 16:57:41,689 mme_vla_suite.pseudo_labeling.topreward_qwen_scorer INFO: Prefix 8/8 (end=96, n_frames=19/97): reward=-18.2500 (mean, 1 tok)
2026-04-30 16:57:49,269 mme_vla_suite.pseudo_labeling.topreward_qwen_scorer INFO: Prefix 1/8 (end=10, n_frames=4/11): reward=-21.6250 (mean, 1 tok)
2026-04-30 16:57:55,758 mme_vla_suite.pseudo_labeling.topreward_qwen_scorer INFO: Prefix 2/8 (end=23, n_frames=5/24): reward=-22.0000 (mean, 1 tok)
2026-04-30 16:58:02,247 mme_vla_suite.pseudo_labeling.topreward_qwen_scorer INFO: Prefix 3/8 (end=36, n_frames=7/37): reward=-19.1250 (mean, 1 tok)
2026-04-30 16:58:08,749 mme_vla_suite.pseudo_labeling.topreward_qwen_scorer INFO: Prefix 4/8 (end=49, n_frames=10/50): reward=-18.0000 (mean, 1 tok)
2026-04-30 16:58:15,265 mme_vla_suite.pseudo_labeling.topreward_qwen_scorer INFO: Prefix 5/8 (end=62, n_frames=13/63): reward=-19.1250 (mean, 1 tok)
2026-04-30 16:58:21,773 mme_vla_suite.pseudo_labeling.topreward_qwen_scorer INFO: Prefix 6/8 (end=75, n_frames=15/76): reward=-19.0000 (mean, 1 tok)
2026-04-30 16:58:28,301 mme_vla_suite.pseudo_labeling.topreward_qwen_scorer INFO: Prefix 7/8 (end=88, n_frames=18/89): reward=-18.6250 (mean, 1 tok)
2026-04-30 16:58:34,857 mme_vla_suite.pseudo_labeling.topreward_qwen_scorer INFO: Prefix 8/8 (end=101, n_frames=20/102): reward=-17.8750 (mean, 1 tok)
2026-04-30 16:58:42,493 mme_vla_suite.pseudo_labeling.topreward_qwen_scorer INFO: Prefix 1/8 (end=10, n_frames=4/11): reward=-22.1250 (mean, 1 tok)
2026-04-30 16:58:48,973 mme_vla_suite.pseudo_labeling.topreward_qwen_scorer INFO: Prefix 2/8 (end=22, n_frames=5/23): reward=-22.5000 (mean, 1 tok)
2026-04-30 16:58:55,442 mme_vla_suite.pseudo_labeling.topreward_qwen_scorer INFO: Prefix 3/8 (end=35, n_frames=7/36): reward=-21.7500 (mean, 1 tok)
2026-04-30 16:59:01,954 mme_vla_suite.pseudo_labeling.topreward_qwen_scorer INFO: Prefix 4/8 (end=48, n_frames=10/49): reward=-19.5000 (mean, 1 tok)
2026-04-30 16:59:08,471 mme_vla_suite.pseudo_labeling.topreward_qwen_scorer INFO: Prefix 5/8 (end=61, n_frames=12/62): reward=-19.0000 (mean, 1 tok)
2026-04-30 16:59:15,001 mme_vla_suite.pseudo_labeling.topreward_qwen_scorer INFO: Prefix 6/8 (end=74, n_frames=15/75): reward=-19.0000 (mean, 1 tok)
2026-04-30 16:59:21,541 mme_vla_suite.pseudo_labeling.topreward_qwen_scorer INFO: Prefix 7/8 (end=87, n_frames=18/88): reward=-18.5000 (mean, 1 tok)
2026-04-30 16:59:28,091 mme_vla_suite.pseudo_labeling.topreward_qwen_scorer INFO: Prefix 8/8 (end=100, n_frames=20/101): reward=-18.1250 (mean, 1 tok)
2026-04-30 16:59:35,462 mme_vla_suite.pseudo_labeling.topreward_qwen_scorer INFO: Prefix 1/8 (end=10, n_frames=4/11): reward=-22.1250 (mean, 1 tok)
2026-04-30 16:59:41,968 mme_vla_suite.pseudo_labeling.topreward_qwen_scorer INFO: Prefix 2/8 (end=23, n_frames=5/24): reward=-22.5000 (mean, 1 tok)
2026-04-30 16:59:48,488 mme_vla_suite.pseudo_labeling.topreward_qwen_scorer INFO: Prefix 3/8 (end=37, n_frames=8/38): reward=-21.1250 (mean, 1 tok)
2026-04-30 16:59:55,034 mme_vla_suite.pseudo_labeling.topreward_qwen_scorer INFO: Prefix 4/8 (end=50, n_frames=10/51): reward=-19.5000 (mean, 1 tok)
2026-04-30 17:00:01,535 mme_vla_suite.pseudo_labeling.topreward_qwen_scorer INFO: Prefix 5/8 (end=64, n_frames=13/65): reward=-19.2500 (mean, 1 tok)
2026-04-30 17:00:08,081 mme_vla_suite.pseudo_labeling.topreward_qwen_scorer INFO: Prefix 6/8 (end=77, n_frames=16/78): reward=-19.6250 (mean, 1 tok)
2026-04-30 17:00:14,699 mme_vla_suite.pseudo_labeling.topreward_qwen_scorer INFO: Prefix 7/8 (end=91, n_frames=18/92): reward=-18.5000 (mean, 1 tok)
2026-04-30 17:00:21,255 mme_vla_suite.pseudo_labeling.topreward_qwen_scorer INFO: Prefix 8/8 (end=105, n_frames=21/106): reward=-18.2500 (mean, 1 tok)
2026-04-30 17:00:28,857 mme_vla_suite.pseudo_labeling.topreward_qwen_scorer INFO: Prefix 1/8 (end=8, n_frames=4/9): reward=-20.7500 (mean, 1 tok)
2026-04-30 17:00:35,346 mme_vla_suite.pseudo_labeling.topreward_qwen_scorer INFO: Prefix 2/8 (end=18, n_frames=4/19): reward=-20.7500 (mean, 1 tok)
2026-04-30 17:00:41,858 mme_vla_suite.pseudo_labeling.topreward_qwen_scorer INFO: Prefix 3/8 (end=28, n_frames=6/29): reward=-21.3750 (mean, 1 tok)
2026-04-30 17:00:48,370 mme_vla_suite.pseudo_labeling.topreward_qwen_scorer INFO: Prefix 4/8 (end=39, n_frames=8/40): reward=-20.1250 (mean, 1 tok)
2026-04-30 17:00:54,895 mme_vla_suite.pseudo_labeling.topreward_qwen_scorer INFO: Prefix 5/8 (end=49, n_frames=10/50): reward=-17.6250 (mean, 1 tok)
2026-04-30 17:01:01,418 mme_vla_suite.pseudo_labeling.topreward_qwen_scorer INFO: Prefix 6/8 (end=60, n_frames=12/61): reward=-18.1250 (mean, 1 tok)
2026-04-30 17:01:07,950 mme_vla_suite.pseudo_labeling.topreward_qwen_scorer INFO: Prefix 7/8 (end=70, n_frames=14/71): reward=-18.2500 (mean, 1 tok)
2026-04-30 17:01:14,499 mme_vla_suite.pseudo_labeling.topreward_qwen_scorer INFO: Prefix 8/8 (end=81, n_frames=16/82): reward=-18.1250 (mean, 1 tok)
2026-04-30 17:01:21,943 mme_vla_suite.pseudo_labeling.topreward_qwen_scorer INFO: Prefix 1/8 (end=8, n_frames=4/9): reward=-20.7500 (mean, 1 tok)
2026-04-30 17:01:28,452 mme_vla_suite.pseudo_labeling.topreward_qwen_scorer INFO: Prefix 2/8 (end=19, n_frames=4/20): reward=-20.7500 (mean, 1 tok)
2026-04-30 17:01:34,938 mme_vla_suite.pseudo_labeling.topreward_qwen_scorer INFO: Prefix 3/8 (end=30, n_frames=6/31): reward=-21.3750 (mean, 1 tok)
2026-04-30 17:01:41,456 mme_vla_suite.pseudo_labeling.topreward_qwen_scorer INFO: Prefix 4/8 (end=41, n_frames=8/42): reward=-19.6250 (mean, 1 tok)
2026-04-30 17:01:47,985 mme_vla_suite.pseudo_labeling.topreward_qwen_scorer INFO: Prefix 5/8 (end=52, n_frames=11/53): reward=-18.1250 (mean, 1 tok)
2026-04-30 17:01:54,529 mme_vla_suite.pseudo_labeling.topreward_qwen_scorer INFO: Prefix 6/8 (end=63, n_frames=13/64): reward=-18.7500 (mean, 1 tok)
2026-04-30 17:02:01,093 mme_vla_suite.pseudo_labeling.topreward_qwen_scorer INFO: Prefix 7/8 (end=74, n_frames=15/75): reward=-18.2500 (mean, 1 tok)
2026-04-30 17:02:07,621 mme_vla_suite.pseudo_labeling.topreward_qwen_scorer INFO: Prefix 8/8 (end=86, n_frames=17/87): reward=-17.3750 (mean, 1 tok)
2026-04-30 17:02:15,446 mme_vla_suite.pseudo_labeling.topreward_qwen_scorer INFO: Prefix 1/8 (end=13, n_frames=4/14): reward=-20.1250 (mean, 1 tok)
2026-04-30 17:02:21,949 mme_vla_suite.pseudo_labeling.topreward_qwen_scorer INFO: Prefix 2/8 (end=29, n_frames=6/30): reward=-20.1250 (mean, 1 tok)
2026-04-30 17:02:28,467 mme_vla_suite.pseudo_labeling.topreward_qwen_scorer INFO: Prefix 3/8 (end=46, n_frames=9/47): reward=-17.2500 (mean, 1 tok)
2026-04-30 17:02:34,980 mme_vla_suite.pseudo_labeling.topreward_qwen_scorer INFO: Prefix 4/8 (end=63, n_frames=13/64): reward=-17.1250 (mean, 1 tok)
2026-04-30 17:02:41,506 mme_vla_suite.pseudo_labeling.topreward_qwen_scorer INFO: Prefix 5/8 (end=79, n_frames=16/80): reward=-15.5000 (mean, 1 tok)
2026-04-30 17:02:48,071 mme_vla_suite.pseudo_labeling.topreward_qwen_scorer INFO: Prefix 6/8 (end=96, n_frames=19/97): reward=-15.0000 (mean, 1 tok)
2026-04-30 17:02:54,677 mme_vla_suite.pseudo_labeling.topreward_qwen_scorer INFO: Prefix 7/8 (end=113, n_frames=23/114): reward=-16.5000 (mean, 1 tok)
2026-04-30 17:03:01,300 mme_vla_suite.pseudo_labeling.topreward_qwen_scorer INFO: Prefix 8/8 (end=130, n_frames=26/131): reward=-15.6250 (mean, 1 tok)
2026-04-30 17:03:08,947 mme_vla_suite.pseudo_labeling.topreward_qwen_scorer INFO: Prefix 1/8 (end=14, n_frames=4/15): reward=-24.5000 (mean, 1 tok)
2026-04-30 17:03:15,453 mme_vla_suite.pseudo_labeling.topreward_qwen_scorer INFO: Prefix 2/8 (end=31, n_frames=6/32): reward=-23.6250 (mean, 1 tok)
2026-04-30 17:03:21,969 mme_vla_suite.pseudo_labeling.topreward_qwen_scorer INFO: Prefix 3/8 (end=49, n_frames=10/50): reward=-20.0000 (mean, 1 tok)
2026-04-30 17:03:28,504 mme_vla_suite.pseudo_labeling.topreward_qwen_scorer INFO: Prefix 4/8 (end=67, n_frames=14/68): reward=-21.0000 (mean, 1 tok)
2026-04-30 17:03:35,025 mme_vla_suite.pseudo_labeling.topreward_qwen_scorer INFO: Prefix 5/8 (end=85, n_frames=17/86): reward=-20.6250 (mean, 1 tok)
2026-04-30 17:03:41,546 mme_vla_suite.pseudo_labeling.topreward_qwen_scorer INFO: Prefix 6/8 (end=103, n_frames=21/104): reward=-22.2500 (mean, 1 tok)
2026-04-30 17:03:48,121 mme_vla_suite.pseudo_labeling.topreward_qwen_scorer INFO: Prefix 7/8 (end=121, n_frames=24/122): reward=-21.1250 (mean, 1 tok)
2026-04-30 17:03:54,724 mme_vla_suite.pseudo_labeling.topreward_qwen_scorer INFO: Prefix 8/8 (end=139, n_frames=28/140): reward=-22.2500 (mean, 1 tok)
2026-04-30 17:04:02,463 mme_vla_suite.pseudo_labeling.topreward_qwen_scorer INFO: Prefix 1/8 (end=14, n_frames=4/15): reward=-24.5000 (mean, 1 tok)
2026-04-30 17:04:08,937 mme_vla_suite.pseudo_labeling.topreward_qwen_scorer INFO: Prefix 2/8 (end=32, n_frames=7/33): reward=-22.5000 (mean, 1 tok)
2026-04-30 17:04:15,411 mme_vla_suite.pseudo_labeling.topreward_qwen_scorer INFO: Prefix 3/8 (end=51, n_frames=10/52): reward=-20.7500 (mean, 1 tok)
2026-04-30 17:04:21,924 mme_vla_suite.pseudo_labeling.topreward_qwen_scorer INFO: Prefix 4/8 (end=70, n_frames=14/71): reward=-21.6250 (mean, 1 tok)
2026-04-30 17:04:28,465 mme_vla_suite.pseudo_labeling.topreward_qwen_scorer INFO: Prefix 5/8 (end=88, n_frames=18/89): reward=-20.7500 (mean, 1 tok)
2026-04-30 17:04:35,054 mme_vla_suite.pseudo_labeling.topreward_qwen_scorer INFO: Prefix 6/8 (end=107, n_frames=22/108): reward=-21.8750 (mean, 1 tok)
2026-04-30 17:04:41,685 mme_vla_suite.pseudo_labeling.topreward_qwen_scorer INFO: Prefix 7/8 (end=126, n_frames=25/127): reward=-20.6250 (mean, 1 tok)
2026-04-30 17:04:48,340 mme_vla_suite.pseudo_labeling.topreward_qwen_scorer INFO: Prefix 8/8 (end=145, n_frames=29/146): reward=-20.6250 (mean, 1 tok)
2026-04-30 17:04:56,081 mme_vla_suite.pseudo_labeling.topreward_qwen_scorer INFO: Prefix 1/8 (end=11, n_frames=4/12): reward=-17.3750 (mean, 1 tok)
2026-04-30 17:05:02,570 mme_vla_suite.pseudo_labeling.topreward_qwen_scorer INFO: Prefix 2/8 (end=25, n_frames=5/26): reward=-17.3750 (mean, 1 tok)
2026-04-30 17:05:09,060 mme_vla_suite.pseudo_labeling.topreward_qwen_scorer INFO: Prefix 3/8 (end=40, n_frames=8/41): reward=-15.8750 (mean, 1 tok)
2026-04-30 17:05:15,593 mme_vla_suite.pseudo_labeling.topreward_qwen_scorer INFO: Prefix 4/8 (end=54, n_frames=11/55): reward=-14.7500 (mean, 1 tok)
2026-04-30 17:05:22,142 mme_vla_suite.pseudo_labeling.topreward_qwen_scorer INFO: Prefix 5/8 (end=69, n_frames=14/70): reward=-15.7500 (mean, 1 tok)
2026-04-30 17:05:28,696 mme_vla_suite.pseudo_labeling.topreward_qwen_scorer INFO: Prefix 6/8 (end=83, n_frames=17/84): reward=-16.1250 (mean, 1 tok)
2026-04-30 17:05:35,251 mme_vla_suite.pseudo_labeling.topreward_qwen_scorer INFO: Prefix 7/8 (end=98, n_frames=20/99): reward=-16.2500 (mean, 1 tok)
2026-04-30 17:05:41,857 mme_vla_suite.pseudo_labeling.topreward_qwen_scorer INFO: Prefix 8/8 (end=113, n_frames=23/114): reward=-15.2500 (mean, 1 tok)
2026-04-30 17:05:49,474 mme_vla_suite.pseudo_labeling.topreward_qwen_scorer INFO: Prefix 1/8 (end=10, n_frames=4/11): reward=-24.3750 (mean, 1 tok)
2026-04-30 17:05:55,984 mme_vla_suite.pseudo_labeling.topreward_qwen_scorer INFO: Prefix 2/8 (end=22, n_frames=5/23): reward=-23.1250 (mean, 1 tok)
2026-04-30 17:06:02,499 mme_vla_suite.pseudo_labeling.topreward_qwen_scorer INFO: Prefix 3/8 (end=35, n_frames=7/36): reward=-23.1250 (mean, 1 tok)
2026-04-30 17:06:08,986 mme_vla_suite.pseudo_labeling.topreward_qwen_scorer INFO: Prefix 4/8 (end=48, n_frames=10/49): reward=-21.5000 (mean, 1 tok)
2026-04-30 17:06:15,486 mme_vla_suite.pseudo_labeling.topreward_qwen_scorer INFO: Prefix 5/8 (end=61, n_frames=12/62): reward=-20.6250 (mean, 1 tok)
2026-04-30 17:06:22,003 mme_vla_suite.pseudo_labeling.topreward_qwen_scorer INFO: Prefix 6/8 (end=74, n_frames=15/75): reward=-20.7500 (mean, 1 tok)
2026-04-30 17:06:28,516 mme_vla_suite.pseudo_labeling.topreward_qwen_scorer INFO: Prefix 7/8 (end=87, n_frames=18/88): reward=-19.2500 (mean, 1 tok)
2026-04-30 17:06:35,034 mme_vla_suite.pseudo_labeling.topreward_qwen_scorer INFO: Prefix 8/8 (end=100, n_frames=20/101): reward=-19.0000 (mean, 1 tok)
2026-04-30 17:06:42,396 mme_vla_suite.pseudo_labeling.topreward_qwen_scorer INFO: Prefix 1/8 (end=10, n_frames=4/11): reward=-24.3750 (mean, 1 tok)
2026-04-30 17:06:48,887 mme_vla_suite.pseudo_labeling.topreward_qwen_scorer INFO: Prefix 2/8 (end=23, n_frames=5/24): reward=-24.1250 (mean, 1 tok)
2026-04-30 17:06:55,420 mme_vla_suite.pseudo_labeling.topreward_qwen_scorer INFO: Prefix 3/8 (end=37, n_frames=8/38): reward=-22.7500 (mean, 1 tok)
2026-04-30 17:07:01,933 mme_vla_suite.pseudo_labeling.topreward_qwen_scorer INFO: Prefix 4/8 (end=51, n_frames=10/52): reward=-20.8750 (mean, 1 tok)
2026-04-30 17:07:08,467 mme_vla_suite.pseudo_labeling.topreward_qwen_scorer INFO: Prefix 5/8 (end=64, n_frames=13/65): reward=-21.5000 (mean, 1 tok)
2026-04-30 17:07:15,009 mme_vla_suite.pseudo_labeling.topreward_qwen_scorer INFO: Prefix 6/8 (end=78, n_frames=16/79): reward=-21.0000 (mean, 1 tok)
2026-04-30 17:07:21,583 mme_vla_suite.pseudo_labeling.topreward_qwen_scorer INFO: Prefix 7/8 (end=92, n_frames=19/93): reward=-19.1250 (mean, 1 tok)
2026-04-30 17:07:28,200 mme_vla_suite.pseudo_labeling.topreward_qwen_scorer INFO: Prefix 8/8 (end=106, n_frames=21/107): reward=-19.0000 (mean, 1 tok)
2026-04-30 17:07:35,820 mme_vla_suite.pseudo_labeling.topreward_qwen_scorer INFO: Prefix 1/8 (end=11, n_frames=4/12): reward=-18.3750 (mean, 1 tok)
2026-04-30 17:07:42,306 mme_vla_suite.pseudo_labeling.topreward_qwen_scorer INFO: Prefix 2/8 (end=25, n_frames=5/26): reward=-18.2500 (mean, 1 tok)
2026-04-30 17:07:48,810 mme_vla_suite.pseudo_labeling.topreward_qwen_scorer INFO: Prefix 3/8 (end=40, n_frames=8/41): reward=-15.7500 (mean, 1 tok)
2026-04-30 17:07:55,348 mme_vla_suite.pseudo_labeling.topreward_qwen_scorer INFO: Prefix 4/8 (end=55, n_frames=11/56): reward=-15.5000 (mean, 1 tok)
2026-04-30 17:08:01,883 mme_vla_suite.pseudo_labeling.topreward_qwen_scorer INFO: Prefix 5/8 (end=69, n_frames=14/70): reward=-17.2500 (mean, 1 tok)
2026-04-30 17:08:08,444 mme_vla_suite.pseudo_labeling.topreward_qwen_scorer INFO: Prefix 6/8 (end=84, n_frames=17/85): reward=-15.8750 (mean, 1 tok)
2026-04-30 17:08:14,990 mme_vla_suite.pseudo_labeling.topreward_qwen_scorer INFO: Prefix 7/8 (end=99, n_frames=20/100): reward=-16.0000 (mean, 1 tok)
2026-04-30 17:08:21,603 mme_vla_suite.pseudo_labeling.topreward_qwen_scorer INFO: Prefix 8/8 (end=114, n_frames=23/115): reward=-15.0000 (mean, 1 tok)
2026-04-30 17:08:29,085 mme_vla_suite.pseudo_labeling.topreward_qwen_scorer INFO: Prefix 1/8 (end=8, n_frames=4/9): reward=-23.0000 (mean, 1 tok)
2026-04-30 17:08:35,576 mme_vla_suite.pseudo_labeling.topreward_qwen_scorer INFO: Prefix 2/8 (end=19, n_frames=4/20): reward=-21.6250 (mean, 1 tok)
2026-04-30 17:08:42,069 mme_vla_suite.pseudo_labeling.topreward_qwen_scorer INFO: Prefix 3/8 (end=30, n_frames=6/31): reward=-21.3750 (mean, 1 tok)
2026-04-30 17:08:48,596 mme_vla_suite.pseudo_labeling.topreward_qwen_scorer INFO: Prefix 4/8 (end=41, n_frames=8/42): reward=-21.5000 (mean, 1 tok)
2026-04-30 17:08:55,122 mme_vla_suite.pseudo_labeling.topreward_qwen_scorer INFO: Prefix 5/8 (end=53, n_frames=11/54): reward=-19.6250 (mean, 1 tok)
2026-04-30 17:09:01,653 mme_vla_suite.pseudo_labeling.topreward_qwen_scorer INFO: Prefix 6/8 (end=64, n_frames=13/65): reward=-20.1250 (mean, 1 tok)
2026-04-30 17:09:08,175 mme_vla_suite.pseudo_labeling.topreward_qwen_scorer INFO: Prefix 7/8 (end=75, n_frames=15/76): reward=-19.2500 (mean, 1 tok)
2026-04-30 17:09:14,693 mme_vla_suite.pseudo_labeling.topreward_qwen_scorer INFO: Prefix 8/8 (end=87, n_frames=18/88): reward=-19.7500 (mean, 1 tok)
2026-04-30 17:09:22,447 mme_vla_suite.pseudo_labeling.topreward_qwen_scorer INFO: Prefix 1/8 (end=9, n_frames=4/10): reward=-23.5000 (mean, 1 tok)
2026-04-30 17:09:28,905 mme_vla_suite.pseudo_labeling.topreward_qwen_scorer INFO: Prefix 2/8 (end=21, n_frames=4/22): reward=-21.3750 (mean, 1 tok)
2026-04-30 17:09:35,430 mme_vla_suite.pseudo_labeling.topreward_qwen_scorer INFO: Prefix 3/8 (end=33, n_frames=7/34): reward=-21.3750 (mean, 1 tok)
2026-04-30 17:09:41,947 mme_vla_suite.pseudo_labeling.topreward_qwen_scorer INFO: Prefix 4/8 (end=45, n_frames=9/46): reward=-20.7500 (mean, 1 tok)
2026-04-30 17:09:48,474 mme_vla_suite.pseudo_labeling.topreward_qwen_scorer INFO: Prefix 5/8 (end=57, n_frames=12/58): reward=-20.1250 (mean, 1 tok)
2026-04-30 17:09:54,996 mme_vla_suite.pseudo_labeling.topreward_qwen_scorer INFO: Prefix 6/8 (end=69, n_frames=14/70): reward=-19.8750 (mean, 1 tok)
2026-04-30 17:10:01,514 mme_vla_suite.pseudo_labeling.topreward_qwen_scorer INFO: Prefix 7/8 (end=81, n_frames=16/82): reward=-20.2500 (mean, 1 tok)
2026-04-30 17:10:08,060 mme_vla_suite.pseudo_labeling.topreward_qwen_scorer INFO: Prefix 8/8 (end=93, n_frames=19/94): reward=-20.0000 (mean, 1 tok)
2026-04-30 17:10:15,693 mme_vla_suite.pseudo_labeling.topreward_qwen_scorer INFO: Prefix 1/8 (end=11, n_frames=4/12): reward=-19.7500 (mean, 1 tok)
2026-04-30 17:10:22,284 mme_vla_suite.pseudo_labeling.topreward_qwen_scorer INFO: Prefix 2/8 (end=25, n_frames=5/26): reward=-20.0000 (mean, 1 tok)
2026-04-30 17:10:28,778 mme_vla_suite.pseudo_labeling.topreward_qwen_scorer INFO: Prefix 3/8 (end=39, n_frames=8/40): reward=-17.6250 (mean, 1 tok)
2026-04-30 17:10:35,314 mme_vla_suite.pseudo_labeling.topreward_qwen_scorer INFO: Prefix 4/8 (end=53, n_frames=11/54): reward=-16.8750 (mean, 1 tok)
2026-04-30 17:10:41,835 mme_vla_suite.pseudo_labeling.topreward_qwen_scorer INFO: Prefix 5/8 (end=67, n_frames=14/68): reward=-17.0000 (mean, 1 tok)
2026-04-30 17:10:48,462 mme_vla_suite.pseudo_labeling.topreward_qwen_scorer INFO: Prefix 6/8 (end=81, n_frames=16/82): reward=-16.1250 (mean, 1 tok)
2026-04-30 17:10:55,022 mme_vla_suite.pseudo_labeling.topreward_qwen_scorer INFO: Prefix 7/8 (end=95, n_frames=19/96): reward=-16.7500 (mean, 1 tok)
2026-04-30 17:11:01,584 mme_vla_suite.pseudo_labeling.topreward_qwen_scorer INFO: Prefix 8/8 (end=109, n_frames=22/110): reward=-15.6250 (mean, 1 tok)
2026-04-30 17:11:09,062 mme_vla_suite.pseudo_labeling.topreward_qwen_scorer INFO: Prefix 1/8 (end=6, n_frames=4/7): reward=-21.0000 (mean, 1 tok)
2026-04-30 17:11:15,555 mme_vla_suite.pseudo_labeling.topreward_qwen_scorer INFO: Prefix 2/8 (end=14, n_frames=4/15): reward=-19.7500 (mean, 1 tok)
2026-04-30 17:11:22,034 mme_vla_suite.pseudo_labeling.topreward_qwen_scorer INFO: Prefix 3/8 (end=22, n_frames=5/23): reward=-20.1250 (mean, 1 tok)
2026-04-30 17:11:28,516 mme_vla_suite.pseudo_labeling.topreward_qwen_scorer INFO: Prefix 4/8 (end=30, n_frames=6/31): reward=-23.1250 (mean, 1 tok)
2026-04-30 17:11:35,108 mme_vla_suite.pseudo_labeling.topreward_qwen_scorer INFO: Prefix 5/8 (end=38, n_frames=8/39): reward=-19.1250 (mean, 1 tok)
2026-04-30 17:11:41,702 mme_vla_suite.pseudo_labeling.topreward_qwen_scorer INFO: Prefix 6/8 (end=46, n_frames=9/47): reward=-16.3750 (mean, 1 tok)
2026-04-30 17:11:48,213 mme_vla_suite.pseudo_labeling.topreward_qwen_scorer INFO: Prefix 7/8 (end=54, n_frames=11/55): reward=-16.3750 (mean, 1 tok)
2026-04-30 17:11:54,729 mme_vla_suite.pseudo_labeling.topreward_qwen_scorer INFO: Prefix 8/8 (end=62, n_frames=13/63): reward=-17.6250 (mean, 1 tok)
2026-04-30 17:12:02,262 mme_vla_suite.pseudo_labeling.topreward_qwen_scorer INFO: Prefix 1/8 (end=7, n_frames=4/8): reward=-21.6250 (mean, 1 tok)
2026-04-30 17:12:08,771 mme_vla_suite.pseudo_labeling.topreward_qwen_scorer INFO: Prefix 2/8 (end=16, n_frames=4/17): reward=-19.2500 (mean, 1 tok)
2026-04-30 17:12:15,267 mme_vla_suite.pseudo_labeling.topreward_qwen_scorer INFO: Prefix 3/8 (end=26, n_frames=5/27): reward=-21.5000 (mean, 1 tok)
2026-04-30 17:12:21,779 mme_vla_suite.pseudo_labeling.topreward_qwen_scorer INFO: Prefix 4/8 (end=35, n_frames=7/36): reward=-18.6250 (mean, 1 tok)
2026-04-30 17:12:28,276 mme_vla_suite.pseudo_labeling.topreward_qwen_scorer INFO: Prefix 5/8 (end=45, n_frames=9/46): reward=-16.8750 (mean, 1 tok)
2026-04-30 17:12:34,774 mme_vla_suite.pseudo_labeling.topreward_qwen_scorer INFO: Prefix 6/8 (end=54, n_frames=11/55): reward=-16.3750 (mean, 1 tok)
2026-04-30 17:12:41,387 mme_vla_suite.pseudo_labeling.topreward_qwen_scorer INFO: Prefix 7/8 (end=64, n_frames=13/65): reward=-17.3750 (mean, 1 tok)
2026-04-30 17:12:47,927 mme_vla_suite.pseudo_labeling.topreward_qwen_scorer INFO: Prefix 8/8 (end=74, n_frames=15/75): reward=-17.0000 (mean, 1 tok)
2026-04-30 17:12:55,488 mme_vla_suite.pseudo_labeling.topreward_qwen_scorer INFO: Prefix 1/8 (end=12, n_frames=4/13): reward=-18.6250 (mean, 1 tok)
2026-04-30 17:13:01,968 mme_vla_suite.pseudo_labeling.topreward_qwen_scorer INFO: Prefix 2/8 (end=27, n_frames=6/28): reward=-19.0000 (mean, 1 tok)
2026-04-30 17:13:08,470 mme_vla_suite.pseudo_labeling.topreward_qwen_scorer INFO: Prefix 3/8 (end=42, n_frames=9/43): reward=-16.2500 (mean, 1 tok)
2026-04-30 17:13:14,986 mme_vla_suite.pseudo_labeling.topreward_qwen_scorer INFO: Prefix 4/8 (end=57, n_frames=12/58): reward=-14.7500 (mean, 1 tok)
2026-04-30 17:13:21,506 mme_vla_suite.pseudo_labeling.topreward_qwen_scorer INFO: Prefix 5/8 (end=73, n_frames=15/74): reward=-15.6250 (mean, 1 tok)
2026-04-30 17:13:28,024 mme_vla_suite.pseudo_labeling.topreward_qwen_scorer INFO: Prefix 6/8 (end=88, n_frames=18/89): reward=-16.2500 (mean, 1 tok)
2026-04-30 17:13:34,563 mme_vla_suite.pseudo_labeling.topreward_qwen_scorer INFO: Prefix 7/8 (end=103, n_frames=21/104): reward=-14.7500 (mean, 1 tok)
2026-04-30 17:13:41,178 mme_vla_suite.pseudo_labeling.topreward_qwen_scorer INFO: Prefix 8/8 (end=119, n_frames=24/120): reward=-15.6250 (mean, 1 tok)
2026-04-30 17:13:48,865 mme_vla_suite.pseudo_labeling.topreward_qwen_scorer INFO: Prefix 1/8 (end=10, n_frames=4/11): reward=-23.8750 (mean, 1 tok)
2026-04-30 17:13:55,347 mme_vla_suite.pseudo_labeling.topreward_qwen_scorer INFO: Prefix 2/8 (end=23, n_frames=5/24): reward=-23.0000 (mean, 1 tok)
2026-04-30 17:14:01,859 mme_vla_suite.pseudo_labeling.topreward_qwen_scorer INFO: Prefix 3/8 (end=37, n_frames=8/38): reward=-20.5000 (mean, 1 tok)
2026-04-30 17:14:08,354 mme_vla_suite.pseudo_labeling.topreward_qwen_scorer INFO: Prefix 4/8 (end=51, n_frames=10/52): reward=-19.6250 (mean, 1 tok)
2026-04-30 17:14:14,900 mme_vla_suite.pseudo_labeling.topreward_qwen_scorer INFO: Prefix 5/8 (end=65, n_frames=13/66): reward=-22.0000 (mean, 1 tok)
2026-04-30 17:14:21,444 mme_vla_suite.pseudo_labeling.topreward_qwen_scorer INFO: Prefix 6/8 (end=79, n_frames=16/80): reward=-21.7500 (mean, 1 tok)
2026-04-30 17:14:27,996 mme_vla_suite.pseudo_labeling.topreward_qwen_scorer INFO: Prefix 7/8 (end=93, n_frames=19/94): reward=-20.1250 (mean, 1 tok)
2026-04-30 17:14:34,591 mme_vla_suite.pseudo_labeling.topreward_qwen_scorer INFO: Prefix 8/8 (end=107, n_frames=22/108): reward=-20.6250 (mean, 1 tok)
2026-04-30 17:14:42,169 mme_vla_suite.pseudo_labeling.topreward_qwen_scorer INFO: Prefix 1/8 (end=11, n_frames=4/12): reward=-24.0000 (mean, 1 tok)
2026-04-30 17:14:48,662 mme_vla_suite.pseudo_labeling.topreward_qwen_scorer INFO: Prefix 2/8 (end=25, n_frames=5/26): reward=-22.6250 (mean, 1 tok)
2026-04-30 17:14:55,133 mme_vla_suite.pseudo_labeling.topreward_qwen_scorer INFO: Prefix 3/8 (end=40, n_frames=8/41): reward=-19.8750 (mean, 1 tok)
2026-04-30 17:15:01,656 mme_vla_suite.pseudo_labeling.topreward_qwen_scorer INFO: Prefix 4/8 (end=54, n_frames=11/55): reward=-20.6250 (mean, 1 tok)
2026-04-30 17:15:08,189 mme_vla_suite.pseudo_labeling.topreward_qwen_scorer INFO: Prefix 5/8 (end=69, n_frames=14/70): reward=-21.0000 (mean, 1 tok)
2026-04-30 17:15:14,745 mme_vla_suite.pseudo_labeling.topreward_qwen_scorer INFO: Prefix 6/8 (end=83, n_frames=17/84): reward=-22.0000 (mean, 1 tok)
2026-04-30 17:15:21,293 mme_vla_suite.pseudo_labeling.topreward_qwen_scorer INFO: Prefix 7/8 (end=98, n_frames=20/99): reward=-22.0000 (mean, 1 tok)
2026-04-30 17:15:27,890 mme_vla_suite.pseudo_labeling.topreward_qwen_scorer INFO: Prefix 8/8 (end=113, n_frames=23/114): reward=-20.0000 (mean, 1 tok)
2026-04-30 17:15:35,502 mme_vla_suite.pseudo_labeling.topreward_qwen_scorer INFO: Prefix 1/8 (end=10, n_frames=4/11): reward=-21.2500 (mean, 1 tok)
2026-04-30 17:15:41,976 mme_vla_suite.pseudo_labeling.topreward_qwen_scorer INFO: Prefix 2/8 (end=23, n_frames=5/24): reward=-21.7500 (mean, 1 tok)
2026-04-30 17:15:48,468 mme_vla_suite.pseudo_labeling.topreward_qwen_scorer INFO: Prefix 3/8 (end=37, n_frames=8/38): reward=-18.1250 (mean, 1 tok)
2026-04-30 17:15:54,980 mme_vla_suite.pseudo_labeling.topreward_qwen_scorer INFO: Prefix 4/8 (end=51, n_frames=10/52): reward=-17.0000 (mean, 1 tok)
2026-04-30 17:16:01,491 mme_vla_suite.pseudo_labeling.topreward_qwen_scorer INFO: Prefix 5/8 (end=64, n_frames=13/65): reward=-16.6250 (mean, 1 tok)
2026-04-30 17:16:08,015 mme_vla_suite.pseudo_labeling.topreward_qwen_scorer INFO: Prefix 6/8 (end=78, n_frames=16/79): reward=-16.3750 (mean, 1 tok)
2026-04-30 17:16:14,586 mme_vla_suite.pseudo_labeling.topreward_qwen_scorer INFO: Prefix 7/8 (end=92, n_frames=19/93): reward=-16.0000 (mean, 1 tok)
2026-04-30 17:16:21,161 mme_vla_suite.pseudo_labeling.topreward_qwen_scorer INFO: Prefix 8/8 (end=106, n_frames=21/107): reward=-15.0000 (mean, 1 tok)
2026-04-30 17:16:28,587 mme_vla_suite.pseudo_labeling.topreward_qwen_scorer INFO: Prefix 1/8 (end=7, n_frames=4/8): reward=-23.1250 (mean, 1 tok)
2026-04-30 17:16:35,076 mme_vla_suite.pseudo_labeling.topreward_qwen_scorer INFO: Prefix 2/8 (end=16, n_frames=4/17): reward=-20.0000 (mean, 1 tok)
2026-04-30 17:16:41,575 mme_vla_suite.pseudo_labeling.topreward_qwen_scorer INFO: Prefix 3/8 (end=25, n_frames=5/26): reward=-16.0000 (mean, 1 tok)
2026-04-30 17:16:48,033 mme_vla_suite.pseudo_labeling.topreward_qwen_scorer INFO: Prefix 4/8 (end=34, n_frames=7/35): reward=-17.7500 (mean, 1 tok)
2026-04-30 17:16:54,541 mme_vla_suite.pseudo_labeling.topreward_qwen_scorer INFO: Prefix 5/8 (end=44, n_frames=9/45): reward=-15.5000 (mean, 1 tok)
2026-04-30 17:17:01,069 mme_vla_suite.pseudo_labeling.topreward_qwen_scorer INFO: Prefix 6/8 (end=53, n_frames=11/54): reward=-16.3750 (mean, 1 tok)
2026-04-30 17:17:07,591 mme_vla_suite.pseudo_labeling.topreward_qwen_scorer INFO: Prefix 7/8 (end=62, n_frames=13/63): reward=-16.2500 (mean, 1 tok)
2026-04-30 17:17:14,104 mme_vla_suite.pseudo_labeling.topreward_qwen_scorer INFO: Prefix 8/8 (end=72, n_frames=15/73): reward=-17.1250 (mean, 1 tok)
2026-04-30 17:17:22,085 mme_vla_suite.pseudo_labeling.topreward_qwen_scorer INFO: Prefix 1/8 (end=8, n_frames=4/9): reward=-22.7500 (mean, 1 tok)
2026-04-30 17:17:28,627 mme_vla_suite.pseudo_labeling.topreward_qwen_scorer INFO: Prefix 2/8 (end=19, n_frames=4/20): reward=-20.7500 (mean, 1 tok)
2026-04-30 17:17:35,239 mme_vla_suite.pseudo_labeling.topreward_qwen_scorer INFO: Prefix 3/8 (end=30, n_frames=6/31): reward=-15.5000 (mean, 1 tok)
2026-04-30 17:17:41,888 mme_vla_suite.pseudo_labeling.topreward_qwen_scorer INFO: Prefix 4/8 (end=42, n_frames=9/43): reward=-15.2500 (mean, 1 tok)
2026-04-30 17:17:48,521 mme_vla_suite.pseudo_labeling.topreward_qwen_scorer INFO: Prefix 5/8 (end=53, n_frames=11/54): reward=-16.3750 (mean, 1 tok)
2026-04-30 17:17:55,170 mme_vla_suite.pseudo_labeling.topreward_qwen_scorer INFO: Prefix 6/8 (end=65, n_frames=13/66): reward=-16.2500 (mean, 1 tok)
2026-04-30 17:18:01,849 mme_vla_suite.pseudo_labeling.topreward_qwen_scorer INFO: Prefix 7/8 (end=76, n_frames=15/77): reward=-17.1250 (mean, 1 tok)
2026-04-30 17:18:08,527 mme_vla_suite.pseudo_labeling.topreward_qwen_scorer INFO: Prefix 8/8 (end=88, n_frames=18/89): reward=-16.1250 (mean, 1 tok)
2026-04-30 17:18:16,207 mme_vla_suite.pseudo_labeling.topreward_qwen_scorer INFO: Prefix 1/8 (end=9, n_frames=4/10): reward=-22.1250 (mean, 1 tok)
2026-04-30 17:18:22,681 mme_vla_suite.pseudo_labeling.topreward_qwen_scorer INFO: Prefix 2/8 (end=21, n_frames=4/22): reward=-22.1250 (mean, 1 tok)
2026-04-30 17:18:29,173 mme_vla_suite.pseudo_labeling.topreward_qwen_scorer INFO: Prefix 3/8 (end=34, n_frames=7/35): reward=-22.2500 (mean, 1 tok)
2026-04-30 17:18:35,675 mme_vla_suite.pseudo_labeling.topreward_qwen_scorer INFO: Prefix 4/8 (end=46, n_frames=9/47): reward=-19.5000 (mean, 1 tok)
2026-04-30 17:18:42,168 mme_vla_suite.pseudo_labeling.topreward_qwen_scorer INFO: Prefix 5/8 (end=59, n_frames=12/60): reward=-19.0000 (mean, 1 tok)
2026-04-30 17:18:48,691 mme_vla_suite.pseudo_labeling.topreward_qwen_scorer INFO: Prefix 6/8 (end=71, n_frames=14/72): reward=-19.1250 (mean, 1 tok)
2026-04-30 17:18:55,229 mme_vla_suite.pseudo_labeling.topreward_qwen_scorer INFO: Prefix 7/8 (end=84, n_frames=17/85): reward=-17.7500 (mean, 1 tok)
2026-04-30 17:19:01,799 mme_vla_suite.pseudo_labeling.topreward_qwen_scorer INFO: Prefix 8/8 (end=97, n_frames=20/98): reward=-18.5000 (mean, 1 tok)
2026-04-30 17:19:09,268 mme_vla_suite.pseudo_labeling.topreward_qwen_scorer INFO: Prefix 1/8 (end=10, n_frames=4/11): reward=-22.1250 (mean, 1 tok)
2026-04-30 17:19:15,786 mme_vla_suite.pseudo_labeling.topreward_qwen_scorer INFO: Prefix 2/8 (end=23, n_frames=5/24): reward=-22.2500 (mean, 1 tok)
2026-04-30 17:19:22,317 mme_vla_suite.pseudo_labeling.topreward_qwen_scorer INFO: Prefix 3/8 (end=36, n_frames=7/37): reward=-22.5000 (mean, 1 tok)
2026-04-30 17:19:28,853 mme_vla_suite.pseudo_labeling.topreward_qwen_scorer INFO: Prefix 4/8 (end=49, n_frames=10/50): reward=-19.2500 (mean, 1 tok)
2026-04-30 17:19:35,424 mme_vla_suite.pseudo_labeling.topreward_qwen_scorer INFO: Prefix 5/8 (end=62, n_frames=13/63): reward=-19.5000 (mean, 1 tok)
2026-04-30 17:19:41,962 mme_vla_suite.pseudo_labeling.topreward_qwen_scorer INFO: Prefix 6/8 (end=75, n_frames=15/76): reward=-19.1250 (mean, 1 tok)
2026-04-30 17:19:48,539 mme_vla_suite.pseudo_labeling.topreward_qwen_scorer INFO: Prefix 7/8 (end=88, n_frames=18/89): reward=-18.2500 (mean, 1 tok)
2026-04-30 17:19:55,123 mme_vla_suite.pseudo_labeling.topreward_qwen_scorer INFO: Prefix 8/8 (end=102, n_frames=21/103): reward=-18.1250 (mean, 1 tok)
2026-04-30 17:20:02,643 mme_vla_suite.pseudo_labeling.topreward_qwen_scorer INFO: Prefix 1/8 (end=10, n_frames=4/11): reward=-21.7500 (mean, 1 tok)
2026-04-30 17:20:09,127 mme_vla_suite.pseudo_labeling.topreward_qwen_scorer INFO: Prefix 2/8 (end=23, n_frames=5/24): reward=-21.5000 (mean, 1 tok)
2026-04-30 17:20:15,617 mme_vla_suite.pseudo_labeling.topreward_qwen_scorer INFO: Prefix 3/8 (end=36, n_frames=7/37): reward=-21.7500 (mean, 1 tok)
2026-04-30 17:20:22,108 mme_vla_suite.pseudo_labeling.topreward_qwen_scorer INFO: Prefix 4/8 (end=49, n_frames=10/50): reward=-18.7500 (mean, 1 tok)
2026-04-30 17:20:28,630 mme_vla_suite.pseudo_labeling.topreward_qwen_scorer INFO: Prefix 5/8 (end=62, n_frames=13/63): reward=-18.5000 (mean, 1 tok)
2026-04-30 17:20:35,186 mme_vla_suite.pseudo_labeling.topreward_qwen_scorer INFO: Prefix 6/8 (end=75, n_frames=15/76): reward=-17.8750 (mean, 1 tok)
2026-04-30 17:20:41,716 mme_vla_suite.pseudo_labeling.topreward_qwen_scorer INFO: Prefix 7/8 (end=88, n_frames=18/89): reward=-18.5000 (mean, 1 tok)
2026-04-30 17:20:48,289 mme_vla_suite.pseudo_labeling.topreward_qwen_scorer INFO: Prefix 8/8 (end=102, n_frames=21/103): reward=-18.6250 (mean, 1 tok)
2026-04-30 17:20:55,828 mme_vla_suite.pseudo_labeling.topreward_qwen_scorer INFO: Prefix 1/8 (end=10, n_frames=4/11): reward=-21.7500 (mean, 1 tok)
2026-04-30 17:21:02,335 mme_vla_suite.pseudo_labeling.topreward_qwen_scorer INFO: Prefix 2/8 (end=23, n_frames=5/24): reward=-21.5000 (mean, 1 tok)
2026-04-30 17:21:08,829 mme_vla_suite.pseudo_labeling.topreward_qwen_scorer INFO: Prefix 3/8 (end=37, n_frames=8/38): reward=-20.5000 (mean, 1 tok)
2026-04-30 17:21:15,451 mme_vla_suite.pseudo_labeling.topreward_qwen_scorer INFO: Prefix 4/8 (end=51, n_frames=10/52): reward=-18.3750 (mean, 1 tok)
2026-04-30 17:21:22,042 mme_vla_suite.pseudo_labeling.topreward_qwen_scorer INFO: Prefix 5/8 (end=65, n_frames=13/66): reward=-18.2500 (mean, 1 tok)
2026-04-30 17:21:28,561 mme_vla_suite.pseudo_labeling.topreward_qwen_scorer INFO: Prefix 6/8 (end=79, n_frames=16/80): reward=-18.7500 (mean, 1 tok)
2026-04-30 17:21:35,100 mme_vla_suite.pseudo_labeling.topreward_qwen_scorer INFO: Prefix 7/8 (end=93, n_frames=19/94): reward=-19.1250 (mean, 1 tok)
2026-04-30 17:21:41,720 mme_vla_suite.pseudo_labeling.topreward_qwen_scorer INFO: Prefix 8/8 (end=107, n_frames=22/108): reward=-18.8750 (mean, 1 tok)
2026-04-30 17:21:49,446 mme_vla_suite.pseudo_labeling.topreward_qwen_scorer INFO: Prefix 1/8 (end=10, n_frames=4/11): reward=-22.0000 (mean, 1 tok)
2026-04-30 17:21:55,983 mme_vla_suite.pseudo_labeling.topreward_qwen_scorer INFO: Prefix 2/8 (end=23, n_frames=5/24): reward=-22.3750 (mean, 1 tok)
2026-04-30 17:22:02,498 mme_vla_suite.pseudo_labeling.topreward_qwen_scorer INFO: Prefix 3/8 (end=37, n_frames=8/38): reward=-22.3750 (mean, 1 tok)
2026-04-30 17:22:08,981 mme_vla_suite.pseudo_labeling.topreward_qwen_scorer INFO: Prefix 4/8 (end=51, n_frames=10/52): reward=-19.3750 (mean, 1 tok)
2026-04-30 17:22:15,488 mme_vla_suite.pseudo_labeling.topreward_qwen_scorer INFO: Prefix 5/8 (end=65, n_frames=13/66): reward=-19.8750 (mean, 1 tok)
2026-04-30 17:22:21,998 mme_vla_suite.pseudo_labeling.topreward_qwen_scorer INFO: Prefix 6/8 (end=79, n_frames=16/80): reward=-18.1250 (mean, 1 tok)
2026-04-30 17:22:28,524 mme_vla_suite.pseudo_labeling.topreward_qwen_scorer INFO: Prefix 7/8 (end=93, n_frames=19/94): reward=-18.3750 (mean, 1 tok)
2026-04-30 17:22:35,126 mme_vla_suite.pseudo_labeling.topreward_qwen_scorer INFO: Prefix 8/8 (end=107, n_frames=22/108): reward=-18.5000 (mean, 1 tok)
2026-04-30 17:22:42,717 mme_vla_suite.pseudo_labeling.topreward_qwen_scorer INFO: Prefix 1/8 (end=11, n_frames=4/12): reward=-22.0000 (mean, 1 tok)
2026-04-30 17:22:49,205 mme_vla_suite.pseudo_labeling.topreward_qwen_scorer INFO: Prefix 2/8 (end=25, n_frames=5/26): reward=-22.3750 (mean, 1 tok)
2026-04-30 17:22:55,696 mme_vla_suite.pseudo_labeling.topreward_qwen_scorer INFO: Prefix 3/8 (end=39, n_frames=8/40): reward=-20.8750 (mean, 1 tok)
2026-04-30 17:23:02,216 mme_vla_suite.pseudo_labeling.topreward_qwen_scorer INFO: Prefix 4/8 (end=54, n_frames=11/55): reward=-19.0000 (mean, 1 tok)
2026-04-30 17:23:08,737 mme_vla_suite.pseudo_labeling.topreward_qwen_scorer INFO: Prefix 5/8 (end=68, n_frames=14/69): reward=-19.2500 (mean, 1 tok)
2026-04-30 17:23:15,278 mme_vla_suite.pseudo_labeling.topreward_qwen_scorer INFO: Prefix 6/8 (end=83, n_frames=17/84): reward=-18.1250 (mean, 1 tok)
2026-04-30 17:23:21,831 mme_vla_suite.pseudo_labeling.topreward_qwen_scorer INFO: Prefix 7/8 (end=97, n_frames=20/98): reward=-18.2500 (mean, 1 tok)
2026-04-30 17:23:28,443 mme_vla_suite.pseudo_labeling.topreward_qwen_scorer INFO: Prefix 8/8 (end=112, n_frames=23/113): reward=-17.7500 (mean, 1 tok)
2026-04-30 17:23:35,992 mme_vla_suite.pseudo_labeling.topreward_qwen_scorer INFO: Prefix 1/8 (end=11, n_frames=4/12): reward=-18.1250 (mean, 1 tok)
2026-04-30 17:23:42,470 mme_vla_suite.pseudo_labeling.topreward_qwen_scorer INFO: Prefix 2/8 (end=25, n_frames=5/26): reward=-17.8750 (mean, 1 tok)
2026-04-30 17:23:48,983 mme_vla_suite.pseudo_labeling.topreward_qwen_scorer INFO: Prefix 3/8 (end=39, n_frames=8/40): reward=-17.0000 (mean, 1 tok)
2026-04-30 17:23:55,488 mme_vla_suite.pseudo_labeling.topreward_qwen_scorer INFO: Prefix 4/8 (end=53, n_frames=11/54): reward=-14.0000 (mean, 1 tok)
2026-04-30 17:24:01,993 mme_vla_suite.pseudo_labeling.topreward_qwen_scorer INFO: Prefix 5/8 (end=67, n_frames=14/68): reward=-15.5000 (mean, 1 tok)
2026-04-30 17:24:08,518 mme_vla_suite.pseudo_labeling.topreward_qwen_scorer INFO: Prefix 6/8 (end=81, n_frames=16/82): reward=-15.5000 (mean, 1 tok)
2026-04-30 17:24:15,054 mme_vla_suite.pseudo_labeling.topreward_qwen_scorer INFO: Prefix 7/8 (end=95, n_frames=19/96): reward=-16.2500 (mean, 1 tok)
2026-04-30 17:24:21,640 mme_vla_suite.pseudo_labeling.topreward_qwen_scorer INFO: Prefix 8/8 (end=110, n_frames=22/111): reward=-14.7500 (mean, 1 tok)
2026-04-30 17:24:29,450 mme_vla_suite.pseudo_labeling.topreward_qwen_scorer INFO: Prefix 1/8 (end=10, n_frames=4/11): reward=-22.0000 (mean, 1 tok)
2026-04-30 17:24:35,923 mme_vla_suite.pseudo_labeling.topreward_qwen_scorer INFO: Prefix 2/8 (end=23, n_frames=5/24): reward=-20.3750 (mean, 1 tok)
2026-04-30 17:24:42,400 mme_vla_suite.pseudo_labeling.topreward_qwen_scorer INFO: Prefix 3/8 (end=37, n_frames=8/38): reward=-19.3750 (mean, 1 tok)
2026-04-30 17:24:48,890 mme_vla_suite.pseudo_labeling.topreward_qwen_scorer INFO: Prefix 4/8 (end=50, n_frames=10/51): reward=-19.8750 (mean, 1 tok)
2026-04-30 17:24:55,411 mme_vla_suite.pseudo_labeling.topreward_qwen_scorer INFO: Prefix 5/8 (end=64, n_frames=13/65): reward=-19.6250 (mean, 1 tok)
2026-04-30 17:25:01,960 mme_vla_suite.pseudo_labeling.topreward_qwen_scorer INFO: Prefix 6/8 (end=77, n_frames=16/78): reward=-19.1250 (mean, 1 tok)
2026-04-30 17:25:08,510 mme_vla_suite.pseudo_labeling.topreward_qwen_scorer INFO: Prefix 7/8 (end=91, n_frames=18/92): reward=-19.3750 (mean, 1 tok)
2026-04-30 17:25:15,080 mme_vla_suite.pseudo_labeling.topreward_qwen_scorer INFO: Prefix 8/8 (end=105, n_frames=21/106): reward=-20.2500 (mean, 1 tok)
2026-04-30 17:25:22,594 mme_vla_suite.pseudo_labeling.topreward_qwen_scorer INFO: Prefix 1/8 (end=11, n_frames=4/12): reward=-21.6250 (mean, 1 tok)
2026-04-30 17:25:29,093 mme_vla_suite.pseudo_labeling.topreward_qwen_scorer INFO: Prefix 2/8 (end=25, n_frames=5/26): reward=-20.3750 (mean, 1 tok)
2026-04-30 17:25:35,594 mme_vla_suite.pseudo_labeling.topreward_qwen_scorer INFO: Prefix 3/8 (end=39, n_frames=8/40): reward=-19.3750 (mean, 1 tok)
2026-04-30 17:25:42,118 mme_vla_suite.pseudo_labeling.topreward_qwen_scorer INFO: Prefix 4/8 (end=53, n_frames=11/54): reward=-19.0000 (mean, 1 tok)
2026-04-30 17:25:48,642 mme_vla_suite.pseudo_labeling.topreward_qwen_scorer INFO: Prefix 5/8 (end=68, n_frames=14/69): reward=-19.3750 (mean, 1 tok)
2026-04-30 17:25:55,197 mme_vla_suite.pseudo_labeling.topreward_qwen_scorer INFO: Prefix 6/8 (end=82, n_frames=17/83): reward=-20.0000 (mean, 1 tok)
2026-04-30 17:26:01,803 mme_vla_suite.pseudo_labeling.topreward_qwen_scorer INFO: Prefix 7/8 (end=96, n_frames=19/97): reward=-19.5000 (mean, 1 tok)
2026-04-30 17:26:08,361 mme_vla_suite.pseudo_labeling.topreward_qwen_scorer INFO: Prefix 8/8 (end=111, n_frames=22/112): reward=-19.8750 (mean, 1 tok)
2026-04-30 17:26:15,998 mme_vla_suite.pseudo_labeling.topreward_qwen_scorer INFO: Prefix 1/8 (end=9, n_frames=4/10): reward=-21.7500 (mean, 1 tok)
2026-04-30 17:26:22,507 mme_vla_suite.pseudo_labeling.topreward_qwen_scorer INFO: Prefix 2/8 (end=21, n_frames=4/22): reward=-21.7500 (mean, 1 tok)
2026-04-30 17:26:29,026 mme_vla_suite.pseudo_labeling.topreward_qwen_scorer INFO: Prefix 3/8 (end=33, n_frames=7/34): reward=-20.1250 (mean, 1 tok)
2026-04-30 17:26:35,532 mme_vla_suite.pseudo_labeling.topreward_qwen_scorer INFO: Prefix 4/8 (end=46, n_frames=9/47): reward=-18.6250 (mean, 1 tok)
2026-04-30 17:26:42,068 mme_vla_suite.pseudo_labeling.topreward_qwen_scorer INFO: Prefix 5/8 (end=58, n_frames=12/59): reward=-18.1250 (mean, 1 tok)
2026-04-30 17:26:48,599 mme_vla_suite.pseudo_labeling.topreward_qwen_scorer INFO: Prefix 6/8 (end=71, n_frames=14/72): reward=-18.8750 (mean, 1 tok)
2026-04-30 17:26:55,144 mme_vla_suite.pseudo_labeling.topreward_qwen_scorer INFO: Prefix 7/8 (end=83, n_frames=17/84): reward=-18.2500 (mean, 1 tok)
2026-04-30 17:27:01,687 mme_vla_suite.pseudo_labeling.topreward_qwen_scorer INFO: Prefix 8/8 (end=96, n_frames=19/97): reward=-18.2500 (mean, 1 tok)
2026-04-30 17:27:09,320 mme_vla_suite.pseudo_labeling.topreward_qwen_scorer INFO: Prefix 1/8 (end=10, n_frames=4/11): reward=-21.7500 (mean, 1 tok)
2026-04-30 17:27:15,811 mme_vla_suite.pseudo_labeling.topreward_qwen_scorer INFO: Prefix 2/8 (end=23, n_frames=5/24): reward=-22.1250 (mean, 1 tok)
2026-04-30 17:27:22,315 mme_vla_suite.pseudo_labeling.topreward_qwen_scorer INFO: Prefix 3/8 (end=36, n_frames=7/37): reward=-19.3750 (mean, 1 tok)
2026-04-30 17:27:28,834 mme_vla_suite.pseudo_labeling.topreward_qwen_scorer INFO: Prefix 4/8 (end=49, n_frames=10/50): reward=-18.0000 (mean, 1 tok)
2026-04-30 17:27:35,356 mme_vla_suite.pseudo_labeling.topreward_qwen_scorer INFO: Prefix 5/8 (end=62, n_frames=13/63): reward=-18.3750 (mean, 1 tok)
2026-04-30 17:27:41,888 mme_vla_suite.pseudo_labeling.topreward_qwen_scorer INFO: Prefix 6/8 (end=75, n_frames=15/76): reward=-18.7500 (mean, 1 tok)
2026-04-30 17:27:48,467 mme_vla_suite.pseudo_labeling.topreward_qwen_scorer INFO: Prefix 7/8 (end=88, n_frames=18/89): reward=-17.8750 (mean, 1 tok)
2026-04-30 17:27:55,071 mme_vla_suite.pseudo_labeling.topreward_qwen_scorer INFO: Prefix 8/8 (end=101, n_frames=20/102): reward=-18.2500 (mean, 1 tok)
2026-04-30 17:28:02,873 mme_vla_suite.pseudo_labeling.topreward_qwen_scorer INFO: Prefix 1/8 (end=12, n_frames=4/13): reward=-18.8750 (mean, 1 tok)
2026-04-30 17:28:09,536 mme_vla_suite.pseudo_labeling.topreward_qwen_scorer INFO: Prefix 2/8 (end=28, n_frames=6/29): reward=-19.2500 (mean, 1 tok)
2026-04-30 17:28:16,095 mme_vla_suite.pseudo_labeling.topreward_qwen_scorer INFO: Prefix 3/8 (end=44, n_frames=9/45): reward=-18.5000 (mean, 1 tok)
2026-04-30 17:28:22,615 mme_vla_suite.pseudo_labeling.topreward_qwen_scorer INFO: Prefix 4/8 (end=61, n_frames=12/62): reward=-17.5000 (mean, 1 tok)
2026-04-30 17:28:29,130 mme_vla_suite.pseudo_labeling.topreward_qwen_scorer INFO: Prefix 5/8 (end=77, n_frames=16/78): reward=-14.7500 (mean, 1 tok)
2026-04-30 17:28:35,707 mme_vla_suite.pseudo_labeling.topreward_qwen_scorer INFO: Prefix 6/8 (end=94, n_frames=19/95): reward=-14.1250 (mean, 1 tok)
2026-04-30 17:28:42,328 mme_vla_suite.pseudo_labeling.topreward_qwen_scorer INFO: Prefix 7/8 (end=110, n_frames=22/111): reward=-14.2500 (mean, 1 tok)
2026-04-30 17:28:48,998 mme_vla_suite.pseudo_labeling.topreward_qwen_scorer INFO: Prefix 8/8 (end=127, n_frames=26/128): reward=-14.0000 (mean, 1 tok)
2026-04-30 17:28:56,804 mme_vla_suite.pseudo_labeling.topreward_qwen_scorer INFO: Prefix 1/8 (end=14, n_frames=4/15): reward=-24.6250 (mean, 1 tok)
2026-04-30 17:29:03,324 mme_vla_suite.pseudo_labeling.topreward_qwen_scorer INFO: Prefix 2/8 (end=32, n_frames=7/33): reward=-21.2500 (mean, 1 tok)
2026-04-30 17:29:09,832 mme_vla_suite.pseudo_labeling.topreward_qwen_scorer INFO: Prefix 3/8 (end=50, n_frames=10/51): reward=-20.6250 (mean, 1 tok)
2026-04-30 17:29:16,386 mme_vla_suite.pseudo_labeling.topreward_qwen_scorer INFO: Prefix 4/8 (end=68, n_frames=14/69): reward=-19.1250 (mean, 1 tok)
2026-04-30 17:29:22,952 mme_vla_suite.pseudo_labeling.topreward_qwen_scorer INFO: Prefix 5/8 (end=87, n_frames=18/88): reward=-19.3750 (mean, 1 tok)
2026-04-30 17:29:29,581 mme_vla_suite.pseudo_labeling.topreward_qwen_scorer INFO: Prefix 6/8 (end=105, n_frames=21/106): reward=-19.8750 (mean, 1 tok)
2026-04-30 17:29:36,250 mme_vla_suite.pseudo_labeling.topreward_qwen_scorer INFO: Prefix 7/8 (end=123, n_frames=25/124): reward=-18.6250 (mean, 1 tok)
2026-04-30 17:29:42,920 mme_vla_suite.pseudo_labeling.topreward_qwen_scorer INFO: Prefix 8/8 (end=142, n_frames=29/143): reward=-19.0000 (mean, 1 tok)
2026-04-30 17:29:50,493 mme_vla_suite.pseudo_labeling.topreward_qwen_scorer INFO: Prefix 1/8 (end=14, n_frames=4/15): reward=-24.6250 (mean, 1 tok)
2026-04-30 17:29:57,001 mme_vla_suite.pseudo_labeling.topreward_qwen_scorer INFO: Prefix 2/8 (end=33, n_frames=7/34): reward=-22.3750 (mean, 1 tok)
2026-04-30 17:30:03,544 mme_vla_suite.pseudo_labeling.topreward_qwen_scorer INFO: Prefix 3/8 (end=52, n_frames=11/53): reward=-18.8750 (mean, 1 tok)
2026-04-30 17:30:10,067 mme_vla_suite.pseudo_labeling.topreward_qwen_scorer INFO: Prefix 4/8 (end=71, n_frames=14/72): reward=-19.6250 (mean, 1 tok)
2026-04-30 17:30:16,649 mme_vla_suite.pseudo_labeling.topreward_qwen_scorer INFO: Prefix 5/8 (end=90, n_frames=18/91): reward=-18.6250 (mean, 1 tok)
2026-04-30 17:30:23,266 mme_vla_suite.pseudo_labeling.topreward_qwen_scorer INFO: Prefix 6/8 (end=109, n_frames=22/110): reward=-20.1250 (mean, 1 tok)
2026-04-30 17:30:29,909 mme_vla_suite.pseudo_labeling.topreward_qwen_scorer INFO: Prefix 7/8 (end=128, n_frames=26/129): reward=-18.2500 (mean, 1 tok)
2026-04-30 17:30:36,539 mme_vla_suite.pseudo_labeling.topreward_qwen_scorer INFO: Prefix 8/8 (end=148, n_frames=30/149): reward=-19.1250 (mean, 1 tok)
2026-04-30 17:30:44,256 mme_vla_suite.pseudo_labeling.topreward_qwen_scorer INFO: Prefix 1/8 (end=9, n_frames=4/10): reward=-21.1250 (mean, 1 tok)
2026-04-30 17:30:50,735 mme_vla_suite.pseudo_labeling.topreward_qwen_scorer INFO: Prefix 2/8 (end=21, n_frames=4/22): reward=-21.1250 (mean, 1 tok)
2026-04-30 17:30:57,238 mme_vla_suite.pseudo_labeling.topreward_qwen_scorer INFO: Prefix 3/8 (end=33, n_frames=7/34): reward=-21.3750 (mean, 1 tok)
2026-04-30 17:31:03,744 mme_vla_suite.pseudo_labeling.topreward_qwen_scorer INFO: Prefix 4/8 (end=46, n_frames=9/47): reward=-19.6250 (mean, 1 tok)
2026-04-30 17:31:10,230 mme_vla_suite.pseudo_labeling.topreward_qwen_scorer INFO: Prefix 5/8 (end=58, n_frames=12/59): reward=-17.7500 (mean, 1 tok)
2026-04-30 17:31:16,761 mme_vla_suite.pseudo_labeling.topreward_qwen_scorer INFO: Prefix 6/8 (end=71, n_frames=14/72): reward=-17.8750 (mean, 1 tok)
2026-04-30 17:31:23,297 mme_vla_suite.pseudo_labeling.topreward_qwen_scorer INFO: Prefix 7/8 (end=83, n_frames=17/84): reward=-17.2500 (mean, 1 tok)
2026-04-30 17:31:29,860 mme_vla_suite.pseudo_labeling.topreward_qwen_scorer INFO: Prefix 8/8 (end=96, n_frames=19/97): reward=-17.5000 (mean, 1 tok)
2026-04-30 17:31:37,494 mme_vla_suite.pseudo_labeling.topreward_qwen_scorer INFO: Prefix 1/8 (end=10, n_frames=4/11): reward=-21.1250 (mean, 1 tok)
2026-04-30 17:31:44,001 mme_vla_suite.pseudo_labeling.topreward_qwen_scorer INFO: Prefix 2/8 (end=23, n_frames=5/24): reward=-21.3750 (mean, 1 tok)
2026-04-30 17:31:50,513 mme_vla_suite.pseudo_labeling.topreward_qwen_scorer INFO: Prefix 3/8 (end=36, n_frames=7/37): reward=-21.2500 (mean, 1 tok)
2026-04-30 17:31:57,022 mme_vla_suite.pseudo_labeling.topreward_qwen_scorer INFO: Prefix 4/8 (end=49, n_frames=10/50): reward=-19.2500 (mean, 1 tok)
2026-04-30 17:32:03,593 mme_vla_suite.pseudo_labeling.topreward_qwen_scorer INFO: Prefix 5/8 (end=62, n_frames=13/63): reward=-18.2500 (mean, 1 tok)
2026-04-30 17:32:10,157 mme_vla_suite.pseudo_labeling.topreward_qwen_scorer INFO: Prefix 6/8 (end=75, n_frames=15/76): reward=-18.1250 (mean, 1 tok)
2026-04-30 17:32:16,744 mme_vla_suite.pseudo_labeling.topreward_qwen_scorer INFO: Prefix 7/8 (end=88, n_frames=18/89): reward=-17.2500 (mean, 1 tok)
2026-04-30 17:32:23,354 mme_vla_suite.pseudo_labeling.topreward_qwen_scorer INFO: Prefix 8/8 (end=101, n_frames=20/102): reward=-17.8750 (mean, 1 tok)
2026-04-30 17:32:30,972 mme_vla_suite.pseudo_labeling.topreward_qwen_scorer INFO: Prefix 1/8 (end=11, n_frames=4/12): reward=-18.1250 (mean, 1 tok)
2026-04-30 17:32:37,478 mme_vla_suite.pseudo_labeling.topreward_qwen_scorer INFO: Prefix 2/8 (end=25, n_frames=5/26): reward=-18.5000 (mean, 1 tok)
2026-04-30 17:32:43,987 mme_vla_suite.pseudo_labeling.topreward_qwen_scorer INFO: Prefix 3/8 (end=39, n_frames=8/40): reward=-16.0000 (mean, 1 tok)
2026-04-30 17:32:50,507 mme_vla_suite.pseudo_labeling.topreward_qwen_scorer INFO: Prefix 4/8 (end=53, n_frames=11/54): reward=-15.3750 (mean, 1 tok)
2026-04-30 17:32:57,031 mme_vla_suite.pseudo_labeling.topreward_qwen_scorer INFO: Prefix 5/8 (end=67, n_frames=14/68): reward=-15.7500 (mean, 1 tok)
2026-04-30 17:33:03,554 mme_vla_suite.pseudo_labeling.topreward_qwen_scorer INFO: Prefix 6/8 (end=81, n_frames=16/82): reward=-15.8750 (mean, 1 tok)
2026-04-30 17:33:10,156 mme_vla_suite.pseudo_labeling.topreward_qwen_scorer INFO: Prefix 7/8 (end=95, n_frames=19/96): reward=-15.3750 (mean, 1 tok)
2026-04-30 17:33:16,790 mme_vla_suite.pseudo_labeling.topreward_qwen_scorer INFO: Prefix 8/8 (end=110, n_frames=22/111): reward=-14.7500 (mean, 1 tok)
2026-04-30 17:33:24,476 mme_vla_suite.pseudo_labeling.topreward_qwen_scorer INFO: Prefix 1/8 (end=12, n_frames=4/13): reward=-24.2500 (mean, 1 tok)
2026-04-30 17:33:30,975 mme_vla_suite.pseudo_labeling.topreward_qwen_scorer INFO: Prefix 2/8 (end=28, n_frames=6/29): reward=-23.2500 (mean, 1 tok)
2026-04-30 17:33:37,489 mme_vla_suite.pseudo_labeling.topreward_qwen_scorer INFO: Prefix 3/8 (end=44, n_frames=9/45): reward=-22.5000 (mean, 1 tok)
2026-04-30 17:33:44,006 mme_vla_suite.pseudo_labeling.topreward_qwen_scorer INFO: Prefix 4/8 (end=60, n_frames=12/61): reward=-22.6250 (mean, 1 tok)
2026-04-30 17:33:50,575 mme_vla_suite.pseudo_labeling.topreward_qwen_scorer INFO: Prefix 5/8 (end=77, n_frames=16/78): reward=-22.1250 (mean, 1 tok)
2026-04-30 17:33:57,180 mme_vla_suite.pseudo_labeling.topreward_qwen_scorer INFO: Prefix 6/8 (end=93, n_frames=19/94): reward=-20.8750 (mean, 1 tok)
2026-04-30 17:34:03,816 mme_vla_suite.pseudo_labeling.topreward_qwen_scorer INFO: Prefix 7/8 (end=109, n_frames=22/110): reward=-20.3750 (mean, 1 tok)
2026-04-30 17:34:10,471 mme_vla_suite.pseudo_labeling.topreward_qwen_scorer INFO: Prefix 8/8 (end=126, n_frames=25/127): reward=-21.5000 (mean, 1 tok)
2026-04-30 17:34:18,005 mme_vla_suite.pseudo_labeling.topreward_qwen_scorer INFO: Prefix 1/8 (end=13, n_frames=4/14): reward=-24.3750 (mean, 1 tok)
2026-04-30 17:34:24,505 mme_vla_suite.pseudo_labeling.topreward_qwen_scorer INFO: Prefix 2/8 (end=30, n_frames=6/31): reward=-23.2500 (mean, 1 tok)
2026-04-30 17:34:31,022 mme_vla_suite.pseudo_labeling.topreward_qwen_scorer INFO: Prefix 3/8 (end=47, n_frames=10/48): reward=-21.3750 (mean, 1 tok)
2026-04-30 17:34:37,559 mme_vla_suite.pseudo_labeling.topreward_qwen_scorer INFO: Prefix 4/8 (end=64, n_frames=13/65): reward=-22.3750 (mean, 1 tok)
2026-04-30 17:34:44,261 mme_vla_suite.pseudo_labeling.topreward_qwen_scorer INFO: Prefix 5/8 (end=81, n_frames=16/82): reward=-20.8750 (mean, 1 tok)
2026-04-30 17:34:50,888 mme_vla_suite.pseudo_labeling.topreward_qwen_scorer INFO: Prefix 6/8 (end=98, n_frames=20/99): reward=-20.6250 (mean, 1 tok)
2026-04-30 17:34:57,525 mme_vla_suite.pseudo_labeling.topreward_qwen_scorer INFO: Prefix 7/8 (end=115, n_frames=23/116): reward=-20.1250 (mean, 1 tok)
2026-04-30 17:35:04,125 mme_vla_suite.pseudo_labeling.topreward_qwen_scorer INFO: Prefix 8/8 (end=132, n_frames=27/133): reward=-19.7500 (mean, 1 tok)
2026-04-30 17:35:11,657 mme_vla_suite.pseudo_labeling.topreward_qwen_scorer INFO: Prefix 1/8 (end=11, n_frames=4/12): reward=-17.6250 (mean, 1 tok)
2026-04-30 17:35:18,153 mme_vla_suite.pseudo_labeling.topreward_qwen_scorer INFO: Prefix 2/8 (end=25, n_frames=5/26): reward=-17.7500 (mean, 1 tok)
2026-04-30 17:35:24,675 mme_vla_suite.pseudo_labeling.topreward_qwen_scorer INFO: Prefix 3/8 (end=39, n_frames=8/40): reward=-15.5000 (mean, 1 tok)
2026-04-30 17:35:31,197 mme_vla_suite.pseudo_labeling.topreward_qwen_scorer INFO: Prefix 4/8 (end=54, n_frames=11/55): reward=-14.8750 (mean, 1 tok)
2026-04-30 17:35:37,730 mme_vla_suite.pseudo_labeling.topreward_qwen_scorer INFO: Prefix 5/8 (end=68, n_frames=14/69): reward=-15.2500 (mean, 1 tok)
2026-04-30 17:35:44,304 mme_vla_suite.pseudo_labeling.topreward_qwen_scorer INFO: Prefix 6/8 (end=83, n_frames=17/84): reward=-14.5000 (mean, 1 tok)
2026-04-30 17:35:50,890 mme_vla_suite.pseudo_labeling.topreward_qwen_scorer INFO: Prefix 7/8 (end=97, n_frames=20/98): reward=-14.2500 (mean, 1 tok)
2026-04-30 17:35:57,504 mme_vla_suite.pseudo_labeling.topreward_qwen_scorer INFO: Prefix 8/8 (end=112, n_frames=23/113): reward=-14.3750 (mean, 1 tok)
2026-04-30 17:36:05,044 mme_vla_suite.pseudo_labeling.topreward_qwen_scorer INFO: Prefix 1/8 (end=6, n_frames=4/7): reward=-22.8750 (mean, 1 tok)
2026-04-30 17:36:11,531 mme_vla_suite.pseudo_labeling.topreward_qwen_scorer INFO: Prefix 2/8 (end=14, n_frames=4/15): reward=-23.1250 (mean, 1 tok)
2026-04-30 17:36:18,031 mme_vla_suite.pseudo_labeling.topreward_qwen_scorer INFO: Prefix 3/8 (end=23, n_frames=5/24): reward=-20.8750 (mean, 1 tok)
2026-04-30 17:36:24,553 mme_vla_suite.pseudo_labeling.topreward_qwen_scorer INFO: Prefix 4/8 (end=31, n_frames=6/32): reward=-16.6250 (mean, 1 tok)
2026-04-30 17:36:31,070 mme_vla_suite.pseudo_labeling.topreward_qwen_scorer INFO: Prefix 5/8 (end=40, n_frames=8/41): reward=-16.7500 (mean, 1 tok)
2026-04-30 17:36:37,600 mme_vla_suite.pseudo_labeling.topreward_qwen_scorer INFO: Prefix 6/8 (end=48, n_frames=10/49): reward=-15.3750 (mean, 1 tok)
2026-04-30 17:36:44,133 mme_vla_suite.pseudo_labeling.topreward_qwen_scorer INFO: Prefix 7/8 (end=57, n_frames=12/58): reward=-16.7500 (mean, 1 tok)
2026-04-30 17:36:50,655 mme_vla_suite.pseudo_labeling.topreward_qwen_scorer INFO: Prefix 8/8 (end=66, n_frames=13/67): reward=-15.5000 (mean, 1 tok)
2026-04-30 17:36:57,962 mme_vla_suite.pseudo_labeling.topreward_qwen_scorer INFO: Prefix 1/8 (end=8, n_frames=4/9): reward=-22.6250 (mean, 1 tok)
2026-04-30 17:37:04,474 mme_vla_suite.pseudo_labeling.topreward_qwen_scorer INFO: Prefix 2/8 (end=18, n_frames=4/19): reward=-22.3750 (mean, 1 tok)
2026-04-30 17:37:10,989 mme_vla_suite.pseudo_labeling.topreward_qwen_scorer INFO: Prefix 3/8 (end=28, n_frames=6/29): reward=-17.8750 (mean, 1 tok)
2026-04-30 17:37:17,523 mme_vla_suite.pseudo_labeling.topreward_qwen_scorer INFO: Prefix 4/8 (end=38, n_frames=8/39): reward=-18.6250 (mean, 1 tok)
2026-04-30 17:37:24,054 mme_vla_suite.pseudo_labeling.topreward_qwen_scorer INFO: Prefix 5/8 (end=48, n_frames=10/49): reward=-15.3750 (mean, 1 tok)
2026-04-30 17:37:30,574 mme_vla_suite.pseudo_labeling.topreward_qwen_scorer INFO: Prefix 6/8 (end=58, n_frames=12/59): reward=-15.6250 (mean, 1 tok)
2026-04-30 17:37:37,113 mme_vla_suite.pseudo_labeling.topreward_qwen_scorer INFO: Prefix 7/8 (end=68, n_frames=14/69): reward=-15.7500 (mean, 1 tok)
2026-04-30 17:37:43,675 mme_vla_suite.pseudo_labeling.topreward_qwen_scorer INFO: Prefix 8/8 (end=79, n_frames=16/80): reward=-15.8750 (mean, 1 tok)
2026-04-30 17:37:51,530 mme_vla_suite.pseudo_labeling.topreward_qwen_scorer INFO: Prefix 1/8 (end=12, n_frames=4/13): reward=-18.3750 (mean, 1 tok)
2026-04-30 17:37:58,042 mme_vla_suite.pseudo_labeling.topreward_qwen_scorer INFO: Prefix 2/8 (end=27, n_frames=6/28): reward=-17.7500 (mean, 1 tok)
2026-04-30 17:38:04,572 mme_vla_suite.pseudo_labeling.topreward_qwen_scorer INFO: Prefix 3/8 (end=43, n_frames=9/44): reward=-15.5000 (mean, 1 tok)
2026-04-30 17:38:11,088 mme_vla_suite.pseudo_labeling.topreward_qwen_scorer INFO: Prefix 4/8 (end=59, n_frames=12/60): reward=-15.0000 (mean, 1 tok)
2026-04-30 17:38:17,628 mme_vla_suite.pseudo_labeling.topreward_qwen_scorer INFO: Prefix 5/8 (end=74, n_frames=15/75): reward=-16.3750 (mean, 1 tok)
2026-04-30 17:38:24,181 mme_vla_suite.pseudo_labeling.topreward_qwen_scorer INFO: Prefix 6/8 (end=90, n_frames=18/91): reward=-14.1250 (mean, 1 tok)
2026-04-30 17:38:30,760 mme_vla_suite.pseudo_labeling.topreward_qwen_scorer INFO: Prefix 7/8 (end=106, n_frames=21/107): reward=-14.5000 (mean, 1 tok)
2026-04-30 17:38:37,444 mme_vla_suite.pseudo_labeling.topreward_qwen_scorer INFO: Prefix 8/8 (end=122, n_frames=25/123): reward=-14.0000 (mean, 1 tok)
2026-04-30 17:38:45,020 mme_vla_suite.pseudo_labeling.topreward_qwen_scorer INFO: Prefix 1/8 (end=9, n_frames=4/10): reward=-24.5000 (mean, 1 tok)
2026-04-30 17:38:51,526 mme_vla_suite.pseudo_labeling.topreward_qwen_scorer INFO: Prefix 2/8 (end=21, n_frames=4/22): reward=-23.5000 (mean, 1 tok)
2026-04-30 17:38:58,047 mme_vla_suite.pseudo_labeling.topreward_qwen_scorer INFO: Prefix 3/8 (end=34, n_frames=7/35): reward=-22.2500 (mean, 1 tok)
2026-04-30 17:39:04,554 mme_vla_suite.pseudo_labeling.topreward_qwen_scorer INFO: Prefix 4/8 (end=46, n_frames=9/47): reward=-21.3750 (mean, 1 tok)
2026-04-30 17:39:11,089 mme_vla_suite.pseudo_labeling.topreward_qwen_scorer INFO: Prefix 5/8 (end=59, n_frames=12/60): reward=-22.2500 (mean, 1 tok)
2026-04-30 17:39:17,628 mme_vla_suite.pseudo_labeling.topreward_qwen_scorer INFO: Prefix 6/8 (end=71, n_frames=14/72): reward=-20.7500 (mean, 1 tok)
2026-04-30 17:39:24,189 mme_vla_suite.pseudo_labeling.topreward_qwen_scorer INFO: Prefix 7/8 (end=84, n_frames=17/85): reward=-19.0000 (mean, 1 tok)
2026-04-30 17:39:30,737 mme_vla_suite.pseudo_labeling.topreward_qwen_scorer INFO: Prefix 8/8 (end=97, n_frames=20/98): reward=-19.6250 (mean, 1 tok)
2026-04-30 17:39:38,668 mme_vla_suite.pseudo_labeling.topreward_qwen_scorer INFO: Prefix 1/8 (end=10, n_frames=4/11): reward=-24.2500 (mean, 1 tok)
2026-04-30 17:39:45,319 mme_vla_suite.pseudo_labeling.topreward_qwen_scorer INFO: Prefix 2/8 (end=23, n_frames=5/24): reward=-23.5000 (mean, 1 tok)
2026-04-30 17:39:51,817 mme_vla_suite.pseudo_labeling.topreward_qwen_scorer INFO: Prefix 3/8 (end=36, n_frames=7/37): reward=-22.7500 (mean, 1 tok)
2026-04-30 17:39:58,423 mme_vla_suite.pseudo_labeling.topreward_qwen_scorer INFO: Prefix 4/8 (end=49, n_frames=10/50): reward=-21.2500 (mean, 1 tok)
2026-04-30 17:40:05,110 mme_vla_suite.pseudo_labeling.topreward_qwen_scorer INFO: Prefix 5/8 (end=63, n_frames=13/64): reward=-20.7500 (mean, 1 tok)
2026-04-30 17:40:11,761 mme_vla_suite.pseudo_labeling.topreward_qwen_scorer INFO: Prefix 6/8 (end=76, n_frames=15/77): reward=-21.0000 (mean, 1 tok)
2026-04-30 17:40:18,499 mme_vla_suite.pseudo_labeling.topreward_qwen_scorer INFO: Prefix 7/8 (end=89, n_frames=18/90): reward=-20.2500 (mean, 1 tok)
2026-04-30 17:40:25,274 mme_vla_suite.pseudo_labeling.topreward_qwen_scorer INFO: Prefix 8/8 (end=103, n_frames=21/104): reward=-19.7500 (mean, 1 tok)
2026-04-30 17:40:32,580 mme_vla_suite.pseudo_labeling.topreward_qwen_scorer INFO: Prefix 1/8 (end=9, n_frames=4/10): reward=-22.0000 (mean, 1 tok)
2026-04-30 17:40:39,065 mme_vla_suite.pseudo_labeling.topreward_qwen_scorer INFO: Prefix 2/8 (end=20, n_frames=4/21): reward=-22.0000 (mean, 1 tok)
2026-04-30 17:40:45,583 mme_vla_suite.pseudo_labeling.topreward_qwen_scorer INFO: Prefix 3/8 (end=32, n_frames=7/33): reward=-20.3750 (mean, 1 tok)
2026-04-30 17:40:52,111 mme_vla_suite.pseudo_labeling.topreward_qwen_scorer INFO: Prefix 4/8 (end=43, n_frames=9/44): reward=-18.0000 (mean, 1 tok)
2026-04-30 17:40:58,606 mme_vla_suite.pseudo_labeling.topreward_qwen_scorer INFO: Prefix 5/8 (end=55, n_frames=11/56): reward=-17.7500 (mean, 1 tok)
2026-04-30 17:41:05,129 mme_vla_suite.pseudo_labeling.topreward_qwen_scorer INFO: Prefix 6/8 (end=66, n_frames=13/67): reward=-18.3750 (mean, 1 tok)
2026-04-30 17:41:11,703 mme_vla_suite.pseudo_labeling.topreward_qwen_scorer INFO: Prefix 7/8 (end=78, n_frames=16/79): reward=-18.3750 (mean, 1 tok)
2026-04-30 17:41:18,272 mme_vla_suite.pseudo_labeling.topreward_qwen_scorer INFO: Prefix 8/8 (end=90, n_frames=18/91): reward=-18.0000 (mean, 1 tok)
2026-04-30 17:41:25,890 mme_vla_suite.pseudo_labeling.topreward_qwen_scorer INFO: Prefix 1/8 (end=9, n_frames=4/10): reward=-22.0000 (mean, 1 tok)
2026-04-30 17:41:32,364 mme_vla_suite.pseudo_labeling.topreward_qwen_scorer INFO: Prefix 2/8 (end=21, n_frames=4/22): reward=-22.0000 (mean, 1 tok)
2026-04-30 17:41:38,880 mme_vla_suite.pseudo_labeling.topreward_qwen_scorer INFO: Prefix 3/8 (end=33, n_frames=7/34): reward=-19.6250 (mean, 1 tok)
2026-04-30 17:41:45,399 mme_vla_suite.pseudo_labeling.topreward_qwen_scorer INFO: Prefix 4/8 (end=45, n_frames=9/46): reward=-17.7500 (mean, 1 tok)
2026-04-30 17:41:51,922 mme_vla_suite.pseudo_labeling.topreward_qwen_scorer INFO: Prefix 5/8 (end=58, n_frames=12/59): reward=-17.6250 (mean, 1 tok)
2026-04-30 17:41:58,439 mme_vla_suite.pseudo_labeling.topreward_qwen_scorer INFO: Prefix 6/8 (end=70, n_frames=14/71): reward=-18.5000 (mean, 1 tok)
2026-04-30 17:42:05,046 mme_vla_suite.pseudo_labeling.topreward_qwen_scorer INFO: Prefix 7/8 (end=82, n_frames=17/83): reward=-17.5000 (mean, 1 tok)
2026-04-30 17:42:11,654 mme_vla_suite.pseudo_labeling.topreward_qwen_scorer INFO: Prefix 8/8 (end=95, n_frames=19/96): reward=-18.1250 (mean, 1 tok)
2026-04-30 17:42:19,457 mme_vla_suite.pseudo_labeling.topreward_qwen_scorer INFO: Prefix 1/8 (end=11, n_frames=4/12): reward=-19.7500 (mean, 1 tok)
2026-04-30 17:42:25,935 mme_vla_suite.pseudo_labeling.topreward_qwen_scorer INFO: Prefix 2/8 (end=25, n_frames=5/26): reward=-20.2500 (mean, 1 tok)
2026-04-30 17:42:32,428 mme_vla_suite.pseudo_labeling.topreward_qwen_scorer INFO: Prefix 3/8 (end=40, n_frames=8/41): reward=-16.2500 (mean, 1 tok)
2026-04-30 17:42:38,948 mme_vla_suite.pseudo_labeling.topreward_qwen_scorer INFO: Prefix 4/8 (end=55, n_frames=11/56): reward=-16.8750 (mean, 1 tok)
2026-04-30 17:42:45,496 mme_vla_suite.pseudo_labeling.topreward_qwen_scorer INFO: Prefix 5/8 (end=70, n_frames=14/71): reward=-16.3750 (mean, 1 tok)
2026-04-30 17:42:52,069 mme_vla_suite.pseudo_labeling.topreward_qwen_scorer INFO: Prefix 6/8 (end=85, n_frames=17/86): reward=-15.5000 (mean, 1 tok)
2026-04-30 17:42:58,644 mme_vla_suite.pseudo_labeling.topreward_qwen_scorer INFO: Prefix 7/8 (end=100, n_frames=20/101): reward=-15.6250 (mean, 1 tok)
2026-04-30 17:43:05,219 mme_vla_suite.pseudo_labeling.topreward_qwen_scorer INFO: Prefix 8/8 (end=115, n_frames=23/116): reward=-15.3750 (mean, 1 tok)
2026-04-30 17:43:12,650 mme_vla_suite.pseudo_labeling.topreward_qwen_scorer INFO: Prefix 1/8 (end=6, n_frames=4/7): reward=-18.2500 (mean, 1 tok)
2026-04-30 17:43:19,135 mme_vla_suite.pseudo_labeling.topreward_qwen_scorer INFO: Prefix 2/8 (end=14, n_frames=4/15): reward=-18.7500 (mean, 1 tok)
2026-04-30 17:43:25,623 mme_vla_suite.pseudo_labeling.topreward_qwen_scorer INFO: Prefix 3/8 (end=23, n_frames=5/24): reward=-17.0000 (mean, 1 tok)
2026-04-30 17:43:32,115 mme_vla_suite.pseudo_labeling.topreward_qwen_scorer INFO: Prefix 4/8 (end=32, n_frames=7/33): reward=-18.5000 (mean, 1 tok)
2026-04-30 17:43:38,620 mme_vla_suite.pseudo_labeling.topreward_qwen_scorer INFO: Prefix 5/8 (end=40, n_frames=8/41): reward=-17.0000 (mean, 1 tok)
2026-04-30 17:43:45,125 mme_vla_suite.pseudo_labeling.topreward_qwen_scorer INFO: Prefix 6/8 (end=49, n_frames=10/50): reward=-17.0000 (mean, 1 tok)
2026-04-30 17:43:51,648 mme_vla_suite.pseudo_labeling.topreward_qwen_scorer INFO: Prefix 7/8 (end=58, n_frames=12/59): reward=-16.8750 (mean, 1 tok)
2026-04-30 17:43:58,155 mme_vla_suite.pseudo_labeling.topreward_qwen_scorer INFO: Prefix 8/8 (end=67, n_frames=14/68): reward=-17.1250 (mean, 1 tok)
2026-04-30 17:44:05,831 mme_vla_suite.pseudo_labeling.topreward_qwen_scorer INFO: Prefix 1/8 (end=8, n_frames=4/9): reward=-17.8750 (mean, 1 tok)
2026-04-30 17:44:12,441 mme_vla_suite.pseudo_labeling.topreward_qwen_scorer INFO: Prefix 2/8 (end=18, n_frames=4/19): reward=-18.2500 (mean, 1 tok)
2026-04-30 17:44:18,935 mme_vla_suite.pseudo_labeling.topreward_qwen_scorer INFO: Prefix 3/8 (end=28, n_frames=6/29): reward=-17.8750 (mean, 1 tok)
2026-04-30 17:44:25,434 mme_vla_suite.pseudo_labeling.topreward_qwen_scorer INFO: Prefix 4/8 (end=38, n_frames=8/39): reward=-17.1250 (mean, 1 tok)
2026-04-30 17:44:31,950 mme_vla_suite.pseudo_labeling.topreward_qwen_scorer INFO: Prefix 5/8 (end=48, n_frames=10/49): reward=-16.5000 (mean, 1 tok)
2026-04-30 17:44:38,467 mme_vla_suite.pseudo_labeling.topreward_qwen_scorer INFO: Prefix 6/8 (end=58, n_frames=12/59): reward=-16.8750 (mean, 1 tok)
2026-04-30 17:44:44,998 mme_vla_suite.pseudo_labeling.topreward_qwen_scorer INFO: Prefix 7/8 (end=68, n_frames=14/69): reward=-17.3750 (mean, 1 tok)
2026-04-30 17:44:51,545 mme_vla_suite.pseudo_labeling.topreward_qwen_scorer INFO: Prefix 8/8 (end=79, n_frames=16/80): reward=-17.0000 (mean, 1 tok)
2026-04-30 17:44:59,140 mme_vla_suite.pseudo_labeling.topreward_qwen_scorer INFO: Prefix 1/8 (end=9, n_frames=4/10): reward=-21.1250 (mean, 1 tok)
2026-04-30 17:45:05,650 mme_vla_suite.pseudo_labeling.topreward_qwen_scorer INFO: Prefix 2/8 (end=21, n_frames=4/22): reward=-21.1250 (mean, 1 tok)
2026-04-30 17:45:12,189 mme_vla_suite.pseudo_labeling.topreward_qwen_scorer INFO: Prefix 3/8 (end=33, n_frames=7/34): reward=-21.3750 (mean, 1 tok)
2026-04-30 17:45:18,707 mme_vla_suite.pseudo_labeling.topreward_qwen_scorer INFO: Prefix 4/8 (end=45, n_frames=9/46): reward=-19.1250 (mean, 1 tok)
2026-04-30 17:45:25,231 mme_vla_suite.pseudo_labeling.topreward_qwen_scorer INFO: Prefix 5/8 (end=57, n_frames=12/58): reward=-18.7500 (mean, 1 tok)
2026-04-30 17:45:31,760 mme_vla_suite.pseudo_labeling.topreward_qwen_scorer INFO: Prefix 6/8 (end=69, n_frames=14/70): reward=-18.7500 (mean, 1 tok)
2026-04-30 17:45:38,321 mme_vla_suite.pseudo_labeling.topreward_qwen_scorer INFO: Prefix 7/8 (end=81, n_frames=16/82): reward=-18.5000 (mean, 1 tok)
2026-04-30 17:45:44,910 mme_vla_suite.pseudo_labeling.topreward_qwen_scorer INFO: Prefix 8/8 (end=94, n_frames=19/95): reward=-19.0000 (mean, 1 tok)
2026-04-30 17:45:52,416 mme_vla_suite.pseudo_labeling.topreward_qwen_scorer INFO: Prefix 1/8 (end=10, n_frames=4/11): reward=-21.1250 (mean, 1 tok)
2026-04-30 17:45:59,006 mme_vla_suite.pseudo_labeling.topreward_qwen_scorer INFO: Prefix 2/8 (end=22, n_frames=5/23): reward=-21.3750 (mean, 1 tok)
2026-04-30 17:46:05,521 mme_vla_suite.pseudo_labeling.topreward_qwen_scorer INFO: Prefix 3/8 (end=35, n_frames=7/36): reward=-21.0000 (mean, 1 tok)
2026-04-30 17:46:12,061 mme_vla_suite.pseudo_labeling.topreward_qwen_scorer INFO: Prefix 4/8 (end=48, n_frames=10/49): reward=-19.3750 (mean, 1 tok)
2026-04-30 17:46:18,639 mme_vla_suite.pseudo_labeling.topreward_qwen_scorer INFO: Prefix 5/8 (end=60, n_frames=12/61): reward=-18.6250 (mean, 1 tok)
2026-04-30 17:46:25,157 mme_vla_suite.pseudo_labeling.topreward_qwen_scorer INFO: Prefix 6/8 (end=73, n_frames=15/74): reward=-19.3750 (mean, 1 tok)
2026-04-30 17:46:31,712 mme_vla_suite.pseudo_labeling.topreward_qwen_scorer INFO: Prefix 7/8 (end=86, n_frames=17/87): reward=-18.0000 (mean, 1 tok)
2026-04-30 17:46:38,292 mme_vla_suite.pseudo_labeling.topreward_qwen_scorer INFO: Prefix 8/8 (end=99, n_frames=20/100): reward=-19.0000 (mean, 1 tok)
2026-04-30 17:46:46,304 mme_vla_suite.pseudo_labeling.topreward_qwen_scorer INFO: Prefix 1/8 (end=12, n_frames=4/13): reward=-17.1250 (mean, 1 tok)
2026-04-30 17:46:52,809 mme_vla_suite.pseudo_labeling.topreward_qwen_scorer INFO: Prefix 2/8 (end=28, n_frames=6/29): reward=-16.8750 (mean, 1 tok)
2026-04-30 17:46:59,346 mme_vla_suite.pseudo_labeling.topreward_qwen_scorer INFO: Prefix 3/8 (end=44, n_frames=9/45): reward=-16.3750 (mean, 1 tok)
2026-04-30 17:47:05,859 mme_vla_suite.pseudo_labeling.topreward_qwen_scorer INFO: Prefix 4/8 (end=60, n_frames=12/61): reward=-14.7500 (mean, 1 tok)
2026-04-30 17:47:12,406 mme_vla_suite.pseudo_labeling.topreward_qwen_scorer INFO: Prefix 5/8 (end=76, n_frames=15/77): reward=-14.3750 (mean, 1 tok)
2026-04-30 17:47:18,997 mme_vla_suite.pseudo_labeling.topreward_qwen_scorer INFO: Prefix 6/8 (end=92, n_frames=19/93): reward=-13.8750 (mean, 1 tok)
2026-04-30 17:47:25,611 mme_vla_suite.pseudo_labeling.topreward_qwen_scorer INFO: Prefix 7/8 (end=108, n_frames=22/109): reward=-14.6250 (mean, 1 tok)
2026-04-30 17:47:32,272 mme_vla_suite.pseudo_labeling.topreward_qwen_scorer INFO: Prefix 8/8 (end=125, n_frames=25/126): reward=-14.2500 (mean, 1 tok)
2026-04-30 17:47:39,893 mme_vla_suite.pseudo_labeling.topreward_qwen_scorer INFO: Prefix 1/8 (end=8, n_frames=4/9): reward=-23.5000 (mean, 1 tok)
2026-04-30 17:47:46,387 mme_vla_suite.pseudo_labeling.topreward_qwen_scorer INFO: Prefix 2/8 (end=18, n_frames=4/19): reward=-21.7500 (mean, 1 tok)
2026-04-30 17:47:52,885 mme_vla_suite.pseudo_labeling.topreward_qwen_scorer INFO: Prefix 3/8 (end=28, n_frames=6/29): reward=-22.1250 (mean, 1 tok)
2026-04-30 17:47:59,400 mme_vla_suite.pseudo_labeling.topreward_qwen_scorer INFO: Prefix 4/8 (end=38, n_frames=8/39): reward=-20.7500 (mean, 1 tok)
2026-04-30 17:48:05,939 mme_vla_suite.pseudo_labeling.topreward_qwen_scorer INFO: Prefix 5/8 (end=49, n_frames=10/50): reward=-21.1250 (mean, 1 tok)
2026-04-30 17:48:12,446 mme_vla_suite.pseudo_labeling.topreward_qwen_scorer INFO: Prefix 6/8 (end=59, n_frames=12/60): reward=-20.2500 (mean, 1 tok)
2026-04-30 17:48:18,984 mme_vla_suite.pseudo_labeling.topreward_qwen_scorer INFO: Prefix 7/8 (end=69, n_frames=14/70): reward=-19.8750 (mean, 1 tok)
2026-04-30 17:48:25,530 mme_vla_suite.pseudo_labeling.topreward_qwen_scorer INFO: Prefix 8/8 (end=80, n_frames=16/81): reward=-19.2500 (mean, 1 tok)
2026-04-30 17:48:32,966 mme_vla_suite.pseudo_labeling.topreward_qwen_scorer INFO: Prefix 1/8 (end=8, n_frames=4/9): reward=-23.5000 (mean, 1 tok)
2026-04-30 17:48:39,471 mme_vla_suite.pseudo_labeling.topreward_qwen_scorer INFO: Prefix 2/8 (end=19, n_frames=4/20): reward=-21.5000 (mean, 1 tok)
2026-04-30 17:48:45,977 mme_vla_suite.pseudo_labeling.topreward_qwen_scorer INFO: Prefix 3/8 (end=30, n_frames=6/31): reward=-21.0000 (mean, 1 tok)
2026-04-30 17:48:52,481 mme_vla_suite.pseudo_labeling.topreward_qwen_scorer INFO: Prefix 4/8 (end=41, n_frames=8/42): reward=-21.1250 (mean, 1 tok)
2026-04-30 17:48:59,002 mme_vla_suite.pseudo_labeling.topreward_qwen_scorer INFO: Prefix 5/8 (end=52, n_frames=11/53): reward=-20.3750 (mean, 1 tok)
2026-04-30 17:49:05,541 mme_vla_suite.pseudo_labeling.topreward_qwen_scorer INFO: Prefix 6/8 (end=63, n_frames=13/64): reward=-20.2500 (mean, 1 tok)
2026-04-30 17:49:12,168 mme_vla_suite.pseudo_labeling.topreward_qwen_scorer INFO: Prefix 7/8 (end=74, n_frames=15/75): reward=-19.6250 (mean, 1 tok)
2026-04-30 17:49:18,748 mme_vla_suite.pseudo_labeling.topreward_qwen_scorer INFO: Prefix 8/8 (end=86, n_frames=17/87): reward=-20.6250 (mean, 1 tok)
2026-04-30 17:49:26,149 mme_vla_suite.pseudo_labeling.topreward_qwen_scorer INFO: Prefix 1/8 (end=8, n_frames=4/9): reward=-21.6250 (mean, 1 tok)
2026-04-30 17:49:32,640 mme_vla_suite.pseudo_labeling.topreward_qwen_scorer INFO: Prefix 2/8 (end=18, n_frames=4/19): reward=-21.6250 (mean, 1 tok)
2026-04-30 17:49:39,127 mme_vla_suite.pseudo_labeling.topreward_qwen_scorer INFO: Prefix 3/8 (end=28, n_frames=6/29): reward=-21.8750 (mean, 1 tok)
2026-04-30 17:49:45,643 mme_vla_suite.pseudo_labeling.topreward_qwen_scorer INFO: Prefix 4/8 (end=38, n_frames=8/39): reward=-19.8750 (mean, 1 tok)
2026-04-30 17:49:52,149 mme_vla_suite.pseudo_labeling.topreward_qwen_scorer INFO: Prefix 5/8 (end=48, n_frames=10/49): reward=-19.1250 (mean, 1 tok)
2026-04-30 17:49:58,670 mme_vla_suite.pseudo_labeling.topreward_qwen_scorer INFO: Prefix 6/8 (end=58, n_frames=12/59): reward=-19.0000 (mean, 1 tok)
2026-04-30 17:50:05,193 mme_vla_suite.pseudo_labeling.topreward_qwen_scorer INFO: Prefix 7/8 (end=68, n_frames=14/69): reward=-18.6250 (mean, 1 tok)
2026-04-30 17:50:11,746 mme_vla_suite.pseudo_labeling.topreward_qwen_scorer INFO: Prefix 8/8 (end=79, n_frames=16/80): reward=-19.0000 (mean, 1 tok)
2026-04-30 17:50:19,216 mme_vla_suite.pseudo_labeling.topreward_qwen_scorer INFO: Prefix 1/8 (end=8, n_frames=4/9): reward=-21.6250 (mean, 1 tok)
2026-04-30 17:50:25,699 mme_vla_suite.pseudo_labeling.topreward_qwen_scorer INFO: Prefix 2/8 (end=18, n_frames=4/19): reward=-21.6250 (mean, 1 tok)
2026-04-30 17:50:32,189 mme_vla_suite.pseudo_labeling.topreward_qwen_scorer INFO: Prefix 3/8 (end=29, n_frames=6/30): reward=-21.8750 (mean, 1 tok)
2026-04-30 17:50:38,669 mme_vla_suite.pseudo_labeling.topreward_qwen_scorer INFO: Prefix 4/8 (end=40, n_frames=8/41): reward=-19.8750 (mean, 1 tok)
2026-04-30 17:50:45,172 mme_vla_suite.pseudo_labeling.topreward_qwen_scorer INFO: Prefix 5/8 (end=51, n_frames=10/52): reward=-18.7500 (mean, 1 tok)
2026-04-30 17:50:51,685 mme_vla_suite.pseudo_labeling.topreward_qwen_scorer INFO: Prefix 6/8 (end=62, n_frames=13/63): reward=-19.3750 (mean, 1 tok)
2026-04-30 17:50:58,204 mme_vla_suite.pseudo_labeling.topreward_qwen_scorer INFO: Prefix 7/8 (end=73, n_frames=15/74): reward=-19.1250 (mean, 1 tok)
2026-04-30 17:51:04,757 mme_vla_suite.pseudo_labeling.topreward_qwen_scorer INFO: Prefix 8/8 (end=84, n_frames=17/85): reward=-18.3750 (mean, 1 tok)
2026-04-30 17:51:12,368 mme_vla_suite.pseudo_labeling.topreward_qwen_scorer INFO: Prefix 1/8 (end=8, n_frames=4/9): reward=-21.3750 (mean, 1 tok)
2026-04-30 17:51:18,826 mme_vla_suite.pseudo_labeling.topreward_qwen_scorer INFO: Prefix 2/8 (end=19, n_frames=4/20): reward=-21.3750 (mean, 1 tok)
2026-04-30 17:51:25,319 mme_vla_suite.pseudo_labeling.topreward_qwen_scorer INFO: Prefix 3/8 (end=30, n_frames=6/31): reward=-21.6250 (mean, 1 tok)
2026-04-30 17:51:31,810 mme_vla_suite.pseudo_labeling.topreward_qwen_scorer INFO: Prefix 4/8 (end=41, n_frames=8/42): reward=-19.1250 (mean, 1 tok)
2026-04-30 17:51:38,322 mme_vla_suite.pseudo_labeling.topreward_qwen_scorer INFO: Prefix 5/8 (end=52, n_frames=11/53): reward=-18.8750 (mean, 1 tok)
2026-04-30 17:51:44,826 mme_vla_suite.pseudo_labeling.topreward_qwen_scorer INFO: Prefix 6/8 (end=63, n_frames=13/64): reward=-18.2500 (mean, 1 tok)
2026-04-30 17:51:51,368 mme_vla_suite.pseudo_labeling.topreward_qwen_scorer INFO: Prefix 7/8 (end=74, n_frames=15/75): reward=-18.5000 (mean, 1 tok)
2026-04-30 17:51:57,990 mme_vla_suite.pseudo_labeling.topreward_qwen_scorer INFO: Prefix 8/8 (end=86, n_frames=17/87): reward=-18.5000 (mean, 1 tok)
2026-04-30 17:52:05,496 mme_vla_suite.pseudo_labeling.topreward_qwen_scorer INFO: Prefix 1/8 (end=9, n_frames=4/10): reward=-21.3750 (mean, 1 tok)
2026-04-30 17:52:12,003 mme_vla_suite.pseudo_labeling.topreward_qwen_scorer INFO: Prefix 2/8 (end=20, n_frames=4/21): reward=-21.3750 (mean, 1 tok)
2026-04-30 17:52:18,512 mme_vla_suite.pseudo_labeling.topreward_qwen_scorer INFO: Prefix 3/8 (end=32, n_frames=7/33): reward=-21.3750 (mean, 1 tok)
2026-04-30 17:52:25,021 mme_vla_suite.pseudo_labeling.topreward_qwen_scorer INFO: Prefix 4/8 (end=44, n_frames=9/45): reward=-17.7500 (mean, 1 tok)
2026-04-30 17:52:31,551 mme_vla_suite.pseudo_labeling.topreward_qwen_scorer INFO: Prefix 5/8 (end=55, n_frames=11/56): reward=-18.3750 (mean, 1 tok)
2026-04-30 17:52:38,077 mme_vla_suite.pseudo_labeling.topreward_qwen_scorer INFO: Prefix 6/8 (end=67, n_frames=14/68): reward=-18.6250 (mean, 1 tok)
2026-04-30 17:52:44,629 mme_vla_suite.pseudo_labeling.topreward_qwen_scorer INFO: Prefix 7/8 (end=79, n_frames=16/80): reward=-18.7500 (mean, 1 tok)
2026-04-30 17:52:51,187 mme_vla_suite.pseudo_labeling.topreward_qwen_scorer INFO: Prefix 8/8 (end=91, n_frames=18/92): reward=-18.3750 (mean, 1 tok)
2026-04-30 17:52:58,784 mme_vla_suite.pseudo_labeling.topreward_qwen_scorer INFO: Prefix 1/8 (end=10, n_frames=4/11): reward=-20.5000 (mean, 1 tok)
2026-04-30 17:53:05,264 mme_vla_suite.pseudo_labeling.topreward_qwen_scorer INFO: Prefix 2/8 (end=23, n_frames=5/24): reward=-20.7500 (mean, 1 tok)
2026-04-30 17:53:11,792 mme_vla_suite.pseudo_labeling.topreward_qwen_scorer INFO: Prefix 3/8 (end=37, n_frames=8/38): reward=-17.2500 (mean, 1 tok)
2026-04-30 17:53:18,276 mme_vla_suite.pseudo_labeling.topreward_qwen_scorer INFO: Prefix 4/8 (end=50, n_frames=10/51): reward=-16.0000 (mean, 1 tok)
2026-04-30 17:53:24,777 mme_vla_suite.pseudo_labeling.topreward_qwen_scorer INFO: Prefix 5/8 (end=64, n_frames=13/65): reward=-16.6250 (mean, 1 tok)
2026-04-30 17:53:31,396 mme_vla_suite.pseudo_labeling.topreward_qwen_scorer INFO: Prefix 6/8 (end=77, n_frames=16/78): reward=-16.8750 (mean, 1 tok)
2026-04-30 17:53:38,018 mme_vla_suite.pseudo_labeling.topreward_qwen_scorer INFO: Prefix 7/8 (end=91, n_frames=18/92): reward=-15.5000 (mean, 1 tok)
2026-04-30 17:53:44,591 mme_vla_suite.pseudo_labeling.topreward_qwen_scorer INFO: Prefix 8/8 (end=105, n_frames=21/106): reward=-15.3750 (mean, 1 tok)
2026-04-30 17:53:52,241 mme_vla_suite.pseudo_labeling.topreward_qwen_scorer INFO: Prefix 1/8 (end=6, n_frames=4/7): reward=-20.0000 (mean, 1 tok)
2026-04-30 17:53:58,704 mme_vla_suite.pseudo_labeling.topreward_qwen_scorer INFO: Prefix 2/8 (end=13, n_frames=4/14): reward=-19.0000 (mean, 1 tok)
2026-04-30 17:54:05,218 mme_vla_suite.pseudo_labeling.topreward_qwen_scorer INFO: Prefix 3/8 (end=21, n_frames=4/22): reward=-20.5000 (mean, 1 tok)
2026-04-30 17:54:11,724 mme_vla_suite.pseudo_labeling.topreward_qwen_scorer INFO: Prefix 4/8 (end=29, n_frames=6/30): reward=-18.5000 (mean, 1 tok)
2026-04-30 17:54:18,243 mme_vla_suite.pseudo_labeling.topreward_qwen_scorer INFO: Prefix 5/8 (end=36, n_frames=7/37): reward=-20.3750 (mean, 1 tok)
2026-04-30 17:54:24,774 mme_vla_suite.pseudo_labeling.topreward_qwen_scorer INFO: Prefix 6/8 (end=44, n_frames=9/45): reward=-17.1250 (mean, 1 tok)
2026-04-30 17:54:31,305 mme_vla_suite.pseudo_labeling.topreward_qwen_scorer INFO: Prefix 7/8 (end=52, n_frames=11/53): reward=-17.1250 (mean, 1 tok)
2026-04-30 17:54:37,852 mme_vla_suite.pseudo_labeling.topreward_qwen_scorer INFO: Prefix 8/8 (end=60, n_frames=12/61): reward=-18.0000 (mean, 1 tok)
2026-04-30 17:54:45,493 mme_vla_suite.pseudo_labeling.topreward_qwen_scorer INFO: Prefix 1/8 (end=7, n_frames=4/8): reward=-20.8750 (mean, 1 tok)
2026-04-30 17:54:52,091 mme_vla_suite.pseudo_labeling.topreward_qwen_scorer INFO: Prefix 2/8 (end=16, n_frames=4/17): reward=-19.1250 (mean, 1 tok)
2026-04-30 17:54:58,756 mme_vla_suite.pseudo_labeling.topreward_qwen_scorer INFO: Prefix 3/8 (end=25, n_frames=5/26): reward=-18.0000 (mean, 1 tok)
2026-04-30 17:55:05,242 mme_vla_suite.pseudo_labeling.topreward_qwen_scorer INFO: Prefix 4/8 (end=35, n_frames=7/36): reward=-18.6250 (mean, 1 tok)
2026-04-30 17:55:11,750 mme_vla_suite.pseudo_labeling.topreward_qwen_scorer INFO: Prefix 5/8 (end=44, n_frames=9/45): reward=-17.1250 (mean, 1 tok)
2026-04-30 17:55:18,251 mme_vla_suite.pseudo_labeling.topreward_qwen_scorer INFO: Prefix 6/8 (end=54, n_frames=11/55): reward=-18.2500 (mean, 1 tok)
2026-04-30 17:55:24,747 mme_vla_suite.pseudo_labeling.topreward_qwen_scorer INFO: Prefix 7/8 (end=63, n_frames=13/64): reward=-17.2500 (mean, 1 tok)
2026-04-30 17:55:31,256 mme_vla_suite.pseudo_labeling.topreward_qwen_scorer INFO: Prefix 8/8 (end=73, n_frames=15/74): reward=-16.0000 (mean, 1 tok)
2026-04-30 17:55:38,975 mme_vla_suite.pseudo_labeling.topreward_qwen_scorer INFO: Prefix 1/8 (end=9, n_frames=4/10): reward=-21.6250 (mean, 1 tok)
2026-04-30 17:55:45,446 mme_vla_suite.pseudo_labeling.topreward_qwen_scorer INFO: Prefix 2/8 (end=21, n_frames=4/22): reward=-21.6250 (mean, 1 tok)
2026-04-30 17:55:51,923 mme_vla_suite.pseudo_labeling.topreward_qwen_scorer INFO: Prefix 3/8 (end=33, n_frames=7/34): reward=-21.7500 (mean, 1 tok)
2026-04-30 17:55:58,426 mme_vla_suite.pseudo_labeling.topreward_qwen_scorer INFO: Prefix 4/8 (end=45, n_frames=9/46): reward=-19.2500 (mean, 1 tok)
2026-04-30 17:56:04,963 mme_vla_suite.pseudo_labeling.topreward_qwen_scorer INFO: Prefix 5/8 (end=58, n_frames=12/59): reward=-19.6250 (mean, 1 tok)
2026-04-30 17:56:11,506 mme_vla_suite.pseudo_labeling.topreward_qwen_scorer INFO: Prefix 6/8 (end=70, n_frames=14/71): reward=-20.1250 (mean, 1 tok)
2026-04-30 17:56:18,083 mme_vla_suite.pseudo_labeling.topreward_qwen_scorer INFO: Prefix 7/8 (end=82, n_frames=17/83): reward=-18.2500 (mean, 1 tok)
2026-04-30 17:56:24,665 mme_vla_suite.pseudo_labeling.topreward_qwen_scorer INFO: Prefix 8/8 (end=95, n_frames=19/96): reward=-18.7500 (mean, 1 tok)
2026-04-30 17:56:32,292 mme_vla_suite.pseudo_labeling.topreward_qwen_scorer INFO: Prefix 1/8 (end=10, n_frames=4/11): reward=-21.6250 (mean, 1 tok)
2026-04-30 17:56:38,806 mme_vla_suite.pseudo_labeling.topreward_qwen_scorer INFO: Prefix 2/8 (end=22, n_frames=5/23): reward=-21.7500 (mean, 1 tok)
2026-04-30 17:56:45,295 mme_vla_suite.pseudo_labeling.topreward_qwen_scorer INFO: Prefix 3/8 (end=35, n_frames=7/36): reward=-21.5000 (mean, 1 tok)
2026-04-30 17:56:51,821 mme_vla_suite.pseudo_labeling.topreward_qwen_scorer INFO: Prefix 4/8 (end=48, n_frames=10/49): reward=-19.7500 (mean, 1 tok)
2026-04-30 17:56:58,371 mme_vla_suite.pseudo_labeling.topreward_qwen_scorer INFO: Prefix 5/8 (end=61, n_frames=12/62): reward=-19.3750 (mean, 1 tok)
2026-04-30 17:57:04,940 mme_vla_suite.pseudo_labeling.topreward_qwen_scorer INFO: Prefix 6/8 (end=74, n_frames=15/75): reward=-19.2500 (mean, 1 tok)
2026-04-30 17:57:11,557 mme_vla_suite.pseudo_labeling.topreward_qwen_scorer INFO: Prefix 7/8 (end=87, n_frames=18/88): reward=-18.3750 (mean, 1 tok)
2026-04-30 17:57:18,173 mme_vla_suite.pseudo_labeling.topreward_qwen_scorer INFO: Prefix 8/8 (end=100, n_frames=20/101): reward=-18.7500 (mean, 1 tok)
2026-04-30 17:57:25,768 mme_vla_suite.pseudo_labeling.topreward_qwen_scorer INFO: Prefix 1/8 (end=10, n_frames=4/11): reward=-18.0000 (mean, 1 tok)
2026-04-30 17:57:32,266 mme_vla_suite.pseudo_labeling.topreward_qwen_scorer INFO: Prefix 2/8 (end=23, n_frames=5/24): reward=-18.0000 (mean, 1 tok)
2026-04-30 17:57:38,773 mme_vla_suite.pseudo_labeling.topreward_qwen_scorer INFO: Prefix 3/8 (end=36, n_frames=7/37): reward=-15.7500 (mean, 1 tok)
2026-04-30 17:57:45,292 mme_vla_suite.pseudo_labeling.topreward_qwen_scorer INFO: Prefix 4/8 (end=49, n_frames=10/50): reward=-15.0000 (mean, 1 tok)
2026-04-30 17:57:51,822 mme_vla_suite.pseudo_labeling.topreward_qwen_scorer INFO: Prefix 5/8 (end=62, n_frames=13/63): reward=-16.0000 (mean, 1 tok)
2026-04-30 17:57:58,416 mme_vla_suite.pseudo_labeling.topreward_qwen_scorer INFO: Prefix 6/8 (end=75, n_frames=15/76): reward=-14.8750 (mean, 1 tok)
2026-04-30 17:58:05,013 mme_vla_suite.pseudo_labeling.topreward_qwen_scorer INFO: Prefix 7/8 (end=88, n_frames=18/89): reward=-14.8750 (mean, 1 tok)
2026-04-30 17:58:11,638 mme_vla_suite.pseudo_labeling.topreward_qwen_scorer INFO: Prefix 8/8 (end=102, n_frames=21/103): reward=-14.3750 (mean, 1 tok)
2026-04-30 17:58:19,193 mme_vla_suite.pseudo_labeling.topreward_qwen_scorer INFO: Prefix 1/8 (end=6, n_frames=4/7): reward=-21.5000 (mean, 1 tok)
2026-04-30 17:58:25,707 mme_vla_suite.pseudo_labeling.topreward_qwen_scorer INFO: Prefix 2/8 (end=14, n_frames=4/15): reward=-19.8750 (mean, 1 tok)
2026-04-30 17:58:32,319 mme_vla_suite.pseudo_labeling.topreward_qwen_scorer INFO: Prefix 3/8 (end=22, n_frames=5/23): reward=-18.8750 (mean, 1 tok)
2026-04-30 17:58:38,979 mme_vla_suite.pseudo_labeling.topreward_qwen_scorer INFO: Prefix 4/8 (end=30, n_frames=6/31): reward=-18.5000 (mean, 1 tok)
2026-04-30 17:58:45,497 mme_vla_suite.pseudo_labeling.topreward_qwen_scorer INFO: Prefix 5/8 (end=38, n_frames=8/39): reward=-17.2500 (mean, 1 tok)
2026-04-30 17:58:52,132 mme_vla_suite.pseudo_labeling.topreward_qwen_scorer INFO: Prefix 6/8 (end=46, n_frames=9/47): reward=-17.2500 (mean, 1 tok)
2026-04-30 17:58:58,816 mme_vla_suite.pseudo_labeling.topreward_qwen_scorer INFO: Prefix 7/8 (end=54, n_frames=11/55): reward=-16.5000 (mean, 1 tok)
2026-04-30 17:59:05,447 mme_vla_suite.pseudo_labeling.topreward_qwen_scorer INFO: Prefix 8/8 (end=62, n_frames=13/63): reward=-17.2500 (mean, 1 tok)
2026-04-30 17:59:12,918 mme_vla_suite.pseudo_labeling.topreward_qwen_scorer INFO: Prefix 1/8 (end=7, n_frames=4/8): reward=-20.0000 (mean, 1 tok)
2026-04-30 17:59:19,567 mme_vla_suite.pseudo_labeling.topreward_qwen_scorer INFO: Prefix 2/8 (end=16, n_frames=4/17): reward=-17.2500 (mean, 1 tok)
2026-04-30 17:59:26,144 mme_vla_suite.pseudo_labeling.topreward_qwen_scorer INFO: Prefix 3/8 (end=26, n_frames=5/27): reward=-18.3750 (mean, 1 tok)
2026-04-30 17:59:32,671 mme_vla_suite.pseudo_labeling.topreward_qwen_scorer INFO: Prefix 4/8 (end=35, n_frames=7/36): reward=-17.5000 (mean, 1 tok)
2026-04-30 17:59:39,260 mme_vla_suite.pseudo_labeling.topreward_qwen_scorer INFO: Prefix 5/8 (end=45, n_frames=9/46): reward=-16.5000 (mean, 1 tok)
2026-04-30 17:59:45,778 mme_vla_suite.pseudo_labeling.topreward_qwen_scorer INFO: Prefix 6/8 (end=54, n_frames=11/55): reward=-16.5000 (mean, 1 tok)
2026-04-30 17:59:52,431 mme_vla_suite.pseudo_labeling.topreward_qwen_scorer INFO: Prefix 7/8 (end=64, n_frames=13/65): reward=-16.6250 (mean, 1 tok)
2026-04-30 17:59:59,003 mme_vla_suite.pseudo_labeling.topreward_qwen_scorer INFO: Prefix 8/8 (end=74, n_frames=15/75): reward=-17.1250 (mean, 1 tok)
