===== TOPReward Labeling =====
SLURM_JOB_ID:       3035685
SLURM_ARRAY_TASK_ID: 14
TASK:                VideoUnmask
HOSTNAME:            trublu.cc.gatech.edu
GPU:                 NVIDIA A40
STARTED:             Thu Apr 30 02:01:37 PM EDT 2026
==============================
============================================================
Step 1: Sampling episodes
============================================================
  Task: VideoUnmask, sampling 100 episodes
  H5: data/robomme_data_h5/record_dataset_VideoUnmask.h5
  Sampled episodes: [0, 1, 2, 3, 4, 5, 6, 7, 8, 9, 10, 11, 12, 13, 14, 15, 16, 17, 18, 19, 20, 21, 22, 23, 24, 25, 26, 27, 28, 29, 30, 31, 32, 33, 34, 35, 36, 37, 38, 39, 40, 41, 42, 43, 44, 45, 46, 47, 48, 49, 50, 51, 52, 53, 54, 55, 56, 57, 58, 59, 60, 61, 62, 63, 64, 65, 66, 67, 68, 69, 70, 71, 72, 73, 74, 75, 76, 77, 78, 79, 80, 81, 82, 83, 84, 85, 86, 87, 88, 89, 90, 91, 92, 93, 94, 95, 96, 97, 98, 99]
  Found 250 subtask segments

============================================================
Step 2: Loading Qwen VL model
============================================================
  Model: Qwen/Qwen3-VL-8B-Instruct
  Device: cuda, dtype: auto

============================================================
Step 3: Processing 250 segments
============================================================

--- Segment 1/250 ---

============================================================
Segment: VideoUnmask_ep0_f66-226
  Subtask: pick up the container that hides the blue cube
  Frames: 66 - 226
============================================================
  Loaded 161 frames
  Prefix scoring: 34.2s
  Rewards: [0.0, 0.17, 0.44, 0.21, 0.5, 0.42, 0.54, 1.0]
  Failed regions: [[57, 98], [98, 139]]
  Successful interval: 110-160
  Keyframes: [0, 110, 159, 160]
  Success detected: True
  Confidence: 0.75

--- Segment 2/250 ---

============================================================
Segment: VideoUnmask_ep0_f66-238
  Subtask: pick up the container that hides the blue cube
  Frames: 66 - 238
============================================================
  Loaded 173 frames
  Prefix scoring: 33.8s
  Rewards: [0.0, 0.24, 0.4, 0.4, 0.18, 0.3, 0.56, 1.0]
  Failed regions: [[83, 127]]
  Successful interval: 97-172
  Keyframes: [0, 97, 159, 172]
  Success detected: True
  Confidence: 0.85

--- Segment 3/250 ---

============================================================
Segment: VideoUnmask_ep1_f66-217
  Subtask: pick up the container that hides the green cube
  Frames: 66 - 217
============================================================
  Loaded 152 frames
  Prefix scoring: 33.8s
  Rewards: [0.07, 0.04, 0.16, 0.04, 0.12, 0.0, 0.18, 1.0]
  Failed regions: []
  Successful interval: 105-151
  Keyframes: [0, 105, 150, 151]
  Success detected: True
  Confidence: 0.96

--- Segment 4/250 ---

============================================================
Segment: VideoUnmask_ep1_f66-224
  Subtask: pick up the container that hides the green cube
  Frames: 66 - 224
============================================================
  Loaded 159 frames
  Prefix scoring: 33.8s
  Rewards: [0.13, 0.1, 0.28, 0.13, 0.11, 0.0, 0.15, 1.0]
  Failed regions: [[55, 137]]
  Successful interval: 110-158
  Keyframes: [0, 110, 150, 158]
  Success detected: True
  Confidence: 0.95

--- Segment 5/250 ---

============================================================
Segment: VideoUnmask_ep2_f66-220
  Subtask: pick up the container that hides the red cube
  Frames: 66 - 220
============================================================
  Loaded 155 frames
  Prefix scoring: 33.7s
  Rewards: [0.0, 0.03, 0.19, 0.06, 0.17, 0.19, 0.17, 1.0]
  Failed regions: []
  Successful interval: 127-154
  Keyframes: [0, 127, 152, 154]
  Success detected: True
  Confidence: 0.89

--- Segment 6/250 ---

============================================================
Segment: VideoUnmask_ep2_f66-227
  Subtask: pick up the container that hides the red cube
  Frames: 66 - 227
============================================================
  Loaded 162 frames
  Prefix scoring: 33.8s
  Rewards: [0.02, 0.05, 0.21, 0.07, 0.24, 0.0, 0.19, 1.0]
  Failed regions: []
  Successful interval: 111-161
  Keyframes: [0, 111, 152, 161]
  Success detected: True
  Confidence: 0.96

--- Segment 7/250 ---

============================================================
Segment: VideoUnmask_ep3_f66-244
  Subtask: pick up the container that hides the green cube
  Frames: 66 - 244
============================================================
  Loaded 179 frames
  Prefix scoring: 33.8s
  Rewards: [0.07, 0.18, 0.11, 0.0, 0.11, 0.12, 0.42, 1.0]
  Failed regions: []
  Successful interval: 78-178
  Keyframes: [0, 78, 169, 178]
  Success detected: True
  Confidence: 0.95

--- Segment 8/250 ---

============================================================
Segment: VideoUnmask_ep3_f245-291
  Subtask: put down the container
  Frames: 245 - 291
============================================================
  Loaded 47 frames
  Prefix scoring: 33.3s
  Rewards: [0.55, 1.0, 0.3, 0.2, 0.4, 0.15, 0.0, 1.0]
  Failed regions: [[10, 28], [28, 46]]
  Successful interval: 38-46
  Keyframes: [2, 38, 40, 46]
  Success detected: True
  Confidence: 0.91

--- Segment 9/250 ---

============================================================
Segment: VideoUnmask_ep3_f292-388
  Subtask: pick up the container that hides the blue cube
  Frames: 292 - 388
============================================================
  Loaded 97 frames
  Prefix scoring: 33.4s
  Rewards: [0.0, 0.04, 0.11, 0.2, 0.25, 0.14, 0.32, 1.0]
  Failed regions: [[58, 83]]
  Successful interval: 67-96
  Keyframes: [5, 67, 94, 96]
  Success detected: True
  Confidence: 0.89

--- Segment 10/250 ---

============================================================
Segment: VideoUnmask_ep3_f292-398
  Subtask: pick up the container that hides the blue cube
  Frames: 292 - 398
============================================================
  Loaded 107 frames
  Prefix scoring: 33.5s
  Rewards: [0.0, 0.11, 0.06, 0.17, 0.16, 0.09, 1.0, 0.88]
  Failed regions: []
  Successful interval: 73-92
  Keyframes: [5, 73, 92, 93, 106]
  Success detected: True
  Confidence: 0.90

--- Segment 11/250 ---

============================================================
Segment: VideoUnmask_ep4_f66-251
  Subtask: pick up the container that hides the blue cube
  Frames: 66 - 251
============================================================
  Loaded 186 frames
  Prefix scoring: 33.9s
  Rewards: [0.0, 0.0, 0.13, 0.62, 0.4, 0.36, 0.53, 1.0]
  Failed regions: [[89, 161]]
  Successful interval: 128-185
  Keyframes: [0, 128, 183, 185]
  Success detected: True
  Confidence: 0.78

--- Segment 12/250 ---

============================================================
Segment: VideoUnmask_ep4_f66-262
  Subtask: pick up the container that hides the blue cube
  Frames: 66 - 262
============================================================
  Loaded 197 frames
  Prefix scoring: 33.8s
  Rewards: [0.0, 0.11, 0.41, 0.16, 0.3, 0.45, 0.64, 1.0]
  Failed regions: [[69, 120]]
  Successful interval: 85-196
  Keyframes: [0, 85, 183, 196]
  Success detected: True
  Confidence: 0.86

--- Segment 13/250 ---

============================================================
Segment: VideoUnmask_ep5_f66-245
  Subtask: pick up the container that hides the blue cube
  Frames: 66 - 245
============================================================
  Loaded 180 frames
  Prefix scoring: 33.8s
  Rewards: [0.0, 0.34, 0.28, 0.41, 0.56, 0.75, 0.66, 1.0]
  Failed regions: [[133, 179]]
  Successful interval: 147-179
  Keyframes: [0, 147, 150, 179]
  Success detected: True
  Confidence: 0.64

--- Segment 14/250 ---

============================================================
Segment: VideoUnmask_ep5_f66-251
  Subtask: pick up the container that hides the blue cube
  Frames: 66 - 251
============================================================
  Loaded 186 frames
  Prefix scoring: 33.9s
  Rewards: [0.0, 0.31, 0.33, 0.31, 0.58, 0.89, 0.69, 1.0]
  Failed regions: [[137, 185]]
  Successful interval: 152-185
  Keyframes: [0, 152, 179, 185]
  Success detected: True
  Confidence: 0.62

--- Segment 15/250 ---

============================================================
Segment: VideoUnmask_ep6_f66-165
  Subtask: pick up the container that hides the green cube
  Frames: 66 - 165
============================================================
  Loaded 100 frames
  Prefix scoring: 33.3s
  Rewards: [0.0, 0.05, 0.17, 0.21, 0.19, 0.19, 0.26, 1.0]
  Failed regions: []
  Successful interval: 68-99
  Keyframes: [0, 68, 99]
  Success detected: True
  Confidence: 0.87

--- Segment 16/250 ---

============================================================
Segment: VideoUnmask_ep6_f66-172
  Subtask: pick up the container that hides the green cube
  Frames: 66 - 172
============================================================
  Loaded 107 frames
  Prefix scoring: 33.5s
  Rewards: [0.03, 0.09, 0.23, 0.26, 0.0, 0.09, 0.23, 1.0]
  Failed regions: [[51, 78]]
  Successful interval: 59-106
  Keyframes: [0, 59, 100, 106]
  Success detected: True
  Confidence: 0.95

--- Segment 17/250 ---

============================================================
Segment: VideoUnmask_ep7_f66-177
  Subtask: pick up the container that hides the blue cube
  Frames: 66 - 177
============================================================
  Loaded 112 frames
  Prefix scoring: 33.5s
  Rewards: [0.06, 0.06, 0.15, 0.23, 0.0, 0.1, 0.75, 1.0]
  Failed regions: []
  Successful interval: 63-111
  Keyframes: [0, 63, 99, 111]
  Success detected: True
  Confidence: 0.94

--- Segment 18/250 ---

============================================================
Segment: VideoUnmask_ep7_f178-229
  Subtask: put down the container
  Frames: 178 - 229
============================================================
  Loaded 52 frames
  Prefix scoring: 33.4s
  Rewards: [0.0, 0.11, 0.11, 0.37, 0.19, 0.26, 0.93, 1.0]
  Failed regions: [[24, 37]]
  Successful interval: 29-51
  Keyframes: [3, 29, 45, 51]
  Success detected: True
  Confidence: 0.85

--- Segment 19/250 ---

============================================================
Segment: VideoUnmask_ep7_f230-327
  Subtask: pick up the container that hides the red cube
  Frames: 230 - 327
============================================================
  Loaded 98 frames
  Prefix scoring: 33.4s
  Rewards: [0.0, 0.06, 0.23, 0.28, 0.23, 0.21, 0.19, 1.0]
  Failed regions: [[46, 97]]
  Successful interval: 80-97
  Keyframes: [1, 80, 95, 97]
  Success detected: True
  Confidence: 0.87

--- Segment 20/250 ---

============================================================
Segment: VideoUnmask_ep7_f230-337
  Subtask: pick up the container that hides the red cube
  Frames: 230 - 337
============================================================
  Loaded 108 frames
  Prefix scoring: 33.7s
  Rewards: [0.0, 0.22, 0.08, 0.2, 0.16, 0.06, 0.98, 1.0]
  Failed regions: []
  Successful interval: 74-107
  Keyframes: [1, 74, 94, 107]
  Success detected: True
  Confidence: 0.91

--- Segment 21/250 ---

============================================================
Segment: VideoUnmask_ep8_f66-157
  Subtask: pick up the container that hides the red cube
  Frames: 66 - 157
============================================================
  Loaded 92 frames
  Prefix scoring: 33.4s
  Rewards: [0.0, 0.0, 0.19, 0.26, 0.32, 0.19, 0.38, 1.0]
  Failed regions: [[55, 79]]
  Successful interval: 63-91
  Keyframes: [0, 63, 90, 91]
  Success detected: True
  Confidence: 0.86

--- Segment 22/250 ---

============================================================
Segment: VideoUnmask_ep8_f66-164
  Subtask: pick up the container that hides the red cube
  Frames: 66 - 164
============================================================
  Loaded 99 frames
  Prefix scoring: 33.5s
  Rewards: [0.0, 0.0, 0.22, 0.44, 0.39, 0.64, 0.08, 1.0]
  Failed regions: [[72, 98]]
  Successful interval: 81-98
  Keyframes: [0, 81, 92, 98]
  Success detected: True
  Confidence: 0.90

--- Segment 23/250 ---

============================================================
Segment: VideoUnmask_ep9_f66-169
  Subtask: pick up the container that hides the green cube
  Frames: 66 - 169
============================================================
  Loaded 104 frames
  Prefix scoring: 33.4s
  Rewards: [0.04, 0.09, 0.24, 0.29, 0.11, 0.0, 0.29, 1.0]
  Failed regions: [[49, 89]]
  Successful interval: 71-103
  Keyframes: [0, 71, 103]
  Success detected: True
  Confidence: 0.95

--- Segment 24/250 ---

============================================================
Segment: VideoUnmask_ep9_f66-182
  Subtask: pick up the container that hides the green cube
  Frames: 66 - 182
============================================================
  Loaded 117 frames
  Prefix scoring: 33.6s
  Rewards: [0.0, 0.05, 0.2, 0.05, 0.12, 0.22, 1.0, 0.9]
  Failed regions: []
  Successful interval: 51-101
  Keyframes: [0, 51, 67, 101, 116]
  Success detected: True
  Confidence: 0.92

--- Segment 25/250 ---

============================================================
Segment: VideoUnmask_ep10_f66-160
  Subtask: pick up the container that hides the red cube
  Frames: 66 - 160
============================================================
  Loaded 95 frames
  Prefix scoring: 33.4s
  Rewards: [0.03, 0.03, 0.26, 0.32, 0.18, 0.0, 0.0, 1.0]
  Failed regions: [[45, 81], [45, 94]]
  Successful interval: 77-94
  Keyframes: [0, 77, 93, 94]
  Success detected: True
  Confidence: 0.95

--- Segment 26/250 ---

============================================================
Segment: VideoUnmask_ep10_f66-167
  Subtask: pick up the container that hides the red cube
  Frames: 66 - 167
============================================================
  Loaded 102 frames
  Prefix scoring: 33.5s
  Rewards: [0.0, 0.0, 0.12, 0.34, 0.12, 0.12, 0.25, 1.0]
  Failed regions: [[49, 75], [49, 88]]
  Successful interval: 70-101
  Keyframes: [0, 70, 93, 101]
  Success detected: True
  Confidence: 0.90

--- Segment 27/250 ---

============================================================
Segment: VideoUnmask_ep11_f66-162
  Subtask: pick up the container that hides the green cube
  Frames: 66 - 162
============================================================
  Loaded 97 frames
  Prefix scoring: 33.4s
  Rewards: [0.0, 0.0, 0.18, 0.2, 0.08, 0.2, 0.39, 1.0]
  Failed regions: []
  Successful interval: 54-96
  Keyframes: [0, 54, 89, 96]
  Success detected: True
  Confidence: 0.92

--- Segment 28/250 ---

============================================================
Segment: VideoUnmask_ep11_f163-203
  Subtask: put down the container
  Frames: 163 - 203
============================================================
  Loaded 41 frames
  Prefix scoring: 33.2s
  Rewards: [0.0, 0.0, 0.17, 0.26, 0.91, 0.74, 0.83, 1.0]
  Failed regions: [[24, 34]]
  Successful interval: 27-40
  Keyframes: [0, 27, 35, 40]
  Success detected: True
  Confidence: 0.61

--- Segment 29/250 ---

============================================================
Segment: VideoUnmask_ep11_f204-303
  Subtask: pick up the container that hides the blue cube
  Frames: 204 - 303
============================================================
  Loaded 100 frames
  Prefix scoring: 33.5s
  Rewards: [0.0, 0.24, 0.29, 0.45, 0.24, 0.21, 0.24, 1.0]
  Failed regions: [[48, 86]]
  Successful interval: 68-99
  Keyframes: [7, 68, 97, 99]
  Success detected: True
  Confidence: 0.85

--- Segment 30/250 ---

============================================================
Segment: VideoUnmask_ep11_f204-312
  Subtask: pick up the container that hides the blue cube
  Frames: 204 - 312
============================================================
  Loaded 109 frames
  Prefix scoring: 33.5s
  Rewards: [0.0, 0.27, 0.35, 0.19, 0.02, 0.19, 0.9, 1.0]
  Failed regions: [[38, 80]]
  Successful interval: 61-108
  Keyframes: [6, 61, 97, 108]
  Success detected: True
  Confidence: 0.92

--- Segment 31/250 ---

============================================================
Segment: VideoUnmask_ep12_f66-167
  Subtask: pick up the container that hides the red cube
  Frames: 66 - 167
============================================================
  Loaded 102 frames
  Prefix scoring: 33.5s
  Rewards: [0.0, 0.06, 0.35, 0.74, 0.65, 0.58, 0.65, 1.0]
  Failed regions: [[49, 88]]
  Successful interval: 70-101
  Keyframes: [0, 70, 100, 101]
  Success detected: True
  Confidence: 0.67

--- Segment 32/250 ---

============================================================
Segment: VideoUnmask_ep12_f66-180
  Subtask: pick up the container that hides the red cube
  Frames: 66 - 180
============================================================
  Loaded 115 frames
  Prefix scoring: 33.6s
  Rewards: [0.0, 0.05, 0.28, 0.35, 0.65, 0.47, 0.79, 1.0]
  Failed regions: [[69, 99]]
  Successful interval: 79-114
  Keyframes: [0, 79, 100, 114]
  Success detected: True
  Confidence: 0.72

--- Segment 33/250 ---

============================================================
Segment: VideoUnmask_ep13_f66-166
  Subtask: pick up the container that hides the green cube
  Frames: 66 - 166
============================================================
  Loaded 101 frames
  Prefix scoring: 33.4s
  Rewards: [0.0, 0.05, 0.05, 0.33, 0.19, 0.19, 0.21, 1.0]
  Failed regions: [[48, 74], [48, 87]]
  Successful interval: 69-100
  Keyframes: [0, 69, 98, 100]
  Success detected: True
  Confidence: 0.87

--- Segment 34/250 ---

============================================================
Segment: VideoUnmask_ep13_f66-177
  Subtask: pick up the container that hides the green cube
  Frames: 66 - 177
============================================================
  Loaded 112 frames
  Prefix scoring: 33.6s
  Rewards: [0.0, 0.04, 0.22, 0.29, 0.13, 0.16, 1.0, 0.96]
  Failed regions: [[53, 82]]
  Successful interval: 63-96
  Keyframes: [0, 63, 66, 96, 111]
  Success detected: True
  Confidence: 0.88

--- Segment 35/250 ---

============================================================
Segment: VideoUnmask_ep14_f66-164
  Subtask: pick up the container that hides the red cube
  Frames: 66 - 164
============================================================
  Loaded 99 frames
  Prefix scoring: 33.4s
  Rewards: [0.0, 0.0, 0.16, 0.32, 0.24, 0.24, 0.18, 1.0]
  Failed regions: []
  Successful interval: 81-98
  Keyframes: [0, 81, 96, 98]
  Success detected: True
  Confidence: 0.87

--- Segment 36/250 ---

============================================================
Segment: VideoUnmask_ep14_f66-176
  Subtask: pick up the container that hides the red cube
  Frames: 66 - 176
============================================================
  Loaded 111 frames
  Prefix scoring: 33.5s
  Rewards: [0.0, 0.02, 0.18, 0.23, 0.2, 0.11, 0.82, 1.0]
  Failed regions: []
  Successful interval: 76-110
  Keyframes: [0, 76, 96, 110]
  Success detected: True
  Confidence: 0.89

--- Segment 37/250 ---

============================================================
Segment: VideoUnmask_ep15_f66-174
  Subtask: pick up the container that hides the blue cube
  Frames: 66 - 174
============================================================
  Loaded 109 frames
  Prefix scoring: 33.5s
  Rewards: [0.28, 0.24, 0.59, 0.41, 0.35, 0.3, 0.0, 1.0]
  Failed regions: [[38, 108]]
  Successful interval: 89-108
  Keyframes: [0, 89, 100, 108]
  Success detected: True
  Confidence: 0.92

--- Segment 38/250 ---

============================================================
Segment: VideoUnmask_ep15_f175-221
  Subtask: put down the container
  Frames: 175 - 221
============================================================
  Loaded 47 frames
  Prefix scoring: 33.1s
  Rewards: [0.55, 0.23, 0.41, 0.0, 0.18, 0.32, 0.09, 1.0]
  Failed regions: [[4, 16], [16, 34], [34, 46]]
  Successful interval: 38-46
  Keyframes: [1, 38, 40, 46]
  Success detected: True
  Confidence: 0.89

--- Segment 39/250 ---

============================================================
Segment: VideoUnmask_ep15_f222-319
  Subtask: pick up the container that hides the green cube
  Frames: 222 - 319
============================================================
  Loaded 98 frames
  Prefix scoring: 33.4s
  Rewards: [0.1, 0.1, 0.0, 0.17, 0.25, 0.19, 0.29, 1.0]
  Failed regions: []
  Successful interval: 67-97
  Keyframes: [2, 67, 95, 97]
  Success detected: True
  Confidence: 0.87

--- Segment 40/250 ---

============================================================
Segment: VideoUnmask_ep15_f222-329
  Subtask: pick up the container that hides the green cube
  Frames: 222 - 329
============================================================
  Loaded 108 frames
  Prefix scoring: 33.7s
  Rewards: [0.0, 0.1, 0.02, 0.08, 0.15, 0.1, 1.0, 0.82]
  Failed regions: []
  Successful interval: 74-93
  Keyframes: [2, 74, 93, 94, 107]
  Success detected: True
  Confidence: 0.90

--- Segment 41/250 ---

============================================================
Segment: VideoUnmask_ep16_f66-164
  Subtask: pick up the container that hides the red cube
  Frames: 66 - 164
============================================================
  Loaded 99 frames
  Prefix scoring: 33.3s
  Rewards: [0.0, 0.0, 0.21, 0.39, 0.36, 0.24, 0.55, 1.0]
  Failed regions: [[47, 85]]
  Successful interval: 68-98
  Keyframes: [0, 68, 97, 98]
  Success detected: True
  Confidence: 0.83

--- Segment 42/250 ---

============================================================
Segment: VideoUnmask_ep16_f66-177
  Subtask: pick up the container that hides the red cube
  Frames: 66 - 177
============================================================
  Loaded 112 frames
  Prefix scoring: 33.5s
  Rewards: [0.0, 0.03, 0.31, 0.33, 0.31, 0.58, 0.83, 1.0]
  Failed regions: []
  Successful interval: 63-111
  Keyframes: [0, 63, 97, 111]
  Success detected: True
  Confidence: 0.79

--- Segment 43/250 ---

============================================================
Segment: VideoUnmask_ep17_f66-160
  Subtask: pick up the container that hides the red cube
  Frames: 66 - 160
============================================================
  Loaded 95 frames
  Prefix scoring: 33.3s
  Rewards: [0.0, 0.0, 0.2, 0.44, 0.4, 0.24, 0.4, 1.0]
  Failed regions: [[45, 81]]
  Successful interval: 65-94
  Keyframes: [0, 65, 93, 94]
  Success detected: True
  Confidence: 0.84

--- Segment 44/250 ---

============================================================
Segment: VideoUnmask_ep17_f66-167
  Subtask: pick up the container that hides the red cube
  Frames: 66 - 167
============================================================
  Loaded 102 frames
  Prefix scoring: 33.5s
  Rewards: [0.0, 0.0, 0.31, 0.22, 0.19, 0.22, 0.38, 1.0]
  Failed regions: [[36, 75]]
  Successful interval: 57-101
  Keyframes: [0, 57, 93, 101]
  Success detected: True
  Confidence: 0.87

--- Segment 45/250 ---

============================================================
Segment: VideoUnmask_ep18_f66-173
  Subtask: pick up the container that hides the red cube
  Frames: 66 - 173
============================================================
  Loaded 108 frames
  Prefix scoring: 33.5s
  Rewards: [0.0, 0.0, 0.0, 0.11, 0.22, 0.36, 0.19, 1.0]
  Failed regions: [[79, 107]]
  Successful interval: 88-107
  Keyframes: [0, 88, 103, 107]
  Success detected: True
  Confidence: 0.88

--- Segment 46/250 ---

============================================================
Segment: VideoUnmask_ep18_f66-185
  Subtask: pick up the container that hides the red cube
  Frames: 66 - 185
============================================================
  Loaded 120 frames
  Prefix scoring: 33.5s
  Rewards: [0.0, 0.0, 0.09, 0.14, 0.23, 0.19, 1.0, 0.81]
  Failed regions: []
  Successful interval: 82-103
  Keyframes: [0, 82, 103, 104, 119]
  Success detected: True
  Confidence: 0.86

--- Segment 47/250 ---

============================================================
Segment: VideoUnmask_ep19_f66-166
  Subtask: pick up the container that hides the red cube
  Frames: 66 - 166
============================================================
  Loaded 101 frames
  Prefix scoring: 33.4s
  Rewards: [0.0, 0.05, 0.23, 0.31, 0.15, 0.1, 0.05, 1.0]
  Failed regions: [[48, 100]]
  Successful interval: 82-100
  Keyframes: [0, 82, 93, 100]
  Success detected: True
  Confidence: 0.93

--- Segment 48/250 ---

============================================================
Segment: VideoUnmask_ep19_f167-217
  Subtask: put down the container
  Frames: 167 - 217
============================================================
  Loaded 51 frames
  Prefix scoring: 33.2s
  Rewards: [1.0, 0.73, 0.23, 0.14, 0.14, 0.0, 0.23, 0.18]
  Failed regions: []
  Successful interval: 3-5
  Keyframes: [0, 3, 5, 6, 26]
  Success detected: True
  Confidence: 0.53

--- Segment 49/250 ---

============================================================
Segment: VideoUnmask_ep19_f218-321
  Subtask: pick up the container that hides the green cube
  Frames: 218 - 321
============================================================
  Loaded 104 frames
  Prefix scoring: 33.5s
  Rewards: [0.0, 0.13, 0.1, 0.22, 0.13, 0.21, 0.21, 1.0]
  Failed regions: []
  Successful interval: 84-103
  Keyframes: [4, 84, 98, 103]
  Success detected: True
  Confidence: 0.87

--- Segment 50/250 ---

============================================================
Segment: VideoUnmask_ep19_f218-331
  Subtask: pick up the container that hides the green cube
  Frames: 218 - 331
============================================================
  Loaded 114 frames
  Prefix scoring: 33.6s
  Rewards: [0.0, 0.24, 0.09, 0.16, 0.11, 0.25, 1.0, 0.96]
  Failed regions: []
  Successful interval: 64-98
  Keyframes: [4, 64, 98, 99, 113]
  Success detected: True
  Confidence: 0.89

--- Segment 51/250 ---

============================================================
Segment: VideoUnmask_ep20_f66-156
  Subtask: pick up the container that hides the green cube
  Frames: 66 - 156
============================================================
  Loaded 91 frames
  Prefix scoring: 33.4s
  Rewards: [0.05, 0.05, 0.24, 0.36, 0.07, 0.0, 0.17, 1.0]
  Failed regions: [[43, 78]]
  Successful interval: 62-90
  Keyframes: [0, 62, 87, 90]
  Success detected: True
  Confidence: 0.95

--- Segment 52/250 ---

============================================================
Segment: VideoUnmask_ep20_f66-163
  Subtask: pick up the container that hides the green cube
  Frames: 66 - 163
============================================================
  Loaded 98 frames
  Prefix scoring: 33.4s
  Rewards: [0.0, 0.0, 0.14, 0.2, 0.14, 0.23, 0.86, 1.0]
  Failed regions: []
  Successful interval: 55-97
  Keyframes: [0, 55, 87, 97]
  Success detected: True
  Confidence: 0.88

--- Segment 53/250 ---

============================================================
Segment: VideoUnmask_ep21_f66-160
  Subtask: pick up the container that hides the green cube
  Frames: 66 - 160
============================================================
  Loaded 95 frames
  Prefix scoring: 33.4s
  Rewards: [0.0, 0.0, 0.06, 0.29, 0.29, 0.03, 0.11, 1.0]
  Failed regions: [[57, 81]]
  Successful interval: 65-94
  Keyframes: [0, 65, 94]
  Success detected: True
  Confidence: 0.94

--- Segment 54/250 ---

============================================================
Segment: VideoUnmask_ep21_f66-171
  Subtask: pick up the container that hides the green cube
  Frames: 66 - 171
============================================================
  Loaded 106 frames
  Prefix scoring: 33.4s
  Rewards: [0.0, 0.0, 0.11, 0.18, 0.0, 0.07, 1.0, 0.82]
  Failed regions: []
  Successful interval: 59-91
  Keyframes: [0, 59, 61, 91, 105]
  Success detected: True
  Confidence: 0.95

--- Segment 55/250 ---

============================================================
Segment: VideoUnmask_ep22_f66-162
  Subtask: pick up the container that hides the red cube
  Frames: 66 - 162
============================================================
  Loaded 97 frames
  Prefix scoring: 33.4s
  Rewards: [0.0, 0.0, 0.38, 0.38, 0.58, 0.35, 0.54, 1.0]
  Failed regions: [[58, 83]]
  Successful interval: 67-96
  Keyframes: [0, 67, 96]
  Success detected: True
  Confidence: 0.78

--- Segment 56/250 ---

============================================================
Segment: VideoUnmask_ep22_f66-174
  Subtask: pick up the container that hides the red cube
  Frames: 66 - 174
============================================================
  Loaded 109 frames
  Prefix scoring: 33.5s
  Rewards: [0.0, 0.08, 0.36, 0.19, 0.28, 0.31, 0.33, 1.0]
  Failed regions: [[38, 66]]
  Successful interval: 47-108
  Keyframes: [0, 47, 98, 108]
  Success detected: True
  Confidence: 0.86

--- Segment 57/250 ---

============================================================
Segment: VideoUnmask_ep23_f66-165
  Subtask: pick up the container that hides the red cube
  Frames: 66 - 165
============================================================
  Loaded 100 frames
  Prefix scoring: 33.4s
  Rewards: [0.15, 0.27, 0.42, 0.5, 0.65, 0.31, 0.0, 1.0]
  Failed regions: [[60, 99]]
  Successful interval: 81-99
  Keyframes: [0, 81, 92, 99]
  Success detected: True
  Confidence: 0.92

--- Segment 58/250 ---

============================================================
Segment: VideoUnmask_ep23_f166-213
  Subtask: put down the container
  Frames: 166 - 213
============================================================
  Loaded 48 frames
  Prefix scoring: 33.2s
  Rewards: [0.5, 0.3, 0.55, 0.1, 0.1, 0.1, 0.0, 1.0]
  Failed regions: [[4, 16], [16, 28], [16, 34]]
  Successful interval: 38-47
  Keyframes: [0, 38, 39, 47]
  Success detected: True
  Confidence: 0.93

--- Segment 59/250 ---

============================================================
Segment: VideoUnmask_ep23_f214-310
  Subtask: pick up the container that hides the green cube
  Frames: 214 - 310
============================================================
  Loaded 97 frames
  Prefix scoring: 33.5s
  Rewards: [0.04, 0.02, 0.15, 0.11, 0.05, 0.0, 0.05, 1.0]
  Failed regions: []
  Successful interval: 67-96
  Keyframes: [3, 67, 93, 96]
  Success detected: True
  Confidence: 0.96

--- Segment 60/250 ---

============================================================
Segment: VideoUnmask_ep23_f214-318
  Subtask: pick up the container that hides the green cube
  Frames: 214 - 318
============================================================
  Loaded 105 frames
  Prefix scoring: 33.5s
  Rewards: [0.02, 0.12, 0.04, 0.19, 0.0, 0.02, 0.96, 1.0]
  Failed regions: []
  Successful interval: 58-104
  Keyframes: [2, 58, 93, 104]
  Success detected: True
  Confidence: 0.94

--- Segment 61/250 ---

============================================================
Segment: VideoUnmask_ep24_f66-158
  Subtask: pick up the container that hides the green cube
  Frames: 66 - 158
============================================================
  Loaded 93 frames
  Prefix scoring: 33.3s
  Rewards: [0.0, 0.0, 0.21, 0.38, 0.56, 0.38, 0.26, 1.0]
  Failed regions: [[56, 92]]
  Successful interval: 76-92
  Keyframes: [0, 76, 90, 92]
  Success detected: True
  Confidence: 0.82

--- Segment 62/250 ---

============================================================
Segment: VideoUnmask_ep24_f66-166
  Subtask: pick up the container that hides the green cube
  Frames: 66 - 166
============================================================
  Loaded 101 frames
  Prefix scoring: 33.4s
  Rewards: [0.0, 0.08, 0.32, 0.47, 0.55, 0.39, 0.68, 1.0]
  Failed regions: [[61, 87]]
  Successful interval: 69-100
  Keyframes: [0, 69, 90, 100]
  Success detected: True
  Confidence: 0.75

--- Segment 63/250 ---

============================================================
Segment: VideoUnmask_ep25_f66-163
  Subtask: pick up the container that hides the red cube
  Frames: 66 - 163
============================================================
  Loaded 98 frames
  Prefix scoring: 33.4s
  Rewards: [0.04, 0.04, 0.23, 0.38, 0.19, 0.0, 0.27, 1.0]
  Failed regions: [[46, 84]]
  Successful interval: 67-97
  Keyframes: [0, 67, 97]
  Success detected: True
  Confidence: 0.95

--- Segment 64/250 ---

============================================================
Segment: VideoUnmask_ep25_f66-175
  Subtask: pick up the container that hides the red cube
  Frames: 66 - 175
============================================================
  Loaded 110 frames
  Prefix scoring: 33.4s
  Rewards: [0.08, 0.16, 0.48, 0.16, 0.0, 0.12, 0.48, 1.0]
  Failed regions: [[39, 81]]
  Successful interval: 62-109
  Keyframes: [0, 62, 97, 109]
  Success detected: True
  Confidence: 0.94

--- Segment 65/250 ---

============================================================
Segment: VideoUnmask_ep26_f66-157
  Subtask: pick up the container that hides the green cube
  Frames: 66 - 157
============================================================
  Loaded 92 frames
  Prefix scoring: 33.3s
  Rewards: [0.0, 0.0, 0.11, 0.29, 0.29, 0.0, 0.04, 1.0]
  Failed regions: [[55, 79]]
  Successful interval: 63-91
  Keyframes: [0, 63, 90, 91]
  Success detected: True
  Confidence: 0.96

--- Segment 66/250 ---

============================================================
Segment: VideoUnmask_ep26_f66-164
  Subtask: pick up the container that hides the green cube
  Frames: 66 - 164
============================================================
  Loaded 99 frames
  Prefix scoring: 33.6s
  Rewards: [0.0, 0.0, 0.16, 0.28, 0.23, 0.0, 0.88, 1.0]
  Failed regions: [[47, 85]]
  Successful interval: 68-98
  Keyframes: [0, 68, 90, 98]
  Success detected: True
  Confidence: 0.94

--- Segment 67/250 ---

============================================================
Segment: VideoUnmask_ep27_f66-163
  Subtask: pick up the container that hides the blue cube
  Frames: 66 - 163
============================================================
  Loaded 98 frames
  Prefix scoring: 33.5s
  Rewards: [0.07, 0.07, 0.3, 0.23, 0.2, 0.23, 0.0, 1.0]
  Failed regions: [[34, 71]]
  Successful interval: 80-97
  Keyframes: [0, 80, 89, 97]
  Success detected: True
  Confidence: 0.95

--- Segment 68/250 ---

============================================================
Segment: VideoUnmask_ep27_f164-213
  Subtask: put down the container
  Frames: 164 - 213
============================================================
  Loaded 50 frames
  Prefix scoring: 33.2s
  Rewards: [0.28, 0.5, 0.17, 0.0, 0.0, 0.06, 0.33, 1.0]
  Failed regions: [[11, 30], [11, 36]]
  Successful interval: 28-49
  Keyframes: [0, 28, 39, 49]
  Success detected: True
  Confidence: 0.94

--- Segment 69/250 ---

============================================================
Segment: VideoUnmask_ep27_f214-312
  Subtask: pick up the container that hides the green cube
  Frames: 214 - 312
============================================================
  Loaded 99 frames
  Prefix scoring: 33.4s
  Rewards: [0.0, 0.07, 0.3, 0.23, 0.05, 0.0, 0.18, 1.0]
  Failed regions: [[34, 85]]
  Successful interval: 68-98
  Keyframes: [1, 68, 98]
  Success detected: True
  Confidence: 0.95

--- Segment 70/250 ---

============================================================
Segment: VideoUnmask_ep27_f214-323
  Subtask: pick up the container that hides the green cube
  Frames: 214 - 323
============================================================
  Loaded 110 frames
  Prefix scoring: 33.8s
  Rewards: [0.0, 0.12, 0.08, 0.0, 0.0, 0.04, 1.0, 0.88]
  Failed regions: []
  Successful interval: 62-95
  Keyframes: [8, 62, 64, 95, 109]
  Success detected: True
  Confidence: 0.95

--- Segment 71/250 ---

============================================================
Segment: VideoUnmask_ep28_f66-178
  Subtask: pick up the container that hides the red cube
  Frames: 66 - 178
============================================================
  Loaded 113 frames
  Prefix scoring: 33.5s
  Rewards: [0.0, 0.03, 0.0, 0.36, 0.15, 0.27, 0.27, 1.0]
  Failed regions: [[54, 83]]
  Successful interval: 92-112
  Keyframes: [0, 92, 111, 112]
  Success detected: True
  Confidence: 0.84

--- Segment 72/250 ---

============================================================
Segment: VideoUnmask_ep28_f66-190
  Subtask: pick up the container that hides the red cube
  Frames: 66 - 190
============================================================
  Loaded 125 frames
  Prefix scoring: 33.6s
  Rewards: [0.0, 0.02, 0.2, 0.3, 0.18, 0.14, 0.8, 1.0]
  Failed regions: [[60, 108]]
  Successful interval: 86-124
  Keyframes: [0, 86, 113, 124]
  Success detected: True
  Confidence: 0.88

--- Segment 73/250 ---

============================================================
Segment: VideoUnmask_ep29_f66-164
  Subtask: pick up the container that hides the red cube
  Frames: 66 - 164
============================================================
  Loaded 99 frames
  Prefix scoring: 33.5s
  Rewards: [0.0, 0.0, 0.21, 0.18, 0.05, 0.03, 0.08, 1.0]
  Failed regions: []
  Successful interval: 68-98
  Keyframes: [0, 68, 96, 98]
  Success detected: True
  Confidence: 0.95

--- Segment 74/250 ---

============================================================
Segment: VideoUnmask_ep29_f66-173
  Subtask: pick up the container that hides the red cube
  Frames: 66 - 173
============================================================
  Loaded 108 frames
  Prefix scoring: 33.6s
  Rewards: [0.03, 0.0, 0.4, 0.07, 0.07, 0.0, 0.47, 1.0]
  Failed regions: [[37, 65]]
  Successful interval: 74-107
  Keyframes: [0, 74, 96, 107]
  Success detected: True
  Confidence: 0.95

--- Segment 75/250 ---

============================================================
Segment: VideoUnmask_ep30_f66-164
  Subtask: pick up the container that hides the green cube
  Frames: 66 - 164
============================================================
  Loaded 99 frames
  Prefix scoring: 33.4s
  Rewards: [0.0, 0.0, 0.03, 0.44, 0.15, 0.06, 0.41, 1.0]
  Failed regions: [[47, 85]]
  Successful interval: 68-98
  Keyframes: [0, 68, 98]
  Success detected: True
  Confidence: 0.92

--- Segment 76/250 ---

============================================================
Segment: VideoUnmask_ep30_f66-175
  Subtask: pick up the container that hides the green cube
  Frames: 66 - 175
============================================================
  Loaded 110 frames
  Prefix scoring: 33.7s
  Rewards: [0.02, 0.05, 0.36, 0.27, 0.0, 0.18, 0.95, 1.0]
  Failed regions: [[39, 81]]
  Successful interval: 62-109
  Keyframes: [0, 62, 100, 109]
  Success detected: True
  Confidence: 0.93

--- Segment 77/250 ---

============================================================
Segment: VideoUnmask_ep31_f66-176
  Subtask: pick up the container that hides the red cube
  Frames: 66 - 176
============================================================
  Loaded 111 frames
  Prefix scoring: 33.5s
  Rewards: [0.0, 0.02, 0.1, 0.26, 0.24, 0.21, 0.93, 1.0]
  Failed regions: []
  Successful interval: 76-110
  Keyframes: [0, 76, 99, 110]
  Success detected: True
  Confidence: 0.85

--- Segment 78/250 ---

============================================================
Segment: VideoUnmask_ep31_f177-226
  Subtask: put down the container
  Frames: 177 - 226
============================================================
  Loaded 50 frames
  Prefix scoring: 33.2s
  Rewards: [0.58, 0.5, 0.0, 0.25, 0.67, 0.17, 1.0, 0.67]
  Failed regions: [[5, 30], [30, 42]]
  Successful interval: 34-42
  Keyframes: [0, 34, 42, 43, 49]
  Success detected: True
  Confidence: 0.84

--- Segment 79/250 ---

============================================================
Segment: VideoUnmask_ep31_f227-324
  Subtask: pick up the container that hides the green cube
  Frames: 227 - 324
============================================================
  Loaded 98 frames
  Prefix scoring: 33.4s
  Rewards: [0.02, 0.1, 0.1, 0.19, 0.12, 0.0, 0.05, 1.0]
  Failed regions: []
  Successful interval: 67-97
  Keyframes: [2, 67, 97]
  Success detected: True
  Confidence: 0.96

--- Segment 80/250 ---

============================================================
Segment: VideoUnmask_ep31_f227-335
  Subtask: pick up the container that hides the green cube
  Frames: 227 - 335
============================================================
  Loaded 109 frames
  Prefix scoring: 33.4s
  Rewards: [0.12, 0.07, 0.1, 0.22, 0.07, 0.0, 0.59, 1.0]
  Failed regions: []
  Successful interval: 75-108
  Keyframes: [2, 75, 97, 108]
  Success detected: True
  Confidence: 0.95

--- Segment 81/250 ---

============================================================
Segment: VideoUnmask_ep32_f66-159
  Subtask: pick up the container that hides the blue cube
  Frames: 66 - 159
============================================================
  Loaded 94 frames
  Prefix scoring: 33.3s
  Rewards: [0.0, 0.0, 0.15, 0.23, 0.2, 0.15, 0.28, 1.0]
  Failed regions: []
  Successful interval: 65-93
  Keyframes: [0, 65, 93]
  Success detected: True
  Confidence: 0.89

--- Segment 82/250 ---

============================================================
Segment: VideoUnmask_ep32_f66-166
  Subtask: pick up the container that hides the blue cube
  Frames: 66 - 166
============================================================
  Loaded 101 frames
  Prefix scoring: 33.4s
  Rewards: [0.0, 0.0, 0.27, 0.27, 0.22, 0.3, 0.38, 1.0]
  Failed regions: []
  Successful interval: 56-100
  Keyframes: [0, 56, 93, 100]
  Success detected: True
  Confidence: 0.85

--- Segment 83/250 ---

============================================================
Segment: VideoUnmask_ep33_f66-173
  Subtask: pick up the container that hides the red cube
  Frames: 66 - 173
============================================================
  Loaded 108 frames
  Prefix scoring: 33.7s
  Rewards: [0.04, 0.0, 0.11, 0.48, 0.37, 0.52, 0.15, 1.0]
  Failed regions: [[51, 79], [79, 107]]
  Successful interval: 88-107
  Keyframes: [0, 88, 104, 107]
  Success detected: True
  Confidence: 0.87

--- Segment 84/250 ---

============================================================
Segment: VideoUnmask_ep33_f66-181
  Subtask: pick up the container that hides the red cube
  Frames: 66 - 181
============================================================
  Loaded 116 frames
  Prefix scoring: 33.5s
  Rewards: [0.03, 0.0, 0.12, 0.31, 0.44, 0.53, 0.5, 1.0]
  Failed regions: []
  Successful interval: 95-115
  Keyframes: [0, 95, 104, 115]
  Success detected: True
  Confidence: 0.73

--- Segment 85/250 ---

============================================================
Segment: VideoUnmask_ep34_f66-156
  Subtask: pick up the container that hides the blue cube
  Frames: 66 - 156
============================================================
  Loaded 91 frames
  Prefix scoring: 33.3s
  Rewards: [0.0, 0.0, 0.16, 0.43, 0.52, 0.27, 0.23, 1.0]
  Failed regions: [[55, 90]]
  Successful interval: 74-90
  Keyframes: [0, 74, 89, 90]
  Success detected: True
  Confidence: 0.84

--- Segment 86/250 ---

============================================================
Segment: VideoUnmask_ep34_f66-164
  Subtask: pick up the container that hides the blue cube
  Frames: 66 - 164
============================================================
  Loaded 99 frames
  Prefix scoring: 33.4s
  Rewards: [0.0, 0.0, 0.33, 0.45, 0.17, 0.45, 0.8, 1.0]
  Failed regions: [[47, 72]]
  Successful interval: 55-98
  Keyframes: [0, 55, 89, 98]
  Success detected: True
  Confidence: 0.85

--- Segment 87/250 ---

============================================================
Segment: VideoUnmask_ep35_f66-171
  Subtask: pick up the container that hides the green cube
  Frames: 66 - 171
============================================================
  Loaded 106 frames
  Prefix scoring: 33.3s
  Rewards: [0.02, 0.0, 0.31, 0.19, 0.1, 0.14, 1.0, 0.88]
  Failed regions: [[37, 77]]
  Successful interval: 59-91
  Keyframes: [0, 59, 60, 91, 105]
  Success detected: True
  Confidence: 0.90

--- Segment 88/250 ---

============================================================
Segment: VideoUnmask_ep35_f172-219
  Subtask: put down the container
  Frames: 172 - 219
============================================================
  Loaded 48 frames
  Prefix scoring: 33.0s
  Rewards: [0.0, 0.15, 0.15, 0.05, 0.05, 0.05, 0.4, 1.0]
  Failed regions: []
  Successful interval: 32-47
  Keyframes: [5, 32, 42, 47]
  Success detected: True
  Confidence: 0.93

--- Segment 89/250 ---

============================================================
Segment: VideoUnmask_ep35_f220-320
  Subtask: pick up the container that hides the blue cube
  Frames: 220 - 320
============================================================
  Loaded 101 frames
  Prefix scoring: 33.3s
  Rewards: [0.0, 0.16, 0.22, 0.16, 0.1, 0.26, 0.52, 1.0]
  Failed regions: []
  Successful interval: 56-100
  Keyframes: [1, 56, 97, 100]
  Success detected: True
  Confidence: 0.90

--- Segment 90/250 ---

============================================================
Segment: VideoUnmask_ep35_f220-328
  Subtask: pick up the container that hides the blue cube
  Frames: 220 - 328
============================================================
  Loaded 109 frames
  Prefix scoring: 33.4s
  Rewards: [0.0, 0.07, 0.03, 0.19, 0.12, 0.22, 1.0, 0.79]
  Failed regions: []
  Successful interval: 61-94
  Keyframes: [1, 61, 68, 94, 108]
  Success detected: True
  Confidence: 0.89

--- Segment 91/250 ---

============================================================
Segment: VideoUnmask_ep36_f66-160
  Subtask: pick up the container that hides the blue cube
  Frames: 66 - 160
============================================================
  Loaded 95 frames
  Prefix scoring: 33.2s
  Rewards: [0.0, 0.0, 0.18, 0.48, 0.3, 0.3, 0.3, 1.0]
  Failed regions: [[45, 69], [45, 81]]
  Successful interval: 77-94
  Keyframes: [0, 77, 92, 94]
  Success detected: True
  Confidence: 0.81

--- Segment 92/250 ---

============================================================
Segment: VideoUnmask_ep36_f66-169
  Subtask: pick up the container that hides the blue cube
  Frames: 66 - 169
============================================================
  Loaded 104 frames
  Prefix scoring: 33.4s
  Rewards: [0.0, 0.08, 0.21, 0.38, 0.21, 0.31, 0.79, 1.0]
  Failed regions: [[49, 76]]
  Successful interval: 58-103
  Keyframes: [0, 58, 92, 103]
  Success detected: True
  Confidence: 0.84

--- Segment 93/250 ---

============================================================
Segment: VideoUnmask_ep37_f66-160
  Subtask: pick up the container that hides the blue cube
  Frames: 66 - 160
============================================================
  Loaded 95 frames
  Prefix scoring: 33.2s
  Rewards: [0.0, 0.0, 0.35, 0.3, 0.38, 0.4, 0.35, 1.0]
  Failed regions: []
  Successful interval: 77-94
  Keyframes: [0, 77, 94]
  Success detected: True
  Confidence: 0.79

--- Segment 94/250 ---

============================================================
Segment: VideoUnmask_ep37_f66-166
  Subtask: pick up the container that hides the blue cube
  Frames: 66 - 166
============================================================
  Loaded 101 frames
  Prefix scoring: 33.3s
  Rewards: [0.0, 0.06, 0.35, 0.74, 0.32, 0.53, 0.76, 1.0]
  Failed regions: [[48, 74]]
  Successful interval: 56-100
  Keyframes: [0, 56, 95, 100]
  Success detected: True
  Confidence: 0.78

--- Segment 95/250 ---

============================================================
Segment: VideoUnmask_ep38_f66-163
  Subtask: pick up the container that hides the green cube
  Frames: 66 - 163
============================================================
  Loaded 98 frames
  Prefix scoring: 33.4s
  Rewards: [0.0, 0.0, 0.23, 0.57, 0.37, 0.1, 0.23, 1.0]
  Failed regions: [[46, 84]]
  Successful interval: 67-97
  Keyframes: [0, 67, 96, 97]
  Success detected: True
  Confidence: 0.90

--- Segment 96/250 ---

============================================================
Segment: VideoUnmask_ep38_f66-169
  Subtask: pick up the container that hides the green cube
  Frames: 66 - 169
============================================================
  Loaded 104 frames
  Prefix scoring: 33.4s
  Rewards: [0.0, 0.03, 0.07, 0.3, 0.2, 0.07, 0.23, 1.0]
  Failed regions: [[49, 89]]
  Successful interval: 71-103
  Keyframes: [0, 71, 96, 103]
  Success detected: True
  Confidence: 0.92

--- Segment 97/250 ---

============================================================
Segment: VideoUnmask_ep39_f66-192
  Subtask: pick up the container that hides the blue cube
  Frames: 66 - 192
============================================================
  Loaded 127 frames
  Prefix scoring: 33.4s
  Rewards: [0.0, 0.0, 0.14, 0.21, 0.23, 0.26, 1.0, 0.91]
  Failed regions: []
  Successful interval: 22-109
  Keyframes: [0, 22, 109, 110, 126]
  Success detected: True
  Confidence: 0.93

--- Segment 98/250 ---

============================================================
Segment: VideoUnmask_ep39_f193-242
  Subtask: put down the container
  Frames: 193 - 242
============================================================
  Loaded 50 frames
  Prefix scoring: 33.2s
  Rewards: [0.4, 0.27, 0.47, 0.0, 0.73, 0.47, 1.0, 0.6]
  Failed regions: [[5, 17], [17, 30], [30, 42]]
  Successful interval: 34-42
  Keyframes: [0, 34, 41, 42, 49]
  Success detected: True
  Confidence: 0.71

--- Segment 99/250 ---

============================================================
Segment: VideoUnmask_ep39_f243-330
  Subtask: pick up the container that hides the red cube
  Frames: 243 - 330
============================================================
  Loaded 88 frames
  Prefix scoring: 33.3s
  Rewards: [0.0, 0.12, 0.03, 0.0, 0.03, 0.28, 0.09, 1.0]
  Failed regions: [[64, 87]]
  Successful interval: 71-87
  Keyframes: [0, 71, 86, 87]
  Success detected: True
  Confidence: 0.92

--- Segment 100/250 ---

============================================================
Segment: VideoUnmask_ep39_f243-337
  Subtask: pick up the container that hides the red cube
  Frames: 243 - 337
============================================================
  Loaded 95 frames
  Prefix scoring: 33.3s
  Rewards: [0.06, 0.11, 0.11, 0.0, 0.4, 0.23, 0.14, 1.0]
  Failed regions: [[57, 94]]
  Successful interval: 77-94
  Keyframes: [0, 77, 86, 94]
  Success detected: True
  Confidence: 0.89

--- Segment 101/250 ---

============================================================
Segment: VideoUnmask_ep40_f66-157
  Subtask: pick up the container that hides the green cube
  Frames: 66 - 157
============================================================
  Loaded 92 frames
  Prefix scoring: 33.4s
  Rewards: [0.0, 0.0, 0.12, 0.36, 0.21, 0.15, 0.12, 1.0]
  Failed regions: [[44, 91]]
  Successful interval: 75-91
  Keyframes: [0, 75, 89, 91]
  Success detected: True
  Confidence: 0.90

--- Segment 102/250 ---

============================================================
Segment: VideoUnmask_ep40_f66-166
  Subtask: pick up the container that hides the green cube
  Frames: 66 - 166
============================================================
  Loaded 101 frames
  Prefix scoring: 33.6s
  Rewards: [0.09, 0.0, 0.3, 0.42, 0.39, 0.24, 1.0, 0.94]
  Failed regions: [[48, 87]]
  Successful interval: 69-87
  Keyframes: [0, 69, 87, 88, 100]
  Success detected: True
  Confidence: 0.82

--- Segment 103/250 ---

============================================================
Segment: VideoUnmask_ep41_f66-165
  Subtask: pick up the container that hides the red cube
  Frames: 66 - 165
============================================================
  Loaded 100 frames
  Prefix scoring: 33.5s
  Rewards: [0.03, 0.0, 0.3, 0.32, 0.3, 0.22, 0.19, 1.0]
  Failed regions: [[48, 99]]
  Successful interval: 81-99
  Keyframes: [0, 81, 98, 99]
  Success detected: True
  Confidence: 0.87

--- Segment 104/250 ---

============================================================
Segment: VideoUnmask_ep41_f66-172
  Subtask: pick up the container that hides the red cube
  Frames: 66 - 172
============================================================
  Loaded 107 frames
  Prefix scoring: 33.8s
  Rewards: [0.03, 0.0, 0.26, 0.24, 0.16, 0.21, 0.45, 1.0]
  Failed regions: [[37, 78]]
  Successful interval: 59-106
  Keyframes: [0, 59, 98, 106]
  Success detected: True
  Confidence: 0.88

--- Segment 105/250 ---

============================================================
Segment: VideoUnmask_ep42_f66-175
  Subtask: pick up the container that hides the red cube
  Frames: 66 - 175
============================================================
  Loaded 110 frames
  Prefix scoring: 33.4s
  Rewards: [0.0, 0.0, 0.0, 0.19, 0.11, 0.24, 0.22, 1.0]
  Failed regions: []
  Successful interval: 90-109
  Keyframes: [0, 90, 105, 109]
  Success detected: True
  Confidence: 0.87

--- Segment 106/250 ---

============================================================
Segment: VideoUnmask_ep42_f66-188
  Subtask: pick up the container that hides the red cube
  Frames: 66 - 188
============================================================
  Loaded 123 frames
  Prefix scoring: 33.5s
  Rewards: [0.0, 0.0, 0.05, 0.19, 0.16, 0.62, 1.0, 0.76]
  Failed regions: []
  Successful interval: 68-106
  Keyframes: [0, 68, 105, 106, 122]
  Success detected: True
  Confidence: 0.87

--- Segment 107/250 ---

============================================================
Segment: VideoUnmask_ep43_f66-178
  Subtask: pick up the container that hides the red cube
  Frames: 66 - 178
============================================================
  Loaded 113 frames
  Prefix scoring: 33.5s
  Rewards: [0.0, 0.0, 0.11, 0.28, 0.28, 0.75, 0.31, 1.0]
  Failed regions: [[83, 112]]
  Successful interval: 92-112
  Keyframes: [0, 92, 101, 112]
  Success detected: True
  Confidence: 0.81

--- Segment 108/250 ---

============================================================
Segment: VideoUnmask_ep43_f179-229
  Subtask: put down the container
  Frames: 179 - 229
============================================================
  Loaded 51 frames
  Prefix scoring: 33.2s
  Rewards: [0.18, 0.12, 0.35, 0.06, 0.0, 0.59, 1.0, 1.0]
  Failed regions: [[17, 37]]
  Successful interval: 28-43
  Keyframes: [0, 28, 43, 44, 50]
  Success detected: True
  Confidence: 0.92

--- Segment 109/250 ---

============================================================
Segment: VideoUnmask_ep43_f230-327
  Subtask: pick up the container that hides the blue cube
  Frames: 230 - 327
============================================================
  Loaded 98 frames
  Prefix scoring: 33.4s
  Rewards: [0.0, 0.11, 0.15, 0.13, 0.11, 0.0, 0.32, 1.0]
  Failed regions: []
  Successful interval: 67-97
  Keyframes: [0, 67, 97]
  Success detected: True
  Confidence: 0.95

--- Segment 110/250 ---

============================================================
Segment: VideoUnmask_ep43_f230-338
  Subtask: pick up the container that hides the blue cube
  Frames: 230 - 338
============================================================
  Loaded 109 frames
  Prefix scoring: 33.5s
  Rewards: [0.0, 0.2, 0.2, 0.0, 0.07, 0.02, 1.0, 0.93]
  Failed regions: []
  Successful interval: 75-94
  Keyframes: [2, 75, 94, 95, 108]
  Success detected: True
  Confidence: 0.93

--- Segment 111/250 ---

============================================================
Segment: VideoUnmask_ep44_f66-157
  Subtask: pick up the container that hides the blue cube
  Frames: 66 - 157
============================================================
  Loaded 92 frames
  Prefix scoring: 33.5s
  Rewards: [0.05, 0.05, 0.25, 0.14, 0.11, 0.0, 0.0, 1.0]
  Failed regions: [[32, 79], [32, 91]]
  Successful interval: 75-91
  Keyframes: [0, 75, 91]
  Success detected: True
  Confidence: 0.96

--- Segment 112/250 ---

============================================================
Segment: VideoUnmask_ep44_f66-163
  Subtask: pick up the container that hides the blue cube
  Frames: 66 - 163
============================================================
  Loaded 98 frames
  Prefix scoring: 33.4s
  Rewards: [0.07, 0.07, 0.27, 0.2, 0.27, 0.0, 0.39, 1.0]
  Failed regions: [[59, 84]]
  Successful interval: 67-97
  Keyframes: [0, 67, 91, 97]
  Success detected: True
  Confidence: 0.94

--- Segment 113/250 ---

============================================================
Segment: VideoUnmask_ep45_f66-159
  Subtask: pick up the container that hides the green cube
  Frames: 66 - 159
============================================================
  Loaded 94 frames
  Prefix scoring: 33.3s
  Rewards: [0.0, 0.0, 0.18, 0.24, 0.29, 0.14, 0.2, 1.0]
  Failed regions: [[57, 81]]
  Successful interval: 65-93
  Keyframes: [0, 65, 93]
  Success detected: True
  Confidence: 0.89

--- Segment 114/250 ---

============================================================
Segment: VideoUnmask_ep45_f66-169
  Subtask: pick up the container that hides the green cube
  Frames: 66 - 169
============================================================
  Loaded 104 frames
  Prefix scoring: 33.4s
  Rewards: [0.0, 0.0, 0.28, 0.28, 0.08, 0.26, 0.92, 1.0]
  Failed regions: [[49, 76]]
  Successful interval: 58-103
  Keyframes: [0, 58, 94, 103]
  Success detected: True
  Confidence: 0.90

--- Segment 115/250 ---

============================================================
Segment: VideoUnmask_ep46_f66-167
  Subtask: pick up the container that hides the green cube
  Frames: 66 - 167
============================================================
  Loaded 102 frames
  Prefix scoring: 33.3s
  Rewards: [0.02, 0.04, 0.04, 0.14, 0.04, 0.08, 0.0, 1.0]
  Failed regions: []
  Successful interval: 83-101
  Keyframes: [0, 83, 98, 101]
  Success detected: True
  Confidence: 0.97

--- Segment 116/250 ---

============================================================
Segment: VideoUnmask_ep46_f66-175
  Subtask: pick up the container that hides the green cube
  Frames: 66 - 175
============================================================
  Loaded 110 frames
  Prefix scoring: 33.4s
  Rewards: [0.04, 0.06, 0.06, 0.16, 0.04, 0.0, 0.64, 1.0]
  Failed regions: []
  Successful interval: 76-109
  Keyframes: [0, 76, 98, 109]
  Success detected: True
  Confidence: 0.95

--- Segment 117/250 ---

============================================================
Segment: VideoUnmask_ep47_f66-170
  Subtask: pick up the container that hides the red cube
  Frames: 66 - 170
============================================================
  Loaded 105 frames
  Prefix scoring: 33.2s
  Rewards: [0.0, 0.07, 0.22, 0.36, 0.22, 0.42, 0.31, 1.0]
  Failed regions: [[50, 77], [77, 104]]
  Successful interval: 85-104
  Keyframes: [0, 85, 98, 104]
  Success detected: True
  Confidence: 0.81

--- Segment 118/250 ---

============================================================
Segment: VideoUnmask_ep47_f171-221
  Subtask: put down the container
  Frames: 171 - 221
============================================================
  Loaded 51 frames
  Prefix scoring: 33.1s
  Rewards: [0.12, 0.44, 0.69, 0.12, 0.0, 0.0, 0.75, 1.0]
  Failed regions: [[17, 37], [17, 43]]
  Successful interval: 35-50
  Keyframes: [5, 35, 40, 50]
  Success detected: True
  Confidence: 0.92

--- Segment 119/250 ---

============================================================
Segment: VideoUnmask_ep47_f222-317
  Subtask: pick up the container that hides the blue cube
  Frames: 222 - 317
============================================================
  Loaded 96 frames
  Prefix scoring: 33.4s
  Rewards: [0.0, 0.02, 0.05, 0.14, 0.14, 0.21, 0.43, 1.0]
  Failed regions: []
  Successful interval: 54-95
  Keyframes: [0, 54, 92, 95]
  Success detected: True
  Confidence: 0.89

--- Segment 120/250 ---

============================================================
Segment: VideoUnmask_ep47_f222-325
  Subtask: pick up the container that hides the blue cube
  Frames: 222 - 325
============================================================
  Loaded 104 frames
  Prefix scoring: 33.3s
  Rewards: [0.0, 0.13, 0.02, 0.2, 0.22, 0.02, 1.0, 0.93]
  Failed regions: []
  Successful interval: 71-89
  Keyframes: [0, 71, 89, 90, 103]
  Success detected: True
  Confidence: 0.93

--- Segment 121/250 ---

============================================================
Segment: VideoUnmask_ep48_f66-173
  Subtask: pick up the container that hides the red cube
  Frames: 66 - 173
============================================================
  Loaded 108 frames
  Prefix scoring: 33.4s
  Rewards: [0.0, 0.05, 0.05, 0.16, 0.21, 0.24, 0.24, 1.0]
  Failed regions: []
  Successful interval: 88-107
  Keyframes: [0, 88, 102, 107]
  Success detected: True
  Confidence: 0.86

--- Segment 122/250 ---

============================================================
Segment: VideoUnmask_ep48_f66-182
  Subtask: pick up the container that hides the red cube
  Frames: 66 - 182
============================================================
  Loaded 117 frames
  Prefix scoring: 33.4s
  Rewards: [0.0, 0.05, 0.02, 0.12, 0.24, 0.31, 1.0, 0.81]
  Failed regions: []
  Successful interval: 36-101
  Keyframes: [0, 36, 101, 102, 116]
  Success detected: True
  Confidence: 0.93

--- Segment 123/250 ---

============================================================
Segment: VideoUnmask_ep49_f66-157
  Subtask: pick up the container that hides the red cube
  Frames: 66 - 157
============================================================
  Loaded 92 frames
  Prefix scoring: 33.2s
  Rewards: [0.02, 0.02, 0.15, 0.23, 0.26, 0.0, 0.02, 1.0]
  Failed regions: [[55, 79]]
  Successful interval: 63-91
  Keyframes: [0, 63, 91]
  Success detected: True
  Confidence: 0.96

--- Segment 124/250 ---

============================================================
Segment: VideoUnmask_ep49_f66-164
  Subtask: pick up the container that hides the red cube
  Frames: 66 - 164
============================================================
  Loaded 99 frames
  Prefix scoring: 33.3s
  Rewards: [0.07, 0.07, 0.28, 0.5, 0.17, 0.0, 0.2, 1.0]
  Failed regions: [[47, 85]]
  Successful interval: 68-98
  Keyframes: [0, 68, 91, 98]
  Success detected: True
  Confidence: 0.94

--- Segment 125/250 ---

============================================================
Segment: VideoUnmask_ep50_f66-170
  Subtask: pick up the container that hides the blue cube
  Frames: 66 - 170
============================================================
  Loaded 105 frames
  Prefix scoring: 33.3s
  Rewards: [0.0, 0.11, 0.21, 0.36, 0.3, 0.17, 0.17, 1.0]
  Failed regions: [[50, 90], [50, 104]]
  Successful interval: 85-104
  Keyframes: [0, 85, 102, 104]
  Success detected: True
  Confidence: 0.87

--- Segment 126/250 ---

============================================================
Segment: VideoUnmask_ep50_f66-181
  Subtask: pick up the container that hides the blue cube
  Frames: 66 - 181
============================================================
  Loaded 116 frames
  Prefix scoring: 33.4s
  Rewards: [0.0, 0.1, 0.21, 0.31, 0.12, 0.19, 1.0, 0.79]
  Failed regions: [[55, 85]]
  Successful interval: 65-100
  Keyframes: [0, 65, 70, 100, 115]
  Success detected: True
  Confidence: 0.89

--- Segment 127/250 ---

============================================================
Segment: VideoUnmask_ep51_f66-164
  Subtask: pick up the container that hides the red cube
  Frames: 66 - 164
============================================================
  Loaded 99 frames
  Prefix scoring: 33.4s
  Rewards: [0.18, 0.18, 0.42, 0.42, 0.42, 0.13, 0.0, 1.0]
  Failed regions: [[59, 98]]
  Successful interval: 81-98
  Keyframes: [0, 81, 90, 98]
  Success detected: True
  Confidence: 0.93

--- Segment 128/250 ---

============================================================
Segment: VideoUnmask_ep51_f165-214
  Subtask: put down the container
  Frames: 165 - 214
============================================================
  Loaded 50 frames
  Prefix scoring: 33.3s
  Rewards: [1.0, 0.89, 0.5, 0.22, 0.06, 0.0, 0.78, 0.44]
  Failed regions: []
  Successful interval: 3-5
  Keyframes: [0, 3, 5, 6, 24]
  Success detected: True
  Confidence: 0.50

--- Segment 129/250 ---

============================================================
Segment: VideoUnmask_ep51_f215-303
  Subtask: pick up the container that hides the green cube
  Frames: 215 - 303
============================================================
  Loaded 89 frames
  Prefix scoring: 33.4s
  Rewards: [0.06, 0.02, 0.02, 0.0, 0.04, 0.02, 0.02, 1.0]
  Failed regions: []
  Successful interval: 72-88
  Keyframes: [10, 72, 87, 88]
  Success detected: True
  Confidence: 0.96

--- Segment 130/250 ---

============================================================
Segment: VideoUnmask_ep51_f215-310
  Subtask: pick up the container that hides the green cube
  Frames: 215 - 310
============================================================
  Loaded 96 frames
  Prefix scoring: 33.5s
  Rewards: [0.04, 0.02, 0.04, 0.15, 0.12, 0.0, 0.17, 1.0]
  Failed regions: []
  Successful interval: 66-95
  Keyframes: [11, 66, 87, 95]
  Success detected: True
  Confidence: 0.96

--- Segment 131/250 ---

============================================================
Segment: VideoUnmask_ep52_f66-165
  Subtask: pick up the container that hides the red cube
  Frames: 66 - 165
============================================================
  Loaded 100 frames
  Prefix scoring: 33.4s
  Rewards: [0.0, 0.05, 0.05, 0.37, 0.24, 0.29, 0.37, 1.0]
  Failed regions: [[48, 73]]
  Successful interval: 55-99
  Keyframes: [0, 55, 97, 99]
  Success detected: True
  Confidence: 0.84

--- Segment 132/250 ---

============================================================
Segment: VideoUnmask_ep52_f66-175
  Subtask: pick up the container that hides the red cube
  Frames: 66 - 175
============================================================
  Loaded 110 frames
  Prefix scoring: 33.4s
  Rewards: [0.0, 0.05, 0.16, 0.32, 0.24, 0.3, 0.89, 1.0]
  Failed regions: [[53, 81]]
  Successful interval: 62-109
  Keyframes: [0, 62, 97, 109]
  Success detected: True
  Confidence: 0.83

--- Segment 133/250 ---

============================================================
Segment: VideoUnmask_ep53_f66-174
  Subtask: pick up the container that hides the blue cube
  Frames: 66 - 174
============================================================
  Loaded 109 frames
  Prefix scoring: 33.3s
  Rewards: [0.03, 0.0, 0.03, 0.35, 0.09, 0.21, 0.29, 1.0]
  Failed regions: [[52, 80]]
  Successful interval: 61-108
  Keyframes: [0, 61, 105, 108]
  Success detected: True
  Confidence: 0.91

--- Segment 134/250 ---

============================================================
Segment: VideoUnmask_ep53_f66-182
  Subtask: pick up the container that hides the blue cube
  Frames: 66 - 182
============================================================
  Loaded 117 frames
  Prefix scoring: 33.4s
  Rewards: [0.02, 0.0, 0.02, 0.32, 0.32, 0.22, 1.0, 0.61]
  Failed regions: [[71, 101]]
  Successful interval: 81-101
  Keyframes: [0, 81, 101, 102, 116]
  Success detected: True
  Confidence: 0.85

--- Segment 135/250 ---

============================================================
Segment: VideoUnmask_ep54_f66-156
  Subtask: pick up the container that hides the green cube
  Frames: 66 - 156
============================================================
  Loaded 91 frames
  Prefix scoring: 33.4s
  Rewards: [0.0, 0.0, 0.22, 0.28, 0.08, 0.03, 0.14, 1.0]
  Failed regions: [[43, 78]]
  Successful interval: 62-90
  Keyframes: [0, 62, 89, 90]
  Success detected: True
  Confidence: 0.95

--- Segment 136/250 ---

============================================================
Segment: VideoUnmask_ep54_f66-163
  Subtask: pick up the container that hides the green cube
  Frames: 66 - 163
============================================================
  Loaded 98 frames
  Prefix scoring: 33.4s
  Rewards: [0.0, 0.0, 0.08, 0.15, 0.23, 0.03, 0.08, 1.0]
  Failed regions: []
  Successful interval: 67-97
  Keyframes: [0, 67, 89, 97]
  Success detected: True
  Confidence: 0.95

--- Segment 137/250 ---

============================================================
Segment: VideoUnmask_ep55_f66-180
  Subtask: pick up the container that hides the green cube
  Frames: 66 - 180
============================================================
  Loaded 115 frames
  Prefix scoring: 33.4s
  Rewards: [0.0, 0.07, 0.33, 0.15, 0.15, 0.2, 1.0, 0.97]
  Failed regions: [[40, 69], [40, 84]]
  Successful interval: 64-99
  Keyframes: [0, 64, 70, 99, 114]
  Success detected: True
  Confidence: 0.87

--- Segment 138/250 ---

============================================================
Segment: VideoUnmask_ep55_f181-227
  Subtask: put down the container
  Frames: 181 - 227
============================================================
  Loaded 47 frames
  Prefix scoring: 33.2s
  Rewards: [0.29, 0.14, 0.0, 0.29, 0.21, 0.0, 0.07, 1.0]
  Failed regions: [[4, 22], [22, 40]]
  Successful interval: 32-46
  Keyframes: [0, 32, 39, 46]
  Success detected: True
  Confidence: 0.95

--- Segment 139/250 ---

============================================================
Segment: VideoUnmask_ep55_f228-323
  Subtask: pick up the container that hides the blue cube
  Frames: 228 - 323
============================================================
  Loaded 96 frames
  Prefix scoring: 33.5s
  Rewards: [0.0, 0.02, 0.09, 0.26, 0.22, 0.13, 0.17, 1.0]
  Failed regions: [[45, 82]]
  Successful interval: 66-95
  Keyframes: [0, 66, 95]
  Success detected: True
  Confidence: 0.90

--- Segment 140/250 ---

============================================================
Segment: VideoUnmask_ep55_f228-333
  Subtask: pick up the container that hides the blue cube
  Frames: 228 - 333
============================================================
  Loaded 106 frames
  Prefix scoring: 33.5s
  Rewards: [0.05, 0.05, 0.0, 0.26, 0.16, 0.3, 0.26, 1.0]
  Failed regions: [[50, 77]]
  Successful interval: 86-105
  Keyframes: [2, 86, 96, 105]
  Success detected: True
  Confidence: 0.85

--- Segment 141/250 ---

============================================================
Segment: VideoUnmask_ep56_f66-156
  Subtask: pick up the container that hides the red cube
  Frames: 66 - 156
============================================================
  Loaded 91 frames
  Prefix scoring: 33.3s
  Rewards: [0.0, 0.0, 0.23, 0.38, 0.28, 0.06, 0.17, 1.0]
  Failed regions: [[43, 78]]
  Successful interval: 62-90
  Keyframes: [0, 62, 90]
  Success detected: True
  Confidence: 0.92

--- Segment 142/250 ---

============================================================
Segment: VideoUnmask_ep56_f66-165
  Subtask: pick up the container that hides the red cube
  Frames: 66 - 165
============================================================
  Loaded 100 frames
  Prefix scoring: 33.3s
  Rewards: [0.0, 0.03, 0.39, 0.47, 0.19, 0.19, 1.0, 1.0]
  Failed regions: [[48, 73], [48, 86]]
  Successful interval: 68-86
  Keyframes: [0, 68, 86, 87, 99]
  Success detected: True
  Confidence: 0.84

--- Segment 143/250 ---

============================================================
Segment: VideoUnmask_ep57_f66-167
  Subtask: pick up the container that hides the green cube
  Frames: 66 - 167
============================================================
  Loaded 102 frames
  Prefix scoring: 33.3s
  Rewards: [0.0, 0.0, 0.06, 0.14, 0.03, 0.17, 0.17, 1.0]
  Failed regions: []
  Successful interval: 83-101
  Keyframes: [0, 83, 99, 101]
  Success detected: True
  Confidence: 0.89

--- Segment 144/250 ---

============================================================
Segment: VideoUnmask_ep57_f66-178
  Subtask: pick up the container that hides the green cube
  Frames: 66 - 178
============================================================
  Loaded 113 frames
  Prefix scoring: 33.4s
  Rewards: [0.0, 0.0, 0.11, 0.19, 0.14, 0.06, 1.0, 0.94]
  Failed regions: []
  Successful interval: 78-97
  Keyframes: [0, 78, 97, 98, 112]
  Success detected: True
  Confidence: 0.92

--- Segment 145/250 ---

============================================================
Segment: VideoUnmask_ep58_f66-159
  Subtask: pick up the container that hides the red cube
  Frames: 66 - 159
============================================================
  Loaded 94 frames
  Prefix scoring: 33.4s
  Rewards: [0.0, 0.0, 0.17, 0.2, 0.09, 0.11, 0.04, 1.0]
  Failed regions: []
  Successful interval: 77-93
  Keyframes: [0, 77, 93]
  Success detected: True
  Confidence: 0.94

--- Segment 146/250 ---

============================================================
Segment: VideoUnmask_ep58_f66-168
  Subtask: pick up the container that hides the red cube
  Frames: 66 - 168
============================================================
  Loaded 103 frames
  Prefix scoring: 33.4s
  Rewards: [0.0, 0.0, 0.17, 0.38, 0.12, 0.17, 0.25, 1.0]
  Failed regions: [[49, 75]]
  Successful interval: 57-102
  Keyframes: [0, 57, 93, 102]
  Success detected: True
  Confidence: 0.90

--- Segment 147/250 ---

============================================================
Segment: VideoUnmask_ep59_f66-166
  Subtask: pick up the container that hides the red cube
  Frames: 66 - 166
============================================================
  Loaded 101 frames
  Prefix scoring: 33.4s
  Rewards: [0.0, 0.06, 0.29, 0.34, 0.29, 0.14, 1.0, 0.86]
  Failed regions: [[48, 87]]
  Successful interval: 69-87
  Keyframes: [0, 69, 87, 88, 100]
  Success detected: True
  Confidence: 0.87

--- Segment 148/250 ---

============================================================
Segment: VideoUnmask_ep59_f167-219
  Subtask: put down the container
  Frames: 167 - 219
============================================================
  Loaded 53 frames
  Prefix scoring: 33.2s
  Rewards: [0.0, 0.0, 0.13, 0.17, 0.17, 0.0, 1.0, 0.87]
  Failed regions: []
  Successful interval: 36-45
  Keyframes: [7, 36, 42, 45, 52]
  Success detected: True
  Confidence: 0.94

--- Segment 149/250 ---

============================================================
Segment: VideoUnmask_ep59_f220-318
  Subtask: pick up the container that hides the green cube
  Frames: 220 - 318
============================================================
  Loaded 99 frames
  Prefix scoring: 33.3s
  Rewards: [0.0, 0.08, 0.09, 0.13, 0.09, 0.28, 0.15, 1.0]
  Failed regions: [[72, 98]]
  Successful interval: 81-98
  Keyframes: [1, 81, 96, 98]
  Success detected: True
  Confidence: 0.89

--- Segment 150/250 ---

============================================================
Segment: VideoUnmask_ep59_f220-326
  Subtask: pick up the container that hides the green cube
  Frames: 220 - 326
============================================================
  Loaded 107 frames
  Prefix scoring: 33.3s
  Rewards: [0.0, 0.28, 0.13, 0.15, 0.13, 0.3, 1.0, 0.87]
  Failed regions: [[23, 51]]
  Successful interval: 59-92
  Keyframes: [6, 59, 65, 92, 106]
  Success detected: True
  Confidence: 0.88

--- Segment 151/250 ---

============================================================
Segment: VideoUnmask_ep60_f66-164
  Subtask: pick up the container that hides the blue cube
  Frames: 66 - 164
============================================================
  Loaded 99 frames
  Prefix scoring: 33.3s
  Rewards: [0.0, 0.0, 0.03, 0.31, 0.23, 0.17, 0.37, 1.0]
  Failed regions: [[47, 85]]
  Successful interval: 68-98
  Keyframes: [0, 68, 95, 98]
  Success detected: True
  Confidence: 0.88

--- Segment 152/250 ---

============================================================
Segment: VideoUnmask_ep60_f66-172
  Subtask: pick up the container that hides the blue cube
  Frames: 66 - 172
============================================================
  Loaded 107 frames
  Prefix scoring: 33.5s
  Rewards: [0.0, 0.05, 0.08, 0.15, 0.28, 0.13, 1.0, 0.67]
  Failed regions: [[64, 92]]
  Successful interval: 73-92
  Keyframes: [0, 73, 92, 93, 106]
  Success detected: True
  Confidence: 0.89

--- Segment 153/250 ---

============================================================
Segment: VideoUnmask_ep61_f66-156
  Subtask: pick up the container that hides the green cube
  Frames: 66 - 156
============================================================
  Loaded 91 frames
  Prefix scoring: 33.3s
  Rewards: [0.1, 0.1, 0.19, 0.1, 0.02, 0.12, 0.0, 1.0]
  Failed regions: []
  Successful interval: 74-90
  Keyframes: [0, 74, 90]
  Success detected: True
  Confidence: 0.96

--- Segment 154/250 ---

============================================================
Segment: VideoUnmask_ep61_f66-162
  Subtask: pick up the container that hides the green cube
  Frames: 66 - 162
============================================================
  Loaded 97 frames
  Prefix scoring: 33.4s
  Rewards: [0.09, 0.09, 0.23, 0.23, 0.2, 0.0, 0.37, 1.0]
  Failed regions: []
  Successful interval: 67-96
  Keyframes: [0, 67, 90, 96]
  Success detected: True
  Confidence: 0.94

--- Segment 155/250 ---

============================================================
Segment: VideoUnmask_ep62_f66-164
  Subtask: pick up the container that hides the red cube
  Frames: 66 - 164
============================================================
  Loaded 99 frames
  Prefix scoring: 33.5s
  Rewards: [0.02, 0.02, 0.33, 0.3, 0.4, 0.14, 0.0, 1.0]
  Failed regions: [[59, 98]]
  Successful interval: 81-98
  Keyframes: [0, 81, 98]
  Success detected: True
  Confidence: 0.94

--- Segment 156/250 ---

============================================================
Segment: VideoUnmask_ep62_f66-173
  Subtask: pick up the container that hides the red cube
  Frames: 66 - 173
============================================================
  Loaded 108 frames
  Prefix scoring: 33.4s
  Rewards: [0.03, 0.06, 0.42, 0.21, 0.09, 0.18, 0.0, 1.0]
  Failed regions: [[37, 79]]
  Successful interval: 88-107
  Keyframes: [0, 88, 98, 107]
  Success detected: True
  Confidence: 0.95

--- Segment 157/250 ---

============================================================
Segment: VideoUnmask_ep63_f66-188
  Subtask: pick up the container that hides the red cube
  Frames: 66 - 188
============================================================
  Loaded 123 frames
  Prefix scoring: 33.8s
  Rewards: [0.02, 0.0, 0.07, 0.18, 0.16, 0.33, 1.0, 0.93]
  Failed regions: []
  Successful interval: 68-106
  Keyframes: [0, 68, 106, 107, 122]
  Success detected: True
  Confidence: 0.87

--- Segment 158/250 ---

============================================================
Segment: VideoUnmask_ep63_f189-238
  Subtask: put down the container
  Frames: 189 - 238
============================================================
  Loaded 50 frames
  Prefix scoring: 33.5s
  Rewards: [1.0, 0.31, 0.08, 0.08, 0.46, 0.62, 0.0, 0.08]
  Failed regions: []
  Successful interval: 3-5
  Keyframes: [0, 3, 5, 6, 40]
  Success detected: True
  Confidence: 0.53

--- Segment 159/250 ---

============================================================
Segment: VideoUnmask_ep63_f239-346
  Subtask: pick up the container that hides the blue cube
  Frames: 239 - 346
============================================================
  Loaded 108 frames
  Prefix scoring: 33.5s
  Rewards: [0.05, 0.12, 0.2, 0.17, 0.2, 0.0, 0.12, 1.0]
  Failed regions: []
  Successful interval: 74-107
  Keyframes: [7, 74, 107]
  Success detected: True
  Confidence: 0.95

--- Segment 160/250 ---

============================================================
Segment: VideoUnmask_ep63_f239-353
  Subtask: pick up the container that hides the blue cube
  Frames: 239 - 353
============================================================
  Loaded 115 frames
  Prefix scoring: 33.4s
  Rewards: [0.04, 0.16, 0.2, 0.0, 0.1, 0.08, 0.2, 1.0]
  Failed regions: []
  Successful interval: 79-114
  Keyframes: [22, 79, 107, 114]
  Success detected: True
  Confidence: 0.92

--- Segment 161/250 ---

============================================================
Segment: VideoUnmask_ep64_f66-163
  Subtask: pick up the container that hides the red cube
  Frames: 66 - 163
============================================================
  Loaded 98 frames
  Prefix scoring: 33.4s
  Rewards: [0.0, 0.0, 0.22, 0.19, 0.14, 0.05, 0.22, 1.0]
  Failed regions: []
  Successful interval: 67-97
  Keyframes: [0, 67, 97]
  Success detected: True
  Confidence: 0.93

--- Segment 162/250 ---

============================================================
Segment: VideoUnmask_ep64_f66-172
  Subtask: pick up the container that hides the red cube
  Frames: 66 - 172
============================================================
  Loaded 107 frames
  Prefix scoring: 33.5s
  Rewards: [0.0, 0.02, 0.16, 0.07, 0.0, 0.14, 0.3, 1.0]
  Failed regions: []
  Successful interval: 59-106
  Keyframes: [0, 59, 97, 106]
  Success detected: True
  Confidence: 0.96

--- Segment 163/250 ---

============================================================
Segment: VideoUnmask_ep65_f66-157
  Subtask: pick up the container that hides the red cube
  Frames: 66 - 157
============================================================
  Loaded 92 frames
  Prefix scoring: 33.3s
  Rewards: [0.0, 0.0, 0.33, 0.41, 0.22, 0.07, 0.11, 1.0]
  Failed regions: [[44, 79]]
  Successful interval: 63-91
  Keyframes: [0, 63, 90, 91]
  Success detected: True
  Confidence: 0.92

--- Segment 164/250 ---

============================================================
Segment: VideoUnmask_ep65_f66-165
  Subtask: pick up the container that hides the red cube
  Frames: 66 - 165
============================================================
  Loaded 100 frames
  Prefix scoring: 33.4s
  Rewards: [0.0, 0.13, 0.29, 0.42, 0.39, 0.13, 0.0, 1.0]
  Failed regions: [[48, 99]]
  Successful interval: 81-99
  Keyframes: [0, 81, 90, 99]
  Success detected: True
  Confidence: 0.94

--- Segment 165/250 ---

============================================================
Segment: VideoUnmask_ep66_f66-163
  Subtask: pick up the container that hides the blue cube
  Frames: 66 - 163
============================================================
  Loaded 98 frames
  Prefix scoring: 33.3s
  Rewards: [0.11, 0.11, 0.31, 0.22, 0.0, 0.11, 0.17, 1.0]
  Failed regions: [[34, 71]]
  Successful interval: 55-97
  Keyframes: [0, 55, 97]
  Success detected: True
  Confidence: 0.95

--- Segment 166/250 ---

============================================================
Segment: VideoUnmask_ep66_f66-175
  Subtask: pick up the container that hides the blue cube
  Frames: 66 - 175
============================================================
  Loaded 110 frames
  Prefix scoring: 33.7s
  Rewards: [0.11, 0.11, 0.45, 0.11, 0.2, 0.0, 1.0, 0.61]
  Failed regions: [[39, 67]]
  Successful interval: 76-95
  Keyframes: [0, 76, 95, 96, 109]
  Success detected: True
  Confidence: 0.93

--- Segment 167/250 ---

============================================================
Segment: VideoUnmask_ep67_f66-175
  Subtask: pick up the container that hides the red cube
  Frames: 66 - 175
============================================================
  Loaded 110 frames
  Prefix scoring: 33.6s
  Rewards: [0.0, 0.0, 0.0, 0.16, 0.2, 0.31, 1.0, 0.89]
  Failed regions: []
  Successful interval: 34-95
  Keyframes: [0, 34, 67, 95, 109]
  Success detected: True
  Confidence: 0.94

--- Segment 168/250 ---

============================================================
Segment: VideoUnmask_ep67_f176-227
  Subtask: put down the container
  Frames: 176 - 227
============================================================
  Loaded 52 frames
  Prefix scoring: 33.2s
  Rewards: [0.0, 0.23, 0.36, 0.09, 0.27, 0.09, 0.36, 1.0]
  Failed regions: [[18, 31], [31, 44]]
  Successful interval: 35-51
  Keyframes: [0, 35, 45, 51]
  Success detected: True
  Confidence: 0.90

--- Segment 169/250 ---

============================================================
Segment: VideoUnmask_ep67_f228-312
  Subtask: pick up the container that hides the blue cube
  Frames: 228 - 312
============================================================
  Loaded 85 frames
  Prefix scoring: 33.5s
  Rewards: [0.0, 0.06, 0.06, 0.04, 0.23, 0.1, 0.04, 1.0]
  Failed regions: []
  Successful interval: 69-84
  Keyframes: [0, 69, 83, 84]
  Success detected: True
  Confidence: 0.95

--- Segment 170/250 ---

============================================================
Segment: VideoUnmask_ep67_f228-319
  Subtask: pick up the container that hides the blue cube
  Frames: 228 - 319
============================================================
  Loaded 92 frames
  Prefix scoring: 33.7s
  Rewards: [0.07, 0.07, 0.0, 0.12, 0.09, 0.0, 0.77, 1.0]
  Failed regions: []
  Successful interval: 63-91
  Keyframes: [5, 63, 83, 91]
  Success detected: True
  Confidence: 0.95

--- Segment 171/250 ---

============================================================
Segment: VideoUnmask_ep68_f66-157
  Subtask: pick up the container that hides the red cube
  Frames: 66 - 157
============================================================
  Loaded 92 frames
  Prefix scoring: 34.4s
  Rewards: [0.0, 0.0, 0.1, 0.12, 0.12, 0.14, 0.12, 1.0]
  Failed regions: []
  Successful interval: 75-91
  Keyframes: [0, 75, 90, 91]
  Success detected: True
  Confidence: 0.91

--- Segment 172/250 ---

============================================================
Segment: VideoUnmask_ep68_f66-164
  Subtask: pick up the container that hides the red cube
  Frames: 66 - 164
============================================================
  Loaded 99 frames
  Prefix scoring: 34.0s
  Rewards: [0.0, 0.0, 0.2, 0.2, 0.1, 0.15, 0.07, 1.0]
  Failed regions: []
  Successful interval: 81-98
  Keyframes: [0, 81, 90, 98]
  Success detected: True
  Confidence: 0.93

--- Segment 173/250 ---

============================================================
Segment: VideoUnmask_ep69_f66-174
  Subtask: pick up the container that hides the red cube
  Frames: 66 - 174
============================================================
  Loaded 109 frames
  Prefix scoring: 34.3s
  Rewards: [0.0, 0.0, 0.0, 0.37, 0.34, 0.29, 0.31, 1.0]
  Failed regions: [[52, 94]]
  Successful interval: 75-108
  Keyframes: [0, 75, 104, 108]
  Success detected: True
  Confidence: 0.83

--- Segment 174/250 ---

============================================================
Segment: VideoUnmask_ep69_f66-182
  Subtask: pick up the container that hides the red cube
  Frames: 66 - 182
============================================================
  Loaded 117 frames
  Prefix scoring: 34.1s
  Rewards: [0.0, 0.0, 0.08, 0.35, 0.43, 0.43, 1.0, 0.89]
  Failed regions: []
  Successful interval: 81-101
  Keyframes: [0, 81, 101, 102, 116]
  Success detected: True
  Confidence: 0.75

--- Segment 175/250 ---

============================================================
Segment: VideoUnmask_ep70_f66-158
  Subtask: pick up the container that hides the red cube
  Frames: 66 - 158
============================================================
  Loaded 93 frames
  Prefix scoring: 34.1s
  Rewards: [0.03, 0.03, 0.36, 0.17, 0.33, 0.14, 0.0, 1.0]
  Failed regions: [[32, 56], [56, 92]]
  Successful interval: 76-92
  Keyframes: [0, 76, 91, 92]
  Success detected: True
  Confidence: 0.95

--- Segment 176/250 ---

============================================================
Segment: VideoUnmask_ep70_f66-165
  Subtask: pick up the container that hides the red cube
  Frames: 66 - 165
============================================================
  Loaded 100 frames
  Prefix scoring: 34.0s
  Rewards: [0.03, 0.03, 0.26, 0.35, 0.15, 0.0, 0.18, 1.0]
  Failed regions: [[48, 86]]
  Successful interval: 68-99
  Keyframes: [0, 68, 91, 99]
  Success detected: True
  Confidence: 0.95

--- Segment 177/250 ---

============================================================
Segment: VideoUnmask_ep71_f66-181
  Subtask: pick up the container that hides the blue cube
  Frames: 66 - 181
============================================================
  Loaded 116 frames
  Prefix scoring: 34.0s
  Rewards: [0.0, 0.07, 0.13, 0.3, 0.28, 0.39, 1.0, 0.83]
  Failed regions: []
  Successful interval: 65-100
  Keyframes: [0, 65, 71, 100, 115]
  Success detected: True
  Confidence: 0.81

--- Segment 178/250 ---

============================================================
Segment: VideoUnmask_ep71_f182-231
  Subtask: put down the container
  Frames: 182 - 231
============================================================
  Loaded 50 frames
  Prefix scoring: 33.2s
  Rewards: [0.56, 0.78, 0.33, 0.0, 1.0, 0.33, 1.0, 0.78]
  Failed regions: [[11, 30], [30, 42]]
  Successful interval: 34-42
  Keyframes: [0, 34, 41, 42, 49]
  Success detected: True
  Confidence: 0.75

--- Segment 179/250 ---

============================================================
Segment: VideoUnmask_ep71_f232-317
  Subtask: pick up the container that hides the green cube
  Frames: 232 - 317
============================================================
  Loaded 86 frames
  Prefix scoring: 33.4s
  Rewards: [0.0, 0.02, 0.09, 0.11, 0.34, 0.28, 0.34, 1.0]
  Failed regions: []
  Successful interval: 59-85
  Keyframes: [1, 59, 83, 85]
  Success detected: True
  Confidence: 0.84

--- Segment 180/250 ---

============================================================
Segment: VideoUnmask_ep71_f232-324
  Subtask: pick up the container that hides the green cube
  Frames: 232 - 324
============================================================
  Loaded 93 frames
  Prefix scoring: 33.5s
  Rewards: [0.0, 0.11, 0.0, 0.13, 0.4, 0.11, 1.0, 1.0]
  Failed regions: [[56, 80]]
  Successful interval: 64-80
  Keyframes: [1, 64, 80, 81, 92]
  Success detected: True
  Confidence: 0.89

--- Segment 181/250 ---

============================================================
Segment: VideoUnmask_ep72_f66-167
  Subtask: pick up the container that hides the red cube
  Frames: 66 - 167
============================================================
  Loaded 102 frames
  Prefix scoring: 33.5s
  Rewards: [0.0, 0.03, 0.13, 0.34, 0.05, 0.21, 0.42, 1.0]
  Failed regions: [[49, 75]]
  Successful interval: 57-101
  Keyframes: [0, 57, 99, 101]
  Success detected: True
  Confidence: 0.92

--- Segment 182/250 ---

============================================================
Segment: VideoUnmask_ep72_f66-175
  Subtask: pick up the container that hides the red cube
  Frames: 66 - 175
============================================================
  Loaded 110 frames
  Prefix scoring: 33.7s
  Rewards: [0.0, 0.02, 0.16, 0.32, 0.02, 0.11, 0.11, 1.0]
  Failed regions: [[53, 81]]
  Successful interval: 90-109
  Keyframes: [0, 90, 99, 109]
  Success detected: True
  Confidence: 0.91

--- Segment 183/250 ---

============================================================
Segment: VideoUnmask_ep73_f66-170
  Subtask: pick up the container that hides the red cube
  Frames: 66 - 170
============================================================
  Loaded 105 frames
  Prefix scoring: 33.5s
  Rewards: [0.0, 0.08, 0.14, 0.35, 0.27, 0.32, 0.27, 1.0]
  Failed regions: [[50, 77]]
  Successful interval: 85-104
  Keyframes: [0, 85, 103, 104]
  Success detected: True
  Confidence: 0.83

--- Segment 184/250 ---

============================================================
Segment: VideoUnmask_ep73_f66-178
  Subtask: pick up the container that hides the red cube
  Frames: 66 - 178
============================================================
  Loaded 113 frames
  Prefix scoring: 33.4s
  Rewards: [0.0, 0.08, 0.17, 0.36, 0.25, 0.36, 0.53, 1.0]
  Failed regions: [[54, 83]]
  Successful interval: 63-112
  Keyframes: [0, 63, 102, 112]
  Success detected: True
  Confidence: 0.83

--- Segment 185/250 ---

============================================================
Segment: VideoUnmask_ep74_f66-161
  Subtask: pick up the container that hides the green cube
  Frames: 66 - 161
============================================================
  Loaded 96 frames
  Prefix scoring: 33.3s
  Rewards: [0.0, 0.0, 0.2, 0.2, 0.09, 0.09, 0.17, 1.0]
  Failed regions: []
  Successful interval: 66-95
  Keyframes: [0, 66, 95]
  Success detected: True
  Confidence: 0.92

--- Segment 186/250 ---

============================================================
Segment: VideoUnmask_ep74_f66-172
  Subtask: pick up the container that hides the green cube
  Frames: 66 - 172
============================================================
  Loaded 107 frames
  Prefix scoring: 33.5s
  Rewards: [0.02, 0.02, 0.24, 0.18, 0.02, 0.0, 1.0, 0.82]
  Failed regions: []
  Successful interval: 73-92
  Keyframes: [0, 73, 92, 93, 106]
  Success detected: True
  Confidence: 0.94

--- Segment 187/250 ---

============================================================
Segment: VideoUnmask_ep75_f66-169
  Subtask: pick up the container that hides the green cube
  Frames: 66 - 169
============================================================
  Loaded 104 frames
  Prefix scoring: 33.3s
  Rewards: [0.0, 0.0, 0.09, 0.22, 0.0, 0.07, 0.37, 1.0]
  Failed regions: []
  Successful interval: 58-103
  Keyframes: [0, 58, 94, 103]
  Success detected: True
  Confidence: 0.96

--- Segment 188/250 ---

============================================================
Segment: VideoUnmask_ep75_f170-216
  Subtask: put down the container
  Frames: 170 - 216
============================================================
  Loaded 47 frames
  Prefix scoring: 33.2s
  Rewards: [0.0, 0.29, 0.0, 0.35, 0.35, 0.24, 0.24, 1.0]
  Failed regions: [[10, 22], [28, 40], [28, 46]]
  Successful interval: 38-46
  Keyframes: [4, 38, 39, 46]
  Success detected: True
  Confidence: 0.84

--- Segment 189/250 ---

============================================================
Segment: VideoUnmask_ep75_f217-316
  Subtask: pick up the container that hides the red cube
  Frames: 217 - 316
============================================================
  Loaded 100 frames
  Prefix scoring: 33.4s
  Rewards: [0.0, 0.16, 0.05, 0.24, 0.21, 0.26, 0.21, 1.0]
  Failed regions: []
  Successful interval: 81-99
  Keyframes: [2, 81, 96, 99]
  Success detected: True
  Confidence: 0.86

--- Segment 190/250 ---

============================================================
Segment: VideoUnmask_ep75_f217-324
  Subtask: pick up the container that hides the red cube
  Frames: 217 - 324
============================================================
  Loaded 108 frames
  Prefix scoring: 33.4s
  Rewards: [0.0, 0.21, 0.05, 0.31, 0.15, 0.15, 0.97, 1.0]
  Failed regions: [[51, 79], [51, 93]]
  Successful interval: 74-107
  Keyframes: [2, 74, 96, 107]
  Success detected: True
  Confidence: 0.87

--- Segment 191/250 ---

============================================================
Segment: VideoUnmask_ep76_f66-156
  Subtask: pick up the container that hides the red cube
  Frames: 66 - 156
============================================================
  Loaded 91 frames
  Prefix scoring: 33.6s
  Rewards: [0.19, 0.19, 0.3, 0.32, 0.24, 0.0, 0.0, 1.0]
  Failed regions: [[43, 78], [43, 90]]
  Successful interval: 74-90
  Keyframes: [0, 74, 90]
  Success detected: True
  Confidence: 0.94

--- Segment 192/250 ---

============================================================
Segment: VideoUnmask_ep76_f66-162
  Subtask: pick up the container that hides the red cube
  Frames: 66 - 162
============================================================
  Loaded 97 frames
  Prefix scoring: 33.9s
  Rewards: [0.09, 0.09, 0.34, 0.09, 0.06, 0.0, 0.09, 1.0]
  Failed regions: [[33, 83]]
  Successful interval: 67-96
  Keyframes: [0, 67, 90, 96]
  Success detected: True
  Confidence: 0.96

--- Segment 193/250 ---

============================================================
Segment: VideoUnmask_ep77_f66-174
  Subtask: pick up the container that hides the blue cube
  Frames: 66 - 174
============================================================
  Loaded 109 frames
  Prefix scoring: 33.5s
  Rewards: [0.0, 0.03, 0.03, 0.33, 0.33, 0.39, 0.31, 1.0]
  Failed regions: [[80, 108]]
  Successful interval: 89-108
  Keyframes: [0, 89, 104, 108]
  Success detected: True
  Confidence: 0.82

--- Segment 194/250 ---

============================================================
Segment: VideoUnmask_ep77_f66-182
  Subtask: pick up the container that hides the blue cube
  Frames: 66 - 182
============================================================
  Loaded 117 frames
  Prefix scoring: 33.7s
  Rewards: [0.0, 0.03, 0.11, 0.32, 0.49, 0.49, 0.89, 1.0]
  Failed regions: []
  Successful interval: 81-116
  Keyframes: [0, 81, 104, 116]
  Success detected: True
  Confidence: 0.72

--- Segment 195/250 ---

============================================================
Segment: VideoUnmask_ep78_f66-159
  Subtask: pick up the container that hides the green cube
  Frames: 66 - 159
============================================================
  Loaded 94 frames
  Prefix scoring: 33.4s
  Rewards: [0.13, 0.13, 0.24, 0.29, 0.27, 0.0, 0.02, 1.0]
  Failed regions: [[45, 81]]
  Successful interval: 65-93
  Keyframes: [0, 65, 93]
  Success detected: True
  Confidence: 0.95

--- Segment 196/250 ---

============================================================
Segment: VideoUnmask_ep78_f66-165
  Subtask: pick up the container that hides the green cube
  Frames: 66 - 165
============================================================
  Loaded 100 frames
  Prefix scoring: 33.4s
  Rewards: [0.15, 0.15, 0.34, 0.29, 0.05, 0.1, 0.0, 1.0]
  Failed regions: [[35, 73]]
  Successful interval: 81-99
  Keyframes: [0, 81, 93, 99]
  Success detected: True
  Confidence: 0.95

--- Segment 197/250 ---

============================================================
Segment: VideoUnmask_ep79_f66-177
  Subtask: pick up the container that hides the green cube
  Frames: 66 - 177
============================================================
  Loaded 112 frames
  Prefix scoring: 33.9s
  Rewards: [0.0, 0.0, 0.0, 0.15, 0.1, 0.2, 0.98, 1.0]
  Failed regions: []
  Successful interval: 63-111
  Keyframes: [0, 63, 100, 111]
  Success detected: True
  Confidence: 0.90

--- Segment 198/250 ---

============================================================
Segment: VideoUnmask_ep79_f178-228
  Subtask: put down the container
  Frames: 178 - 228
============================================================
  Loaded 51 frames
  Prefix scoring: 33.3s
  Rewards: [0.22, 0.11, 0.06, 0.0, 0.25, 0.03, 0.89, 1.0]
  Failed regions: [[30, 43]]
  Successful interval: 35-50
  Keyframes: [0, 35, 42, 50]
  Success detected: True
  Confidence: 0.93

--- Segment 199/250 ---

============================================================
Segment: VideoUnmask_ep79_f229-310
  Subtask: pick up the container that hides the red cube
  Frames: 229 - 310
============================================================
  Loaded 82 frames
  Prefix scoring: 33.3s
  Rewards: [0.05, 0.0, 0.14, 0.27, 0.43, 0.5, 0.5, 1.0]
  Failed regions: []
  Successful interval: 66-81
  Keyframes: [11, 66, 80, 81]
  Success detected: True
  Confidence: 0.73

--- Segment 200/250 ---

============================================================
Segment: VideoUnmask_ep79_f229-319
  Subtask: pick up the container that hides the red cube
  Frames: 229 - 319
============================================================
  Loaded 91 frames
  Prefix scoring: 33.4s
  Rewards: [0.0, 0.07, 0.13, 0.27, 0.29, 0.44, 1.0, 0.84]
  Failed regions: []
  Successful interval: 5-78
  Keyframes: [4, 5, 78, 79, 90]
  Success detected: True
  Confidence: 0.92

--- Segment 201/250 ---

============================================================
Segment: VideoUnmask_ep80_f66-175
  Subtask: pick up the container that hides the red cube
  Frames: 66 - 175
============================================================
  Loaded 110 frames
  Prefix scoring: 33.5s
  Rewards: [0.05, 0.05, 0.0, 0.16, 0.19, 0.05, 0.0, 1.0]
  Failed regions: []
  Successful interval: 90-109
  Keyframes: [0, 90, 106, 109]
  Success detected: True
  Confidence: 0.96

--- Segment 202/250 ---

============================================================
Segment: VideoUnmask_ep80_f66-183
  Subtask: pick up the container that hides the red cube
  Frames: 66 - 183
============================================================
  Loaded 118 frames
  Prefix scoring: 33.4s
  Rewards: [0.03, 0.03, 0.0, 0.07, 0.28, 0.03, 0.03, 1.0]
  Failed regions: [[71, 101], [71, 117]]
  Successful interval: 96-117
  Keyframes: [0, 96, 106, 117]
  Success detected: True
  Confidence: 0.95

--- Segment 203/250 ---

============================================================
Segment: VideoUnmask_ep81_f66-160
  Subtask: pick up the container that hides the green cube
  Frames: 66 - 160
============================================================
  Loaded 95 frames
  Prefix scoring: 33.4s
  Rewards: [0.0, 0.0, 0.02, 0.17, 0.21, 0.05, 0.02, 1.0]
  Failed regions: []
  Successful interval: 77-94
  Keyframes: [0, 77, 93, 94]
  Success detected: True
  Confidence: 0.95

--- Segment 204/250 ---

============================================================
Segment: VideoUnmask_ep81_f66-167
  Subtask: pick up the container that hides the green cube
  Frames: 66 - 167
============================================================
  Loaded 102 frames
  Prefix scoring: 33.5s
  Rewards: [0.0, 0.05, 0.16, 0.16, 0.03, 0.03, 0.92, 1.0]
  Failed regions: []
  Successful interval: 70-101
  Keyframes: [0, 70, 93, 101]
  Success detected: True
  Confidence: 0.93

--- Segment 205/250 ---

============================================================
Segment: VideoUnmask_ep82_f66-164
  Subtask: pick up the container that hides the red cube
  Frames: 66 - 164
============================================================
  Loaded 99 frames
  Prefix scoring: 33.5s
  Rewards: [0.29, 0.29, 0.5, 0.64, 0.36, 0.18, 0.0, 1.0]
  Failed regions: [[47, 98]]
  Successful interval: 81-98
  Keyframes: [0, 81, 97, 98]
  Success detected: True
  Confidence: 0.92

--- Segment 206/250 ---

============================================================
Segment: VideoUnmask_ep82_f66-174
  Subtask: pick up the container that hides the red cube
  Frames: 66 - 174
============================================================
  Loaded 109 frames
  Prefix scoring: 33.4s
  Rewards: [0.03, 0.03, 0.19, 0.03, 0.0, 0.03, 0.06, 1.0]
  Failed regions: []
  Successful interval: 61-108
  Keyframes: [0, 61, 97, 108]
  Success detected: True
  Confidence: 0.97

--- Segment 207/250 ---

============================================================
Segment: VideoUnmask_ep83_f66-175
  Subtask: pick up the container that hides the red cube
  Frames: 66 - 175
============================================================
  Loaded 110 frames
  Prefix scoring: 33.6s
  Rewards: [0.02, 0.02, 0.0, 0.28, 0.35, 0.26, 1.0, 0.91]
  Failed regions: [[67, 95]]
  Successful interval: 76-95
  Keyframes: [0, 76, 95, 96, 109]
  Success detected: True
  Confidence: 0.83

--- Segment 208/250 ---

============================================================
Segment: VideoUnmask_ep83_f176-225
  Subtask: put down the container
  Frames: 176 - 225
============================================================
  Loaded 50 frames
  Prefix scoring: 33.3s
  Rewards: [0.63, 0.63, 0.32, 0.0, 0.16, 0.0, 1.0, 0.84]
  Failed regions: [[11, 30]]
  Successful interval: 34-42
  Keyframes: [0, 34, 41, 42, 49]
  Success detected: True
  Confidence: 0.91

--- Segment 209/250 ---

============================================================
Segment: VideoUnmask_ep83_f226-329
  Subtask: pick up the container that hides the green cube
  Frames: 226 - 329
============================================================
  Loaded 104 frames
  Prefix scoring: 33.5s
  Rewards: [0.12, 0.18, 0.18, 0.35, 0.0, 0.2, 0.0, 1.0]
  Failed regions: [[49, 76]]
  Successful interval: 84-103
  Keyframes: [1, 84, 103]
  Success detected: True
  Confidence: 0.95

--- Segment 210/250 ---

============================================================
Segment: VideoUnmask_ep83_f226-338
  Subtask: pick up the container that hides the green cube
  Frames: 226 - 338
============================================================
  Loaded 113 frames
  Prefix scoring: 33.5s
  Rewards: [0.1, 0.23, 0.25, 0.23, 0.04, 0.04, 0.0, 1.0]
  Failed regions: [[39, 83]]
  Successful interval: 92-112
  Keyframes: [1, 92, 103, 112]
  Success detected: True
  Confidence: 0.95

--- Segment 211/250 ---

============================================================
Segment: VideoUnmask_ep84_f66-160
  Subtask: pick up the container that hides the red cube
  Frames: 66 - 160
============================================================
  Loaded 95 frames
  Prefix scoring: 33.4s
  Rewards: [0.0, 0.0, 0.03, 0.44, 0.5, 0.19, 0.12, 1.0]
  Failed regions: [[57, 94]]
  Successful interval: 77-94
  Keyframes: [0, 77, 94]
  Success detected: True
  Confidence: 0.89

--- Segment 212/250 ---

============================================================
Segment: VideoUnmask_ep84_f66-167
  Subtask: pick up the container that hides the red cube
  Frames: 66 - 167
============================================================
  Loaded 102 frames
  Prefix scoring: 33.5s
  Rewards: [0.0, 0.06, 0.35, 0.47, 0.21, 0.15, 0.26, 1.0]
  Failed regions: [[49, 88]]
  Successful interval: 70-101
  Keyframes: [0, 70, 93, 101]
  Success detected: True
  Confidence: 0.88

--- Segment 213/250 ---

============================================================
Segment: VideoUnmask_ep85_f66-165
  Subtask: pick up the container that hides the green cube
  Frames: 66 - 165
============================================================
  Loaded 100 frames
  Prefix scoring: 33.4s
  Rewards: [0.02, 0.0, 0.44, 0.39, 0.34, 0.24, 0.37, 1.0]
  Failed regions: [[35, 86]]
  Successful interval: 68-99
  Keyframes: [0, 68, 99]
  Success detected: True
  Confidence: 0.83

--- Segment 214/250 ---

============================================================
Segment: VideoUnmask_ep85_f66-176
  Subtask: pick up the container that hides the green cube
  Frames: 66 - 176
============================================================
  Loaded 111 frames
  Prefix scoring: 33.6s
  Rewards: [0.02, 0.0, 0.35, 0.35, 0.09, 0.23, 0.58, 1.0]
  Failed regions: [[53, 81]]
  Successful interval: 62-110
  Keyframes: [0, 62, 99, 110]
  Success detected: True
  Confidence: 0.90

--- Segment 215/250 ---

============================================================
Segment: VideoUnmask_ep86_f66-175
  Subtask: pick up the container that hides the green cube
  Frames: 66 - 175
============================================================
  Loaded 110 frames
  Prefix scoring: 33.5s
  Rewards: [0.05, 0.02, 0.0, 0.21, 0.09, 0.21, 0.19, 1.0]
  Failed regions: []
  Successful interval: 90-109
  Keyframes: [0, 90, 105, 109]
  Success detected: True
  Confidence: 0.88

--- Segment 216/250 ---

============================================================
Segment: VideoUnmask_ep86_f66-187
  Subtask: pick up the container that hides the green cube
  Frames: 66 - 187
============================================================
  Loaded 122 frames
  Prefix scoring: 33.4s
  Rewards: [0.02, 0.0, 0.0, 0.12, 0.18, 0.12, 1.0, 0.65]
  Failed regions: []
  Successful interval: 83-105
  Keyframes: [0, 83, 105, 106, 121]
  Success detected: True
  Confidence: 0.90

--- Segment 217/250 ---

============================================================
Segment: VideoUnmask_ep87_f66-169
  Subtask: pick up the container that hides the red cube
  Frames: 66 - 169
============================================================
  Loaded 104 frames
  Prefix scoring: 33.4s
  Rewards: [0.02, 0.02, 0.22, 0.37, 0.0, 0.2, 0.27, 1.0]
  Failed regions: [[49, 76]]
  Successful interval: 58-103
  Keyframes: [0, 58, 93, 103]
  Success detected: True
  Confidence: 0.95

--- Segment 218/250 ---

============================================================
Segment: VideoUnmask_ep87_f170-221
  Subtask: put down the container
  Frames: 170 - 221
============================================================
  Loaded 52 frames
  Prefix scoring: 33.2s
  Rewards: [0.06, 0.24, 0.0, 0.59, 0.71, 0.35, 1.0, 0.82]
  Failed regions: [[31, 44]]
  Successful interval: 35-44
  Keyframes: [0, 35, 40, 44, 51]
  Success detected: True
  Confidence: 0.76

--- Segment 219/250 ---

============================================================
Segment: VideoUnmask_ep87_f222-321
  Subtask: pick up the container that hides the green cube
  Frames: 222 - 321
============================================================
  Loaded 100 frames
  Prefix scoring: 33.4s
  Rewards: [0.1, 0.17, 0.1, 0.29, 0.19, 0.02, 0.0, 1.0]
  Failed regions: [[48, 99]]
  Successful interval: 81-99
  Keyframes: [4, 81, 98, 99]
  Success detected: True
  Confidence: 0.95

--- Segment 220/250 ---

============================================================
Segment: VideoUnmask_ep87_f222-329
  Subtask: pick up the container that hides the green cube
  Frames: 222 - 329
============================================================
  Loaded 108 frames
  Prefix scoring: 33.5s
  Rewards: [0.14, 0.19, 0.14, 0.33, 0.14, 0.02, 0.0, 1.0]
  Failed regions: [[51, 107]]
  Successful interval: 88-107
  Keyframes: [5, 88, 98, 107]
  Success detected: True
  Confidence: 0.95

--- Segment 221/250 ---

============================================================
Segment: VideoUnmask_ep88_f66-158
  Subtask: pick up the container that hides the blue cube
  Frames: 66 - 158
============================================================
  Loaded 93 frames
  Prefix scoring: 33.5s
  Rewards: [0.0, 0.0, 0.28, 0.38, 0.41, 0.45, 0.24, 1.0]
  Failed regions: [[68, 92]]
  Successful interval: 76-92
  Keyframes: [0, 76, 92]
  Success detected: True
  Confidence: 0.83

--- Segment 222/250 ---

============================================================
Segment: VideoUnmask_ep88_f66-167
  Subtask: pick up the container that hides the blue cube
  Frames: 66 - 167
============================================================
  Loaded 102 frames
  Prefix scoring: 33.5s
  Rewards: [0.0, 0.03, 0.31, 0.31, 0.25, 0.22, 1.0, 0.88]
  Failed regions: [[49, 88]]
  Successful interval: 70-88
  Keyframes: [0, 70, 88, 89, 101]
  Success detected: True
  Confidence: 0.84

--- Segment 223/250 ---

============================================================
Segment: VideoUnmask_ep89_f66-176
  Subtask: pick up the container that hides the red cube
  Frames: 66 - 176
============================================================
  Loaded 111 frames
  Prefix scoring: 33.4s
  Rewards: [0.0, 0.07, 0.11, 0.23, 0.32, 0.57, 0.48, 1.0]
  Failed regions: [[81, 110]]
  Successful interval: 90-110
  Keyframes: [0, 90, 106, 110]
  Success detected: True
  Confidence: 0.74

--- Segment 224/250 ---

============================================================
Segment: VideoUnmask_ep89_f66-189
  Subtask: pick up the container that hides the red cube
  Frames: 66 - 189
============================================================
  Loaded 124 frames
  Prefix scoring: 33.5s
  Rewards: [0.0, 0.06, 0.1, 0.2, 0.43, 0.49, 1.0, 0.84]
  Failed regions: []
  Successful interval: 6-107
  Keyframes: [0, 6, 106, 107, 123]
  Success detected: True
  Confidence: 0.92

--- Segment 225/250 ---

============================================================
Segment: VideoUnmask_ep90_f66-164
  Subtask: pick up the container that hides the green cube
  Frames: 66 - 164
============================================================
  Loaded 99 frames
  Prefix scoring: 33.6s
  Rewards: [0.0, 0.0, 0.19, 0.3, 0.22, 0.11, 0.27, 1.0]
  Failed regions: [[47, 85]]
  Successful interval: 68-98
  Keyframes: [0, 68, 98]
  Success detected: True
  Confidence: 0.90

--- Segment 226/250 ---

============================================================
Segment: VideoUnmask_ep90_f66-175
  Subtask: pick up the container that hides the green cube
  Frames: 66 - 175
============================================================
  Loaded 110 frames
  Prefix scoring: 33.6s
  Rewards: [0.0, 0.0, 0.27, 0.27, 0.1, 0.17, 1.0, 0.9]
  Failed regions: [[53, 81]]
  Successful interval: 62-95
  Keyframes: [0, 62, 64, 95, 109]
  Success detected: True
  Confidence: 0.89

--- Segment 227/250 ---

============================================================
Segment: VideoUnmask_ep91_f66-174
  Subtask: pick up the container that hides the green cube
  Frames: 66 - 174
============================================================
  Loaded 109 frames
  Prefix scoring: 33.4s
  Rewards: [0.0, 0.02, 0.11, 0.31, 0.31, 0.24, 1.0, 0.82]
  Failed regions: []
  Successful interval: 75-94
  Keyframes: [0, 75, 94, 95, 108]
  Success detected: True
  Confidence: 0.83

--- Segment 228/250 ---

============================================================
Segment: VideoUnmask_ep91_f175-226
  Subtask: put down the container
  Frames: 175 - 226
============================================================
  Loaded 52 frames
  Prefix scoring: 33.2s
  Rewards: [0.2, 0.27, 0.33, 0.2, 1.0, 0.0, 0.8, 0.87]
  Failed regions: [[18, 31], [31, 44]]
  Successful interval: 35-51
  Keyframes: [0, 35, 44, 51]
  Success detected: True
  Confidence: 0.78

--- Segment 229/250 ---

============================================================
Segment: VideoUnmask_ep91_f227-323
  Subtask: pick up the container that hides the blue cube
  Frames: 227 - 323
============================================================
  Loaded 97 frames
  Prefix scoring: 33.4s
  Rewards: [0.0, 0.12, 0.26, 0.48, 0.36, 0.36, 0.29, 1.0]
  Failed regions: [[46, 71]]
  Successful interval: 79-96
  Keyframes: [0, 79, 96]
  Success detected: True
  Confidence: 0.81

--- Segment 230/250 ---

============================================================
Segment: VideoUnmask_ep91_f227-334
  Subtask: pick up the container that hides the blue cube
  Frames: 227 - 334
============================================================
  Loaded 108 frames
  Prefix scoring: 33.8s
  Rewards: [0.0, 0.15, 0.21, 0.41, 0.46, 0.28, 1.0, 0.9]
  Failed regions: [[65, 93]]
  Successful interval: 74-93
  Keyframes: [0, 74, 93, 94, 107]
  Success detected: True
  Confidence: 0.80

--- Segment 231/250 ---

============================================================
Segment: VideoUnmask_ep92_f66-172
  Subtask: pick up the container that hides the green cube
  Frames: 66 - 172
============================================================
  Loaded 107 frames
  Prefix scoring: 33.5s
  Rewards: [0.03, 0.07, 0.0, 0.31, 0.0, 0.07, 0.1, 1.0]
  Failed regions: [[51, 78]]
  Successful interval: 59-106
  Keyframes: [0, 59, 102, 106]
  Success detected: True
  Confidence: 0.96

--- Segment 232/250 ---

============================================================
Segment: VideoUnmask_ep92_f66-184
  Subtask: pick up the container that hides the green cube
  Frames: 66 - 184
============================================================
  Loaded 119 frames
  Prefix scoring: 33.6s
  Rewards: [0.0, 0.02, 0.14, 0.21, 0.21, 0.1, 1.0, 0.76]
  Failed regions: []
  Successful interval: 82-102
  Keyframes: [0, 82, 102, 103, 118]
  Success detected: True
  Confidence: 0.90

--- Segment 233/250 ---

============================================================
Segment: VideoUnmask_ep93_f66-172
  Subtask: pick up the container that hides the red cube
  Frames: 66 - 172
============================================================
  Loaded 107 frames
  Prefix scoring: 33.4s
  Rewards: [0.0, 0.0, 0.0, 0.22, 0.27, 0.24, 0.17, 1.0]
  Failed regions: [[64, 106]]
  Successful interval: 87-106
  Keyframes: [0, 87, 103, 106]
  Success detected: True
  Confidence: 0.88

--- Segment 234/250 ---

============================================================
Segment: VideoUnmask_ep93_f66-185
  Subtask: pick up the container that hides the red cube
  Frames: 66 - 185
============================================================
  Loaded 120 frames
  Prefix scoring: 33.7s
  Rewards: [0.0, 0.0, 0.02, 0.13, 0.2, 0.31, 1.0, 0.76]
  Failed regions: []
  Successful interval: 21-103
  Keyframes: [0, 21, 103, 104, 119]
  Success detected: True
  Confidence: 0.94

--- Segment 235/250 ---

============================================================
Segment: VideoUnmask_ep94_f66-168
  Subtask: pick up the container that hides the green cube
  Frames: 66 - 168
============================================================
  Loaded 103 frames
  Prefix scoring: 33.5s
  Rewards: [0.02, 0.0, 0.07, 0.19, 0.07, 0.05, 0.14, 1.0]
  Failed regions: []
  Successful interval: 70-102
  Keyframes: [0, 70, 100, 102]
  Success detected: True
  Confidence: 0.94

--- Segment 236/250 ---

============================================================
Segment: VideoUnmask_ep94_f66-176
  Subtask: pick up the container that hides the green cube
  Frames: 66 - 176
============================================================
  Loaded 111 frames
  Prefix scoring: 33.6s
  Rewards: [0.05, 0.02, 0.14, 0.2, 0.05, 0.11, 0.0, 1.0]
  Failed regions: []
  Successful interval: 90-110
  Keyframes: [0, 90, 99, 110]
  Success detected: True
  Confidence: 0.96

--- Segment 237/250 ---

============================================================
Segment: VideoUnmask_ep95_f66-169
  Subtask: pick up the container that hides the red cube
  Frames: 66 - 169
============================================================
  Loaded 104 frames
  Prefix scoring: 33.5s
  Rewards: [0.03, 0.0, 0.33, 0.56, 0.44, 0.26, 0.36, 1.0]
  Failed regions: [[49, 89]]
  Successful interval: 71-103
  Keyframes: [0, 71, 94, 103]
  Success detected: True
  Confidence: 0.82

--- Segment 238/250 ---

============================================================
Segment: VideoUnmask_ep95_f170-216
  Subtask: put down the container
  Frames: 170 - 216
============================================================
  Loaded 47 frames
  Prefix scoring: 33.4s
  Rewards: [0.61, 0.42, 0.0, 0.42, 0.61, 0.75, 0.58, 1.0]
  Failed regions: [[4, 34], [34, 46]]
  Successful interval: 38-46
  Keyframes: [1, 38, 39, 46]
  Success detected: True
  Confidence: 0.66

--- Segment 239/250 ---

============================================================
Segment: VideoUnmask_ep95_f217-314
  Subtask: pick up the container that hides the green cube
  Frames: 217 - 314
============================================================
  Loaded 98 frames
  Prefix scoring: 33.6s
  Rewards: [0.0, 0.16, 0.2, 0.2, 0.06, 0.14, 0.34, 1.0]
  Failed regions: []
  Successful interval: 55-97
  Keyframes: [3, 55, 94, 97]
  Success detected: True
  Confidence: 0.92

--- Segment 240/250 ---

============================================================
Segment: VideoUnmask_ep95_f217-323
  Subtask: pick up the container that hides the green cube
  Frames: 217 - 323
============================================================
  Loaded 107 frames
  Prefix scoring: 33.4s
  Rewards: [0.0, 0.18, 0.02, 0.14, 0.16, 0.27, 1.0, 0.86]
  Failed regions: []
  Successful interval: 32-92
  Keyframes: [1, 32, 92, 93, 106]
  Success detected: True
  Confidence: 0.93

--- Segment 241/250 ---

============================================================
Segment: VideoUnmask_ep96_f66-166
  Subtask: pick up the container that hides the blue cube
  Frames: 66 - 166
============================================================
  Loaded 101 frames
  Prefix scoring: 33.4s
  Rewards: [0.0, 0.02, 0.02, 0.24, 0.27, 0.29, 0.24, 1.0]
  Failed regions: []
  Successful interval: 82-100
  Keyframes: [0, 82, 98, 100]
  Success detected: True
  Confidence: 0.85

--- Segment 242/250 ---

============================================================
Segment: VideoUnmask_ep96_f66-176
  Subtask: pick up the container that hides the blue cube
  Frames: 66 - 176
============================================================
  Loaded 111 frames
  Prefix scoring: 33.5s
  Rewards: [0.0, 0.02, 0.0, 0.26, 0.31, 0.02, 0.9, 1.0]
  Failed regions: [[67, 95]]
  Successful interval: 76-110
  Keyframes: [0, 76, 98, 110]
  Success detected: True
  Confidence: 0.93

--- Segment 243/250 ---

============================================================
Segment: VideoUnmask_ep97_f66-162
  Subtask: pick up the container that hides the green cube
  Frames: 66 - 162
============================================================
  Loaded 97 frames
  Prefix scoring: 33.5s
  Rewards: [0.0, 0.0, 0.23, 0.25, 0.2, 0.2, 0.34, 1.0]
  Failed regions: []
  Successful interval: 67-96
  Keyframes: [0, 67, 96]
  Success detected: True
  Confidence: 0.86

--- Segment 244/250 ---

============================================================
Segment: VideoUnmask_ep97_f66-173
  Subtask: pick up the container that hides the green cube
  Frames: 66 - 173
============================================================
  Loaded 108 frames
  Prefix scoring: 33.5s
  Rewards: [0.0, 0.03, 0.3, 0.23, 0.17, 0.17, 1.0, 0.95]
  Failed regions: [[37, 79], [37, 93]]
  Successful interval: 74-93
  Keyframes: [0, 74, 93, 94, 107]
  Success detected: True
  Confidence: 0.86

--- Segment 245/250 ---

============================================================
Segment: VideoUnmask_ep98_f66-158
  Subtask: pick up the container that hides the blue cube
  Frames: 66 - 158
============================================================
  Loaded 93 frames
  Prefix scoring: 33.4s
  Rewards: [0.0, 0.0, 0.25, 0.43, 0.21, 0.07, 0.14, 1.0]
  Failed regions: [[44, 80]]
  Successful interval: 64-92
  Keyframes: [0, 64, 91, 92]
  Success detected: True
  Confidence: 0.92

--- Segment 246/250 ---

============================================================
Segment: VideoUnmask_ep98_f66-168
  Subtask: pick up the container that hides the blue cube
  Frames: 66 - 168
============================================================
  Loaded 103 frames
  Prefix scoring: 33.5s
  Rewards: [0.0, 0.05, 0.26, 0.4, 0.05, 0.17, 1.0, 0.69]
  Failed regions: [[49, 75]]
  Successful interval: 57-88
  Keyframes: [0, 57, 60, 88, 102]
  Success detected: True
  Confidence: 0.92

--- Segment 247/250 ---

============================================================
Segment: VideoUnmask_ep99_f66-164
  Subtask: pick up the container that hides the green cube
  Frames: 66 - 164
============================================================
  Loaded 99 frames
  Prefix scoring: 33.5s
  Rewards: [0.15, 0.15, 0.22, 0.37, 0.29, 0.05, 0.0, 1.0]
  Failed regions: [[47, 98]]
  Successful interval: 81-98
  Keyframes: [0, 81, 90, 98]
  Success detected: True
  Confidence: 0.94

--- Segment 248/250 ---

============================================================
Segment: VideoUnmask_ep99_f165-212
  Subtask: put down the container
  Frames: 165 - 212
============================================================
  Loaded 48 frames
  Prefix scoring: 33.2s
  Rewards: [0.42, 0.58, 0.0, 0.5, 0.33, 0.75, 0.42, 1.0]
  Failed regions: [[10, 22], [22, 34], [34, 47]]
  Successful interval: 38-47
  Keyframes: [0, 38, 39, 47]
  Success detected: True
  Confidence: 0.73

--- Segment 249/250 ---

============================================================
Segment: VideoUnmask_ep99_f213-300
  Subtask: pick up the container that hides the red cube
  Frames: 213 - 300
============================================================
  Loaded 88 frames
  Prefix scoring: 33.4s
  Rewards: [0.0, 0.05, 0.24, 0.11, 0.24, 0.34, 0.13, 1.0]
  Failed regions: [[64, 87]]
  Successful interval: 71-87
  Keyframes: [0, 71, 84, 87]
  Success detected: True
  Confidence: 0.89

--- Segment 250/250 ---

============================================================
Segment: VideoUnmask_ep99_f213-308
  Subtask: pick up the container that hides the red cube
  Frames: 213 - 308
============================================================
  Loaded 96 frames
  Prefix scoring: 33.4s
  Rewards: [0.0, 0.05, 0.15, 0.11, 0.22, 0.16, 1.0, 0.71]
  Failed regions: []
  Successful interval: 66-82
  Keyframes: [1, 66, 82, 83, 95]
  Success detected: True
  Confidence: 0.87

============================================================
Step 4: Summary
============================================================
  Processed: 250 segments
  Skipped: 0 segments
  Environments: {'VideoUnmask': 250}
  Mean confidence: 0.883
  Success detected: 250/250
  Total failed regions detected: 190

All outputs saved to: data/topreward_full
Done.
