===== TOPReward Labeling =====
SLURM_JOB_ID:       3035679
SLURM_ARRAY_TASK_ID: 8
TASK:                RouteStick
HOSTNAME:            megazord.cc.gatech.edu
GPU:                 NVIDIA A40
STARTED:             Thu Apr 30 02:01:37 PM EDT 2026
==============================
============================================================
Step 1: Sampling episodes
============================================================
  Task: RouteStick, sampling 100 episodes
  H5: data/robomme_data_h5/record_dataset_RouteStick.h5
  Sampled episodes: [0, 1, 2, 3, 4, 5, 6, 7, 8, 9, 10, 11, 12, 13, 14, 15, 16, 17, 18, 19, 20, 21, 22, 23, 24, 25, 26, 27, 28, 29, 30, 31, 32, 33, 34, 35, 36, 37, 38, 39, 40, 41, 42, 43, 44, 45, 46, 47, 48, 49, 50, 51, 52, 53, 54, 55, 56, 57, 58, 59, 60, 61, 62, 63, 64, 65, 66, 67, 68, 69, 70, 71, 72, 73, 74, 75, 76, 77, 78, 79, 80, 81, 82, 83, 84, 85, 86, 87, 88, 89, 90, 91, 92, 93, 94, 95, 96, 97, 98, 99]
  Found 389 subtask segments

============================================================
Step 2: Loading Qwen VL model
============================================================
  Model: Qwen/Qwen3-VL-8B-Instruct
  Device: cuda, dtype: auto

============================================================
Step 3: Processing 389 segments
============================================================

--- Segment 1/389 ---

============================================================
Segment: RouteStick_ep0_f100-192
  Subtask: move to the nearest right target by circling around the stick clockwise
  Frames: 100 - 192
============================================================
  Loaded 93 frames
  Prefix scoring: 55.7s
  Rewards: [0.79, 0.64, 1.0, 0.36, 0.86, 0.71, 0.0, 0.43]
  Failed regions: [[9, 32], [32, 56]]
  Successful interval: 40-56
  Keyframes: [1, 40, 44, 56, 92]
  Success detected: True
  Confidence: 0.59

--- Segment 2/389 ---

============================================================
Segment: RouteStick_ep0_f100-199
  Subtask: move to the nearest right target by circling around the stick clockwise
  Frames: 100 - 199
============================================================
  Loaded 100 frames
  Prefix scoring: 55.0s
  Rewards: [0.87, 1.0, 0.67, 0.6, 0.73, 0.0, 0.6, 0.93]
  Failed regions: [[22, 60], [60, 86]]
  Successful interval: 68-99
  Keyframes: [20, 68, 94, 99]
  Success detected: True
  Confidence: 0.80

--- Segment 3/389 ---

============================================================
Segment: RouteStick_ep1_f100-192
  Subtask: move to the nearest right target by circling around the stick counterclockwise
  Frames: 100 - 192
============================================================
  Loaded 93 frames
  Prefix scoring: 55.0s
  Rewards: [0.25, 0.42, 0.42, 0.58, 1.0, 0.08, 0.0, 0.08]
  Failed regions: []
  Successful interval: 28-56
  Keyframes: [0, 28, 44, 56, 79]
  Success detected: True
  Confidence: 0.76

--- Segment 4/389 ---

============================================================
Segment: RouteStick_ep1_f100-199
  Subtask: move to the nearest right target by circling around the stick counterclockwise
  Frames: 100 - 199
============================================================
  Loaded 100 frames
  Prefix scoring: 55.1s
  Rewards: [0.47, 0.47, 0.8, 1.0, 0.87, 0.27, 0.2, 0.0]
  Failed regions: []
  Successful interval: 17-48
  Keyframes: [15, 17, 44, 48, 75]
  Success detected: True
  Confidence: 0.71

--- Segment 5/389 ---

============================================================
Segment: RouteStick_ep2_f250-299
  Subtask: move to the nearest right target by circling around the stick clockwise
  Frames: 250 - 299
============================================================
  Loaded 50 frames
  Prefix scoring: 54.6s
  Rewards: [0.0, 0.75, 0.92, 0.92, 0.5, 0.75, 0.5, 1.0]
  Failed regions: [[23, 36], [36, 49]]
  Successful interval: 40-49
  Keyframes: [9, 40, 44, 49]
  Success detected: True
  Confidence: 0.67

--- Segment 6/389 ---

============================================================
Segment: RouteStick_ep2_f300-449
  Subtask: move to the nearest right target by circling around the stick counterclockwise
  Frames: 300 - 449
============================================================
  Loaded 150 frames
  Prefix scoring: 56.7s
  Rewards: [1.0, 1.0, 0.73, 0.0, 0.4, 0.67, 0.73, 0.93]
  Failed regions: [[34, 91]]
  Successful interval: 65-149
  Keyframes: [0, 65, 144, 149]
  Success detected: True
  Confidence: 0.80

--- Segment 7/389 ---

============================================================
Segment: RouteStick_ep2_f450-492
  Subtask: move to the nearest left target by circling around the stick clockwise
  Frames: 450 - 492
============================================================
  Loaded 43 frames
  Prefix scoring: 55.1s
  Rewards: [0.0, 0.8, 0.7, 1.0, 0.8, 0.8, 0.4, 0.9]
  Failed regions: [[9, 20], [20, 31], [31, 42]]
  Successful interval: 34-42
  Keyframes: [0, 34, 42]
  Success detected: True
  Confidence: 0.60

--- Segment 8/389 ---

============================================================
Segment: RouteStick_ep2_f450-499
  Subtask: move to the nearest left target by circling around the stick clockwise
  Frames: 450 - 499
============================================================
  Loaded 50 frames
  Prefix scoring: 54.9s
  Rewards: [0.0, 0.82, 0.71, 0.76, 0.47, 0.35, 0.65, 1.0]
  Failed regions: [[11, 23], [23, 42]]
  Successful interval: 34-49
  Keyframes: [0, 34, 44, 49]
  Success detected: True
  Confidence: 0.74

--- Segment 9/389 ---

============================================================
Segment: RouteStick_ep3_f250-299
  Subtask: move to the nearest left target by circling around the stick counterclockwise
  Frames: 250 - 299
============================================================
  Loaded 50 frames
  Prefix scoring: 54.6s
  Rewards: [0.0, 0.59, 0.94, 0.47, 0.24, 0.29, 1.0, 0.88]
  Failed regions: [[17, 36]]
  Successful interval: 28-42
  Keyframes: [0, 28, 42, 43, 49]
  Success detected: True
  Confidence: 0.80

--- Segment 10/389 ---

============================================================
Segment: RouteStick_ep3_f300-349
  Subtask: move to the nearest left target by circling around the stick clockwise
  Frames: 300 - 349
============================================================
  Loaded 50 frames
  Prefix scoring: 54.8s
  Rewards: [0.0, 0.67, 0.5, 1.0, 1.0, 0.5, 1.0, 1.0]
  Failed regions: [[11, 23], [30, 42]]
  Successful interval: 34-42
  Keyframes: [0, 34, 42, 43, 49]
  Success detected: True
  Confidence: 0.66

--- Segment 11/389 ---

============================================================
Segment: RouteStick_ep3_f350-399
  Subtask: move to the nearest right target by circling around the stick clockwise
  Frames: 350 - 399
============================================================
  Loaded 50 frames
  Prefix scoring: 54.7s
  Rewards: [0.0, 0.73, 0.73, 1.0, 0.87, 0.8, 0.93, 0.87]
  Failed regions: [[23, 42]]
  Successful interval: 34-42
  Keyframes: [1, 34, 42, 43, 49]
  Success detected: True
  Confidence: 0.47

--- Segment 12/389 ---

============================================================
Segment: RouteStick_ep3_f400-449
  Subtask: move to the nearest left target by circling around the stick clockwise
  Frames: 400 - 449
============================================================
  Loaded 50 frames
  Prefix scoring: 54.7s
  Rewards: [0.86, 0.86, 0.29, 0.29, 1.0, 0.71, 0.0, 1.0]
  Failed regions: [[11, 30], [11, 30], [30, 49]]
  Successful interval: 40-49
  Keyframes: [10, 40, 44, 49]
  Success detected: True
  Confidence: 0.88

--- Segment 13/389 ---

============================================================
Segment: RouteStick_ep3_f450-492
  Subtask: move to the nearest right target by circling around the stick clockwise
  Frames: 450 - 492
============================================================
  Loaded 43 frames
  Prefix scoring: 54.6s
  Rewards: [0.0, 0.79, 0.89, 0.68, 1.0, 1.0, 1.0, 0.95]
  Failed regions: [[14, 25]]
  Successful interval: 18-25
  Keyframes: [0, 18, 19, 25, 42]
  Success detected: True
  Confidence: 0.57

--- Segment 14/389 ---

============================================================
Segment: RouteStick_ep3_f450-499
  Subtask: move to the nearest right target by circling around the stick clockwise
  Frames: 450 - 499
============================================================
  Loaded 50 frames
  Prefix scoring: 54.5s
  Rewards: [0.0, 0.61, 0.72, 1.0, 0.78, 0.89, 0.83, 1.0]
  Failed regions: [[23, 36]]
  Successful interval: 40-49
  Keyframes: [10, 40, 44, 49]
  Success detected: True
  Confidence: 0.52

--- Segment 15/389 ---

============================================================
Segment: RouteStick_ep4_f150-199
  Subtask: move to the nearest left target by circling around the stick clockwise
  Frames: 150 - 199
============================================================
  Loaded 50 frames
  Prefix scoring: 54.7s
  Rewards: [0.54, 0.77, 1.0, 0.85, 0.54, 0.0, 0.38, 0.31]
  Failed regions: []
  Successful interval: 3-17
  Keyframes: [0, 3, 5, 17, 49]
  Success detected: True
  Confidence: 0.68

--- Segment 16/389 ---

============================================================
Segment: RouteStick_ep4_f200-249
  Subtask: move to the nearest right target by circling around the stick counterclockwise
  Frames: 200 - 249
============================================================
  Loaded 50 frames
  Prefix scoring: 54.5s
  Rewards: [0.0, 1.0, 0.7, 0.7, 0.2, 0.6, 0.5, 1.0]
  Failed regions: [[11, 23], [23, 36], [36, 49]]
  Successful interval: 40-49
  Keyframes: [0, 40, 44, 49]
  Success detected: True
  Confidence: 0.68

--- Segment 17/389 ---

============================================================
Segment: RouteStick_ep4_f250-292
  Subtask: move to the nearest right target by circling around the stick clockwise
  Frames: 250 - 292
============================================================
  Loaded 43 frames
  Prefix scoring: 54.8s
  Rewards: [0.0, 1.0, 0.71, 0.86, 0.29, 0.86, 0.71, 0.29]
  Failed regions: [[9, 20], [20, 31]]
  Successful interval: 23-31
  Keyframes: [1, 23, 31, 32, 42]
  Success detected: True
  Confidence: 0.62

--- Segment 18/389 ---

============================================================
Segment: RouteStick_ep4_f250-299
  Subtask: move to the nearest right target by circling around the stick clockwise
  Frames: 250 - 299
============================================================
  Loaded 50 frames
  Prefix scoring: 54.8s
  Rewards: [0.0, 0.33, 0.42, 0.5, 0.5, 0.5, 0.25, 1.0]
  Failed regions: [[36, 49]]
  Successful interval: 40-49
  Keyframes: [10, 40, 44, 49]
  Success detected: True
  Confidence: 0.81

--- Segment 19/389 ---

============================================================
Segment: RouteStick_ep5_f150-199
  Subtask: move to the nearest right target by circling around the stick counterclockwise
  Frames: 150 - 199
============================================================
  Loaded 50 frames
  Prefix scoring: 54.8s
  Rewards: [0.0, 0.41, 0.45, 1.0, 0.73, 0.55, 0.41, 0.82]
  Failed regions: [[23, 49]]
  Successful interval: 40-49
  Keyframes: [1, 40, 44, 49]
  Success detected: True
  Confidence: 0.55

--- Segment 20/389 ---

============================================================
Segment: RouteStick_ep5_f200-292
  Subtask: move to the nearest left target by circling around the stick clockwise
  Frames: 200 - 292
============================================================
  Loaded 93 frames
  Prefix scoring: 55.2s
  Rewards: [0.2, 0.0, 0.13, 0.67, 0.93, 0.73, 1.0, 0.33]
  Failed regions: [[56, 80]]
  Successful interval: 64-80
  Keyframes: [2, 64, 65, 80, 92]
  Success detected: True
  Confidence: 0.61

--- Segment 21/389 ---

============================================================
Segment: RouteStick_ep5_f200-299
  Subtask: move to the nearest left target by circling around the stick clockwise
  Frames: 200 - 299
============================================================
  Loaded 100 frames
  Prefix scoring: 55.7s
  Rewards: [0.0, 0.0, 0.0, 0.67, 1.0, 0.33, 0.42, 0.17]
  Failed regions: []
  Successful interval: 30-60
  Keyframes: [0, 30, 44, 60, 97]
  Success detected: True
  Confidence: 0.94

--- Segment 22/389 ---

============================================================
Segment: RouteStick_ep6_f200-249
  Subtask: move to the nearest left target by circling around the stick counterclockwise
  Frames: 200 - 249
============================================================
  Loaded 50 frames
  Prefix scoring: 55.4s
  Rewards: [0.0, 0.25, 0.88, 1.0, 0.75, 0.12, 0.5, 1.0]
  Failed regions: [[23, 42]]
  Successful interval: 34-49
  Keyframes: [10, 34, 44, 49]
  Success detected: True
  Confidence: 0.84

--- Segment 23/389 ---

============================================================
Segment: RouteStick_ep6_f250-299
  Subtask: move to the nearest left target by circling around the stick clockwise
  Frames: 250 - 299
============================================================
  Loaded 50 frames
  Prefix scoring: 55.1s
  Rewards: [0.73, 0.73, 0.73, 0.55, 0.36, 0.0, 0.64, 1.0]
  Failed regions: [[17, 42]]
  Successful interval: 34-49
  Keyframes: [0, 34, 44, 49]
  Success detected: True
  Confidence: 0.88

--- Segment 24/389 ---

============================================================
Segment: RouteStick_ep6_f300-349
  Subtask: move to the nearest right target by circling around the stick counterclockwise
  Frames: 300 - 349
============================================================
  Loaded 50 frames
  Prefix scoring: 54.4s
  Rewards: [0.0, 0.5, 0.12, 0.5, 0.25, 0.25, 0.25, 1.0]
  Failed regions: [[11, 23], [23, 36], [23, 42]]
  Successful interval: 40-49
  Keyframes: [9, 40, 44, 49]
  Success detected: True
  Confidence: 0.83

--- Segment 25/389 ---

============================================================
Segment: RouteStick_ep6_f350-392
  Subtask: move to the nearest right target by circling around the stick clockwise
  Frames: 350 - 392
============================================================
  Loaded 43 frames
  Prefix scoring: 54.6s
  Rewards: [0.0, 0.14, 0.14, 0.64, 0.93, 0.93, 1.0, 0.43]
  Failed regions: []
  Successful interval: 29-36
  Keyframes: [1, 29, 36, 37, 42]
  Success detected: True
  Confidence: 0.52

--- Segment 26/389 ---

============================================================
Segment: RouteStick_ep6_f350-399
  Subtask: move to the nearest right target by circling around the stick clockwise
  Frames: 350 - 399
============================================================
  Loaded 50 frames
  Prefix scoring: 54.7s
  Rewards: [0.21, 0.0, 0.36, 0.71, 0.71, 1.0, 0.43, 0.57]
  Failed regions: []
  Successful interval: 28-36
  Keyframes: [1, 28, 36, 37, 49]
  Success detected: True
  Confidence: 0.61

--- Segment 27/389 ---

============================================================
Segment: RouteStick_ep7_f250-299
  Subtask: move to the nearest left target by circling around the stick clockwise
  Frames: 250 - 299
============================================================
  Loaded 50 frames
  Prefix scoring: 54.8s
  Rewards: [0.0, 0.87, 0.53, 0.93, 0.93, 0.8, 0.6, 1.0]
  Failed regions: [[11, 23], [30, 49]]
  Successful interval: 40-49
  Keyframes: [4, 40, 44, 49]
  Success detected: True
  Confidence: 0.62

--- Segment 28/389 ---

============================================================
Segment: RouteStick_ep7_f300-349
  Subtask: move to the nearest right target by circling around the stick clockwise
  Frames: 300 - 349
============================================================
  Loaded 50 frames
  Prefix scoring: 54.6s
  Rewards: [0.0, 1.0, 0.8, 0.73, 0.73, 0.93, 0.73, 0.73]
  Failed regions: [[11, 30], [11, 36]]
  Successful interval: 28-36
  Keyframes: [4, 28, 36, 37, 49]
  Success detected: True
  Confidence: 0.50

--- Segment 29/389 ---

============================================================
Segment: RouteStick_ep7_f350-399
  Subtask: move to the nearest right target by circling around the stick counterclockwise
  Frames: 350 - 399
============================================================
  Loaded 50 frames
  Prefix scoring: 54.8s
  Rewards: [0.0, 0.22, 0.78, 0.33, 0.89, 0.56, 0.44, 1.0]
  Failed regions: [[17, 30], [30, 49]]
  Successful interval: 40-49
  Keyframes: [0, 40, 44, 49]
  Success detected: True
  Confidence: 0.72

--- Segment 30/389 ---

============================================================
Segment: RouteStick_ep7_f400-449
  Subtask: move to the nearest right target by circling around the stick clockwise
  Frames: 400 - 449
============================================================
  Loaded 50 frames
  Prefix scoring: 54.4s
  Rewards: [0.88, 0.88, 1.0, 0.25, 0.0, 0.75, 0.12, 0.25]
  Failed regions: []
  Successful interval: 9-17
  Keyframes: [0, 9, 10, 17, 49]
  Success detected: True
  Confidence: 0.55

--- Segment 31/389 ---

============================================================
Segment: RouteStick_ep7_f450-492
  Subtask: move to the nearest left target by circling around the stick clockwise
  Frames: 450 - 492
============================================================
  Loaded 43 frames
  Prefix scoring: 54.8s
  Rewards: [0.0, 0.47, 0.94, 0.71, 1.0, 0.88, 0.82, 0.82]
  Failed regions: [[14, 25]]
  Successful interval: 18-25
  Keyframes: [0, 18, 19, 25, 42]
  Success detected: True
  Confidence: 0.58

--- Segment 32/389 ---

============================================================
Segment: RouteStick_ep7_f450-499
  Subtask: move to the nearest left target by circling around the stick clockwise
  Frames: 450 - 499
============================================================
  Loaded 50 frames
  Prefix scoring: 54.9s
  Rewards: [0.0, 0.55, 0.7, 0.45, 0.75, 0.7, 0.7, 1.0]
  Failed regions: [[17, 30]]
  Successful interval: 40-49
  Keyframes: [0, 40, 44, 49]
  Success detected: True
  Confidence: 0.60

--- Segment 33/389 ---

============================================================
Segment: RouteStick_ep8_f150-199
  Subtask: move to the nearest right target by circling around the stick clockwise
  Frames: 150 - 199
============================================================
  Loaded 50 frames
  Prefix scoring: 54.7s
  Rewards: [0.0, 0.7, 0.55, 1.0, 0.8, 0.85, 0.55, 0.7]
  Failed regions: [[11, 23], [23, 36]]
  Successful interval: 28-36
  Keyframes: [0, 28, 36, 37, 49]
  Success detected: True
  Confidence: 0.40

--- Segment 34/389 ---

============================================================
Segment: RouteStick_ep8_f200-249
  Subtask: move to the nearest right target by circling around the stick counterclockwise
  Frames: 200 - 249
============================================================
  Loaded 50 frames
  Prefix scoring: 54.9s
  Rewards: [0.0, 0.62, 1.0, 0.75, 0.62, 0.75, 0.56, 0.88]
  Failed regions: [[17, 36], [36, 49]]
  Successful interval: 40-49
  Keyframes: [0, 40, 44, 49]
  Success detected: True
  Confidence: 0.52

--- Segment 35/389 ---

============================================================
Segment: RouteStick_ep8_f250-292
  Subtask: move to the nearest left target by circling around the stick counterclockwise
  Frames: 250 - 292
============================================================
  Loaded 43 frames
  Prefix scoring: 55.7s
  Rewards: [0.0, 0.69, 0.85, 0.92, 0.38, 0.69, 0.69, 1.0]
  Failed regions: [[20, 31]]
  Successful interval: 34-42
  Keyframes: [8, 34, 42]
  Success detected: True
  Confidence: 0.59

--- Segment 36/389 ---

============================================================
Segment: RouteStick_ep8_f250-299
  Subtask: move to the nearest left target by circling around the stick counterclockwise
  Frames: 250 - 299
============================================================
  Loaded 50 frames
  Prefix scoring: 54.9s
  Rewards: [0.0, 0.88, 0.62, 0.25, 0.38, 0.5, 1.0, 0.38]
  Failed regions: [[11, 30]]
  Successful interval: 21-42
  Keyframes: [9, 21, 42, 43, 49]
  Success detected: True
  Confidence: 0.80

--- Segment 37/389 ---

============================================================
Segment: RouteStick_ep9_f100-192
  Subtask: move to the nearest left target by circling around the stick counterclockwise
  Frames: 100 - 192
============================================================
  Loaded 93 frames
  Prefix scoring: 54.8s
  Rewards: [0.0, 0.28, 0.61, 0.61, 1.0, 0.22, 0.44, 0.06]
  Failed regions: []
  Successful interval: 40-56
  Keyframes: [18, 40, 44, 56, 92]
  Success detected: True
  Confidence: 0.68

--- Segment 38/389 ---

============================================================
Segment: RouteStick_ep9_f100-199
  Subtask: move to the nearest left target by circling around the stick counterclockwise
  Frames: 100 - 199
============================================================
  Loaded 100 frames
  Prefix scoring: 55.6s
  Rewards: [0.0, 0.75, 1.0, 0.5, 0.5, 0.19, 0.56, 0.44]
  Failed regions: []
  Successful interval: 5-35
  Keyframes: [0, 5, 34, 35, 97]
  Success detected: True
  Confidence: 0.90

--- Segment 39/389 ---

============================================================
Segment: RouteStick_ep10_f200-249
  Subtask: move to the nearest left target by circling around the stick counterclockwise
  Frames: 200 - 249
============================================================
  Loaded 50 frames
  Prefix scoring: 54.9s
  Rewards: [0.0, 0.82, 0.76, 1.0, 0.71, 0.76, 1.0, 0.94]
  Failed regions: [[23, 36]]
  Successful interval: 28-42
  Keyframes: [9, 28, 42, 43, 49]
  Success detected: True
  Confidence: 0.57

--- Segment 40/389 ---

============================================================
Segment: RouteStick_ep10_f250-299
  Subtask: move to the nearest left target by circling around the stick clockwise
  Frames: 250 - 299
============================================================
  Loaded 50 frames
  Prefix scoring: 54.5s
  Rewards: [0.0, 0.45, 0.36, 1.0, 0.64, 1.0, 0.73, 1.0]
  Failed regions: [[11, 23], [23, 36], [36, 49]]
  Successful interval: 40-49
  Keyframes: [0, 40, 44, 49]
  Success detected: True
  Confidence: 0.58

--- Segment 41/389 ---

============================================================
Segment: RouteStick_ep10_f300-392
  Subtask: move to the nearest left target by circling around the stick counterclockwise
  Frames: 300 - 392
============================================================
  Loaded 93 frames
  Prefix scoring: 54.9s
  Rewards: [0.73, 0.4, 0.4, 1.0, 0.67, 0.0, 0.07, 0.2]
  Failed regions: [[9, 32], [9, 44]]
  Successful interval: 28-44
  Keyframes: [18, 28, 44, 45, 75]
  Success detected: True
  Confidence: 0.75

--- Segment 42/389 ---

============================================================
Segment: RouteStick_ep10_f300-399
  Subtask: move to the nearest left target by circling around the stick counterclockwise
  Frames: 300 - 399
============================================================
  Loaded 100 frames
  Prefix scoring: 54.9s
  Rewards: [0.57, 0.19, 0.14, 1.0, 0.38, 0.1, 0.05, 0.0]
  Failed regions: [[10, 48]]
  Successful interval: 30-48
  Keyframes: [20, 30, 44, 48, 74]
  Success detected: True
  Confidence: 0.88

--- Segment 43/389 ---

============================================================
Segment: RouteStick_ep11_f200-249
  Subtask: move to the nearest right target by circling around the stick clockwise
  Frames: 200 - 249
============================================================
  Loaded 50 frames
  Prefix scoring: 54.8s
  Rewards: [0.0, 0.75, 0.92, 1.0, 1.0, 1.0, 0.75, 0.83]
  Failed regions: [[36, 49]]
  Successful interval: 40-49
  Keyframes: [0, 40, 44, 49]
  Success detected: True
  Confidence: 0.38

--- Segment 44/389 ---

============================================================
Segment: RouteStick_ep11_f250-299
  Subtask: move to the nearest left target by circling around the stick counterclockwise
  Frames: 250 - 299
============================================================
  Loaded 50 frames
  Prefix scoring: 54.8s
  Rewards: [0.0, 0.11, 0.33, 0.78, 0.89, 1.0, 0.67, 0.78]
  Failed regions: []
  Successful interval: 3-36
  Keyframes: [0, 3, 36, 37, 49]
  Success detected: True
  Confidence: 0.89

--- Segment 45/389 ---

============================================================
Segment: RouteStick_ep11_f300-349
  Subtask: move to the nearest right target by circling around the stick counterclockwise
  Frames: 300 - 349
============================================================
  Loaded 50 frames
  Prefix scoring: 55.3s
  Rewards: [0.0, 1.0, 0.43, 0.57, 0.86, 0.14, 0.14, 0.14]
  Failed regions: [[11, 23]]
  Successful interval: 15-30
  Keyframes: [0, 15, 17, 30, 49]
  Success detected: True
  Confidence: 0.60

--- Segment 46/389 ---

============================================================
Segment: RouteStick_ep11_f350-392
  Subtask: move to the nearest left target by circling around the stick counterclockwise
  Frames: 350 - 392
============================================================
  Loaded 43 frames
  Prefix scoring: 55.7s
  Rewards: [0.0, 0.31, 0.38, 0.77, 1.0, 1.0, 0.85, 0.85]
  Failed regions: []
  Successful interval: 2-25
  Keyframes: [0, 2, 8, 25, 42]
  Success detected: True
  Confidence: 0.87

--- Segment 47/389 ---

============================================================
Segment: RouteStick_ep11_f350-399
  Subtask: move to the nearest left target by circling around the stick counterclockwise
  Frames: 350 - 399
============================================================
  Loaded 50 frames
  Prefix scoring: 54.5s
  Rewards: [0.0, 0.21, 0.79, 1.0, 0.57, 0.71, 0.71, 0.71]
  Failed regions: []
  Successful interval: 3-23
  Keyframes: [0, 3, 8, 23, 49]
  Success detected: True
  Confidence: 0.88

--- Segment 48/389 ---

============================================================
Segment: RouteStick_ep12_f100-149
  Subtask: move to the nearest right target by circling around the stick counterclockwise
  Frames: 100 - 149
============================================================
  Loaded 50 frames
  Prefix scoring: 54.8s
  Rewards: [0.0, 0.75, 0.44, 0.19, 0.31, 0.62, 0.75, 1.0]
  Failed regions: [[11, 30]]
  Successful interval: 21-49
  Keyframes: [10, 21, 44, 49]
  Success detected: True
  Confidence: 0.82

--- Segment 49/389 ---

============================================================
Segment: RouteStick_ep12_f150-192
  Subtask: move to the nearest right target by circling around the stick clockwise
  Frames: 150 - 192
============================================================
  Loaded 43 frames
  Prefix scoring: 54.8s
  Rewards: [0.0, 0.57, 0.86, 1.0, 1.0, 0.71, 0.57, 0.5]
  Failed regions: []
  Successful interval: 2-20
  Keyframes: [0, 2, 6, 20, 42]
  Success detected: True
  Confidence: 0.87

--- Segment 50/389 ---

============================================================
Segment: RouteStick_ep12_f150-199
  Subtask: move to the nearest right target by circling around the stick clockwise
  Frames: 150 - 199
============================================================
  Loaded 50 frames
  Prefix scoring: 55.0s
  Rewards: [0.0, 0.8, 0.7, 0.8, 1.0, 0.7, 0.6, 0.5]
  Failed regions: [[11, 23]]
  Successful interval: 15-30
  Keyframes: [0, 15, 16, 30, 47]
  Success detected: True
  Confidence: 0.59

--- Segment 51/389 ---

============================================================
Segment: RouteStick_ep13_f100-149
  Subtask: move to the nearest left target by circling around the stick counterclockwise
  Frames: 100 - 149
============================================================
  Loaded 50 frames
  Prefix scoring: 54.9s
  Rewards: [0.0, 0.43, 0.67, 1.0, 0.86, 1.0, 0.43, 0.48]
  Failed regions: [[23, 36]]
  Successful interval: 28-36
  Keyframes: [0, 28, 36, 37, 49]
  Success detected: True
  Confidence: 0.54

--- Segment 52/389 ---

============================================================
Segment: RouteStick_ep13_f150-192
  Subtask: move to the nearest left target by circling around the stick clockwise
  Frames: 150 - 192
============================================================
  Loaded 43 frames
  Prefix scoring: 55.0s
  Rewards: [0.0, 0.91, 1.0, 0.55, 0.55, 0.18, 0.18, 0.09]
  Failed regions: []
  Successful interval: 2-14
  Keyframes: [0, 2, 4, 14, 42]
  Success detected: True
  Confidence: 0.91

--- Segment 53/389 ---

============================================================
Segment: RouteStick_ep13_f150-199
  Subtask: move to the nearest left target by circling around the stick clockwise
  Frames: 150 - 199
============================================================
  Loaded 50 frames
  Prefix scoring: 54.6s
  Rewards: [0.0, 1.0, 0.75, 0.25, 0.0, 0.12, 0.0, 0.0]
  Failed regions: []
  Successful interval: 3-11
  Keyframes: [0, 3, 4, 11, 47]
  Success detected: True
  Confidence: 0.95

--- Segment 54/389 ---

============================================================
Segment: RouteStick_ep14_f250-299
  Subtask: move to the nearest right target by circling around the stick counterclockwise
  Frames: 250 - 299
============================================================
  Loaded 50 frames
  Prefix scoring: 54.9s
  Rewards: [0.0, 0.4, 1.0, 0.5, 0.7, 0.3, 0.2, 0.6]
  Failed regions: []
  Successful interval: 3-17
  Keyframes: [0, 3, 4, 17, 49]
  Success detected: True
  Confidence: 0.91

--- Segment 55/389 ---

============================================================
Segment: RouteStick_ep14_f300-349
  Subtask: move to the nearest left target by circling around the stick counterclockwise
  Frames: 300 - 349
============================================================
  Loaded 50 frames
  Prefix scoring: 54.9s
  Rewards: [0.0, 0.35, 0.75, 1.0, 0.85, 0.9, 0.95, 1.0]
  Failed regions: [[23, 36]]
  Successful interval: 28-49
  Keyframes: [10, 28, 44, 49]
  Success detected: True
  Confidence: 0.52

--- Segment 56/389 ---

============================================================
Segment: RouteStick_ep14_f350-449
  Subtask: move to the nearest left target by circling around the stick clockwise
  Frames: 350 - 449
============================================================
  Loaded 100 frames
  Prefix scoring: 54.8s
  Rewards: [0.94, 1.0, 0.72, 0.61, 0.89, 0.0, 0.11, 0.56]
  Failed regions: [[22, 60]]
  Successful interval: 43-60
  Keyframes: [0, 43, 44, 60, 98]
  Success detected: True
  Confidence: 0.52

--- Segment 57/389 ---

============================================================
Segment: RouteStick_ep14_f450-492
  Subtask: move to the nearest left target by circling around the stick counterclockwise
  Frames: 450 - 492
============================================================
  Loaded 43 frames
  Prefix scoring: 55.8s
  Rewards: [0.76, 0.76, 1.0, 0.71, 0.43, 0.48, 0.0, 0.19]
  Failed regions: []
  Successful interval: 7-14
  Keyframes: [0, 7, 9, 14, 42]
  Success detected: True
  Confidence: 0.59

--- Segment 58/389 ---

============================================================
Segment: RouteStick_ep14_f450-499
  Subtask: move to the nearest left target by circling around the stick counterclockwise
  Frames: 450 - 499
============================================================
  Loaded 50 frames
  Prefix scoring: 54.7s
  Rewards: [0.76, 1.0, 1.0, 0.59, 0.76, 0.0, 0.24, 0.76]
  Failed regions: []
  Successful interval: 3-11
  Keyframes: [0, 3, 9, 11, 47]
  Success detected: True
  Confidence: 0.57

--- Segment 59/389 ---

============================================================
Segment: RouteStick_ep15_f350-399
  Subtask: move to the nearest left target by circling around the stick clockwise
  Frames: 350 - 399
============================================================
  Loaded 50 frames
  Prefix scoring: 54.9s
  Rewards: [0.0, 0.59, 0.85, 0.74, 0.78, 1.0, 1.0, 1.0]
  Failed regions: [[17, 30]]
  Successful interval: 21-36
  Keyframes: [0, 21, 36, 37, 49]
  Success detected: True
  Confidence: 0.55

--- Segment 60/389 ---

============================================================
Segment: RouteStick_ep15_f400-449
  Subtask: move to the nearest right target by circling around the stick clockwise
  Frames: 400 - 449
============================================================
  Loaded 50 frames
  Prefix scoring: 54.7s
  Rewards: [0.31, 1.0, 0.62, 0.38, 0.0, 0.38, 0.31, 0.38]
  Failed regions: []
  Successful interval: 3-11
  Keyframes: [0, 3, 6, 11, 29]
  Success detected: True
  Confidence: 0.79

--- Segment 61/389 ---

============================================================
Segment: RouteStick_ep15_f450-549
  Subtask: move to the nearest left target by circling around the stick clockwise
  Frames: 450 - 549
============================================================
  Loaded 100 frames
  Prefix scoring: 55.0s
  Rewards: [0.0, 0.07, 0.47, 0.8, 1.0, 0.2, 0.13, 0.0]
  Failed regions: []
  Successful interval: 5-60
  Keyframes: [0, 5, 44, 60, 99]
  Success detected: True
  Confidence: 0.93

--- Segment 62/389 ---

============================================================
Segment: RouteStick_ep15_f550-649
  Subtask: move to the nearest left target by circling around the stick counterclockwise
  Frames: 550 - 649
============================================================
  Loaded 100 frames
  Prefix scoring: 55.3s
  Rewards: [0.68, 0.95, 1.0, 0.95, 0.82, 0.23, 0.0, 0.27]
  Failed regions: []
  Successful interval: 5-35
  Keyframes: [0, 5, 7, 35, 95]
  Success detected: True
  Confidence: 0.60

--- Segment 63/389 ---

============================================================
Segment: RouteStick_ep15_f650-692
  Subtask: move to the nearest right target by circling around the stick counterclockwise
  Frames: 650 - 692
============================================================
  Loaded 43 frames
  Prefix scoring: 54.7s
  Rewards: [0.0, 0.56, 1.0, 1.0, 0.67, 0.33, 0.89, 0.56]
  Failed regions: [[20, 36]]
  Successful interval: 29-36
  Keyframes: [0, 29, 36, 37, 42]
  Success detected: True
  Confidence: 0.63

--- Segment 64/389 ---

============================================================
Segment: RouteStick_ep15_f650-699
  Subtask: move to the nearest right target by circling around the stick counterclockwise
  Frames: 650 - 699
============================================================
  Loaded 50 frames
  Prefix scoring: 54.7s
  Rewards: [0.0, 0.43, 0.86, 1.0, 0.29, 0.71, 0.29, 1.0]
  Failed regions: [[23, 36], [36, 49]]
  Successful interval: 40-49
  Keyframes: [0, 40, 44, 49]
  Success detected: True
  Confidence: 0.77

--- Segment 65/389 ---

============================================================
Segment: RouteStick_ep16_f150-199
  Subtask: move to the nearest left target by circling around the stick clockwise
  Frames: 150 - 199
============================================================
  Loaded 50 frames
  Prefix scoring: 54.7s
  Rewards: [0.0, 0.4, 0.73, 0.4, 0.13, 0.93, 0.87, 1.0]
  Failed regions: [[17, 36]]
  Successful interval: 40-49
  Keyframes: [0, 40, 44, 49]
  Success detected: True
  Confidence: 0.54

--- Segment 66/389 ---

============================================================
Segment: RouteStick_ep16_f200-249
  Subtask: move to the nearest left target by circling around the stick counterclockwise
  Frames: 200 - 249
============================================================
  Loaded 50 frames
  Prefix scoring: 54.7s
  Rewards: [0.0, 0.82, 0.47, 0.94, 0.76, 0.71, 0.59, 1.0]
  Failed regions: [[11, 23], [23, 49]]
  Successful interval: 40-49
  Keyframes: [10, 40, 44, 49]
  Success detected: True
  Confidence: 0.63

--- Segment 67/389 ---

============================================================
Segment: RouteStick_ep16_f250-292
  Subtask: move to the nearest left target by circling around the stick clockwise
  Frames: 250 - 292
============================================================
  Loaded 43 frames
  Prefix scoring: 54.7s
  Rewards: [0.0, 0.5, 0.38, 0.38, 0.75, 1.0, 0.75, 1.0]
  Failed regions: [[9, 31], [9, 31], [31, 42]]
  Successful interval: 34-42
  Keyframes: [3, 34, 42]
  Success detected: True
  Confidence: 0.58

--- Segment 68/389 ---

============================================================
Segment: RouteStick_ep16_f250-299
  Subtask: move to the nearest left target by circling around the stick clockwise
  Frames: 250 - 299
============================================================
  Loaded 50 frames
  Prefix scoring: 54.9s
  Rewards: [0.0, 0.56, 0.56, 0.75, 0.5, 0.62, 0.75, 1.0]
  Failed regions: [[23, 36]]
  Successful interval: 28-49
  Keyframes: [8, 28, 44, 49]
  Success detected: True
  Confidence: 0.68

--- Segment 69/389 ---

============================================================
Segment: RouteStick_ep17_f100-149
  Subtask: move to the nearest left target by circling around the stick counterclockwise
  Frames: 100 - 149
============================================================
  Loaded 50 frames
  Prefix scoring: 54.9s
  Rewards: [0.0, 0.18, 0.53, 0.29, 0.24, 0.41, 1.0, 1.0]
  Failed regions: [[17, 36]]
  Successful interval: 28-42
  Keyframes: [9, 28, 42, 43, 49]
  Success detected: True
  Confidence: 0.81

--- Segment 70/389 ---

============================================================
Segment: RouteStick_ep17_f150-192
  Subtask: move to the nearest left target by circling around the stick clockwise
  Frames: 150 - 192
============================================================
  Loaded 43 frames
  Prefix scoring: 54.7s
  Rewards: [0.0, 0.57, 0.86, 0.86, 0.64, 1.0, 0.79, 0.5]
  Failed regions: [[20, 31]]
  Successful interval: 23-31
  Keyframes: [0, 23, 30, 31, 42]
  Success detected: True
  Confidence: 0.61

--- Segment 71/389 ---

============================================================
Segment: RouteStick_ep17_f150-199
  Subtask: move to the nearest left target by circling around the stick clockwise
  Frames: 150 - 199
============================================================
  Loaded 50 frames
  Prefix scoring: 54.9s
  Rewards: [0.0, 0.93, 0.87, 0.87, 1.0, 0.8, 0.53, 0.93]
  Failed regions: [[30, 49]]
  Successful interval: 40-49
  Keyframes: [1, 40, 44, 49]
  Success detected: True
  Confidence: 0.57

--- Segment 72/389 ---

============================================================
Segment: RouteStick_ep18_f200-249
  Subtask: move to the nearest left target by circling around the stick counterclockwise
  Frames: 200 - 249
============================================================
  Loaded 50 frames
  Prefix scoring: 54.7s
  Rewards: [1.0, 0.75, 0.62, 0.31, 0.38, 0.0, 0.31, 0.94]
  Failed regions: [[5, 30], [30, 42]]
  Successful interval: 34-49
  Keyframes: [10, 34, 44, 49]
  Success detected: True
  Confidence: 0.83

--- Segment 73/389 ---

============================================================
Segment: RouteStick_ep18_f250-392
  Subtask: move to the nearest right target by circling around the stick clockwise
  Frames: 250 - 392
============================================================
  Loaded 143 frames
  Prefix scoring: 55.5s
  Rewards: [0.43, 0.29, 0.43, 0.86, 1.0, 0.0, 0.29, 0.14]
  Failed regions: [[14, 50]]
  Successful interval: 25-87
  Keyframes: [24, 25, 44, 87, 131]
  Success detected: True
  Confidence: 0.80

--- Segment 74/389 ---

============================================================
Segment: RouteStick_ep18_f250-399
  Subtask: move to the nearest right target by circling around the stick clockwise
  Frames: 250 - 399
============================================================
  Loaded 150 frames
  Prefix scoring: 55.9s
  Rewards: [1.0, 0.0, 0.56, 0.11, 0.22, 0.0, 0.33, 0.67]
  Failed regions: []
  Successful interval: 8-15
  Keyframes: [1, 8, 9, 15, 129]
  Success detected: True
  Confidence: 0.53

--- Segment 75/389 ---

============================================================
Segment: RouteStick_ep19_f200-249
  Subtask: move to the nearest left target by circling around the stick clockwise
  Frames: 200 - 249
============================================================
  Loaded 50 frames
  Prefix scoring: 55.3s
  Rewards: [0.0, 0.5, 0.2, 0.5, 0.7, 1.0, 0.5, 0.1]
  Failed regions: [[11, 23]]
  Successful interval: 15-36
  Keyframes: [0, 15, 35, 36, 49]
  Success detected: True
  Confidence: 0.83

--- Segment 76/389 ---

============================================================
Segment: RouteStick_ep19_f250-299
  Subtask: move to the nearest right target by circling around the stick clockwise
  Frames: 250 - 299
============================================================
  Loaded 50 frames
  Prefix scoring: 55.1s
  Rewards: [0.1, 0.0, 0.5, 0.9, 0.8, 1.0, 0.5, 0.6]
  Failed regions: [[23, 36]]
  Successful interval: 28-36
  Keyframes: [0, 28, 36, 37, 48]
  Success detected: True
  Confidence: 0.57

--- Segment 77/389 ---

============================================================
Segment: RouteStick_ep19_f300-349
  Subtask: move to the nearest left target by circling around the stick clockwise
  Frames: 300 - 349
============================================================
  Loaded 50 frames
  Prefix scoring: 54.5s
  Rewards: [0.0, 0.67, 1.0, 0.89, 0.67, 0.78, 0.0, 0.33]
  Failed regions: []
  Successful interval: 3-17
  Keyframes: [0, 3, 5, 17, 49]
  Success detected: True
  Confidence: 0.89

--- Segment 78/389 ---

============================================================
Segment: RouteStick_ep19_f350-392
  Subtask: move to the nearest right target by circling around the stick counterclockwise
  Frames: 350 - 392
============================================================
  Loaded 43 frames
  Prefix scoring: 54.7s
  Rewards: [0.0, 0.67, 0.0, 0.5, 1.0, 0.67, 0.83, 0.5]
  Failed regions: [[9, 25], [25, 36]]
  Successful interval: 29-36
  Keyframes: [0, 29, 36, 37, 42]
  Success detected: True
  Confidence: 0.46

--- Segment 79/389 ---

============================================================
Segment: RouteStick_ep19_f350-399
  Subtask: move to the nearest right target by circling around the stick counterclockwise
  Frames: 350 - 399
============================================================
  Loaded 50 frames
  Prefix scoring: 54.6s
  Rewards: [0.0, 0.44, 0.78, 0.78, 0.22, 0.78, 0.56, 1.0]
  Failed regions: [[23, 36], [36, 49]]
  Successful interval: 40-49
  Keyframes: [10, 40, 44, 49]
  Success detected: True
  Confidence: 0.66

--- Segment 80/389 ---

============================================================
Segment: RouteStick_ep20_f100-192
  Subtask: move to the nearest left target by circling around the stick clockwise
  Frames: 100 - 192
============================================================
  Loaded 93 frames
  Prefix scoring: 54.8s
  Rewards: [0.58, 0.92, 0.5, 1.0, 0.83, 0.25, 0.0, 0.33]
  Failed regions: [[20, 44]]
  Successful interval: 28-44
  Keyframes: [1, 28, 44, 45, 92]
  Success detected: True
  Confidence: 0.69

--- Segment 81/389 ---

============================================================
Segment: RouteStick_ep20_f100-199
  Subtask: move to the nearest left target by circling around the stick clockwise
  Frames: 100 - 199
============================================================
  Loaded 100 frames
  Prefix scoring: 55.0s
  Rewards: [0.5, 0.58, 0.83, 0.75, 1.0, 0.0, 0.58, 0.42]
  Failed regions: [[35, 60]]
  Successful interval: 43-60
  Keyframes: [0, 43, 44, 60, 98]
  Success detected: True
  Confidence: 0.58

--- Segment 82/389 ---

============================================================
Segment: RouteStick_ep21_f100-192
  Subtask: move to the nearest right target by circling around the stick clockwise
  Frames: 100 - 192
============================================================
  Loaded 93 frames
  Prefix scoring: 54.9s
  Rewards: [0.44, 0.75, 0.75, 0.69, 1.0, 0.0, 0.38, 0.88]
  Failed regions: [[56, 80]]
  Successful interval: 64-92
  Keyframes: [4, 64, 92]
  Success detected: True
  Confidence: 0.75

--- Segment 83/389 ---

============================================================
Segment: RouteStick_ep21_f100-199
  Subtask: move to the nearest right target by circling around the stick clockwise
  Frames: 100 - 199
============================================================
  Loaded 100 frames
  Prefix scoring: 55.6s
  Rewards: [0.0, 0.0, 0.0, 0.12, 0.38, 0.38, 0.88, 1.0]
  Failed regions: []
  Successful interval: 68-99
  Keyframes: [4, 68, 94, 99]
  Success detected: True
  Confidence: 0.78

--- Segment 84/389 ---

============================================================
Segment: RouteStick_ep22_f200-249
  Subtask: move to the nearest left target by circling around the stick counterclockwise
  Frames: 200 - 249
============================================================
  Loaded 50 frames
  Prefix scoring: 54.6s
  Rewards: [0.23, 1.0, 0.08, 0.15, 0.38, 0.0, 0.54, 0.08]
  Failed regions: []
  Successful interval: 3-11
  Keyframes: [0, 3, 8, 11, 49]
  Success detected: True
  Confidence: 0.85

--- Segment 85/389 ---

============================================================
Segment: RouteStick_ep22_f250-299
  Subtask: move to the nearest right target by circling around the stick clockwise
  Frames: 250 - 299
============================================================
  Loaded 50 frames
  Prefix scoring: 54.8s
  Rewards: [0.0, 0.0, 0.12, 0.88, 1.0, 0.25, 0.5, 0.62]
  Failed regions: []
  Successful interval: 9-30
  Keyframes: [0, 9, 10, 30, 49]
  Success detected: True
  Confidence: 0.92

--- Segment 86/389 ---

============================================================
Segment: RouteStick_ep22_f300-349
  Subtask: move to the nearest right target by circling around the stick counterclockwise
  Frames: 300 - 349
============================================================
  Loaded 50 frames
  Prefix scoring: 54.7s
  Rewards: [0.17, 0.0, 0.67, 0.0, 1.0, 0.83, 0.67, 0.83]
  Failed regions: [[17, 30], [30, 49]]
  Successful interval: 40-49
  Keyframes: [9, 40, 44, 49]
  Success detected: True
  Confidence: 0.46

--- Segment 87/389 ---

============================================================
Segment: RouteStick_ep22_f350-392
  Subtask: move to the nearest right target by circling around the stick clockwise
  Frames: 350 - 392
============================================================
  Loaded 43 frames
  Prefix scoring: 54.7s
  Rewards: [0.0, 0.69, 0.77, 1.0, 0.77, 0.69, 0.85, 0.69]
  Failed regions: [[20, 36]]
  Successful interval: 29-36
  Keyframes: [0, 29, 36, 37, 42]
  Success detected: True
  Confidence: 0.43

--- Segment 88/389 ---

============================================================
Segment: RouteStick_ep22_f350-399
  Subtask: move to the nearest right target by circling around the stick clockwise
  Frames: 350 - 399
============================================================
  Loaded 50 frames
  Prefix scoring: 54.8s
  Rewards: [0.0, 1.0, 0.43, 0.71, 0.86, 0.86, 0.57, 0.86]
  Failed regions: [[11, 30], [36, 49]]
  Successful interval: 40-49
  Keyframes: [2, 40, 44, 49]
  Success detected: True
  Confidence: 0.50

--- Segment 89/389 ---

============================================================
Segment: RouteStick_ep23_f350-449
  Subtask: move to the nearest left target by circling around the stick counterclockwise
  Frames: 350 - 449
============================================================
  Loaded 100 frames
  Prefix scoring: 55.0s
  Rewards: [0.0, 0.64, 1.0, 0.71, 1.0, 0.64, 0.29, 0.64]
  Failed regions: [[35, 60]]
  Successful interval: 43-60
  Keyframes: [19, 43, 44, 60, 96]
  Success detected: True
  Confidence: 0.59

--- Segment 90/389 ---

============================================================
Segment: RouteStick_ep23_f450-499
  Subtask: move to the nearest left target by circling around the stick clockwise
  Frames: 450 - 499
============================================================
  Loaded 50 frames
  Prefix scoring: 56.0s
  Rewards: [0.0, 1.0, 0.38, 0.75, 0.0, 0.75, 0.38, 0.38]
  Failed regions: []
  Successful interval: 3-11
  Keyframes: [2, 3, 5, 11, 49]
  Success detected: True
  Confidence: 0.91

--- Segment 91/389 ---

============================================================
Segment: RouteStick_ep23_f500-599
  Subtask: move to the nearest right target by circling around the stick clockwise
  Frames: 500 - 599
============================================================
  Loaded 100 frames
  Prefix scoring: 55.1s
  Rewards: [1.0, 0.69, 0.85, 0.31, 0.46, 0.0, 0.77, 0.62]
  Failed regions: [[10, 35]]
  Successful interval: 17-35
  Keyframes: [0, 17, 35, 36, 98]
  Success detected: True
  Confidence: 0.45

--- Segment 92/389 ---

============================================================
Segment: RouteStick_ep23_f600-649
  Subtask: move to the nearest right target by circling around the stick counterclockwise
  Frames: 600 - 649
============================================================
  Loaded 50 frames
  Prefix scoring: 55.1s
  Rewards: [0.0, 1.0, 0.8, 0.5, 0.7, 0.5, 0.6, 0.4]
  Failed regions: []
  Successful interval: 3-11
  Keyframes: [0, 3, 4, 11, 47]
  Success detected: True
  Confidence: 0.89

--- Segment 93/389 ---

============================================================
Segment: RouteStick_ep23_f650-692
  Subtask: move to the nearest left target by circling around the stick counterclockwise
  Frames: 650 - 692
============================================================
  Loaded 43 frames
  Prefix scoring: 54.6s
  Rewards: [0.0, 0.3, 0.5, 1.0, 1.0, 0.8, 0.8, 0.8]
  Failed regions: []
  Successful interval: 2-20
  Keyframes: [1, 2, 6, 20, 42]
  Success detected: True
  Confidence: 0.87

--- Segment 94/389 ---

============================================================
Segment: RouteStick_ep23_f650-699
  Subtask: move to the nearest left target by circling around the stick counterclockwise
  Frames: 650 - 699
============================================================
  Loaded 50 frames
  Prefix scoring: 54.6s
  Rewards: [0.0, 0.55, 1.0, 0.91, 1.0, 0.82, 0.82, 0.82]
  Failed regions: [[17, 30]]
  Successful interval: 21-30
  Keyframes: [1, 21, 30, 31, 47]
  Success detected: True
  Confidence: 0.49

--- Segment 95/389 ---

============================================================
Segment: RouteStick_ep24_f150-199
  Subtask: move to the nearest left target by circling around the stick counterclockwise
  Frames: 150 - 199
============================================================
  Loaded 50 frames
  Prefix scoring: 55.2s
  Rewards: [0.0, 1.0, 0.69, 0.5, 0.06, 0.38, 0.56, 0.88]
  Failed regions: [[11, 36]]
  Successful interval: 28-49
  Keyframes: [10, 28, 44, 49]
  Success detected: True
  Confidence: 0.75

--- Segment 96/389 ---

============================================================
Segment: RouteStick_ep24_f200-292
  Subtask: move to the nearest left target by circling around the stick clockwise
  Frames: 200 - 292
============================================================
  Loaded 93 frames
  Prefix scoring: 55.0s
  Rewards: [1.0, 0.73, 0.68, 0.77, 0.73, 0.41, 0.23, 0.0]
  Failed regions: []
  Successful interval: 5-9
  Keyframes: [0, 5, 6, 9, 82]
  Success detected: True
  Confidence: 0.49

--- Segment 97/389 ---

============================================================
Segment: RouteStick_ep24_f200-299
  Subtask: move to the nearest left target by circling around the stick clockwise
  Frames: 200 - 299
============================================================
  Loaded 100 frames
  Prefix scoring: 55.2s
  Rewards: [1.0, 0.27, 0.93, 0.87, 0.73, 0.0, 0.07, 0.07]
  Failed regions: [[10, 35]]
  Successful interval: 17-35
  Keyframes: [0, 17, 35, 36, 99]
  Success detected: True
  Confidence: 0.73

--- Segment 98/389 ---

============================================================
Segment: RouteStick_ep25_f150-292
  Subtask: move to the nearest left target by circling around the stick counterclockwise
  Frames: 150 - 292
============================================================
  Loaded 143 frames
  Prefix scoring: 56.6s
  Rewards: [0.0, 0.72, 1.0, 0.83, 0.72, 0.72, 0.5, 0.72]
  Failed regions: []
  Successful interval: 7-50
  Keyframes: [6, 7, 44, 50, 127]
  Success detected: True
  Confidence: 0.87

--- Segment 99/389 ---

============================================================
Segment: RouteStick_ep25_f150-299
  Subtask: move to the nearest left target by circling around the stick counterclockwise
  Frames: 150 - 299
============================================================
  Loaded 150 frames
  Prefix scoring: 55.5s
  Rewards: [0.0, 0.85, 0.92, 0.23, 0.54, 0.23, 0.08, 1.0]
  Failed regions: [[53, 91], [91, 149]]
  Successful interval: 122-149
  Keyframes: [23, 122, 144, 149]
  Success detected: True
  Confidence: 0.87

--- Segment 100/389 ---

============================================================
Segment: RouteStick_ep26_f200-249
  Subtask: move to the nearest right target by circling around the stick clockwise
  Frames: 200 - 249
============================================================
  Loaded 50 frames
  Prefix scoring: 54.8s
  Rewards: [0.0, 0.56, 0.44, 0.67, 0.72, 1.0, 0.44, 0.5]
  Failed regions: [[11, 23]]
  Successful interval: 15-36
  Keyframes: [1, 15, 16, 36, 48]
  Success detected: True
  Confidence: 0.71

--- Segment 101/389 ---

============================================================
Segment: RouteStick_ep26_f250-299
  Subtask: move to the nearest right target by circling around the stick counterclockwise
  Frames: 250 - 299
============================================================
  Loaded 50 frames
  Prefix scoring: 55.1s
  Rewards: [0.0, 0.62, 1.0, 0.62, 0.54, 0.38, 0.08, 0.46]
  Failed regions: []
  Successful interval: 3-17
  Keyframes: [0, 3, 4, 17, 49]
  Success detected: True
  Confidence: 0.91

--- Segment 102/389 ---

============================================================
Segment: RouteStick_ep26_f300-392
  Subtask: move to the nearest left target by circling around the stick clockwise
  Frames: 300 - 392
============================================================
  Loaded 93 frames
  Prefix scoring: 54.8s
  Rewards: [0.0, 1.0, 0.0, 0.33, 0.67, 0.0, 0.33, 0.33]
  Failed regions: []
  Successful interval: 5-20
  Keyframes: [0, 5, 6, 20, 92]
  Success detected: True
  Confidence: 0.93

--- Segment 103/389 ---

============================================================
Segment: RouteStick_ep26_f300-399
  Subtask: move to the nearest left target by circling around the stick clockwise
  Frames: 300 - 399
============================================================
  Loaded 100 frames
  Prefix scoring: 55.0s
  Rewards: [0.22, 0.0, 0.89, 0.89, 0.67, 0.67, 1.0, 0.44]
  Failed regions: [[48, 73], [48, 86]]
  Successful interval: 68-86
  Keyframes: [1, 68, 86, 87, 99]
  Success detected: True
  Confidence: 0.61

--- Segment 104/389 ---

============================================================
Segment: RouteStick_ep27_f350-399
  Subtask: move to the nearest left target by circling around the stick clockwise
  Frames: 350 - 399
============================================================
  Loaded 50 frames
  Prefix scoring: 54.7s
  Rewards: [0.0, 0.0, 0.64, 0.18, 0.36, 0.73, 0.09, 1.0]
  Failed regions: [[17, 36], [36, 49]]
  Successful interval: 40-49
  Keyframes: [10, 40, 44, 49]
  Success detected: True
  Confidence: 0.89

--- Segment 105/389 ---

============================================================
Segment: RouteStick_ep27_f400-549
  Subtask: move to the nearest right target by circling around the stick counterclockwise
  Frames: 400 - 549
============================================================
  Loaded 150 frames
  Prefix scoring: 56.0s
  Rewards: [1.0, 0.42, 0.42, 0.25, 0.67, 0.0, 0.08, 0.58]
  Failed regions: []
  Successful interval: 8-15
  Keyframes: [0, 8, 9, 15, 149]
  Success detected: True
  Confidence: 0.51

--- Segment 106/389 ---

============================================================
Segment: RouteStick_ep27_f550-599
  Subtask: move to the nearest left target by circling around the stick clockwise
  Frames: 550 - 599
============================================================
  Loaded 50 frames
  Prefix scoring: 55.9s
  Rewards: [0.0, 0.08, 0.33, 0.25, 0.33, 0.5, 0.42, 1.0]
  Failed regions: [[17, 36], [36, 49]]
  Successful interval: 40-49
  Keyframes: [0, 40, 44, 49]
  Success detected: True
  Confidence: 0.76

--- Segment 107/389 ---

============================================================
Segment: RouteStick_ep27_f600-649
  Subtask: move to the nearest right target by circling around the stick clockwise
  Frames: 600 - 649
============================================================
  Loaded 50 frames
  Prefix scoring: 56.1s
  Rewards: [0.27, 0.82, 0.91, 0.0, 0.73, 0.55, 1.0, 0.73]
  Failed regions: [[17, 30], [30, 42]]
  Successful interval: 34-42
  Keyframes: [1, 34, 42, 43, 49]
  Success detected: True
  Confidence: 0.66

--- Segment 108/389 ---

============================================================
Segment: RouteStick_ep27_f650-692
  Subtask: move to the nearest left target by circling around the stick counterclockwise
  Frames: 650 - 692
============================================================
  Loaded 43 frames
  Prefix scoring: 55.4s
  Rewards: [0.0, 0.26, 0.63, 0.58, 1.0, 0.53, 0.95, 0.74]
  Failed regions: [[25, 36]]
  Successful interval: 29-36
  Keyframes: [1, 29, 36, 37, 42]
  Success detected: True
  Confidence: 0.62

--- Segment 109/389 ---

============================================================
Segment: RouteStick_ep27_f650-699
  Subtask: move to the nearest left target by circling around the stick counterclockwise
  Frames: 650 - 699
============================================================
  Loaded 50 frames
  Prefix scoring: 54.6s
  Rewards: [0.0, 0.29, 0.35, 0.82, 0.76, 1.0, 0.76, 0.82]
  Failed regions: [[36, 49]]
  Successful interval: 40-49
  Keyframes: [10, 40, 44, 49]
  Success detected: True
  Confidence: 0.40

--- Segment 110/389 ---

============================================================
Segment: RouteStick_ep28_f100-149
  Subtask: move to the nearest right target by circling around the stick clockwise
  Frames: 100 - 149
============================================================
  Loaded 50 frames
  Prefix scoring: 54.7s
  Rewards: [0.25, 1.0, 0.75, 0.38, 0.0, 0.12, 0.12, 0.38]
  Failed regions: []
  Successful interval: 3-11
  Keyframes: [0, 3, 7, 11, 28]
  Success detected: True
  Confidence: 0.82

--- Segment 111/389 ---

============================================================
Segment: RouteStick_ep28_f150-192
  Subtask: move to the nearest left target by circling around the stick clockwise
  Frames: 150 - 192
============================================================
  Loaded 43 frames
  Prefix scoring: 54.8s
  Rewards: [0.0, 0.38, 0.62, 0.42, 0.65, 0.62, 0.54, 1.0]
  Failed regions: [[14, 25], [25, 42]]
  Successful interval: 34-42
  Keyframes: [0, 34, 42]
  Success detected: True
  Confidence: 0.68

--- Segment 112/389 ---

============================================================
Segment: RouteStick_ep28_f150-199
  Subtask: move to the nearest left target by circling around the stick clockwise
  Frames: 150 - 199
============================================================
  Loaded 50 frames
  Prefix scoring: 54.9s
  Rewards: [0.0, 0.56, 0.7, 0.74, 0.67, 0.56, 1.0, 0.93]
  Failed regions: [[23, 42]]
  Successful interval: 34-42
  Keyframes: [0, 34, 42, 43, 49]
  Success detected: True
  Confidence: 0.65

--- Segment 113/389 ---

============================================================
Segment: RouteStick_ep29_f100-192
  Subtask: move to the nearest right target by circling around the stick clockwise
  Frames: 100 - 192
============================================================
  Loaded 93 frames
  Prefix scoring: 54.9s
  Rewards: [0.4, 0.87, 0.93, 1.0, 0.6, 0.0, 0.13, 0.2]
  Failed regions: []
  Successful interval: 5-44
  Keyframes: [0, 5, 44, 45, 73]
  Success detected: True
  Confidence: 0.74

--- Segment 114/389 ---

============================================================
Segment: RouteStick_ep29_f100-199
  Subtask: move to the nearest right target by circling around the stick clockwise
  Frames: 100 - 199
============================================================
  Loaded 100 frames
  Prefix scoring: 55.9s
  Rewards: [0.43, 1.0, 0.79, 0.71, 0.29, 0.0, 0.29, 0.21]
  Failed regions: []
  Successful interval: 5-22
  Keyframes: [0, 5, 7, 22, 99]
  Success detected: True
  Confidence: 0.74

--- Segment 115/389 ---

============================================================
Segment: RouteStick_ep30_f200-299
  Subtask: move to the nearest right target by circling around the stick counterclockwise
  Frames: 200 - 299
============================================================
  Loaded 100 frames
  Prefix scoring: 55.4s
  Rewards: [0.75, 0.38, 0.62, 1.0, 0.25, 0.12, 0.0, 0.5]
  Failed regions: [[10, 35]]
  Successful interval: 17-48
  Keyframes: [0, 17, 44, 48, 99]
  Success detected: True
  Confidence: 0.76

--- Segment 116/389 ---

============================================================
Segment: RouteStick_ep30_f300-349
  Subtask: move to the nearest right target by circling around the stick clockwise
  Frames: 300 - 349
============================================================
  Loaded 50 frames
  Prefix scoring: 54.9s
  Rewards: [0.0, 0.67, 0.17, 0.67, 0.67, 0.67, 0.67, 1.0]
  Failed regions: [[11, 23]]
  Successful interval: 40-49
  Keyframes: [1, 40, 44, 49]
  Success detected: True
  Confidence: 0.62

--- Segment 117/389 ---

============================================================
Segment: RouteStick_ep30_f350-392
  Subtask: move to the nearest left target by circling around the stick clockwise
  Frames: 350 - 392
============================================================
  Loaded 43 frames
  Prefix scoring: 54.8s
  Rewards: [0.0, 0.93, 0.6, 0.73, 0.93, 0.87, 0.93, 1.0]
  Failed regions: [[9, 25]]
  Successful interval: 29-42
  Keyframes: [0, 29, 42]
  Success detected: True
  Confidence: 0.50

--- Segment 118/389 ---

============================================================
Segment: RouteStick_ep30_f350-399
  Subtask: move to the nearest left target by circling around the stick clockwise
  Frames: 350 - 399
============================================================
  Loaded 50 frames
  Prefix scoring: 54.8s
  Rewards: [0.0, 0.37, 0.68, 0.58, 0.53, 0.68, 0.74, 1.0]
  Failed regions: [[17, 36]]
  Successful interval: 28-49
  Keyframes: [1, 28, 44, 49]
  Success detected: True
  Confidence: 0.68

--- Segment 119/389 ---

============================================================
Segment: RouteStick_ep31_f200-249
  Subtask: move to the nearest left target by circling around the stick clockwise
  Frames: 200 - 249
============================================================
  Loaded 50 frames
  Prefix scoring: 54.7s
  Rewards: [0.0, 0.24, 0.62, 0.57, 0.62, 1.0, 1.0, 0.86]
  Failed regions: []
  Successful interval: 21-36
  Keyframes: [0, 21, 36, 37, 48]
  Success detected: True
  Confidence: 0.65

--- Segment 120/389 ---

============================================================
Segment: RouteStick_ep31_f250-299
  Subtask: move to the nearest right target by circling around the stick counterclockwise
  Frames: 250 - 299
============================================================
  Loaded 50 frames
  Prefix scoring: 54.7s
  Rewards: [0.0, 0.23, 0.77, 0.77, 1.0, 0.92, 0.77, 0.92]
  Failed regions: [[30, 49]]
  Successful interval: 40-49
  Keyframes: [1, 40, 44, 49]
  Success detected: True
  Confidence: 0.48

--- Segment 121/389 ---

============================================================
Segment: RouteStick_ep31_f300-349
  Subtask: move to the nearest left target by circling around the stick clockwise
  Frames: 300 - 349
============================================================
  Loaded 50 frames
  Prefix scoring: 54.8s
  Rewards: [0.0, 0.35, 0.94, 0.59, 0.59, 1.0, 0.88, 0.82]
  Failed regions: [[17, 30], [17, 36]]
  Successful interval: 28-36
  Keyframes: [0, 28, 36, 37, 48]
  Success detected: True
  Confidence: 0.64

--- Segment 122/389 ---

============================================================
Segment: RouteStick_ep31_f350-392
  Subtask: move to the nearest right target by circling around the stick clockwise
  Frames: 350 - 392
============================================================
  Loaded 43 frames
  Prefix scoring: 54.8s
  Rewards: [0.0, 1.0, 0.73, 0.73, 0.36, 0.18, 0.27, 0.09]
  Failed regions: []
  Successful interval: 2-9
  Keyframes: [0, 2, 7, 9, 27]
  Success detected: True
  Confidence: 0.92

--- Segment 123/389 ---

============================================================
Segment: RouteStick_ep31_f350-399
  Subtask: move to the nearest right target by circling around the stick clockwise
  Frames: 350 - 399
============================================================
  Loaded 50 frames
  Prefix scoring: 56.0s
  Rewards: [0.17, 1.0, 0.67, 0.83, 0.17, 0.33, 0.0, 0.83]
  Failed regions: [[11, 23], [23, 36], [36, 49]]
  Successful interval: 40-49
  Keyframes: [4, 40, 44, 49]
  Success detected: True
  Confidence: 0.73

--- Segment 124/389 ---

============================================================
Segment: RouteStick_ep32_f150-292
  Subtask: move to the nearest right target by circling around the stick counterclockwise
  Frames: 150 - 292
============================================================
  Loaded 143 frames
  Prefix scoring: 55.2s
  Rewards: [0.8, 0.0, 0.6, 0.2, 1.0, 0.8, 0.4, 1.0]
  Failed regions: [[14, 50], [50, 87], [87, 142]]
  Successful interval: 116-142
  Keyframes: [5, 116, 142]
  Success detected: True
  Confidence: 0.72

--- Segment 125/389 ---

============================================================
Segment: RouteStick_ep32_f150-299
  Subtask: move to the nearest right target by circling around the stick counterclockwise
  Frames: 150 - 299
============================================================
  Loaded 150 frames
  Prefix scoring: 55.3s
  Rewards: [0.38, 0.54, 0.69, 0.0, 1.0, 0.54, 0.31, 0.77]
  Failed regions: [[53, 91]]
  Successful interval: 65-91
  Keyframes: [5, 65, 91, 92, 149]
  Success detected: True
  Confidence: 0.89

--- Segment 126/389 ---

============================================================
Segment: RouteStick_ep33_f150-199
  Subtask: move to the nearest right target by circling around the stick clockwise
  Frames: 150 - 199
============================================================
  Loaded 50 frames
  Prefix scoring: 55.6s
  Rewards: [0.0, 0.5, 0.92, 1.0, 0.08, 0.83, 0.75, 0.42]
  Failed regions: [[23, 36]]
  Successful interval: 28-36
  Keyframes: [2, 28, 36, 37, 48]
  Success detected: True
  Confidence: 0.69

--- Segment 127/389 ---

============================================================
Segment: RouteStick_ep33_f200-249
  Subtask: move to the nearest right target by circling around the stick counterclockwise
  Frames: 200 - 249
============================================================
  Loaded 50 frames
  Prefix scoring: 54.9s
  Rewards: [0.0, 0.91, 0.82, 0.36, 0.55, 0.45, 0.45, 1.0]
  Failed regions: [[11, 30], [30, 42], [30, 49]]
  Successful interval: 40-49
  Keyframes: [0, 40, 44, 49]
  Success detected: True
  Confidence: 0.70

--- Segment 128/389 ---

============================================================
Segment: RouteStick_ep33_f250-292
  Subtask: move to the nearest right target by circling around the stick clockwise
  Frames: 250 - 292
============================================================
  Loaded 43 frames
  Prefix scoring: 55.4s
  Rewards: [0.29, 0.71, 1.0, 0.0, 0.57, 0.57, 0.57, 0.86]
  Failed regions: [[14, 25]]
  Successful interval: 34-42
  Keyframes: [1, 34, 41, 42]
  Success detected: True
  Confidence: 0.51

--- Segment 129/389 ---

============================================================
Segment: RouteStick_ep33_f250-299
  Subtask: move to the nearest right target by circling around the stick clockwise
  Frames: 250 - 299
============================================================
  Loaded 50 frames
  Prefix scoring: 56.4s
  Rewards: [0.83, 0.83, 0.5, 0.0, 0.67, 0.67, 1.0, 1.0]
  Failed regions: [[11, 30]]
  Successful interval: 34-42
  Keyframes: [1, 34, 41, 42, 49]
  Success detected: True
  Confidence: 0.60

--- Segment 130/389 ---

============================================================
Segment: RouteStick_ep34_f200-392
  Subtask: move to the nearest left target by circling around the stick counterclockwise
  Frames: 200 - 392
============================================================
  Loaded 193 frames
  Prefix scoring: 55.8s
  Rewards: [0.0, 0.38, 0.19, 0.12, 0.19, 0.25, 0.75, 1.0]
  Failed regions: [[43, 117]]
  Successful interval: 84-192
  Keyframes: [23, 84, 159, 192]
  Success detected: True
  Confidence: 0.88

--- Segment 131/389 ---

============================================================
Segment: RouteStick_ep34_f200-399
  Subtask: move to the nearest left target by circling around the stick counterclockwise
  Frames: 200 - 399
============================================================
  Loaded 200 frames
  Prefix scoring: 55.7s
  Rewards: [0.0, 0.38, 0.31, 0.62, 0.31, 0.12, 0.94, 1.0]
  Failed regions: [[96, 173]]
  Successful interval: 137-199
  Keyframes: [23, 137, 159, 199]
  Success detected: True
  Confidence: 0.86

--- Segment 132/389 ---

============================================================
Segment: RouteStick_ep35_f350-399
  Subtask: move to the nearest left target by circling around the stick counterclockwise
  Frames: 350 - 399
============================================================
  Loaded 50 frames
  Prefix scoring: 54.7s
  Rewards: [0.0, 1.0, 0.75, 0.0, 0.33, 0.0, 0.83, 0.75]
  Failed regions: [[11, 30], [30, 42]]
  Successful interval: 34-42
  Keyframes: [10, 34, 41, 42, 49]
  Success detected: True
  Confidence: 0.74

--- Segment 133/389 ---

============================================================
Segment: RouteStick_ep35_f400-449
  Subtask: move to the nearest right target by circling around the stick clockwise
  Frames: 400 - 449
============================================================
  Loaded 50 frames
  Prefix scoring: 54.6s
  Rewards: [0.0, 0.5, 0.5, 0.9, 1.0, 0.6, 0.7, 0.7]
  Failed regions: []
  Successful interval: 15-30
  Keyframes: [1, 15, 30, 31, 49]
  Success detected: True
  Confidence: 0.68

--- Segment 134/389 ---

============================================================
Segment: RouteStick_ep35_f450-499
  Subtask: move to the nearest right target by circling around the stick counterclockwise
  Frames: 450 - 499
============================================================
  Loaded 50 frames
  Prefix scoring: 55.5s
  Rewards: [0.0, 0.36, 0.27, 0.36, 0.64, 0.82, 0.64, 1.0]
  Failed regions: [[11, 36], [36, 49]]
  Successful interval: 40-49
  Keyframes: [10, 40, 44, 49]
  Success detected: True
  Confidence: 0.64

--- Segment 135/389 ---

============================================================
Segment: RouteStick_ep35_f500-549
  Subtask: move to the nearest right target by circling around the stick clockwise
  Frames: 500 - 549
============================================================
  Loaded 50 frames
  Prefix scoring: 54.9s
  Rewards: [0.0, 0.81, 0.56, 0.69, 0.38, 0.81, 1.0, 0.88]
  Failed regions: [[11, 23], [23, 36]]
  Successful interval: 28-42
  Keyframes: [0, 28, 41, 42, 49]
  Success detected: True
  Confidence: 0.72

--- Segment 136/389 ---

============================================================
Segment: RouteStick_ep35_f550-649
  Subtask: move to the nearest left target by circling around the stick clockwise
  Frames: 550 - 649
============================================================
  Loaded 100 frames
  Prefix scoring: 54.8s
  Rewards: [0.2, 0.5, 0.2, 0.6, 1.0, 0.0, 0.1, 0.4]
  Failed regions: [[22, 48]]
  Successful interval: 30-60
  Keyframes: [0, 30, 44, 60, 99]
  Success detected: True
  Confidence: 0.84

--- Segment 137/389 ---

============================================================
Segment: RouteStick_ep35_f650-692
  Subtask: move to the nearest right target by circling around the stick counterclockwise
  Frames: 650 - 692
============================================================
  Loaded 43 frames
  Prefix scoring: 54.7s
  Rewards: [0.43, 0.57, 0.71, 0.14, 0.0, 0.29, 0.71, 1.0]
  Failed regions: [[14, 31]]
  Successful interval: 23-42
  Keyframes: [8, 23, 42]
  Success detected: True
  Confidence: 0.90

--- Segment 138/389 ---

============================================================
Segment: RouteStick_ep35_f650-699
  Subtask: move to the nearest right target by circling around the stick counterclockwise
  Frames: 650 - 699
============================================================
  Loaded 50 frames
  Prefix scoring: 54.7s
  Rewards: [0.0, 0.29, 0.86, 0.14, 0.0, 0.71, 1.0, 0.71]
  Failed regions: [[17, 36]]
  Successful interval: 28-42
  Keyframes: [10, 28, 42, 43, 49]
  Success detected: True
  Confidence: 0.91

--- Segment 139/389 ---

============================================================
Segment: RouteStick_ep36_f100-192
  Subtask: move to the nearest left target by circling around the stick clockwise
  Frames: 100 - 192
============================================================
  Loaded 93 frames
  Prefix scoring: 54.9s
  Rewards: [0.0, 0.14, 0.71, 0.86, 0.57, 1.0, 0.43, 0.14]
  Failed regions: [[44, 68]]
  Successful interval: 52-68
  Keyframes: [0, 52, 54, 68, 92]
  Success detected: True
  Confidence: 0.68

--- Segment 140/389 ---

============================================================
Segment: RouteStick_ep36_f100-199
  Subtask: move to the nearest left target by circling around the stick clockwise
  Frames: 100 - 199
============================================================
  Loaded 100 frames
  Prefix scoring: 56.4s
  Rewards: [0.0, 0.71, 0.57, 1.0, 0.57, 0.43, 0.14, 0.29]
  Failed regions: [[22, 48]]
  Successful interval: 30-48
  Keyframes: [0, 30, 44, 48, 96]
  Success detected: True
  Confidence: 0.68

--- Segment 141/389 ---

============================================================
Segment: RouteStick_ep37_f150-199
  Subtask: move to the nearest left target by circling around the stick clockwise
  Frames: 150 - 199
============================================================
  Loaded 50 frames
  Prefix scoring: 54.9s
  Rewards: [0.38, 0.77, 0.62, 1.0, 0.62, 0.54, 0.46, 0.0]
  Failed regions: [[11, 23]]
  Successful interval: 15-23
  Keyframes: [0, 15, 17, 23, 49]
  Success detected: True
  Confidence: 0.64

--- Segment 142/389 ---

============================================================
Segment: RouteStick_ep37_f200-292
  Subtask: move to the nearest right target by circling around the stick counterclockwise
  Frames: 200 - 292
============================================================
  Loaded 93 frames
  Prefix scoring: 55.4s
  Rewards: [0.43, 0.0, 0.29, 1.0, 0.57, 0.14, 0.0, 0.71]
  Failed regions: [[9, 32]]
  Successful interval: 16-44
  Keyframes: [0, 16, 44, 45, 81]
  Success detected: True
  Confidence: 0.92

--- Segment 143/389 ---

============================================================
Segment: RouteStick_ep37_f200-299
  Subtask: move to the nearest right target by circling around the stick counterclockwise
  Frames: 200 - 299
============================================================
  Loaded 100 frames
  Prefix scoring: 55.1s
  Rewards: [0.0, 0.12, 1.0, 1.0, 0.5, 0.0, 0.38, 1.0]
  Failed regions: [[48, 86]]
  Successful interval: 68-99
  Keyframes: [0, 68, 94, 99]
  Success detected: True
  Confidence: 0.90

--- Segment 144/389 ---

============================================================
Segment: RouteStick_ep38_f250-299
  Subtask: move to the nearest right target by circling around the stick counterclockwise
  Frames: 250 - 299
============================================================
  Loaded 50 frames
  Prefix scoring: 54.9s
  Rewards: [0.0, 0.56, 0.61, 1.0, 0.83, 0.89, 0.89, 0.94]
  Failed regions: [[23, 36]]
  Successful interval: 40-49
  Keyframes: [0, 40, 44, 49]
  Success detected: True
  Confidence: 0.45

--- Segment 145/389 ---

============================================================
Segment: RouteStick_ep38_f300-349
  Subtask: move to the nearest left target by circling around the stick clockwise
  Frames: 300 - 349
============================================================
  Loaded 50 frames
  Prefix scoring: 55.5s
  Rewards: [0.0, 0.58, 0.74, 0.84, 0.79, 1.0, 1.0, 0.89]
  Failed regions: []
  Successful interval: 28-36
  Keyframes: [0, 28, 35, 36, 48]
  Success detected: True
  Confidence: 0.54

--- Segment 146/389 ---

============================================================
Segment: RouteStick_ep38_f350-449
  Subtask: move to the nearest left target by circling around the stick counterclockwise
  Frames: 350 - 449
============================================================
  Loaded 100 frames
  Prefix scoring: 55.3s
  Rewards: [1.0, 0.38, 0.25, 0.62, 0.0, 0.06, 0.0, 0.06]
  Failed regions: []
  Successful interval: 5-10
  Keyframes: [0, 5, 6, 10, 86]
  Success detected: True
  Confidence: 0.54

--- Segment 147/389 ---

============================================================
Segment: RouteStick_ep38_f450-492
  Subtask: move to the nearest left target by circling around the stick clockwise
  Frames: 450 - 492
============================================================
  Loaded 43 frames
  Prefix scoring: 55.8s
  Rewards: [0.0, 0.4, 0.5, 1.0, 0.8, 0.4, 0.2, 0.3]
  Failed regions: []
  Successful interval: 2-20
  Keyframes: [0, 2, 4, 20, 42]
  Success detected: True
  Confidence: 0.91

--- Segment 148/389 ---

============================================================
Segment: RouteStick_ep38_f450-499
  Subtask: move to the nearest left target by circling around the stick clockwise
  Frames: 450 - 499
============================================================
  Loaded 50 frames
  Prefix scoring: 55.5s
  Rewards: [0.0, 0.33, 1.0, 1.0, 0.67, 0.33, 0.44, 0.89]
  Failed regions: [[23, 42]]
  Successful interval: 34-49
  Keyframes: [0, 34, 44, 49]
  Success detected: True
  Confidence: 0.64

--- Segment 149/389 ---

============================================================
Segment: RouteStick_ep39_f250-299
  Subtask: move to the nearest left target by circling around the stick clockwise
  Frames: 250 - 299
============================================================
  Loaded 50 frames
  Prefix scoring: 55.2s
  Rewards: [0.0, 0.71, 1.0, 0.88, 0.76, 0.47, 0.41, 0.35]
  Failed regions: []
  Successful interval: 3-17
  Keyframes: [0, 3, 4, 17, 47]
  Success detected: True
  Confidence: 0.89

--- Segment 150/389 ---

============================================================
Segment: RouteStick_ep39_f300-349
  Subtask: move to the nearest right target by circling around the stick counterclockwise
  Frames: 300 - 349
============================================================
  Loaded 50 frames
  Prefix scoring: 56.4s
  Rewards: [0.0, 0.45, 0.45, 1.0, 1.0, 0.64, 0.36, 0.64]
  Failed regions: []
  Successful interval: 15-23
  Keyframes: [0, 15, 16, 23, 48]
  Success detected: True
  Confidence: 0.70

--- Segment 151/389 ---

============================================================
Segment: RouteStick_ep39_f350-399
  Subtask: move to the nearest left target by circling around the stick clockwise
  Frames: 350 - 399
============================================================
  Loaded 50 frames
  Prefix scoring: 55.7s
  Rewards: [0.0, 0.31, 0.31, 0.92, 1.0, 0.38, 0.38, 1.0]
  Failed regions: [[30, 42], [30, 49]]
  Successful interval: 40-49
  Keyframes: [0, 40, 44, 49]
  Success detected: True
  Confidence: 0.74

--- Segment 152/389 ---

============================================================
Segment: RouteStick_ep39_f400-449
  Subtask: move to the nearest right target by circling around the stick clockwise
  Frames: 400 - 449
============================================================
  Loaded 50 frames
  Prefix scoring: 54.8s
  Rewards: [0.0, 0.72, 0.61, 0.72, 0.67, 0.94, 0.61, 1.0]
  Failed regions: [[11, 23], [36, 49]]
  Successful interval: 40-49
  Keyframes: [1, 40, 44, 49]
  Success detected: True
  Confidence: 0.62

--- Segment 153/389 ---

============================================================
Segment: RouteStick_ep39_f450-492
  Subtask: move to the nearest left target by circling around the stick counterclockwise
  Frames: 450 - 492
============================================================
  Loaded 43 frames
  Prefix scoring: 55.1s
  Rewards: [0.0, 1.0, 0.92, 0.5, 0.42, 0.67, 0.25, 0.58]
  Failed regions: []
  Successful interval: 2-9
  Keyframes: [0, 2, 8, 9, 42]
  Success detected: True
  Confidence: 0.89

--- Segment 154/389 ---

============================================================
Segment: RouteStick_ep39_f450-499
  Subtask: move to the nearest left target by circling around the stick counterclockwise
  Frames: 450 - 499
============================================================
  Loaded 50 frames
  Prefix scoring: 54.6s
  Rewards: [0.0, 0.85, 0.92, 0.85, 1.0, 0.62, 0.92, 0.69]
  Failed regions: [[30, 42]]
  Successful interval: 34-42
  Keyframes: [10, 34, 42, 43, 49]
  Success detected: True
  Confidence: 0.53

--- Segment 155/389 ---

============================================================
Segment: RouteStick_ep40_f100-149
  Subtask: move to the nearest right target by circling around the stick counterclockwise
  Frames: 100 - 149
============================================================
  Loaded 50 frames
  Prefix scoring: 54.7s
  Rewards: [0.0, 0.53, 0.6, 0.33, 0.33, 0.6, 0.73, 1.0]
  Failed regions: [[17, 30], [17, 36]]
  Successful interval: 28-49
  Keyframes: [10, 28, 44, 49]
  Success detected: True
  Confidence: 0.76

--- Segment 156/389 ---

============================================================
Segment: RouteStick_ep40_f150-192
  Subtask: move to the nearest right target by circling around the stick clockwise
  Frames: 150 - 192
============================================================
  Loaded 43 frames
  Prefix scoring: 54.7s
  Rewards: [0.0, 0.4, 0.4, 0.67, 1.0, 0.87, 0.93, 0.8]
  Failed regions: [[25, 36]]
  Successful interval: 29-36
  Keyframes: [7, 29, 36, 37, 42]
  Success detected: True
  Confidence: 0.46

--- Segment 157/389 ---

============================================================
Segment: RouteStick_ep40_f150-199
  Subtask: move to the nearest right target by circling around the stick clockwise
  Frames: 150 - 199
============================================================
  Loaded 50 frames
  Prefix scoring: 54.8s
  Rewards: [0.0, 0.58, 0.68, 0.79, 0.89, 0.84, 0.74, 1.0]
  Failed regions: [[30, 49]]
  Successful interval: 40-49
  Keyframes: [10, 40, 44, 49]
  Success detected: True
  Confidence: 0.57

--- Segment 158/389 ---

============================================================
Segment: RouteStick_ep41_f150-292
  Subtask: move to the nearest left target by circling around the stick clockwise
  Frames: 150 - 292
============================================================
  Loaded 143 frames
  Prefix scoring: 55.2s
  Rewards: [0.62, 0.69, 1.0, 0.69, 0.0, 0.77, 0.54, 0.46]
  Failed regions: []
  Successful interval: 7-50
  Keyframes: [0, 7, 44, 50, 136]
  Success detected: True
  Confidence: 0.63

--- Segment 159/389 ---

============================================================
Segment: RouteStick_ep41_f150-299
  Subtask: move to the nearest left target by circling around the stick clockwise
  Frames: 150 - 299
============================================================
  Loaded 150 frames
  Prefix scoring: 55.2s
  Rewards: [0.56, 1.0, 0.44, 0.0, 0.0, 0.56, 0.44, 0.89]
  Failed regions: [[34, 110], [34, 110], [110, 149]]
  Successful interval: 122-149
  Keyframes: [0, 122, 144, 149]
  Success detected: True
  Confidence: 0.61

--- Segment 160/389 ---

============================================================
Segment: RouteStick_ep42_f200-299
  Subtask: move to the nearest right target by circling around the stick clockwise
  Frames: 200 - 299
============================================================
  Loaded 100 frames
  Prefix scoring: 54.9s
  Rewards: [0.13, 0.13, 0.53, 0.13, 1.0, 0.0, 0.67, 0.6]
  Failed regions: [[35, 60]]
  Successful interval: 43-60
  Keyframes: [2, 43, 44, 60, 96]
  Success detected: True
  Confidence: 0.87

--- Segment 161/389 ---

============================================================
Segment: RouteStick_ep42_f300-392
  Subtask: move to the nearest left target by circling around the stick counterclockwise
  Frames: 300 - 392
============================================================
  Loaded 93 frames
  Prefix scoring: 54.8s
  Rewards: [0.0, 0.45, 0.27, 0.64, 1.0, 0.73, 0.64, 0.27]
  Failed regions: [[20, 44]]
  Successful interval: 28-56
  Keyframes: [18, 28, 44, 56, 90]
  Success detected: True
  Confidence: 0.79

--- Segment 162/389 ---

============================================================
Segment: RouteStick_ep42_f300-399
  Subtask: move to the nearest left target by circling around the stick counterclockwise
  Frames: 300 - 399
============================================================
  Loaded 100 frames
  Prefix scoring: 54.9s
  Rewards: [0.07, 0.0, 0.57, 0.43, 1.0, 0.36, 0.36, 0.43]
  Failed regions: [[35, 60]]
  Successful interval: 43-60
  Keyframes: [18, 43, 44, 60, 99]
  Success detected: True
  Confidence: 0.75

--- Segment 163/389 ---

============================================================
Segment: RouteStick_ep43_f300-399
  Subtask: move to the nearest right target by circling around the stick clockwise
  Frames: 300 - 399
============================================================
  Loaded 100 frames
  Prefix scoring: 55.2s
  Rewards: [0.5, 0.7, 0.6, 0.9, 1.0, 0.2, 0.2, 0.0]
  Failed regions: [[22, 48]]
  Successful interval: 30-60
  Keyframes: [5, 30, 44, 60, 97]
  Success detected: True
  Confidence: 0.66

--- Segment 164/389 ---

============================================================
Segment: RouteStick_ep43_f400-449
  Subtask: move to the nearest left target by circling around the stick clockwise
  Frames: 400 - 449
============================================================
  Loaded 50 frames
  Prefix scoring: 54.7s
  Rewards: [0.0, 0.73, 0.64, 1.0, 0.55, 0.91, 0.91, 0.73]
  Failed regions: [[11, 23], [23, 36]]
  Successful interval: 28-36
  Keyframes: [1, 28, 36, 37, 48]
  Success detected: True
  Confidence: 0.55

--- Segment 165/389 ---

============================================================
Segment: RouteStick_ep43_f450-499
  Subtask: move to the nearest right target by circling around the stick counterclockwise
  Frames: 450 - 499
============================================================
  Loaded 50 frames
  Prefix scoring: 55.6s
  Rewards: [0.0, 1.0, 1.0, 0.83, 0.67, 0.83, 0.83, 1.0]
  Failed regions: [[17, 36]]
  Successful interval: 40-49
  Keyframes: [0, 40, 44, 49]
  Success detected: True
  Confidence: 0.51

--- Segment 166/389 ---

============================================================
Segment: RouteStick_ep43_f500-549
  Subtask: move to the nearest left target by circling around the stick clockwise
  Frames: 500 - 549
============================================================
  Loaded 50 frames
  Prefix scoring: 55.0s
  Rewards: [0.0, 0.91, 1.0, 0.91, 0.55, 1.0, 0.45, 0.27]
  Failed regions: [[17, 36]]
  Successful interval: 28-36
  Keyframes: [1, 28, 36, 37, 49]
  Success detected: True
  Confidence: 0.65

--- Segment 167/389 ---

============================================================
Segment: RouteStick_ep43_f550-592
  Subtask: move to the nearest right target by circling around the stick counterclockwise
  Frames: 550 - 592
============================================================
  Loaded 43 frames
  Prefix scoring: 54.8s
  Rewards: [0.0, 1.0, 0.4, 0.9, 0.8, 0.6, 0.6, 0.6]
  Failed regions: [[9, 20]]
  Successful interval: 12-20
  Keyframes: [0, 12, 13, 20, 42]
  Success detected: True
  Confidence: 0.62

--- Segment 168/389 ---

============================================================
Segment: RouteStick_ep43_f550-599
  Subtask: move to the nearest right target by circling around the stick counterclockwise
  Frames: 550 - 599
============================================================
  Loaded 50 frames
  Prefix scoring: 54.8s
  Rewards: [0.0, 1.0, 0.18, 0.45, 0.27, 0.27, 0.27, 0.64]
  Failed regions: []
  Successful interval: 3-11
  Keyframes: [0, 3, 5, 11, 49]
  Success detected: True
  Confidence: 0.92

--- Segment 169/389 ---

============================================================
Segment: RouteStick_ep44_f100-192
  Subtask: move to the nearest left target by circling around the stick counterclockwise
  Frames: 100 - 192
============================================================
  Loaded 93 frames
  Prefix scoring: 54.8s
  Rewards: [0.83, 0.92, 1.0, 0.92, 0.42, 0.5, 0.42, 0.0]
  Failed regions: []
  Successful interval: 5-32
  Keyframes: [1, 5, 8, 32, 91]
  Success detected: True
  Confidence: 0.54

--- Segment 170/389 ---

============================================================
Segment: RouteStick_ep44_f100-199
  Subtask: move to the nearest left target by circling around the stick counterclockwise
  Frames: 100 - 199
============================================================
  Loaded 100 frames
  Prefix scoring: 56.3s
  Rewards: [0.55, 1.0, 0.45, 0.91, 0.45, 0.0, 0.36, 0.0]
  Failed regions: [[22, 48]]
  Successful interval: 30-48
  Keyframes: [18, 30, 44, 48, 78]
  Success detected: True
  Confidence: 0.63

--- Segment 171/389 ---

============================================================
Segment: RouteStick_ep45_f100-192
  Subtask: move to the nearest left target by circling around the stick counterclockwise
  Frames: 100 - 192
============================================================
  Loaded 93 frames
  Prefix scoring: 55.1s
  Rewards: [0.0, 0.64, 0.45, 0.91, 1.0, 0.82, 0.59, 0.5]
  Failed regions: [[20, 44]]
  Successful interval: 28-56
  Keyframes: [18, 28, 44, 56, 92]
  Success detected: True
  Confidence: 0.70

--- Segment 172/389 ---

============================================================
Segment: RouteStick_ep45_f100-199
  Subtask: move to the nearest left target by circling around the stick counterclockwise
  Frames: 100 - 199
============================================================
  Loaded 100 frames
  Prefix scoring: 55.2s
  Rewards: [0.0, 0.22, 0.7, 0.96, 1.0, 0.7, 0.61, 0.39]
  Failed regions: []
  Successful interval: 5-60
  Keyframes: [3, 5, 44, 60, 97]
  Success detected: True
  Confidence: 0.89

--- Segment 173/389 ---

============================================================
Segment: RouteStick_ep46_f200-249
  Subtask: move to the nearest right target by circling around the stick counterclockwise
  Frames: 200 - 249
============================================================
  Loaded 50 frames
  Prefix scoring: 55.8s
  Rewards: [0.0, 0.5, 1.0, 1.0, 0.6, 0.7, 0.5, 1.0]
  Failed regions: [[23, 36], [36, 49]]
  Successful interval: 40-49
  Keyframes: [0, 40, 44, 49]
  Success detected: True
  Confidence: 0.67

--- Segment 174/389 ---

============================================================
Segment: RouteStick_ep46_f250-299
  Subtask: move to the nearest right target by circling around the stick clockwise
  Frames: 250 - 299
============================================================
  Loaded 50 frames
  Prefix scoring: 54.9s
  Rewards: [0.0, 0.65, 0.4, 0.65, 0.55, 1.0, 0.9, 0.6]
  Failed regions: [[11, 23], [23, 36]]
  Successful interval: 28-36
  Keyframes: [6, 28, 35, 36, 49]
  Success detected: True
  Confidence: 0.66

--- Segment 175/389 ---

============================================================
Segment: RouteStick_ep46_f300-392
  Subtask: move to the nearest right target by circling around the stick counterclockwise
  Frames: 300 - 392
============================================================
  Loaded 93 frames
  Prefix scoring: 54.7s
  Rewards: [0.57, 0.21, 0.64, 0.79, 1.0, 0.21, 0.0, 0.36]
  Failed regions: [[9, 32]]
  Successful interval: 16-56
  Keyframes: [0, 16, 44, 56, 92]
  Success detected: True
  Confidence: 0.82

--- Segment 176/389 ---

============================================================
Segment: RouteStick_ep46_f300-399
  Subtask: move to the nearest right target by circling around the stick counterclockwise
  Frames: 300 - 399
============================================================
  Loaded 100 frames
  Prefix scoring: 54.8s
  Rewards: [0.0, 0.0, 1.0, 1.0, 0.67, 0.0, 0.0, 1.0]
  Failed regions: [[48, 86], [48, 99]]
  Successful interval: 81-99
  Keyframes: [0, 81, 94, 99]
  Success detected: True
  Confidence: 0.91

--- Segment 177/389 ---

============================================================
Segment: RouteStick_ep47_f250-299
  Subtask: move to the nearest left target by circling around the stick clockwise
  Frames: 250 - 299
============================================================
  Loaded 50 frames
  Prefix scoring: 54.6s
  Rewards: [0.0, 0.25, 0.88, 0.75, 0.75, 0.5, 1.0, 0.62]
  Failed regions: [[17, 30], [30, 42]]
  Successful interval: 34-42
  Keyframes: [0, 34, 42, 43, 49]
  Success detected: True
  Confidence: 0.68

--- Segment 178/389 ---

============================================================
Segment: RouteStick_ep47_f300-349
  Subtask: move to the nearest right target by circling around the stick counterclockwise
  Frames: 300 - 349
============================================================
  Loaded 50 frames
  Prefix scoring: 55.1s
  Rewards: [0.0, 0.43, 1.0, 0.86, 0.71, 0.86, 0.29, 0.86]
  Failed regions: [[17, 36], [36, 49]]
  Successful interval: 40-49
  Keyframes: [0, 40, 44, 49]
  Success detected: True
  Confidence: 0.62

--- Segment 179/389 ---

============================================================
Segment: RouteStick_ep47_f350-399
  Subtask: move to the nearest left target by circling around the stick clockwise
  Frames: 350 - 399
============================================================
  Loaded 50 frames
  Prefix scoring: 54.7s
  Rewards: [0.0, 0.86, 0.71, 0.86, 0.86, 0.71, 0.86, 1.0]
  Failed regions: [[11, 23], [30, 42]]
  Successful interval: 34-49
  Keyframes: [0, 34, 44, 49]
  Success detected: True
  Confidence: 0.57

--- Segment 180/389 ---

============================================================
Segment: RouteStick_ep47_f400-449
  Subtask: move to the nearest right target by circling around the stick clockwise
  Frames: 400 - 449
============================================================
  Loaded 50 frames
  Prefix scoring: 54.6s
  Rewards: [0.0, 0.44, 0.56, 0.44, 0.0, 0.44, 0.78, 1.0]
  Failed regions: [[17, 36]]
  Successful interval: 28-49
  Keyframes: [10, 28, 44, 49]
  Success detected: True
  Confidence: 0.91

--- Segment 181/389 ---

============================================================
Segment: RouteStick_ep47_f450-492
  Subtask: move to the nearest left target by circling around the stick clockwise
  Frames: 450 - 492
============================================================
  Loaded 43 frames
  Prefix scoring: 55.9s
  Rewards: [0.0, 0.62, 1.0, 0.38, 0.88, 0.62, 0.62, 0.25]
  Failed regions: [[14, 25]]
  Successful interval: 18-25
  Keyframes: [0, 18, 19, 25, 42]
  Success detected: True
  Confidence: 0.62

--- Segment 182/389 ---

============================================================
Segment: RouteStick_ep47_f450-499
  Subtask: move to the nearest left target by circling around the stick clockwise
  Frames: 450 - 499
============================================================
  Loaded 50 frames
  Prefix scoring: 54.8s
  Rewards: [0.0, 0.75, 0.75, 0.38, 0.38, 0.62, 0.25, 1.0]
  Failed regions: [[17, 36], [17, 36], [36, 49]]
  Successful interval: 40-49
  Keyframes: [0, 40, 44, 49]
  Success detected: True
  Confidence: 0.80

--- Segment 183/389 ---

============================================================
Segment: RouteStick_ep48_f150-292
  Subtask: move to the nearest left target by circling around the stick clockwise
  Frames: 150 - 292
============================================================
  Loaded 143 frames
  Prefix scoring: 55.2s
  Rewards: [0.35, 0.29, 0.47, 0.41, 0.47, 0.29, 0.0, 1.0]
  Failed regions: [[87, 142]]
  Successful interval: 116-142
  Keyframes: [0, 116, 142]
  Success detected: True
  Confidence: 0.92

--- Segment 184/389 ---

============================================================
Segment: RouteStick_ep48_f150-299
  Subtask: move to the nearest left target by circling around the stick clockwise
  Frames: 150 - 299
============================================================
  Loaded 150 frames
  Prefix scoring: 55.3s
  Rewards: [0.22, 0.17, 0.61, 0.5, 0.44, 0.0, 0.22, 1.0]
  Failed regions: [[53, 129]]
  Successful interval: 103-149
  Keyframes: [0, 103, 144, 149]
  Success detected: True
  Confidence: 0.92

--- Segment 185/389 ---

============================================================
Segment: RouteStick_ep49_f150-249
  Subtask: move to the nearest left target by circling around the stick clockwise
  Frames: 150 - 249
============================================================
  Loaded 100 frames
  Prefix scoring: 55.0s
  Rewards: [1.0, 0.45, 0.82, 1.0, 0.82, 0.36, 0.0, 0.82]
  Failed regions: [[10, 48], [48, 99]]
  Successful interval: 81-99
  Keyframes: [1, 81, 94, 99]
  Success detected: True
  Confidence: 0.69

--- Segment 186/389 ---

============================================================
Segment: RouteStick_ep49_f250-292
  Subtask: move to the nearest right target by circling around the stick clockwise
  Frames: 250 - 292
============================================================
  Loaded 43 frames
  Prefix scoring: 54.8s
  Rewards: [0.0, 0.62, 0.56, 0.38, 1.0, 0.88, 0.62, 0.94]
  Failed regions: [[9, 25], [25, 42]]
  Successful interval: 34-42
  Keyframes: [1, 34, 38, 42]
  Success detected: True
  Confidence: 0.56

--- Segment 187/389 ---

============================================================
Segment: RouteStick_ep49_f250-299
  Subtask: move to the nearest right target by circling around the stick clockwise
  Frames: 250 - 299
============================================================
  Loaded 50 frames
  Prefix scoring: 55.0s
  Rewards: [0.0, 0.43, 0.43, 0.71, 1.0, 0.57, 0.93, 0.64]
  Failed regions: [[30, 42]]
  Successful interval: 34-42
  Keyframes: [1, 34, 38, 42, 49]
  Success detected: True
  Confidence: 0.58

--- Segment 188/389 ---

============================================================
Segment: RouteStick_ep50_f200-249
  Subtask: move to the nearest right target by circling around the stick counterclockwise
  Frames: 200 - 249
============================================================
  Loaded 50 frames
  Prefix scoring: 54.8s
  Rewards: [0.0, 1.0, 0.56, 0.67, 0.11, 0.89, 0.44, 0.44]
  Failed regions: [[11, 23], [23, 36]]
  Successful interval: 28-36
  Keyframes: [0, 28, 35, 36, 49]
  Success detected: True
  Confidence: 0.74

--- Segment 189/389 ---

============================================================
Segment: RouteStick_ep50_f250-299
  Subtask: move to the nearest left target by circling around the stick clockwise
  Frames: 250 - 299
============================================================
  Loaded 50 frames
  Prefix scoring: 55.6s
  Rewards: [0.0, 0.62, 1.0, 0.77, 0.54, 0.77, 0.69, 0.77]
  Failed regions: []
  Successful interval: 3-17
  Keyframes: [0, 3, 5, 17, 49]
  Success detected: True
  Confidence: 0.87

--- Segment 190/389 ---

============================================================
Segment: RouteStick_ep50_f300-349
  Subtask: move to the nearest left target by circling around the stick counterclockwise
  Frames: 300 - 349
============================================================
  Loaded 50 frames
  Prefix scoring: 54.8s
  Rewards: [0.44, 0.56, 1.0, 0.78, 0.0, 0.33, 0.44, 1.0]
  Failed regions: [[17, 36]]
  Successful interval: 28-49
  Keyframes: [10, 28, 44, 49]
  Success detected: True
  Confidence: 0.89

--- Segment 191/389 ---

============================================================
Segment: RouteStick_ep50_f350-392
  Subtask: move to the nearest left target by circling around the stick clockwise
  Frames: 350 - 392
============================================================
  Loaded 43 frames
  Prefix scoring: 54.7s
  Rewards: [0.0, 1.0, 0.82, 0.64, 0.82, 0.82, 0.45, 1.0]
  Failed regions: [[9, 25], [31, 42]]
  Successful interval: 34-42
  Keyframes: [0, 34, 42]
  Success detected: True
  Confidence: 0.68

--- Segment 192/389 ---

============================================================
Segment: RouteStick_ep50_f350-399
  Subtask: move to the nearest left target by circling around the stick clockwise
  Frames: 350 - 399
============================================================
  Loaded 50 frames
  Prefix scoring: 54.6s
  Rewards: [0.0, 1.0, 0.8, 0.8, 0.8, 0.3, 0.9, 1.0]
  Failed regions: [[11, 23], [11, 30], [30, 42]]
  Successful interval: 34-49
  Keyframes: [0, 34, 44, 49]
  Success detected: True
  Confidence: 0.74

--- Segment 193/389 ---

============================================================
Segment: RouteStick_ep51_f250-299
  Subtask: move to the nearest left target by circling around the stick clockwise
  Frames: 250 - 299
============================================================
  Loaded 50 frames
  Prefix scoring: 54.7s
  Rewards: [0.0, 0.63, 0.47, 0.95, 1.0, 0.95, 0.74, 0.95]
  Failed regions: [[11, 30], [30, 49]]
  Successful interval: 40-49
  Keyframes: [0, 40, 44, 49]
  Success detected: True
  Confidence: 0.51

--- Segment 194/389 ---

============================================================
Segment: RouteStick_ep51_f300-349
  Subtask: move to the nearest right target by circling around the stick counterclockwise
  Frames: 300 - 349
============================================================
  Loaded 50 frames
  Prefix scoring: 54.8s
  Rewards: [0.33, 0.56, 0.56, 0.44, 0.0, 0.78, 1.0, 0.67]
  Failed regions: [[17, 36]]
  Successful interval: 28-42
  Keyframes: [0, 28, 42, 43, 49]
  Success detected: True
  Confidence: 0.89

--- Segment 195/389 ---

============================================================
Segment: RouteStick_ep51_f350-449
  Subtask: move to the nearest left target by circling around the stick clockwise
  Frames: 350 - 449
============================================================
  Loaded 100 frames
  Prefix scoring: 54.9s
  Rewards: [0.25, 1.0, 0.5, 0.62, 1.0, 0.25, 0.88, 0.0]
  Failed regions: [[22, 60], [60, 86]]
  Successful interval: 68-86
  Keyframes: [0, 68, 86, 87, 99]
  Success detected: True
  Confidence: 0.66

--- Segment 196/389 ---

============================================================
Segment: RouteStick_ep51_f450-492
  Subtask: move to the nearest left target by circling around the stick counterclockwise
  Frames: 450 - 492
============================================================
  Loaded 43 frames
  Prefix scoring: 54.5s
  Rewards: [0.0, 1.0, 0.64, 0.73, 0.36, 0.18, 0.27, 0.91]
  Failed regions: [[9, 20], [20, 36]]
  Successful interval: 29-42
  Keyframes: [0, 29, 41, 42]
  Success detected: True
  Confidence: 0.73

--- Segment 197/389 ---

============================================================
Segment: RouteStick_ep51_f450-499
  Subtask: move to the nearest left target by circling around the stick counterclockwise
  Frames: 450 - 499
============================================================
  Loaded 50 frames
  Prefix scoring: 56.1s
  Rewards: [0.44, 1.0, 0.56, 1.0, 0.0, 0.22, 1.0, 0.89]
  Failed regions: [[11, 23], [23, 36]]
  Successful interval: 28-42
  Keyframes: [0, 28, 41, 42, 49]
  Success detected: True
  Confidence: 0.87

--- Segment 198/389 ---

============================================================
Segment: RouteStick_ep52_f100-192
  Subtask: move to the nearest right target by circling around the stick counterclockwise
  Frames: 100 - 192
============================================================
  Loaded 93 frames
  Prefix scoring: 55.0s
  Rewards: [0.59, 0.71, 0.94, 1.0, 0.88, 0.71, 0.0, 0.65]
  Failed regions: []
  Successful interval: 5-44
  Keyframes: [0, 5, 44, 45, 90]
  Success detected: True
  Confidence: 0.63

--- Segment 199/389 ---

============================================================
Segment: RouteStick_ep52_f100-199
  Subtask: move to the nearest right target by circling around the stick counterclockwise
  Frames: 100 - 199
============================================================
  Loaded 100 frames
  Prefix scoring: 55.3s
  Rewards: [0.08, 0.08, 0.67, 1.0, 0.42, 0.0, 0.25, 0.75]
  Failed regions: []
  Successful interval: 17-48
  Keyframes: [0, 17, 44, 48, 97]
  Success detected: True
  Confidence: 0.89

--- Segment 200/389 ---

============================================================
Segment: RouteStick_ep53_f100-149
  Subtask: move to the nearest left target by circling around the stick counterclockwise
  Frames: 100 - 149
============================================================
  Loaded 50 frames
  Prefix scoring: 54.6s
  Rewards: [0.46, 0.69, 0.62, 0.62, 0.92, 1.0, 0.46, 0.0]
  Failed regions: []
  Successful interval: 21-36
  Keyframes: [10, 21, 22, 36, 48]
  Success detected: True
  Confidence: 0.63

--- Segment 201/389 ---

============================================================
Segment: RouteStick_ep53_f150-192
  Subtask: move to the nearest right target by circling around the stick counterclockwise
  Frames: 150 - 192
============================================================
  Loaded 43 frames
  Prefix scoring: 54.9s
  Rewards: [0.0, 0.36, 0.82, 1.0, 0.82, 0.82, 0.91, 0.82]
  Failed regions: [[20, 31], [20, 36]]
  Successful interval: 29-36
  Keyframes: [0, 29, 36, 37, 42]
  Success detected: True
  Confidence: 0.44

--- Segment 202/389 ---

============================================================
Segment: RouteStick_ep53_f150-199
  Subtask: move to the nearest right target by circling around the stick counterclockwise
  Frames: 150 - 199
============================================================
  Loaded 50 frames
  Prefix scoring: 54.7s
  Rewards: [0.0, 0.0, 0.67, 0.89, 0.89, 0.89, 0.78, 1.0]
  Failed regions: [[36, 49]]
  Successful interval: 40-49
  Keyframes: [0, 40, 44, 49]
  Success detected: True
  Confidence: 0.56

--- Segment 203/389 ---

============================================================
Segment: RouteStick_ep54_f200-249
  Subtask: move to the nearest right target by circling around the stick counterclockwise
  Frames: 200 - 249
============================================================
  Loaded 50 frames
  Prefix scoring: 55.2s
  Rewards: [0.3, 0.0, 0.3, 0.8, 1.0, 0.9, 0.4, 0.7]
  Failed regions: [[5, 17]]
  Successful interval: 9-30
  Keyframes: [0, 9, 10, 30, 49]
  Success detected: True
  Confidence: 0.89

--- Segment 204/389 ---

============================================================
Segment: RouteStick_ep54_f250-299
  Subtask: move to the nearest left target by circling around the stick counterclockwise
  Frames: 250 - 299
============================================================
  Loaded 50 frames
  Prefix scoring: 54.9s
  Rewards: [0.0, 0.35, 0.65, 0.65, 1.0, 0.59, 0.47, 0.71]
  Failed regions: []
  Successful interval: 21-30
  Keyframes: [1, 21, 30, 31, 49]
  Success detected: True
  Confidence: 0.63

--- Segment 205/389 ---

============================================================
Segment: RouteStick_ep54_f300-349
  Subtask: move to the nearest left target by circling around the stick clockwise
  Frames: 300 - 349
============================================================
  Loaded 50 frames
  Prefix scoring: 55.9s
  Rewards: [0.0, 0.64, 0.73, 1.0, 0.82, 0.64, 0.82, 0.91]
  Failed regions: [[23, 42]]
  Successful interval: 34-49
  Keyframes: [0, 34, 44, 49]
  Success detected: True
  Confidence: 0.52

--- Segment 206/389 ---

============================================================
Segment: RouteStick_ep54_f350-392
  Subtask: move to the nearest left target by circling around the stick counterclockwise
  Frames: 350 - 392
============================================================
  Loaded 43 frames
  Prefix scoring: 54.9s
  Rewards: [0.0, 0.56, 0.78, 0.89, 0.72, 0.56, 0.72, 1.0]
  Failed regions: [[20, 36]]
  Successful interval: 29-42
  Keyframes: [0, 29, 42]
  Success detected: True
  Confidence: 0.65

--- Segment 207/389 ---

============================================================
Segment: RouteStick_ep54_f350-399
  Subtask: move to the nearest left target by circling around the stick counterclockwise
  Frames: 350 - 399
============================================================
  Loaded 50 frames
  Prefix scoring: 54.7s
  Rewards: [0.0, 0.61, 0.78, 0.67, 0.89, 0.72, 1.0, 0.83]
  Failed regions: [[17, 30], [30, 42]]
  Successful interval: 34-42
  Keyframes: [0, 34, 42, 43, 49]
  Success detected: True
  Confidence: 0.57

--- Segment 208/389 ---

============================================================
Segment: RouteStick_ep55_f350-399
  Subtask: move to the nearest right target by circling around the stick clockwise
  Frames: 350 - 399
============================================================
  Loaded 50 frames
  Prefix scoring: 54.7s
  Rewards: [0.0, 1.0, 0.9, 0.2, 0.5, 0.1, 0.7, 0.9]
  Failed regions: [[11, 30], [30, 42]]
  Successful interval: 34-49
  Keyframes: [0, 34, 44, 49]
  Success detected: True
  Confidence: 0.75

--- Segment 209/389 ---

============================================================
Segment: RouteStick_ep55_f400-449
  Subtask: move to the nearest right target by circling around the stick counterclockwise
  Frames: 400 - 449
============================================================
  Loaded 50 frames
  Prefix scoring: 54.5s
  Rewards: [0.0, 0.75, 0.75, 0.67, 0.75, 1.0, 0.58, 0.83]
  Failed regions: [[17, 36], [36, 49]]
  Successful interval: 40-49
  Keyframes: [1, 40, 44, 49]
  Success detected: True
  Confidence: 0.47

--- Segment 210/389 ---

============================================================
Segment: RouteStick_ep55_f450-499
  Subtask: move to the nearest left target by circling around the stick counterclockwise
  Frames: 450 - 499
============================================================
  Loaded 50 frames
  Prefix scoring: 54.7s
  Rewards: [0.0, 0.59, 0.41, 0.35, 0.76, 1.0, 0.65, 0.82]
  Failed regions: [[11, 36], [36, 49]]
  Successful interval: 40-49
  Keyframes: [10, 40, 44, 49]
  Success detected: True
  Confidence: 0.45

--- Segment 211/389 ---

============================================================
Segment: RouteStick_ep55_f500-549
  Subtask: move to the nearest left target by circling around the stick clockwise
  Frames: 500 - 549
============================================================
  Loaded 50 frames
  Prefix scoring: 54.8s
  Rewards: [0.0, 0.91, 1.0, 0.27, 0.18, 0.09, 0.45, 0.45]
  Failed regions: []
  Successful interval: 3-17
  Keyframes: [0, 3, 4, 17, 49]
  Success detected: True
  Confidence: 0.92

--- Segment 212/389 ---

============================================================
Segment: RouteStick_ep55_f550-599
  Subtask: move to the nearest right target by circling around the stick counterclockwise
  Frames: 550 - 599
============================================================
  Loaded 50 frames
  Prefix scoring: 54.6s
  Rewards: [0.0, 0.29, 0.86, 0.57, 0.57, 0.86, 1.0, 0.71]
  Failed regions: [[17, 30], [17, 36]]
  Successful interval: 28-42
  Keyframes: [0, 28, 42, 43, 49]
  Success detected: True
  Confidence: 0.65

--- Segment 213/389 ---

============================================================
Segment: RouteStick_ep55_f600-649
  Subtask: move to the nearest right target by circling around the stick clockwise
  Frames: 600 - 649
============================================================
  Loaded 50 frames
  Prefix scoring: 55.8s
  Rewards: [0.67, 0.78, 0.89, 0.33, 0.78, 0.0, 0.78, 1.0]
  Failed regions: [[17, 30], [30, 42]]
  Successful interval: 34-49
  Keyframes: [0, 34, 44, 49]
  Success detected: True
  Confidence: 0.87

--- Segment 214/389 ---

============================================================
Segment: RouteStick_ep55_f650-692
  Subtask: move to the nearest left target by circling around the stick counterclockwise
  Frames: 650 - 692
============================================================
  Loaded 43 frames
  Prefix scoring: 55.0s
  Rewards: [0.0, 0.6, 0.53, 0.93, 1.0, 1.0, 1.0, 1.0]
  Failed regions: []
  Successful interval: 12-25
  Keyframes: [0, 12, 13, 25, 42]
  Success detected: True
  Confidence: 0.64

--- Segment 215/389 ---

============================================================
Segment: RouteStick_ep55_f650-699
  Subtask: move to the nearest left target by circling around the stick counterclockwise
  Frames: 650 - 699
============================================================
  Loaded 50 frames
  Prefix scoring: 54.8s
  Rewards: [0.0, 0.5, 0.67, 1.0, 0.83, 1.0, 1.0, 0.92]
  Failed regions: [[23, 36]]
  Successful interval: 28-36
  Keyframes: [4, 28, 36, 37, 48]
  Success detected: True
  Confidence: 0.52

--- Segment 216/389 ---

============================================================
Segment: RouteStick_ep56_f100-192
  Subtask: move to the nearest left target by circling around the stick counterclockwise
  Frames: 100 - 192
============================================================
  Loaded 93 frames
  Prefix scoring: 55.0s
  Rewards: [0.0, 0.85, 0.15, 0.54, 1.0, 0.38, 0.15, 0.08]
  Failed regions: [[20, 44]]
  Successful interval: 28-56
  Keyframes: [18, 28, 44, 56, 92]
  Success detected: True
  Confidence: 0.86

--- Segment 217/389 ---

============================================================
Segment: RouteStick_ep56_f100-199
  Subtask: move to the nearest left target by circling around the stick counterclockwise
  Frames: 100 - 199
============================================================
  Loaded 100 frames
  Prefix scoring: 54.8s
  Rewards: [0.12, 0.59, 1.0, 0.41, 0.65, 0.53, 0.65, 0.0]
  Failed regions: []
  Successful interval: 5-35
  Keyframes: [2, 5, 35, 36, 94]
  Success detected: True
  Confidence: 0.85

--- Segment 218/389 ---

============================================================
Segment: RouteStick_ep57_f150-292
  Subtask: move to the nearest left target by circling around the stick clockwise
  Frames: 150 - 292
============================================================
  Loaded 143 frames
  Prefix scoring: 56.0s
  Rewards: [1.0, 0.56, 0.72, 0.0, 0.39, 0.44, 0.11, 0.56]
  Failed regions: []
  Successful interval: 7-14
  Keyframes: [0, 7, 8, 14, 98]
  Success detected: True
  Confidence: 0.51

--- Segment 219/389 ---

============================================================
Segment: RouteStick_ep57_f150-299
  Subtask: move to the nearest left target by circling around the stick clockwise
  Frames: 150 - 299
============================================================
  Loaded 150 frames
  Prefix scoring: 55.5s
  Rewards: [0.88, 0.76, 1.0, 0.0, 0.24, 0.41, 0.12, 0.65]
  Failed regions: [[15, 53]]
  Successful interval: 27-53
  Keyframes: [0, 27, 44, 53, 145]
  Success detected: True
  Confidence: 0.59

--- Segment 220/389 ---

============================================================
Segment: RouteStick_ep58_f200-299
  Subtask: move to the nearest right target by circling around the stick counterclockwise
  Frames: 200 - 299
============================================================
  Loaded 100 frames
  Prefix scoring: 55.1s
  Rewards: [0.06, 0.19, 0.56, 1.0, 0.44, 0.0, 0.56, 0.5]
  Failed regions: []
  Successful interval: 5-48
  Keyframes: [1, 5, 44, 48, 99]
  Success detected: True
  Confidence: 0.89

--- Segment 221/389 ---

============================================================
Segment: RouteStick_ep58_f300-392
  Subtask: move to the nearest left target by circling around the stick clockwise
  Frames: 300 - 392
============================================================
  Loaded 93 frames
  Prefix scoring: 55.2s
  Rewards: [0.1, 1.0, 0.2, 0.8, 1.0, 0.1, 0.0, 0.7]
  Failed regions: [[20, 44]]
  Successful interval: 28-56
  Keyframes: [0, 28, 54, 56, 92]
  Success detected: True
  Confidence: 0.82

--- Segment 222/389 ---

============================================================
Segment: RouteStick_ep58_f300-399
  Subtask: move to the nearest left target by circling around the stick clockwise
  Frames: 300 - 399
============================================================
  Loaded 100 frames
  Prefix scoring: 55.1s
  Rewards: [0.14, 0.0, 0.14, 0.43, 0.43, 0.29, 1.0, 0.71]
  Failed regions: [[60, 86]]
  Successful interval: 68-86
  Keyframes: [1, 68, 86, 87, 99]
  Success detected: True
  Confidence: 0.81

--- Segment 223/389 ---

============================================================
Segment: RouteStick_ep59_f300-449
  Subtask: move to the nearest left target by circling around the stick counterclockwise
  Frames: 300 - 449
============================================================
  Loaded 150 frames
  Prefix scoring: 55.7s
  Rewards: [0.0, 1.0, 0.33, 0.33, 0.56, 0.22, 0.11, 1.0]
  Failed regions: [[34, 91], [34, 91], [91, 149]]
  Successful interval: 122-149
  Keyframes: [20, 122, 144, 149]
  Success detected: True
  Confidence: 0.87

--- Segment 224/389 ---

============================================================
Segment: RouteStick_ep59_f450-549
  Subtask: move to the nearest right target by circling around the stick clockwise
  Frames: 450 - 549
============================================================
  Loaded 100 frames
  Prefix scoring: 54.7s
  Rewards: [1.0, 0.57, 0.86, 0.0, 0.14, 0.43, 0.86, 0.86]
  Failed regions: [[10, 35], [35, 60]]
  Successful interval: 43-86
  Keyframes: [16, 43, 44, 86, 99]
  Success detected: True
  Confidence: 0.74

--- Segment 225/389 ---

============================================================
Segment: RouteStick_ep59_f550-592
  Subtask: move to the nearest right target by circling around the stick counterclockwise
  Frames: 550 - 592
============================================================
  Loaded 43 frames
  Prefix scoring: 54.9s
  Rewards: [0.0, 1.0, 1.0, 0.67, 0.33, 0.83, 0.67, 0.67]
  Failed regions: [[14, 31]]
  Successful interval: 23-31
  Keyframes: [1, 23, 30, 31, 42]
  Success detected: True
  Confidence: 0.57

--- Segment 226/389 ---

============================================================
Segment: RouteStick_ep59_f550-599
  Subtask: move to the nearest right target by circling around the stick counterclockwise
  Frames: 550 - 599
============================================================
  Loaded 50 frames
  Prefix scoring: 54.9s
  Rewards: [0.0, 1.0, 0.71, 0.57, 0.43, 0.43, 0.43, 0.29]
  Failed regions: []
  Successful interval: 3-11
  Keyframes: [0, 3, 4, 11, 49]
  Success detected: True
  Confidence: 0.90

--- Segment 227/389 ---

============================================================
Segment: RouteStick_ep60_f150-199
  Subtask: move to the nearest left target by circling around the stick counterclockwise
  Frames: 150 - 199
============================================================
  Loaded 50 frames
  Prefix scoring: 54.9s
  Rewards: [0.0, 0.52, 0.48, 1.0, 0.86, 0.81, 0.9, 0.81]
  Failed regions: [[23, 42]]
  Successful interval: 34-42
  Keyframes: [0, 34, 42, 43, 49]
  Success detected: True
  Confidence: 0.45

--- Segment 228/389 ---

============================================================
Segment: RouteStick_ep60_f200-249
  Subtask: move to the nearest left target by circling around the stick clockwise
  Frames: 200 - 249
============================================================
  Loaded 50 frames
  Prefix scoring: 54.6s
  Rewards: [0.14, 1.0, 0.57, 0.86, 0.71, 0.0, 0.14, 0.0]
  Failed regions: [[11, 23]]
  Successful interval: 15-23
  Keyframes: [0, 15, 16, 23, 49]
  Success detected: True
  Confidence: 0.54

--- Segment 229/389 ---

============================================================
Segment: RouteStick_ep60_f250-292
  Subtask: move to the nearest right target by circling around the stick clockwise
  Frames: 250 - 292
============================================================
  Loaded 43 frames
  Prefix scoring: 55.2s
  Rewards: [0.0, 0.5, 0.71, 0.86, 1.0, 0.93, 0.64, 0.57]
  Failed regions: []
  Successful interval: 2-25
  Keyframes: [0, 2, 25, 26, 42]
  Success detected: True
  Confidence: 0.87

--- Segment 230/389 ---

============================================================
Segment: RouteStick_ep60_f250-299
  Subtask: move to the nearest right target by circling around the stick clockwise
  Frames: 250 - 299
============================================================
  Loaded 50 frames
  Prefix scoring: 54.8s
  Rewards: [0.0, 0.3, 0.0, 0.3, 1.0, 0.4, 0.3, 0.7]
  Failed regions: [[11, 23]]
  Successful interval: 15-30
  Keyframes: [0, 15, 30, 31, 49]
  Success detected: True
  Confidence: 0.93

--- Segment 231/389 ---

============================================================
Segment: RouteStick_ep61_f150-249
  Subtask: move to the nearest left target by circling around the stick counterclockwise
  Frames: 150 - 249
============================================================
  Loaded 100 frames
  Prefix scoring: 55.0s
  Rewards: [0.5, 1.0, 0.75, 0.33, 0.17, 0.08, 0.75, 0.0]
  Failed regions: []
  Successful interval: 5-22
  Keyframes: [0, 5, 10, 22, 86]
  Success detected: True
  Confidence: 0.71

--- Segment 232/389 ---

============================================================
Segment: RouteStick_ep61_f250-292
  Subtask: move to the nearest left target by circling around the stick clockwise
  Frames: 250 - 292
============================================================
  Loaded 43 frames
  Prefix scoring: 54.8s
  Rewards: [0.54, 1.0, 0.77, 0.69, 0.38, 0.31, 0.0, 0.08]
  Failed regions: []
  Successful interval: 2-9
  Keyframes: [0, 2, 4, 9, 42]
  Success detected: True
  Confidence: 0.69

--- Segment 233/389 ---

============================================================
Segment: RouteStick_ep61_f250-299
  Subtask: move to the nearest left target by circling around the stick clockwise
  Frames: 250 - 299
============================================================
  Loaded 50 frames
  Prefix scoring: 54.7s
  Rewards: [0.36, 1.0, 1.0, 0.0, 0.18, 0.0, 0.09, 0.36]
  Failed regions: []
  Successful interval: 3-11
  Keyframes: [1, 3, 4, 11, 47]
  Success detected: True
  Confidence: 0.78

--- Segment 234/389 ---

============================================================
Segment: RouteStick_ep62_f200-249
  Subtask: move to the nearest right target by circling around the stick counterclockwise
  Frames: 200 - 249
============================================================
  Loaded 50 frames
  Prefix scoring: 55.0s
  Rewards: [0.0, 0.27, 0.27, 0.64, 0.55, 0.82, 0.64, 1.0]
  Failed regions: [[23, 36], [36, 49]]
  Successful interval: 40-49
  Keyframes: [10, 40, 44, 49]
  Success detected: True
  Confidence: 0.64

--- Segment 235/389 ---

============================================================
Segment: RouteStick_ep62_f250-299
  Subtask: move to the nearest right target by circling around the stick clockwise
  Frames: 250 - 299
============================================================
  Loaded 50 frames
  Prefix scoring: 55.1s
  Rewards: [0.0, 0.5, 0.61, 0.67, 0.78, 0.89, 1.0, 0.94]
  Failed regions: []
  Successful interval: 3-42
  Keyframes: [0, 3, 42, 43, 49]
  Success detected: True
  Confidence: 0.87

--- Segment 236/389 ---

============================================================
Segment: RouteStick_ep62_f300-349
  Subtask: move to the nearest right target by circling around the stick counterclockwise
  Frames: 300 - 349
============================================================
  Loaded 50 frames
  Prefix scoring: 55.0s
  Rewards: [0.0, 0.57, 0.43, 0.71, 0.71, 0.86, 1.0, 0.86]
  Failed regions: [[11, 23]]
  Successful interval: 28-42
  Keyframes: [0, 28, 42, 43, 49]
  Success detected: True
  Confidence: 0.59

--- Segment 237/389 ---

============================================================
Segment: RouteStick_ep62_f350-392
  Subtask: move to the nearest right target by circling around the stick clockwise
  Frames: 350 - 392
============================================================
  Loaded 43 frames
  Prefix scoring: 56.0s
  Rewards: [0.2, 1.0, 0.7, 0.6, 0.0, 0.4, 0.2, 0.8]
  Failed regions: [[9, 31], [31, 42]]
  Successful interval: 34-42
  Keyframes: [8, 34, 41, 42]
  Success detected: True
  Confidence: 0.62

--- Segment 238/389 ---

============================================================
Segment: RouteStick_ep62_f350-399
  Subtask: move to the nearest right target by circling around the stick clockwise
  Frames: 350 - 399
============================================================
  Loaded 50 frames
  Prefix scoring: 54.9s
  Rewards: [0.0, 0.33, 0.44, 0.56, 0.0, 0.0, 0.67, 1.0]
  Failed regions: [[23, 36], [23, 42]]
  Successful interval: 34-49
  Keyframes: [10, 34, 44, 49]
  Success detected: True
  Confidence: 0.93

--- Segment 239/389 ---

============================================================
Segment: RouteStick_ep63_f250-299
  Subtask: move to the nearest right target by circling around the stick counterclockwise
  Frames: 250 - 299
============================================================
  Loaded 50 frames
  Prefix scoring: 54.7s
  Rewards: [0.0, 0.88, 0.5, 0.0, 0.62, 0.88, 1.0, 0.5]
  Failed regions: [[11, 30]]
  Successful interval: 21-42
  Keyframes: [0, 21, 42, 43, 49]
  Success detected: True
  Confidence: 0.89

--- Segment 240/389 ---

============================================================
Segment: RouteStick_ep63_f300-349
  Subtask: move to the nearest right target by circling around the stick clockwise
  Frames: 300 - 349
============================================================
  Loaded 50 frames
  Prefix scoring: 54.8s
  Rewards: [0.4, 0.1, 0.8, 1.0, 0.0, 0.7, 1.0, 0.7]
  Failed regions: [[5, 23], [23, 36]]
  Successful interval: 28-42
  Keyframes: [10, 28, 40, 42, 49]
  Success detected: True
  Confidence: 0.88

--- Segment 241/389 ---

============================================================
Segment: RouteStick_ep63_f350-399
  Subtask: move to the nearest left target by circling around the stick counterclockwise
  Frames: 350 - 399
============================================================
  Loaded 50 frames
  Prefix scoring: 55.0s
  Rewards: [0.0, 0.67, 0.22, 0.78, 1.0, 0.22, 0.89, 0.44]
  Failed regions: [[11, 30], [30, 42]]
  Successful interval: 34-42
  Keyframes: [4, 34, 41, 42, 49]
  Success detected: True
  Confidence: 0.69

--- Segment 242/389 ---

============================================================
Segment: RouteStick_ep63_f400-449
  Subtask: move to the nearest left target by circling around the stick clockwise
  Frames: 400 - 449
============================================================
  Loaded 50 frames
  Prefix scoring: 55.9s
  Rewards: [0.0, 0.53, 0.4, 1.0, 0.87, 0.73, 0.33, 0.4]
  Failed regions: [[11, 23]]
  Successful interval: 15-23
  Keyframes: [0, 15, 16, 23, 49]
  Success detected: True
  Confidence: 0.73

--- Segment 243/389 ---

============================================================
Segment: RouteStick_ep63_f450-492
  Subtask: move to the nearest left target by circling around the stick counterclockwise
  Frames: 450 - 492
============================================================
  Loaded 43 frames
  Prefix scoring: 54.7s
  Rewards: [0.29, 0.86, 1.0, 0.71, 0.57, 0.71, 0.0, 0.0]
  Failed regions: []
  Successful interval: 2-14
  Keyframes: [0, 2, 5, 14, 42]
  Success detected: True
  Confidence: 0.78

--- Segment 244/389 ---

============================================================
Segment: RouteStick_ep63_f450-499
  Subtask: move to the nearest left target by circling around the stick counterclockwise
  Frames: 450 - 499
============================================================
  Loaded 50 frames
  Prefix scoring: 54.9s
  Rewards: [0.5, 1.0, 0.75, 0.58, 0.58, 0.17, 0.17, 0.0]
  Failed regions: []
  Successful interval: 3-11
  Keyframes: [0, 3, 5, 11, 49]
  Success detected: True
  Confidence: 0.71

--- Segment 245/389 ---

============================================================
Segment: RouteStick_ep64_f150-199
  Subtask: move to the nearest right target by circling around the stick clockwise
  Frames: 150 - 199
============================================================
  Loaded 50 frames
  Prefix scoring: 55.6s
  Rewards: [0.0, 0.29, 0.29, 0.65, 0.65, 1.0, 0.41, 0.76]
  Failed regions: []
  Successful interval: 28-36
  Keyframes: [0, 28, 36, 37, 48]
  Success detected: True
  Confidence: 0.64

--- Segment 246/389 ---

============================================================
Segment: RouteStick_ep64_f200-249
  Subtask: move to the nearest right target by circling around the stick counterclockwise
  Frames: 200 - 249
============================================================
  Loaded 50 frames
  Prefix scoring: 55.3s
  Rewards: [0.0, 0.35, 0.53, 1.0, 0.82, 0.71, 0.24, 0.47]
  Failed regions: []
  Successful interval: 3-23
  Keyframes: [0, 3, 4, 23, 49]
  Success detected: True
  Confidence: 0.90

--- Segment 247/389 ---

============================================================
Segment: RouteStick_ep64_f250-292
  Subtask: move to the nearest left target by circling around the stick counterclockwise
  Frames: 250 - 292
============================================================
  Loaded 43 frames
  Prefix scoring: 54.9s
  Rewards: [0.0, 0.27, 0.67, 0.67, 1.0, 0.73, 0.87, 0.93]
  Failed regions: [[25, 36]]
  Successful interval: 29-42
  Keyframes: [8, 29, 42]
  Success detected: True
  Confidence: 0.51

--- Segment 248/389 ---

============================================================
Segment: RouteStick_ep64_f250-299
  Subtask: move to the nearest left target by circling around the stick counterclockwise
  Frames: 250 - 299
============================================================
  Loaded 50 frames
  Prefix scoring: 54.8s
  Rewards: [0.0, 0.41, 0.88, 0.76, 0.76, 0.76, 0.82, 1.0]
  Failed regions: [[17, 30], [17, 36]]
  Successful interval: 34-49
  Keyframes: [10, 34, 44, 49]
  Success detected: True
  Confidence: 0.56

--- Segment 249/389 ---

============================================================
Segment: RouteStick_ep65_f150-199
  Subtask: move to the nearest right target by circling around the stick clockwise
  Frames: 150 - 199
============================================================
  Loaded 50 frames
  Prefix scoring: 55.1s
  Rewards: [0.0, 1.0, 0.83, 0.42, 0.58, 0.58, 0.42, 0.5]
  Failed regions: []
  Successful interval: 3-11
  Keyframes: [0, 3, 7, 11, 47]
  Success detected: True
  Confidence: 0.89

--- Segment 250/389 ---

============================================================
Segment: RouteStick_ep65_f200-249
  Subtask: move to the nearest left target by circling around the stick counterclockwise
  Frames: 200 - 249
============================================================
  Loaded 50 frames
  Prefix scoring: 55.1s
  Rewards: [0.0, 0.45, 0.64, 0.55, 1.0, 0.82, 0.73, 0.45]
  Failed regions: [[17, 30]]
  Successful interval: 21-30
  Keyframes: [0, 21, 30, 31, 47]
  Success detected: True
  Confidence: 0.67

--- Segment 251/389 ---

============================================================
Segment: RouteStick_ep65_f250-292
  Subtask: move to the nearest left target by circling around the stick clockwise
  Frames: 250 - 292
============================================================
  Loaded 43 frames
  Prefix scoring: 55.6s
  Rewards: [0.1, 0.8, 1.0, 0.4, 0.0, 0.4, 0.1, 0.1]
  Failed regions: []
  Successful interval: 2-14
  Keyframes: [0, 2, 4, 14, 42]
  Success detected: True
  Confidence: 0.89

--- Segment 252/389 ---

============================================================
Segment: RouteStick_ep65_f250-299
  Subtask: move to the nearest left target by circling around the stick clockwise
  Frames: 250 - 299
============================================================
  Loaded 50 frames
  Prefix scoring: 55.1s
  Rewards: [0.43, 1.0, 0.71, 0.86, 0.0, 0.0, 0.0, 1.0]
  Failed regions: [[11, 23], [23, 36], [23, 42]]
  Successful interval: 40-49
  Keyframes: [10, 40, 44, 49]
  Success detected: True
  Confidence: 0.90

--- Segment 253/389 ---

============================================================
Segment: RouteStick_ep66_f200-249
  Subtask: move to the nearest right target by circling around the stick clockwise
  Frames: 200 - 249
============================================================
  Loaded 50 frames
  Prefix scoring: 57.1s
  Rewards: [0.0, 0.82, 0.64, 1.0, 0.09, 0.55, 0.91, 0.82]
  Failed regions: [[11, 23], [23, 36]]
  Successful interval: 28-42
  Keyframes: [0, 28, 42, 43, 49]
  Success detected: True
  Confidence: 0.75

--- Segment 254/389 ---

============================================================
Segment: RouteStick_ep66_f250-349
  Subtask: move to the nearest left target by circling around the stick counterclockwise
  Frames: 250 - 349
============================================================
  Loaded 100 frames
  Prefix scoring: 55.2s
  Rewards: [0.0, 1.0, 0.43, 0.71, 0.71, 0.79, 0.71, 0.21]
  Failed regions: []
  Successful interval: 5-22
  Keyframes: [2, 5, 6, 22, 88]
  Success detected: True
  Confidence: 0.89

--- Segment 255/389 ---

============================================================
Segment: RouteStick_ep66_f350-392
  Subtask: move to the nearest left target by circling around the stick clockwise
  Frames: 350 - 392
============================================================
  Loaded 43 frames
  Prefix scoring: 54.9s
  Rewards: [0.0, 0.7, 1.0, 0.4, 0.2, 0.5, 0.4, 0.3]
  Failed regions: []
  Successful interval: 2-14
  Keyframes: [0, 2, 4, 14, 42]
  Success detected: True
  Confidence: 0.91

--- Segment 256/389 ---

============================================================
Segment: RouteStick_ep66_f350-399
  Subtask: move to the nearest left target by circling around the stick clockwise
  Frames: 350 - 399
============================================================
  Loaded 50 frames
  Prefix scoring: 55.0s
  Rewards: [0.0, 1.0, 0.75, 0.58, 0.25, 0.5, 0.42, 0.67]
  Failed regions: []
  Successful interval: 3-11
  Keyframes: [0, 3, 4, 11, 49]
  Success detected: True
  Confidence: 0.90

--- Segment 257/389 ---

============================================================
Segment: RouteStick_ep67_f350-449
  Subtask: move to the nearest right target by circling around the stick counterclockwise
  Frames: 350 - 449
============================================================
  Loaded 100 frames
  Prefix scoring: 54.9s
  Rewards: [1.0, 0.75, 0.75, 0.5, 1.0, 0.12, 0.0, 0.62]
  Failed regions: [[10, 35], [35, 60]]
  Successful interval: 43-60
  Keyframes: [1, 43, 44, 60, 99]
  Success detected: True
  Confidence: 0.68

--- Segment 258/389 ---

============================================================
Segment: RouteStick_ep67_f450-499
  Subtask: move to the nearest left target by circling around the stick clockwise
  Frames: 450 - 499
============================================================
  Loaded 50 frames
  Prefix scoring: 54.7s
  Rewards: [0.0, 0.5, 0.7, 0.5, 0.6, 0.4, 0.4, 1.0]
  Failed regions: [[17, 30], [30, 42], [30, 49]]
  Successful interval: 40-49
  Keyframes: [0, 40, 44, 49]
  Success detected: True
  Confidence: 0.74

--- Segment 259/389 ---

============================================================
Segment: RouteStick_ep67_f500-599
  Subtask: move to the nearest left target by circling around the stick counterclockwise
  Frames: 500 - 599
============================================================
  Loaded 100 frames
  Prefix scoring: 55.0s
  Rewards: [0.64, 1.0, 0.36, 0.55, 0.45, 0.09, 0.0, 0.0]
  Failed regions: []
  Successful interval: 5-22
  Keyframes: [1, 5, 7, 22, 95]
  Success detected: True
  Confidence: 0.67

--- Segment 260/389 ---

============================================================
Segment: RouteStick_ep67_f600-649
  Subtask: move to the nearest left target by circling around the stick clockwise
  Frames: 600 - 649
============================================================
  Loaded 50 frames
  Prefix scoring: 54.6s
  Rewards: [0.6, 0.3, 0.3, 1.0, 0.6, 0.0, 0.0, 0.1]
  Failed regions: [[5, 17], [5, 23]]
  Successful interval: 15-23
  Keyframes: [0, 15, 16, 23, 48]
  Success detected: True
  Confidence: 0.81

--- Segment 261/389 ---

============================================================
Segment: RouteStick_ep67_f650-692
  Subtask: move to the nearest right target by circling around the stick clockwise
  Frames: 650 - 692
============================================================
  Loaded 43 frames
  Prefix scoring: 55.1s
  Rewards: [0.0, 0.23, 0.62, 0.77, 0.77, 1.0, 1.0, 0.62]
  Failed regions: []
  Successful interval: 23-31
  Keyframes: [1, 23, 31, 32, 42]
  Success detected: True
  Confidence: 0.57

--- Segment 262/389 ---

============================================================
Segment: RouteStick_ep67_f650-699
  Subtask: move to the nearest right target by circling around the stick clockwise
  Frames: 650 - 699
============================================================
  Loaded 50 frames
  Prefix scoring: 54.5s
  Rewards: [0.0, 0.38, 1.0, 0.85, 0.54, 0.92, 0.54, 0.31]
  Failed regions: [[17, 36]]
  Successful interval: 28-36
  Keyframes: [0, 28, 36, 37, 48]
  Success detected: True
  Confidence: 0.59

--- Segment 263/389 ---

============================================================
Segment: RouteStick_ep68_f100-149
  Subtask: move to the nearest right target by circling around the stick clockwise
  Frames: 100 - 149
============================================================
  Loaded 50 frames
  Prefix scoring: 54.7s
  Rewards: [0.0, 0.33, 0.56, 0.78, 0.44, 1.0, 0.39, 0.78]
  Failed regions: [[23, 36]]
  Successful interval: 28-36
  Keyframes: [1, 28, 36, 37, 48]
  Success detected: True
  Confidence: 0.72

--- Segment 264/389 ---

============================================================
Segment: RouteStick_ep68_f150-192
  Subtask: move to the nearest right target by circling around the stick counterclockwise
  Frames: 150 - 192
============================================================
  Loaded 43 frames
  Prefix scoring: 54.6s
  Rewards: [0.0, 0.82, 1.0, 0.82, 0.73, 0.91, 0.36, 0.55]
  Failed regions: [[14, 31]]
  Successful interval: 23-31
  Keyframes: [0, 23, 31, 32, 42]
  Success detected: True
  Confidence: 0.49

--- Segment 265/389 ---

============================================================
Segment: RouteStick_ep68_f150-199
  Subtask: move to the nearest right target by circling around the stick counterclockwise
  Frames: 150 - 199
============================================================
  Loaded 50 frames
  Prefix scoring: 54.5s
  Rewards: [0.0, 0.62, 1.0, 0.69, 0.69, 0.38, 0.54, 0.92]
  Failed regions: [[17, 30], [30, 42]]
  Successful interval: 34-49
  Keyframes: [0, 34, 44, 49]
  Success detected: True
  Confidence: 0.65

--- Segment 266/389 ---

============================================================
Segment: RouteStick_ep69_f100-192
  Subtask: move to the nearest left target by circling around the stick counterclockwise
  Frames: 100 - 192
============================================================
  Loaded 93 frames
  Prefix scoring: 54.7s
  Rewards: [0.44, 0.67, 0.44, 1.0, 0.89, 0.67, 0.22, 0.0]
  Failed regions: [[20, 44]]
  Successful interval: 28-44
  Keyframes: [6, 28, 44, 45, 82]
  Success detected: True
  Confidence: 0.71

--- Segment 267/389 ---

============================================================
Segment: RouteStick_ep69_f100-199
  Subtask: move to the nearest left target by circling around the stick counterclockwise
  Frames: 100 - 199
============================================================
  Loaded 100 frames
  Prefix scoring: 54.7s
  Rewards: [0.36, 0.82, 0.45, 1.0, 0.64, 0.0, 0.55, 0.27]
  Failed regions: [[22, 48]]
  Successful interval: 30-48
  Keyframes: [12, 30, 44, 48, 80]
  Success detected: True
  Confidence: 0.72

--- Segment 268/389 ---

============================================================
Segment: RouteStick_ep70_f250-299
  Subtask: move to the nearest left target by circling around the stick clockwise
  Frames: 250 - 299
============================================================
  Loaded 50 frames
  Prefix scoring: 54.5s
  Rewards: [0.0, 0.71, 0.71, 0.14, 0.29, 0.86, 1.0, 1.0]
  Failed regions: [[17, 30]]
  Successful interval: 21-42
  Keyframes: [0, 21, 42, 43, 49]
  Success detected: True
  Confidence: 0.82

--- Segment 269/389 ---

============================================================
Segment: RouteStick_ep70_f300-349
  Subtask: move to the nearest left target by circling around the stick counterclockwise
  Frames: 300 - 349
============================================================
  Loaded 50 frames
  Prefix scoring: 55.0s
  Rewards: [0.0, 0.72, 0.78, 1.0, 0.89, 0.61, 0.61, 0.67]
  Failed regions: []
  Successful interval: 3-23
  Keyframes: [0, 3, 6, 23, 49]
  Success detected: True
  Confidence: 0.87

--- Segment 270/389 ---

============================================================
Segment: RouteStick_ep70_f350-449
  Subtask: move to the nearest left target by circling around the stick clockwise
  Frames: 350 - 449
============================================================
  Loaded 100 frames
  Prefix scoring: 54.7s
  Rewards: [0.6, 1.0, 0.2, 0.8, 0.73, 0.13, 0.0, 0.07]
  Failed regions: [[22, 48]]
  Successful interval: 30-48
  Keyframes: [0, 30, 44, 48, 73]
  Success detected: True
  Confidence: 0.63

--- Segment 271/389 ---

============================================================
Segment: RouteStick_ep70_f450-492
  Subtask: move to the nearest right target by circling around the stick clockwise
  Frames: 450 - 492
============================================================
  Loaded 43 frames
  Prefix scoring: 54.8s
  Rewards: [0.0, 0.53, 0.53, 0.87, 1.0, 0.87, 1.0, 0.87]
  Failed regions: [[25, 36]]
  Successful interval: 29-36
  Keyframes: [0, 29, 36, 37, 42]
  Success detected: True
  Confidence: 0.51

--- Segment 272/389 ---

============================================================
Segment: RouteStick_ep70_f450-499
  Subtask: move to the nearest right target by circling around the stick clockwise
  Frames: 450 - 499
============================================================
  Loaded 50 frames
  Prefix scoring: 54.6s
  Rewards: [0.0, 0.47, 0.47, 0.87, 1.0, 0.93, 0.8, 0.8]
  Failed regions: []
  Successful interval: 15-30
  Keyframes: [0, 15, 30, 31, 48]
  Success detected: True
  Confidence: 0.68

--- Segment 273/389 ---

============================================================
Segment: RouteStick_ep71_f300-349
  Subtask: move to the nearest left target by circling around the stick counterclockwise
  Frames: 300 - 349
============================================================
  Loaded 50 frames
  Prefix scoring: 55.1s
  Rewards: [0.46, 1.0, 0.0, 0.31, 0.08, 0.38, 0.77, 0.31]
  Failed regions: []
  Successful interval: 3-11
  Keyframes: [0, 3, 9, 11, 48]
  Success detected: True
  Confidence: 0.73

--- Segment 274/389 ---

============================================================
Segment: RouteStick_ep71_f350-399
  Subtask: move to the nearest right target by circling around the stick clockwise
  Frames: 350 - 399
============================================================
  Loaded 50 frames
  Prefix scoring: 54.9s
  Rewards: [0.0, 0.8, 0.8, 0.6, 1.0, 0.9, 0.5, 1.0]
  Failed regions: [[17, 30], [30, 49]]
  Successful interval: 40-49
  Keyframes: [0, 40, 43, 49]
  Success detected: True
  Confidence: 0.66

--- Segment 275/389 ---

============================================================
Segment: RouteStick_ep71_f400-449
  Subtask: move to the nearest right target by circling around the stick counterclockwise
  Frames: 400 - 449
============================================================
  Loaded 50 frames
  Prefix scoring: 54.6s
  Rewards: [0.0, 0.58, 0.67, 0.83, 0.75, 0.5, 0.92, 1.0]
  Failed regions: [[23, 42]]
  Successful interval: 34-49
  Keyframes: [0, 34, 44, 49]
  Success detected: True
  Confidence: 0.67

--- Segment 276/389 ---

============================================================
Segment: RouteStick_ep71_f450-499
  Subtask: move to the nearest left target by circling around the stick counterclockwise
  Frames: 450 - 499
============================================================
  Loaded 50 frames
  Prefix scoring: 54.7s
  Rewards: [0.0, 0.46, 0.46, 1.0, 0.92, 0.15, 0.69, 0.38]
  Failed regions: []
  Successful interval: 15-23
  Keyframes: [0, 15, 17, 23, 49]
  Success detected: True
  Confidence: 0.71

--- Segment 277/389 ---

============================================================
Segment: RouteStick_ep71_f500-549
  Subtask: move to the nearest left target by circling around the stick clockwise
  Frames: 500 - 549
============================================================
  Loaded 50 frames
  Prefix scoring: 54.7s
  Rewards: [0.76, 1.0, 0.88, 0.82, 0.18, 0.35, 0.53, 0.0]
  Failed regions: []
  Successful interval: 3-11
  Keyframes: [1, 3, 5, 11, 49]
  Success detected: True
  Confidence: 0.58

--- Segment 278/389 ---

============================================================
Segment: RouteStick_ep71_f550-592
  Subtask: move to the nearest right target by circling around the stick clockwise
  Frames: 550 - 592
============================================================
  Loaded 43 frames
  Prefix scoring: 54.9s
  Rewards: [0.0, 1.0, 1.0, 0.89, 0.33, 0.89, 0.22, 0.78]
  Failed regions: [[14, 31]]
  Successful interval: 23-31
  Keyframes: [0, 23, 31, 32, 42]
  Success detected: True
  Confidence: 0.63

--- Segment 279/389 ---

============================================================
Segment: RouteStick_ep71_f550-599
  Subtask: move to the nearest right target by circling around the stick clockwise
  Frames: 550 - 599
============================================================
  Loaded 50 frames
  Prefix scoring: 55.0s
  Rewards: [0.0, 1.0, 0.89, 0.44, 0.89, 0.11, 0.67, 0.67]
  Failed regions: [[11, 30]]
  Successful interval: 21-30
  Keyframes: [0, 21, 30, 31, 48]
  Success detected: True
  Confidence: 0.59

--- Segment 280/389 ---

============================================================
Segment: RouteStick_ep72_f150-249
  Subtask: move to the nearest left target by circling around the stick clockwise
  Frames: 150 - 249
============================================================
  Loaded 100 frames
  Prefix scoring: 55.0s
  Rewards: [0.83, 0.71, 1.0, 0.79, 0.54, 0.29, 0.0, 0.29]
  Failed regions: [[10, 35]]
  Successful interval: 17-35
  Keyframes: [0, 17, 34, 35, 96]
  Success detected: True
  Confidence: 0.61

--- Segment 281/389 ---

============================================================
Segment: RouteStick_ep72_f250-292
  Subtask: move to the nearest right target by circling around the stick clockwise
  Frames: 250 - 292
============================================================
  Loaded 43 frames
  Prefix scoring: 54.9s
  Rewards: [0.0, 0.1, 0.7, 0.6, 1.0, 0.5, 0.8, 0.5]
  Failed regions: [[14, 25], [25, 36]]
  Successful interval: 29-36
  Keyframes: [0, 29, 36, 37, 42]
  Success detected: True
  Confidence: 0.49

--- Segment 282/389 ---

============================================================
Segment: RouteStick_ep72_f250-299
  Subtask: move to the nearest right target by circling around the stick clockwise
  Frames: 250 - 299
============================================================
  Loaded 50 frames
  Prefix scoring: 55.4s
  Rewards: [0.0, 0.08, 0.15, 1.0, 0.62, 0.69, 0.46, 0.92]
  Failed regions: [[23, 36], [36, 49]]
  Successful interval: 40-49
  Keyframes: [10, 40, 44, 49]
  Success detected: True
  Confidence: 0.64

--- Segment 283/389 ---

============================================================
Segment: RouteStick_ep73_f150-249
  Subtask: move to the nearest right target by circling around the stick clockwise
  Frames: 150 - 249
============================================================
  Loaded 100 frames
  Prefix scoring: 55.0s
  Rewards: [0.59, 0.18, 0.82, 0.88, 1.0, 0.0, 0.59, 0.35]
  Failed regions: [[10, 35]]
  Successful interval: 17-60
  Keyframes: [0, 17, 44, 60, 96]
  Success detected: True
  Confidence: 0.82

--- Segment 284/389 ---

============================================================
Segment: RouteStick_ep73_f250-292
  Subtask: move to the nearest left target by circling around the stick clockwise
  Frames: 250 - 292
============================================================
  Loaded 43 frames
  Prefix scoring: 54.6s
  Rewards: [0.3, 0.0, 0.7, 0.6, 0.8, 0.7, 0.9, 1.0]
  Failed regions: [[4, 14], [14, 25], [25, 36]]
  Successful interval: 29-42
  Keyframes: [0, 29, 42]
  Success detected: True
  Confidence: 0.59

--- Segment 285/389 ---

============================================================
Segment: RouteStick_ep73_f250-299
  Subtask: move to the nearest left target by circling around the stick clockwise
  Frames: 250 - 299
============================================================
  Loaded 50 frames
  Prefix scoring: 55.5s
  Rewards: [0.0, 0.3, 0.3, 1.0, 0.6, 0.8, 0.9, 1.0]
  Failed regions: [[23, 36]]
  Successful interval: 28-49
  Keyframes: [0, 28, 44, 49]
  Success detected: True
  Confidence: 0.64

--- Segment 286/389 ---

============================================================
Segment: RouteStick_ep74_f250-349
  Subtask: move to the nearest right target by circling around the stick counterclockwise
  Frames: 250 - 349
============================================================
  Loaded 100 frames
  Prefix scoring: 55.5s
  Rewards: [0.0, 0.42, 1.0, 0.67, 0.67, 0.17, 0.83, 0.5]
  Failed regions: [[35, 60], [60, 86]]
  Successful interval: 68-86
  Keyframes: [0, 68, 86, 87, 99]
  Success detected: True
  Confidence: 0.66

--- Segment 287/389 ---

============================================================
Segment: RouteStick_ep74_f350-399
  Subtask: move to the nearest right target by circling around the stick clockwise
  Frames: 350 - 399
============================================================
  Loaded 50 frames
  Prefix scoring: 55.3s
  Rewards: [0.0, 0.56, 0.67, 0.78, 0.89, 0.89, 1.0, 1.0]
  Failed regions: []
  Successful interval: 34-42
  Keyframes: [1, 34, 41, 42, 49]
  Success detected: True
  Confidence: 0.50

--- Segment 288/389 ---

============================================================
Segment: RouteStick_ep74_f400-449
  Subtask: move to the nearest right target by circling around the stick counterclockwise
  Frames: 400 - 449
============================================================
  Loaded 50 frames
  Prefix scoring: 55.6s
  Rewards: [0.0, 0.71, 0.71, 0.64, 0.79, 0.71, 0.64, 1.0]
  Failed regions: [[30, 49]]
  Successful interval: 40-49
  Keyframes: [0, 40, 44, 49]
  Success detected: True
  Confidence: 0.61

--- Segment 289/389 ---

============================================================
Segment: RouteStick_ep74_f450-492
  Subtask: move to the nearest left target by circling around the stick clockwise
  Frames: 450 - 492
============================================================
  Loaded 43 frames
  Prefix scoring: 54.7s
  Rewards: [0.0, 0.45, 0.36, 0.45, 0.55, 0.77, 0.68, 1.0]
  Failed regions: [[9, 31], [31, 42]]
  Successful interval: 34-42
  Keyframes: [0, 34, 42]
  Success detected: True
  Confidence: 0.62

--- Segment 290/389 ---

============================================================
Segment: RouteStick_ep74_f450-499
  Subtask: move to the nearest left target by circling around the stick clockwise
  Frames: 450 - 499
============================================================
  Loaded 50 frames
  Prefix scoring: 54.9s
  Rewards: [0.0, 0.35, 0.3, 0.4, 0.75, 0.65, 1.0, 1.0]
  Failed regions: [[30, 42]]
  Successful interval: 34-42
  Keyframes: [0, 34, 42, 43, 49]
  Success detected: True
  Confidence: 0.63

--- Segment 291/389 ---

============================================================
Segment: RouteStick_ep75_f200-249
  Subtask: move to the nearest right target by circling around the stick counterclockwise
  Frames: 200 - 249
============================================================
  Loaded 50 frames
  Prefix scoring: 54.9s
  Rewards: [0.0, 0.33, 0.53, 0.93, 0.73, 0.93, 0.8, 1.0]
  Failed regions: [[23, 36], [36, 49]]
  Successful interval: 40-49
  Keyframes: [0, 40, 44, 49]
  Success detected: True
  Confidence: 0.55

--- Segment 292/389 ---

============================================================
Segment: RouteStick_ep75_f250-299
  Subtask: move to the nearest left target by circling around the stick counterclockwise
  Frames: 250 - 299
============================================================
  Loaded 50 frames
  Prefix scoring: 55.0s
  Rewards: [0.58, 1.0, 0.75, 0.75, 0.42, 0.08, 0.0, 0.75]
  Failed regions: []
  Successful interval: 3-11
  Keyframes: [0, 3, 10, 11, 49]
  Success detected: True
  Confidence: 0.66

--- Segment 293/389 ---

============================================================
Segment: RouteStick_ep75_f300-349
  Subtask: move to the nearest right target by circling around the stick clockwise
  Frames: 300 - 349
============================================================
  Loaded 50 frames
  Prefix scoring: 54.6s
  Rewards: [0.0, 0.86, 0.14, 1.0, 1.0, 0.29, 0.43, 0.0]
  Failed regions: [[11, 23]]
  Successful interval: 15-23
  Keyframes: [0, 15, 23, 24, 49]
  Success detected: True
  Confidence: 0.85

--- Segment 294/389 ---

============================================================
Segment: RouteStick_ep75_f350-392
  Subtask: move to the nearest right target by circling around the stick counterclockwise
  Frames: 350 - 392
============================================================
  Loaded 43 frames
  Prefix scoring: 55.1s
  Rewards: [0.0, 0.62, 1.0, 0.88, 0.38, 0.88, 0.25, 1.0]
  Failed regions: [[14, 31], [31, 42]]
  Successful interval: 34-42
  Keyframes: [0, 34, 42]
  Success detected: True
  Confidence: 0.78

--- Segment 295/389 ---

============================================================
Segment: RouteStick_ep75_f350-399
  Subtask: move to the nearest right target by circling around the stick counterclockwise
  Frames: 350 - 399
============================================================
  Loaded 50 frames
  Prefix scoring: 54.8s
  Rewards: [0.0, 0.88, 1.0, 0.25, 0.62, 0.12, 0.88, 0.88]
  Failed regions: [[17, 30], [30, 42]]
  Successful interval: 34-42
  Keyframes: [0, 34, 42, 43, 49]
  Success detected: True
  Confidence: 0.71

--- Segment 296/389 ---

============================================================
Segment: RouteStick_ep76_f150-199
  Subtask: move to the nearest right target by circling around the stick counterclockwise
  Frames: 150 - 199
============================================================
  Loaded 50 frames
  Prefix scoring: 54.8s
  Rewards: [0.0, 0.56, 0.56, 0.44, 0.72, 0.72, 0.67, 1.0]
  Failed regions: [[17, 30]]
  Successful interval: 40-49
  Keyframes: [0, 40, 44, 49]
  Success detected: True
  Confidence: 0.62

--- Segment 297/389 ---

============================================================
Segment: RouteStick_ep76_f200-249
  Subtask: move to the nearest right target by circling around the stick clockwise
  Frames: 200 - 249
============================================================
  Loaded 50 frames
  Prefix scoring: 54.9s
  Rewards: [0.0, 0.36, 0.93, 0.79, 0.71, 0.86, 0.79, 1.0]
  Failed regions: [[17, 36]]
  Successful interval: 40-49
  Keyframes: [10, 40, 44, 49]
  Success detected: True
  Confidence: 0.55

--- Segment 298/389 ---

============================================================
Segment: RouteStick_ep76_f250-292
  Subtask: move to the nearest left target by circling around the stick counterclockwise
  Frames: 250 - 292
============================================================
  Loaded 43 frames
  Prefix scoring: 55.2s
  Rewards: [0.0, 0.11, 0.0, 1.0, 0.44, 0.78, 0.78, 1.0]
  Failed regions: [[20, 31]]
  Successful interval: 34-42
  Keyframes: [1, 34, 41, 42]
  Success detected: True
  Confidence: 0.59

--- Segment 299/389 ---

============================================================
Segment: RouteStick_ep76_f250-299
  Subtask: move to the nearest left target by circling around the stick counterclockwise
  Frames: 250 - 299
============================================================
  Loaded 50 frames
  Prefix scoring: 54.7s
  Rewards: [0.0, 0.5, 0.2, 0.6, 0.7, 0.8, 1.0, 0.7]
  Failed regions: [[11, 23]]
  Successful interval: 15-42
  Keyframes: [1, 15, 41, 42, 49]
  Success detected: True
  Confidence: 0.81

--- Segment 300/389 ---

============================================================
Segment: RouteStick_ep77_f100-149
  Subtask: move to the nearest left target by circling around the stick clockwise
  Frames: 100 - 149
============================================================
  Loaded 50 frames
  Prefix scoring: 54.8s
  Rewards: [0.0, 0.6, 0.67, 0.6, 0.67, 0.6, 1.0, 0.93]
  Failed regions: []
  Successful interval: 34-42
  Keyframes: [0, 34, 42, 43, 49]
  Success detected: True
  Confidence: 0.63

--- Segment 301/389 ---

============================================================
Segment: RouteStick_ep77_f150-192
  Subtask: move to the nearest left target by circling around the stick counterclockwise
  Frames: 150 - 192
============================================================
  Loaded 43 frames
  Prefix scoring: 54.6s
  Rewards: [0.0, 0.33, 0.52, 0.81, 0.71, 1.0, 0.86, 0.86]
  Failed regions: [[20, 31]]
  Successful interval: 23-31
  Keyframes: [0, 23, 31, 32, 42]
  Success detected: True
  Confidence: 0.59

--- Segment 302/389 ---

============================================================
Segment: RouteStick_ep77_f150-199
  Subtask: move to the nearest left target by circling around the stick counterclockwise
  Frames: 150 - 199
============================================================
  Loaded 50 frames
  Prefix scoring: 55.3s
  Rewards: [0.0, 0.53, 0.74, 1.0, 1.0, 0.95, 0.95, 0.68]
  Failed regions: []
  Successful interval: 3-23
  Keyframes: [0, 3, 7, 23, 48]
  Success detected: True
  Confidence: 0.85

--- Segment 303/389 ---

============================================================
Segment: RouteStick_ep78_f200-349
  Subtask: move to the nearest left target by circling around the stick counterclockwise
  Frames: 200 - 349
============================================================
  Loaded 150 frames
  Prefix scoring: 55.3s
  Rewards: [0.25, 0.83, 0.25, 0.08, 0.0, 0.75, 0.25, 1.0]
  Failed regions: [[34, 110], [110, 149]]
  Successful interval: 122-149
  Keyframes: [19, 122, 144, 149]
  Success detected: True
  Confidence: 0.81

--- Segment 304/389 ---

============================================================
Segment: RouteStick_ep78_f350-392
  Subtask: move to the nearest left target by circling around the stick clockwise
  Frames: 350 - 392
============================================================
  Loaded 43 frames
  Prefix scoring: 55.6s
  Rewards: [0.25, 1.0, 1.0, 0.56, 0.62, 0.38, 0.12, 0.0]
  Failed regions: []
  Successful interval: 2-9
  Keyframes: [0, 2, 4, 9, 42]
  Success detected: True
  Confidence: 0.80

--- Segment 305/389 ---

============================================================
Segment: RouteStick_ep78_f350-399
  Subtask: move to the nearest left target by circling around the stick clockwise
  Frames: 350 - 399
============================================================
  Loaded 50 frames
  Prefix scoring: 55.1s
  Rewards: [0.69, 1.0, 0.92, 0.92, 0.69, 0.15, 0.0, 0.46]
  Failed regions: []
  Successful interval: 3-11
  Keyframes: [0, 3, 4, 11, 49]
  Success detected: True
  Confidence: 0.60

--- Segment 306/389 ---

============================================================
Segment: RouteStick_ep79_f350-399
  Subtask: move to the nearest right target by circling around the stick counterclockwise
  Frames: 350 - 399
============================================================
  Loaded 50 frames
  Prefix scoring: 54.8s
  Rewards: [0.0, 0.91, 0.73, 0.55, 0.36, 0.64, 0.27, 1.0]
  Failed regions: [[11, 36], [36, 49]]
  Successful interval: 40-49
  Keyframes: [0, 40, 44, 49]
  Success detected: True
  Confidence: 0.78

--- Segment 307/389 ---

============================================================
Segment: RouteStick_ep79_f400-449
  Subtask: move to the nearest left target by circling around the stick clockwise
  Frames: 400 - 449
============================================================
  Loaded 50 frames
  Prefix scoring: 54.7s
  Rewards: [0.0, 0.9, 0.5, 1.0, 0.8, 0.5, 0.5, 0.7]
  Failed regions: [[11, 23]]
  Successful interval: 15-23
  Keyframes: [0, 15, 16, 23, 47]
  Success detected: True
  Confidence: 0.68

--- Segment 308/389 ---

============================================================
Segment: RouteStick_ep79_f450-499
  Subtask: move to the nearest right target by circling around the stick counterclockwise
  Frames: 450 - 499
============================================================
  Loaded 50 frames
  Prefix scoring: 54.9s
  Rewards: [0.0, 0.78, 0.56, 1.0, 0.89, 0.78, 0.56, 0.78]
  Failed regions: [[11, 23]]
  Successful interval: 15-23
  Keyframes: [0, 15, 17, 23, 49]
  Success detected: True
  Confidence: 0.64

--- Segment 309/389 ---

============================================================
Segment: RouteStick_ep79_f500-549
  Subtask: move to the nearest left target by circling around the stick counterclockwise
  Frames: 500 - 549
============================================================
  Loaded 50 frames
  Prefix scoring: 54.8s
  Rewards: [0.0, 0.38, 0.57, 1.0, 1.0, 0.81, 0.9, 0.86]
  Failed regions: [[30, 42]]
  Successful interval: 34-42
  Keyframes: [10, 34, 42, 43, 49]
  Success detected: True
  Confidence: 0.44

--- Segment 310/389 ---

============================================================
Segment: RouteStick_ep79_f550-599
  Subtask: move to the nearest right target by circling around the stick counterclockwise
  Frames: 550 - 599
============================================================
  Loaded 50 frames
  Prefix scoring: 55.9s
  Rewards: [0.0, 1.0, 0.8, 0.7, 0.9, 0.7, 0.0, 0.4]
  Failed regions: [[11, 30]]
  Successful interval: 21-30
  Keyframes: [0, 21, 30, 31, 49]
  Success detected: True
  Confidence: 0.51

--- Segment 311/389 ---

============================================================
Segment: RouteStick_ep79_f600-692
  Subtask: move to the nearest left target by circling around the stick clockwise
  Frames: 600 - 692
============================================================
  Loaded 93 frames
  Prefix scoring: 54.9s
  Rewards: [0.44, 0.0, 0.67, 1.0, 0.89, 0.56, 0.11, 0.33]
  Failed regions: [[9, 32]]
  Successful interval: 16-44
  Keyframes: [1, 16, 44, 45, 92]
  Success detected: True
  Confidence: 0.90

--- Segment 312/389 ---

============================================================
Segment: RouteStick_ep79_f600-699
  Subtask: move to the nearest left target by circling around the stick clockwise
  Frames: 600 - 699
============================================================
  Loaded 100 frames
  Prefix scoring: 54.6s
  Rewards: [1.0, 1.0, 0.33, 0.33, 0.33, 0.0, 0.0, 1.0]
  Failed regions: [[22, 48], [22, 60], [60, 86], [60, 99]]
  Successful interval: 81-99
  Keyframes: [1, 81, 94, 99]
  Success detected: True
  Confidence: 0.90

--- Segment 313/389 ---

============================================================
Segment: RouteStick_ep80_f100-149
  Subtask: move to the nearest left target by circling around the stick clockwise
  Frames: 100 - 149
============================================================
  Loaded 50 frames
  Prefix scoring: 54.9s
  Rewards: [0.0, 0.0, 0.64, 0.64, 0.36, 0.91, 0.82, 1.0]
  Failed regions: [[23, 36], [36, 49]]
  Successful interval: 40-49
  Keyframes: [0, 40, 44, 49]
  Success detected: True
  Confidence: 0.56

--- Segment 314/389 ---

============================================================
Segment: RouteStick_ep80_f150-192
  Subtask: move to the nearest left target by circling around the stick counterclockwise
  Frames: 150 - 192
============================================================
  Loaded 43 frames
  Prefix scoring: 54.3s
  Rewards: [0.0, 0.39, 0.43, 0.7, 1.0, 0.83, 0.96, 0.7]
  Failed regions: [[25, 36]]
  Successful interval: 29-36
  Keyframes: [0, 29, 36, 37, 42]
  Success detected: True
  Confidence: 0.50

--- Segment 315/389 ---

============================================================
Segment: RouteStick_ep80_f150-199
  Subtask: move to the nearest left target by circling around the stick counterclockwise
  Frames: 150 - 199
============================================================
  Loaded 50 frames
  Prefix scoring: 54.3s
  Rewards: [0.0, 0.5, 0.67, 0.88, 1.0, 1.0, 0.75, 0.79]
  Failed regions: []
  Successful interval: 3-30
  Keyframes: [0, 3, 7, 30, 47]
  Success detected: True
  Confidence: 0.86

--- Segment 316/389 ---

============================================================
Segment: RouteStick_ep81_f100-192
  Subtask: move to the nearest right target by circling around the stick clockwise
  Frames: 100 - 192
============================================================
  Loaded 93 frames
  Prefix scoring: 54.6s
  Rewards: [0.36, 0.45, 0.64, 0.0, 0.82, 0.18, 0.64, 1.0]
  Failed regions: [[32, 56], [56, 80]]
  Successful interval: 64-92
  Keyframes: [18, 64, 92]
  Success detected: True
  Confidence: 0.82

--- Segment 317/389 ---

============================================================
Segment: RouteStick_ep81_f100-199
  Subtask: move to the nearest right target by circling around the stick clockwise
  Frames: 100 - 199
============================================================
  Loaded 100 frames
  Prefix scoring: 54.9s
  Rewards: [0.42, 1.0, 0.5, 0.25, 0.0, 0.75, 0.75, 0.58]
  Failed regions: []
  Successful interval: 5-22
  Keyframes: [0, 5, 7, 22, 87]
  Success detected: True
  Confidence: 0.73

--- Segment 318/389 ---

============================================================
Segment: RouteStick_ep82_f200-249
  Subtask: move to the nearest right target by circling around the stick clockwise
  Frames: 200 - 249
============================================================
  Loaded 50 frames
  Prefix scoring: 55.1s
  Rewards: [0.0, 0.71, 0.36, 0.71, 1.0, 0.86, 0.64, 0.64]
  Failed regions: [[11, 23]]
  Successful interval: 15-30
  Keyframes: [0, 15, 30, 31, 49]
  Success detected: True
  Confidence: 0.73

--- Segment 319/389 ---

============================================================
Segment: RouteStick_ep82_f250-349
  Subtask: move to the nearest right target by circling around the stick counterclockwise
  Frames: 250 - 349
============================================================
  Loaded 100 frames
  Prefix scoring: 55.0s
  Rewards: [0.73, 0.09, 0.73, 1.0, 0.64, 0.0, 0.82, 0.82]
  Failed regions: [[10, 48], [48, 86]]
  Successful interval: 68-86
  Keyframes: [0, 68, 86, 87, 99]
  Success detected: True
  Confidence: 0.70

--- Segment 320/389 ---

============================================================
Segment: RouteStick_ep82_f350-392
  Subtask: move to the nearest right target by circling around the stick clockwise
  Frames: 350 - 392
============================================================
  Loaded 43 frames
  Prefix scoring: 55.0s
  Rewards: [0.62, 0.38, 0.12, 0.0, 1.0, 0.88, 0.62, 0.62]
  Failed regions: [[4, 25]]
  Successful interval: 18-25
  Keyframes: [1, 18, 19, 25, 42]
  Success detected: True
  Confidence: 0.89

--- Segment 321/389 ---

============================================================
Segment: RouteStick_ep82_f350-399
  Subtask: move to the nearest right target by circling around the stick clockwise
  Frames: 350 - 399
============================================================
  Loaded 50 frames
  Prefix scoring: 55.0s
  Rewards: [0.56, 0.78, 0.0, 1.0, 0.56, 0.56, 0.56, 0.56]
  Failed regions: [[11, 23]]
  Successful interval: 15-23
  Keyframes: [0, 15, 16, 23, 47]
  Success detected: True
  Confidence: 0.89

--- Segment 322/389 ---

============================================================
Segment: RouteStick_ep83_f300-349
  Subtask: move to the nearest left target by circling around the stick counterclockwise
  Frames: 300 - 349
============================================================
  Loaded 50 frames
  Prefix scoring: 54.7s
  Rewards: [0.0, 0.47, 0.79, 0.68, 0.74, 0.42, 0.74, 1.0]
  Failed regions: [[17, 30], [30, 42]]
  Successful interval: 34-49
  Keyframes: [10, 34, 44, 49]
  Success detected: True
  Confidence: 0.71

--- Segment 323/389 ---

============================================================
Segment: RouteStick_ep83_f350-399
  Subtask: move to the nearest right target by circling around the stick counterclockwise
  Frames: 350 - 399
============================================================
  Loaded 50 frames
  Prefix scoring: 55.1s
  Rewards: [0.0, 0.7, 0.4, 0.9, 0.4, 0.8, 1.0, 0.9]
  Failed regions: [[11, 23], [23, 36]]
  Successful interval: 28-42
  Keyframes: [1, 28, 42, 43, 49]
  Success detected: True
  Confidence: 0.71

--- Segment 324/389 ---

============================================================
Segment: RouteStick_ep83_f400-449
  Subtask: move to the nearest left target by circling around the stick clockwise
  Frames: 400 - 449
============================================================
  Loaded 50 frames
  Prefix scoring: 55.9s
  Rewards: [0.0, 0.55, 0.64, 0.82, 0.82, 1.0, 0.82, 0.77]
  Failed regions: []
  Successful interval: 28-36
  Keyframes: [0, 28, 36, 37, 48]
  Success detected: True
  Confidence: 0.54

--- Segment 325/389 ---

============================================================
Segment: RouteStick_ep83_f450-499
  Subtask: move to the nearest right target by circling around the stick clockwise
  Frames: 450 - 499
============================================================
  Loaded 50 frames
  Prefix scoring: 55.3s
  Rewards: [0.44, 0.67, 1.0, 0.56, 0.89, 0.0, 0.89, 0.89]
  Failed regions: [[17, 30], [30, 42]]
  Successful interval: 34-42
  Keyframes: [1, 34, 42, 43, 49]
  Success detected: True
  Confidence: 0.76

--- Segment 326/389 ---

============================================================
Segment: RouteStick_ep83_f500-549
  Subtask: move to the nearest left target by circling around the stick counterclockwise
  Frames: 500 - 549
============================================================
  Loaded 50 frames
  Prefix scoring: 55.0s
  Rewards: [0.0, 0.42, 0.79, 0.95, 0.63, 1.0, 0.95, 0.89]
  Failed regions: [[23, 36]]
  Successful interval: 28-36
  Keyframes: [2, 28, 36, 37, 49]
  Success detected: True
  Confidence: 0.61

--- Segment 327/389 ---

============================================================
Segment: RouteStick_ep83_f550-592
  Subtask: move to the nearest right target by circling around the stick counterclockwise
  Frames: 550 - 592
============================================================
  Loaded 43 frames
  Prefix scoring: 54.7s
  Rewards: [0.12, 0.5, 0.25, 0.0, 0.5, 0.12, 0.5, 1.0]
  Failed regions: [[9, 25], [25, 36]]
  Successful interval: 29-42
  Keyframes: [1, 29, 42]
  Success detected: True
  Confidence: 0.88

--- Segment 328/389 ---

============================================================
Segment: RouteStick_ep83_f550-599
  Subtask: move to the nearest right target by circling around the stick counterclockwise
  Frames: 550 - 599
============================================================
  Loaded 50 frames
  Prefix scoring: 54.6s
  Rewards: [0.25, 0.5, 0.0, 0.88, 0.0, 0.5, 1.0, 0.62]
  Failed regions: [[11, 23], [23, 36]]
  Successful interval: 28-42
  Keyframes: [1, 28, 42, 43, 49]
  Success detected: True
  Confidence: 0.91

--- Segment 329/389 ---

============================================================
Segment: RouteStick_ep84_f100-149
  Subtask: move to the nearest right target by circling around the stick counterclockwise
  Frames: 100 - 149
============================================================
  Loaded 50 frames
  Prefix scoring: 54.7s
  Rewards: [0.0, 0.35, 0.55, 0.7, 0.65, 0.65, 1.0, 0.9]
  Failed regions: []
  Successful interval: 34-42
  Keyframes: [10, 34, 42, 43, 49]
  Success detected: True
  Confidence: 0.62

--- Segment 330/389 ---

============================================================
Segment: RouteStick_ep84_f150-192
  Subtask: move to the nearest right target by circling around the stick clockwise
  Frames: 150 - 192
============================================================
  Loaded 43 frames
  Prefix scoring: 54.8s
  Rewards: [0.0, 0.5, 0.68, 0.68, 0.82, 0.91, 1.0, 0.95]
  Failed regions: []
  Successful interval: 18-36
  Keyframes: [0, 18, 36, 37, 42]
  Success detected: True
  Confidence: 0.59

--- Segment 331/389 ---

============================================================
Segment: RouteStick_ep84_f150-199
  Subtask: move to the nearest right target by circling around the stick clockwise
  Frames: 150 - 199
============================================================
  Loaded 50 frames
  Prefix scoring: 54.7s
  Rewards: [0.0, 0.64, 0.86, 0.59, 0.95, 1.0, 0.95, 0.91]
  Failed regions: [[17, 30]]
  Successful interval: 21-36
  Keyframes: [0, 21, 36, 37, 49]
  Success detected: True
  Confidence: 0.62

--- Segment 332/389 ---

============================================================
Segment: RouteStick_ep85_f150-249
  Subtask: move to the nearest right target by circling around the stick counterclockwise
  Frames: 150 - 249
============================================================
  Loaded 100 frames
  Prefix scoring: 54.7s
  Rewards: [0.62, 0.62, 0.31, 0.92, 1.0, 0.0, 0.38, 0.54]
  Failed regions: [[22, 48]]
  Successful interval: 30-60
  Keyframes: [0, 30, 44, 60, 99]
  Success detected: True
  Confidence: 0.77

--- Segment 333/389 ---

============================================================
Segment: RouteStick_ep85_f250-292
  Subtask: move to the nearest right target by circling around the stick clockwise
  Frames: 250 - 292
============================================================
  Loaded 43 frames
  Prefix scoring: 54.4s
  Rewards: [0.18, 0.24, 0.0, 0.12, 0.76, 1.0, 0.47, 0.41]
  Failed regions: []
  Successful interval: 12-31
  Keyframes: [0, 12, 13, 31, 42]
  Success detected: True
  Confidence: 0.92

--- Segment 334/389 ---

============================================================
Segment: RouteStick_ep85_f250-299
  Subtask: move to the nearest right target by circling around the stick clockwise
  Frames: 250 - 299
============================================================
  Loaded 50 frames
  Prefix scoring: 54.8s
  Rewards: [0.21, 0.0, 0.36, 0.86, 0.86, 0.5, 0.43, 1.0]
  Failed regions: [[30, 49]]
  Successful interval: 40-49
  Keyframes: [0, 40, 44, 49]
  Success detected: True
  Confidence: 0.72

--- Segment 335/389 ---

============================================================
Segment: RouteStick_ep86_f250-299
  Subtask: move to the nearest left target by circling around the stick clockwise
  Frames: 250 - 299
============================================================
  Loaded 50 frames
  Prefix scoring: 55.0s
  Rewards: [0.0, 0.6, 0.5, 1.0, 0.65, 0.6, 0.6, 0.9]
  Failed regions: [[11, 23], [23, 42], [23, 49]]
  Successful interval: 40-49
  Keyframes: [0, 40, 44, 49]
  Success detected: True
  Confidence: 0.54

--- Segment 336/389 ---

============================================================
Segment: RouteStick_ep86_f300-349
  Subtask: move to the nearest left target by circling around the stick counterclockwise
  Frames: 300 - 349
============================================================
  Loaded 50 frames
  Prefix scoring: 54.6s
  Rewards: [0.0, 0.38, 1.0, 0.88, 0.88, 0.38, 0.5, 0.38]
  Failed regions: []
  Successful interval: 3-17
  Keyframes: [0, 3, 6, 17, 48]
  Success detected: True
  Confidence: 0.89

--- Segment 337/389 ---

============================================================
Segment: RouteStick_ep86_f350-399
  Subtask: move to the nearest left target by circling around the stick clockwise
  Frames: 350 - 399
============================================================
  Loaded 50 frames
  Prefix scoring: 54.8s
  Rewards: [0.43, 0.0, 0.29, 0.29, 1.0, 0.14, 0.0, 0.29]
  Failed regions: [[5, 17]]
  Successful interval: 21-30
  Keyframes: [0, 21, 30, 31, 48]
  Success detected: True
  Confidence: 0.82

--- Segment 338/389 ---

============================================================
Segment: RouteStick_ep86_f400-449
  Subtask: move to the nearest right target by circling around the stick clockwise
  Frames: 400 - 449
============================================================
  Loaded 50 frames
  Prefix scoring: 54.7s
  Rewards: [0.0, 0.38, 0.12, 1.0, 0.38, 0.12, 0.0, 0.38]
  Failed regions: [[11, 23]]
  Successful interval: 15-23
  Keyframes: [0, 15, 16, 23, 49]
  Success detected: True
  Confidence: 0.89

--- Segment 339/389 ---

============================================================
Segment: RouteStick_ep86_f450-492
  Subtask: move to the nearest right target by circling around the stick counterclockwise
  Frames: 450 - 492
============================================================
  Loaded 43 frames
  Prefix scoring: 54.6s
  Rewards: [0.0, 0.67, 0.44, 0.56, 0.78, 0.78, 1.0, 0.78]
  Failed regions: [[9, 25]]
  Successful interval: 29-36
  Keyframes: [0, 29, 35, 36, 42]
  Success detected: True
  Confidence: 0.56

--- Segment 340/389 ---

============================================================
Segment: RouteStick_ep86_f450-499
  Subtask: move to the nearest right target by circling around the stick counterclockwise
  Frames: 450 - 499
============================================================
  Loaded 50 frames
  Prefix scoring: 54.7s
  Rewards: [0.0, 0.4, 0.4, 0.6, 0.8, 1.0, 0.8, 0.4]
  Failed regions: []
  Successful interval: 15-36
  Keyframes: [0, 15, 35, 36, 48]
  Success detected: True
  Confidence: 0.73

--- Segment 341/389 ---

============================================================
Segment: RouteStick_ep87_f300-349
  Subtask: move to the nearest left target by circling around the stick clockwise
  Frames: 300 - 349
============================================================
  Loaded 50 frames
  Prefix scoring: 54.9s
  Rewards: [0.53, 0.73, 1.0, 0.67, 0.33, 0.4, 0.0, 0.33]
  Failed regions: []
  Successful interval: 3-17
  Keyframes: [0, 3, 4, 17, 47]
  Success detected: True
  Confidence: 0.69

--- Segment 342/389 ---

============================================================
Segment: RouteStick_ep87_f350-399
  Subtask: move to the nearest right target by circling around the stick counterclockwise
  Frames: 350 - 399
============================================================
  Loaded 50 frames
  Prefix scoring: 54.5s
  Rewards: [0.5, 0.17, 0.5, 1.0, 0.67, 1.0, 0.0, 1.0]
  Failed regions: [[5, 23], [23, 36], [36, 49]]
  Successful interval: 40-49
  Keyframes: [0, 40, 44, 49]
  Success detected: True
  Confidence: 0.88

--- Segment 343/389 ---

============================================================
Segment: RouteStick_ep87_f400-449
  Subtask: move to the nearest left target by circling around the stick counterclockwise
  Frames: 400 - 449
============================================================
  Loaded 50 frames
  Prefix scoring: 54.9s
  Rewards: [0.33, 0.56, 0.11, 0.89, 1.0, 1.0, 0.0, 0.33]
  Failed regions: [[11, 23]]
  Successful interval: 15-30
  Keyframes: [10, 15, 16, 30, 47]
  Success detected: True
  Confidence: 0.85

--- Segment 344/389 ---

============================================================
Segment: RouteStick_ep87_f450-592
  Subtask: move to the nearest right target by circling around the stick counterclockwise
  Frames: 450 - 592
============================================================
  Loaded 143 frames
  Prefix scoring: 55.5s
  Rewards: [0.0, 0.64, 0.73, 0.73, 0.55, 1.0, 1.0, 1.0]
  Failed regions: [[68, 105]]
  Successful interval: 80-105
  Keyframes: [7, 80, 94, 105, 140]
  Success detected: True
  Confidence: 0.64

--- Segment 345/389 ---

============================================================
Segment: RouteStick_ep87_f450-599
  Subtask: move to the nearest right target by circling around the stick counterclockwise
  Frames: 450 - 599
============================================================
  Loaded 150 frames
  Prefix scoring: 55.3s
  Rewards: [0.0, 0.86, 0.71, 0.43, 0.57, 0.43, 0.71, 1.0]
  Failed regions: [[34, 91], [91, 129]]
  Successful interval: 103-149
  Keyframes: [7, 103, 144, 149]
  Success detected: True
  Confidence: 0.71

--- Segment 346/389 ---

============================================================
Segment: RouteStick_ep88_f100-192
  Subtask: move to the nearest right target by circling around the stick counterclockwise
  Frames: 100 - 192
============================================================
  Loaded 93 frames
  Prefix scoring: 54.6s
  Rewards: [0.42, 1.0, 0.92, 0.92, 0.92, 0.33, 0.17, 0.0]
  Failed regions: []
  Successful interval: 5-20
  Keyframes: [0, 5, 6, 20, 81]
  Success detected: True
  Confidence: 0.72

--- Segment 347/389 ---

============================================================
Segment: RouteStick_ep88_f100-199
  Subtask: move to the nearest right target by circling around the stick counterclockwise
  Frames: 100 - 199
============================================================
  Loaded 100 frames
  Prefix scoring: 55.0s
  Rewards: [0.31, 0.81, 1.0, 0.81, 0.62, 0.0, 0.25, 0.44]
  Failed regions: []
  Successful interval: 5-35
  Keyframes: [0, 5, 6, 35, 81]
  Success detected: True
  Confidence: 0.77

--- Segment 348/389 ---

============================================================
Segment: RouteStick_ep89_f150-199
  Subtask: move to the nearest right target by circling around the stick counterclockwise
  Frames: 150 - 199
============================================================
  Loaded 50 frames
  Prefix scoring: 55.0s
  Rewards: [0.0, 0.64, 0.43, 1.0, 0.86, 0.86, 0.71, 0.57]
  Failed regions: [[11, 23]]
  Successful interval: 15-23
  Keyframes: [0, 15, 16, 23, 49]
  Success detected: True
  Confidence: 0.70

--- Segment 349/389 ---

============================================================
Segment: RouteStick_ep89_f200-292
  Subtask: move to the nearest left target by circling around the stick counterclockwise
  Frames: 200 - 292
============================================================
  Loaded 93 frames
  Prefix scoring: 54.9s
  Rewards: [0.46, 0.77, 0.54, 1.0, 0.69, 0.31, 0.0, 0.69]
  Failed regions: [[20, 44]]
  Successful interval: 28-44
  Keyframes: [17, 28, 44, 45, 92]
  Success detected: True
  Confidence: 0.67

--- Segment 350/389 ---

============================================================
Segment: RouteStick_ep89_f200-299
  Subtask: move to the nearest left target by circling around the stick counterclockwise
  Frames: 200 - 299
============================================================
  Loaded 100 frames
  Prefix scoring: 56.4s
  Rewards: [0.0, 0.75, 1.0, 0.25, 0.75, 0.62, 0.38, 0.38]
  Failed regions: []
  Successful interval: 5-35
  Keyframes: [1, 5, 35, 36, 95]
  Success detected: True
  Confidence: 0.90

--- Segment 351/389 ---

============================================================
Segment: RouteStick_ep90_f250-299
  Subtask: move to the nearest right target by circling around the stick counterclockwise
  Frames: 250 - 299
============================================================
  Loaded 50 frames
  Prefix scoring: 54.5s
  Rewards: [0.0, 0.77, 0.85, 1.0, 0.69, 0.77, 0.69, 0.92]
  Failed regions: [[23, 36]]
  Successful interval: 40-49
  Keyframes: [0, 40, 44, 49]
  Success detected: True
  Confidence: 0.50

--- Segment 352/389 ---

============================================================
Segment: RouteStick_ep90_f300-349
  Subtask: move to the nearest left target by circling around the stick counterclockwise
  Frames: 300 - 349
============================================================
  Loaded 50 frames
  Prefix scoring: 54.8s
  Rewards: [0.0, 0.33, 0.5, 0.67, 0.67, 0.5, 1.0, 0.58]
  Failed regions: [[30, 42]]
  Successful interval: 34-42
  Keyframes: [10, 34, 42, 43, 49]
  Success detected: True
  Confidence: 0.69

--- Segment 353/389 ---

============================================================
Segment: RouteStick_ep90_f350-399
  Subtask: move to the nearest left target by circling around the stick clockwise
  Frames: 350 - 399
============================================================
  Loaded 50 frames
  Prefix scoring: 54.5s
  Rewards: [0.18, 1.0, 0.82, 1.0, 0.45, 0.0, 0.64, 0.55]
  Failed regions: [[11, 23]]
  Successful interval: 15-23
  Keyframes: [0, 15, 16, 23, 47]
  Success detected: True
  Confidence: 0.56

--- Segment 354/389 ---

============================================================
Segment: RouteStick_ep90_f400-492
  Subtask: move to the nearest left target by circling around the stick counterclockwise
  Frames: 400 - 492
============================================================
  Loaded 93 frames
  Prefix scoring: 55.0s
  Rewards: [0.35, 0.76, 1.0, 0.71, 0.65, 0.53, 0.24, 0.0]
  Failed regions: []
  Successful interval: 5-32
  Keyframes: [0, 5, 8, 32, 89]
  Success detected: True
  Confidence: 0.75

--- Segment 355/389 ---

============================================================
Segment: RouteStick_ep90_f400-499
  Subtask: move to the nearest left target by circling around the stick counterclockwise
  Frames: 400 - 499
============================================================
  Loaded 100 frames
  Prefix scoring: 54.7s
  Rewards: [0.58, 1.0, 1.0, 1.0, 1.0, 0.17, 0.0, 0.25]
  Failed regions: []
  Successful interval: 5-22
  Keyframes: [0, 5, 8, 22, 87]
  Success detected: True
  Confidence: 0.64

--- Segment 356/389 ---

============================================================
Segment: RouteStick_ep91_f200-249
  Subtask: move to the nearest right target by circling around the stick counterclockwise
  Frames: 200 - 249
============================================================
  Loaded 50 frames
  Prefix scoring: 55.1s
  Rewards: [0.0, 0.43, 0.57, 0.71, 0.64, 1.0, 0.71, 1.0]
  Failed regions: [[36, 49]]
  Successful interval: 40-49
  Keyframes: [10, 40, 44, 49]
  Success detected: True
  Confidence: 0.59

--- Segment 357/389 ---

============================================================
Segment: RouteStick_ep91_f250-299
  Subtask: move to the nearest left target by circling around the stick clockwise
  Frames: 250 - 299
============================================================
  Loaded 50 frames
  Prefix scoring: 54.5s
  Rewards: [0.0, 0.91, 0.27, 0.18, 1.0, 0.0, 0.27, 0.36]
  Failed regions: [[11, 30]]
  Successful interval: 21-30
  Keyframes: [0, 21, 30, 31, 47]
  Success detected: True
  Confidence: 0.85

--- Segment 358/389 ---

============================================================
Segment: RouteStick_ep91_f300-392
  Subtask: move to the nearest right target by circling around the stick clockwise
  Frames: 300 - 392
============================================================
  Loaded 93 frames
  Prefix scoring: 56.7s
  Rewards: [0.67, 0.0, 0.33, 0.67, 0.67, 0.0, 0.0, 1.0]
  Failed regions: [[9, 44], [56, 80], [56, 92]]
  Successful interval: 76-92
  Keyframes: [18, 76, 91, 92]
  Success detected: True
  Confidence: 0.92

--- Segment 359/389 ---

============================================================
Segment: RouteStick_ep91_f300-399
  Subtask: move to the nearest right target by circling around the stick clockwise
  Frames: 300 - 399
============================================================
  Loaded 100 frames
  Prefix scoring: 55.5s
  Rewards: [0.43, 0.14, 1.0, 0.86, 0.43, 0.0, 1.0, 1.0]
  Failed regions: [[10, 35], [35, 86]]
  Successful interval: 68-86
  Keyframes: [19, 68, 86, 87, 99]
  Success detected: True
  Confidence: 0.88

--- Segment 360/389 ---

============================================================
Segment: RouteStick_ep92_f150-199
  Subtask: move to the nearest right target by circling around the stick clockwise
  Frames: 150 - 199
============================================================
  Loaded 50 frames
  Prefix scoring: 54.8s
  Rewards: [0.0, 0.42, 0.68, 0.89, 0.84, 0.79, 0.89, 1.0]
  Failed regions: [[23, 42]]
  Successful interval: 34-49
  Keyframes: [0, 34, 44, 49]
  Success detected: True
  Confidence: 0.55

--- Segment 361/389 ---

============================================================
Segment: RouteStick_ep92_f200-292
  Subtask: move to the nearest right target by circling around the stick counterclockwise
  Frames: 200 - 292
============================================================
  Loaded 93 frames
  Prefix scoring: 54.7s
  Rewards: [0.8, 0.6, 0.5, 1.0, 0.8, 0.4, 0.0, 0.1]
  Failed regions: [[9, 44]]
  Successful interval: 28-44
  Keyframes: [0, 28, 44, 45, 92]
  Success detected: True
  Confidence: 0.69

--- Segment 362/389 ---

============================================================
Segment: RouteStick_ep92_f200-299
  Subtask: move to the nearest right target by circling around the stick counterclockwise
  Frames: 200 - 299
============================================================
  Loaded 100 frames
  Prefix scoring: 54.8s
  Rewards: [0.67, 0.17, 0.5, 0.58, 1.0, 0.33, 0.0, 0.25]
  Failed regions: [[10, 35]]
  Successful interval: 17-60
  Keyframes: [0, 17, 44, 60, 99]
  Success detected: True
  Confidence: 0.85

--- Segment 363/389 ---

============================================================
Segment: RouteStick_ep93_f100-149
  Subtask: move to the nearest left target by circling around the stick counterclockwise
  Frames: 100 - 149
============================================================
  Loaded 50 frames
  Prefix scoring: 54.7s
  Rewards: [0.22, 0.78, 0.78, 1.0, 0.44, 0.33, 0.0, 0.89]
  Failed regions: [[23, 49]]
  Successful interval: 40-49
  Keyframes: [10, 40, 44, 49]
  Success detected: True
  Confidence: 0.78

--- Segment 364/389 ---

============================================================
Segment: RouteStick_ep93_f150-192
  Subtask: move to the nearest right target by circling around the stick clockwise
  Frames: 150 - 192
============================================================
  Loaded 43 frames
  Prefix scoring: 55.5s
  Rewards: [0.0, 0.7, 0.3, 0.1, 1.0, 0.8, 0.8, 0.2]
  Failed regions: [[9, 25]]
  Successful interval: 18-25
  Keyframes: [1, 18, 25, 26, 42]
  Success detected: True
  Confidence: 0.86

--- Segment 365/389 ---

============================================================
Segment: RouteStick_ep93_f150-199
  Subtask: move to the nearest right target by circling around the stick clockwise
  Frames: 150 - 199
============================================================
  Loaded 50 frames
  Prefix scoring: 55.5s
  Rewards: [0.0, 0.64, 0.36, 0.64, 1.0, 0.82, 0.27, 0.64]
  Failed regions: [[11, 23]]
  Successful interval: 15-30
  Keyframes: [1, 15, 30, 31, 49]
  Success detected: True
  Confidence: 0.75

--- Segment 366/389 ---

============================================================
Segment: RouteStick_ep94_f250-299
  Subtask: move to the nearest left target by circling around the stick clockwise
  Frames: 250 - 299
============================================================
  Loaded 50 frames
  Prefix scoring: 54.5s
  Rewards: [0.55, 0.5, 1.0, 0.45, 0.55, 0.18, 0.0, 0.27]
  Failed regions: []
  Successful interval: 9-17
  Keyframes: [0, 9, 10, 17, 47]
  Success detected: True
  Confidence: 0.71

--- Segment 367/389 ---

============================================================
Segment: RouteStick_ep94_f300-492
  Subtask: move to the nearest right target by circling around the stick clockwise
  Frames: 300 - 492
============================================================
  Loaded 193 frames
  Prefix scoring: 55.7s
  Rewards: [0.1, 0.3, 0.4, 0.0, 0.0, 0.6, 1.0, 1.0]
  Failed regions: [[68, 117], [68, 142]]
  Successful interval: 108-167
  Keyframes: [28, 108, 156, 167, 192]
  Success detected: True
  Confidence: 0.92

--- Segment 368/389 ---

============================================================
Segment: RouteStick_ep94_f300-499
  Subtask: move to the nearest right target by circling around the stick clockwise
  Frames: 300 - 499
============================================================
  Loaded 200 frames
  Prefix scoring: 55.7s
  Rewards: [0.0, 0.17, 0.08, 0.0, 0.33, 0.75, 0.42, 1.0]
  Failed regions: [[147, 199]]
  Successful interval: 163-199
  Keyframes: [28, 163, 194, 199]
  Success detected: True
  Confidence: 0.76

--- Segment 369/389 ---

============================================================
Segment: RouteStick_ep95_f250-299
  Subtask: move to the nearest left target by circling around the stick clockwise
  Frames: 250 - 299
============================================================
  Loaded 50 frames
  Prefix scoring: 54.7s
  Rewards: [0.0, 0.5, 1.0, 0.93, 1.0, 0.93, 0.43, 0.5]
  Failed regions: []
  Successful interval: 21-30
  Keyframes: [0, 21, 30, 31, 49]
  Success detected: True
  Confidence: 0.50

--- Segment 370/389 ---

============================================================
Segment: RouteStick_ep95_f300-349
  Subtask: move to the nearest right target by circling around the stick clockwise
  Frames: 300 - 349
============================================================
  Loaded 50 frames
  Prefix scoring: 54.6s
  Rewards: [0.0, 0.8, 0.73, 0.67, 0.93, 1.0, 0.6, 0.93]
  Failed regions: [[11, 36], [36, 49]]
  Successful interval: 40-49
  Keyframes: [2, 40, 44, 49]
  Success detected: True
  Confidence: 0.55

--- Segment 371/389 ---

============================================================
Segment: RouteStick_ep95_f350-399
  Subtask: move to the nearest left target by circling around the stick counterclockwise
  Frames: 350 - 399
============================================================
  Loaded 50 frames
  Prefix scoring: 54.7s
  Rewards: [0.0, 0.58, 0.53, 0.53, 1.0, 0.74, 0.32, 0.47]
  Failed regions: []
  Successful interval: 21-30
  Keyframes: [0, 21, 30, 31, 48]
  Success detected: True
  Confidence: 0.69

--- Segment 372/389 ---

============================================================
Segment: RouteStick_ep95_f400-492
  Subtask: move to the nearest left target by circling around the stick clockwise
  Frames: 400 - 492
============================================================
  Loaded 93 frames
  Prefix scoring: 54.8s
  Rewards: [1.0, 0.81, 0.19, 0.88, 0.5, 0.0, 0.12, 0.56]
  Failed regions: [[9, 44]]
  Successful interval: 28-44
  Keyframes: [18, 28, 44, 45, 78]
  Success detected: True
  Confidence: 0.70

--- Segment 373/389 ---

============================================================
Segment: RouteStick_ep95_f400-499
  Subtask: move to the nearest left target by circling around the stick clockwise
  Frames: 400 - 499
============================================================
  Loaded 100 frames
  Prefix scoring: 54.9s
  Rewards: [0.86, 0.21, 0.07, 1.0, 0.14, 0.0, 0.36, 0.07]
  Failed regions: [[10, 48]]
  Successful interval: 30-48
  Keyframes: [18, 30, 44, 48, 78]
  Success detected: True
  Confidence: 0.90

--- Segment 374/389 ---

============================================================
Segment: RouteStick_ep96_f100-149
  Subtask: move to the nearest left target by circling around the stick clockwise
  Frames: 100 - 149
============================================================
  Loaded 50 frames
  Prefix scoring: 55.4s
  Rewards: [0.33, 1.0, 0.89, 0.56, 0.0, 0.44, 0.33, 0.78]
  Failed regions: []
  Successful interval: 3-11
  Keyframes: [0, 3, 4, 11, 49]
  Success detected: True
  Confidence: 0.76

--- Segment 375/389 ---

============================================================
Segment: RouteStick_ep96_f150-192
  Subtask: move to the nearest right target by circling around the stick counterclockwise
  Frames: 150 - 192
============================================================
  Loaded 43 frames
  Prefix scoring: 55.1s
  Rewards: [0.0, 0.33, 1.0, 0.47, 0.73, 0.67, 0.33, 0.47]
  Failed regions: []
  Successful interval: 2-14
  Keyframes: [0, 2, 4, 14, 42]
  Success detected: True
  Confidence: 0.90

--- Segment 376/389 ---

============================================================
Segment: RouteStick_ep96_f150-199
  Subtask: move to the nearest right target by circling around the stick counterclockwise
  Frames: 150 - 199
============================================================
  Loaded 50 frames
  Prefix scoring: 54.7s
  Rewards: [0.0, 1.0, 0.44, 0.56, 1.0, 0.33, 0.56, 0.89]
  Failed regions: [[11, 30], [30, 42]]
  Successful interval: 34-49
  Keyframes: [9, 34, 44, 49]
  Success detected: True
  Confidence: 0.64

--- Segment 377/389 ---

============================================================
Segment: RouteStick_ep97_f100-149
  Subtask: move to the nearest right target by circling around the stick counterclockwise
  Frames: 100 - 149
============================================================
  Loaded 50 frames
  Prefix scoring: 55.1s
  Rewards: [0.0, 0.71, 0.86, 0.71, 1.0, 0.29, 0.57, 1.0]
  Failed regions: [[17, 30], [30, 42]]
  Successful interval: 34-49
  Keyframes: [1, 34, 44, 49]
  Success detected: True
  Confidence: 0.76

--- Segment 378/389 ---

============================================================
Segment: RouteStick_ep97_f150-192
  Subtask: move to the nearest right target by circling around the stick clockwise
  Frames: 150 - 192
============================================================
  Loaded 43 frames
  Prefix scoring: 54.6s
  Rewards: [0.0, 0.75, 0.62, 0.0, 0.62, 1.0, 0.75, 0.75]
  Failed regions: [[9, 25]]
  Successful interval: 18-31
  Keyframes: [0, 18, 19, 31, 42]
  Success detected: True
  Confidence: 0.89

--- Segment 379/389 ---

============================================================
Segment: RouteStick_ep97_f150-199
  Subtask: move to the nearest right target by circling around the stick clockwise
  Frames: 150 - 199
============================================================
  Loaded 50 frames
  Prefix scoring: 54.5s
  Rewards: [0.0, 0.5, 0.4, 1.0, 1.0, 0.8, 0.8, 1.0]
  Failed regions: [[11, 23], [30, 42], [30, 49]]
  Successful interval: 40-49
  Keyframes: [10, 40, 44, 49]
  Success detected: True
  Confidence: 0.54

--- Segment 380/389 ---

============================================================
Segment: RouteStick_ep98_f200-249
  Subtask: move to the nearest left target by circling around the stick clockwise
  Frames: 200 - 249
============================================================
  Loaded 50 frames
  Prefix scoring: 54.9s
  Rewards: [0.0, 1.0, 0.5, 0.9, 0.6, 0.6, 0.6, 0.9]
  Failed regions: [[11, 23], [23, 36], [23, 42]]
  Successful interval: 40-49
  Keyframes: [0, 40, 44, 49]
  Success detected: True
  Confidence: 0.53

--- Segment 381/389 ---

============================================================
Segment: RouteStick_ep98_f250-299
  Subtask: move to the nearest right target by circling around the stick clockwise
  Frames: 250 - 299
============================================================
  Loaded 50 frames
  Prefix scoring: 54.5s
  Rewards: [0.0, 0.18, 0.53, 0.59, 1.0, 0.65, 0.53, 0.71]
  Failed regions: []
  Successful interval: 3-30
  Keyframes: [0, 3, 6, 30, 49]
  Success detected: True
  Confidence: 0.90

--- Segment 382/389 ---

============================================================
Segment: RouteStick_ep98_f300-349
  Subtask: move to the nearest right target by circling around the stick counterclockwise
  Frames: 300 - 349
============================================================
  Loaded 50 frames
  Prefix scoring: 54.9s
  Rewards: [0.0, 0.88, 0.25, 0.62, 1.0, 0.88, 1.0, 1.0]
  Failed regions: [[11, 30], [30, 42]]
  Successful interval: 34-42
  Keyframes: [1, 34, 42, 43, 49]
  Success detected: True
  Confidence: 0.51

--- Segment 383/389 ---

============================================================
Segment: RouteStick_ep98_f350-392
  Subtask: move to the nearest right target by circling around the stick clockwise
  Frames: 350 - 392
============================================================
  Loaded 43 frames
  Prefix scoring: 54.6s
  Rewards: [0.0, 0.58, 1.0, 0.42, 0.58, 0.5, 0.75, 0.5]
  Failed regions: []
  Successful interval: 2-14
  Keyframes: [0, 2, 7, 14, 42]
  Success detected: True
  Confidence: 0.89

--- Segment 384/389 ---

============================================================
Segment: RouteStick_ep98_f350-399
  Subtask: move to the nearest right target by circling around the stick clockwise
  Frames: 350 - 399
============================================================
  Loaded 50 frames
  Prefix scoring: 54.8s
  Rewards: [0.0, 0.18, 0.73, 1.0, 0.64, 0.82, 0.55, 0.45]
  Failed regions: [[23, 36]]
  Successful interval: 28-36
  Keyframes: [0, 28, 36, 37, 49]
  Success detected: True
  Confidence: 0.45

--- Segment 385/389 ---

============================================================
Segment: RouteStick_ep99_f200-249
  Subtask: move to the nearest left target by circling around the stick clockwise
  Frames: 200 - 249
============================================================
  Loaded 50 frames
  Prefix scoring: 54.6s
  Rewards: [0.0, 1.0, 0.78, 1.0, 0.33, 0.44, 0.56, 0.44]
  Failed regions: [[11, 23]]
  Successful interval: 15-23
  Keyframes: [0, 15, 16, 23, 49]
  Success detected: True
  Confidence: 0.57

--- Segment 386/389 ---

============================================================
Segment: RouteStick_ep99_f250-299
  Subtask: move to the nearest right target by circling around the stick clockwise
  Frames: 250 - 299
============================================================
  Loaded 50 frames
  Prefix scoring: 54.5s
  Rewards: [0.11, 0.78, 0.22, 0.0, 0.56, 0.0, 0.89, 1.0]
  Failed regions: [[11, 30], [30, 42]]
  Successful interval: 34-49
  Keyframes: [3, 34, 42, 49]
  Success detected: True
  Confidence: 0.91

--- Segment 387/389 ---

============================================================
Segment: RouteStick_ep99_f300-349
  Subtask: move to the nearest left target by circling around the stick counterclockwise
  Frames: 300 - 349
============================================================
  Loaded 50 frames
  Prefix scoring: 55.6s
  Rewards: [0.0, 0.4, 0.2, 0.0, 0.2, 0.2, 0.6, 1.0]
  Failed regions: [[11, 30]]
  Successful interval: 34-49
  Keyframes: [10, 34, 44, 49]
  Success detected: True
  Confidence: 0.85

--- Segment 388/389 ---

============================================================
Segment: RouteStick_ep99_f350-392
  Subtask: move to the nearest right target by circling around the stick counterclockwise
  Frames: 350 - 392
============================================================
  Loaded 43 frames
  Prefix scoring: 56.1s
  Rewards: [0.0, 0.45, 0.27, 0.82, 0.64, 0.73, 1.0, 0.73]
  Failed regions: [[9, 20], [20, 31]]
  Successful interval: 23-36
  Keyframes: [0, 23, 36, 37, 42]
  Success detected: True
  Confidence: 0.63

--- Segment 389/389 ---

============================================================
Segment: RouteStick_ep99_f350-399
  Subtask: move to the nearest right target by circling around the stick counterclockwise
  Frames: 350 - 399
============================================================
  Loaded 50 frames
  Prefix scoring: 54.4s
  Rewards: [0.0, 0.22, 0.11, 0.11, 0.44, 1.0, 0.67, 0.44]
  Failed regions: []
  Successful interval: 21-36
  Keyframes: [0, 21, 36, 37, 48]
  Success detected: True
  Confidence: 0.88

============================================================
Step 4: Summary
============================================================
  Processed: 389 segments
  Skipped: 0 segments
  Environments: {'RouteStick': 389}
  Mean confidence: 0.705
  Success detected: 389/389
  Total failed regions detected: 416

All outputs saved to: data/topreward_full
Done.
