===== TOPReward Labeling =====
SLURM_JOB_ID:       3035675
SLURM_ARRAY_TASK_ID: 4
TASK:                MoveCube
HOSTNAME:            hk47.cc.gatech.edu
GPU:                 NVIDIA A40
STARTED:             Thu Apr 30 02:01:37 PM EDT 2026
==============================
============================================================
Step 1: Sampling episodes
============================================================
  Task: MoveCube, sampling 100 episodes
  H5: data/robomme_data_h5/record_dataset_MoveCube.h5
  Sampled episodes: [0, 1, 2, 3, 4, 5, 6, 7, 8, 9, 10, 11, 12, 13, 14, 15, 16, 17, 18, 19, 20, 21, 22, 23, 24, 25, 26, 27, 28, 29, 30, 31, 32, 33, 34, 35, 36, 37, 38, 39, 40, 41, 42, 43, 44, 45, 46, 47, 48, 49, 50, 51, 52, 53, 54, 55, 56, 57, 58, 59, 60, 61, 62, 63, 64, 65, 66, 67, 68, 69, 70, 71, 72, 73, 74, 75, 76, 77, 78, 79, 80, 81, 82, 83, 84, 85, 86, 87, 88, 89, 90, 91, 92, 93, 94, 95, 96, 97, 98, 99]
  Found 266 subtask segments

============================================================
Step 2: Loading Qwen VL model
============================================================
  Model: Qwen/Qwen3-VL-8B-Instruct
  Device: cuda, dtype: auto

============================================================
Step 3: Processing 266 segments
============================================================

--- Segment 1/266 ---

============================================================
Segment: MoveCube_ep0_f234-351
  Subtask: pick up the peg
  Frames: 234 - 351
============================================================
  Loaded 118 frames
  Prefix scoring: 53.1s
  Rewards: [0.0, 0.12, 0.45, 0.64, 0.61, 0.7, 0.76, 1.0]
  Failed regions: []
  Successful interval: 66-117
  Keyframes: [0, 66, 100, 117]
  Success detected: True
  Confidence: 0.65

--- Segment 2/266 ---

============================================================
Segment: MoveCube_ep0_f352-418
  Subtask: hook the cube to the target with the peg
  Frames: 352 - 418
============================================================
  Loaded 67 frames
  Prefix scoring: 52.1s
  Rewards: [0.0, 0.3, 0.26, 0.48, 0.26, 0.65, 1.0, 0.65]
  Failed regions: [[31, 48]]
  Successful interval: 37-57
  Keyframes: [0, 37, 56, 57, 66]
  Success detected: True
  Confidence: 0.81

--- Segment 3/266 ---

============================================================
Segment: MoveCube_ep0_f352-424
  Subtask: hook the cube to the target with the peg
  Frames: 352 - 424
============================================================
  Loaded 73 frames
  Prefix scoring: 52.3s
  Rewards: [0.0, 0.27, 1.0, 0.32, 0.86, 0.91, 0.86, 0.86]
  Failed regions: [[25, 44]]
  Successful interval: 31-53
  Keyframes: [0, 31, 53, 54, 71]
  Success detected: True
  Confidence: 0.65

--- Segment 4/266 ---

============================================================
Segment: MoveCube_ep1_f258-363
  Subtask: pick up the cube
  Frames: 258 - 363
============================================================
  Loaded 106 frames
  Prefix scoring: 52.4s
  Rewards: [0.14, 0.0, 0.54, 0.71, 0.64, 0.68, 0.75, 1.0]
  Failed regions: []
  Successful interval: 59-105
  Keyframes: [0, 59, 67, 105]
  Success detected: True
  Confidence: 0.63

--- Segment 5/266 ---

============================================================
Segment: MoveCube_ep1_f364-423
  Subtask: place the cube onto the target
  Frames: 364 - 423
============================================================
  Loaded 60 frames
  Prefix scoring: 52.2s
  Rewards: [0.0, 0.11, 0.46, 0.43, 0.63, 0.77, 1.0, 0.86]
  Failed regions: []
  Successful interval: 25-51
  Keyframes: [4, 25, 30, 51, 59]
  Success detected: True
  Confidence: 0.72

--- Segment 6/266 ---

============================================================
Segment: MoveCube_ep1_f364-440
  Subtask: place the cube onto the target
  Frames: 364 - 440
============================================================
  Loaded 77 frames
  Prefix scoring: 52.9s
  Rewards: [0.0, 0.36, 0.36, 0.68, 1.0, 0.82, 0.89, 0.75]
  Failed regions: [[46, 66]]
  Successful interval: 53-66
  Keyframes: [1, 53, 64, 66, 76]
  Success detected: True
  Confidence: 0.44

--- Segment 7/266 ---

============================================================
Segment: MoveCube_ep2_f243-356
  Subtask: pick up the peg
  Frames: 243 - 356
============================================================
  Loaded 114 frames
  Prefix scoring: 52.4s
  Rewards: [0.0, 0.02, 0.42, 0.58, 0.54, 0.74, 0.62, 1.0]
  Failed regions: [[83, 113]]
  Successful interval: 93-113
  Keyframes: [0, 93, 96, 113]
  Success detected: True
  Confidence: 0.65

--- Segment 8/266 ---

============================================================
Segment: MoveCube_ep2_f357-471
  Subtask: hook the cube to the target with the peg
  Frames: 357 - 471
============================================================
  Loaded 115 frames
  Prefix scoring: 52.4s
  Rewards: [0.0, 0.4, 0.4, 0.37, 0.58, 0.6, 1.0, 0.63]
  Failed regions: []
  Successful interval: 50-99
  Keyframes: [7, 50, 95, 99, 114]
  Success detected: True
  Confidence: 0.75

--- Segment 9/266 ---

============================================================
Segment: MoveCube_ep2_f357-477
  Subtask: hook the cube to the target with the peg
  Frames: 357 - 477
============================================================
  Loaded 121 frames
  Prefix scoring: 52.4s
  Rewards: [0.0, 0.24, 0.74, 0.94, 0.68, 0.71, 1.0, 0.94]
  Failed regions: [[58, 89]]
  Successful interval: 67-104
  Keyframes: [24, 67, 95, 104, 120]
  Success detected: True
  Confidence: 0.60

--- Segment 10/266 ---

============================================================
Segment: MoveCube_ep3_f161-260
  Subtask: close the gripper and push the cube to the target
  Frames: 161 - 260
============================================================
  Loaded 100 frames
  Prefix scoring: 52.4s
  Rewards: [0.09, 0.06, 0.0, 0.55, 0.61, 0.76, 0.91, 1.0]
  Failed regions: []
  Successful interval: 30-99
  Keyframes: [0, 30, 84, 99]
  Success detected: True
  Confidence: 0.90

--- Segment 11/266 ---

============================================================
Segment: MoveCube_ep3_f161-265
  Subtask: close the gripper and push the cube to the target
  Frames: 161 - 265
============================================================
  Loaded 105 frames
  Prefix scoring: 52.5s
  Rewards: [0.03, 0.0, 0.03, 0.55, 0.55, 0.48, 0.88, 1.0]
  Failed regions: []
  Successful interval: 72-104
  Keyframes: [0, 72, 84, 104]
  Success detected: True
  Confidence: 0.72

--- Segment 12/266 ---

============================================================
Segment: MoveCube_ep4_f236-347
  Subtask: pick up the cube
  Frames: 236 - 347
============================================================
  Loaded 112 frames
  Prefix scoring: 52.3s
  Rewards: [0.0, 0.06, 0.64, 0.64, 0.61, 0.72, 0.92, 1.0]
  Failed regions: []
  Successful interval: 63-111
  Keyframes: [0, 63, 102, 111]
  Success detected: True
  Confidence: 0.64

--- Segment 13/266 ---

============================================================
Segment: MoveCube_ep4_f348-421
  Subtask: place the cube onto the target
  Frames: 348 - 421
============================================================
  Loaded 74 frames
  Prefix scoring: 52.1s
  Rewards: [0.0, 0.38, 0.29, 0.46, 1.0, 0.38, 0.79, 0.62]
  Failed regions: [[16, 35]]
  Successful interval: 22-44
  Keyframes: [0, 22, 43, 44, 63]
  Success detected: True
  Confidence: 0.79

--- Segment 14/266 ---

============================================================
Segment: MoveCube_ep4_f348-439
  Subtask: place the cube onto the target
  Frames: 348 - 439
============================================================
  Loaded 92 frames
  Prefix scoring: 52.6s
  Rewards: [0.0, 0.05, 0.18, 1.0, 0.59, 0.68, 0.36, 0.73]
  Failed regions: []
  Successful interval: 5-44
  Keyframes: [0, 5, 14, 44, 67]
  Success detected: True
  Confidence: 0.91

--- Segment 15/266 ---

============================================================
Segment: MoveCube_ep5_f246-348
  Subtask: pick up the cube
  Frames: 246 - 348
============================================================
  Loaded 103 frames
  Prefix scoring: 52.3s
  Rewards: [0.03, 0.0, 0.85, 0.97, 0.67, 0.85, 1.0, 0.85]
  Failed regions: [[49, 75]]
  Successful interval: 57-88
  Keyframes: [0, 57, 64, 88, 102]
  Success detected: True
  Confidence: 0.60

--- Segment 16/266 ---

============================================================
Segment: MoveCube_ep5_f349-411
  Subtask: place the cube onto the target
  Frames: 349 - 411
============================================================
  Loaded 63 frames
  Prefix scoring: 52.0s
  Rewards: [0.0, 0.0, 0.5, 0.59, 0.68, 0.91, 1.0, 0.82]
  Failed regions: []
  Successful interval: 11-54
  Keyframes: [0, 11, 12, 54, 62]
  Success detected: True
  Confidence: 0.89

--- Segment 17/266 ---

============================================================
Segment: MoveCube_ep5_f349-428
  Subtask: place the cube onto the target
  Frames: 349 - 428
============================================================
  Loaded 80 frames
  Prefix scoring: 53.0s
  Rewards: [0.05, 0.0, 0.31, 0.64, 1.0, 0.9, 0.67, 0.67]
  Failed regions: []
  Successful interval: 14-48
  Keyframes: [0, 14, 31, 48, 79]
  Success detected: True
  Confidence: 0.89

--- Segment 18/266 ---

============================================================
Segment: MoveCube_ep6_f240-348
  Subtask: pick up the cube
  Frames: 240 - 348
============================================================
  Loaded 109 frames
  Prefix scoring: 52.4s
  Rewards: [0.06, 0.0, 0.39, 0.79, 0.76, 0.76, 0.91, 1.0]
  Failed regions: []
  Successful interval: 75-108
  Keyframes: [0, 75, 94, 108]
  Success detected: True
  Confidence: 0.58

--- Segment 19/266 ---

============================================================
Segment: MoveCube_ep6_f349-426
  Subtask: place the cube onto the target
  Frames: 349 - 426
============================================================
  Loaded 78 frames
  Prefix scoring: 52.1s
  Rewards: [0.0, 0.18, 0.5, 1.0, 0.95, 0.68, 0.68, 0.34]
  Failed regions: []
  Successful interval: 4-37
  Keyframes: [0, 4, 18, 37, 58]
  Success detected: True
  Confidence: 0.89

--- Segment 20/266 ---

============================================================
Segment: MoveCube_ep6_f349-442
  Subtask: place the cube onto the target
  Frames: 349 - 442
============================================================
  Loaded 94 frames
  Prefix scoring: 52.8s
  Rewards: [0.0, 0.29, 0.84, 1.0, 0.63, 0.55, 0.63, 0.58]
  Failed regions: []
  Successful interval: 5-45
  Keyframes: [0, 5, 18, 45, 69]
  Success detected: True
  Confidence: 0.89

--- Segment 21/266 ---

============================================================
Segment: MoveCube_ep7_f267-384
  Subtask: pick up the peg
  Frames: 267 - 384
============================================================
  Loaded 118 frames
  Prefix scoring: 52.3s
  Rewards: [0.0, 0.06, 0.5, 0.56, 0.53, 0.91, 0.71, 1.0]
  Failed regions: [[86, 117]]
  Successful interval: 96-117
  Keyframes: [0, 96, 100, 117]
  Success detected: True
  Confidence: 0.61

--- Segment 22/266 ---

============================================================
Segment: MoveCube_ep7_f385-505
  Subtask: hook the cube to the target with the peg
  Frames: 385 - 505
============================================================
  Loaded 121 frames
  Prefix scoring: 52.4s
  Rewards: [0.0, 0.18, 1.0, 0.71, 0.5, 0.56, 0.82, 0.62]
  Failed regions: [[42, 89]]
  Successful interval: 67-104
  Keyframes: [12, 67, 103, 104, 120]
  Success detected: True
  Confidence: 0.51

--- Segment 23/266 ---

============================================================
Segment: MoveCube_ep7_f385-511
  Subtask: hook the cube to the target with the peg
  Frames: 385 - 511
============================================================
  Loaded 127 frames
  Prefix scoring: 52.6s
  Rewards: [0.0, 0.44, 0.97, 0.68, 0.32, 0.53, 1.0, 0.82]
  Failed regions: [[44, 93]]
  Successful interval: 71-109
  Keyframes: [12, 71, 103, 109, 126]
  Success detected: True
  Confidence: 0.75

--- Segment 24/266 ---

============================================================
Segment: MoveCube_ep8_f160-273
  Subtask: close the gripper and push the cube to the target
  Frames: 160 - 273
============================================================
  Loaded 114 frames
  Prefix scoring: 52.4s
  Rewards: [0.06, 0.0, 0.74, 0.94, 0.91, 0.94, 1.0, 0.88]
  Failed regions: []
  Successful interval: 64-98
  Keyframes: [0, 64, 90, 98, 113]
  Success detected: True
  Confidence: 0.50

--- Segment 25/266 ---

============================================================
Segment: MoveCube_ep8_f160-278
  Subtask: close the gripper and push the cube to the target
  Frames: 160 - 278
============================================================
  Loaded 119 frames
  Prefix scoring: 52.3s
  Rewards: [0.05, 0.0, 0.72, 0.74, 0.72, 0.97, 1.0, 0.79]
  Failed regions: []
  Successful interval: 67-102
  Keyframes: [0, 67, 90, 102, 118]
  Success detected: True
  Confidence: 0.59

--- Segment 26/266 ---

============================================================
Segment: MoveCube_ep9_f173-273
  Subtask: close the gripper and push the cube to the target
  Frames: 173 - 273
============================================================
  Loaded 101 frames
  Prefix scoring: 52.2s
  Rewards: [0.03, 0.0, 0.69, 0.97, 1.0, 0.66, 0.77, 0.97]
  Failed regions: [[61, 87]]
  Successful interval: 69-100
  Keyframes: [0, 69, 84, 100]
  Success detected: True
  Confidence: 0.58

--- Segment 27/266 ---

============================================================
Segment: MoveCube_ep9_f173-278
  Subtask: close the gripper and push the cube to the target
  Frames: 173 - 278
============================================================
  Loaded 106 frames
  Prefix scoring: 52.6s
  Rewards: [0.02, 0.0, 0.54, 0.78, 0.63, 0.59, 0.98, 1.0]
  Failed regions: [[50, 91]]
  Successful interval: 72-105
  Keyframes: [0, 72, 84, 105]
  Success detected: True
  Confidence: 0.65

--- Segment 28/266 ---

============================================================
Segment: MoveCube_ep10_f272-401
  Subtask: pick up the peg
  Frames: 272 - 401
============================================================
  Loaded 130 frames
  Prefix scoring: 52.5s
  Rewards: [0.0, 0.0, 0.36, 0.42, 1.0, 0.82, 0.79, 0.7]
  Failed regions: []
  Successful interval: 23-79
  Keyframes: [0, 23, 72, 79, 120]
  Success detected: True
  Confidence: 0.90

--- Segment 29/266 ---

============================================================
Segment: MoveCube_ep10_f402-475
  Subtask: hook the cube to the target with the peg
  Frames: 402 - 475
============================================================
  Loaded 74 frames
  Prefix scoring: 52.0s
  Rewards: [0.0, 0.24, 0.24, 0.49, 0.59, 0.46, 1.0, 0.76]
  Failed regions: [[44, 63]]
  Successful interval: 51-63
  Keyframes: [1, 51, 61, 63, 73]
  Success detected: True
  Confidence: 0.72

--- Segment 30/266 ---

============================================================
Segment: MoveCube_ep10_f402-481
  Subtask: hook the cube to the target with the peg
  Frames: 402 - 481
============================================================
  Loaded 80 frames
  Prefix scoring: 52.2s
  Rewards: [0.0, 0.1, 0.52, 0.52, 0.81, 0.67, 1.0, 1.0]
  Failed regions: [[48, 68]]
  Successful interval: 54-68
  Keyframes: [16, 54, 61, 68, 79]
  Success detected: True
  Confidence: 0.62

--- Segment 31/266 ---

============================================================
Segment: MoveCube_ep11_f162-251
  Subtask: close the gripper and push the cube to the target
  Frames: 162 - 251
============================================================
  Loaded 90 frames
  Prefix scoring: 52.3s
  Rewards: [0.22, 0.22, 0.0, 0.62, 0.94, 0.62, 0.75, 1.0]
  Failed regions: [[54, 77]]
  Successful interval: 62-89
  Keyframes: [0, 62, 80, 89]
  Success detected: True
  Confidence: 0.64

--- Segment 32/266 ---

============================================================
Segment: MoveCube_ep11_f162-256
  Subtask: close the gripper and push the cube to the target
  Frames: 162 - 256
============================================================
  Loaded 95 frames
  Prefix scoring: 52.4s
  Rewards: [0.07, 0.07, 0.0, 0.56, 0.7, 0.67, 1.0, 0.85]
  Failed regions: []
  Successful interval: 65-81
  Keyframes: [0, 65, 80, 81, 94]
  Success detected: True
  Confidence: 0.64

--- Segment 33/266 ---

============================================================
Segment: MoveCube_ep12_f239-357
  Subtask: pick up the peg
  Frames: 239 - 357
============================================================
  Loaded 119 frames
  Prefix scoring: 52.7s
  Rewards: [0.06, 0.0, 0.26, 0.62, 1.0, 0.74, 0.79, 0.88]
  Failed regions: [[72, 102]]
  Successful interval: 82-118
  Keyframes: [0, 82, 100, 118]
  Success detected: True
  Confidence: 0.48

--- Segment 34/266 ---

============================================================
Segment: MoveCube_ep12_f358-508
  Subtask: hook the cube to the target with the peg
  Frames: 358 - 508
============================================================
  Loaded 151 frames
  Prefix scoring: 52.6s
  Rewards: [0.0, 0.59, 0.78, 0.41, 0.34, 0.5, 0.69, 1.0]
  Failed regions: [[53, 111]]
  Successful interval: 85-150
  Keyframes: [0, 85, 131, 150]
  Success detected: True
  Confidence: 0.75

--- Segment 35/266 ---

============================================================
Segment: MoveCube_ep12_f358-514
  Subtask: hook the cube to the target with the peg
  Frames: 358 - 514
============================================================
  Loaded 157 frames
  Prefix scoring: 52.6s
  Rewards: [0.0, 0.59, 0.5, 0.21, 0.24, 0.26, 0.88, 1.0]
  Failed regions: [[35, 95]]
  Successful interval: 68-156
  Keyframes: [0, 68, 130, 156]
  Success detected: True
  Confidence: 0.83

--- Segment 36/266 ---

============================================================
Segment: MoveCube_ep13_f244-356
  Subtask: pick up the cube
  Frames: 244 - 356
============================================================
  Loaded 113 frames
  Prefix scoring: 52.2s
  Rewards: [0.0, 0.0, 0.7, 0.78, 0.86, 0.95, 0.89, 1.0]
  Failed regions: []
  Successful interval: 92-112
  Keyframes: [0, 92, 99, 112]
  Success detected: True
  Confidence: 0.51

--- Segment 37/266 ---

============================================================
Segment: MoveCube_ep13_f357-420
  Subtask: place the cube onto the target
  Frames: 357 - 420
============================================================
  Loaded 64 frames
  Prefix scoring: 52.3s
  Rewards: [0.5, 0.45, 0.8, 0.0, 0.75, 1.0, 0.68, 0.93]
  Failed regions: [[22, 46], [46, 63]]
  Successful interval: 51-63
  Keyframes: [5, 51, 63]
  Success detected: True
  Confidence: 0.53

--- Segment 38/266 ---

============================================================
Segment: MoveCube_ep13_f357-438
  Subtask: place the cube onto the target
  Frames: 357 - 438
============================================================
  Loaded 82 frames
  Prefix scoring: 52.3s
  Rewards: [0.32, 0.26, 0.91, 0.53, 0.76, 0.0, 0.56, 1.0]
  Failed regions: [[28, 49], [49, 70]]
  Successful interval: 56-81
  Keyframes: [1, 56, 68, 81]
  Success detected: True
  Confidence: 0.89

--- Segment 39/266 ---

============================================================
Segment: MoveCube_ep14_f264-367
  Subtask: pick up the cube
  Frames: 264 - 367
============================================================
  Loaded 104 frames
  Prefix scoring: 52.2s
  Rewards: [0.0, 0.03, 0.55, 0.74, 0.68, 0.68, 0.71, 1.0]
  Failed regions: []
  Successful interval: 71-103
  Keyframes: [0, 71, 95, 103]
  Success detected: True
  Confidence: 0.62

--- Segment 40/266 ---

============================================================
Segment: MoveCube_ep14_f368-432
  Subtask: place the cube onto the target
  Frames: 368 - 432
============================================================
  Loaded 65 frames
  Prefix scoring: 52.2s
  Rewards: [0.35, 0.61, 0.0, 0.03, 0.45, 0.76, 0.98, 1.0]
  Failed regions: [[14, 30]]
  Successful interval: 19-64
  Keyframes: [0, 19, 33, 64]
  Success detected: True
  Confidence: 0.90

--- Segment 41/266 ---

============================================================
Segment: MoveCube_ep14_f368-450
  Subtask: place the cube onto the target
  Frames: 368 - 450
============================================================
  Loaded 83 frames
  Prefix scoring: 52.3s
  Rewards: [0.2, 0.04, 0.0, 0.27, 0.87, 1.0, 0.84, 0.87]
  Failed regions: [[60, 82]]
  Successful interval: 67-82
  Keyframes: [0, 67, 68, 82]
  Success detected: True
  Confidence: 0.43

--- Segment 42/266 ---

============================================================
Segment: MoveCube_ep15_f163-266
  Subtask: close the gripper and push the cube to the target
  Frames: 163 - 266
============================================================
  Loaded 104 frames
  Prefix scoring: 52.4s
  Rewards: [0.17, 0.0, 0.8, 0.91, 0.74, 0.49, 0.94, 1.0]
  Failed regions: [[49, 89]]
  Successful interval: 71-103
  Keyframes: [0, 71, 84, 103]
  Success detected: True
  Confidence: 0.68

--- Segment 43/266 ---

============================================================
Segment: MoveCube_ep15_f163-271
  Subtask: close the gripper and push the cube to the target
  Frames: 163 - 271
============================================================
  Loaded 109 frames
  Prefix scoring: 52.4s
  Rewards: [0.17, 0.0, 0.63, 0.83, 0.77, 0.63, 0.94, 1.0]
  Failed regions: [[52, 94]]
  Successful interval: 75-108
  Keyframes: [0, 75, 84, 108]
  Success detected: True
  Confidence: 0.62

--- Segment 44/266 ---

============================================================
Segment: MoveCube_ep16_f257-366
  Subtask: pick up the cube
  Frames: 257 - 366
============================================================
  Loaded 110 frames
  Prefix scoring: 52.6s
  Rewards: [0.18, 0.0, 0.87, 0.89, 0.82, 0.79, 0.84, 1.0]
  Failed regions: [[53, 95]]
  Successful interval: 76-109
  Keyframes: [0, 76, 96, 109]
  Success detected: True
  Confidence: 0.55

--- Segment 45/266 ---

============================================================
Segment: MoveCube_ep16_f367-421
  Subtask: place the cube onto the target
  Frames: 367 - 421
============================================================
  Loaded 55 frames
  Prefix scoring: 52.1s
  Rewards: [0.0, 0.54, 0.5, 0.68, 0.71, 0.89, 1.0, 0.39]
  Failed regions: []
  Successful interval: 17-47
  Keyframes: [0, 17, 28, 47, 54]
  Success detected: True
  Confidence: 0.68

--- Segment 46/266 ---

============================================================
Segment: MoveCube_ep16_f367-433
  Subtask: place the cube onto the target
  Frames: 367 - 433
============================================================
  Loaded 67 frames
  Prefix scoring: 52.2s
  Rewards: [0.0, 0.47, 0.47, 0.88, 0.81, 1.0, 1.0, 0.88]
  Failed regions: []
  Successful interval: 37-48
  Keyframes: [0, 37, 48, 49, 66]
  Success detected: True
  Confidence: 0.54

--- Segment 47/266 ---

============================================================
Segment: MoveCube_ep17_f255-366
  Subtask: pick up the peg
  Frames: 255 - 366
============================================================
  Loaded 112 frames
  Prefix scoring: 52.4s
  Rewards: [0.03, 0.0, 0.38, 0.9, 0.62, 0.72, 0.76, 1.0]
  Failed regions: [[53, 82]]
  Successful interval: 63-111
  Keyframes: [0, 63, 94, 111]
  Success detected: True
  Confidence: 0.64

--- Segment 48/266 ---

============================================================
Segment: MoveCube_ep17_f367-484
  Subtask: hook the cube to the target with the peg
  Frames: 367 - 484
============================================================
  Loaded 118 frames
  Prefix scoring: 52.4s
  Rewards: [0.0, 0.58, 0.88, 0.46, 0.19, 0.54, 0.77, 1.0]
  Failed regions: [[41, 86]]
  Successful interval: 66-117
  Keyframes: [2, 66, 100, 117]
  Success detected: True
  Confidence: 0.81

--- Segment 49/266 ---

============================================================
Segment: MoveCube_ep17_f367-490
  Subtask: hook the cube to the target with the peg
  Frames: 367 - 490
============================================================
  Loaded 124 frames
  Prefix scoring: 52.5s
  Rewards: [0.0, 0.69, 0.97, 0.52, 0.48, 0.62, 0.79, 1.0]
  Failed regions: [[43, 91]]
  Successful interval: 69-123
  Keyframes: [2, 69, 100, 123]
  Success detected: True
  Confidence: 0.68

--- Segment 50/266 ---

============================================================
Segment: MoveCube_ep18_f262-382
  Subtask: pick up the peg
  Frames: 262 - 382
============================================================
  Loaded 121 frames
  Prefix scoring: 52.5s
  Rewards: [0.0, 0.05, 0.62, 1.0, 0.78, 0.85, 0.78, 0.95]
  Failed regions: [[58, 89]]
  Successful interval: 98-120
  Keyframes: [0, 98, 99, 120]
  Success detected: True
  Confidence: 0.51

--- Segment 51/266 ---

============================================================
Segment: MoveCube_ep18_f383-463
  Subtask: hook the cube to the target with the peg
  Frames: 383 - 463
============================================================
  Loaded 81 frames
  Prefix scoring: 52.1s
  Rewards: [0.0, 0.53, 0.97, 1.0, 0.73, 0.67, 0.83, 0.83]
  Failed regions: [[38, 69]]
  Successful interval: 55-69
  Keyframes: [2, 55, 66, 69, 80]
  Success detected: True
  Confidence: 0.43

--- Segment 52/266 ---

============================================================
Segment: MoveCube_ep18_f383-469
  Subtask: hook the cube to the target with the peg
  Frames: 383 - 469
============================================================
  Loaded 87 frames
  Prefix scoring: 52.2s
  Rewards: [0.0, 1.0, 0.9, 0.97, 0.83, 0.9, 0.87, 0.93]
  Failed regions: [[19, 41], [41, 63]]
  Successful interval: 70-86
  Keyframes: [0, 70, 71, 86]
  Success detected: True
  Confidence: 0.43

--- Segment 53/266 ---

============================================================
Segment: MoveCube_ep19_f166-261
  Subtask: close the gripper and push the cube to the target
  Frames: 166 - 261
============================================================
  Loaded 96 frames
  Prefix scoring: 52.4s
  Rewards: [0.0, 0.0, 0.36, 0.94, 1.0, 0.78, 0.78, 0.81]
  Failed regions: [[58, 82], [58, 95]]
  Successful interval: 78-95
  Keyframes: [0, 78, 79, 95]
  Success detected: True
  Confidence: 0.38

--- Segment 54/266 ---

============================================================
Segment: MoveCube_ep19_f166-266
  Subtask: close the gripper and push the cube to the target
  Frames: 166 - 266
============================================================
  Loaded 101 frames
  Prefix scoring: 52.2s
  Rewards: [0.08, 0.0, 0.77, 1.0, 1.0, 0.64, 0.69, 0.64]
  Failed regions: []
  Successful interval: 17-48
  Keyframes: [0, 17, 37, 48, 95]
  Success detected: True
  Confidence: 0.88

--- Segment 55/266 ---

============================================================
Segment: MoveCube_ep20_f159-250
  Subtask: close the gripper and push the cube to the target
  Frames: 159 - 250
============================================================
  Loaded 92 frames
  Prefix scoring: 52.3s
  Rewards: [0.03, 0.03, 0.0, 0.61, 0.81, 0.74, 0.84, 1.0]
  Failed regions: []
  Successful interval: 63-91
  Keyframes: [0, 63, 80, 91]
  Success detected: True
  Confidence: 0.60

--- Segment 56/266 ---

============================================================
Segment: MoveCube_ep20_f159-255
  Subtask: close the gripper and push the cube to the target
  Frames: 159 - 255
============================================================
  Loaded 97 frames
  Prefix scoring: 52.2s
  Rewards: [0.04, 0.04, 0.0, 0.75, 0.68, 0.89, 1.0, 1.0]
  Failed regions: []
  Successful interval: 54-83
  Keyframes: [0, 54, 80, 83, 96]
  Success detected: True
  Confidence: 0.62

--- Segment 57/266 ---

============================================================
Segment: MoveCube_ep21_f172-279
  Subtask: close the gripper and push the cube to the target
  Frames: 172 - 279
============================================================
  Loaded 108 frames
  Prefix scoring: 52.4s
  Rewards: [0.03, 0.0, 0.34, 0.77, 0.89, 0.6, 0.71, 1.0]
  Failed regions: [[65, 93]]
  Successful interval: 74-107
  Keyframes: [0, 74, 90, 107]
  Success detected: True
  Confidence: 0.65

--- Segment 58/266 ---

============================================================
Segment: MoveCube_ep21_f172-284
  Subtask: close the gripper and push the cube to the target
  Frames: 172 - 284
============================================================
  Loaded 113 frames
  Prefix scoring: 52.5s
  Rewards: [0.03, 0.0, 0.49, 0.69, 0.74, 0.69, 1.0, 0.86]
  Failed regions: []
  Successful interval: 78-97
  Keyframes: [0, 78, 90, 97, 112]
  Success detected: True
  Confidence: 0.61

--- Segment 59/266 ---

============================================================
Segment: MoveCube_ep22_f250-358
  Subtask: pick up the cube
  Frames: 250 - 358
============================================================
  Loaded 109 frames
  Prefix scoring: 52.4s
  Rewards: [0.08, 0.0, 0.83, 0.92, 0.83, 0.89, 0.86, 1.0]
  Failed regions: [[52, 80]]
  Successful interval: 89-108
  Keyframes: [0, 89, 95, 108]
  Success detected: True
  Confidence: 0.52

--- Segment 60/266 ---

============================================================
Segment: MoveCube_ep22_f359-435
  Subtask: place the cube onto the target
  Frames: 359 - 435
============================================================
  Loaded 77 frames
  Prefix scoring: 53.3s
  Rewards: [0.0, 0.18, 0.98, 0.96, 0.95, 0.74, 0.77, 1.0]
  Failed regions: [[26, 66]]
  Successful interval: 53-76
  Keyframes: [0, 53, 54, 76]
  Success detected: True
  Confidence: 0.57

--- Segment 61/266 ---

============================================================
Segment: MoveCube_ep22_f359-450
  Subtask: place the cube onto the target
  Frames: 359 - 450
============================================================
  Loaded 92 frames
  Prefix scoring: 52.3s
  Rewards: [0.0, 0.61, 0.87, 1.0, 0.73, 0.61, 0.89, 0.6]
  Failed regions: [[44, 79]]
  Successful interval: 63-79
  Keyframes: [0, 63, 79, 80, 91]
  Success detected: True
  Confidence: 0.51

--- Segment 62/266 ---

============================================================
Segment: MoveCube_ep23_f253-369
  Subtask: pick up the peg
  Frames: 253 - 369
============================================================
  Loaded 117 frames
  Prefix scoring: 52.3s
  Rewards: [0.03, 0.0, 0.42, 0.76, 0.76, 0.74, 1.0, 0.89]
  Failed regions: []
  Successful interval: 81-101
  Keyframes: [0, 81, 98, 101, 116]
  Success detected: True
  Confidence: 0.59

--- Segment 63/266 ---

============================================================
Segment: MoveCube_ep23_f370-468
  Subtask: hook the cube to the target with the peg
  Frames: 370 - 468
============================================================
  Loaded 99 frames
  Prefix scoring: 52.0s
  Rewards: [0.0, 0.25, 0.59, 0.75, 0.97, 0.75, 0.84, 1.0]
  Failed regions: [[59, 85]]
  Successful interval: 68-98
  Keyframes: [13, 68, 79, 98]
  Success detected: True
  Confidence: 0.57

--- Segment 64/266 ---

============================================================
Segment: MoveCube_ep23_f370-474
  Subtask: hook the cube to the target with the peg
  Frames: 370 - 474
============================================================
  Loaded 105 frames
  Prefix scoring: 52.5s
  Rewards: [0.0, 0.33, 0.47, 0.77, 0.53, 0.73, 0.77, 1.0]
  Failed regions: [[50, 77]]
  Successful interval: 58-104
  Keyframes: [13, 58, 83, 104]
  Success detected: True
  Confidence: 0.67

--- Segment 65/266 ---

============================================================
Segment: MoveCube_ep24_f245-346
  Subtask: pick up the cube
  Frames: 245 - 346
============================================================
  Loaded 102 frames
  Prefix scoring: 52.3s
  Rewards: [0.1, 0.0, 0.62, 0.77, 0.56, 0.79, 0.79, 1.0]
  Failed regions: [[49, 75]]
  Successful interval: 83-101
  Keyframes: [0, 83, 94, 101]
  Success detected: True
  Confidence: 0.57

--- Segment 66/266 ---

============================================================
Segment: MoveCube_ep24_f347-408
  Subtask: place the cube onto the target
  Frames: 347 - 408
============================================================
  Loaded 62 frames
  Prefix scoring: 52.1s
  Rewards: [0.08, 0.0, 1.0, 0.73, 0.48, 0.33, 0.15, 0.27]
  Failed regions: []
  Successful interval: 10-21
  Keyframes: [2, 10, 14, 21, 49]
  Success detected: True
  Confidence: 0.92

--- Segment 67/266 ---

============================================================
Segment: MoveCube_ep24_f347-421
  Subtask: place the cube onto the target
  Frames: 347 - 421
============================================================
  Loaded 75 frames
  Prefix scoring: 52.9s
  Rewards: [0.0, 0.61, 0.8, 0.19, 0.28, 0.14, 0.95, 1.0]
  Failed regions: [[26, 45], [45, 64]]
  Successful interval: 51-74
  Keyframes: [2, 51, 67, 74]
  Success detected: True
  Confidence: 0.84

--- Segment 68/266 ---

============================================================
Segment: MoveCube_ep25_f265-378
  Subtask: pick up the cube
  Frames: 265 - 378
============================================================
  Loaded 114 frames
  Prefix scoring: 52.4s
  Rewards: [0.19, 0.0, 0.65, 1.0, 0.71, 0.94, 0.9, 1.0]
  Failed regions: [[54, 83]]
  Successful interval: 93-113
  Keyframes: [0, 93, 101, 113]
  Success detected: True
  Confidence: 0.50

--- Segment 69/266 ---

============================================================
Segment: MoveCube_ep25_f379-445
  Subtask: place the cube onto the target
  Frames: 379 - 445
============================================================
  Loaded 67 frames
  Prefix scoring: 52.9s
  Rewards: [0.02, 0.16, 0.0, 0.68, 0.23, 0.68, 1.0, 0.95]
  Failed regions: [[31, 48]]
  Successful interval: 37-57
  Keyframes: [0, 37, 41, 57, 66]
  Success detected: True
  Confidence: 0.82

--- Segment 70/266 ---

============================================================
Segment: MoveCube_ep25_f379-457
  Subtask: place the cube onto the target
  Frames: 379 - 457
============================================================
  Loaded 79 frames
  Prefix scoring: 52.4s
  Rewards: [0.0, 0.21, 0.06, 0.26, 0.21, 0.81, 0.92, 1.0]
  Failed regions: []
  Successful interval: 44-78
  Keyframes: [0, 44, 70, 78]
  Success detected: True
  Confidence: 0.83

--- Segment 71/266 ---

============================================================
Segment: MoveCube_ep26_f157-261
  Subtask: close the gripper and push the cube to the target
  Frames: 157 - 261
============================================================
  Loaded 105 frames
  Prefix scoring: 53.1s
  Rewards: [0.03, 0.0, 0.69, 0.8, 0.66, 0.71, 0.91, 1.0]
  Failed regions: [[50, 77]]
  Successful interval: 58-104
  Keyframes: [0, 58, 87, 104]
  Success detected: True
  Confidence: 0.62

--- Segment 72/266 ---

============================================================
Segment: MoveCube_ep26_f157-266
  Subtask: close the gripper and push the cube to the target
  Frames: 157 - 266
============================================================
  Loaded 110 frames
  Prefix scoring: 52.5s
  Rewards: [0.03, 0.0, 0.42, 0.83, 0.81, 0.72, 1.0, 0.94]
  Failed regions: [[53, 95]]
  Successful interval: 76-95
  Keyframes: [0, 76, 87, 95, 109]
  Success detected: True
  Confidence: 0.59

--- Segment 73/266 ---

============================================================
Segment: MoveCube_ep27_f262-365
  Subtask: pick up the cube
  Frames: 262 - 365
============================================================
  Loaded 104 frames
  Prefix scoring: 52.2s
  Rewards: [0.11, 0.0, 0.61, 0.84, 0.68, 0.76, 1.0, 0.92]
  Failed regions: [[49, 76]]
  Successful interval: 58-89
  Keyframes: [0, 58, 63, 89, 103]
  Success detected: True
  Confidence: 0.60

--- Segment 74/266 ---

============================================================
Segment: MoveCube_ep27_f366-431
  Subtask: place the cube onto the target
  Frames: 366 - 431
============================================================
  Loaded 66 frames
  Prefix scoring: 52.3s
  Rewards: [0.0, 0.32, 0.06, 0.87, 0.9, 0.58, 1.0, 0.94]
  Failed regions: [[14, 39], [39, 56]]
  Successful interval: 45-56
  Keyframes: [0, 45, 46, 56, 65]
  Success detected: True
  Confidence: 0.65

--- Segment 75/266 ---

============================================================
Segment: MoveCube_ep27_f366-447
  Subtask: place the cube onto the target
  Frames: 366 - 447
============================================================
  Loaded 82 frames
  Prefix scoring: 52.3s
  Rewards: [0.0, 0.48, 0.52, 1.0, 0.56, 0.96, 0.92, 1.0]
  Failed regions: [[39, 60]]
  Successful interval: 66-81
  Keyframes: [0, 66, 67, 81]
  Success detected: True
  Confidence: 0.50

--- Segment 76/266 ---

============================================================
Segment: MoveCube_ep28_f255-368
  Subtask: pick up the cube
  Frames: 255 - 368
============================================================
  Loaded 114 frames
  Prefix scoring: 52.4s
  Rewards: [0.0, 0.07, 0.96, 0.93, 0.75, 0.82, 0.89, 1.0]
  Failed regions: [[40, 83]]
  Successful interval: 64-113
  Keyframes: [1, 64, 103, 113]
  Success detected: True
  Confidence: 0.56

--- Segment 77/266 ---

============================================================
Segment: MoveCube_ep28_f369-438
  Subtask: place the cube onto the target
  Frames: 369 - 438
============================================================
  Loaded 70 frames
  Prefix scoring: 52.1s
  Rewards: [0.0, 0.16, 0.32, 0.05, 1.0, 0.47, 0.21, 0.76]
  Failed regions: [[24, 42]]
  Successful interval: 30-42
  Keyframes: [1, 30, 39, 42, 61]
  Success detected: True
  Confidence: 0.90

--- Segment 78/266 ---

============================================================
Segment: MoveCube_ep28_f369-456
  Subtask: place the cube onto the target
  Frames: 369 - 456
============================================================
  Loaded 88 frames
  Prefix scoring: 52.2s
  Rewards: [0.65, 1.0, 0.35, 0.81, 0.65, 0.0, 0.85, 0.69]
  Failed regions: [[19, 41], [41, 75]]
  Successful interval: 60-75
  Keyframes: [1, 60, 74, 75, 87]
  Success detected: True
  Confidence: 0.72

--- Segment 79/266 ---

============================================================
Segment: MoveCube_ep29_f154-246
  Subtask: close the gripper and push the cube to the target
  Frames: 154 - 246
============================================================
  Loaded 93 frames
  Prefix scoring: 52.4s
  Rewards: [0.0, 0.0, 0.45, 1.0, 0.97, 0.9, 0.72, 0.79]
  Failed regions: []
  Successful interval: 16-44
  Keyframes: [0, 16, 37, 44, 92]
  Success detected: True
  Confidence: 0.88

--- Segment 80/266 ---

============================================================
Segment: MoveCube_ep29_f154-251
  Subtask: close the gripper and push the cube to the target
  Frames: 154 - 251
============================================================
  Loaded 98 frames
  Prefix scoring: 52.3s
  Rewards: [0.0, 0.0, 0.26, 1.0, 0.85, 0.56, 0.77, 0.64]
  Failed regions: []
  Successful interval: 17-46
  Keyframes: [0, 17, 37, 46, 93]
  Success detected: True
  Confidence: 0.90

--- Segment 81/266 ---

============================================================
Segment: MoveCube_ep30_f230-342
  Subtask: pick up the cube
  Frames: 230 - 342
============================================================
  Loaded 113 frames
  Prefix scoring: 52.4s
  Rewards: [0.04, 0.0, 0.76, 0.92, 0.76, 0.96, 0.8, 1.0]
  Failed regions: [[54, 83], [83, 112]]
  Successful interval: 92-112
  Keyframes: [0, 92, 101, 112]
  Success detected: True
  Confidence: 0.55

--- Segment 82/266 ---

============================================================
Segment: MoveCube_ep30_f343-409
  Subtask: place the cube onto the target
  Frames: 343 - 409
============================================================
  Loaded 67 frames
  Prefix scoring: 52.1s
  Rewards: [0.06, 0.0, 0.01, 0.32, 0.39, 0.73, 1.0, 0.93]
  Failed regions: []
  Successful interval: 11-57
  Keyframes: [10, 11, 34, 57, 66]
  Success detected: True
  Confidence: 0.91

--- Segment 83/266 ---

============================================================
Segment: MoveCube_ep30_f343-427
  Subtask: place the cube onto the target
  Frames: 343 - 427
============================================================
  Loaded 85 frames
  Prefix scoring: 52.3s
  Rewards: [0.09, 0.0, 0.12, 0.43, 0.89, 1.0, 0.97, 1.0]
  Failed regions: []
  Successful interval: 69-84
  Keyframes: [0, 69, 70, 84]
  Success detected: True
  Confidence: 0.50

--- Segment 84/266 ---

============================================================
Segment: MoveCube_ep31_f168-260
  Subtask: close the gripper and push the cube to the target
  Frames: 168 - 260
============================================================
  Loaded 93 frames
  Prefix scoring: 52.3s
  Rewards: [0.0, 0.0, 0.23, 1.0, 0.88, 0.68, 0.75, 0.85]
  Failed regions: [[44, 80]]
  Successful interval: 64-92
  Keyframes: [0, 64, 76, 92]
  Success detected: True
  Confidence: 0.47

--- Segment 85/266 ---

============================================================
Segment: MoveCube_ep31_f168-265
  Subtask: close the gripper and push the cube to the target
  Frames: 168 - 265
============================================================
  Loaded 98 frames
  Prefix scoring: 52.5s
  Rewards: [0.0, 0.0, 0.45, 1.0, 0.82, 0.71, 0.82, 0.95]
  Failed regions: [[46, 84]]
  Successful interval: 67-97
  Keyframes: [0, 67, 76, 97]
  Success detected: True
  Confidence: 0.54

--- Segment 86/266 ---

============================================================
Segment: MoveCube_ep32_f268-386
  Subtask: pick up the peg
  Frames: 268 - 386
============================================================
  Loaded 119 frames
  Prefix scoring: 52.6s
  Rewards: [0.03, 0.0, 0.23, 0.74, 0.57, 0.63, 0.63, 1.0]
  Failed regions: [[56, 87]]
  Successful interval: 97-118
  Keyframes: [0, 97, 98, 118]
  Success detected: True
  Confidence: 0.65

--- Segment 87/266 ---

============================================================
Segment: MoveCube_ep32_f387-485
  Subtask: hook the cube to the target with the peg
  Frames: 387 - 485
============================================================
  Loaded 99 frames
  Prefix scoring: 52.5s
  Rewards: [0.0, 0.18, 0.29, 0.56, 0.18, 0.29, 1.0, 0.62]
  Failed regions: [[47, 72]]
  Successful interval: 55-85
  Keyframes: [2, 55, 83, 85, 98]
  Success detected: True
  Confidence: 0.85

--- Segment 88/266 ---

============================================================
Segment: MoveCube_ep32_f387-491
  Subtask: hook the cube to the target with the peg
  Frames: 387 - 491
============================================================
  Loaded 105 frames
  Prefix scoring: 52.4s
  Rewards: [0.0, 0.41, 0.39, 0.59, 0.1, 0.44, 1.0, 0.63]
  Failed regions: [[50, 77]]
  Successful interval: 58-90
  Keyframes: [2, 58, 83, 90, 104]
  Success detected: True
  Confidence: 0.87

--- Segment 89/266 ---

============================================================
Segment: MoveCube_ep33_f267-375
  Subtask: pick up the cube
  Frames: 267 - 375
============================================================
  Loaded 109 frames
  Prefix scoring: 52.4s
  Rewards: [0.13, 0.0, 0.57, 0.83, 0.7, 0.78, 0.8, 1.0]
  Failed regions: [[52, 80]]
  Successful interval: 61-108
  Keyframes: [0, 61, 64, 108]
  Success detected: True
  Confidence: 0.60

--- Segment 90/266 ---

============================================================
Segment: MoveCube_ep33_f376-437
  Subtask: place the cube onto the target
  Frames: 376 - 437
============================================================
  Loaded 62 frames
  Prefix scoring: 52.1s
  Rewards: [0.0, 0.41, 0.53, 0.66, 1.0, 0.84, 0.84, 0.56]
  Failed regions: []
  Successful interval: 3-37
  Keyframes: [1, 3, 35, 37, 52]
  Success detected: True
  Confidence: 0.88

--- Segment 91/266 ---

============================================================
Segment: MoveCube_ep33_f376-449
  Subtask: place the cube onto the target
  Frames: 376 - 449
============================================================
  Loaded 74 frames
  Prefix scoring: 53.0s
  Rewards: [0.0, 0.04, 0.32, 0.24, 1.0, 0.96, 0.68, 0.76]
  Failed regions: [[25, 44]]
  Successful interval: 32-44
  Keyframes: [4, 32, 35, 44, 73]
  Success detected: True
  Confidence: 0.80

--- Segment 92/266 ---

============================================================
Segment: MoveCube_ep34_f258-367
  Subtask: pick up the cube
  Frames: 258 - 367
============================================================
  Loaded 110 frames
  Prefix scoring: 52.4s
  Rewards: [0.09, 0.0, 0.73, 0.86, 0.73, 0.88, 1.0, 0.86]
  Failed regions: [[53, 81]]
  Successful interval: 62-95
  Keyframes: [0, 62, 67, 95, 109]
  Success detected: True
  Confidence: 0.58

--- Segment 93/266 ---

============================================================
Segment: MoveCube_ep34_f368-444
  Subtask: place the cube onto the target
  Frames: 368 - 444
============================================================
  Loaded 77 frames
  Prefix scoring: 52.0s
  Rewards: [0.43, 0.55, 0.0, 0.66, 0.6, 0.96, 1.0, 1.0]
  Failed regions: [[16, 36]]
  Successful interval: 43-66
  Keyframes: [0, 43, 44, 66, 76]
  Success detected: True
  Confidence: 0.63

--- Segment 94/266 ---

============================================================
Segment: MoveCube_ep34_f368-462
  Subtask: place the cube onto the target
  Frames: 368 - 462
============================================================
  Loaded 95 frames
  Prefix scoring: 53.1s
  Rewards: [0.0, 0.48, 0.31, 0.45, 0.83, 0.83, 1.0, 0.76]
  Failed regions: [[21, 57]]
  Successful interval: 65-81
  Keyframes: [0, 65, 81, 82, 94]
  Success detected: True
  Confidence: 0.55

--- Segment 95/266 ---

============================================================
Segment: MoveCube_ep35_f245-355
  Subtask: pick up the cube
  Frames: 245 - 355
============================================================
  Loaded 111 frames
  Prefix scoring: 52.9s
  Rewards: [0.1, 0.0, 0.52, 0.69, 0.6, 0.6, 0.64, 1.0]
  Failed regions: [[53, 81], [53, 95]]
  Successful interval: 76-110
  Keyframes: [0, 76, 102, 110]
  Success detected: True
  Confidence: 0.66

--- Segment 96/266 ---

============================================================
Segment: MoveCube_ep35_f356-422
  Subtask: place the cube onto the target
  Frames: 356 - 422
============================================================
  Loaded 67 frames
  Prefix scoring: 51.8s
  Rewards: [0.01, 0.0, 0.25, 0.59, 0.61, 0.72, 1.0, 0.75]
  Failed regions: []
  Successful interval: 11-57
  Keyframes: [10, 11, 13, 57, 66]
  Success detected: True
  Confidence: 0.90

--- Segment 97/266 ---

============================================================
Segment: MoveCube_ep35_f356-435
  Subtask: place the cube onto the target
  Frames: 356 - 435
============================================================
  Loaded 80 frames
  Prefix scoring: 52.4s
  Rewards: [0.0, 0.29, 0.35, 0.42, 0.77, 1.0, 0.83, 0.95]
  Failed regions: [[58, 79]]
  Successful interval: 64-79
  Keyframes: [0, 64, 71, 79]
  Success detected: True
  Confidence: 0.51

--- Segment 98/266 ---

============================================================
Segment: MoveCube_ep36_f242-370
  Subtask: pick up the peg
  Frames: 242 - 370
============================================================
  Loaded 129 frames
  Prefix scoring: 53.2s
  Rewards: [0.15, 0.0, 0.51, 0.46, 0.78, 0.73, 0.71, 1.0]
  Failed regions: []
  Successful interval: 105-128
  Keyframes: [0, 105, 106, 128]
  Success detected: True
  Confidence: 0.61

--- Segment 99/266 ---

============================================================
Segment: MoveCube_ep36_f371-438
  Subtask: hook the cube to the target with the peg
  Frames: 371 - 438
============================================================
  Loaded 68 frames
  Prefix scoring: 52.2s
  Rewards: [0.0, 0.24, 0.64, 0.71, 0.45, 0.62, 0.9, 1.0]
  Failed regions: [[32, 49]]
  Successful interval: 37-67
  Keyframes: [1, 37, 60, 67]
  Success detected: True
  Confidence: 0.70

--- Segment 100/266 ---

============================================================
Segment: MoveCube_ep36_f371-444
  Subtask: hook the cube to the target with the peg
  Frames: 371 - 444
============================================================
  Loaded 74 frames
  Prefix scoring: 52.3s
  Rewards: [0.0, 0.5, 0.63, 0.66, 0.68, 0.92, 1.0, 0.76]
  Failed regions: []
  Successful interval: 4-63
  Keyframes: [1, 4, 17, 63, 73]
  Success detected: True
  Confidence: 0.87

--- Segment 101/266 ---

============================================================
Segment: MoveCube_ep37_f255-373
  Subtask: pick up the peg
  Frames: 255 - 373
============================================================
  Loaded 119 frames
  Prefix scoring: 52.4s
  Rewards: [0.0, 0.0, 0.46, 0.71, 0.93, 1.0, 0.93, 0.96]
  Failed regions: []
  Successful interval: 97-118
  Keyframes: [0, 97, 101, 118]
  Success detected: True
  Confidence: 0.47

--- Segment 102/266 ---

============================================================
Segment: MoveCube_ep37_f374-443
  Subtask: hook the cube to the target with the peg
  Frames: 374 - 443
============================================================
  Loaded 70 frames
  Prefix scoring: 52.2s
  Rewards: [0.0, 0.17, 0.0, 0.26, 0.74, 0.78, 1.0, 0.78]
  Failed regions: []
  Successful interval: 21-60
  Keyframes: [0, 21, 57, 60, 69]
  Success detected: True
  Confidence: 0.91

--- Segment 103/266 ---

============================================================
Segment: MoveCube_ep37_f374-449
  Subtask: hook the cube to the target with the peg
  Frames: 374 - 449
============================================================
  Loaded 76 frames
  Prefix scoring: 52.3s
  Rewards: [0.0, 0.56, 0.62, 0.5, 1.0, 0.56, 0.88, 0.88]
  Failed regions: [[26, 45], [45, 65]]
  Successful interval: 52-65
  Keyframes: [0, 52, 57, 65, 75]
  Success detected: True
  Confidence: 0.53

--- Segment 104/266 ---

============================================================
Segment: MoveCube_ep38_f228-347
  Subtask: pick up the peg
  Frames: 228 - 347
============================================================
  Loaded 120 frames
  Prefix scoring: 52.4s
  Rewards: [0.03, 0.0, 0.24, 0.68, 0.74, 0.92, 1.0, 0.66]
  Failed regions: []
  Successful interval: 21-103
  Keyframes: [0, 21, 101, 103, 119]
  Success detected: True
  Confidence: 0.89

--- Segment 105/266 ---

============================================================
Segment: MoveCube_ep38_f348-439
  Subtask: hook the cube to the target with the peg
  Frames: 348 - 439
============================================================
  Loaded 92 frames
  Prefix scoring: 52.2s
  Rewards: [0.0, 0.21, 0.53, 0.66, 0.58, 0.21, 1.0, 0.89]
  Failed regions: [[44, 79]]
  Successful interval: 63-79
  Keyframes: [4, 63, 75, 79, 91]
  Success detected: True
  Confidence: 0.81

--- Segment 106/266 ---

============================================================
Segment: MoveCube_ep38_f348-445
  Subtask: hook the cube to the target with the peg
  Frames: 348 - 445
============================================================
  Loaded 98 frames
  Prefix scoring: 52.2s
  Rewards: [0.0, 0.2, 0.57, 0.71, 0.49, 0.6, 1.0, 0.6]
  Failed regions: [[46, 71]]
  Successful interval: 55-84
  Keyframes: [4, 55, 75, 84, 97]
  Success detected: True
  Confidence: 0.70

--- Segment 107/266 ---

============================================================
Segment: MoveCube_ep39_f172-279
  Subtask: close the gripper and push the cube to the target
  Frames: 172 - 279
============================================================
  Loaded 108 frames
  Prefix scoring: 52.3s
  Rewards: [0.15, 0.0, 0.45, 0.61, 0.79, 0.85, 0.82, 1.0]
  Failed regions: []
  Successful interval: 88-107
  Keyframes: [0, 88, 89, 107]
  Success detected: True
  Confidence: 0.56

--- Segment 108/266 ---

============================================================
Segment: MoveCube_ep39_f172-284
  Subtask: close the gripper and push the cube to the target
  Frames: 172 - 284
============================================================
  Loaded 113 frames
  Prefix scoring: 52.3s
  Rewards: [0.16, 0.0, 0.81, 0.94, 0.74, 0.97, 0.94, 1.0]
  Failed regions: [[54, 83]]
  Successful interval: 92-112
  Keyframes: [0, 92, 93, 112]
  Success detected: True
  Confidence: 0.49

--- Segment 109/266 ---

============================================================
Segment: MoveCube_ep40_f162-266
  Subtask: close the gripper and push the cube to the target
  Frames: 162 - 266
============================================================
  Loaded 105 frames
  Prefix scoring: 52.2s
  Rewards: [0.06, 0.0, 0.55, 1.0, 0.81, 0.52, 0.87, 0.9]
  Failed regions: [[50, 90]]
  Successful interval: 72-104
  Keyframes: [0, 72, 85, 104]
  Success detected: True
  Confidence: 0.58

--- Segment 110/266 ---

============================================================
Segment: MoveCube_ep40_f162-271
  Subtask: close the gripper and push the cube to the target
  Frames: 162 - 271
============================================================
  Loaded 110 frames
  Prefix scoring: 52.5s
  Rewards: [0.07, 0.0, 0.39, 0.96, 0.79, 0.68, 0.82, 1.0]
  Failed regions: [[53, 95]]
  Successful interval: 76-109
  Keyframes: [0, 76, 85, 109]
  Success detected: True
  Confidence: 0.61

--- Segment 111/266 ---

============================================================
Segment: MoveCube_ep41_f225-345
  Subtask: pick up the peg
  Frames: 225 - 345
============================================================
  Loaded 121 frames
  Prefix scoring: 52.5s
  Rewards: [0.0, 0.09, 0.48, 0.67, 0.73, 0.88, 0.91, 1.0]
  Failed regions: []
  Successful interval: 6-120
  Keyframes: [0, 6, 100, 120]
  Success detected: True
  Confidence: 0.88

--- Segment 112/266 ---

============================================================
Segment: MoveCube_ep41_f346-473
  Subtask: hook the cube to the target with the peg
  Frames: 346 - 473
============================================================
  Loaded 128 frames
  Prefix scoring: 52.4s
  Rewards: [0.0, 0.32, 0.68, 0.83, 0.8, 0.54, 0.85, 1.0]
  Failed regions: [[61, 110]]
  Successful interval: 88-127
  Keyframes: [9, 88, 105, 127]
  Success detected: True
  Confidence: 0.66

--- Segment 113/266 ---

============================================================
Segment: MoveCube_ep41_f346-479
  Subtask: hook the cube to the target with the peg
  Frames: 346 - 479
============================================================
  Loaded 134 frames
  Prefix scoring: 52.4s
  Rewards: [0.0, 0.0, 1.0, 0.7, 0.6, 0.2, 0.77, 0.77]
  Failed regions: []
  Successful interval: 24-47
  Keyframes: [2, 24, 46, 47, 80]
  Success detected: True
  Confidence: 0.90

--- Segment 114/266 ---

============================================================
Segment: MoveCube_ep42_f299-419
  Subtask: pick up the peg
  Frames: 299 - 419
============================================================
  Loaded 121 frames
  Prefix scoring: 52.4s
  Rewards: [0.0, 0.04, 0.24, 0.48, 0.52, 0.88, 1.0, 0.88]
  Failed regions: []
  Successful interval: 6-104
  Keyframes: [0, 6, 101, 104, 120]
  Success detected: True
  Confidence: 0.90

--- Segment 115/266 ---

============================================================
Segment: MoveCube_ep42_f420-513
  Subtask: hook the cube to the target with the peg
  Frames: 420 - 513
============================================================
  Loaded 94 frames
  Prefix scoring: 52.3s
  Rewards: [0.0, 0.12, 0.53, 0.25, 0.25, 0.69, 0.84, 1.0]
  Failed regions: [[33, 57], [33, 69]]
  Successful interval: 53-93
  Keyframes: [0, 53, 74, 93]
  Success detected: True
  Confidence: 0.81

--- Segment 116/266 ---

============================================================
Segment: MoveCube_ep42_f420-519
  Subtask: hook the cube to the target with the peg
  Frames: 420 - 519
============================================================
  Loaded 100 frames
  Prefix scoring: 52.4s
  Rewards: [0.0, 0.09, 0.39, 0.42, 0.39, 0.73, 0.85, 1.0]
  Failed regions: []
  Successful interval: 55-99
  Keyframes: [0, 55, 74, 99]
  Success detected: True
  Confidence: 0.75

--- Segment 117/266 ---

============================================================
Segment: MoveCube_ep43_f255-366
  Subtask: pick up the peg
  Frames: 255 - 366
============================================================
  Loaded 112 frames
  Prefix scoring: 52.7s
  Rewards: [0.0, 0.05, 0.58, 0.97, 0.89, 1.0, 1.0, 0.97]
  Failed regions: []
  Successful interval: 63-82
  Keyframes: [0, 63, 64, 82, 110]
  Success detected: True
  Confidence: 0.51

--- Segment 118/266 ---

============================================================
Segment: MoveCube_ep43_f367-473
  Subtask: hook the cube to the target with the peg
  Frames: 367 - 473
============================================================
  Loaded 107 frames
  Prefix scoring: 52.2s
  Rewards: [0.0, 0.46, 0.48, 0.92, 0.54, 0.62, 1.0, 0.73]
  Failed regions: [[51, 78]]
  Successful interval: 59-92
  Keyframes: [1, 59, 86, 92, 106]
  Success detected: True
  Confidence: 0.66

--- Segment 119/266 ---

============================================================
Segment: MoveCube_ep43_f367-479
  Subtask: hook the cube to the target with the peg
  Frames: 367 - 479
============================================================
  Loaded 113 frames
  Prefix scoring: 52.2s
  Rewards: [0.0, 0.25, 0.69, 0.81, 0.42, 0.81, 1.0, 0.6]
  Failed regions: [[54, 83]]
  Successful interval: 63-97
  Keyframes: [1, 63, 86, 97, 112]
  Success detected: True
  Confidence: 0.72

--- Segment 120/266 ---

============================================================
Segment: MoveCube_ep44_f169-253
  Subtask: close the gripper and push the cube to the target
  Frames: 169 - 253
============================================================
  Loaded 85 frames
  Prefix scoring: 52.2s
  Rewards: [0.0, 0.0, 0.14, 0.65, 0.89, 0.7, 0.73, 1.0]
  Failed regions: [[51, 73]]
  Successful interval: 58-84
  Keyframes: [0, 58, 73, 84]
  Success detected: True
  Confidence: 0.62

--- Segment 121/266 ---

============================================================
Segment: MoveCube_ep44_f169-258
  Subtask: close the gripper and push the cube to the target
  Frames: 169 - 258
============================================================
  Loaded 90 frames
  Prefix scoring: 52.2s
  Rewards: [0.0, 0.0, 0.49, 0.8, 0.74, 0.63, 0.77, 1.0]
  Failed regions: [[43, 77]]
  Successful interval: 62-89
  Keyframes: [0, 62, 73, 89]
  Success detected: True
  Confidence: 0.64

--- Segment 122/266 ---

============================================================
Segment: MoveCube_ep45_f258-373
  Subtask: pick up the cube
  Frames: 258 - 373
============================================================
  Loaded 116 frames
  Prefix scoring: 52.1s
  Rewards: [0.09, 0.0, 0.59, 0.67, 0.52, 0.96, 0.78, 1.0]
  Failed regions: [[55, 85], [85, 115]]
  Successful interval: 95-115
  Keyframes: [0, 95, 104, 115]
  Success detected: True
  Confidence: 0.57

--- Segment 123/266 ---

============================================================
Segment: MoveCube_ep45_f374-436
  Subtask: place the cube onto the target
  Frames: 374 - 436
============================================================
  Loaded 63 frames
  Prefix scoring: 51.9s
  Rewards: [0.0, 0.43, 0.69, 0.77, 0.97, 0.86, 1.0, 0.71]
  Failed regions: [[38, 54]]
  Successful interval: 43-54
  Keyframes: [2, 43, 44, 54, 62]
  Success detected: True
  Confidence: 0.52

--- Segment 124/266 ---

============================================================
Segment: MoveCube_ep45_f374-453
  Subtask: place the cube onto the target
  Frames: 374 - 453
============================================================
  Loaded 80 frames
  Prefix scoring: 52.3s
  Rewards: [0.0, 0.54, 0.75, 1.0, 0.89, 0.96, 0.64, 0.71]
  Failed regions: [[38, 58]]
  Successful interval: 44-58
  Keyframes: [2, 44, 58, 59, 79]
  Success detected: True
  Confidence: 0.47

--- Segment 125/266 ---

============================================================
Segment: MoveCube_ep46_f171-276
  Subtask: close the gripper and push the cube to the target
  Frames: 171 - 276
============================================================
  Loaded 106 frames
  Prefix scoring: 52.7s
  Rewards: [0.04, 0.0, 0.04, 0.68, 0.93, 0.75, 0.89, 1.0]
  Failed regions: [[64, 91]]
  Successful interval: 72-105
  Keyframes: [3, 72, 85, 105]
  Success detected: True
  Confidence: 0.59

--- Segment 126/266 ---

============================================================
Segment: MoveCube_ep46_f171-281
  Subtask: close the gripper and push the cube to the target
  Frames: 171 - 281
============================================================
  Loaded 111 frames
  Prefix scoring: 52.1s
  Rewards: [0.07, 0.0, 0.28, 0.79, 0.86, 0.93, 1.0, 0.93]
  Failed regions: []
  Successful interval: 20-95
  Keyframes: [3, 20, 46, 95, 110]
  Success detected: True
  Confidence: 0.88

--- Segment 127/266 ---

============================================================
Segment: MoveCube_ep47_f261-377
  Subtask: pick up the cube
  Frames: 261 - 377
============================================================
  Loaded 117 frames
  Prefix scoring: 52.6s
  Rewards: [0.09, 0.0, 0.8, 1.0, 0.97, 0.97, 0.97, 1.0]
  Failed regions: []
  Successful interval: 96-116
  Keyframes: [0, 96, 104, 116]
  Success detected: True
  Confidence: 0.47

--- Segment 128/266 ---

============================================================
Segment: MoveCube_ep47_f378-447
  Subtask: place the cube onto the target
  Frames: 378 - 447
============================================================
  Loaded 70 frames
  Prefix scoring: 52.4s
  Rewards: [0.0, 0.2, 0.37, 0.78, 0.59, 0.95, 1.0, 0.93]
  Failed regions: [[33, 51]]
  Successful interval: 39-60
  Keyframes: [0, 39, 43, 60, 69]
  Success detected: True
  Confidence: 0.65

--- Segment 129/266 ---

============================================================
Segment: MoveCube_ep47_f378-459
  Subtask: place the cube onto the target
  Frames: 378 - 459
============================================================
  Loaded 82 frames
  Prefix scoring: 52.1s
  Rewards: [0.28, 0.0, 0.79, 0.89, 1.0, 0.95, 0.96, 0.98]
  Failed regions: [[8, 49]]
  Successful interval: 56-81
  Keyframes: [0, 56, 74, 81]
  Success detected: True
  Confidence: 0.46

--- Segment 130/266 ---

============================================================
Segment: MoveCube_ep48_f226-338
  Subtask: pick up the peg
  Frames: 226 - 338
============================================================
  Loaded 113 frames
  Prefix scoring: 52.2s
  Rewards: [0.05, 0.0, 0.38, 0.52, 0.62, 0.81, 1.0, 0.83]
  Failed regions: []
  Successful interval: 20-97
  Keyframes: [0, 20, 94, 97, 112]
  Success detected: True
  Confidence: 0.89

--- Segment 131/266 ---

============================================================
Segment: MoveCube_ep48_f339-423
  Subtask: hook the cube to the target with the peg
  Frames: 339 - 423
============================================================
  Loaded 85 frames
  Prefix scoring: 52.2s
  Rewards: [0.0, 0.62, 0.51, 0.51, 0.46, 0.3, 0.86, 1.0]
  Failed regions: [[18, 40], [40, 73]]
  Successful interval: 58-84
  Keyframes: [0, 58, 65, 84]
  Success detected: True
  Confidence: 0.77

--- Segment 132/266 ---

============================================================
Segment: MoveCube_ep48_f339-429
  Subtask: hook the cube to the target with the peg
  Frames: 339 - 429
============================================================
  Loaded 91 frames
  Prefix scoring: 52.3s
  Rewards: [0.0, 0.7, 0.97, 0.33, 0.45, 0.94, 1.0, 1.0]
  Failed regions: [[32, 55]]
  Successful interval: 39-78
  Keyframes: [0, 39, 65, 78, 90]
  Success detected: True
  Confidence: 0.73

--- Segment 133/266 ---

============================================================
Segment: MoveCube_ep49_f238-354
  Subtask: pick up the peg
  Frames: 238 - 354
============================================================
  Loaded 117 frames
  Prefix scoring: 52.5s
  Rewards: [0.0, 0.07, 0.39, 0.74, 0.8, 1.0, 0.83, 0.96]
  Failed regions: [[86, 116]]
  Successful interval: 96-116
  Keyframes: [0, 96, 98, 116]
  Success detected: True
  Confidence: 0.51

--- Segment 134/266 ---

============================================================
Segment: MoveCube_ep49_f355-481
  Subtask: hook the cube to the target with the peg
  Frames: 355 - 481
============================================================
  Loaded 127 frames
  Prefix scoring: 52.4s
  Rewards: [0.0, 0.44, 0.97, 0.85, 0.72, 0.62, 1.0, 0.9]
  Failed regions: [[44, 109]]
  Successful interval: 87-109
  Keyframes: [15, 87, 106, 109, 126]
  Success detected: True
  Confidence: 0.62

--- Segment 135/266 ---

============================================================
Segment: MoveCube_ep49_f355-487
  Subtask: hook the cube to the target with the peg
  Frames: 355 - 487
============================================================
  Loaded 133 frames
  Prefix scoring: 52.6s
  Rewards: [0.0, 0.38, 0.72, 0.66, 0.48, 0.52, 1.0, 0.93]
  Failed regions: [[47, 98]]
  Successful interval: 75-115
  Keyframes: [15, 75, 106, 115, 132]
  Success detected: True
  Confidence: 0.69

--- Segment 136/266 ---

============================================================
Segment: MoveCube_ep50_f152-251
  Subtask: close the gripper and push the cube to the target
  Frames: 152 - 251
============================================================
  Loaded 100 frames
  Prefix scoring: 52.1s
  Rewards: [0.03, 0.0, 0.47, 0.94, 1.0, 0.68, 0.88, 0.85]
  Failed regions: [[60, 86]]
  Successful interval: 68-86
  Keyframes: [0, 68, 81, 86, 99]
  Success detected: True
  Confidence: 0.49

--- Segment 137/266 ---

============================================================
Segment: MoveCube_ep50_f152-256
  Subtask: close the gripper and push the cube to the target
  Frames: 152 - 256
============================================================
  Loaded 105 frames
  Prefix scoring: 52.3s
  Rewards: [0.03, 0.0, 0.77, 1.0, 0.66, 0.6, 0.97, 0.97]
  Failed regions: [[50, 90]]
  Successful interval: 72-90
  Keyframes: [0, 72, 81, 90, 104]
  Success detected: True
  Confidence: 0.61

--- Segment 138/266 ---

============================================================
Segment: MoveCube_ep51_f269-373
  Subtask: pick up the cube
  Frames: 269 - 373
============================================================
  Loaded 105 frames
  Prefix scoring: 52.3s
  Rewards: [0.15, 0.0, 0.79, 0.83, 0.68, 0.83, 1.0, 0.98]
  Failed regions: [[50, 77]]
  Successful interval: 58-90
  Keyframes: [0, 58, 63, 90, 104]
  Success detected: True
  Confidence: 0.60

--- Segment 139/266 ---

============================================================
Segment: MoveCube_ep51_f374-432
  Subtask: place the cube onto the target
  Frames: 374 - 432
============================================================
  Loaded 59 frames
  Prefix scoring: 51.9s
  Rewards: [0.0, 0.18, 0.68, 0.68, 1.0, 0.64, 0.09, 0.77]
  Failed regions: []
  Successful interval: 25-35
  Keyframes: [0, 25, 32, 35, 49]
  Success detected: True
  Confidence: 0.63

--- Segment 140/266 ---

============================================================
Segment: MoveCube_ep51_f374-444
  Subtask: place the cube onto the target
  Frames: 374 - 444
============================================================
  Loaded 71 frames
  Prefix scoring: 52.0s
  Rewards: [0.44, 0.69, 0.0, 0.88, 0.33, 0.42, 1.0, 0.9]
  Failed regions: [[16, 34], [34, 52]]
  Successful interval: 40-61
  Keyframes: [0, 40, 61, 62, 70]
  Success detected: True
  Confidence: 0.75

--- Segment 141/266 ---

============================================================
Segment: MoveCube_ep52_f257-369
  Subtask: pick up the cube
  Frames: 257 - 369
============================================================
  Loaded 113 frames
  Prefix scoring: 52.3s
  Rewards: [0.0, 0.03, 0.59, 0.66, 0.48, 0.69, 0.66, 1.0]
  Failed regions: [[54, 83]]
  Successful interval: 92-112
  Keyframes: [0, 92, 102, 112]
  Success detected: True
  Confidence: 0.64

--- Segment 142/266 ---

============================================================
Segment: MoveCube_ep52_f370-436
  Subtask: place the cube onto the target
  Frames: 370 - 436
============================================================
  Loaded 67 frames
  Prefix scoring: 51.9s
  Rewards: [0.05, 0.32, 0.11, 0.0, 0.21, 0.76, 0.87, 1.0]
  Failed regions: [[14, 40]]
  Successful interval: 28-66
  Keyframes: [0, 28, 40, 66]
  Success detected: True
  Confidence: 0.92

--- Segment 143/266 ---

============================================================
Segment: MoveCube_ep52_f370-448
  Subtask: place the cube onto the target
  Frames: 370 - 448
============================================================
  Loaded 79 frames
  Prefix scoring: 52.2s
  Rewards: [0.23, 0.58, 0.0, 0.26, 0.72, 0.93, 1.0, 0.88]
  Failed regions: [[17, 37]]
  Successful interval: 24-67
  Keyframes: [0, 24, 40, 67, 78]
  Success detected: True
  Confidence: 0.88

--- Segment 144/266 ---

============================================================
Segment: MoveCube_ep53_f244-346
  Subtask: pick up the cube
  Frames: 244 - 346
============================================================
  Loaded 103 frames
  Prefix scoring: 52.4s
  Rewards: [0.09, 0.0, 0.59, 0.82, 0.65, 0.91, 0.79, 1.0]
  Failed regions: [[49, 75], [75, 102]]
  Successful interval: 83-102
  Keyframes: [0, 83, 94, 102]
  Success detected: True
  Confidence: 0.56

--- Segment 145/266 ---

============================================================
Segment: MoveCube_ep53_f347-411
  Subtask: place the cube onto the target
  Frames: 347 - 411
============================================================
  Loaded 65 frames
  Prefix scoring: 52.3s
  Rewards: [0.09, 0.02, 0.0, 0.35, 0.74, 0.86, 1.0, 1.0]
  Failed regions: []
  Successful interval: 19-55
  Keyframes: [1, 19, 36, 55, 64]
  Success detected: True
  Confidence: 0.90

--- Segment 146/266 ---

============================================================
Segment: MoveCube_ep53_f347-427
  Subtask: place the cube onto the target
  Frames: 347 - 427
============================================================
  Loaded 81 frames
  Prefix scoring: 52.3s
  Rewards: [0.0, 0.15, 0.13, 0.75, 0.85, 1.0, 0.81, 0.85]
  Failed regions: [[59, 80]]
  Successful interval: 65-80
  Keyframes: [1, 65, 67, 80]
  Success detected: True
  Confidence: 0.41

--- Segment 147/266 ---

============================================================
Segment: MoveCube_ep54_f217-340
  Subtask: pick up the peg
  Frames: 217 - 340
============================================================
  Loaded 124 frames
  Prefix scoring: 52.3s
  Rewards: [0.0, 0.0, 0.5, 0.53, 0.83, 0.83, 1.0, 0.9]
  Failed regions: []
  Successful interval: 85-107
  Keyframes: [0, 85, 102, 107, 123]
  Success detected: True
  Confidence: 0.55

--- Segment 148/266 ---

============================================================
Segment: MoveCube_ep54_f341-413
  Subtask: hook the cube to the target with the peg
  Frames: 341 - 413
============================================================
  Loaded 73 frames
  Prefix scoring: 52.1s
  Rewards: [0.0, 0.6, 0.43, 0.5, 0.47, 0.7, 1.0, 0.63]
  Failed regions: [[16, 34]]
  Successful interval: 41-62
  Keyframes: [0, 41, 60, 62, 72]
  Success detected: True
  Confidence: 0.70

--- Segment 149/266 ---

============================================================
Segment: MoveCube_ep54_f341-419
  Subtask: hook the cube to the target with the peg
  Frames: 341 - 419
============================================================
  Loaded 79 frames
  Prefix scoring: 52.2s
  Rewards: [0.0, 0.77, 0.58, 0.5, 0.35, 0.88, 1.0, 0.62]
  Failed regions: [[17, 57]]
  Successful interval: 44-67
  Keyframes: [0, 44, 60, 67, 78]
  Success detected: True
  Confidence: 0.74

--- Segment 150/266 ---

============================================================
Segment: MoveCube_ep55_f280-401
  Subtask: pick up the peg
  Frames: 280 - 401
============================================================
  Loaded 122 frames
  Prefix scoring: 53.0s
  Rewards: [0.0, 0.2, 0.64, 0.64, 0.88, 0.92, 1.0, 0.8]
  Failed regions: []
  Successful interval: 52-105
  Keyframes: [0, 52, 103, 105, 121]
  Success detected: True
  Confidence: 0.62

--- Segment 151/266 ---

============================================================
Segment: MoveCube_ep55_f402-475
  Subtask: hook the cube to the target with the peg
  Frames: 402 - 475
============================================================
  Loaded 74 frames
  Prefix scoring: 52.2s
  Rewards: [0.0, 0.66, 0.41, 0.44, 0.72, 0.94, 1.0, 0.75]
  Failed regions: [[16, 35]]
  Successful interval: 22-63
  Keyframes: [0, 22, 63, 64, 73]
  Success detected: True
  Confidence: 0.71

--- Segment 152/266 ---

============================================================
Segment: MoveCube_ep55_f402-481
  Subtask: hook the cube to the target with the peg
  Frames: 402 - 481
============================================================
  Loaded 80 frames
  Prefix scoring: 52.2s
  Rewards: [0.0, 0.56, 0.34, 0.56, 0.62, 1.0, 0.97, 0.62]
  Failed regions: [[18, 38]]
  Successful interval: 24-58
  Keyframes: [0, 24, 26, 58, 78]
  Success detected: True
  Confidence: 0.75

--- Segment 153/266 ---

============================================================
Segment: MoveCube_ep56_f243-369
  Subtask: pick up the peg
  Frames: 243 - 369
============================================================
  Loaded 127 frames
  Prefix scoring: 52.4s
  Rewards: [0.0, 0.05, 0.39, 0.43, 0.52, 0.59, 0.57, 1.0]
  Failed regions: []
  Successful interval: 103-126
  Keyframes: [0, 103, 105, 126]
  Success detected: True
  Confidence: 0.68

--- Segment 154/266 ---

============================================================
Segment: MoveCube_ep56_f370-464
  Subtask: hook the cube to the target with the peg
  Frames: 370 - 464
============================================================
  Loaded 95 frames
  Prefix scoring: 52.3s
  Rewards: [0.0, 0.38, 1.0, 0.58, 0.46, 0.42, 0.62, 0.96]
  Failed regions: [[33, 81]]
  Successful interval: 65-94
  Keyframes: [0, 65, 82, 94]
  Success detected: True
  Confidence: 0.68

--- Segment 155/266 ---

============================================================
Segment: MoveCube_ep56_f370-470
  Subtask: hook the cube to the target with the peg
  Frames: 370 - 470
============================================================
  Loaded 101 frames
  Prefix scoring: 52.3s
  Rewards: [0.0, 0.68, 0.87, 0.65, 0.29, 0.61, 1.0, 0.97]
  Failed regions: [[35, 74]]
  Successful interval: 56-87
  Keyframes: [0, 56, 82, 87, 100]
  Success detected: True
  Confidence: 0.76

--- Segment 156/266 ---

============================================================
Segment: MoveCube_ep57_f164-270
  Subtask: close the gripper and push the cube to the target
  Frames: 164 - 270
============================================================
  Loaded 107 frames
  Prefix scoring: 53.0s
  Rewards: [0.0, 0.07, 0.17, 0.77, 0.7, 0.77, 0.97, 1.0]
  Failed regions: []
  Successful interval: 59-106
  Keyframes: [0, 59, 85, 106]
  Success detected: True
  Confidence: 0.61

--- Segment 157/266 ---

============================================================
Segment: MoveCube_ep57_f164-275
  Subtask: close the gripper and push the cube to the target
  Frames: 164 - 275
============================================================
  Loaded 112 frames
  Prefix scoring: 52.5s
  Rewards: [0.0, 0.06, 0.45, 0.9, 0.87, 0.9, 1.0, 1.0]
  Failed regions: []
  Successful interval: 63-96
  Keyframes: [0, 63, 85, 96, 111]
  Success detected: True
  Confidence: 0.52

--- Segment 158/266 ---

============================================================
Segment: MoveCube_ep58_f169-270
  Subtask: close the gripper and push the cube to the target
  Frames: 169 - 270
============================================================
  Loaded 102 frames
  Prefix scoring: 52.2s
  Rewards: [0.0, 0.05, 0.68, 1.0, 0.65, 0.65, 0.81, 0.78]
  Failed regions: [[49, 75], [49, 88]]
  Successful interval: 70-88
  Keyframes: [3, 70, 81, 88, 101]
  Success detected: True
  Confidence: 0.44

--- Segment 159/266 ---

============================================================
Segment: MoveCube_ep58_f169-275
  Subtask: close the gripper and push the cube to the target
  Frames: 169 - 275
============================================================
  Loaded 107 frames
  Prefix scoring: 52.5s
  Rewards: [0.0, 0.05, 0.61, 1.0, 0.59, 0.63, 0.76, 0.8]
  Failed regions: [[51, 78]]
  Successful interval: 59-106
  Keyframes: [3, 59, 81, 106]
  Success detected: True
  Confidence: 0.46

--- Segment 160/266 ---

============================================================
Segment: MoveCube_ep59_f239-360
  Subtask: pick up the peg
  Frames: 239 - 360
============================================================
  Loaded 122 frames
  Prefix scoring: 52.2s
  Rewards: [0.0, 0.07, 0.45, 0.52, 0.97, 0.93, 1.0, 0.93]
  Failed regions: []
  Successful interval: 83-105
  Keyframes: [0, 83, 101, 105, 121]
  Success detected: True
  Confidence: 0.51

--- Segment 161/266 ---

============================================================
Segment: MoveCube_ep59_f361-422
  Subtask: hook the cube to the target with the peg
  Frames: 361 - 422
============================================================
  Loaded 62 frames
  Prefix scoring: 52.3s
  Rewards: [0.0, 0.0, 0.33, 0.43, 0.23, 0.67, 1.0, 0.8]
  Failed regions: [[29, 45]]
  Successful interval: 34-53
  Keyframes: [12, 34, 51, 53, 61]
  Success detected: True
  Confidence: 0.82

--- Segment 162/266 ---

============================================================
Segment: MoveCube_ep59_f361-428
  Subtask: hook the cube to the target with the peg
  Frames: 361 - 428
============================================================
  Loaded 68 frames
  Prefix scoring: 52.1s
  Rewards: [0.0, 0.23, 0.38, 0.5, 0.5, 0.92, 1.0, 0.85]
  Failed regions: []
  Successful interval: 37-58
  Keyframes: [12, 37, 51, 58, 67]
  Success detected: True
  Confidence: 0.69

--- Segment 163/266 ---

============================================================
Segment: MoveCube_ep60_f222-341
  Subtask: pick up the peg
  Frames: 222 - 341
============================================================
  Loaded 120 frames
  Prefix scoring: 52.4s
  Rewards: [0.02, 0.0, 0.42, 0.62, 0.76, 0.78, 1.0, 0.91]
  Failed regions: []
  Successful interval: 21-103
  Keyframes: [0, 21, 99, 103, 119]
  Success detected: True
  Confidence: 0.89

--- Segment 164/266 ---

============================================================
Segment: MoveCube_ep60_f342-446
  Subtask: hook the cube to the target with the peg
  Frames: 342 - 446
============================================================
  Loaded 105 frames
  Prefix scoring: 52.2s
  Rewards: [0.0, 0.33, 0.94, 0.61, 1.0, 0.5, 0.72, 0.61]
  Failed regions: [[36, 63]]
  Successful interval: 45-63
  Keyframes: [0, 45, 46, 63, 103]
  Success detected: True
  Confidence: 0.64

--- Segment 165/266 ---

============================================================
Segment: MoveCube_ep60_f342-452
  Subtask: hook the cube to the target with the peg
  Frames: 342 - 452
============================================================
  Loaded 111 frames
  Prefix scoring: 52.5s
  Rewards: [0.0, 0.04, 0.56, 0.44, 0.52, 0.76, 1.0, 0.76]
  Failed regions: [[39, 67]]
  Successful interval: 48-95
  Keyframes: [0, 48, 90, 95, 110]
  Success detected: True
  Confidence: 0.72

--- Segment 166/266 ---

============================================================
Segment: MoveCube_ep61_f256-362
  Subtask: pick up the cube
  Frames: 256 - 362
============================================================
  Loaded 107 frames
  Prefix scoring: 52.5s
  Rewards: [0.0, 0.03, 0.59, 0.68, 0.62, 0.62, 0.57, 1.0]
  Failed regions: []
  Successful interval: 87-106
  Keyframes: [0, 87, 95, 106]
  Success detected: True
  Confidence: 0.67

--- Segment 167/266 ---

============================================================
Segment: MoveCube_ep61_f363-426
  Subtask: place the cube onto the target
  Frames: 363 - 426
============================================================
  Loaded 64 frames
  Prefix scoring: 52.0s
  Rewards: [0.0, 0.17, 0.61, 0.83, 0.83, 1.0, 0.87, 0.91]
  Failed regions: [[46, 63]]
  Successful interval: 51-63
  Keyframes: [0, 51, 63]
  Success detected: True
  Confidence: 0.43

--- Segment 168/266 ---

============================================================
Segment: MoveCube_ep61_f363-439
  Subtask: place the cube onto the target
  Frames: 363 - 439
============================================================
  Loaded 77 frames
  Prefix scoring: 52.7s
  Rewards: [0.0, 0.26, 0.48, 0.7, 0.91, 1.0, 0.96, 0.7]
  Failed regions: []
  Successful interval: 4-56
  Keyframes: [0, 4, 37, 56, 76]
  Success detected: True
  Confidence: 0.88

--- Segment 169/266 ---

============================================================
Segment: MoveCube_ep62_f222-338
  Subtask: pick up the peg
  Frames: 222 - 338
============================================================
  Loaded 117 frames
  Prefix scoring: 52.3s
  Rewards: [0.0, 0.06, 0.31, 0.72, 0.81, 0.84, 0.78, 1.0]
  Failed regions: []
  Successful interval: 96-116
  Keyframes: [0, 96, 98, 116]
  Success detected: True
  Confidence: 0.57

--- Segment 170/266 ---

============================================================
Segment: MoveCube_ep62_f339-399
  Subtask: hook the cube to the target with the peg
  Frames: 339 - 399
============================================================
  Loaded 61 frames
  Prefix scoring: 52.0s
  Rewards: [0.08, 0.0, 0.36, 0.44, 0.88, 0.76, 1.0, 0.76]
  Failed regions: [[36, 52]]
  Successful interval: 41-52
  Keyframes: [11, 41, 52, 53, 60]
  Success detected: True
  Confidence: 0.59

--- Segment 171/266 ---

============================================================
Segment: MoveCube_ep62_f339-405
  Subtask: hook the cube to the target with the peg
  Frames: 339 - 405
============================================================
  Loaded 67 frames
  Prefix scoring: 52.1s
  Rewards: [0.08, 0.0, 0.44, 0.64, 0.72, 0.72, 1.0, 0.6]
  Failed regions: []
  Successful interval: 45-57
  Keyframes: [12, 45, 52, 57, 66]
  Success detected: True
  Confidence: 0.61

--- Segment 172/266 ---

============================================================
Segment: MoveCube_ep63_f228-346
  Subtask: pick up the peg
  Frames: 228 - 346
============================================================
  Loaded 119 frames
  Prefix scoring: 52.3s
  Rewards: [0.0, 0.08, 0.47, 0.74, 0.82, 0.95, 1.0, 0.87]
  Failed regions: []
  Successful interval: 6-102
  Keyframes: [2, 6, 100, 102, 118]
  Success detected: True
  Confidence: 0.88

--- Segment 173/266 ---

============================================================
Segment: MoveCube_ep63_f347-479
  Subtask: hook the cube to the target with the peg
  Frames: 347 - 479
============================================================
  Loaded 133 frames
  Prefix scoring: 52.6s
  Rewards: [0.0, 0.62, 1.0, 0.76, 0.71, 0.71, 0.82, 0.74]
  Failed regions: [[47, 98], [47, 115]]
  Successful interval: 92-115
  Keyframes: [0, 92, 114, 115, 132]
  Success detected: True
  Confidence: 0.41

--- Segment 174/266 ---

============================================================
Segment: MoveCube_ep63_f347-485
  Subtask: hook the cube to the target with the peg
  Frames: 347 - 485
============================================================
  Loaded 139 frames
  Prefix scoring: 52.6s
  Rewards: [0.0, 0.58, 1.0, 0.53, 0.75, 0.5, 0.72, 0.72]
  Failed regions: []
  Successful interval: 7-48
  Keyframes: [0, 7, 45, 48, 132]
  Success detected: True
  Confidence: 0.88

--- Segment 175/266 ---

============================================================
Segment: MoveCube_ep64_f246-351
  Subtask: pick up the cube
  Frames: 246 - 351
============================================================
  Loaded 106 frames
  Prefix scoring: 52.1s
  Rewards: [0.14, 0.0, 0.82, 0.93, 0.82, 0.84, 0.91, 1.0]
  Failed regions: [[50, 77]]
  Successful interval: 59-105
  Keyframes: [0, 59, 92, 105]
  Success detected: True
  Confidence: 0.54

--- Segment 176/266 ---

============================================================
Segment: MoveCube_ep64_f352-428
  Subtask: place the cube onto the target
  Frames: 352 - 428
============================================================
  Loaded 77 frames
  Prefix scoring: 52.0s
  Rewards: [0.0, 0.52, 0.73, 0.73, 1.0, 0.83, 0.96, 0.85]
  Failed regions: [[46, 66]]
  Successful interval: 53-66
  Keyframes: [0, 53, 54, 66, 76]
  Success detected: True
  Confidence: 0.48

--- Segment 177/266 ---

============================================================
Segment: MoveCube_ep64_f352-445
  Subtask: place the cube onto the target
  Frames: 352 - 445
============================================================
  Loaded 94 frames
  Prefix scoring: 52.2s
  Rewards: [0.0, 1.0, 0.89, 1.0, 0.98, 0.96, 0.96, 0.91]
  Failed regions: [[21, 45]]
  Successful interval: 29-45
  Keyframes: [0, 29, 45, 46, 68]
  Success detected: True
  Confidence: 0.48

--- Segment 178/266 ---

============================================================
Segment: MoveCube_ep65_f243-359
  Subtask: pick up the cube
  Frames: 243 - 359
============================================================
  Loaded 117 frames
  Prefix scoring: 52.2s
  Rewards: [0.02, 0.0, 0.58, 0.91, 0.84, 0.87, 1.0, 0.87]
  Failed regions: []
  Successful interval: 66-101
  Keyframes: [0, 66, 70, 101, 116]
  Success detected: True
  Confidence: 0.54

--- Segment 179/266 ---

============================================================
Segment: MoveCube_ep65_f360-429
  Subtask: place the cube onto the target
  Frames: 360 - 429
============================================================
  Loaded 70 frames
  Prefix scoring: 52.0s
  Rewards: [0.0, 0.28, 0.59, 0.72, 0.43, 0.83, 0.98, 1.0]
  Failed regions: [[33, 51]]
  Successful interval: 39-69
  Keyframes: [9, 39, 43, 69]
  Success detected: True
  Confidence: 0.71

--- Segment 180/266 ---

============================================================
Segment: MoveCube_ep65_f360-441
  Subtask: place the cube onto the target
  Frames: 360 - 441
============================================================
  Loaded 82 frames
  Prefix scoring: 52.1s
  Rewards: [0.0, 0.15, 0.3, 0.77, 0.94, 1.0, 1.0, 0.98]
  Failed regions: []
  Successful interval: 4-60
  Keyframes: [0, 4, 43, 60, 81]
  Success detected: True
  Confidence: 0.87

--- Segment 181/266 ---

============================================================
Segment: MoveCube_ep66_f271-387
  Subtask: pick up the peg
  Frames: 271 - 387
============================================================
  Loaded 117 frames
  Prefix scoring: 52.3s
  Rewards: [0.0, 0.0, 0.32, 0.32, 0.61, 0.74, 1.0, 0.87]
  Failed regions: []
  Successful interval: 51-101
  Keyframes: [0, 51, 99, 101, 116]
  Success detected: True
  Confidence: 0.77

--- Segment 182/266 ---

============================================================
Segment: MoveCube_ep66_f388-474
  Subtask: hook the cube to the target with the peg
  Frames: 388 - 474
============================================================
  Loaded 87 frames
  Prefix scoring: 52.1s
  Rewards: [0.0, 0.7, 0.51, 0.16, 0.11, 0.46, 0.59, 1.0]
  Failed regions: [[19, 63]]
  Successful interval: 48-86
  Keyframes: [8, 48, 69, 86]
  Success detected: True
  Confidence: 0.87

--- Segment 183/266 ---

============================================================
Segment: MoveCube_ep66_f388-480
  Subtask: hook the cube to the target with the peg
  Frames: 388 - 480
============================================================
  Loaded 93 frames
  Prefix scoring: 52.2s
  Rewards: [0.0, 0.58, 0.26, 0.13, 0.39, 0.39, 0.87, 1.0]
  Failed regions: [[20, 56]]
  Successful interval: 64-92
  Keyframes: [8, 64, 71, 92]
  Success detected: True
  Confidence: 0.75

--- Segment 184/266 ---

============================================================
Segment: MoveCube_ep67_f168-273
  Subtask: close the gripper and push the cube to the target
  Frames: 168 - 273
============================================================
  Loaded 106 frames
  Prefix scoring: 52.0s
  Rewards: [0.09, 0.0, 0.12, 0.81, 1.0, 0.88, 1.0, 0.69]
  Failed regions: [[64, 91]]
  Successful interval: 72-91
  Keyframes: [0, 72, 90, 91, 105]
  Success detected: True
  Confidence: 0.54

--- Segment 185/266 ---

============================================================
Segment: MoveCube_ep67_f168-278
  Subtask: close the gripper and push the cube to the target
  Frames: 168 - 278
============================================================
  Loaded 111 frames
  Prefix scoring: 52.2s
  Rewards: [0.09, 0.0, 0.32, 0.71, 0.94, 0.74, 1.0, 0.82]
  Failed regions: [[67, 95]]
  Successful interval: 76-95
  Keyframes: [0, 76, 90, 95, 110]
  Success detected: True
  Confidence: 0.59

--- Segment 186/266 ---

============================================================
Segment: MoveCube_ep68_f160-256
  Subtask: close the gripper and push the cube to the target
  Frames: 160 - 256
============================================================
  Loaded 97 frames
  Prefix scoring: 52.2s
  Rewards: [0.12, 0.12, 0.0, 0.66, 0.84, 0.69, 0.81, 1.0]
  Failed regions: [[58, 83]]
  Successful interval: 67-96
  Keyframes: [0, 67, 83, 96]
  Success detected: True
  Confidence: 0.62

--- Segment 187/266 ---

============================================================
Segment: MoveCube_ep68_f160-261
  Subtask: close the gripper and push the cube to the target
  Frames: 160 - 261
============================================================
  Loaded 102 frames
  Prefix scoring: 52.2s
  Rewards: [0.12, 0.0, 0.15, 0.64, 0.91, 0.79, 1.0, 0.97]
  Failed regions: [[62, 88]]
  Successful interval: 70-88
  Keyframes: [0, 70, 83, 88, 101]
  Success detected: True
  Confidence: 0.57

--- Segment 188/266 ---

============================================================
Segment: MoveCube_ep69_f253-372
  Subtask: pick up the cube
  Frames: 253 - 372
============================================================
  Loaded 120 frames
  Prefix scoring: 52.2s
  Rewards: [0.0, 0.15, 0.74, 0.96, 0.78, 0.89, 1.0, 1.0]
  Failed regions: [[57, 88]]
  Successful interval: 67-103
  Keyframes: [0, 67, 72, 103, 119]
  Success detected: True
  Confidence: 0.55

--- Segment 189/266 ---

============================================================
Segment: MoveCube_ep69_f373-435
  Subtask: place the cube onto the target
  Frames: 373 - 435
============================================================
  Loaded 63 frames
  Prefix scoring: 52.2s
  Rewards: [0.0, 0.23, 0.61, 0.45, 0.65, 1.0, 0.97, 0.94]
  Failed regions: [[22, 38]]
  Successful interval: 27-46
  Keyframes: [0, 27, 36, 46, 62]
  Success detected: True
  Confidence: 0.70

--- Segment 190/266 ---

============================================================
Segment: MoveCube_ep69_f373-447
  Subtask: place the cube onto the target
  Frames: 373 - 447
============================================================
  Loaded 75 frames
  Prefix scoring: 52.7s
  Rewards: [0.0, 0.13, 0.71, 0.81, 1.0, 0.87, 0.97, 0.87]
  Failed regions: [[45, 64]]
  Successful interval: 51-64
  Keyframes: [2, 51, 64, 65, 74]
  Success detected: True
  Confidence: 0.49

--- Segment 191/266 ---

============================================================
Segment: MoveCube_ep70_f277-402
  Subtask: pick up the peg
  Frames: 277 - 402
============================================================
  Loaded 126 frames
  Prefix scoring: 52.4s
  Rewards: [0.0, 0.04, 0.78, 0.89, 0.41, 0.26, 0.52, 1.0]
  Failed regions: [[60, 108]]
  Successful interval: 86-125
  Keyframes: [0, 86, 103, 125]
  Success detected: True
  Confidence: 0.80

--- Segment 192/266 ---

============================================================
Segment: MoveCube_ep70_f403-510
  Subtask: hook the cube to the target with the peg
  Frames: 403 - 510
============================================================
  Loaded 108 frames
  Prefix scoring: 52.3s
  Rewards: [0.0, 0.46, 0.74, 0.85, 0.54, 0.74, 0.76, 1.0]
  Failed regions: [[51, 79]]
  Successful interval: 60-107
  Keyframes: [1, 60, 90, 107]
  Success detected: True
  Confidence: 0.66

--- Segment 193/266 ---

============================================================
Segment: MoveCube_ep70_f403-516
  Subtask: hook the cube to the target with the peg
  Frames: 403 - 516
============================================================
  Loaded 114 frames
  Prefix scoring: 52.4s
  Rewards: [0.0, 0.49, 0.7, 1.0, 0.6, 0.81, 0.86, 0.77]
  Failed regions: [[54, 83]]
  Successful interval: 64-98
  Keyframes: [2, 64, 90, 98, 113]
  Success detected: True
  Confidence: 0.49

--- Segment 194/266 ---

============================================================
Segment: MoveCube_ep71_f163-269
  Subtask: close the gripper and push the cube to the target
  Frames: 163 - 269
============================================================
  Loaded 107 frames
  Prefix scoring: 52.2s
  Rewards: [0.08, 0.0, 0.77, 0.9, 0.87, 0.74, 1.0, 0.69]
  Failed regions: [[51, 92]]
  Successful interval: 73-92
  Keyframes: [0, 73, 87, 92, 106]
  Success detected: True
  Confidence: 0.58

--- Segment 195/266 ---

============================================================
Segment: MoveCube_ep71_f163-274
  Subtask: close the gripper and push the cube to the target
  Frames: 163 - 274
============================================================
  Loaded 112 frames
  Prefix scoring: 52.1s
  Rewards: [0.07, 0.0, 0.7, 1.0, 0.76, 1.0, 0.89, 0.74]
  Failed regions: [[53, 82]]
  Successful interval: 63-82
  Keyframes: [0, 63, 82, 83, 110]
  Success detected: True
  Confidence: 0.57

--- Segment 196/266 ---

============================================================
Segment: MoveCube_ep72_f165-261
  Subtask: close the gripper and push the cube to the target
  Frames: 165 - 261
============================================================
  Loaded 97 frames
  Prefix scoring: 52.0s
  Rewards: [0.0, 0.0, 0.7, 0.89, 0.96, 0.85, 0.96, 1.0]
  Failed regions: [[58, 83]]
  Successful interval: 67-96
  Keyframes: [0, 67, 80, 96]
  Success detected: True
  Confidence: 0.53

--- Segment 197/266 ---

============================================================
Segment: MoveCube_ep72_f165-266
  Subtask: close the gripper and push the cube to the target
  Frames: 165 - 266
============================================================
  Loaded 102 frames
  Prefix scoring: 52.2s
  Rewards: [0.09, 0.0, 0.7, 0.97, 0.7, 0.73, 0.82, 1.0]
  Failed regions: [[49, 75]]
  Successful interval: 57-101
  Keyframes: [0, 57, 80, 101]
  Success detected: True
  Confidence: 0.60

--- Segment 198/266 ---

============================================================
Segment: MoveCube_ep73_f167-267
  Subtask: close the gripper and push the cube to the target
  Frames: 167 - 267
============================================================
  Loaded 101 frames
  Prefix scoring: 52.2s
  Rewards: [0.09, 0.0, 0.17, 0.69, 0.8, 0.8, 0.91, 1.0]
  Failed regions: []
  Successful interval: 69-100
  Keyframes: [0, 69, 84, 100]
  Success detected: True
  Confidence: 0.57

--- Segment 199/266 ---

============================================================
Segment: MoveCube_ep73_f167-272
  Subtask: close the gripper and push the cube to the target
  Frames: 167 - 272
============================================================
  Loaded 106 frames
  Prefix scoring: 52.4s
  Rewards: [0.09, 0.0, 0.32, 0.71, 0.76, 0.68, 0.94, 1.0]
  Failed regions: [[64, 91]]
  Successful interval: 72-105
  Keyframes: [0, 72, 84, 105]
  Success detected: True
  Confidence: 0.62

--- Segment 200/266 ---

============================================================
Segment: MoveCube_ep74_f165-246
  Subtask: close the gripper and push the cube to the target
  Frames: 165 - 246
============================================================
  Loaded 82 frames
  Prefix scoring: 52.3s
  Rewards: [0.17, 0.17, 0.0, 0.33, 1.0, 0.87, 0.83, 0.87]
  Failed regions: [[49, 81]]
  Successful interval: 66-81
  Keyframes: [0, 66, 72, 81]
  Success detected: True
  Confidence: 0.43

--- Segment 201/266 ---

============================================================
Segment: MoveCube_ep74_f165-251
  Subtask: close the gripper and push the cube to the target
  Frames: 165 - 251
============================================================
  Loaded 87 frames
  Prefix scoring: 52.3s
  Rewards: [0.16, 0.16, 0.0, 0.44, 0.81, 0.66, 0.78, 1.0]
  Failed regions: [[52, 74]]
  Successful interval: 59-86
  Keyframes: [0, 59, 72, 86]
  Success detected: True
  Confidence: 0.64

--- Segment 202/266 ---

============================================================
Segment: MoveCube_ep75_f236-366
  Subtask: pick up the peg
  Frames: 236 - 366
============================================================
  Loaded 131 frames
  Prefix scoring: 52.4s
  Rewards: [0.0, 0.0, 0.56, 0.59, 0.9, 1.0, 0.71, 0.88]
  Failed regions: [[96, 130]]
  Successful interval: 107-130
  Keyframes: [0, 107, 109, 130]
  Success detected: True
  Confidence: 0.48

--- Segment 203/266 ---

============================================================
Segment: MoveCube_ep75_f367-506
  Subtask: hook the cube to the target with the peg
  Frames: 367 - 506
============================================================
  Loaded 140 frames
  Prefix scoring: 52.4s
  Rewards: [0.0, 0.19, 1.0, 0.78, 0.86, 0.5, 0.75, 0.5]
  Failed regions: [[49, 85]]
  Successful interval: 60-85
  Keyframes: [21, 60, 63, 85, 139]
  Success detected: True
  Confidence: 0.44

--- Segment 204/266 ---

============================================================
Segment: MoveCube_ep75_f367-512
  Subtask: hook the cube to the target with the peg
  Frames: 367 - 512
============================================================
  Loaded 146 frames
  Prefix scoring: 52.5s
  Rewards: [0.0, 0.52, 0.97, 0.74, 0.97, 0.68, 1.0, 1.0]
  Failed regions: [[51, 88], [88, 126]]
  Successful interval: 100-126
  Keyframes: [2, 100, 118, 126, 145]
  Success detected: True
  Confidence: 0.58

--- Segment 205/266 ---

============================================================
Segment: MoveCube_ep76_f261-374
  Subtask: pick up the peg
  Frames: 261 - 374
============================================================
  Loaded 114 frames
  Prefix scoring: 52.3s
  Rewards: [0.0, 0.0, 0.57, 1.0, 0.62, 0.48, 0.43, 0.81]
  Failed regions: [[54, 113]]
  Successful interval: 93-113
  Keyframes: [2, 93, 97, 113]
  Success detected: True
  Confidence: 0.54

--- Segment 206/266 ---

============================================================
Segment: MoveCube_ep76_f375-475
  Subtask: hook the cube to the target with the peg
  Frames: 375 - 475
============================================================
  Loaded 101 frames
  Prefix scoring: 52.1s
  Rewards: [0.0, 0.23, 0.23, 0.53, 0.7, 0.67, 0.95, 1.0]
  Failed regions: []
  Successful interval: 69-100
  Keyframes: [20, 69, 81, 100]
  Success detected: True
  Confidence: 0.62

--- Segment 207/266 ---

============================================================
Segment: MoveCube_ep76_f375-481
  Subtask: hook the cube to the target with the peg
  Frames: 375 - 481
============================================================
  Loaded 107 frames
  Prefix scoring: 52.4s
  Rewards: [0.0, 0.05, 0.3, 0.65, 0.53, 0.63, 0.98, 1.0]
  Failed regions: [[51, 78]]
  Successful interval: 59-106
  Keyframes: [21, 59, 83, 106]
  Success detected: True
  Confidence: 0.68

--- Segment 208/266 ---

============================================================
Segment: MoveCube_ep77_f244-358
  Subtask: pick up the peg
  Frames: 244 - 358
============================================================
  Loaded 115 frames
  Prefix scoring: 52.4s
  Rewards: [0.0, 0.04, 0.78, 0.85, 0.33, 0.74, 0.7, 1.0]
  Failed regions: [[55, 84]]
  Successful interval: 94-114
  Keyframes: [0, 94, 97, 114]
  Success detected: True
  Confidence: 0.61

--- Segment 209/266 ---

============================================================
Segment: MoveCube_ep77_f359-446
  Subtask: hook the cube to the target with the peg
  Frames: 359 - 446
============================================================
  Loaded 88 frames
  Prefix scoring: 52.1s
  Rewards: [0.0, 0.37, 0.43, 0.4, 0.9, 0.77, 1.0, 0.87]
  Failed regions: [[53, 75]]
  Successful interval: 60-75
  Keyframes: [12, 60, 71, 75, 87]
  Success detected: True
  Confidence: 0.57

--- Segment 210/266 ---

============================================================
Segment: MoveCube_ep77_f359-452
  Subtask: hook the cube to the target with the peg
  Frames: 359 - 452
============================================================
  Loaded 94 frames
  Prefix scoring: 52.1s
  Rewards: [0.0, 0.59, 0.59, 0.76, 0.93, 1.0, 0.9, 0.97]
  Failed regions: [[69, 93]]
  Successful interval: 77-93
  Keyframes: [12, 77, 78, 93]
  Success detected: True
  Confidence: 0.46

--- Segment 211/266 ---

============================================================
Segment: MoveCube_ep78_f254-363
  Subtask: pick up the cube
  Frames: 254 - 363
============================================================
  Loaded 110 frames
  Prefix scoring: 52.5s
  Rewards: [0.06, 0.0, 0.54, 0.71, 0.69, 0.89, 0.74, 1.0]
  Failed regions: [[81, 109]]
  Successful interval: 90-109
  Keyframes: [0, 90, 101, 109]
  Success detected: True
  Confidence: 0.59

--- Segment 212/266 ---

============================================================
Segment: MoveCube_ep78_f364-426
  Subtask: place the cube onto the target
  Frames: 364 - 426
============================================================
  Loaded 63 frames
  Prefix scoring: 52.2s
  Rewards: [0.31, 0.5, 0.44, 0.0, 0.59, 1.0, 1.0, 0.81]
  Failed regions: [[14, 38]]
  Successful interval: 27-46
  Keyframes: [2, 27, 36, 46, 62]
  Success detected: True
  Confidence: 0.88

--- Segment 213/266 ---

============================================================
Segment: MoveCube_ep78_f364-438
  Subtask: place the cube onto the target
  Frames: 364 - 438
============================================================
  Loaded 75 frames
  Prefix scoring: 52.2s
  Rewards: [0.0, 0.45, 0.02, 0.57, 0.9, 1.0, 0.81, 0.88]
  Failed regions: [[16, 54], [54, 74]]
  Successful interval: 61-74
  Keyframes: [0, 61, 62, 74]
  Success detected: True
  Confidence: 0.44

--- Segment 214/266 ---

============================================================
Segment: MoveCube_ep79_f235-354
  Subtask: pick up the peg
  Frames: 235 - 354
============================================================
  Loaded 120 frames
  Prefix scoring: 52.1s
  Rewards: [0.09, 0.0, 0.65, 1.0, 0.79, 0.65, 1.0, 0.79]
  Failed regions: [[57, 103]]
  Successful interval: 82-103
  Keyframes: [0, 82, 101, 103, 119]
  Success detected: True
  Confidence: 0.62

--- Segment 215/266 ---

============================================================
Segment: MoveCube_ep79_f355-462
  Subtask: hook the cube to the target with the peg
  Frames: 355 - 462
============================================================
  Loaded 108 frames
  Prefix scoring: 52.2s
  Rewards: [0.0, 0.21, 0.79, 1.0, 0.44, 0.5, 0.88, 0.76]
  Failed regions: [[51, 79]]
  Successful interval: 60-93
  Keyframes: [6, 60, 90, 93, 107]
  Success detected: True
  Confidence: 0.59

--- Segment 216/266 ---

============================================================
Segment: MoveCube_ep79_f355-468
  Subtask: hook the cube to the target with the peg
  Frames: 355 - 468
============================================================
  Loaded 114 frames
  Prefix scoring: 52.3s
  Rewards: [0.0, 0.33, 1.0, 0.82, 0.73, 0.48, 0.48, 0.97]
  Failed regions: [[40, 98], [40, 113]]
  Successful interval: 93-113
  Keyframes: [1, 93, 94, 113]
  Success detected: True
  Confidence: 0.66

--- Segment 217/266 ---

============================================================
Segment: MoveCube_ep80_f264-370
  Subtask: pick up the cube
  Frames: 264 - 370
============================================================
  Loaded 107 frames
  Prefix scoring: 52.2s
  Rewards: [0.07, 0.0, 0.54, 0.7, 0.76, 0.8, 0.85, 1.0]
  Failed regions: []
  Successful interval: 18-106
  Keyframes: [0, 18, 37, 106]
  Success detected: True
  Confidence: 0.88

--- Segment 218/266 ---

============================================================
Segment: MoveCube_ep80_f371-443
  Subtask: place the cube onto the target
  Frames: 371 - 443
============================================================
  Loaded 73 frames
  Prefix scoring: 52.2s
  Rewards: [0.0, 0.41, 0.93, 0.7, 1.0, 0.89, 0.9, 0.79]
  Failed regions: [[25, 44], [44, 62]]
  Successful interval: 50-62
  Keyframes: [1, 50, 51, 62, 72]
  Success detected: True
  Confidence: 0.41

--- Segment 219/266 ---

============================================================
Segment: MoveCube_ep80_f371-459
  Subtask: place the cube onto the target
  Frames: 371 - 459
============================================================
  Loaded 89 frames
  Prefix scoring: 53.1s
  Rewards: [0.0, 0.27, 0.97, 1.0, 0.85, 0.87, 0.75, 0.88]
  Failed regions: [[42, 65], [65, 88]]
  Successful interval: 72-88
  Keyframes: [0, 72, 77, 88]
  Success detected: True
  Confidence: 0.44

--- Segment 220/266 ---

============================================================
Segment: MoveCube_ep81_f164-261
  Subtask: close the gripper and push the cube to the target
  Frames: 164 - 261
============================================================
  Loaded 98 frames
  Prefix scoring: 52.2s
  Rewards: [0.03, 0.03, 0.0, 0.61, 0.72, 0.69, 1.0, 0.83]
  Failed regions: []
  Successful interval: 67-84
  Keyframes: [0, 67, 84, 85, 97]
  Success detected: True
  Confidence: 0.62

--- Segment 221/266 ---

============================================================
Segment: MoveCube_ep81_f164-266
  Subtask: close the gripper and push the cube to the target
  Frames: 164 - 266
============================================================
  Loaded 103 frames
  Prefix scoring: 52.5s
  Rewards: [0.09, 0.06, 0.0, 0.74, 0.69, 0.77, 0.97, 1.0]
  Failed regions: []
  Successful interval: 57-102
  Keyframes: [0, 57, 85, 102]
  Success detected: True
  Confidence: 0.62

--- Segment 222/266 ---

============================================================
Segment: MoveCube_ep82_f158-260
  Subtask: close the gripper and push the cube to the target
  Frames: 158 - 260
============================================================
  Loaded 103 frames
  Prefix scoring: 52.3s
  Rewards: [0.0, 0.06, 0.0, 0.77, 0.84, 1.0, 0.84, 0.81]
  Failed regions: []
  Successful interval: 31-75
  Keyframes: [0, 31, 46, 75, 102]
  Success detected: True
  Confidence: 0.89

--- Segment 223/266 ---

============================================================
Segment: MoveCube_ep82_f158-265
  Subtask: close the gripper and push the cube to the target
  Frames: 158 - 265
============================================================
  Loaded 108 frames
  Prefix scoring: 52.6s
  Rewards: [0.0, 0.07, 0.36, 0.96, 1.0, 0.86, 0.75, 0.82]
  Failed regions: [[65, 107]]
  Successful interval: 88-107
  Keyframes: [0, 88, 89, 107]
  Success detected: True
  Confidence: 0.40

--- Segment 224/266 ---

============================================================
Segment: MoveCube_ep83_f161-268
  Subtask: close the gripper and push the cube to the target
  Frames: 161 - 268
============================================================
  Loaded 108 frames
  Prefix scoring: 52.3s
  Rewards: [0.09, 0.0, 0.0, 0.71, 0.59, 1.0, 0.94, 0.91]
  Failed regions: [[51, 79]]
  Successful interval: 60-79
  Keyframes: [0, 60, 79, 80, 107]
  Success detected: True
  Confidence: 0.66

--- Segment 225/266 ---

============================================================
Segment: MoveCube_ep83_f161-273
  Subtask: close the gripper and push the cube to the target
  Frames: 161 - 273
============================================================
  Loaded 113 frames
  Prefix scoring: 52.3s
  Rewards: [0.08, 0.0, 0.32, 0.73, 0.68, 0.92, 0.89, 1.0]
  Failed regions: []
  Successful interval: 92-112
  Keyframes: [0, 92, 93, 112]
  Success detected: True
  Confidence: 0.53

--- Segment 226/266 ---

============================================================
Segment: MoveCube_ep84_f225-335
  Subtask: pick up the peg
  Frames: 225 - 335
============================================================
  Loaded 111 frames
  Prefix scoring: 52.3s
  Rewards: [0.0, 0.06, 0.27, 1.0, 0.64, 0.64, 0.45, 0.82]
  Failed regions: [[53, 81], [81, 110]]
  Successful interval: 90-110
  Keyframes: [0, 90, 93, 110]
  Success detected: True
  Confidence: 0.54

--- Segment 227/266 ---

============================================================
Segment: MoveCube_ep84_f336-441
  Subtask: hook the cube to the target with the peg
  Frames: 336 - 441
============================================================
  Loaded 106 frames
  Prefix scoring: 52.1s
  Rewards: [0.0, 0.57, 0.91, 0.74, 0.83, 1.0, 0.91, 0.61]
  Failed regions: [[37, 64]]
  Successful interval: 45-77
  Keyframes: [21, 45, 46, 77, 105]
  Success detected: True
  Confidence: 0.57

--- Segment 228/266 ---

============================================================
Segment: MoveCube_ep84_f336-447
  Subtask: hook the cube to the target with the peg
  Frames: 336 - 447
============================================================
  Loaded 112 frames
  Prefix scoring: 52.3s
  Rewards: [0.0, 0.48, 0.86, 1.0, 0.86, 0.62, 0.81, 0.67]
  Failed regions: [[53, 96]]
  Successful interval: 77-96
  Keyframes: [22, 77, 90, 96, 111]
  Success detected: True
  Confidence: 0.43

--- Segment 229/266 ---

============================================================
Segment: MoveCube_ep85_f148-244
  Subtask: close the gripper and push the cube to the target
  Frames: 148 - 244
============================================================
  Loaded 97 frames
  Prefix scoring: 52.2s
  Rewards: [0.0, 0.0, 0.45, 0.86, 1.0, 0.79, 0.97, 0.97]
  Failed regions: [[58, 83]]
  Successful interval: 67-83
  Keyframes: [0, 67, 80, 83, 96]
  Success detected: True
  Confidence: 0.52

--- Segment 230/266 ---

============================================================
Segment: MoveCube_ep85_f148-249
  Subtask: close the gripper and push the cube to the target
  Frames: 148 - 249
============================================================
  Loaded 102 frames
  Prefix scoring: 52.4s
  Rewards: [0.09, 0.0, 0.65, 0.97, 0.88, 0.79, 1.0, 0.91]
  Failed regions: [[49, 88]]
  Successful interval: 70-88
  Keyframes: [0, 70, 80, 88, 101]
  Success detected: True
  Confidence: 0.55

--- Segment 231/266 ---

============================================================
Segment: MoveCube_ep86_f248-375
  Subtask: pick up the peg
  Frames: 248 - 375
============================================================
  Loaded 128 frames
  Prefix scoring: 52.7s
  Rewards: [0.07, 0.0, 0.14, 0.33, 0.86, 0.98, 0.95, 1.0]
  Failed regions: []
  Successful interval: 104-127
  Keyframes: [0, 104, 108, 127]
  Success detected: True
  Confidence: 0.51

--- Segment 232/266 ---

============================================================
Segment: MoveCube_ep86_f376-518
  Subtask: hook the cube to the target with the peg
  Frames: 376 - 518
============================================================
  Loaded 143 frames
  Prefix scoring: 52.7s
  Rewards: [0.0, 0.56, 0.67, 0.92, 0.88, 0.79, 1.0, 0.94]
  Failed regions: [[68, 123]]
  Successful interval: 98-123
  Keyframes: [8, 98, 123, 124, 142]
  Success detected: True
  Confidence: 0.54

--- Segment 233/266 ---

============================================================
Segment: MoveCube_ep86_f376-524
  Subtask: hook the cube to the target with the peg
  Frames: 376 - 524
============================================================
  Loaded 149 frames
  Prefix scoring: 52.6s
  Rewards: [0.0, 0.35, 0.9, 0.78, 0.94, 0.71, 1.0, 0.86]
  Failed regions: [[52, 90], [90, 128]]
  Successful interval: 102-128
  Keyframes: [11, 102, 127, 128, 148]
  Success detected: True
  Confidence: 0.58

--- Segment 234/266 ---

============================================================
Segment: MoveCube_ep87_f162-258
  Subtask: close the gripper and push the cube to the target
  Frames: 162 - 258
============================================================
  Loaded 97 frames
  Prefix scoring: 52.1s
  Rewards: [0.06, 0.06, 0.0, 0.42, 0.88, 0.85, 1.0, 0.94]
  Failed regions: []
  Successful interval: 67-83
  Keyframes: [0, 67, 83, 84, 96]
  Success detected: True
  Confidence: 0.56

--- Segment 235/266 ---

============================================================
Segment: MoveCube_ep87_f162-263
  Subtask: close the gripper and push the cube to the target
  Frames: 162 - 263
============================================================
  Loaded 102 frames
  Prefix scoring: 52.4s
  Rewards: [0.06, 0.0, 0.03, 0.52, 0.76, 0.79, 1.0, 0.85]
  Failed regions: []
  Successful interval: 18-88
  Keyframes: [0, 18, 47, 88, 101]
  Success detected: True
  Confidence: 0.90

--- Segment 236/266 ---

============================================================
Segment: MoveCube_ep88_f273-383
  Subtask: pick up the peg
  Frames: 273 - 383
============================================================
  Loaded 111 frames
  Prefix scoring: 52.4s
  Rewards: [0.1, 0.0, 0.67, 0.83, 0.73, 0.7, 0.83, 1.0]
  Failed regions: [[53, 95]]
  Successful interval: 76-110
  Keyframes: [0, 76, 94, 110]
  Success detected: True
  Confidence: 0.60

--- Segment 237/266 ---

============================================================
Segment: MoveCube_ep88_f384-510
  Subtask: hook the cube to the target with the peg
  Frames: 384 - 510
============================================================
  Loaded 127 frames
  Prefix scoring: 52.6s
  Rewards: [0.0, 0.26, 0.45, 0.42, 0.55, 0.87, 1.0, 0.71]
  Failed regions: []
  Successful interval: 54-109
  Keyframes: [2, 54, 103, 109, 126]
  Success detected: True
  Confidence: 0.73

--- Segment 238/266 ---

============================================================
Segment: MoveCube_ep88_f384-516
  Subtask: hook the cube to the target with the peg
  Frames: 384 - 516
============================================================
  Loaded 133 frames
  Prefix scoring: 52.8s
  Rewards: [0.0, 0.24, 0.65, 0.43, 0.76, 0.81, 0.92, 1.0]
  Failed regions: [[47, 81]]
  Successful interval: 58-132
  Keyframes: [26, 58, 106, 132]
  Success detected: True
  Confidence: 0.71

--- Segment 239/266 ---

============================================================
Segment: MoveCube_ep89_f252-364
  Subtask: pick up the cube
  Frames: 252 - 364
============================================================
  Loaded 113 frames
  Prefix scoring: 52.3s
  Rewards: [0.04, 0.0, 0.64, 0.82, 0.71, 0.93, 1.0, 0.96]
  Failed regions: [[54, 83]]
  Successful interval: 63-97
  Keyframes: [0, 63, 69, 97, 112]
  Success detected: True
  Confidence: 0.59

--- Segment 240/266 ---

============================================================
Segment: MoveCube_ep89_f365-431
  Subtask: place the cube onto the target
  Frames: 365 - 431
============================================================
  Loaded 67 frames
  Prefix scoring: 52.1s
  Rewards: [0.03, 0.0, 0.29, 0.84, 0.82, 1.0, 0.82, 0.98]
  Failed regions: [[48, 66]]
  Successful interval: 54-66
  Keyframes: [1, 54, 66]
  Success detected: True
  Confidence: 0.54

--- Segment 241/266 ---

============================================================
Segment: MoveCube_ep89_f365-444
  Subtask: place the cube onto the target
  Frames: 365 - 444
============================================================
  Loaded 80 frames
  Prefix scoring: 52.2s
  Rewards: [0.0, 0.03, 0.66, 0.55, 1.0, 0.97, 0.95, 0.93]
  Failed regions: [[28, 48]]
  Successful interval: 34-48
  Keyframes: [1, 34, 41, 48, 71]
  Success detected: True
  Confidence: 0.65

--- Segment 242/266 ---

============================================================
Segment: MoveCube_ep90_f238-360
  Subtask: pick up the peg
  Frames: 238 - 360
============================================================
  Loaded 123 frames
  Prefix scoring: 52.6s
  Rewards: [0.0, 0.14, 0.66, 0.77, 0.46, 0.97, 0.89, 1.0]
  Failed regions: [[59, 90], [90, 122]]
  Successful interval: 100-122
  Keyframes: [0, 100, 101, 122]
  Success detected: True
  Confidence: 0.52

--- Segment 243/266 ---

============================================================
Segment: MoveCube_ep90_f361-458
  Subtask: hook the cube to the target with the peg
  Frames: 361 - 458
============================================================
  Loaded 98 frames
  Prefix scoring: 52.2s
  Rewards: [0.0, 0.18, 0.41, 0.57, 0.41, 0.68, 1.0, 0.89]
  Failed regions: [[46, 71]]
  Successful interval: 55-84
  Keyframes: [1, 55, 82, 84, 97]
  Success detected: True
  Confidence: 0.73

--- Segment 244/266 ---

============================================================
Segment: MoveCube_ep90_f361-464
  Subtask: hook the cube to the target with the peg
  Frames: 361 - 464
============================================================
  Loaded 104 frames
  Prefix scoring: 53.3s
  Rewards: [0.0, 0.17, 0.33, 0.67, 0.78, 0.72, 0.89, 1.0]
  Failed regions: []
  Successful interval: 71-103
  Keyframes: [1, 71, 82, 103]
  Success detected: True
  Confidence: 0.60

--- Segment 245/266 ---

============================================================
Segment: MoveCube_ep91_f166-256
  Subtask: close the gripper and push the cube to the target
  Frames: 166 - 256
============================================================
  Loaded 91 frames
  Prefix scoring: 52.2s
  Rewards: [0.0, 0.0, 0.38, 0.94, 1.0, 0.85, 0.85, 0.94]
  Failed regions: [[55, 78], [55, 90]]
  Successful interval: 74-90
  Keyframes: [0, 74, 75, 90]
  Success detected: True
  Confidence: 0.48

--- Segment 246/266 ---

============================================================
Segment: MoveCube_ep91_f166-261
  Subtask: close the gripper and push the cube to the target
  Frames: 166 - 261
============================================================
  Loaded 96 frames
  Prefix scoring: 52.4s
  Rewards: [0.0, 0.0, 0.53, 0.94, 0.97, 0.78, 1.0, 0.86]
  Failed regions: [[58, 82]]
  Successful interval: 66-82
  Keyframes: [0, 66, 75, 82, 95]
  Success detected: True
  Confidence: 0.56

--- Segment 247/266 ---

============================================================
Segment: MoveCube_ep92_f259-374
  Subtask: pick up the cube
  Frames: 259 - 374
============================================================
  Loaded 116 frames
  Prefix scoring: 52.4s
  Rewards: [0.1, 0.0, 0.82, 0.69, 0.79, 0.97, 0.95, 1.0]
  Failed regions: [[40, 85]]
  Successful interval: 95-115
  Keyframes: [0, 95, 102, 115]
  Success detected: True
  Confidence: 0.49

--- Segment 248/266 ---

============================================================
Segment: MoveCube_ep92_f375-442
  Subtask: place the cube onto the target
  Frames: 375 - 442
============================================================
  Loaded 68 frames
  Prefix scoring: 52.0s
  Rewards: [0.27, 0.0, 0.93, 0.13, 0.93, 0.93, 1.0, 0.87]
  Failed regions: [[6, 23], [23, 40]]
  Successful interval: 46-58
  Keyframes: [0, 46, 47, 58, 67]
  Success detected: True
  Confidence: 0.50

--- Segment 249/266 ---

============================================================
Segment: MoveCube_ep92_f375-454
  Subtask: place the cube onto the target
  Frames: 375 - 454
============================================================
  Loaded 80 frames
  Prefix scoring: 52.3s
  Rewards: [0.21, 0.0, 0.21, 0.64, 1.0, 0.79, 0.5, 0.71]
  Failed regions: []
  Successful interval: 14-48
  Keyframes: [0, 14, 15, 48, 79]
  Success detected: True
  Confidence: 0.90

--- Segment 250/266 ---

============================================================
Segment: MoveCube_ep93_f156-250
  Subtask: close the gripper and push the cube to the target
  Frames: 156 - 250
============================================================
  Loaded 95 frames
  Prefix scoring: 52.4s
  Rewards: [0.09, 0.09, 0.0, 0.78, 0.91, 0.91, 1.0, 0.83]
  Failed regions: []
  Successful interval: 65-81
  Keyframes: [0, 65, 81, 82, 94]
  Success detected: True
  Confidence: 0.52

--- Segment 251/266 ---

============================================================
Segment: MoveCube_ep93_f156-255
  Subtask: close the gripper and push the cube to the target
  Frames: 156 - 255
============================================================
  Loaded 100 frames
  Prefix scoring: 52.5s
  Rewards: [0.07, 0.0, 0.11, 0.59, 0.81, 0.59, 1.0, 0.7]
  Failed regions: [[60, 86]]
  Successful interval: 68-86
  Keyframes: [0, 68, 85, 86, 99]
  Success detected: True
  Confidence: 0.67

--- Segment 252/266 ---

============================================================
Segment: MoveCube_ep94_f245-370
  Subtask: pick up the peg
  Frames: 245 - 370
============================================================
  Loaded 126 frames
  Prefix scoring: 52.5s
  Rewards: [0.0, 0.08, 0.23, 0.73, 0.85, 1.0, 0.77, 0.88]
  Failed regions: [[92, 125]]
  Successful interval: 102-125
  Keyframes: [0, 102, 107, 125]
  Success detected: True
  Confidence: 0.46

--- Segment 253/266 ---

============================================================
Segment: MoveCube_ep94_f371-451
  Subtask: hook the cube to the target with the peg
  Frames: 371 - 451
============================================================
  Loaded 81 frames
  Prefix scoring: 52.3s
  Rewards: [0.0, 0.41, 0.32, 0.65, 0.56, 0.76, 0.85, 1.0]
  Failed regions: [[18, 38], [38, 59]]
  Successful interval: 45-80
  Keyframes: [1, 45, 66, 80]
  Success detected: True
  Confidence: 0.66

--- Segment 254/266 ---

============================================================
Segment: MoveCube_ep94_f371-457
  Subtask: hook the cube to the target with the peg
  Frames: 371 - 457
============================================================
  Loaded 87 frames
  Prefix scoring: 52.3s
  Rewards: [0.0, 0.52, 0.65, 0.61, 0.81, 0.84, 1.0, 0.74]
  Failed regions: []
  Successful interval: 37-74
  Keyframes: [0, 37, 66, 74, 86]
  Success detected: True
  Confidence: 0.63

--- Segment 255/266 ---

============================================================
Segment: MoveCube_ep95_f162-241
  Subtask: close the gripper and push the cube to the target
  Frames: 162 - 241
============================================================
  Loaded 80 frames
  Prefix scoring: 52.1s
  Rewards: [0.08, 0.08, 0.0, 0.62, 0.85, 0.88, 1.0, 0.88]
  Failed regions: []
  Successful interval: 24-68
  Keyframes: [0, 24, 36, 68, 79]
  Success detected: True
  Confidence: 0.89

--- Segment 256/266 ---

============================================================
Segment: MoveCube_ep95_f162-246
  Subtask: close the gripper and push the cube to the target
  Frames: 162 - 246
============================================================
  Loaded 85 frames
  Prefix scoring: 52.2s
  Rewards: [0.07, 0.07, 0.0, 0.57, 0.89, 0.71, 0.79, 1.0]
  Failed regions: [[51, 73]]
  Successful interval: 58-84
  Keyframes: [0, 58, 68, 84]
  Success detected: True
  Confidence: 0.61

--- Segment 257/266 ---

============================================================
Segment: MoveCube_ep96_f172-258
  Subtask: close the gripper and push the cube to the target
  Frames: 172 - 258
============================================================
  Loaded 87 frames
  Prefix scoring: 52.2s
  Rewards: [0.07, 0.07, 0.0, 0.74, 0.81, 1.0, 0.93, 0.93]
  Failed regions: []
  Successful interval: 26-63
  Keyframes: [0, 26, 37, 63, 85]
  Success detected: True
  Confidence: 0.89

--- Segment 258/266 ---

============================================================
Segment: MoveCube_ep96_f172-263
  Subtask: close the gripper and push the cube to the target
  Frames: 172 - 263
============================================================
  Loaded 92 frames
  Prefix scoring: 52.3s
  Rewards: [0.0, 0.0, 0.0, 1.0, 0.83, 0.76, 0.72, 0.83]
  Failed regions: [[44, 91]]
  Successful interval: 75-91
  Keyframes: [0, 75, 76, 91]
  Success detected: True
  Confidence: 0.43

--- Segment 259/266 ---

============================================================
Segment: MoveCube_ep97_f267-372
  Subtask: pick up the cube
  Frames: 267 - 372
============================================================
  Loaded 106 frames
  Prefix scoring: 52.4s
  Rewards: [0.05, 0.0, 0.65, 0.88, 0.77, 0.72, 0.98, 1.0]
  Failed regions: [[50, 91]]
  Successful interval: 72-105
  Keyframes: [0, 72, 98, 105]
  Success detected: True
  Confidence: 0.59

--- Segment 260/266 ---

============================================================
Segment: MoveCube_ep97_f373-433
  Subtask: place the cube onto the target
  Frames: 373 - 433
============================================================
  Loaded 61 frames
  Prefix scoring: 52.1s
  Rewards: [0.15, 0.44, 0.0, 0.59, 0.04, 1.0, 1.0, 0.74]
  Failed regions: [[13, 29], [29, 44]]
  Successful interval: 33-44
  Keyframes: [3, 33, 35, 44, 60]
  Success detected: True
  Confidence: 0.89

--- Segment 261/266 ---

============================================================
Segment: MoveCube_ep97_f373-446
  Subtask: place the cube onto the target
  Frames: 373 - 446
============================================================
  Loaded 74 frames
  Prefix scoring: 52.3s
  Rewards: [0.0, 0.36, 0.59, 0.46, 0.77, 0.54, 0.74, 1.0]
  Failed regions: [[25, 44], [44, 63]]
  Successful interval: 51-73
  Keyframes: [0, 51, 66, 73]
  Success detected: True
  Confidence: 0.67

--- Segment 262/266 ---

============================================================
Segment: MoveCube_ep98_f158-253
  Subtask: close the gripper and push the cube to the target
  Frames: 158 - 253
============================================================
  Loaded 96 frames
  Prefix scoring: 52.3s
  Rewards: [0.04, 0.04, 0.0, 0.71, 0.61, 0.46, 1.0, 0.86]
  Failed regions: [[45, 82]]
  Successful interval: 66-82
  Keyframes: [0, 66, 81, 82, 95]
  Success detected: True
  Confidence: 0.72

--- Segment 263/266 ---

============================================================
Segment: MoveCube_ep98_f158-258
  Subtask: close the gripper and push the cube to the target
  Frames: 158 - 258
============================================================
  Loaded 101 frames
  Prefix scoring: 52.5s
  Rewards: [0.04, 0.0, 0.07, 0.59, 0.7, 0.74, 1.0, 0.89]
  Failed regions: []
  Successful interval: 17-87
  Keyframes: [0, 17, 45, 87, 100]
  Success detected: True
  Confidence: 0.90

--- Segment 264/266 ---

============================================================
Segment: MoveCube_ep99_f238-340
  Subtask: pick up the cube
  Frames: 238 - 340
============================================================
  Loaded 103 frames
  Prefix scoring: 52.5s
  Rewards: [0.0, 0.0, 0.62, 0.83, 0.55, 0.86, 0.86, 1.0]
  Failed regions: [[49, 75]]
  Successful interval: 83-102
  Keyframes: [0, 83, 95, 102]
  Success detected: True
  Confidence: 0.54

--- Segment 265/266 ---

============================================================
Segment: MoveCube_ep99_f341-403
  Subtask: place the cube onto the target
  Frames: 341 - 403
============================================================
  Loaded 63 frames
  Prefix scoring: 52.9s
  Rewards: [0.0, 0.33, 0.53, 0.6, 0.85, 0.85, 1.0, 0.85]
  Failed regions: []
  Successful interval: 43-54
  Keyframes: [3, 43, 44, 54, 62]
  Success detected: True
  Confidence: 0.54

--- Segment 266/266 ---

============================================================
Segment: MoveCube_ep99_f341-415
  Subtask: place the cube onto the target
  Frames: 341 - 415
============================================================
  Loaded 75 frames
  Prefix scoring: 52.7s
  Rewards: [0.0, 0.79, 0.46, 0.71, 1.0, 1.0, 0.96, 0.82]
  Failed regions: [[16, 35]]
  Successful interval: 23-45
  Keyframes: [3, 23, 36, 45, 74]
  Success detected: True
  Confidence: 0.67

============================================================
Step 4: Summary
============================================================
  Processed: 266 segments
  Skipped: 0 segments
  Environments: {'MoveCube': 266}
  Mean confidence: 0.649
  Success detected: 266/266
  Total failed regions detected: 210

All outputs saved to: data/topreward_full
Done.
