/coc/testnvme/shalbe3/miniconda/envs/robomme/lib/python3.11/site-packages/torch/cuda/__init__.py:63: FutureWarning: The pynvml package is deprecated. Please install nvidia-ml-py instead. If you did not install pynvml directly, please report this to the maintainers of the package that installed pynvml for you.
  import pynvml  # type: ignore[import]
`torch_dtype` is deprecated! Use `dtype` instead!
You are attempting to use Flash Attention 2 without specifying a torch dtype. This might lead to unexpected behaviour
2026-04-30 14:05:38,273 mme_vla_suite.pseudo_labeling.topreward_qwen_scorer WARNING: flash_attention_2 unavailable (/coc/testnvme/shalbe3/miniconda/envs/robomme/lib/python3.11/site-packages/flash_attn_2_cuda.cpython-311-x86_64-linux-gnu.so: undefined symbol: _ZNK3c106SymInt6sym_neERKS0_), using default attention
Loading checkpoint shards:   0%|          | 0/4 [00:00<?, ?it/s]Loading checkpoint shards:  25%|██▌       | 1/4 [00:01<00:03,  1.01s/it]Loading checkpoint shards:  50%|█████     | 2/4 [00:02<00:02,  1.02s/it]Loading checkpoint shards:  75%|███████▌  | 3/4 [00:03<00:01,  1.02s/it]Loading checkpoint shards: 100%|██████████| 4/4 [00:03<00:00,  1.17it/s]Loading checkpoint shards: 100%|██████████| 4/4 [00:03<00:00,  1.09it/s]
Asked to sample `fps` frames per second but no video metadata was provided which is required when sampling with `fps`. Defaulting to `fps=24`. Please provide `video_metadata` for more accurate results.
2026-04-30 14:05:51,770 mme_vla_suite.pseudo_labeling.topreward_qwen_scorer INFO: Prefix 1/8 (end=18, n_frames=4/19): reward=-20.1250 (mean, 1 tok)
2026-04-30 14:05:58,757 mme_vla_suite.pseudo_labeling.topreward_qwen_scorer INFO: Prefix 2/8 (end=41, n_frames=8/42): reward=-17.3750 (mean, 1 tok)
2026-04-30 14:06:05,775 mme_vla_suite.pseudo_labeling.topreward_qwen_scorer INFO: Prefix 3/8 (end=65, n_frames=13/66): reward=-16.2500 (mean, 1 tok)
2026-04-30 14:06:12,804 mme_vla_suite.pseudo_labeling.topreward_qwen_scorer INFO: Prefix 4/8 (end=89, n_frames=18/90): reward=-15.2500 (mean, 1 tok)
2026-04-30 14:06:19,821 mme_vla_suite.pseudo_labeling.topreward_qwen_scorer INFO: Prefix 5/8 (end=113, n_frames=23/114): reward=-15.5000 (mean, 1 tok)
2026-04-30 14:06:26,865 mme_vla_suite.pseudo_labeling.topreward_qwen_scorer INFO: Prefix 6/8 (end=137, n_frames=28/138): reward=-14.5000 (mean, 1 tok)
2026-04-30 14:06:33,921 mme_vla_suite.pseudo_labeling.topreward_qwen_scorer INFO: Prefix 7/8 (end=161, n_frames=32/162): reward=-14.0000 (mean, 1 tok)
2026-04-30 14:06:41,036 mme_vla_suite.pseudo_labeling.topreward_qwen_scorer INFO: Prefix 8/8 (end=185, n_frames=37/186): reward=-14.1250 (mean, 1 tok)
2026-04-30 14:06:48,933 mme_vla_suite.pseudo_labeling.topreward_qwen_scorer INFO: Prefix 1/8 (end=8, n_frames=4/9): reward=-19.6250 (mean, 1 tok)
2026-04-30 14:06:55,788 mme_vla_suite.pseudo_labeling.topreward_qwen_scorer INFO: Prefix 2/8 (end=18, n_frames=4/19): reward=-19.3750 (mean, 1 tok)
2026-04-30 14:07:02,668 mme_vla_suite.pseudo_labeling.topreward_qwen_scorer INFO: Prefix 3/8 (end=28, n_frames=6/29): reward=-20.1250 (mean, 1 tok)
2026-04-30 14:07:09,563 mme_vla_suite.pseudo_labeling.topreward_qwen_scorer INFO: Prefix 4/8 (end=39, n_frames=8/40): reward=-19.0000 (mean, 1 tok)
2026-04-30 14:07:16,476 mme_vla_suite.pseudo_labeling.topreward_qwen_scorer INFO: Prefix 5/8 (end=49, n_frames=10/50): reward=-18.8750 (mean, 1 tok)
2026-04-30 14:07:23,382 mme_vla_suite.pseudo_labeling.topreward_qwen_scorer INFO: Prefix 6/8 (end=60, n_frames=12/61): reward=-20.2500 (mean, 1 tok)
2026-04-30 14:07:30,299 mme_vla_suite.pseudo_labeling.topreward_qwen_scorer INFO: Prefix 7/8 (end=70, n_frames=14/71): reward=-20.5000 (mean, 1 tok)
2026-04-30 14:07:37,201 mme_vla_suite.pseudo_labeling.topreward_qwen_scorer INFO: Prefix 8/8 (end=81, n_frames=16/82): reward=-19.0000 (mean, 1 tok)
2026-04-30 14:07:45,066 mme_vla_suite.pseudo_labeling.topreward_qwen_scorer INFO: Prefix 1/8 (end=9, n_frames=4/10): reward=-20.0000 (mean, 1 tok)
2026-04-30 14:07:51,934 mme_vla_suite.pseudo_labeling.topreward_qwen_scorer INFO: Prefix 2/8 (end=21, n_frames=4/22): reward=-19.7500 (mean, 1 tok)
2026-04-30 14:07:58,814 mme_vla_suite.pseudo_labeling.topreward_qwen_scorer INFO: Prefix 3/8 (end=33, n_frames=7/34): reward=-19.6250 (mean, 1 tok)
2026-04-30 14:08:05,704 mme_vla_suite.pseudo_labeling.topreward_qwen_scorer INFO: Prefix 4/8 (end=46, n_frames=9/47): reward=-19.0000 (mean, 1 tok)
2026-04-30 14:08:12,590 mme_vla_suite.pseudo_labeling.topreward_qwen_scorer INFO: Prefix 5/8 (end=58, n_frames=12/59): reward=-20.1250 (mean, 1 tok)
2026-04-30 14:08:19,501 mme_vla_suite.pseudo_labeling.topreward_qwen_scorer INFO: Prefix 6/8 (end=71, n_frames=14/72): reward=-20.6250 (mean, 1 tok)
2026-04-30 14:08:26,426 mme_vla_suite.pseudo_labeling.topreward_qwen_scorer INFO: Prefix 7/8 (end=83, n_frames=17/84): reward=-17.7500 (mean, 1 tok)
2026-04-30 14:08:33,381 mme_vla_suite.pseudo_labeling.topreward_qwen_scorer INFO: Prefix 8/8 (end=96, n_frames=19/97): reward=-17.8750 (mean, 1 tok)
2026-04-30 14:08:41,509 mme_vla_suite.pseudo_labeling.topreward_qwen_scorer INFO: Prefix 1/8 (end=16, n_frames=4/17): reward=-18.7500 (mean, 1 tok)
2026-04-30 14:08:48,389 mme_vla_suite.pseudo_labeling.topreward_qwen_scorer INFO: Prefix 2/8 (end=37, n_frames=8/38): reward=-19.3750 (mean, 1 tok)
2026-04-30 14:08:55,290 mme_vla_suite.pseudo_labeling.topreward_qwen_scorer INFO: Prefix 3/8 (end=58, n_frames=12/59): reward=-15.6250 (mean, 1 tok)
2026-04-30 14:09:02,213 mme_vla_suite.pseudo_labeling.topreward_qwen_scorer INFO: Prefix 4/8 (end=80, n_frames=16/81): reward=-16.2500 (mean, 1 tok)
2026-04-30 14:09:09,175 mme_vla_suite.pseudo_labeling.topreward_qwen_scorer INFO: Prefix 5/8 (end=101, n_frames=20/102): reward=-16.5000 (mean, 1 tok)
2026-04-30 14:09:16,210 mme_vla_suite.pseudo_labeling.topreward_qwen_scorer INFO: Prefix 6/8 (end=123, n_frames=25/124): reward=-16.3750 (mean, 1 tok)
2026-04-30 14:09:23,268 mme_vla_suite.pseudo_labeling.topreward_qwen_scorer INFO: Prefix 7/8 (end=144, n_frames=29/145): reward=-13.8750 (mean, 1 tok)
2026-04-30 14:09:30,415 mme_vla_suite.pseudo_labeling.topreward_qwen_scorer INFO: Prefix 8/8 (end=166, n_frames=33/167): reward=-14.8750 (mean, 1 tok)
2026-04-30 14:09:38,530 mme_vla_suite.pseudo_labeling.topreward_qwen_scorer INFO: Prefix 1/8 (end=6, n_frames=4/7): reward=-20.3750 (mean, 1 tok)
2026-04-30 14:09:45,413 mme_vla_suite.pseudo_labeling.topreward_qwen_scorer INFO: Prefix 2/8 (end=14, n_frames=4/15): reward=-20.5000 (mean, 1 tok)
2026-04-30 14:09:52,285 mme_vla_suite.pseudo_labeling.topreward_qwen_scorer INFO: Prefix 3/8 (end=22, n_frames=5/23): reward=-19.8750 (mean, 1 tok)
2026-04-30 14:09:59,161 mme_vla_suite.pseudo_labeling.topreward_qwen_scorer INFO: Prefix 4/8 (end=30, n_frames=6/31): reward=-19.3750 (mean, 1 tok)
2026-04-30 14:10:06,043 mme_vla_suite.pseudo_labeling.topreward_qwen_scorer INFO: Prefix 5/8 (end=38, n_frames=8/39): reward=-19.5000 (mean, 1 tok)
2026-04-30 14:10:12,949 mme_vla_suite.pseudo_labeling.topreward_qwen_scorer INFO: Prefix 6/8 (end=46, n_frames=9/47): reward=-19.2500 (mean, 1 tok)
2026-04-30 14:10:19,859 mme_vla_suite.pseudo_labeling.topreward_qwen_scorer INFO: Prefix 7/8 (end=54, n_frames=11/55): reward=-20.6250 (mean, 1 tok)
2026-04-30 14:10:26,776 mme_vla_suite.pseudo_labeling.topreward_qwen_scorer INFO: Prefix 8/8 (end=63, n_frames=13/64): reward=-19.1250 (mean, 1 tok)
2026-04-30 14:10:34,586 mme_vla_suite.pseudo_labeling.topreward_qwen_scorer INFO: Prefix 1/8 (end=7, n_frames=4/8): reward=-20.3750 (mean, 1 tok)
2026-04-30 14:10:41,476 mme_vla_suite.pseudo_labeling.topreward_qwen_scorer INFO: Prefix 2/8 (end=17, n_frames=4/18): reward=-20.2500 (mean, 1 tok)
2026-04-30 14:10:48,363 mme_vla_suite.pseudo_labeling.topreward_qwen_scorer INFO: Prefix 3/8 (end=27, n_frames=6/28): reward=-20.3750 (mean, 1 tok)
2026-04-30 14:10:55,245 mme_vla_suite.pseudo_labeling.topreward_qwen_scorer INFO: Prefix 4/8 (end=37, n_frames=8/38): reward=-20.2500 (mean, 1 tok)
2026-04-30 14:11:02,142 mme_vla_suite.pseudo_labeling.topreward_qwen_scorer INFO: Prefix 5/8 (end=47, n_frames=10/48): reward=-19.2500 (mean, 1 tok)
2026-04-30 14:11:09,049 mme_vla_suite.pseudo_labeling.topreward_qwen_scorer INFO: Prefix 6/8 (end=57, n_frames=12/58): reward=-21.3750 (mean, 1 tok)
2026-04-30 14:11:15,956 mme_vla_suite.pseudo_labeling.topreward_qwen_scorer INFO: Prefix 7/8 (end=67, n_frames=14/68): reward=-20.3750 (mean, 1 tok)
2026-04-30 14:11:22,873 mme_vla_suite.pseudo_labeling.topreward_qwen_scorer INFO: Prefix 8/8 (end=77, n_frames=16/78): reward=-19.2500 (mean, 1 tok)
2026-04-30 14:11:30,867 mme_vla_suite.pseudo_labeling.topreward_qwen_scorer INFO: Prefix 1/8 (end=17, n_frames=4/18): reward=-18.8750 (mean, 1 tok)
2026-04-30 14:11:37,744 mme_vla_suite.pseudo_labeling.topreward_qwen_scorer INFO: Prefix 2/8 (end=40, n_frames=8/41): reward=-18.8750 (mean, 1 tok)
2026-04-30 14:11:44,666 mme_vla_suite.pseudo_labeling.topreward_qwen_scorer INFO: Prefix 3/8 (end=63, n_frames=13/64): reward=-15.8750 (mean, 1 tok)
2026-04-30 14:11:51,611 mme_vla_suite.pseudo_labeling.topreward_qwen_scorer INFO: Prefix 4/8 (end=86, n_frames=17/87): reward=-16.5000 (mean, 1 tok)
2026-04-30 14:11:58,596 mme_vla_suite.pseudo_labeling.topreward_qwen_scorer INFO: Prefix 5/8 (end=109, n_frames=22/110): reward=-16.1250 (mean, 1 tok)
2026-04-30 14:12:05,642 mme_vla_suite.pseudo_labeling.topreward_qwen_scorer INFO: Prefix 6/8 (end=132, n_frames=27/133): reward=-15.6250 (mean, 1 tok)
2026-04-30 14:12:12,726 mme_vla_suite.pseudo_labeling.topreward_qwen_scorer INFO: Prefix 7/8 (end=155, n_frames=31/156): reward=-14.6250 (mean, 1 tok)
2026-04-30 14:12:19,860 mme_vla_suite.pseudo_labeling.topreward_qwen_scorer INFO: Prefix 8/8 (end=178, n_frames=36/179): reward=-13.3750 (mean, 1 tok)
2026-04-30 14:12:27,873 mme_vla_suite.pseudo_labeling.topreward_qwen_scorer INFO: Prefix 1/8 (end=6, n_frames=4/7): reward=-20.7500 (mean, 1 tok)
2026-04-30 14:12:34,732 mme_vla_suite.pseudo_labeling.topreward_qwen_scorer INFO: Prefix 2/8 (end=14, n_frames=4/15): reward=-21.1250 (mean, 1 tok)
2026-04-30 14:12:41,617 mme_vla_suite.pseudo_labeling.topreward_qwen_scorer INFO: Prefix 3/8 (end=22, n_frames=5/23): reward=-18.7500 (mean, 1 tok)
2026-04-30 14:12:48,501 mme_vla_suite.pseudo_labeling.topreward_qwen_scorer INFO: Prefix 4/8 (end=30, n_frames=6/31): reward=-18.1250 (mean, 1 tok)
2026-04-30 14:12:55,364 mme_vla_suite.pseudo_labeling.topreward_qwen_scorer INFO: Prefix 5/8 (end=39, n_frames=8/40): reward=-18.6250 (mean, 1 tok)
2026-04-30 14:13:02,250 mme_vla_suite.pseudo_labeling.topreward_qwen_scorer INFO: Prefix 6/8 (end=47, n_frames=10/48): reward=-19.6250 (mean, 1 tok)
2026-04-30 14:13:09,134 mme_vla_suite.pseudo_labeling.topreward_qwen_scorer INFO: Prefix 7/8 (end=55, n_frames=11/56): reward=-17.7500 (mean, 1 tok)
2026-04-30 14:13:16,036 mme_vla_suite.pseudo_labeling.topreward_qwen_scorer INFO: Prefix 8/8 (end=64, n_frames=13/65): reward=-18.5000 (mean, 1 tok)
2026-04-30 14:13:24,221 mme_vla_suite.pseudo_labeling.topreward_qwen_scorer INFO: Prefix 1/8 (end=7, n_frames=4/8): reward=-20.5000 (mean, 1 tok)
2026-04-30 14:13:31,097 mme_vla_suite.pseudo_labeling.topreward_qwen_scorer INFO: Prefix 2/8 (end=17, n_frames=4/18): reward=-20.0000 (mean, 1 tok)
2026-04-30 14:13:37,963 mme_vla_suite.pseudo_labeling.topreward_qwen_scorer INFO: Prefix 3/8 (end=27, n_frames=6/28): reward=-18.5000 (mean, 1 tok)
2026-04-30 14:13:44,839 mme_vla_suite.pseudo_labeling.topreward_qwen_scorer INFO: Prefix 4/8 (end=37, n_frames=8/38): reward=-19.7500 (mean, 1 tok)
2026-04-30 14:13:51,708 mme_vla_suite.pseudo_labeling.topreward_qwen_scorer INFO: Prefix 5/8 (end=47, n_frames=10/48): reward=-19.6250 (mean, 1 tok)
2026-04-30 14:13:58,621 mme_vla_suite.pseudo_labeling.topreward_qwen_scorer INFO: Prefix 6/8 (end=57, n_frames=12/58): reward=-17.7500 (mean, 1 tok)
2026-04-30 14:14:05,537 mme_vla_suite.pseudo_labeling.topreward_qwen_scorer INFO: Prefix 7/8 (end=67, n_frames=14/68): reward=-19.8750 (mean, 1 tok)
2026-04-30 14:14:12,464 mme_vla_suite.pseudo_labeling.topreward_qwen_scorer INFO: Prefix 8/8 (end=78, n_frames=16/79): reward=-20.6250 (mean, 1 tok)
2026-04-30 14:14:20,723 mme_vla_suite.pseudo_labeling.topreward_qwen_scorer INFO: Prefix 1/8 (end=19, n_frames=4/20): reward=-18.6250 (mean, 1 tok)
2026-04-30 14:14:27,620 mme_vla_suite.pseudo_labeling.topreward_qwen_scorer INFO: Prefix 2/8 (end=43, n_frames=9/44): reward=-17.1250 (mean, 1 tok)
2026-04-30 14:14:34,554 mme_vla_suite.pseudo_labeling.topreward_qwen_scorer INFO: Prefix 3/8 (end=68, n_frames=14/69): reward=-16.1250 (mean, 1 tok)
2026-04-30 14:14:41,537 mme_vla_suite.pseudo_labeling.topreward_qwen_scorer INFO: Prefix 4/8 (end=93, n_frames=19/94): reward=-17.1250 (mean, 1 tok)
2026-04-30 14:14:48,525 mme_vla_suite.pseudo_labeling.topreward_qwen_scorer INFO: Prefix 5/8 (end=118, n_frames=24/119): reward=-16.3750 (mean, 1 tok)
2026-04-30 14:14:55,552 mme_vla_suite.pseudo_labeling.topreward_qwen_scorer INFO: Prefix 6/8 (end=143, n_frames=29/144): reward=-15.0000 (mean, 1 tok)
2026-04-30 14:15:02,593 mme_vla_suite.pseudo_labeling.topreward_qwen_scorer INFO: Prefix 7/8 (end=168, n_frames=34/169): reward=-15.1250 (mean, 1 tok)
2026-04-30 14:15:09,752 mme_vla_suite.pseudo_labeling.topreward_qwen_scorer INFO: Prefix 8/8 (end=193, n_frames=39/194): reward=-14.0000 (mean, 1 tok)
2026-04-30 14:15:17,699 mme_vla_suite.pseudo_labeling.topreward_qwen_scorer INFO: Prefix 1/8 (end=7, n_frames=4/8): reward=-19.7500 (mean, 1 tok)
2026-04-30 14:15:24,637 mme_vla_suite.pseudo_labeling.topreward_qwen_scorer INFO: Prefix 2/8 (end=15, n_frames=4/16): reward=-19.8750 (mean, 1 tok)
2026-04-30 14:15:31,583 mme_vla_suite.pseudo_labeling.topreward_qwen_scorer INFO: Prefix 3/8 (end=24, n_frames=5/25): reward=-20.7500 (mean, 1 tok)
2026-04-30 14:15:38,590 mme_vla_suite.pseudo_labeling.topreward_qwen_scorer INFO: Prefix 4/8 (end=33, n_frames=7/34): reward=-19.0000 (mean, 1 tok)
2026-04-30 14:15:45,451 mme_vla_suite.pseudo_labeling.topreward_qwen_scorer INFO: Prefix 5/8 (end=42, n_frames=9/43): reward=-19.6250 (mean, 1 tok)
2026-04-30 14:15:52,332 mme_vla_suite.pseudo_labeling.topreward_qwen_scorer INFO: Prefix 6/8 (end=51, n_frames=10/52): reward=-18.7500 (mean, 1 tok)
2026-04-30 14:15:59,293 mme_vla_suite.pseudo_labeling.topreward_qwen_scorer INFO: Prefix 7/8 (end=60, n_frames=12/61): reward=-20.5000 (mean, 1 tok)
2026-04-30 14:16:06,241 mme_vla_suite.pseudo_labeling.topreward_qwen_scorer INFO: Prefix 8/8 (end=69, n_frames=14/70): reward=-20.0000 (mean, 1 tok)
2026-04-30 14:16:14,139 mme_vla_suite.pseudo_labeling.topreward_qwen_scorer INFO: Prefix 1/8 (end=8, n_frames=4/9): reward=-19.5000 (mean, 1 tok)
2026-04-30 14:16:20,966 mme_vla_suite.pseudo_labeling.topreward_qwen_scorer INFO: Prefix 2/8 (end=19, n_frames=4/20): reward=-19.8750 (mean, 1 tok)
2026-04-30 14:16:27,816 mme_vla_suite.pseudo_labeling.topreward_qwen_scorer INFO: Prefix 3/8 (end=30, n_frames=6/31): reward=-20.1250 (mean, 1 tok)
2026-04-30 14:16:34,657 mme_vla_suite.pseudo_labeling.topreward_qwen_scorer INFO: Prefix 4/8 (end=41, n_frames=8/42): reward=-18.7500 (mean, 1 tok)
2026-04-30 14:16:41,528 mme_vla_suite.pseudo_labeling.topreward_qwen_scorer INFO: Prefix 5/8 (end=53, n_frames=11/54): reward=-19.3750 (mean, 1 tok)
2026-04-30 14:16:48,367 mme_vla_suite.pseudo_labeling.topreward_qwen_scorer INFO: Prefix 6/8 (end=64, n_frames=13/65): reward=-19.8750 (mean, 1 tok)
2026-04-30 14:16:55,253 mme_vla_suite.pseudo_labeling.topreward_qwen_scorer INFO: Prefix 7/8 (end=75, n_frames=15/76): reward=-19.3750 (mean, 1 tok)
2026-04-30 14:17:02,192 mme_vla_suite.pseudo_labeling.topreward_qwen_scorer INFO: Prefix 8/8 (end=87, n_frames=18/88): reward=-19.6250 (mean, 1 tok)
2026-04-30 14:17:10,500 mme_vla_suite.pseudo_labeling.topreward_qwen_scorer INFO: Prefix 1/8 (end=20, n_frames=4/21): reward=-19.2500 (mean, 1 tok)
2026-04-30 14:17:17,352 mme_vla_suite.pseudo_labeling.topreward_qwen_scorer INFO: Prefix 2/8 (end=46, n_frames=9/47): reward=-17.2500 (mean, 1 tok)
2026-04-30 14:17:24,200 mme_vla_suite.pseudo_labeling.topreward_qwen_scorer INFO: Prefix 3/8 (end=72, n_frames=15/73): reward=-15.6250 (mean, 1 tok)
2026-04-30 14:17:31,104 mme_vla_suite.pseudo_labeling.topreward_qwen_scorer INFO: Prefix 4/8 (end=98, n_frames=20/99): reward=-15.5000 (mean, 1 tok)
2026-04-30 14:17:38,128 mme_vla_suite.pseudo_labeling.topreward_qwen_scorer INFO: Prefix 5/8 (end=125, n_frames=25/126): reward=-15.7500 (mean, 1 tok)
2026-04-30 14:17:45,141 mme_vla_suite.pseudo_labeling.topreward_qwen_scorer INFO: Prefix 6/8 (end=151, n_frames=30/152): reward=-14.8750 (mean, 1 tok)
2026-04-30 14:17:52,208 mme_vla_suite.pseudo_labeling.topreward_qwen_scorer INFO: Prefix 7/8 (end=177, n_frames=36/178): reward=-14.3750 (mean, 1 tok)
2026-04-30 14:17:59,341 mme_vla_suite.pseudo_labeling.topreward_qwen_scorer INFO: Prefix 8/8 (end=204, n_frames=41/205): reward=-13.8750 (mean, 1 tok)
2026-04-30 14:18:07,172 mme_vla_suite.pseudo_labeling.topreward_qwen_scorer INFO: Prefix 1/8 (end=6, n_frames=4/7): reward=-19.6250 (mean, 1 tok)
2026-04-30 14:18:14,147 mme_vla_suite.pseudo_labeling.topreward_qwen_scorer INFO: Prefix 2/8 (end=14, n_frames=4/15): reward=-19.8750 (mean, 1 tok)
2026-04-30 14:18:21,000 mme_vla_suite.pseudo_labeling.topreward_qwen_scorer INFO: Prefix 3/8 (end=23, n_frames=5/24): reward=-19.5000 (mean, 1 tok)
2026-04-30 14:18:27,853 mme_vla_suite.pseudo_labeling.topreward_qwen_scorer INFO: Prefix 4/8 (end=32, n_frames=7/33): reward=-18.8750 (mean, 1 tok)
2026-04-30 14:18:34,695 mme_vla_suite.pseudo_labeling.topreward_qwen_scorer INFO: Prefix 5/8 (end=40, n_frames=8/41): reward=-19.7500 (mean, 1 tok)
2026-04-30 14:18:41,665 mme_vla_suite.pseudo_labeling.topreward_qwen_scorer INFO: Prefix 6/8 (end=49, n_frames=10/50): reward=-19.6250 (mean, 1 tok)
2026-04-30 14:18:48,619 mme_vla_suite.pseudo_labeling.topreward_qwen_scorer INFO: Prefix 7/8 (end=58, n_frames=12/59): reward=-18.7500 (mean, 1 tok)
2026-04-30 14:18:55,513 mme_vla_suite.pseudo_labeling.topreward_qwen_scorer INFO: Prefix 8/8 (end=67, n_frames=14/68): reward=-18.7500 (mean, 1 tok)
2026-04-30 14:19:03,482 mme_vla_suite.pseudo_labeling.topreward_qwen_scorer INFO: Prefix 1/8 (end=8, n_frames=4/9): reward=-19.6250 (mean, 1 tok)
2026-04-30 14:19:10,338 mme_vla_suite.pseudo_labeling.topreward_qwen_scorer INFO: Prefix 2/8 (end=18, n_frames=4/19): reward=-20.1250 (mean, 1 tok)
2026-04-30 14:19:17,194 mme_vla_suite.pseudo_labeling.topreward_qwen_scorer INFO: Prefix 3/8 (end=28, n_frames=6/29): reward=-19.3750 (mean, 1 tok)
2026-04-30 14:19:24,090 mme_vla_suite.pseudo_labeling.topreward_qwen_scorer INFO: Prefix 4/8 (end=38, n_frames=8/39): reward=-18.5000 (mean, 1 tok)
2026-04-30 14:19:30,984 mme_vla_suite.pseudo_labeling.topreward_qwen_scorer INFO: Prefix 5/8 (end=49, n_frames=10/50): reward=-19.6250 (mean, 1 tok)
2026-04-30 14:19:37,872 mme_vla_suite.pseudo_labeling.topreward_qwen_scorer INFO: Prefix 6/8 (end=59, n_frames=12/60): reward=-18.8750 (mean, 1 tok)
2026-04-30 14:19:44,756 mme_vla_suite.pseudo_labeling.topreward_qwen_scorer INFO: Prefix 7/8 (end=69, n_frames=14/70): reward=-19.5000 (mean, 1 tok)
2026-04-30 14:19:51,617 mme_vla_suite.pseudo_labeling.topreward_qwen_scorer INFO: Prefix 8/8 (end=80, n_frames=16/81): reward=-19.0000 (mean, 1 tok)
2026-04-30 14:19:59,830 mme_vla_suite.pseudo_labeling.topreward_qwen_scorer INFO: Prefix 1/8 (end=20, n_frames=4/21): reward=-21.7500 (mean, 1 tok)
2026-04-30 14:20:06,685 mme_vla_suite.pseudo_labeling.topreward_qwen_scorer INFO: Prefix 2/8 (end=46, n_frames=9/47): reward=-16.8750 (mean, 1 tok)
2026-04-30 14:20:13,617 mme_vla_suite.pseudo_labeling.topreward_qwen_scorer INFO: Prefix 3/8 (end=73, n_frames=15/74): reward=-16.1250 (mean, 1 tok)
2026-04-30 14:20:20,582 mme_vla_suite.pseudo_labeling.topreward_qwen_scorer INFO: Prefix 4/8 (end=100, n_frames=20/101): reward=-16.6250 (mean, 1 tok)
2026-04-30 14:20:27,623 mme_vla_suite.pseudo_labeling.topreward_qwen_scorer INFO: Prefix 5/8 (end=126, n_frames=25/127): reward=-16.5000 (mean, 1 tok)
2026-04-30 14:20:34,702 mme_vla_suite.pseudo_labeling.topreward_qwen_scorer INFO: Prefix 6/8 (end=153, n_frames=31/154): reward=-15.5000 (mean, 1 tok)
2026-04-30 14:20:41,819 mme_vla_suite.pseudo_labeling.topreward_qwen_scorer INFO: Prefix 7/8 (end=180, n_frames=36/181): reward=-14.8750 (mean, 1 tok)
2026-04-30 14:20:49,000 mme_vla_suite.pseudo_labeling.topreward_qwen_scorer INFO: Prefix 8/8 (end=207, n_frames=42/208): reward=-14.2500 (mean, 1 tok)
2026-04-30 14:20:57,080 mme_vla_suite.pseudo_labeling.topreward_qwen_scorer INFO: Prefix 1/8 (end=6, n_frames=4/7): reward=-20.5000 (mean, 1 tok)
2026-04-30 14:21:04,066 mme_vla_suite.pseudo_labeling.topreward_qwen_scorer INFO: Prefix 2/8 (end=13, n_frames=4/14): reward=-20.5000 (mean, 1 tok)
2026-04-30 14:21:10,963 mme_vla_suite.pseudo_labeling.topreward_qwen_scorer INFO: Prefix 3/8 (end=21, n_frames=4/22): reward=-20.0000 (mean, 1 tok)
2026-04-30 14:21:17,850 mme_vla_suite.pseudo_labeling.topreward_qwen_scorer INFO: Prefix 4/8 (end=29, n_frames=6/30): reward=-19.0000 (mean, 1 tok)
2026-04-30 14:21:24,707 mme_vla_suite.pseudo_labeling.topreward_qwen_scorer INFO: Prefix 5/8 (end=36, n_frames=7/37): reward=-19.2500 (mean, 1 tok)
2026-04-30 14:21:31,613 mme_vla_suite.pseudo_labeling.topreward_qwen_scorer INFO: Prefix 6/8 (end=44, n_frames=9/45): reward=-18.7500 (mean, 1 tok)
2026-04-30 14:21:38,544 mme_vla_suite.pseudo_labeling.topreward_qwen_scorer INFO: Prefix 7/8 (end=52, n_frames=11/53): reward=-20.3750 (mean, 1 tok)
2026-04-30 14:21:45,610 mme_vla_suite.pseudo_labeling.topreward_qwen_scorer INFO: Prefix 8/8 (end=60, n_frames=12/61): reward=-19.3750 (mean, 1 tok)
2026-04-30 14:21:53,455 mme_vla_suite.pseudo_labeling.topreward_qwen_scorer INFO: Prefix 1/8 (end=7, n_frames=4/8): reward=-20.1250 (mean, 1 tok)
2026-04-30 14:22:00,315 mme_vla_suite.pseudo_labeling.topreward_qwen_scorer INFO: Prefix 2/8 (end=16, n_frames=4/17): reward=-19.8750 (mean, 1 tok)
2026-04-30 14:22:07,182 mme_vla_suite.pseudo_labeling.topreward_qwen_scorer INFO: Prefix 3/8 (end=26, n_frames=5/27): reward=-19.1250 (mean, 1 tok)
2026-04-30 14:22:14,075 mme_vla_suite.pseudo_labeling.topreward_qwen_scorer INFO: Prefix 4/8 (end=36, n_frames=7/37): reward=-19.2500 (mean, 1 tok)
2026-04-30 14:22:20,985 mme_vla_suite.pseudo_labeling.topreward_qwen_scorer INFO: Prefix 5/8 (end=45, n_frames=9/46): reward=-19.2500 (mean, 1 tok)
2026-04-30 14:22:27,878 mme_vla_suite.pseudo_labeling.topreward_qwen_scorer INFO: Prefix 6/8 (end=55, n_frames=11/56): reward=-19.1250 (mean, 1 tok)
2026-04-30 14:22:34,793 mme_vla_suite.pseudo_labeling.topreward_qwen_scorer INFO: Prefix 7/8 (end=65, n_frames=13/66): reward=-20.5000 (mean, 1 tok)
2026-04-30 14:22:41,726 mme_vla_suite.pseudo_labeling.topreward_qwen_scorer INFO: Prefix 8/8 (end=75, n_frames=15/76): reward=-18.8750 (mean, 1 tok)
2026-04-30 14:22:49,685 mme_vla_suite.pseudo_labeling.topreward_qwen_scorer INFO: Prefix 1/8 (end=11, n_frames=4/12): reward=-18.3750 (mean, 1 tok)
2026-04-30 14:22:56,569 mme_vla_suite.pseudo_labeling.topreward_qwen_scorer INFO: Prefix 2/8 (end=25, n_frames=5/26): reward=-18.2500 (mean, 1 tok)
2026-04-30 14:23:03,480 mme_vla_suite.pseudo_labeling.topreward_qwen_scorer INFO: Prefix 3/8 (end=39, n_frames=8/40): reward=-17.8750 (mean, 1 tok)
2026-04-30 14:23:10,373 mme_vla_suite.pseudo_labeling.topreward_qwen_scorer INFO: Prefix 4/8 (end=54, n_frames=11/55): reward=-16.0000 (mean, 1 tok)
2026-04-30 14:23:17,383 mme_vla_suite.pseudo_labeling.topreward_qwen_scorer INFO: Prefix 5/8 (end=68, n_frames=14/69): reward=-16.0000 (mean, 1 tok)
2026-04-30 14:23:24,335 mme_vla_suite.pseudo_labeling.topreward_qwen_scorer INFO: Prefix 6/8 (end=83, n_frames=17/84): reward=-15.6250 (mean, 1 tok)
2026-04-30 14:23:31,303 mme_vla_suite.pseudo_labeling.topreward_qwen_scorer INFO: Prefix 7/8 (end=97, n_frames=20/98): reward=-14.7500 (mean, 1 tok)
2026-04-30 14:23:38,428 mme_vla_suite.pseudo_labeling.topreward_qwen_scorer INFO: Prefix 8/8 (end=112, n_frames=23/113): reward=-15.6250 (mean, 1 tok)
2026-04-30 14:23:46,245 mme_vla_suite.pseudo_labeling.topreward_qwen_scorer INFO: Prefix 1/8 (end=6, n_frames=4/7): reward=-19.7500 (mean, 1 tok)
2026-04-30 14:23:53,113 mme_vla_suite.pseudo_labeling.topreward_qwen_scorer INFO: Prefix 2/8 (end=14, n_frames=4/15): reward=-19.7500 (mean, 1 tok)
2026-04-30 14:23:59,992 mme_vla_suite.pseudo_labeling.topreward_qwen_scorer INFO: Prefix 3/8 (end=22, n_frames=5/23): reward=-19.0000 (mean, 1 tok)
2026-04-30 14:24:06,880 mme_vla_suite.pseudo_labeling.topreward_qwen_scorer INFO: Prefix 4/8 (end=30, n_frames=6/31): reward=-18.5000 (mean, 1 tok)
2026-04-30 14:24:13,761 mme_vla_suite.pseudo_labeling.topreward_qwen_scorer INFO: Prefix 5/8 (end=38, n_frames=8/39): reward=-18.8750 (mean, 1 tok)
2026-04-30 14:24:20,660 mme_vla_suite.pseudo_labeling.topreward_qwen_scorer INFO: Prefix 6/8 (end=46, n_frames=9/47): reward=-17.1250 (mean, 1 tok)
2026-04-30 14:24:27,579 mme_vla_suite.pseudo_labeling.topreward_qwen_scorer INFO: Prefix 7/8 (end=54, n_frames=11/55): reward=-17.1250 (mean, 1 tok)
2026-04-30 14:24:34,501 mme_vla_suite.pseudo_labeling.topreward_qwen_scorer INFO: Prefix 8/8 (end=63, n_frames=13/64): reward=-17.3750 (mean, 1 tok)
2026-04-30 14:24:42,500 mme_vla_suite.pseudo_labeling.topreward_qwen_scorer INFO: Prefix 1/8 (end=8, n_frames=4/9): reward=-19.5000 (mean, 1 tok)
2026-04-30 14:24:49,364 mme_vla_suite.pseudo_labeling.topreward_qwen_scorer INFO: Prefix 2/8 (end=18, n_frames=4/19): reward=-18.7500 (mean, 1 tok)
2026-04-30 14:24:56,246 mme_vla_suite.pseudo_labeling.topreward_qwen_scorer INFO: Prefix 3/8 (end=28, n_frames=6/29): reward=-18.6250 (mean, 1 tok)
2026-04-30 14:25:03,293 mme_vla_suite.pseudo_labeling.topreward_qwen_scorer INFO: Prefix 4/8 (end=38, n_frames=8/39): reward=-18.8750 (mean, 1 tok)
2026-04-30 14:25:10,196 mme_vla_suite.pseudo_labeling.topreward_qwen_scorer INFO: Prefix 5/8 (end=48, n_frames=10/49): reward=-19.0000 (mean, 1 tok)
2026-04-30 14:25:17,112 mme_vla_suite.pseudo_labeling.topreward_qwen_scorer INFO: Prefix 6/8 (end=58, n_frames=12/59): reward=-17.2500 (mean, 1 tok)
2026-04-30 14:25:24,184 mme_vla_suite.pseudo_labeling.topreward_qwen_scorer INFO: Prefix 7/8 (end=68, n_frames=14/69): reward=-18.5000 (mean, 1 tok)
2026-04-30 14:25:31,207 mme_vla_suite.pseudo_labeling.topreward_qwen_scorer INFO: Prefix 8/8 (end=79, n_frames=16/80): reward=-18.6250 (mean, 1 tok)
2026-04-30 14:25:39,371 mme_vla_suite.pseudo_labeling.topreward_qwen_scorer INFO: Prefix 1/8 (end=11, n_frames=4/12): reward=-18.6250 (mean, 1 tok)
2026-04-30 14:25:46,246 mme_vla_suite.pseudo_labeling.topreward_qwen_scorer INFO: Prefix 2/8 (end=25, n_frames=5/26): reward=-18.5000 (mean, 1 tok)
2026-04-30 14:25:53,108 mme_vla_suite.pseudo_labeling.topreward_qwen_scorer INFO: Prefix 3/8 (end=40, n_frames=8/41): reward=-17.6250 (mean, 1 tok)
2026-04-30 14:25:59,997 mme_vla_suite.pseudo_labeling.topreward_qwen_scorer INFO: Prefix 4/8 (end=54, n_frames=11/55): reward=-16.5000 (mean, 1 tok)
2026-04-30 14:26:06,906 mme_vla_suite.pseudo_labeling.topreward_qwen_scorer INFO: Prefix 5/8 (end=69, n_frames=14/70): reward=-17.5000 (mean, 1 tok)
2026-04-30 14:26:13,813 mme_vla_suite.pseudo_labeling.topreward_qwen_scorer INFO: Prefix 6/8 (end=83, n_frames=17/84): reward=-17.0000 (mean, 1 tok)
2026-04-30 14:26:20,733 mme_vla_suite.pseudo_labeling.topreward_qwen_scorer INFO: Prefix 7/8 (end=98, n_frames=20/99): reward=-16.0000 (mean, 1 tok)
2026-04-30 14:26:27,736 mme_vla_suite.pseudo_labeling.topreward_qwen_scorer INFO: Prefix 8/8 (end=113, n_frames=23/114): reward=-15.7500 (mean, 1 tok)
2026-04-30 14:26:35,561 mme_vla_suite.pseudo_labeling.topreward_qwen_scorer INFO: Prefix 1/8 (end=8, n_frames=4/9): reward=-19.5000 (mean, 1 tok)
2026-04-30 14:26:42,437 mme_vla_suite.pseudo_labeling.topreward_qwen_scorer INFO: Prefix 2/8 (end=18, n_frames=4/19): reward=-19.2500 (mean, 1 tok)
2026-04-30 14:26:49,326 mme_vla_suite.pseudo_labeling.topreward_qwen_scorer INFO: Prefix 3/8 (end=28, n_frames=6/29): reward=-21.7500 (mean, 1 tok)
2026-04-30 14:26:56,211 mme_vla_suite.pseudo_labeling.topreward_qwen_scorer INFO: Prefix 4/8 (end=38, n_frames=8/39): reward=-20.1250 (mean, 1 tok)
2026-04-30 14:27:03,092 mme_vla_suite.pseudo_labeling.topreward_qwen_scorer INFO: Prefix 5/8 (end=48, n_frames=10/49): reward=-19.3750 (mean, 1 tok)
2026-04-30 14:27:09,998 mme_vla_suite.pseudo_labeling.topreward_qwen_scorer INFO: Prefix 6/8 (end=58, n_frames=12/59): reward=-20.1250 (mean, 1 tok)
2026-04-30 14:27:16,909 mme_vla_suite.pseudo_labeling.topreward_qwen_scorer INFO: Prefix 7/8 (end=68, n_frames=14/69): reward=-19.8750 (mean, 1 tok)
2026-04-30 14:27:23,845 mme_vla_suite.pseudo_labeling.topreward_qwen_scorer INFO: Prefix 8/8 (end=79, n_frames=16/80): reward=-19.3750 (mean, 1 tok)
2026-04-30 14:27:31,772 mme_vla_suite.pseudo_labeling.topreward_qwen_scorer INFO: Prefix 1/8 (end=9, n_frames=4/10): reward=-19.6250 (mean, 1 tok)
2026-04-30 14:27:38,653 mme_vla_suite.pseudo_labeling.topreward_qwen_scorer INFO: Prefix 2/8 (end=21, n_frames=4/22): reward=-19.6250 (mean, 1 tok)
2026-04-30 14:27:45,516 mme_vla_suite.pseudo_labeling.topreward_qwen_scorer INFO: Prefix 3/8 (end=33, n_frames=7/34): reward=-22.0000 (mean, 1 tok)
2026-04-30 14:27:52,419 mme_vla_suite.pseudo_labeling.topreward_qwen_scorer INFO: Prefix 4/8 (end=45, n_frames=9/46): reward=-20.0000 (mean, 1 tok)
2026-04-30 14:27:59,329 mme_vla_suite.pseudo_labeling.topreward_qwen_scorer INFO: Prefix 5/8 (end=57, n_frames=12/58): reward=-21.1250 (mean, 1 tok)
2026-04-30 14:28:06,241 mme_vla_suite.pseudo_labeling.topreward_qwen_scorer INFO: Prefix 6/8 (end=69, n_frames=14/70): reward=-19.5000 (mean, 1 tok)
2026-04-30 14:28:13,162 mme_vla_suite.pseudo_labeling.topreward_qwen_scorer INFO: Prefix 7/8 (end=81, n_frames=16/82): reward=-18.3750 (mean, 1 tok)
2026-04-30 14:28:20,082 mme_vla_suite.pseudo_labeling.topreward_qwen_scorer INFO: Prefix 8/8 (end=93, n_frames=19/94): reward=-19.7500 (mean, 1 tok)
2026-04-30 14:28:28,525 mme_vla_suite.pseudo_labeling.topreward_qwen_scorer INFO: Prefix 1/8 (end=12, n_frames=4/13): reward=-18.7500 (mean, 1 tok)
2026-04-30 14:28:35,401 mme_vla_suite.pseudo_labeling.topreward_qwen_scorer INFO: Prefix 2/8 (end=27, n_frames=6/28): reward=-18.8750 (mean, 1 tok)
2026-04-30 14:28:42,331 mme_vla_suite.pseudo_labeling.topreward_qwen_scorer INFO: Prefix 3/8 (end=42, n_frames=9/43): reward=-16.7500 (mean, 1 tok)
2026-04-30 14:28:49,259 mme_vla_suite.pseudo_labeling.topreward_qwen_scorer INFO: Prefix 4/8 (end=57, n_frames=12/58): reward=-15.8750 (mean, 1 tok)
2026-04-30 14:28:56,209 mme_vla_suite.pseudo_labeling.topreward_qwen_scorer INFO: Prefix 5/8 (end=73, n_frames=15/74): reward=-16.0000 (mean, 1 tok)
2026-04-30 14:29:03,141 mme_vla_suite.pseudo_labeling.topreward_qwen_scorer INFO: Prefix 6/8 (end=88, n_frames=18/89): reward=-15.3750 (mean, 1 tok)
2026-04-30 14:29:10,092 mme_vla_suite.pseudo_labeling.topreward_qwen_scorer INFO: Prefix 7/8 (end=103, n_frames=21/104): reward=-16.2500 (mean, 1 tok)
2026-04-30 14:29:17,062 mme_vla_suite.pseudo_labeling.topreward_qwen_scorer INFO: Prefix 8/8 (end=119, n_frames=24/120): reward=-15.2500 (mean, 1 tok)
2026-04-30 14:29:25,072 mme_vla_suite.pseudo_labeling.topreward_qwen_scorer INFO: Prefix 1/8 (end=6, n_frames=4/7): reward=-19.6250 (mean, 1 tok)
2026-04-30 14:29:31,944 mme_vla_suite.pseudo_labeling.topreward_qwen_scorer INFO: Prefix 2/8 (end=14, n_frames=4/15): reward=-18.8750 (mean, 1 tok)
2026-04-30 14:29:38,815 mme_vla_suite.pseudo_labeling.topreward_qwen_scorer INFO: Prefix 3/8 (end=23, n_frames=5/24): reward=-18.7500 (mean, 1 tok)
2026-04-30 14:29:45,714 mme_vla_suite.pseudo_labeling.topreward_qwen_scorer INFO: Prefix 4/8 (end=32, n_frames=7/33): reward=-19.0000 (mean, 1 tok)
2026-04-30 14:29:52,590 mme_vla_suite.pseudo_labeling.topreward_qwen_scorer INFO: Prefix 5/8 (end=41, n_frames=8/42): reward=-19.2500 (mean, 1 tok)
2026-04-30 14:29:59,493 mme_vla_suite.pseudo_labeling.topreward_qwen_scorer INFO: Prefix 6/8 (end=50, n_frames=10/51): reward=-18.1250 (mean, 1 tok)
2026-04-30 14:30:06,423 mme_vla_suite.pseudo_labeling.topreward_qwen_scorer INFO: Prefix 7/8 (end=59, n_frames=12/60): reward=-18.6250 (mean, 1 tok)
2026-04-30 14:30:13,344 mme_vla_suite.pseudo_labeling.topreward_qwen_scorer INFO: Prefix 8/8 (end=68, n_frames=14/69): reward=-18.8750 (mean, 1 tok)
2026-04-30 14:30:21,200 mme_vla_suite.pseudo_labeling.topreward_qwen_scorer INFO: Prefix 1/8 (end=8, n_frames=4/9): reward=-19.5000 (mean, 1 tok)
2026-04-30 14:30:28,070 mme_vla_suite.pseudo_labeling.topreward_qwen_scorer INFO: Prefix 2/8 (end=19, n_frames=4/20): reward=-18.5000 (mean, 1 tok)
2026-04-30 14:30:34,968 mme_vla_suite.pseudo_labeling.topreward_qwen_scorer INFO: Prefix 3/8 (end=30, n_frames=6/31): reward=-18.8750 (mean, 1 tok)
2026-04-30 14:30:41,850 mme_vla_suite.pseudo_labeling.topreward_qwen_scorer INFO: Prefix 4/8 (end=41, n_frames=8/42): reward=-19.2500 (mean, 1 tok)
2026-04-30 14:30:48,737 mme_vla_suite.pseudo_labeling.topreward_qwen_scorer INFO: Prefix 5/8 (end=53, n_frames=11/54): reward=-18.6250 (mean, 1 tok)
2026-04-30 14:30:55,636 mme_vla_suite.pseudo_labeling.topreward_qwen_scorer INFO: Prefix 6/8 (end=64, n_frames=13/65): reward=-19.0000 (mean, 1 tok)
2026-04-30 14:31:02,531 mme_vla_suite.pseudo_labeling.topreward_qwen_scorer INFO: Prefix 7/8 (end=75, n_frames=15/76): reward=-19.0000 (mean, 1 tok)
2026-04-30 14:31:09,418 mme_vla_suite.pseudo_labeling.topreward_qwen_scorer INFO: Prefix 8/8 (end=87, n_frames=18/88): reward=-18.2500 (mean, 1 tok)
2026-04-30 14:31:17,455 mme_vla_suite.pseudo_labeling.topreward_qwen_scorer INFO: Prefix 1/8 (end=11, n_frames=4/12): reward=-19.2500 (mean, 1 tok)
2026-04-30 14:31:24,310 mme_vla_suite.pseudo_labeling.topreward_qwen_scorer INFO: Prefix 2/8 (end=25, n_frames=5/26): reward=-19.5000 (mean, 1 tok)
2026-04-30 14:31:31,137 mme_vla_suite.pseudo_labeling.topreward_qwen_scorer INFO: Prefix 3/8 (end=39, n_frames=8/40): reward=-16.0000 (mean, 1 tok)
2026-04-30 14:31:38,000 mme_vla_suite.pseudo_labeling.topreward_qwen_scorer INFO: Prefix 4/8 (end=54, n_frames=11/55): reward=-16.1250 (mean, 1 tok)
2026-04-30 14:31:44,914 mme_vla_suite.pseudo_labeling.topreward_qwen_scorer INFO: Prefix 5/8 (end=68, n_frames=14/69): reward=-16.6250 (mean, 1 tok)
2026-04-30 14:31:51,852 mme_vla_suite.pseudo_labeling.topreward_qwen_scorer INFO: Prefix 6/8 (end=83, n_frames=17/84): reward=-16.1250 (mean, 1 tok)
2026-04-30 14:31:58,773 mme_vla_suite.pseudo_labeling.topreward_qwen_scorer INFO: Prefix 7/8 (end=97, n_frames=20/98): reward=-16.1250 (mean, 1 tok)
2026-04-30 14:32:05,752 mme_vla_suite.pseudo_labeling.topreward_qwen_scorer INFO: Prefix 8/8 (end=112, n_frames=23/113): reward=-14.5000 (mean, 1 tok)
2026-04-30 14:32:13,536 mme_vla_suite.pseudo_labeling.topreward_qwen_scorer INFO: Prefix 1/8 (end=7, n_frames=4/8): reward=-19.8750 (mean, 1 tok)
2026-04-30 14:32:20,417 mme_vla_suite.pseudo_labeling.topreward_qwen_scorer INFO: Prefix 2/8 (end=16, n_frames=4/17): reward=-20.0000 (mean, 1 tok)
2026-04-30 14:32:27,297 mme_vla_suite.pseudo_labeling.topreward_qwen_scorer INFO: Prefix 3/8 (end=26, n_frames=5/27): reward=-19.3750 (mean, 1 tok)
2026-04-30 14:32:34,173 mme_vla_suite.pseudo_labeling.topreward_qwen_scorer INFO: Prefix 4/8 (end=36, n_frames=7/37): reward=-19.1250 (mean, 1 tok)
2026-04-30 14:32:41,083 mme_vla_suite.pseudo_labeling.topreward_qwen_scorer INFO: Prefix 5/8 (end=45, n_frames=9/46): reward=-19.5000 (mean, 1 tok)
2026-04-30 14:32:47,981 mme_vla_suite.pseudo_labeling.topreward_qwen_scorer INFO: Prefix 6/8 (end=55, n_frames=11/56): reward=-18.8750 (mean, 1 tok)
2026-04-30 14:32:54,880 mme_vla_suite.pseudo_labeling.topreward_qwen_scorer INFO: Prefix 7/8 (end=65, n_frames=13/66): reward=-19.7500 (mean, 1 tok)
2026-04-30 14:33:01,797 mme_vla_suite.pseudo_labeling.topreward_qwen_scorer INFO: Prefix 8/8 (end=75, n_frames=15/76): reward=-19.6250 (mean, 1 tok)
2026-04-30 14:33:09,795 mme_vla_suite.pseudo_labeling.topreward_qwen_scorer INFO: Prefix 1/8 (end=9, n_frames=4/10): reward=-19.1250 (mean, 1 tok)
2026-04-30 14:33:16,659 mme_vla_suite.pseudo_labeling.topreward_qwen_scorer INFO: Prefix 2/8 (end=20, n_frames=4/21): reward=-19.2500 (mean, 1 tok)
2026-04-30 14:33:23,522 mme_vla_suite.pseudo_labeling.topreward_qwen_scorer INFO: Prefix 3/8 (end=31, n_frames=6/32): reward=-19.3750 (mean, 1 tok)
2026-04-30 14:33:30,438 mme_vla_suite.pseudo_labeling.topreward_qwen_scorer INFO: Prefix 4/8 (end=43, n_frames=9/44): reward=-19.8750 (mean, 1 tok)
2026-04-30 14:33:37,331 mme_vla_suite.pseudo_labeling.topreward_qwen_scorer INFO: Prefix 5/8 (end=54, n_frames=11/55): reward=-18.2500 (mean, 1 tok)
2026-04-30 14:33:44,242 mme_vla_suite.pseudo_labeling.topreward_qwen_scorer INFO: Prefix 6/8 (end=66, n_frames=13/67): reward=-20.1250 (mean, 1 tok)
2026-04-30 14:33:51,148 mme_vla_suite.pseudo_labeling.topreward_qwen_scorer INFO: Prefix 7/8 (end=77, n_frames=16/78): reward=-20.1250 (mean, 1 tok)
2026-04-30 14:33:58,084 mme_vla_suite.pseudo_labeling.topreward_qwen_scorer INFO: Prefix 8/8 (end=89, n_frames=18/90): reward=-19.3750 (mean, 1 tok)
2026-04-30 14:34:06,245 mme_vla_suite.pseudo_labeling.topreward_qwen_scorer INFO: Prefix 1/8 (end=11, n_frames=4/12): reward=-18.7500 (mean, 1 tok)
2026-04-30 14:34:13,126 mme_vla_suite.pseudo_labeling.topreward_qwen_scorer INFO: Prefix 2/8 (end=25, n_frames=5/26): reward=-18.1250 (mean, 1 tok)
2026-04-30 14:34:20,007 mme_vla_suite.pseudo_labeling.topreward_qwen_scorer INFO: Prefix 3/8 (end=39, n_frames=8/40): reward=-16.7500 (mean, 1 tok)
2026-04-30 14:34:26,904 mme_vla_suite.pseudo_labeling.topreward_qwen_scorer INFO: Prefix 4/8 (end=54, n_frames=11/55): reward=-15.7500 (mean, 1 tok)
2026-04-30 14:34:33,795 mme_vla_suite.pseudo_labeling.topreward_qwen_scorer INFO: Prefix 5/8 (end=68, n_frames=14/69): reward=-16.0000 (mean, 1 tok)
2026-04-30 14:34:40,728 mme_vla_suite.pseudo_labeling.topreward_qwen_scorer INFO: Prefix 6/8 (end=83, n_frames=17/84): reward=-16.0000 (mean, 1 tok)
2026-04-30 14:34:47,682 mme_vla_suite.pseudo_labeling.topreward_qwen_scorer INFO: Prefix 7/8 (end=97, n_frames=20/98): reward=-16.7500 (mean, 1 tok)
2026-04-30 14:34:54,665 mme_vla_suite.pseudo_labeling.topreward_qwen_scorer INFO: Prefix 8/8 (end=112, n_frames=23/113): reward=-14.8750 (mean, 1 tok)
2026-04-30 14:35:02,746 mme_vla_suite.pseudo_labeling.topreward_qwen_scorer INFO: Prefix 1/8 (end=6, n_frames=4/7): reward=-20.8750 (mean, 1 tok)
2026-04-30 14:35:09,600 mme_vla_suite.pseudo_labeling.topreward_qwen_scorer INFO: Prefix 2/8 (end=14, n_frames=4/15): reward=-20.6250 (mean, 1 tok)
2026-04-30 14:35:16,487 mme_vla_suite.pseudo_labeling.topreward_qwen_scorer INFO: Prefix 3/8 (end=23, n_frames=5/24): reward=-18.6250 (mean, 1 tok)
2026-04-30 14:35:23,378 mme_vla_suite.pseudo_labeling.topreward_qwen_scorer INFO: Prefix 4/8 (end=31, n_frames=6/32): reward=-19.5000 (mean, 1 tok)
2026-04-30 14:35:30,255 mme_vla_suite.pseudo_labeling.topreward_qwen_scorer INFO: Prefix 5/8 (end=40, n_frames=8/41): reward=-20.5000 (mean, 1 tok)
2026-04-30 14:35:37,141 mme_vla_suite.pseudo_labeling.topreward_qwen_scorer INFO: Prefix 6/8 (end=48, n_frames=10/49): reward=-18.2500 (mean, 1 tok)
2026-04-30 14:35:44,030 mme_vla_suite.pseudo_labeling.topreward_qwen_scorer INFO: Prefix 7/8 (end=57, n_frames=12/58): reward=-18.8750 (mean, 1 tok)
2026-04-30 14:35:50,946 mme_vla_suite.pseudo_labeling.topreward_qwen_scorer INFO: Prefix 8/8 (end=66, n_frames=13/67): reward=-19.0000 (mean, 1 tok)
2026-04-30 14:35:59,023 mme_vla_suite.pseudo_labeling.topreward_qwen_scorer INFO: Prefix 1/8 (end=8, n_frames=4/9): reward=-20.6250 (mean, 1 tok)
2026-04-30 14:36:05,876 mme_vla_suite.pseudo_labeling.topreward_qwen_scorer INFO: Prefix 2/8 (end=18, n_frames=4/19): reward=-19.8750 (mean, 1 tok)
2026-04-30 14:36:12,750 mme_vla_suite.pseudo_labeling.topreward_qwen_scorer INFO: Prefix 3/8 (end=28, n_frames=6/29): reward=-19.6250 (mean, 1 tok)
2026-04-30 14:36:19,641 mme_vla_suite.pseudo_labeling.topreward_qwen_scorer INFO: Prefix 4/8 (end=38, n_frames=8/39): reward=-19.0000 (mean, 1 tok)
2026-04-30 14:36:26,534 mme_vla_suite.pseudo_labeling.topreward_qwen_scorer INFO: Prefix 5/8 (end=48, n_frames=10/49): reward=-18.2500 (mean, 1 tok)
2026-04-30 14:36:33,422 mme_vla_suite.pseudo_labeling.topreward_qwen_scorer INFO: Prefix 6/8 (end=58, n_frames=12/59): reward=-19.0000 (mean, 1 tok)
2026-04-30 14:36:40,351 mme_vla_suite.pseudo_labeling.topreward_qwen_scorer INFO: Prefix 7/8 (end=68, n_frames=14/69): reward=-20.0000 (mean, 1 tok)
2026-04-30 14:36:47,263 mme_vla_suite.pseudo_labeling.topreward_qwen_scorer INFO: Prefix 8/8 (end=79, n_frames=16/80): reward=-19.0000 (mean, 1 tok)
2026-04-30 14:36:55,175 mme_vla_suite.pseudo_labeling.topreward_qwen_scorer INFO: Prefix 1/8 (end=11, n_frames=4/12): reward=-19.1250 (mean, 1 tok)
2026-04-30 14:37:02,036 mme_vla_suite.pseudo_labeling.topreward_qwen_scorer INFO: Prefix 2/8 (end=25, n_frames=5/26): reward=-19.3750 (mean, 1 tok)
2026-04-30 14:37:08,911 mme_vla_suite.pseudo_labeling.topreward_qwen_scorer INFO: Prefix 3/8 (end=39, n_frames=8/40): reward=-17.7500 (mean, 1 tok)
2026-04-30 14:37:15,819 mme_vla_suite.pseudo_labeling.topreward_qwen_scorer INFO: Prefix 4/8 (end=54, n_frames=11/55): reward=-16.8750 (mean, 1 tok)
2026-04-30 14:37:22,718 mme_vla_suite.pseudo_labeling.topreward_qwen_scorer INFO: Prefix 5/8 (end=68, n_frames=14/69): reward=-17.5000 (mean, 1 tok)
2026-04-30 14:37:29,646 mme_vla_suite.pseudo_labeling.topreward_qwen_scorer INFO: Prefix 6/8 (end=83, n_frames=17/84): reward=-17.5000 (mean, 1 tok)
2026-04-30 14:37:36,563 mme_vla_suite.pseudo_labeling.topreward_qwen_scorer INFO: Prefix 7/8 (end=97, n_frames=20/98): reward=-16.5000 (mean, 1 tok)
2026-04-30 14:37:43,525 mme_vla_suite.pseudo_labeling.topreward_qwen_scorer INFO: Prefix 8/8 (end=112, n_frames=23/113): reward=-15.6250 (mean, 1 tok)
2026-04-30 14:37:51,417 mme_vla_suite.pseudo_labeling.topreward_qwen_scorer INFO: Prefix 1/8 (end=8, n_frames=4/9): reward=-19.1250 (mean, 1 tok)
2026-04-30 14:37:58,280 mme_vla_suite.pseudo_labeling.topreward_qwen_scorer INFO: Prefix 2/8 (end=18, n_frames=4/19): reward=-19.2500 (mean, 1 tok)
2026-04-30 14:38:05,154 mme_vla_suite.pseudo_labeling.topreward_qwen_scorer INFO: Prefix 3/8 (end=29, n_frames=6/30): reward=-19.3750 (mean, 1 tok)
2026-04-30 14:38:12,038 mme_vla_suite.pseudo_labeling.topreward_qwen_scorer INFO: Prefix 4/8 (end=40, n_frames=8/41): reward=-20.1250 (mean, 1 tok)
2026-04-30 14:38:18,941 mme_vla_suite.pseudo_labeling.topreward_qwen_scorer INFO: Prefix 5/8 (end=51, n_frames=10/52): reward=-19.0000 (mean, 1 tok)
2026-04-30 14:38:25,842 mme_vla_suite.pseudo_labeling.topreward_qwen_scorer INFO: Prefix 6/8 (end=62, n_frames=13/63): reward=-19.1250 (mean, 1 tok)
2026-04-30 14:38:32,750 mme_vla_suite.pseudo_labeling.topreward_qwen_scorer INFO: Prefix 7/8 (end=73, n_frames=15/74): reward=-19.1250 (mean, 1 tok)
2026-04-30 14:38:39,653 mme_vla_suite.pseudo_labeling.topreward_qwen_scorer INFO: Prefix 8/8 (end=84, n_frames=17/85): reward=-19.1250 (mean, 1 tok)
2026-04-30 14:38:47,682 mme_vla_suite.pseudo_labeling.topreward_qwen_scorer INFO: Prefix 1/8 (end=9, n_frames=4/10): reward=-19.3750 (mean, 1 tok)
2026-04-30 14:38:54,541 mme_vla_suite.pseudo_labeling.topreward_qwen_scorer INFO: Prefix 2/8 (end=21, n_frames=4/22): reward=-18.8750 (mean, 1 tok)
2026-04-30 14:39:01,422 mme_vla_suite.pseudo_labeling.topreward_qwen_scorer INFO: Prefix 3/8 (end=34, n_frames=7/35): reward=-20.5000 (mean, 1 tok)
2026-04-30 14:39:08,325 mme_vla_suite.pseudo_labeling.topreward_qwen_scorer INFO: Prefix 4/8 (end=47, n_frames=10/48): reward=-18.8750 (mean, 1 tok)
2026-04-30 14:39:15,233 mme_vla_suite.pseudo_labeling.topreward_qwen_scorer INFO: Prefix 5/8 (end=59, n_frames=12/60): reward=-20.0000 (mean, 1 tok)
2026-04-30 14:39:22,161 mme_vla_suite.pseudo_labeling.topreward_qwen_scorer INFO: Prefix 6/8 (end=72, n_frames=15/73): reward=-18.3750 (mean, 1 tok)
2026-04-30 14:39:29,089 mme_vla_suite.pseudo_labeling.topreward_qwen_scorer INFO: Prefix 7/8 (end=85, n_frames=17/86): reward=-19.2500 (mean, 1 tok)
2026-04-30 14:39:36,036 mme_vla_suite.pseudo_labeling.topreward_qwen_scorer INFO: Prefix 8/8 (end=98, n_frames=20/99): reward=-18.5000 (mean, 1 tok)
2026-04-30 14:39:44,255 mme_vla_suite.pseudo_labeling.topreward_qwen_scorer INFO: Prefix 1/8 (end=11, n_frames=4/12): reward=-18.8750 (mean, 1 tok)
2026-04-30 14:39:51,140 mme_vla_suite.pseudo_labeling.topreward_qwen_scorer INFO: Prefix 2/8 (end=25, n_frames=5/26): reward=-18.7500 (mean, 1 tok)
2026-04-30 14:39:58,040 mme_vla_suite.pseudo_labeling.topreward_qwen_scorer INFO: Prefix 3/8 (end=40, n_frames=8/41): reward=-16.5000 (mean, 1 tok)
2026-04-30 14:40:04,928 mme_vla_suite.pseudo_labeling.topreward_qwen_scorer INFO: Prefix 4/8 (end=54, n_frames=11/55): reward=-15.5000 (mean, 1 tok)
2026-04-30 14:40:11,827 mme_vla_suite.pseudo_labeling.topreward_qwen_scorer INFO: Prefix 5/8 (end=69, n_frames=14/70): reward=-15.3750 (mean, 1 tok)
2026-04-30 14:40:18,752 mme_vla_suite.pseudo_labeling.topreward_qwen_scorer INFO: Prefix 6/8 (end=83, n_frames=17/84): reward=-14.8750 (mean, 1 tok)
2026-04-30 14:40:25,694 mme_vla_suite.pseudo_labeling.topreward_qwen_scorer INFO: Prefix 7/8 (end=98, n_frames=20/99): reward=-15.6250 (mean, 1 tok)
2026-04-30 14:40:32,684 mme_vla_suite.pseudo_labeling.topreward_qwen_scorer INFO: Prefix 8/8 (end=113, n_frames=23/114): reward=-14.3750 (mean, 1 tok)
2026-04-30 14:40:40,471 mme_vla_suite.pseudo_labeling.topreward_qwen_scorer INFO: Prefix 1/8 (end=6, n_frames=4/7): reward=-19.3750 (mean, 1 tok)
2026-04-30 14:40:47,328 mme_vla_suite.pseudo_labeling.topreward_qwen_scorer INFO: Prefix 2/8 (end=14, n_frames=4/15): reward=-20.3750 (mean, 1 tok)
2026-04-30 14:40:54,197 mme_vla_suite.pseudo_labeling.topreward_qwen_scorer INFO: Prefix 3/8 (end=23, n_frames=5/24): reward=-19.3750 (mean, 1 tok)
2026-04-30 14:41:01,071 mme_vla_suite.pseudo_labeling.topreward_qwen_scorer INFO: Prefix 4/8 (end=31, n_frames=6/32): reward=-19.5000 (mean, 1 tok)
2026-04-30 14:41:07,958 mme_vla_suite.pseudo_labeling.topreward_qwen_scorer INFO: Prefix 5/8 (end=40, n_frames=8/41): reward=-19.5000 (mean, 1 tok)
2026-04-30 14:41:14,849 mme_vla_suite.pseudo_labeling.topreward_qwen_scorer INFO: Prefix 6/8 (end=48, n_frames=10/49): reward=-19.3750 (mean, 1 tok)
2026-04-30 14:41:21,751 mme_vla_suite.pseudo_labeling.topreward_qwen_scorer INFO: Prefix 7/8 (end=57, n_frames=12/58): reward=-18.5000 (mean, 1 tok)
2026-04-30 14:41:28,663 mme_vla_suite.pseudo_labeling.topreward_qwen_scorer INFO: Prefix 8/8 (end=66, n_frames=13/67): reward=-19.5000 (mean, 1 tok)
2026-04-30 14:41:36,662 mme_vla_suite.pseudo_labeling.topreward_qwen_scorer INFO: Prefix 1/8 (end=8, n_frames=4/9): reward=-19.6250 (mean, 1 tok)
2026-04-30 14:41:43,533 mme_vla_suite.pseudo_labeling.topreward_qwen_scorer INFO: Prefix 2/8 (end=18, n_frames=4/19): reward=-20.0000 (mean, 1 tok)
2026-04-30 14:41:50,382 mme_vla_suite.pseudo_labeling.topreward_qwen_scorer INFO: Prefix 3/8 (end=28, n_frames=6/29): reward=-19.3750 (mean, 1 tok)
2026-04-30 14:41:57,214 mme_vla_suite.pseudo_labeling.topreward_qwen_scorer INFO: Prefix 4/8 (end=38, n_frames=8/39): reward=-19.7500 (mean, 1 tok)
2026-04-30 14:42:04,059 mme_vla_suite.pseudo_labeling.topreward_qwen_scorer INFO: Prefix 5/8 (end=48, n_frames=10/49): reward=-19.3750 (mean, 1 tok)
2026-04-30 14:42:10,957 mme_vla_suite.pseudo_labeling.topreward_qwen_scorer INFO: Prefix 6/8 (end=58, n_frames=12/59): reward=-19.2500 (mean, 1 tok)
2026-04-30 14:42:17,799 mme_vla_suite.pseudo_labeling.topreward_qwen_scorer INFO: Prefix 7/8 (end=68, n_frames=14/69): reward=-19.5000 (mean, 1 tok)
2026-04-30 14:42:24,835 mme_vla_suite.pseudo_labeling.topreward_qwen_scorer INFO: Prefix 8/8 (end=79, n_frames=16/80): reward=-18.8750 (mean, 1 tok)
2026-04-30 14:42:33,276 mme_vla_suite.pseudo_labeling.topreward_qwen_scorer INFO: Prefix 1/8 (end=11, n_frames=4/12): reward=-18.7500 (mean, 1 tok)
2026-04-30 14:42:40,090 mme_vla_suite.pseudo_labeling.topreward_qwen_scorer INFO: Prefix 2/8 (end=26, n_frames=5/27): reward=-18.8750 (mean, 1 tok)
2026-04-30 14:42:46,923 mme_vla_suite.pseudo_labeling.topreward_qwen_scorer INFO: Prefix 3/8 (end=41, n_frames=8/42): reward=-16.5000 (mean, 1 tok)
2026-04-30 14:42:53,785 mme_vla_suite.pseudo_labeling.topreward_qwen_scorer INFO: Prefix 4/8 (end=56, n_frames=11/57): reward=-15.8750 (mean, 1 tok)
2026-04-30 14:43:00,643 mme_vla_suite.pseudo_labeling.topreward_qwen_scorer INFO: Prefix 5/8 (end=71, n_frames=14/72): reward=-15.7500 (mean, 1 tok)
2026-04-30 14:43:07,553 mme_vla_suite.pseudo_labeling.topreward_qwen_scorer INFO: Prefix 6/8 (end=86, n_frames=17/87): reward=-15.3750 (mean, 1 tok)
2026-04-30 14:43:14,454 mme_vla_suite.pseudo_labeling.topreward_qwen_scorer INFO: Prefix 7/8 (end=101, n_frames=20/102): reward=-15.6250 (mean, 1 tok)
2026-04-30 14:43:21,401 mme_vla_suite.pseudo_labeling.topreward_qwen_scorer INFO: Prefix 8/8 (end=117, n_frames=24/118): reward=-15.1250 (mean, 1 tok)
2026-04-30 14:43:29,182 mme_vla_suite.pseudo_labeling.topreward_qwen_scorer INFO: Prefix 1/8 (end=8, n_frames=4/9): reward=-20.1250 (mean, 1 tok)
2026-04-30 14:43:36,010 mme_vla_suite.pseudo_labeling.topreward_qwen_scorer INFO: Prefix 2/8 (end=18, n_frames=4/19): reward=-20.2500 (mean, 1 tok)
2026-04-30 14:43:42,864 mme_vla_suite.pseudo_labeling.topreward_qwen_scorer INFO: Prefix 3/8 (end=29, n_frames=6/30): reward=-20.2500 (mean, 1 tok)
2026-04-30 14:43:49,712 mme_vla_suite.pseudo_labeling.topreward_qwen_scorer INFO: Prefix 4/8 (end=40, n_frames=8/41): reward=-19.7500 (mean, 1 tok)
2026-04-30 14:43:56,591 mme_vla_suite.pseudo_labeling.topreward_qwen_scorer INFO: Prefix 5/8 (end=51, n_frames=10/52): reward=-18.5000 (mean, 1 tok)
2026-04-30 14:44:03,446 mme_vla_suite.pseudo_labeling.topreward_qwen_scorer INFO: Prefix 6/8 (end=62, n_frames=13/63): reward=-18.8750 (mean, 1 tok)
2026-04-30 14:44:10,358 mme_vla_suite.pseudo_labeling.topreward_qwen_scorer INFO: Prefix 7/8 (end=73, n_frames=15/74): reward=-18.1250 (mean, 1 tok)
2026-04-30 14:44:17,263 mme_vla_suite.pseudo_labeling.topreward_qwen_scorer INFO: Prefix 8/8 (end=84, n_frames=17/85): reward=-18.2500 (mean, 1 tok)
2026-04-30 14:44:25,245 mme_vla_suite.pseudo_labeling.topreward_qwen_scorer INFO: Prefix 1/8 (end=10, n_frames=4/11): reward=-19.8750 (mean, 1 tok)
2026-04-30 14:44:32,096 mme_vla_suite.pseudo_labeling.topreward_qwen_scorer INFO: Prefix 2/8 (end=22, n_frames=5/23): reward=-20.2500 (mean, 1 tok)
2026-04-30 14:44:38,958 mme_vla_suite.pseudo_labeling.topreward_qwen_scorer INFO: Prefix 3/8 (end=35, n_frames=7/36): reward=-20.3750 (mean, 1 tok)
2026-04-30 14:44:45,836 mme_vla_suite.pseudo_labeling.topreward_qwen_scorer INFO: Prefix 4/8 (end=48, n_frames=10/49): reward=-18.7500 (mean, 1 tok)
2026-04-30 14:44:52,702 mme_vla_suite.pseudo_labeling.topreward_qwen_scorer INFO: Prefix 5/8 (end=60, n_frames=12/61): reward=-18.8750 (mean, 1 tok)
2026-04-30 14:44:59,562 mme_vla_suite.pseudo_labeling.topreward_qwen_scorer INFO: Prefix 6/8 (end=73, n_frames=15/74): reward=-18.1250 (mean, 1 tok)
2026-04-30 14:45:06,434 mme_vla_suite.pseudo_labeling.topreward_qwen_scorer INFO: Prefix 7/8 (end=86, n_frames=17/87): reward=-17.3750 (mean, 1 tok)
2026-04-30 14:45:13,337 mme_vla_suite.pseudo_labeling.topreward_qwen_scorer INFO: Prefix 8/8 (end=99, n_frames=20/100): reward=-18.3750 (mean, 1 tok)
2026-04-30 14:45:21,246 mme_vla_suite.pseudo_labeling.topreward_qwen_scorer INFO: Prefix 1/8 (end=11, n_frames=4/12): reward=-18.8750 (mean, 1 tok)
2026-04-30 14:45:28,055 mme_vla_suite.pseudo_labeling.topreward_qwen_scorer INFO: Prefix 2/8 (end=26, n_frames=5/27): reward=-18.6250 (mean, 1 tok)
2026-04-30 14:45:34,936 mme_vla_suite.pseudo_labeling.topreward_qwen_scorer INFO: Prefix 3/8 (end=41, n_frames=8/42): reward=-17.1250 (mean, 1 tok)
2026-04-30 14:45:41,824 mme_vla_suite.pseudo_labeling.topreward_qwen_scorer INFO: Prefix 4/8 (end=56, n_frames=11/57): reward=-16.2500 (mean, 1 tok)
2026-04-30 14:45:48,736 mme_vla_suite.pseudo_labeling.topreward_qwen_scorer INFO: Prefix 5/8 (end=72, n_frames=15/73): reward=-16.1250 (mean, 1 tok)
2026-04-30 14:45:55,667 mme_vla_suite.pseudo_labeling.topreward_qwen_scorer INFO: Prefix 6/8 (end=87, n_frames=18/88): reward=-16.3750 (mean, 1 tok)
2026-04-30 14:46:02,581 mme_vla_suite.pseudo_labeling.topreward_qwen_scorer INFO: Prefix 7/8 (end=102, n_frames=21/103): reward=-15.7500 (mean, 1 tok)
2026-04-30 14:46:09,552 mme_vla_suite.pseudo_labeling.topreward_qwen_scorer INFO: Prefix 8/8 (end=118, n_frames=24/119): reward=-15.7500 (mean, 1 tok)
2026-04-30 14:46:17,439 mme_vla_suite.pseudo_labeling.topreward_qwen_scorer INFO: Prefix 1/8 (end=6, n_frames=4/7): reward=-19.5000 (mean, 1 tok)
2026-04-30 14:46:24,289 mme_vla_suite.pseudo_labeling.topreward_qwen_scorer INFO: Prefix 2/8 (end=14, n_frames=4/15): reward=-19.3750 (mean, 1 tok)
2026-04-30 14:46:31,161 mme_vla_suite.pseudo_labeling.topreward_qwen_scorer INFO: Prefix 3/8 (end=23, n_frames=5/24): reward=-17.5000 (mean, 1 tok)
2026-04-30 14:46:38,012 mme_vla_suite.pseudo_labeling.topreward_qwen_scorer INFO: Prefix 4/8 (end=31, n_frames=6/32): reward=-17.2500 (mean, 1 tok)
2026-04-30 14:46:44,888 mme_vla_suite.pseudo_labeling.topreward_qwen_scorer INFO: Prefix 5/8 (end=40, n_frames=8/41): reward=-17.3750 (mean, 1 tok)
2026-04-30 14:46:51,753 mme_vla_suite.pseudo_labeling.topreward_qwen_scorer INFO: Prefix 6/8 (end=48, n_frames=10/49): reward=-17.6250 (mean, 1 tok)
2026-04-30 14:46:58,619 mme_vla_suite.pseudo_labeling.topreward_qwen_scorer INFO: Prefix 7/8 (end=57, n_frames=12/58): reward=-18.3750 (mean, 1 tok)
2026-04-30 14:47:05,509 mme_vla_suite.pseudo_labeling.topreward_qwen_scorer INFO: Prefix 8/8 (end=66, n_frames=13/67): reward=-17.6250 (mean, 1 tok)
2026-04-30 14:47:13,320 mme_vla_suite.pseudo_labeling.topreward_qwen_scorer INFO: Prefix 1/8 (end=8, n_frames=4/9): reward=-18.3750 (mean, 1 tok)
2026-04-30 14:47:20,163 mme_vla_suite.pseudo_labeling.topreward_qwen_scorer INFO: Prefix 2/8 (end=18, n_frames=4/19): reward=-18.5000 (mean, 1 tok)
2026-04-30 14:47:27,027 mme_vla_suite.pseudo_labeling.topreward_qwen_scorer INFO: Prefix 3/8 (end=29, n_frames=6/30): reward=-17.3750 (mean, 1 tok)
2026-04-30 14:47:33,997 mme_vla_suite.pseudo_labeling.topreward_qwen_scorer INFO: Prefix 4/8 (end=40, n_frames=8/41): reward=-17.3750 (mean, 1 tok)
2026-04-30 14:47:40,863 mme_vla_suite.pseudo_labeling.topreward_qwen_scorer INFO: Prefix 5/8 (end=51, n_frames=10/52): reward=-18.8750 (mean, 1 tok)
2026-04-30 14:47:47,752 mme_vla_suite.pseudo_labeling.topreward_qwen_scorer INFO: Prefix 6/8 (end=62, n_frames=13/63): reward=-18.2500 (mean, 1 tok)
2026-04-30 14:47:54,653 mme_vla_suite.pseudo_labeling.topreward_qwen_scorer INFO: Prefix 7/8 (end=73, n_frames=15/74): reward=-17.8750 (mean, 1 tok)
2026-04-30 14:48:01,565 mme_vla_suite.pseudo_labeling.topreward_qwen_scorer INFO: Prefix 8/8 (end=84, n_frames=17/85): reward=-17.7500 (mean, 1 tok)
2026-04-30 14:48:09,854 mme_vla_suite.pseudo_labeling.topreward_qwen_scorer INFO: Prefix 1/8 (end=11, n_frames=4/12): reward=-17.8750 (mean, 1 tok)
2026-04-30 14:48:16,706 mme_vla_suite.pseudo_labeling.topreward_qwen_scorer INFO: Prefix 2/8 (end=25, n_frames=5/26): reward=-17.5000 (mean, 1 tok)
2026-04-30 14:48:23,582 mme_vla_suite.pseudo_labeling.topreward_qwen_scorer INFO: Prefix 3/8 (end=39, n_frames=8/40): reward=-16.5000 (mean, 1 tok)
2026-04-30 14:48:30,447 mme_vla_suite.pseudo_labeling.topreward_qwen_scorer INFO: Prefix 4/8 (end=54, n_frames=11/55): reward=-16.1250 (mean, 1 tok)
2026-04-30 14:48:37,320 mme_vla_suite.pseudo_labeling.topreward_qwen_scorer INFO: Prefix 5/8 (end=68, n_frames=14/69): reward=-16.0000 (mean, 1 tok)
2026-04-30 14:48:44,224 mme_vla_suite.pseudo_labeling.topreward_qwen_scorer INFO: Prefix 6/8 (end=83, n_frames=17/84): reward=-15.5000 (mean, 1 tok)
2026-04-30 14:48:51,194 mme_vla_suite.pseudo_labeling.topreward_qwen_scorer INFO: Prefix 7/8 (end=97, n_frames=20/98): reward=-16.0000 (mean, 1 tok)
2026-04-30 14:48:58,163 mme_vla_suite.pseudo_labeling.topreward_qwen_scorer INFO: Prefix 8/8 (end=112, n_frames=23/113): reward=-16.0000 (mean, 1 tok)
2026-04-30 14:49:05,835 mme_vla_suite.pseudo_labeling.topreward_qwen_scorer INFO: Prefix 1/8 (end=6, n_frames=4/7): reward=-21.2500 (mean, 1 tok)
2026-04-30 14:49:12,673 mme_vla_suite.pseudo_labeling.topreward_qwen_scorer INFO: Prefix 2/8 (end=14, n_frames=4/15): reward=-20.2500 (mean, 1 tok)
2026-04-30 14:49:19,509 mme_vla_suite.pseudo_labeling.topreward_qwen_scorer INFO: Prefix 3/8 (end=22, n_frames=5/23): reward=-21.0000 (mean, 1 tok)
2026-04-30 14:49:26,394 mme_vla_suite.pseudo_labeling.topreward_qwen_scorer INFO: Prefix 4/8 (end=30, n_frames=6/31): reward=-20.5000 (mean, 1 tok)
2026-04-30 14:49:33,267 mme_vla_suite.pseudo_labeling.topreward_qwen_scorer INFO: Prefix 5/8 (end=38, n_frames=8/39): reward=-20.3750 (mean, 1 tok)
2026-04-30 14:49:40,149 mme_vla_suite.pseudo_labeling.topreward_qwen_scorer INFO: Prefix 6/8 (end=46, n_frames=9/47): reward=-20.2500 (mean, 1 tok)
2026-04-30 14:49:46,987 mme_vla_suite.pseudo_labeling.topreward_qwen_scorer INFO: Prefix 7/8 (end=54, n_frames=11/55): reward=-20.1250 (mean, 1 tok)
2026-04-30 14:49:53,822 mme_vla_suite.pseudo_labeling.topreward_qwen_scorer INFO: Prefix 8/8 (end=63, n_frames=13/64): reward=-19.5000 (mean, 1 tok)
2026-04-30 14:50:01,751 mme_vla_suite.pseudo_labeling.topreward_qwen_scorer INFO: Prefix 1/8 (end=8, n_frames=4/9): reward=-21.5000 (mean, 1 tok)
2026-04-30 14:50:08,565 mme_vla_suite.pseudo_labeling.topreward_qwen_scorer INFO: Prefix 2/8 (end=18, n_frames=4/19): reward=-20.8750 (mean, 1 tok)
2026-04-30 14:50:15,421 mme_vla_suite.pseudo_labeling.topreward_qwen_scorer INFO: Prefix 3/8 (end=28, n_frames=6/29): reward=-20.1250 (mean, 1 tok)
2026-04-30 14:50:22,260 mme_vla_suite.pseudo_labeling.topreward_qwen_scorer INFO: Prefix 4/8 (end=38, n_frames=8/39): reward=-20.3750 (mean, 1 tok)
2026-04-30 14:50:29,105 mme_vla_suite.pseudo_labeling.topreward_qwen_scorer INFO: Prefix 5/8 (end=48, n_frames=10/49): reward=-19.0000 (mean, 1 tok)
2026-04-30 14:50:35,954 mme_vla_suite.pseudo_labeling.topreward_qwen_scorer INFO: Prefix 6/8 (end=58, n_frames=12/59): reward=-19.3750 (mean, 1 tok)
2026-04-30 14:50:42,806 mme_vla_suite.pseudo_labeling.topreward_qwen_scorer INFO: Prefix 7/8 (end=68, n_frames=14/69): reward=-20.7500 (mean, 1 tok)
2026-04-30 14:50:49,699 mme_vla_suite.pseudo_labeling.topreward_qwen_scorer INFO: Prefix 8/8 (end=79, n_frames=16/80): reward=-20.2500 (mean, 1 tok)
2026-04-30 14:50:57,688 mme_vla_suite.pseudo_labeling.topreward_qwen_scorer INFO: Prefix 1/8 (end=11, n_frames=4/12): reward=-20.2500 (mean, 1 tok)
2026-04-30 14:51:04,516 mme_vla_suite.pseudo_labeling.topreward_qwen_scorer INFO: Prefix 2/8 (end=25, n_frames=5/26): reward=-20.2500 (mean, 1 tok)
2026-04-30 14:51:11,326 mme_vla_suite.pseudo_labeling.topreward_qwen_scorer INFO: Prefix 3/8 (end=39, n_frames=8/40): reward=-17.2500 (mean, 1 tok)
2026-04-30 14:51:18,185 mme_vla_suite.pseudo_labeling.topreward_qwen_scorer INFO: Prefix 4/8 (end=54, n_frames=11/55): reward=-15.3750 (mean, 1 tok)
2026-04-30 14:51:25,071 mme_vla_suite.pseudo_labeling.topreward_qwen_scorer INFO: Prefix 5/8 (end=68, n_frames=14/69): reward=-15.7500 (mean, 1 tok)
2026-04-30 14:51:32,012 mme_vla_suite.pseudo_labeling.topreward_qwen_scorer INFO: Prefix 6/8 (end=83, n_frames=17/84): reward=-15.7500 (mean, 1 tok)
2026-04-30 14:51:38,929 mme_vla_suite.pseudo_labeling.topreward_qwen_scorer INFO: Prefix 7/8 (end=97, n_frames=20/98): reward=-15.5000 (mean, 1 tok)
2026-04-30 14:51:45,877 mme_vla_suite.pseudo_labeling.topreward_qwen_scorer INFO: Prefix 8/8 (end=112, n_frames=23/113): reward=-15.2500 (mean, 1 tok)
2026-04-30 14:51:53,455 mme_vla_suite.pseudo_labeling.topreward_qwen_scorer INFO: Prefix 1/8 (end=6, n_frames=4/7): reward=-19.7500 (mean, 1 tok)
2026-04-30 14:52:00,286 mme_vla_suite.pseudo_labeling.topreward_qwen_scorer INFO: Prefix 2/8 (end=14, n_frames=4/15): reward=-19.5000 (mean, 1 tok)
2026-04-30 14:52:07,137 mme_vla_suite.pseudo_labeling.topreward_qwen_scorer INFO: Prefix 3/8 (end=23, n_frames=5/24): reward=-19.1250 (mean, 1 tok)
2026-04-30 14:52:14,004 mme_vla_suite.pseudo_labeling.topreward_qwen_scorer INFO: Prefix 4/8 (end=32, n_frames=7/33): reward=-19.1250 (mean, 1 tok)
2026-04-30 14:52:20,884 mme_vla_suite.pseudo_labeling.topreward_qwen_scorer INFO: Prefix 5/8 (end=41, n_frames=8/42): reward=-19.1250 (mean, 1 tok)
2026-04-30 14:52:27,756 mme_vla_suite.pseudo_labeling.topreward_qwen_scorer INFO: Prefix 6/8 (end=50, n_frames=10/51): reward=-18.0000 (mean, 1 tok)
2026-04-30 14:52:34,652 mme_vla_suite.pseudo_labeling.topreward_qwen_scorer INFO: Prefix 7/8 (end=59, n_frames=12/60): reward=-17.8750 (mean, 1 tok)
2026-04-30 14:52:41,534 mme_vla_suite.pseudo_labeling.topreward_qwen_scorer INFO: Prefix 8/8 (end=68, n_frames=14/69): reward=-17.6250 (mean, 1 tok)
2026-04-30 14:52:49,228 mme_vla_suite.pseudo_labeling.topreward_qwen_scorer INFO: Prefix 1/8 (end=8, n_frames=4/9): reward=-19.6250 (mean, 1 tok)
2026-04-30 14:52:56,066 mme_vla_suite.pseudo_labeling.topreward_qwen_scorer INFO: Prefix 2/8 (end=18, n_frames=4/19): reward=-19.6250 (mean, 1 tok)
2026-04-30 14:53:02,928 mme_vla_suite.pseudo_labeling.topreward_qwen_scorer INFO: Prefix 3/8 (end=29, n_frames=6/30): reward=-19.0000 (mean, 1 tok)
2026-04-30 14:53:09,779 mme_vla_suite.pseudo_labeling.topreward_qwen_scorer INFO: Prefix 4/8 (end=39, n_frames=8/40): reward=-18.3750 (mean, 1 tok)
2026-04-30 14:53:16,656 mme_vla_suite.pseudo_labeling.topreward_qwen_scorer INFO: Prefix 5/8 (end=50, n_frames=10/51): reward=-18.0000 (mean, 1 tok)
2026-04-30 14:53:23,523 mme_vla_suite.pseudo_labeling.topreward_qwen_scorer INFO: Prefix 6/8 (end=60, n_frames=12/61): reward=-17.1250 (mean, 1 tok)
2026-04-30 14:53:30,394 mme_vla_suite.pseudo_labeling.topreward_qwen_scorer INFO: Prefix 7/8 (end=71, n_frames=14/72): reward=-17.5000 (mean, 1 tok)
2026-04-30 14:53:37,266 mme_vla_suite.pseudo_labeling.topreward_qwen_scorer INFO: Prefix 8/8 (end=82, n_frames=17/83): reward=-17.3750 (mean, 1 tok)
2026-04-30 14:53:45,210 mme_vla_suite.pseudo_labeling.topreward_qwen_scorer INFO: Prefix 1/8 (end=11, n_frames=4/12): reward=-19.1250 (mean, 1 tok)
2026-04-30 14:53:52,141 mme_vla_suite.pseudo_labeling.topreward_qwen_scorer INFO: Prefix 2/8 (end=25, n_frames=5/26): reward=-19.7500 (mean, 1 tok)
2026-04-30 14:53:58,999 mme_vla_suite.pseudo_labeling.topreward_qwen_scorer INFO: Prefix 3/8 (end=39, n_frames=8/40): reward=-17.1250 (mean, 1 tok)
2026-04-30 14:54:05,882 mme_vla_suite.pseudo_labeling.topreward_qwen_scorer INFO: Prefix 4/8 (end=53, n_frames=11/54): reward=-15.7500 (mean, 1 tok)
2026-04-30 14:54:12,786 mme_vla_suite.pseudo_labeling.topreward_qwen_scorer INFO: Prefix 5/8 (end=68, n_frames=14/69): reward=-16.1250 (mean, 1 tok)
2026-04-30 14:54:19,712 mme_vla_suite.pseudo_labeling.topreward_qwen_scorer INFO: Prefix 6/8 (end=82, n_frames=17/83): reward=-14.8750 (mean, 1 tok)
2026-04-30 14:54:26,656 mme_vla_suite.pseudo_labeling.topreward_qwen_scorer INFO: Prefix 7/8 (end=96, n_frames=19/97): reward=-15.3750 (mean, 1 tok)
2026-04-30 14:54:33,579 mme_vla_suite.pseudo_labeling.topreward_qwen_scorer INFO: Prefix 8/8 (end=111, n_frames=22/112): reward=-14.6250 (mean, 1 tok)
2026-04-30 14:54:41,373 mme_vla_suite.pseudo_labeling.topreward_qwen_scorer INFO: Prefix 1/8 (end=6, n_frames=4/7): reward=-19.2500 (mean, 1 tok)
2026-04-30 14:54:48,271 mme_vla_suite.pseudo_labeling.topreward_qwen_scorer INFO: Prefix 2/8 (end=14, n_frames=4/15): reward=-19.0000 (mean, 1 tok)
2026-04-30 14:54:55,136 mme_vla_suite.pseudo_labeling.topreward_qwen_scorer INFO: Prefix 3/8 (end=22, n_frames=5/23): reward=-19.3750 (mean, 1 tok)
2026-04-30 14:55:01,986 mme_vla_suite.pseudo_labeling.topreward_qwen_scorer INFO: Prefix 4/8 (end=31, n_frames=6/32): reward=-18.8750 (mean, 1 tok)
2026-04-30 14:55:08,874 mme_vla_suite.pseudo_labeling.topreward_qwen_scorer INFO: Prefix 5/8 (end=39, n_frames=8/40): reward=-18.8750 (mean, 1 tok)
2026-04-30 14:55:15,747 mme_vla_suite.pseudo_labeling.topreward_qwen_scorer INFO: Prefix 6/8 (end=48, n_frames=10/49): reward=-18.3750 (mean, 1 tok)
2026-04-30 14:55:22,650 mme_vla_suite.pseudo_labeling.topreward_qwen_scorer INFO: Prefix 7/8 (end=56, n_frames=11/57): reward=-18.1250 (mean, 1 tok)
2026-04-30 14:55:29,552 mme_vla_suite.pseudo_labeling.topreward_qwen_scorer INFO: Prefix 8/8 (end=65, n_frames=13/66): reward=-18.6250 (mean, 1 tok)
2026-04-30 14:55:37,528 mme_vla_suite.pseudo_labeling.topreward_qwen_scorer INFO: Prefix 1/8 (end=8, n_frames=4/9): reward=-19.1250 (mean, 1 tok)
2026-04-30 14:55:44,410 mme_vla_suite.pseudo_labeling.topreward_qwen_scorer INFO: Prefix 2/8 (end=18, n_frames=4/19): reward=-18.7500 (mean, 1 tok)
2026-04-30 14:55:51,280 mme_vla_suite.pseudo_labeling.topreward_qwen_scorer INFO: Prefix 3/8 (end=29, n_frames=6/30): reward=-18.7500 (mean, 1 tok)
2026-04-30 14:55:58,159 mme_vla_suite.pseudo_labeling.topreward_qwen_scorer INFO: Prefix 4/8 (end=40, n_frames=8/41): reward=-18.7500 (mean, 1 tok)
2026-04-30 14:56:05,068 mme_vla_suite.pseudo_labeling.topreward_qwen_scorer INFO: Prefix 5/8 (end=50, n_frames=10/51): reward=-18.2500 (mean, 1 tok)
2026-04-30 14:56:11,959 mme_vla_suite.pseudo_labeling.topreward_qwen_scorer INFO: Prefix 6/8 (end=61, n_frames=12/62): reward=-18.3750 (mean, 1 tok)
2026-04-30 14:56:18,872 mme_vla_suite.pseudo_labeling.topreward_qwen_scorer INFO: Prefix 7/8 (end=72, n_frames=15/73): reward=-18.0000 (mean, 1 tok)
2026-04-30 14:56:25,809 mme_vla_suite.pseudo_labeling.topreward_qwen_scorer INFO: Prefix 8/8 (end=83, n_frames=17/84): reward=-17.7500 (mean, 1 tok)
2026-04-30 14:56:33,838 mme_vla_suite.pseudo_labeling.topreward_qwen_scorer INFO: Prefix 1/8 (end=11, n_frames=4/12): reward=-18.6250 (mean, 1 tok)
2026-04-30 14:56:40,728 mme_vla_suite.pseudo_labeling.topreward_qwen_scorer INFO: Prefix 2/8 (end=26, n_frames=5/27): reward=-19.2500 (mean, 1 tok)
2026-04-30 14:56:47,608 mme_vla_suite.pseudo_labeling.topreward_qwen_scorer INFO: Prefix 3/8 (end=41, n_frames=8/42): reward=-17.1250 (mean, 1 tok)
2026-04-30 14:56:54,501 mme_vla_suite.pseudo_labeling.topreward_qwen_scorer INFO: Prefix 4/8 (end=56, n_frames=11/57): reward=-16.5000 (mean, 1 tok)
2026-04-30 14:57:01,415 mme_vla_suite.pseudo_labeling.topreward_qwen_scorer INFO: Prefix 5/8 (end=71, n_frames=14/72): reward=-16.6250 (mean, 1 tok)
2026-04-30 14:57:08,321 mme_vla_suite.pseudo_labeling.topreward_qwen_scorer INFO: Prefix 6/8 (end=86, n_frames=17/87): reward=-17.2500 (mean, 1 tok)
2026-04-30 14:57:15,212 mme_vla_suite.pseudo_labeling.topreward_qwen_scorer INFO: Prefix 7/8 (end=101, n_frames=20/102): reward=-16.1250 (mean, 1 tok)
2026-04-30 14:57:22,191 mme_vla_suite.pseudo_labeling.topreward_qwen_scorer INFO: Prefix 8/8 (end=117, n_frames=24/118): reward=-15.6250 (mean, 1 tok)
2026-04-30 14:57:30,099 mme_vla_suite.pseudo_labeling.topreward_qwen_scorer INFO: Prefix 1/8 (end=7, n_frames=4/8): reward=-20.2500 (mean, 1 tok)
2026-04-30 14:57:36,953 mme_vla_suite.pseudo_labeling.topreward_qwen_scorer INFO: Prefix 2/8 (end=15, n_frames=4/16): reward=-19.8750 (mean, 1 tok)
2026-04-30 14:57:43,770 mme_vla_suite.pseudo_labeling.topreward_qwen_scorer INFO: Prefix 3/8 (end=24, n_frames=5/25): reward=-18.0000 (mean, 1 tok)
2026-04-30 14:57:50,608 mme_vla_suite.pseudo_labeling.topreward_qwen_scorer INFO: Prefix 4/8 (end=33, n_frames=7/34): reward=-18.8750 (mean, 1 tok)
2026-04-30 14:57:57,451 mme_vla_suite.pseudo_labeling.topreward_qwen_scorer INFO: Prefix 5/8 (end=42, n_frames=9/43): reward=-19.7500 (mean, 1 tok)
2026-04-30 14:58:04,307 mme_vla_suite.pseudo_labeling.topreward_qwen_scorer INFO: Prefix 6/8 (end=51, n_frames=10/52): reward=-18.6250 (mean, 1 tok)
2026-04-30 14:58:11,157 mme_vla_suite.pseudo_labeling.topreward_qwen_scorer INFO: Prefix 7/8 (end=60, n_frames=12/61): reward=-19.3750 (mean, 1 tok)
2026-04-30 14:58:18,002 mme_vla_suite.pseudo_labeling.topreward_qwen_scorer INFO: Prefix 8/8 (end=69, n_frames=14/70): reward=-19.7500 (mean, 1 tok)
2026-04-30 14:58:26,076 mme_vla_suite.pseudo_labeling.topreward_qwen_scorer INFO: Prefix 1/8 (end=8, n_frames=4/9): reward=-18.7500 (mean, 1 tok)
2026-04-30 14:58:32,902 mme_vla_suite.pseudo_labeling.topreward_qwen_scorer INFO: Prefix 2/8 (end=19, n_frames=4/20): reward=-19.7500 (mean, 1 tok)
2026-04-30 14:58:39,753 mme_vla_suite.pseudo_labeling.topreward_qwen_scorer INFO: Prefix 3/8 (end=30, n_frames=6/31): reward=-17.5000 (mean, 1 tok)
2026-04-30 14:58:46,642 mme_vla_suite.pseudo_labeling.topreward_qwen_scorer INFO: Prefix 4/8 (end=41, n_frames=8/42): reward=-18.8750 (mean, 1 tok)
2026-04-30 14:58:53,543 mme_vla_suite.pseudo_labeling.topreward_qwen_scorer INFO: Prefix 5/8 (end=53, n_frames=11/54): reward=-20.3750 (mean, 1 tok)
2026-04-30 14:59:00,470 mme_vla_suite.pseudo_labeling.topreward_qwen_scorer INFO: Prefix 6/8 (end=64, n_frames=13/65): reward=-19.5000 (mean, 1 tok)
2026-04-30 14:59:07,393 mme_vla_suite.pseudo_labeling.topreward_qwen_scorer INFO: Prefix 7/8 (end=75, n_frames=15/76): reward=-20.3750 (mean, 1 tok)
2026-04-30 14:59:14,299 mme_vla_suite.pseudo_labeling.topreward_qwen_scorer INFO: Prefix 8/8 (end=87, n_frames=18/88): reward=-19.8750 (mean, 1 tok)
2026-04-30 14:59:22,412 mme_vla_suite.pseudo_labeling.topreward_qwen_scorer INFO: Prefix 1/8 (end=11, n_frames=4/12): reward=-19.1250 (mean, 1 tok)
2026-04-30 14:59:29,237 mme_vla_suite.pseudo_labeling.topreward_qwen_scorer INFO: Prefix 2/8 (end=25, n_frames=5/26): reward=-19.3750 (mean, 1 tok)
2026-04-30 14:59:36,101 mme_vla_suite.pseudo_labeling.topreward_qwen_scorer INFO: Prefix 3/8 (end=40, n_frames=8/41): reward=-17.0000 (mean, 1 tok)
2026-04-30 14:59:42,995 mme_vla_suite.pseudo_labeling.topreward_qwen_scorer INFO: Prefix 4/8 (end=55, n_frames=11/56): reward=-15.8750 (mean, 1 tok)
2026-04-30 14:59:49,860 mme_vla_suite.pseudo_labeling.topreward_qwen_scorer INFO: Prefix 5/8 (end=70, n_frames=14/71): reward=-16.8750 (mean, 1 tok)
2026-04-30 14:59:56,799 mme_vla_suite.pseudo_labeling.topreward_qwen_scorer INFO: Prefix 6/8 (end=85, n_frames=17/86): reward=-16.1250 (mean, 1 tok)
2026-04-30 15:00:03,722 mme_vla_suite.pseudo_labeling.topreward_qwen_scorer INFO: Prefix 7/8 (end=100, n_frames=20/101): reward=-15.7500 (mean, 1 tok)
2026-04-30 15:00:10,671 mme_vla_suite.pseudo_labeling.topreward_qwen_scorer INFO: Prefix 8/8 (end=115, n_frames=23/116): reward=-15.5000 (mean, 1 tok)
2026-04-30 15:00:18,472 mme_vla_suite.pseudo_labeling.topreward_qwen_scorer INFO: Prefix 1/8 (end=6, n_frames=4/7): reward=-21.0000 (mean, 1 tok)
2026-04-30 15:00:25,337 mme_vla_suite.pseudo_labeling.topreward_qwen_scorer INFO: Prefix 2/8 (end=14, n_frames=4/15): reward=-20.6250 (mean, 1 tok)
2026-04-30 15:00:32,202 mme_vla_suite.pseudo_labeling.topreward_qwen_scorer INFO: Prefix 3/8 (end=23, n_frames=5/24): reward=-21.2500 (mean, 1 tok)
2026-04-30 15:00:39,085 mme_vla_suite.pseudo_labeling.topreward_qwen_scorer INFO: Prefix 4/8 (end=32, n_frames=7/33): reward=-20.0000 (mean, 1 tok)
2026-04-30 15:00:45,998 mme_vla_suite.pseudo_labeling.topreward_qwen_scorer INFO: Prefix 5/8 (end=40, n_frames=8/41): reward=-20.6250 (mean, 1 tok)
2026-04-30 15:00:52,876 mme_vla_suite.pseudo_labeling.topreward_qwen_scorer INFO: Prefix 6/8 (end=49, n_frames=10/50): reward=-20.1250 (mean, 1 tok)
2026-04-30 15:00:59,770 mme_vla_suite.pseudo_labeling.topreward_qwen_scorer INFO: Prefix 7/8 (end=58, n_frames=12/59): reward=-20.8750 (mean, 1 tok)
2026-04-30 15:01:06,676 mme_vla_suite.pseudo_labeling.topreward_qwen_scorer INFO: Prefix 8/8 (end=67, n_frames=14/68): reward=-20.2500 (mean, 1 tok)
2026-04-30 15:01:14,655 mme_vla_suite.pseudo_labeling.topreward_qwen_scorer INFO: Prefix 1/8 (end=8, n_frames=4/9): reward=-20.3750 (mean, 1 tok)
2026-04-30 15:01:21,491 mme_vla_suite.pseudo_labeling.topreward_qwen_scorer INFO: Prefix 2/8 (end=18, n_frames=4/19): reward=-19.2500 (mean, 1 tok)
2026-04-30 15:01:28,357 mme_vla_suite.pseudo_labeling.topreward_qwen_scorer INFO: Prefix 3/8 (end=28, n_frames=6/29): reward=-19.7500 (mean, 1 tok)
2026-04-30 15:01:35,167 mme_vla_suite.pseudo_labeling.topreward_qwen_scorer INFO: Prefix 4/8 (end=38, n_frames=8/39): reward=-20.0000 (mean, 1 tok)
2026-04-30 15:01:42,011 mme_vla_suite.pseudo_labeling.topreward_qwen_scorer INFO: Prefix 5/8 (end=49, n_frames=10/50): reward=-20.1250 (mean, 1 tok)
2026-04-30 15:01:48,911 mme_vla_suite.pseudo_labeling.topreward_qwen_scorer INFO: Prefix 6/8 (end=59, n_frames=12/60): reward=-20.6250 (mean, 1 tok)
2026-04-30 15:01:55,793 mme_vla_suite.pseudo_labeling.topreward_qwen_scorer INFO: Prefix 7/8 (end=69, n_frames=14/70): reward=-20.1250 (mean, 1 tok)
2026-04-30 15:02:02,695 mme_vla_suite.pseudo_labeling.topreward_qwen_scorer INFO: Prefix 8/8 (end=80, n_frames=16/81): reward=-18.5000 (mean, 1 tok)
2026-04-30 15:02:10,680 mme_vla_suite.pseudo_labeling.topreward_qwen_scorer INFO: Prefix 1/8 (end=11, n_frames=4/12): reward=-18.7500 (mean, 1 tok)
2026-04-30 15:02:17,564 mme_vla_suite.pseudo_labeling.topreward_qwen_scorer INFO: Prefix 2/8 (end=25, n_frames=5/26): reward=-18.7500 (mean, 1 tok)
2026-04-30 15:02:24,444 mme_vla_suite.pseudo_labeling.topreward_qwen_scorer INFO: Prefix 3/8 (end=39, n_frames=8/40): reward=-16.8750 (mean, 1 tok)
2026-04-30 15:02:31,349 mme_vla_suite.pseudo_labeling.topreward_qwen_scorer INFO: Prefix 4/8 (end=54, n_frames=11/55): reward=-16.7500 (mean, 1 tok)
2026-04-30 15:02:38,241 mme_vla_suite.pseudo_labeling.topreward_qwen_scorer INFO: Prefix 5/8 (end=68, n_frames=14/69): reward=-16.7500 (mean, 1 tok)
2026-04-30 15:02:45,170 mme_vla_suite.pseudo_labeling.topreward_qwen_scorer INFO: Prefix 6/8 (end=83, n_frames=17/84): reward=-16.5000 (mean, 1 tok)
2026-04-30 15:02:52,077 mme_vla_suite.pseudo_labeling.topreward_qwen_scorer INFO: Prefix 7/8 (end=97, n_frames=20/98): reward=-16.3750 (mean, 1 tok)
2026-04-30 15:02:59,030 mme_vla_suite.pseudo_labeling.topreward_qwen_scorer INFO: Prefix 8/8 (end=112, n_frames=23/113): reward=-16.3750 (mean, 1 tok)
2026-04-30 15:03:06,768 mme_vla_suite.pseudo_labeling.topreward_qwen_scorer INFO: Prefix 1/8 (end=7, n_frames=4/8): reward=-20.8750 (mean, 1 tok)
2026-04-30 15:03:13,606 mme_vla_suite.pseudo_labeling.topreward_qwen_scorer INFO: Prefix 2/8 (end=16, n_frames=4/17): reward=-20.6250 (mean, 1 tok)
2026-04-30 15:03:20,434 mme_vla_suite.pseudo_labeling.topreward_qwen_scorer INFO: Prefix 3/8 (end=25, n_frames=5/26): reward=-19.7500 (mean, 1 tok)
2026-04-30 15:03:27,257 mme_vla_suite.pseudo_labeling.topreward_qwen_scorer INFO: Prefix 4/8 (end=34, n_frames=7/35): reward=-19.5000 (mean, 1 tok)
2026-04-30 15:03:34,068 mme_vla_suite.pseudo_labeling.topreward_qwen_scorer INFO: Prefix 5/8 (end=43, n_frames=9/44): reward=-19.0000 (mean, 1 tok)
2026-04-30 15:03:40,958 mme_vla_suite.pseudo_labeling.topreward_qwen_scorer INFO: Prefix 6/8 (end=52, n_frames=11/53): reward=-18.7500 (mean, 1 tok)
2026-04-30 15:03:47,861 mme_vla_suite.pseudo_labeling.topreward_qwen_scorer INFO: Prefix 7/8 (end=61, n_frames=12/62): reward=-19.5000 (mean, 1 tok)
2026-04-30 15:03:54,755 mme_vla_suite.pseudo_labeling.topreward_qwen_scorer INFO: Prefix 8/8 (end=71, n_frames=14/72): reward=-19.8750 (mean, 1 tok)
2026-04-30 15:04:02,526 mme_vla_suite.pseudo_labeling.topreward_qwen_scorer INFO: Prefix 1/8 (end=8, n_frames=4/9): reward=-20.6250 (mean, 1 tok)
2026-04-30 15:04:09,405 mme_vla_suite.pseudo_labeling.topreward_qwen_scorer INFO: Prefix 2/8 (end=19, n_frames=4/20): reward=-19.5000 (mean, 1 tok)
2026-04-30 15:04:16,263 mme_vla_suite.pseudo_labeling.topreward_qwen_scorer INFO: Prefix 3/8 (end=30, n_frames=6/31): reward=-19.6250 (mean, 1 tok)
2026-04-30 15:04:23,146 mme_vla_suite.pseudo_labeling.topreward_qwen_scorer INFO: Prefix 4/8 (end=42, n_frames=9/43): reward=-19.6250 (mean, 1 tok)
2026-04-30 15:04:30,047 mme_vla_suite.pseudo_labeling.topreward_qwen_scorer INFO: Prefix 5/8 (end=53, n_frames=11/54): reward=-20.1250 (mean, 1 tok)
2026-04-30 15:04:36,937 mme_vla_suite.pseudo_labeling.topreward_qwen_scorer INFO: Prefix 6/8 (end=65, n_frames=13/66): reward=-20.5000 (mean, 1 tok)
2026-04-30 15:04:43,841 mme_vla_suite.pseudo_labeling.topreward_qwen_scorer INFO: Prefix 7/8 (end=76, n_frames=15/77): reward=-19.7500 (mean, 1 tok)
2026-04-30 15:04:50,773 mme_vla_suite.pseudo_labeling.topreward_qwen_scorer INFO: Prefix 8/8 (end=88, n_frames=18/89): reward=-18.8750 (mean, 1 tok)
2026-04-30 15:04:58,822 mme_vla_suite.pseudo_labeling.topreward_qwen_scorer INFO: Prefix 1/8 (end=11, n_frames=4/12): reward=-19.2500 (mean, 1 tok)
2026-04-30 15:05:05,719 mme_vla_suite.pseudo_labeling.topreward_qwen_scorer INFO: Prefix 2/8 (end=26, n_frames=5/27): reward=-19.2500 (mean, 1 tok)
2026-04-30 15:05:12,603 mme_vla_suite.pseudo_labeling.topreward_qwen_scorer INFO: Prefix 3/8 (end=41, n_frames=8/42): reward=-16.6250 (mean, 1 tok)
2026-04-30 15:05:19,523 mme_vla_suite.pseudo_labeling.topreward_qwen_scorer INFO: Prefix 4/8 (end=56, n_frames=11/57): reward=-15.5000 (mean, 1 tok)
2026-04-30 15:05:26,431 mme_vla_suite.pseudo_labeling.topreward_qwen_scorer INFO: Prefix 5/8 (end=71, n_frames=14/72): reward=-16.5000 (mean, 1 tok)
2026-04-30 15:05:33,335 mme_vla_suite.pseudo_labeling.topreward_qwen_scorer INFO: Prefix 6/8 (end=86, n_frames=17/87): reward=-15.2500 (mean, 1 tok)
2026-04-30 15:05:40,289 mme_vla_suite.pseudo_labeling.topreward_qwen_scorer INFO: Prefix 7/8 (end=101, n_frames=20/102): reward=-15.1250 (mean, 1 tok)
2026-04-30 15:05:47,287 mme_vla_suite.pseudo_labeling.topreward_qwen_scorer INFO: Prefix 8/8 (end=117, n_frames=24/118): reward=-14.8750 (mean, 1 tok)
2026-04-30 15:05:55,385 mme_vla_suite.pseudo_labeling.topreward_qwen_scorer INFO: Prefix 1/8 (end=8, n_frames=4/9): reward=-19.1250 (mean, 1 tok)
2026-04-30 15:06:02,244 mme_vla_suite.pseudo_labeling.topreward_qwen_scorer INFO: Prefix 2/8 (end=18, n_frames=4/19): reward=-19.0000 (mean, 1 tok)
2026-04-30 15:06:09,133 mme_vla_suite.pseudo_labeling.topreward_qwen_scorer INFO: Prefix 3/8 (end=28, n_frames=6/29): reward=-18.5000 (mean, 1 tok)
2026-04-30 15:06:16,027 mme_vla_suite.pseudo_labeling.topreward_qwen_scorer INFO: Prefix 4/8 (end=38, n_frames=8/39): reward=-19.1250 (mean, 1 tok)
2026-04-30 15:06:22,919 mme_vla_suite.pseudo_labeling.topreward_qwen_scorer INFO: Prefix 5/8 (end=48, n_frames=10/49): reward=-18.1250 (mean, 1 tok)
2026-04-30 15:06:29,817 mme_vla_suite.pseudo_labeling.topreward_qwen_scorer INFO: Prefix 6/8 (end=58, n_frames=12/59): reward=-18.1250 (mean, 1 tok)
2026-04-30 15:06:36,755 mme_vla_suite.pseudo_labeling.topreward_qwen_scorer INFO: Prefix 7/8 (end=68, n_frames=14/69): reward=-17.7500 (mean, 1 tok)
2026-04-30 15:06:43,701 mme_vla_suite.pseudo_labeling.topreward_qwen_scorer INFO: Prefix 8/8 (end=79, n_frames=16/80): reward=-18.1250 (mean, 1 tok)
2026-04-30 15:06:51,556 mme_vla_suite.pseudo_labeling.topreward_qwen_scorer INFO: Prefix 1/8 (end=9, n_frames=4/10): reward=-18.5000 (mean, 1 tok)
2026-04-30 15:06:58,428 mme_vla_suite.pseudo_labeling.topreward_qwen_scorer INFO: Prefix 2/8 (end=21, n_frames=4/22): reward=-19.6250 (mean, 1 tok)
2026-04-30 15:07:05,291 mme_vla_suite.pseudo_labeling.topreward_qwen_scorer INFO: Prefix 3/8 (end=33, n_frames=7/34): reward=-20.1250 (mean, 1 tok)
2026-04-30 15:07:12,173 mme_vla_suite.pseudo_labeling.topreward_qwen_scorer INFO: Prefix 4/8 (end=45, n_frames=9/46): reward=-18.6250 (mean, 1 tok)
2026-04-30 15:07:19,058 mme_vla_suite.pseudo_labeling.topreward_qwen_scorer INFO: Prefix 5/8 (end=57, n_frames=12/58): reward=-17.6250 (mean, 1 tok)
2026-04-30 15:07:25,940 mme_vla_suite.pseudo_labeling.topreward_qwen_scorer INFO: Prefix 6/8 (end=69, n_frames=14/70): reward=-17.6250 (mean, 1 tok)
2026-04-30 15:07:32,873 mme_vla_suite.pseudo_labeling.topreward_qwen_scorer INFO: Prefix 7/8 (end=81, n_frames=16/82): reward=-18.3750 (mean, 1 tok)
2026-04-30 15:07:39,823 mme_vla_suite.pseudo_labeling.topreward_qwen_scorer INFO: Prefix 8/8 (end=93, n_frames=19/94): reward=-17.8750 (mean, 1 tok)
2026-04-30 15:07:47,763 mme_vla_suite.pseudo_labeling.topreward_qwen_scorer INFO: Prefix 1/8 (end=11, n_frames=4/12): reward=-19.3750 (mean, 1 tok)
2026-04-30 15:07:54,644 mme_vla_suite.pseudo_labeling.topreward_qwen_scorer INFO: Prefix 2/8 (end=25, n_frames=5/26): reward=-19.1250 (mean, 1 tok)
2026-04-30 15:08:01,531 mme_vla_suite.pseudo_labeling.topreward_qwen_scorer INFO: Prefix 3/8 (end=39, n_frames=8/40): reward=-18.0000 (mean, 1 tok)
2026-04-30 15:08:08,418 mme_vla_suite.pseudo_labeling.topreward_qwen_scorer INFO: Prefix 4/8 (end=54, n_frames=11/55): reward=-17.6250 (mean, 1 tok)
2026-04-30 15:08:15,312 mme_vla_suite.pseudo_labeling.topreward_qwen_scorer INFO: Prefix 5/8 (end=68, n_frames=14/69): reward=-17.7500 (mean, 1 tok)
2026-04-30 15:08:22,232 mme_vla_suite.pseudo_labeling.topreward_qwen_scorer INFO: Prefix 6/8 (end=83, n_frames=17/84): reward=-17.7500 (mean, 1 tok)
2026-04-30 15:08:29,158 mme_vla_suite.pseudo_labeling.topreward_qwen_scorer INFO: Prefix 7/8 (end=97, n_frames=20/98): reward=-17.0000 (mean, 1 tok)
2026-04-30 15:08:36,123 mme_vla_suite.pseudo_labeling.topreward_qwen_scorer INFO: Prefix 8/8 (end=112, n_frames=23/113): reward=-15.7500 (mean, 1 tok)
2026-04-30 15:08:43,759 mme_vla_suite.pseudo_labeling.topreward_qwen_scorer INFO: Prefix 1/8 (end=7, n_frames=4/8): reward=-20.2500 (mean, 1 tok)
2026-04-30 15:08:50,600 mme_vla_suite.pseudo_labeling.topreward_qwen_scorer INFO: Prefix 2/8 (end=16, n_frames=4/17): reward=-20.6250 (mean, 1 tok)
2026-04-30 15:08:57,450 mme_vla_suite.pseudo_labeling.topreward_qwen_scorer INFO: Prefix 3/8 (end=25, n_frames=5/26): reward=-20.0000 (mean, 1 tok)
2026-04-30 15:09:04,280 mme_vla_suite.pseudo_labeling.topreward_qwen_scorer INFO: Prefix 4/8 (end=34, n_frames=7/35): reward=-19.5000 (mean, 1 tok)
2026-04-30 15:09:11,184 mme_vla_suite.pseudo_labeling.topreward_qwen_scorer INFO: Prefix 5/8 (end=43, n_frames=9/44): reward=-19.2500 (mean, 1 tok)
2026-04-30 15:09:18,073 mme_vla_suite.pseudo_labeling.topreward_qwen_scorer INFO: Prefix 6/8 (end=52, n_frames=11/53): reward=-19.6250 (mean, 1 tok)
2026-04-30 15:09:24,954 mme_vla_suite.pseudo_labeling.topreward_qwen_scorer INFO: Prefix 7/8 (end=61, n_frames=12/62): reward=-19.1250 (mean, 1 tok)
2026-04-30 15:09:31,841 mme_vla_suite.pseudo_labeling.topreward_qwen_scorer INFO: Prefix 8/8 (end=71, n_frames=14/72): reward=-19.0000 (mean, 1 tok)
2026-04-30 15:09:39,603 mme_vla_suite.pseudo_labeling.topreward_qwen_scorer INFO: Prefix 1/8 (end=8, n_frames=4/9): reward=-20.0000 (mean, 1 tok)
2026-04-30 15:09:46,450 mme_vla_suite.pseudo_labeling.topreward_qwen_scorer INFO: Prefix 2/8 (end=18, n_frames=4/19): reward=-20.7500 (mean, 1 tok)
2026-04-30 15:09:53,289 mme_vla_suite.pseudo_labeling.topreward_qwen_scorer INFO: Prefix 3/8 (end=29, n_frames=6/30): reward=-19.7500 (mean, 1 tok)
2026-04-30 15:10:00,132 mme_vla_suite.pseudo_labeling.topreward_qwen_scorer INFO: Prefix 4/8 (end=40, n_frames=8/41): reward=-20.0000 (mean, 1 tok)
2026-04-30 15:10:07,029 mme_vla_suite.pseudo_labeling.topreward_qwen_scorer INFO: Prefix 5/8 (end=51, n_frames=10/52): reward=-19.0000 (mean, 1 tok)
2026-04-30 15:10:13,890 mme_vla_suite.pseudo_labeling.topreward_qwen_scorer INFO: Prefix 6/8 (end=62, n_frames=13/63): reward=-18.7500 (mean, 1 tok)
2026-04-30 15:10:20,758 mme_vla_suite.pseudo_labeling.topreward_qwen_scorer INFO: Prefix 7/8 (end=73, n_frames=15/74): reward=-20.1250 (mean, 1 tok)
2026-04-30 15:10:27,636 mme_vla_suite.pseudo_labeling.topreward_qwen_scorer INFO: Prefix 8/8 (end=84, n_frames=17/85): reward=-17.5000 (mean, 1 tok)
2026-04-30 15:10:35,458 mme_vla_suite.pseudo_labeling.topreward_qwen_scorer INFO: Prefix 1/8 (end=11, n_frames=4/12): reward=-19.2500 (mean, 1 tok)
2026-04-30 15:10:42,271 mme_vla_suite.pseudo_labeling.topreward_qwen_scorer INFO: Prefix 2/8 (end=26, n_frames=5/27): reward=-19.0000 (mean, 1 tok)
2026-04-30 15:10:49,146 mme_vla_suite.pseudo_labeling.topreward_qwen_scorer INFO: Prefix 3/8 (end=41, n_frames=8/42): reward=-18.1250 (mean, 1 tok)
2026-04-30 15:10:56,029 mme_vla_suite.pseudo_labeling.topreward_qwen_scorer INFO: Prefix 4/8 (end=56, n_frames=11/57): reward=-17.5000 (mean, 1 tok)
2026-04-30 15:11:02,905 mme_vla_suite.pseudo_labeling.topreward_qwen_scorer INFO: Prefix 5/8 (end=71, n_frames=14/72): reward=-17.5000 (mean, 1 tok)
2026-04-30 15:11:09,782 mme_vla_suite.pseudo_labeling.topreward_qwen_scorer INFO: Prefix 6/8 (end=86, n_frames=17/87): reward=-18.0000 (mean, 1 tok)
2026-04-30 15:11:16,699 mme_vla_suite.pseudo_labeling.topreward_qwen_scorer INFO: Prefix 7/8 (end=101, n_frames=20/102): reward=-18.2500 (mean, 1 tok)
2026-04-30 15:11:23,660 mme_vla_suite.pseudo_labeling.topreward_qwen_scorer INFO: Prefix 8/8 (end=116, n_frames=23/117): reward=-17.0000 (mean, 1 tok)
2026-04-30 15:11:31,419 mme_vla_suite.pseudo_labeling.topreward_qwen_scorer INFO: Prefix 1/8 (end=7, n_frames=4/8): reward=-22.2500 (mean, 1 tok)
2026-04-30 15:11:38,256 mme_vla_suite.pseudo_labeling.topreward_qwen_scorer INFO: Prefix 2/8 (end=16, n_frames=4/17): reward=-22.2500 (mean, 1 tok)
2026-04-30 15:11:45,118 mme_vla_suite.pseudo_labeling.topreward_qwen_scorer INFO: Prefix 3/8 (end=25, n_frames=5/26): reward=-22.0000 (mean, 1 tok)
2026-04-30 15:11:51,976 mme_vla_suite.pseudo_labeling.topreward_qwen_scorer INFO: Prefix 4/8 (end=35, n_frames=7/36): reward=-20.0000 (mean, 1 tok)
2026-04-30 15:11:58,873 mme_vla_suite.pseudo_labeling.topreward_qwen_scorer INFO: Prefix 5/8 (end=44, n_frames=9/45): reward=-18.8750 (mean, 1 tok)
2026-04-30 15:12:05,745 mme_vla_suite.pseudo_labeling.topreward_qwen_scorer INFO: Prefix 6/8 (end=54, n_frames=11/55): reward=-20.5000 (mean, 1 tok)
2026-04-30 15:12:12,630 mme_vla_suite.pseudo_labeling.topreward_qwen_scorer INFO: Prefix 7/8 (end=63, n_frames=13/64): reward=-19.2500 (mean, 1 tok)
2026-04-30 15:12:19,568 mme_vla_suite.pseudo_labeling.topreward_qwen_scorer INFO: Prefix 8/8 (end=73, n_frames=15/74): reward=-19.2500 (mean, 1 tok)
2026-04-30 15:12:27,576 mme_vla_suite.pseudo_labeling.topreward_qwen_scorer INFO: Prefix 1/8 (end=9, n_frames=4/10): reward=-21.7500 (mean, 1 tok)
2026-04-30 15:12:34,453 mme_vla_suite.pseudo_labeling.topreward_qwen_scorer INFO: Prefix 2/8 (end=20, n_frames=4/21): reward=-20.5000 (mean, 1 tok)
2026-04-30 15:12:41,350 mme_vla_suite.pseudo_labeling.topreward_qwen_scorer INFO: Prefix 3/8 (end=32, n_frames=7/33): reward=-20.6250 (mean, 1 tok)
2026-04-30 15:12:48,268 mme_vla_suite.pseudo_labeling.topreward_qwen_scorer INFO: Prefix 4/8 (end=44, n_frames=9/45): reward=-18.8750 (mean, 1 tok)
2026-04-30 15:12:55,169 mme_vla_suite.pseudo_labeling.topreward_qwen_scorer INFO: Prefix 5/8 (end=55, n_frames=11/56): reward=-19.5000 (mean, 1 tok)
2026-04-30 15:13:02,081 mme_vla_suite.pseudo_labeling.topreward_qwen_scorer INFO: Prefix 6/8 (end=67, n_frames=14/68): reward=-18.8750 (mean, 1 tok)
2026-04-30 15:13:08,998 mme_vla_suite.pseudo_labeling.topreward_qwen_scorer INFO: Prefix 7/8 (end=79, n_frames=16/80): reward=-20.1250 (mean, 1 tok)
2026-04-30 15:13:15,920 mme_vla_suite.pseudo_labeling.topreward_qwen_scorer INFO: Prefix 8/8 (end=91, n_frames=18/92): reward=-18.0000 (mean, 1 tok)
2026-04-30 15:13:23,952 mme_vla_suite.pseudo_labeling.topreward_qwen_scorer INFO: Prefix 1/8 (end=11, n_frames=4/12): reward=-20.2500 (mean, 1 tok)
2026-04-30 15:13:30,822 mme_vla_suite.pseudo_labeling.topreward_qwen_scorer INFO: Prefix 2/8 (end=25, n_frames=5/26): reward=-20.7500 (mean, 1 tok)
2026-04-30 15:13:37,710 mme_vla_suite.pseudo_labeling.topreward_qwen_scorer INFO: Prefix 3/8 (end=39, n_frames=8/40): reward=-17.6250 (mean, 1 tok)
2026-04-30 15:13:44,614 mme_vla_suite.pseudo_labeling.topreward_qwen_scorer INFO: Prefix 4/8 (end=54, n_frames=11/55): reward=-15.7500 (mean, 1 tok)
2026-04-30 15:13:51,513 mme_vla_suite.pseudo_labeling.topreward_qwen_scorer INFO: Prefix 5/8 (end=68, n_frames=14/69): reward=-15.7500 (mean, 1 tok)
2026-04-30 15:13:58,456 mme_vla_suite.pseudo_labeling.topreward_qwen_scorer INFO: Prefix 6/8 (end=83, n_frames=17/84): reward=-16.1250 (mean, 1 tok)
2026-04-30 15:14:05,386 mme_vla_suite.pseudo_labeling.topreward_qwen_scorer INFO: Prefix 7/8 (end=97, n_frames=20/98): reward=-15.7500 (mean, 1 tok)
2026-04-30 15:14:12,374 mme_vla_suite.pseudo_labeling.topreward_qwen_scorer INFO: Prefix 8/8 (end=112, n_frames=23/113): reward=-15.0000 (mean, 1 tok)
2026-04-30 15:14:20,270 mme_vla_suite.pseudo_labeling.topreward_qwen_scorer INFO: Prefix 1/8 (end=6, n_frames=4/7): reward=-19.5000 (mean, 1 tok)
2026-04-30 15:14:27,129 mme_vla_suite.pseudo_labeling.topreward_qwen_scorer INFO: Prefix 2/8 (end=14, n_frames=4/15): reward=-19.8750 (mean, 1 tok)
2026-04-30 15:14:34,000 mme_vla_suite.pseudo_labeling.topreward_qwen_scorer INFO: Prefix 3/8 (end=22, n_frames=5/23): reward=-18.6250 (mean, 1 tok)
2026-04-30 15:14:40,875 mme_vla_suite.pseudo_labeling.topreward_qwen_scorer INFO: Prefix 4/8 (end=30, n_frames=6/31): reward=-19.5000 (mean, 1 tok)
2026-04-30 15:14:47,721 mme_vla_suite.pseudo_labeling.topreward_qwen_scorer INFO: Prefix 5/8 (end=38, n_frames=8/39): reward=-19.3750 (mean, 1 tok)
2026-04-30 15:14:54,586 mme_vla_suite.pseudo_labeling.topreward_qwen_scorer INFO: Prefix 6/8 (end=46, n_frames=9/47): reward=-18.8750 (mean, 1 tok)
2026-04-30 15:15:01,429 mme_vla_suite.pseudo_labeling.topreward_qwen_scorer INFO: Prefix 7/8 (end=54, n_frames=11/55): reward=-17.7500 (mean, 1 tok)
2026-04-30 15:15:08,314 mme_vla_suite.pseudo_labeling.topreward_qwen_scorer INFO: Prefix 8/8 (end=63, n_frames=13/64): reward=-18.0000 (mean, 1 tok)
2026-04-30 15:15:16,192 mme_vla_suite.pseudo_labeling.topreward_qwen_scorer INFO: Prefix 1/8 (end=7, n_frames=4/8): reward=-19.3750 (mean, 1 tok)
2026-04-30 15:15:23,047 mme_vla_suite.pseudo_labeling.topreward_qwen_scorer INFO: Prefix 2/8 (end=16, n_frames=4/17): reward=-18.5000 (mean, 1 tok)
2026-04-30 15:15:29,882 mme_vla_suite.pseudo_labeling.topreward_qwen_scorer INFO: Prefix 3/8 (end=26, n_frames=5/27): reward=-19.0000 (mean, 1 tok)
2026-04-30 15:15:36,739 mme_vla_suite.pseudo_labeling.topreward_qwen_scorer INFO: Prefix 4/8 (end=36, n_frames=7/37): reward=-19.3750 (mean, 1 tok)
2026-04-30 15:15:43,618 mme_vla_suite.pseudo_labeling.topreward_qwen_scorer INFO: Prefix 5/8 (end=46, n_frames=9/47): reward=-18.8750 (mean, 1 tok)
2026-04-30 15:15:50,488 mme_vla_suite.pseudo_labeling.topreward_qwen_scorer INFO: Prefix 6/8 (end=56, n_frames=11/57): reward=-18.7500 (mean, 1 tok)
2026-04-30 15:15:57,347 mme_vla_suite.pseudo_labeling.topreward_qwen_scorer INFO: Prefix 7/8 (end=66, n_frames=13/67): reward=-18.7500 (mean, 1 tok)
2026-04-30 15:16:04,241 mme_vla_suite.pseudo_labeling.topreward_qwen_scorer INFO: Prefix 8/8 (end=76, n_frames=15/77): reward=-18.7500 (mean, 1 tok)
2026-04-30 15:16:12,321 mme_vla_suite.pseudo_labeling.topreward_qwen_scorer INFO: Prefix 1/8 (end=11, n_frames=4/12): reward=-18.7500 (mean, 1 tok)
2026-04-30 15:16:19,155 mme_vla_suite.pseudo_labeling.topreward_qwen_scorer INFO: Prefix 2/8 (end=25, n_frames=5/26): reward=-18.5000 (mean, 1 tok)
2026-04-30 15:16:26,040 mme_vla_suite.pseudo_labeling.topreward_qwen_scorer INFO: Prefix 3/8 (end=39, n_frames=8/40): reward=-16.8750 (mean, 1 tok)
2026-04-30 15:16:32,941 mme_vla_suite.pseudo_labeling.topreward_qwen_scorer INFO: Prefix 4/8 (end=54, n_frames=11/55): reward=-15.5000 (mean, 1 tok)
2026-04-30 15:16:39,884 mme_vla_suite.pseudo_labeling.topreward_qwen_scorer INFO: Prefix 5/8 (end=68, n_frames=14/69): reward=-15.8750 (mean, 1 tok)
2026-04-30 15:16:46,807 mme_vla_suite.pseudo_labeling.topreward_qwen_scorer INFO: Prefix 6/8 (end=83, n_frames=17/84): reward=-15.8750 (mean, 1 tok)
2026-04-30 15:16:53,673 mme_vla_suite.pseudo_labeling.topreward_qwen_scorer INFO: Prefix 7/8 (end=97, n_frames=20/98): reward=-15.7500 (mean, 1 tok)
2026-04-30 15:17:00,585 mme_vla_suite.pseudo_labeling.topreward_qwen_scorer INFO: Prefix 8/8 (end=112, n_frames=23/113): reward=-14.2500 (mean, 1 tok)
2026-04-30 15:17:08,457 mme_vla_suite.pseudo_labeling.topreward_qwen_scorer INFO: Prefix 1/8 (end=7, n_frames=4/8): reward=-20.3750 (mean, 1 tok)
2026-04-30 15:17:15,279 mme_vla_suite.pseudo_labeling.topreward_qwen_scorer INFO: Prefix 2/8 (end=16, n_frames=4/17): reward=-20.3750 (mean, 1 tok)
2026-04-30 15:17:22,102 mme_vla_suite.pseudo_labeling.topreward_qwen_scorer INFO: Prefix 3/8 (end=25, n_frames=5/26): reward=-18.3750 (mean, 1 tok)
2026-04-30 15:17:28,932 mme_vla_suite.pseudo_labeling.topreward_qwen_scorer INFO: Prefix 4/8 (end=34, n_frames=7/35): reward=-19.0000 (mean, 1 tok)
2026-04-30 15:17:35,822 mme_vla_suite.pseudo_labeling.topreward_qwen_scorer INFO: Prefix 5/8 (end=44, n_frames=9/45): reward=-19.6250 (mean, 1 tok)
2026-04-30 15:17:42,683 mme_vla_suite.pseudo_labeling.topreward_qwen_scorer INFO: Prefix 6/8 (end=53, n_frames=11/54): reward=-19.0000 (mean, 1 tok)
2026-04-30 15:17:49,565 mme_vla_suite.pseudo_labeling.topreward_qwen_scorer INFO: Prefix 7/8 (end=62, n_frames=13/63): reward=-19.7500 (mean, 1 tok)
2026-04-30 15:17:56,472 mme_vla_suite.pseudo_labeling.topreward_qwen_scorer INFO: Prefix 8/8 (end=72, n_frames=15/73): reward=-19.7500 (mean, 1 tok)
2026-04-30 15:18:04,255 mme_vla_suite.pseudo_labeling.topreward_qwen_scorer INFO: Prefix 1/8 (end=9, n_frames=4/10): reward=-20.7500 (mean, 1 tok)
2026-04-30 15:18:11,088 mme_vla_suite.pseudo_labeling.topreward_qwen_scorer INFO: Prefix 2/8 (end=20, n_frames=4/21): reward=-20.1250 (mean, 1 tok)
2026-04-30 15:18:17,932 mme_vla_suite.pseudo_labeling.topreward_qwen_scorer INFO: Prefix 3/8 (end=32, n_frames=7/33): reward=-18.1250 (mean, 1 tok)
2026-04-30 15:18:24,779 mme_vla_suite.pseudo_labeling.topreward_qwen_scorer INFO: Prefix 4/8 (end=44, n_frames=9/45): reward=-19.6250 (mean, 1 tok)
2026-04-30 15:18:31,643 mme_vla_suite.pseudo_labeling.topreward_qwen_scorer INFO: Prefix 5/8 (end=55, n_frames=11/56): reward=-19.6250 (mean, 1 tok)
2026-04-30 15:18:38,526 mme_vla_suite.pseudo_labeling.topreward_qwen_scorer INFO: Prefix 6/8 (end=67, n_frames=14/68): reward=-18.8750 (mean, 1 tok)
2026-04-30 15:18:45,388 mme_vla_suite.pseudo_labeling.topreward_qwen_scorer INFO: Prefix 7/8 (end=79, n_frames=16/80): reward=-19.5000 (mean, 1 tok)
2026-04-30 15:18:52,303 mme_vla_suite.pseudo_labeling.topreward_qwen_scorer INFO: Prefix 8/8 (end=91, n_frames=18/92): reward=-19.0000 (mean, 1 tok)
2026-04-30 15:19:00,408 mme_vla_suite.pseudo_labeling.topreward_qwen_scorer INFO: Prefix 1/8 (end=12, n_frames=4/13): reward=-18.6250 (mean, 1 tok)
2026-04-30 15:19:07,433 mme_vla_suite.pseudo_labeling.topreward_qwen_scorer INFO: Prefix 2/8 (end=27, n_frames=6/28): reward=-18.5000 (mean, 1 tok)
2026-04-30 15:19:14,348 mme_vla_suite.pseudo_labeling.topreward_qwen_scorer INFO: Prefix 3/8 (end=42, n_frames=9/43): reward=-16.5000 (mean, 1 tok)
2026-04-30 15:19:21,223 mme_vla_suite.pseudo_labeling.topreward_qwen_scorer INFO: Prefix 4/8 (end=57, n_frames=12/58): reward=-16.1250 (mean, 1 tok)
2026-04-30 15:19:28,160 mme_vla_suite.pseudo_labeling.topreward_qwen_scorer INFO: Prefix 5/8 (end=73, n_frames=15/74): reward=-16.8750 (mean, 1 tok)
2026-04-30 15:19:35,117 mme_vla_suite.pseudo_labeling.topreward_qwen_scorer INFO: Prefix 6/8 (end=88, n_frames=18/89): reward=-15.2500 (mean, 1 tok)
2026-04-30 15:19:42,079 mme_vla_suite.pseudo_labeling.topreward_qwen_scorer INFO: Prefix 7/8 (end=103, n_frames=21/104): reward=-16.5000 (mean, 1 tok)
2026-04-30 15:19:49,079 mme_vla_suite.pseudo_labeling.topreward_qwen_scorer INFO: Prefix 8/8 (end=119, n_frames=24/120): reward=-16.2500 (mean, 1 tok)
2026-04-30 15:19:56,996 mme_vla_suite.pseudo_labeling.topreward_qwen_scorer INFO: Prefix 1/8 (end=6, n_frames=4/7): reward=-20.0000 (mean, 1 tok)
2026-04-30 15:20:03,824 mme_vla_suite.pseudo_labeling.topreward_qwen_scorer INFO: Prefix 2/8 (end=14, n_frames=4/15): reward=-18.8750 (mean, 1 tok)
2026-04-30 15:20:10,682 mme_vla_suite.pseudo_labeling.topreward_qwen_scorer INFO: Prefix 3/8 (end=23, n_frames=5/24): reward=-19.1250 (mean, 1 tok)
2026-04-30 15:20:17,533 mme_vla_suite.pseudo_labeling.topreward_qwen_scorer INFO: Prefix 4/8 (end=32, n_frames=7/33): reward=-18.2500 (mean, 1 tok)
2026-04-30 15:20:24,409 mme_vla_suite.pseudo_labeling.topreward_qwen_scorer INFO: Prefix 5/8 (end=40, n_frames=8/41): reward=-17.7500 (mean, 1 tok)
2026-04-30 15:20:31,299 mme_vla_suite.pseudo_labeling.topreward_qwen_scorer INFO: Prefix 6/8 (end=49, n_frames=10/50): reward=-18.8750 (mean, 1 tok)
2026-04-30 15:20:38,197 mme_vla_suite.pseudo_labeling.topreward_qwen_scorer INFO: Prefix 7/8 (end=58, n_frames=12/59): reward=-18.5000 (mean, 1 tok)
2026-04-30 15:20:45,067 mme_vla_suite.pseudo_labeling.topreward_qwen_scorer INFO: Prefix 8/8 (end=67, n_frames=14/68): reward=-19.6250 (mean, 1 tok)
2026-04-30 15:20:52,937 mme_vla_suite.pseudo_labeling.topreward_qwen_scorer INFO: Prefix 1/8 (end=8, n_frames=4/9): reward=-19.7500 (mean, 1 tok)
2026-04-30 15:20:59,800 mme_vla_suite.pseudo_labeling.topreward_qwen_scorer INFO: Prefix 2/8 (end=18, n_frames=4/19): reward=-19.5000 (mean, 1 tok)
2026-04-30 15:21:06,649 mme_vla_suite.pseudo_labeling.topreward_qwen_scorer INFO: Prefix 3/8 (end=29, n_frames=6/30): reward=-19.0000 (mean, 1 tok)
2026-04-30 15:21:13,531 mme_vla_suite.pseudo_labeling.topreward_qwen_scorer INFO: Prefix 4/8 (end=39, n_frames=8/40): reward=-17.3750 (mean, 1 tok)
2026-04-30 15:21:20,693 mme_vla_suite.pseudo_labeling.topreward_qwen_scorer INFO: Prefix 5/8 (end=50, n_frames=10/51): reward=-17.8750 (mean, 1 tok)
2026-04-30 15:21:27,585 mme_vla_suite.pseudo_labeling.topreward_qwen_scorer INFO: Prefix 6/8 (end=60, n_frames=12/61): reward=-19.0000 (mean, 1 tok)
2026-04-30 15:21:34,461 mme_vla_suite.pseudo_labeling.topreward_qwen_scorer INFO: Prefix 7/8 (end=71, n_frames=14/72): reward=-18.8750 (mean, 1 tok)
2026-04-30 15:21:41,388 mme_vla_suite.pseudo_labeling.topreward_qwen_scorer INFO: Prefix 8/8 (end=82, n_frames=17/83): reward=-18.7500 (mean, 1 tok)
2026-04-30 15:21:49,238 mme_vla_suite.pseudo_labeling.topreward_qwen_scorer INFO: Prefix 1/8 (end=11, n_frames=4/12): reward=-17.6250 (mean, 1 tok)
2026-04-30 15:21:56,113 mme_vla_suite.pseudo_labeling.topreward_qwen_scorer INFO: Prefix 2/8 (end=25, n_frames=5/26): reward=-17.3750 (mean, 1 tok)
2026-04-30 15:22:02,997 mme_vla_suite.pseudo_labeling.topreward_qwen_scorer INFO: Prefix 3/8 (end=40, n_frames=8/41): reward=-16.1250 (mean, 1 tok)
2026-04-30 15:22:09,870 mme_vla_suite.pseudo_labeling.topreward_qwen_scorer INFO: Prefix 4/8 (end=55, n_frames=11/56): reward=-14.3750 (mean, 1 tok)
2026-04-30 15:22:16,764 mme_vla_suite.pseudo_labeling.topreward_qwen_scorer INFO: Prefix 5/8 (end=69, n_frames=14/70): reward=-15.8750 (mean, 1 tok)
2026-04-30 15:22:23,642 mme_vla_suite.pseudo_labeling.topreward_qwen_scorer INFO: Prefix 6/8 (end=84, n_frames=17/85): reward=-16.2500 (mean, 1 tok)
2026-04-30 15:22:30,574 mme_vla_suite.pseudo_labeling.topreward_qwen_scorer INFO: Prefix 7/8 (end=99, n_frames=20/100): reward=-16.0000 (mean, 1 tok)
2026-04-30 15:22:37,524 mme_vla_suite.pseudo_labeling.topreward_qwen_scorer INFO: Prefix 8/8 (end=114, n_frames=23/115): reward=-14.8750 (mean, 1 tok)
2026-04-30 15:22:45,302 mme_vla_suite.pseudo_labeling.topreward_qwen_scorer INFO: Prefix 1/8 (end=6, n_frames=4/7): reward=-21.2500 (mean, 1 tok)
2026-04-30 15:22:52,149 mme_vla_suite.pseudo_labeling.topreward_qwen_scorer INFO: Prefix 2/8 (end=14, n_frames=4/15): reward=-21.1250 (mean, 1 tok)
2026-04-30 15:22:58,988 mme_vla_suite.pseudo_labeling.topreward_qwen_scorer INFO: Prefix 3/8 (end=22, n_frames=5/23): reward=-21.1250 (mean, 1 tok)
2026-04-30 15:23:05,843 mme_vla_suite.pseudo_labeling.topreward_qwen_scorer INFO: Prefix 4/8 (end=31, n_frames=6/32): reward=-18.7500 (mean, 1 tok)
2026-04-30 15:23:12,726 mme_vla_suite.pseudo_labeling.topreward_qwen_scorer INFO: Prefix 5/8 (end=39, n_frames=8/40): reward=-19.3750 (mean, 1 tok)
2026-04-30 15:23:19,670 mme_vla_suite.pseudo_labeling.topreward_qwen_scorer INFO: Prefix 6/8 (end=48, n_frames=10/49): reward=-18.7500 (mean, 1 tok)
2026-04-30 15:23:26,578 mme_vla_suite.pseudo_labeling.topreward_qwen_scorer INFO: Prefix 7/8 (end=56, n_frames=11/57): reward=-16.8750 (mean, 1 tok)
2026-04-30 15:23:33,491 mme_vla_suite.pseudo_labeling.topreward_qwen_scorer INFO: Prefix 8/8 (end=65, n_frames=13/66): reward=-19.1250 (mean, 1 tok)
2026-04-30 15:23:41,425 mme_vla_suite.pseudo_labeling.topreward_qwen_scorer INFO: Prefix 1/8 (end=8, n_frames=4/9): reward=-20.8750 (mean, 1 tok)
2026-04-30 15:23:48,274 mme_vla_suite.pseudo_labeling.topreward_qwen_scorer INFO: Prefix 2/8 (end=18, n_frames=4/19): reward=-20.8750 (mean, 1 tok)
2026-04-30 15:23:55,135 mme_vla_suite.pseudo_labeling.topreward_qwen_scorer INFO: Prefix 3/8 (end=29, n_frames=6/30): reward=-19.5000 (mean, 1 tok)
2026-04-30 15:24:01,997 mme_vla_suite.pseudo_labeling.topreward_qwen_scorer INFO: Prefix 4/8 (end=40, n_frames=8/41): reward=-19.1250 (mean, 1 tok)
2026-04-30 15:24:08,881 mme_vla_suite.pseudo_labeling.topreward_qwen_scorer INFO: Prefix 5/8 (end=50, n_frames=10/51): reward=-20.1250 (mean, 1 tok)
2026-04-30 15:24:15,770 mme_vla_suite.pseudo_labeling.topreward_qwen_scorer INFO: Prefix 6/8 (end=61, n_frames=12/62): reward=-19.0000 (mean, 1 tok)
2026-04-30 15:24:22,683 mme_vla_suite.pseudo_labeling.topreward_qwen_scorer INFO: Prefix 7/8 (end=72, n_frames=15/73): reward=-19.2500 (mean, 1 tok)
2026-04-30 15:24:29,606 mme_vla_suite.pseudo_labeling.topreward_qwen_scorer INFO: Prefix 8/8 (end=83, n_frames=17/84): reward=-19.8750 (mean, 1 tok)
2026-04-30 15:24:37,738 mme_vla_suite.pseudo_labeling.topreward_qwen_scorer INFO: Prefix 1/8 (end=11, n_frames=4/12): reward=-19.7500 (mean, 1 tok)
2026-04-30 15:24:44,629 mme_vla_suite.pseudo_labeling.topreward_qwen_scorer INFO: Prefix 2/8 (end=25, n_frames=5/26): reward=-20.0000 (mean, 1 tok)
2026-04-30 15:24:51,492 mme_vla_suite.pseudo_labeling.topreward_qwen_scorer INFO: Prefix 3/8 (end=39, n_frames=8/40): reward=-17.5000 (mean, 1 tok)
2026-04-30 15:24:58,366 mme_vla_suite.pseudo_labeling.topreward_qwen_scorer INFO: Prefix 4/8 (end=54, n_frames=11/55): reward=-16.0000 (mean, 1 tok)
2026-04-30 15:25:05,270 mme_vla_suite.pseudo_labeling.topreward_qwen_scorer INFO: Prefix 5/8 (end=68, n_frames=14/69): reward=-16.5000 (mean, 1 tok)
2026-04-30 15:25:12,199 mme_vla_suite.pseudo_labeling.topreward_qwen_scorer INFO: Prefix 6/8 (end=83, n_frames=17/84): reward=-16.0000 (mean, 1 tok)
2026-04-30 15:25:19,135 mme_vla_suite.pseudo_labeling.topreward_qwen_scorer INFO: Prefix 7/8 (end=97, n_frames=20/98): reward=-16.1250 (mean, 1 tok)
2026-04-30 15:25:26,115 mme_vla_suite.pseudo_labeling.topreward_qwen_scorer INFO: Prefix 8/8 (end=112, n_frames=23/113): reward=-15.7500 (mean, 1 tok)
2026-04-30 15:25:33,908 mme_vla_suite.pseudo_labeling.topreward_qwen_scorer INFO: Prefix 1/8 (end=7, n_frames=4/8): reward=-19.8750 (mean, 1 tok)
2026-04-30 15:25:40,761 mme_vla_suite.pseudo_labeling.topreward_qwen_scorer INFO: Prefix 2/8 (end=16, n_frames=4/17): reward=-19.3750 (mean, 1 tok)
2026-04-30 15:25:47,615 mme_vla_suite.pseudo_labeling.topreward_qwen_scorer INFO: Prefix 3/8 (end=25, n_frames=5/26): reward=-19.0000 (mean, 1 tok)
2026-04-30 15:25:54,487 mme_vla_suite.pseudo_labeling.topreward_qwen_scorer INFO: Prefix 4/8 (end=34, n_frames=7/35): reward=-19.5000 (mean, 1 tok)
2026-04-30 15:26:01,370 mme_vla_suite.pseudo_labeling.topreward_qwen_scorer INFO: Prefix 5/8 (end=44, n_frames=9/45): reward=-19.1250 (mean, 1 tok)
2026-04-30 15:26:08,255 mme_vla_suite.pseudo_labeling.topreward_qwen_scorer INFO: Prefix 6/8 (end=53, n_frames=11/54): reward=-18.1250 (mean, 1 tok)
2026-04-30 15:26:15,143 mme_vla_suite.pseudo_labeling.topreward_qwen_scorer INFO: Prefix 7/8 (end=62, n_frames=13/63): reward=-18.3750 (mean, 1 tok)
2026-04-30 15:26:22,030 mme_vla_suite.pseudo_labeling.topreward_qwen_scorer INFO: Prefix 8/8 (end=72, n_frames=15/73): reward=-18.2500 (mean, 1 tok)
2026-04-30 15:26:29,938 mme_vla_suite.pseudo_labeling.topreward_qwen_scorer INFO: Prefix 1/8 (end=8, n_frames=4/9): reward=-19.7500 (mean, 1 tok)
2026-04-30 15:26:36,785 mme_vla_suite.pseudo_labeling.topreward_qwen_scorer INFO: Prefix 2/8 (end=19, n_frames=4/20): reward=-19.1250 (mean, 1 tok)
2026-04-30 15:26:43,674 mme_vla_suite.pseudo_labeling.topreward_qwen_scorer INFO: Prefix 3/8 (end=30, n_frames=6/31): reward=-19.1250 (mean, 1 tok)
2026-04-30 15:26:50,532 mme_vla_suite.pseudo_labeling.topreward_qwen_scorer INFO: Prefix 4/8 (end=41, n_frames=8/42): reward=-19.6250 (mean, 1 tok)
2026-04-30 15:26:57,408 mme_vla_suite.pseudo_labeling.topreward_qwen_scorer INFO: Prefix 5/8 (end=52, n_frames=11/53): reward=-18.6250 (mean, 1 tok)
2026-04-30 15:27:04,284 mme_vla_suite.pseudo_labeling.topreward_qwen_scorer INFO: Prefix 6/8 (end=63, n_frames=13/64): reward=-17.7500 (mean, 1 tok)
2026-04-30 15:27:11,167 mme_vla_suite.pseudo_labeling.topreward_qwen_scorer INFO: Prefix 7/8 (end=74, n_frames=15/75): reward=-18.1250 (mean, 1 tok)
2026-04-30 15:27:18,047 mme_vla_suite.pseudo_labeling.topreward_qwen_scorer INFO: Prefix 8/8 (end=85, n_frames=17/86): reward=-17.3750 (mean, 1 tok)
2026-04-30 15:27:26,147 mme_vla_suite.pseudo_labeling.topreward_qwen_scorer INFO: Prefix 1/8 (end=11, n_frames=4/12): reward=-18.2500 (mean, 1 tok)
2026-04-30 15:27:33,000 mme_vla_suite.pseudo_labeling.topreward_qwen_scorer INFO: Prefix 2/8 (end=26, n_frames=5/27): reward=-18.8750 (mean, 1 tok)
2026-04-30 15:27:39,878 mme_vla_suite.pseudo_labeling.topreward_qwen_scorer INFO: Prefix 3/8 (end=41, n_frames=8/42): reward=-17.1250 (mean, 1 tok)
2026-04-30 15:27:46,770 mme_vla_suite.pseudo_labeling.topreward_qwen_scorer INFO: Prefix 4/8 (end=56, n_frames=11/57): reward=-16.1250 (mean, 1 tok)
2026-04-30 15:27:53,632 mme_vla_suite.pseudo_labeling.topreward_qwen_scorer INFO: Prefix 5/8 (end=71, n_frames=14/72): reward=-16.3750 (mean, 1 tok)
2026-04-30 15:28:00,522 mme_vla_suite.pseudo_labeling.topreward_qwen_scorer INFO: Prefix 6/8 (end=86, n_frames=17/87): reward=-16.6250 (mean, 1 tok)
2026-04-30 15:28:07,475 mme_vla_suite.pseudo_labeling.topreward_qwen_scorer INFO: Prefix 7/8 (end=101, n_frames=20/102): reward=-15.5000 (mean, 1 tok)
2026-04-30 15:28:14,458 mme_vla_suite.pseudo_labeling.topreward_qwen_scorer INFO: Prefix 8/8 (end=117, n_frames=24/118): reward=-16.1250 (mean, 1 tok)
2026-04-30 15:28:22,432 mme_vla_suite.pseudo_labeling.topreward_qwen_scorer INFO: Prefix 1/8 (end=7, n_frames=4/8): reward=-19.3750 (mean, 1 tok)
2026-04-30 15:28:29,275 mme_vla_suite.pseudo_labeling.topreward_qwen_scorer INFO: Prefix 2/8 (end=16, n_frames=4/17): reward=-19.1250 (mean, 1 tok)
2026-04-30 15:28:36,102 mme_vla_suite.pseudo_labeling.topreward_qwen_scorer INFO: Prefix 3/8 (end=26, n_frames=5/27): reward=-18.7500 (mean, 1 tok)
2026-04-30 15:28:42,939 mme_vla_suite.pseudo_labeling.topreward_qwen_scorer INFO: Prefix 4/8 (end=35, n_frames=7/36): reward=-19.7500 (mean, 1 tok)
2026-04-30 15:28:49,777 mme_vla_suite.pseudo_labeling.topreward_qwen_scorer INFO: Prefix 5/8 (end=45, n_frames=9/46): reward=-19.5000 (mean, 1 tok)
2026-04-30 15:28:56,610 mme_vla_suite.pseudo_labeling.topreward_qwen_scorer INFO: Prefix 6/8 (end=54, n_frames=11/55): reward=-19.7500 (mean, 1 tok)
2026-04-30 15:29:03,464 mme_vla_suite.pseudo_labeling.topreward_qwen_scorer INFO: Prefix 7/8 (end=64, n_frames=13/65): reward=-19.8750 (mean, 1 tok)
2026-04-30 15:29:10,316 mme_vla_suite.pseudo_labeling.topreward_qwen_scorer INFO: Prefix 8/8 (end=74, n_frames=15/75): reward=-19.2500 (mean, 1 tok)
2026-04-30 15:29:18,315 mme_vla_suite.pseudo_labeling.topreward_qwen_scorer INFO: Prefix 1/8 (end=8, n_frames=4/9): reward=-19.2500 (mean, 1 tok)
2026-04-30 15:29:25,119 mme_vla_suite.pseudo_labeling.topreward_qwen_scorer INFO: Prefix 2/8 (end=19, n_frames=4/20): reward=-19.0000 (mean, 1 tok)
2026-04-30 15:29:31,948 mme_vla_suite.pseudo_labeling.topreward_qwen_scorer INFO: Prefix 3/8 (end=30, n_frames=6/31): reward=-20.0000 (mean, 1 tok)
2026-04-30 15:29:38,824 mme_vla_suite.pseudo_labeling.topreward_qwen_scorer INFO: Prefix 4/8 (end=42, n_frames=9/43): reward=-19.6250 (mean, 1 tok)
2026-04-30 15:29:45,722 mme_vla_suite.pseudo_labeling.topreward_qwen_scorer INFO: Prefix 5/8 (end=53, n_frames=11/54): reward=-19.7500 (mean, 1 tok)
2026-04-30 15:29:52,621 mme_vla_suite.pseudo_labeling.topreward_qwen_scorer INFO: Prefix 6/8 (end=65, n_frames=13/66): reward=-19.1250 (mean, 1 tok)
2026-04-30 15:29:59,521 mme_vla_suite.pseudo_labeling.topreward_qwen_scorer INFO: Prefix 7/8 (end=76, n_frames=15/77): reward=-19.3750 (mean, 1 tok)
2026-04-30 15:30:06,449 mme_vla_suite.pseudo_labeling.topreward_qwen_scorer INFO: Prefix 8/8 (end=88, n_frames=18/89): reward=-18.6250 (mean, 1 tok)
2026-04-30 15:30:14,493 mme_vla_suite.pseudo_labeling.topreward_qwen_scorer INFO: Prefix 1/8 (end=11, n_frames=4/12): reward=-18.6250 (mean, 1 tok)
2026-04-30 15:30:21,362 mme_vla_suite.pseudo_labeling.topreward_qwen_scorer INFO: Prefix 2/8 (end=25, n_frames=5/26): reward=-18.5000 (mean, 1 tok)
2026-04-30 15:30:28,250 mme_vla_suite.pseudo_labeling.topreward_qwen_scorer INFO: Prefix 3/8 (end=39, n_frames=8/40): reward=-17.3750 (mean, 1 tok)
2026-04-30 15:30:35,128 mme_vla_suite.pseudo_labeling.topreward_qwen_scorer INFO: Prefix 4/8 (end=54, n_frames=11/55): reward=-16.3750 (mean, 1 tok)
2026-04-30 15:30:42,026 mme_vla_suite.pseudo_labeling.topreward_qwen_scorer INFO: Prefix 5/8 (end=68, n_frames=14/69): reward=-17.7500 (mean, 1 tok)
2026-04-30 15:30:48,935 mme_vla_suite.pseudo_labeling.topreward_qwen_scorer INFO: Prefix 6/8 (end=83, n_frames=17/84): reward=-16.6250 (mean, 1 tok)
2026-04-30 15:30:55,843 mme_vla_suite.pseudo_labeling.topreward_qwen_scorer INFO: Prefix 7/8 (end=97, n_frames=20/98): reward=-16.8750 (mean, 1 tok)
2026-04-30 15:31:02,796 mme_vla_suite.pseudo_labeling.topreward_qwen_scorer INFO: Prefix 8/8 (end=112, n_frames=23/113): reward=-16.3750 (mean, 1 tok)
2026-04-30 15:31:10,683 mme_vla_suite.pseudo_labeling.topreward_qwen_scorer INFO: Prefix 1/8 (end=6, n_frames=4/7): reward=-19.2500 (mean, 1 tok)
2026-04-30 15:31:17,537 mme_vla_suite.pseudo_labeling.topreward_qwen_scorer INFO: Prefix 2/8 (end=14, n_frames=4/15): reward=-19.2500 (mean, 1 tok)
2026-04-30 15:31:24,406 mme_vla_suite.pseudo_labeling.topreward_qwen_scorer INFO: Prefix 3/8 (end=23, n_frames=5/24): reward=-17.5000 (mean, 1 tok)
2026-04-30 15:31:31,252 mme_vla_suite.pseudo_labeling.topreward_qwen_scorer INFO: Prefix 4/8 (end=32, n_frames=7/33): reward=-18.7500 (mean, 1 tok)
2026-04-30 15:31:38,111 mme_vla_suite.pseudo_labeling.topreward_qwen_scorer INFO: Prefix 5/8 (end=40, n_frames=8/41): reward=-17.8750 (mean, 1 tok)
2026-04-30 15:31:45,018 mme_vla_suite.pseudo_labeling.topreward_qwen_scorer INFO: Prefix 6/8 (end=49, n_frames=10/50): reward=-18.3750 (mean, 1 tok)
2026-04-30 15:31:51,905 mme_vla_suite.pseudo_labeling.topreward_qwen_scorer INFO: Prefix 7/8 (end=58, n_frames=12/59): reward=-18.5000 (mean, 1 tok)
2026-04-30 15:31:58,818 mme_vla_suite.pseudo_labeling.topreward_qwen_scorer INFO: Prefix 8/8 (end=67, n_frames=14/68): reward=-18.5000 (mean, 1 tok)
2026-04-30 15:32:06,572 mme_vla_suite.pseudo_labeling.topreward_qwen_scorer INFO: Prefix 1/8 (end=8, n_frames=4/9): reward=-18.7500 (mean, 1 tok)
2026-04-30 15:32:13,418 mme_vla_suite.pseudo_labeling.topreward_qwen_scorer INFO: Prefix 2/8 (end=18, n_frames=4/19): reward=-18.0000 (mean, 1 tok)
2026-04-30 15:32:20,281 mme_vla_suite.pseudo_labeling.topreward_qwen_scorer INFO: Prefix 3/8 (end=28, n_frames=6/29): reward=-18.1250 (mean, 1 tok)
2026-04-30 15:32:27,148 mme_vla_suite.pseudo_labeling.topreward_qwen_scorer INFO: Prefix 4/8 (end=38, n_frames=8/39): reward=-18.8750 (mean, 1 tok)
2026-04-30 15:32:34,011 mme_vla_suite.pseudo_labeling.topreward_qwen_scorer INFO: Prefix 5/8 (end=48, n_frames=10/49): reward=-18.6250 (mean, 1 tok)
2026-04-30 15:32:40,894 mme_vla_suite.pseudo_labeling.topreward_qwen_scorer INFO: Prefix 6/8 (end=58, n_frames=12/59): reward=-18.5000 (mean, 1 tok)
2026-04-30 15:32:47,784 mme_vla_suite.pseudo_labeling.topreward_qwen_scorer INFO: Prefix 7/8 (end=68, n_frames=14/69): reward=-19.1250 (mean, 1 tok)
2026-04-30 15:32:54,705 mme_vla_suite.pseudo_labeling.topreward_qwen_scorer INFO: Prefix 8/8 (end=79, n_frames=16/80): reward=-18.8750 (mean, 1 tok)
2026-04-30 15:33:02,683 mme_vla_suite.pseudo_labeling.topreward_qwen_scorer INFO: Prefix 1/8 (end=11, n_frames=4/12): reward=-19.7500 (mean, 1 tok)
2026-04-30 15:33:09,539 mme_vla_suite.pseudo_labeling.topreward_qwen_scorer INFO: Prefix 2/8 (end=26, n_frames=5/27): reward=-19.3750 (mean, 1 tok)
2026-04-30 15:33:16,408 mme_vla_suite.pseudo_labeling.topreward_qwen_scorer INFO: Prefix 3/8 (end=41, n_frames=8/42): reward=-18.3750 (mean, 1 tok)
2026-04-30 15:33:23,272 mme_vla_suite.pseudo_labeling.topreward_qwen_scorer INFO: Prefix 4/8 (end=56, n_frames=11/57): reward=-16.8750 (mean, 1 tok)
2026-04-30 15:33:30,180 mme_vla_suite.pseudo_labeling.topreward_qwen_scorer INFO: Prefix 5/8 (end=71, n_frames=14/72): reward=-17.7500 (mean, 1 tok)
2026-04-30 15:33:37,111 mme_vla_suite.pseudo_labeling.topreward_qwen_scorer INFO: Prefix 6/8 (end=86, n_frames=17/87): reward=-17.3750 (mean, 1 tok)
2026-04-30 15:33:44,042 mme_vla_suite.pseudo_labeling.topreward_qwen_scorer INFO: Prefix 7/8 (end=101, n_frames=20/102): reward=-18.6250 (mean, 1 tok)
2026-04-30 15:33:51,013 mme_vla_suite.pseudo_labeling.topreward_qwen_scorer INFO: Prefix 8/8 (end=117, n_frames=24/118): reward=-17.0000 (mean, 1 tok)
2026-04-30 15:33:58,840 mme_vla_suite.pseudo_labeling.topreward_qwen_scorer INFO: Prefix 1/8 (end=7, n_frames=4/8): reward=-19.6250 (mean, 1 tok)
2026-04-30 15:34:05,632 mme_vla_suite.pseudo_labeling.topreward_qwen_scorer INFO: Prefix 2/8 (end=16, n_frames=4/17): reward=-18.8750 (mean, 1 tok)
2026-04-30 15:34:12,486 mme_vla_suite.pseudo_labeling.topreward_qwen_scorer INFO: Prefix 3/8 (end=25, n_frames=5/26): reward=-19.5000 (mean, 1 tok)
2026-04-30 15:34:19,330 mme_vla_suite.pseudo_labeling.topreward_qwen_scorer INFO: Prefix 4/8 (end=34, n_frames=7/35): reward=-20.2500 (mean, 1 tok)
2026-04-30 15:34:26,239 mme_vla_suite.pseudo_labeling.topreward_qwen_scorer INFO: Prefix 5/8 (end=44, n_frames=9/45): reward=-18.5000 (mean, 1 tok)
2026-04-30 15:34:33,126 mme_vla_suite.pseudo_labeling.topreward_qwen_scorer INFO: Prefix 6/8 (end=53, n_frames=11/54): reward=-19.7500 (mean, 1 tok)
2026-04-30 15:34:40,030 mme_vla_suite.pseudo_labeling.topreward_qwen_scorer INFO: Prefix 7/8 (end=62, n_frames=13/63): reward=-17.7500 (mean, 1 tok)
2026-04-30 15:34:46,944 mme_vla_suite.pseudo_labeling.topreward_qwen_scorer INFO: Prefix 8/8 (end=72, n_frames=15/73): reward=-19.7500 (mean, 1 tok)
2026-04-30 15:34:54,959 mme_vla_suite.pseudo_labeling.topreward_qwen_scorer INFO: Prefix 1/8 (end=8, n_frames=4/9): reward=-20.0000 (mean, 1 tok)
2026-04-30 15:35:01,814 mme_vla_suite.pseudo_labeling.topreward_qwen_scorer INFO: Prefix 2/8 (end=19, n_frames=4/20): reward=-19.1250 (mean, 1 tok)
2026-04-30 15:35:08,667 mme_vla_suite.pseudo_labeling.topreward_qwen_scorer INFO: Prefix 3/8 (end=30, n_frames=6/31): reward=-20.1250 (mean, 1 tok)
2026-04-30 15:35:15,551 mme_vla_suite.pseudo_labeling.topreward_qwen_scorer INFO: Prefix 4/8 (end=41, n_frames=8/42): reward=-19.3750 (mean, 1 tok)
2026-04-30 15:35:22,459 mme_vla_suite.pseudo_labeling.topreward_qwen_scorer INFO: Prefix 5/8 (end=52, n_frames=11/53): reward=-18.1250 (mean, 1 tok)
2026-04-30 15:35:29,334 mme_vla_suite.pseudo_labeling.topreward_qwen_scorer INFO: Prefix 6/8 (end=63, n_frames=13/64): reward=-18.3750 (mean, 1 tok)
2026-04-30 15:35:36,225 mme_vla_suite.pseudo_labeling.topreward_qwen_scorer INFO: Prefix 7/8 (end=74, n_frames=15/75): reward=-19.0000 (mean, 1 tok)
2026-04-30 15:35:43,150 mme_vla_suite.pseudo_labeling.topreward_qwen_scorer INFO: Prefix 8/8 (end=85, n_frames=17/86): reward=-17.6250 (mean, 1 tok)
2026-04-30 15:35:51,504 mme_vla_suite.pseudo_labeling.topreward_qwen_scorer INFO: Prefix 1/8 (end=11, n_frames=4/12): reward=-19.8750 (mean, 1 tok)
2026-04-30 15:35:58,342 mme_vla_suite.pseudo_labeling.topreward_qwen_scorer INFO: Prefix 2/8 (end=26, n_frames=5/27): reward=-20.3750 (mean, 1 tok)
2026-04-30 15:36:05,161 mme_vla_suite.pseudo_labeling.topreward_qwen_scorer INFO: Prefix 3/8 (end=41, n_frames=8/42): reward=-17.6250 (mean, 1 tok)
2026-04-30 15:36:12,001 mme_vla_suite.pseudo_labeling.topreward_qwen_scorer INFO: Prefix 4/8 (end=56, n_frames=11/57): reward=-16.5000 (mean, 1 tok)
2026-04-30 15:36:18,859 mme_vla_suite.pseudo_labeling.topreward_qwen_scorer INFO: Prefix 5/8 (end=71, n_frames=14/72): reward=-16.2500 (mean, 1 tok)
2026-04-30 15:36:25,742 mme_vla_suite.pseudo_labeling.topreward_qwen_scorer INFO: Prefix 6/8 (end=86, n_frames=17/87): reward=-16.0000 (mean, 1 tok)
2026-04-30 15:36:32,684 mme_vla_suite.pseudo_labeling.topreward_qwen_scorer INFO: Prefix 7/8 (end=101, n_frames=20/102): reward=-15.8750 (mean, 1 tok)
2026-04-30 15:36:39,648 mme_vla_suite.pseudo_labeling.topreward_qwen_scorer INFO: Prefix 8/8 (end=117, n_frames=24/118): reward=-15.2500 (mean, 1 tok)
2026-04-30 15:36:47,365 mme_vla_suite.pseudo_labeling.topreward_qwen_scorer INFO: Prefix 1/8 (end=6, n_frames=4/7): reward=-19.3750 (mean, 1 tok)
2026-04-30 15:36:54,193 mme_vla_suite.pseudo_labeling.topreward_qwen_scorer INFO: Prefix 2/8 (end=14, n_frames=4/15): reward=-19.6250 (mean, 1 tok)
2026-04-30 15:37:01,050 mme_vla_suite.pseudo_labeling.topreward_qwen_scorer INFO: Prefix 3/8 (end=23, n_frames=5/24): reward=-18.0000 (mean, 1 tok)
2026-04-30 15:37:07,889 mme_vla_suite.pseudo_labeling.topreward_qwen_scorer INFO: Prefix 4/8 (end=32, n_frames=7/33): reward=-18.3750 (mean, 1 tok)
2026-04-30 15:37:14,737 mme_vla_suite.pseudo_labeling.topreward_qwen_scorer INFO: Prefix 5/8 (end=40, n_frames=8/41): reward=-19.1250 (mean, 1 tok)
2026-04-30 15:37:21,603 mme_vla_suite.pseudo_labeling.topreward_qwen_scorer INFO: Prefix 6/8 (end=49, n_frames=10/50): reward=-17.6250 (mean, 1 tok)
2026-04-30 15:37:28,477 mme_vla_suite.pseudo_labeling.topreward_qwen_scorer INFO: Prefix 7/8 (end=58, n_frames=12/59): reward=-18.2500 (mean, 1 tok)
2026-04-30 15:37:35,351 mme_vla_suite.pseudo_labeling.topreward_qwen_scorer INFO: Prefix 8/8 (end=67, n_frames=14/68): reward=-19.2500 (mean, 1 tok)
2026-04-30 15:37:43,335 mme_vla_suite.pseudo_labeling.topreward_qwen_scorer INFO: Prefix 1/8 (end=8, n_frames=4/9): reward=-19.3750 (mean, 1 tok)
2026-04-30 15:37:50,175 mme_vla_suite.pseudo_labeling.topreward_qwen_scorer INFO: Prefix 2/8 (end=18, n_frames=4/19): reward=-19.7500 (mean, 1 tok)
2026-04-30 15:37:57,020 mme_vla_suite.pseudo_labeling.topreward_qwen_scorer INFO: Prefix 3/8 (end=29, n_frames=6/30): reward=-18.3750 (mean, 1 tok)
2026-04-30 15:38:03,865 mme_vla_suite.pseudo_labeling.topreward_qwen_scorer INFO: Prefix 4/8 (end=40, n_frames=8/41): reward=-19.1250 (mean, 1 tok)
2026-04-30 15:38:10,755 mme_vla_suite.pseudo_labeling.topreward_qwen_scorer INFO: Prefix 5/8 (end=50, n_frames=10/51): reward=-18.1250 (mean, 1 tok)
2026-04-30 15:38:17,628 mme_vla_suite.pseudo_labeling.topreward_qwen_scorer INFO: Prefix 6/8 (end=61, n_frames=12/62): reward=-18.7500 (mean, 1 tok)
2026-04-30 15:38:24,513 mme_vla_suite.pseudo_labeling.topreward_qwen_scorer INFO: Prefix 7/8 (end=72, n_frames=15/73): reward=-18.0000 (mean, 1 tok)
2026-04-30 15:38:31,426 mme_vla_suite.pseudo_labeling.topreward_qwen_scorer INFO: Prefix 8/8 (end=83, n_frames=17/84): reward=-18.5000 (mean, 1 tok)
2026-04-30 15:38:39,619 mme_vla_suite.pseudo_labeling.topreward_qwen_scorer INFO: Prefix 1/8 (end=11, n_frames=4/12): reward=-18.8750 (mean, 1 tok)
2026-04-30 15:38:46,465 mme_vla_suite.pseudo_labeling.topreward_qwen_scorer INFO: Prefix 2/8 (end=25, n_frames=5/26): reward=-19.2500 (mean, 1 tok)
2026-04-30 15:38:53,327 mme_vla_suite.pseudo_labeling.topreward_qwen_scorer INFO: Prefix 3/8 (end=39, n_frames=8/40): reward=-17.3750 (mean, 1 tok)
2026-04-30 15:39:00,191 mme_vla_suite.pseudo_labeling.topreward_qwen_scorer INFO: Prefix 4/8 (end=54, n_frames=11/55): reward=-15.6250 (mean, 1 tok)
2026-04-30 15:39:07,101 mme_vla_suite.pseudo_labeling.topreward_qwen_scorer INFO: Prefix 5/8 (end=68, n_frames=14/69): reward=-15.7500 (mean, 1 tok)
2026-04-30 15:39:14,030 mme_vla_suite.pseudo_labeling.topreward_qwen_scorer INFO: Prefix 6/8 (end=83, n_frames=17/84): reward=-15.5000 (mean, 1 tok)
2026-04-30 15:39:20,968 mme_vla_suite.pseudo_labeling.topreward_qwen_scorer INFO: Prefix 7/8 (end=97, n_frames=20/98): reward=-15.8750 (mean, 1 tok)
2026-04-30 15:39:27,901 mme_vla_suite.pseudo_labeling.topreward_qwen_scorer INFO: Prefix 8/8 (end=112, n_frames=23/113): reward=-14.5000 (mean, 1 tok)
2026-04-30 15:39:35,488 mme_vla_suite.pseudo_labeling.topreward_qwen_scorer INFO: Prefix 1/8 (end=7, n_frames=4/8): reward=-19.3750 (mean, 1 tok)
2026-04-30 15:39:42,355 mme_vla_suite.pseudo_labeling.topreward_qwen_scorer INFO: Prefix 2/8 (end=16, n_frames=4/17): reward=-18.7500 (mean, 1 tok)
2026-04-30 15:39:49,213 mme_vla_suite.pseudo_labeling.topreward_qwen_scorer INFO: Prefix 3/8 (end=26, n_frames=5/27): reward=-18.6250 (mean, 1 tok)
2026-04-30 15:39:56,090 mme_vla_suite.pseudo_labeling.topreward_qwen_scorer INFO: Prefix 4/8 (end=36, n_frames=7/37): reward=-19.0000 (mean, 1 tok)
2026-04-30 15:40:02,929 mme_vla_suite.pseudo_labeling.topreward_qwen_scorer INFO: Prefix 5/8 (end=46, n_frames=9/47): reward=-18.6250 (mean, 1 tok)
2026-04-30 15:40:09,764 mme_vla_suite.pseudo_labeling.topreward_qwen_scorer INFO: Prefix 6/8 (end=56, n_frames=11/57): reward=-18.6250 (mean, 1 tok)
2026-04-30 15:40:16,647 mme_vla_suite.pseudo_labeling.topreward_qwen_scorer INFO: Prefix 7/8 (end=66, n_frames=13/67): reward=-18.8750 (mean, 1 tok)
2026-04-30 15:40:23,560 mme_vla_suite.pseudo_labeling.topreward_qwen_scorer INFO: Prefix 8/8 (end=76, n_frames=15/77): reward=-18.3750 (mean, 1 tok)
2026-04-30 15:40:31,447 mme_vla_suite.pseudo_labeling.topreward_qwen_scorer INFO: Prefix 1/8 (end=9, n_frames=4/10): reward=-19.3750 (mean, 1 tok)
2026-04-30 15:40:38,299 mme_vla_suite.pseudo_labeling.topreward_qwen_scorer INFO: Prefix 2/8 (end=20, n_frames=4/21): reward=-18.6250 (mean, 1 tok)
2026-04-30 15:40:45,132 mme_vla_suite.pseudo_labeling.topreward_qwen_scorer INFO: Prefix 3/8 (end=31, n_frames=6/32): reward=-18.7500 (mean, 1 tok)
2026-04-30 15:40:52,005 mme_vla_suite.pseudo_labeling.topreward_qwen_scorer INFO: Prefix 4/8 (end=43, n_frames=9/44): reward=-19.0000 (mean, 1 tok)
2026-04-30 15:40:58,836 mme_vla_suite.pseudo_labeling.topreward_qwen_scorer INFO: Prefix 5/8 (end=54, n_frames=11/55): reward=-19.1250 (mean, 1 tok)
2026-04-30 15:41:05,659 mme_vla_suite.pseudo_labeling.topreward_qwen_scorer INFO: Prefix 6/8 (end=66, n_frames=13/67): reward=-18.8750 (mean, 1 tok)
2026-04-30 15:41:12,520 mme_vla_suite.pseudo_labeling.topreward_qwen_scorer INFO: Prefix 7/8 (end=77, n_frames=16/78): reward=-19.2500 (mean, 1 tok)
2026-04-30 15:41:19,400 mme_vla_suite.pseudo_labeling.topreward_qwen_scorer INFO: Prefix 8/8 (end=89, n_frames=18/90): reward=-18.0000 (mean, 1 tok)
2026-04-30 15:41:27,457 mme_vla_suite.pseudo_labeling.topreward_qwen_scorer INFO: Prefix 1/8 (end=11, n_frames=4/12): reward=-18.2500 (mean, 1 tok)
2026-04-30 15:41:34,265 mme_vla_suite.pseudo_labeling.topreward_qwen_scorer INFO: Prefix 2/8 (end=25, n_frames=5/26): reward=-17.6250 (mean, 1 tok)
2026-04-30 15:41:41,100 mme_vla_suite.pseudo_labeling.topreward_qwen_scorer INFO: Prefix 3/8 (end=40, n_frames=8/41): reward=-16.6250 (mean, 1 tok)
2026-04-30 15:41:47,953 mme_vla_suite.pseudo_labeling.topreward_qwen_scorer INFO: Prefix 4/8 (end=54, n_frames=11/55): reward=-15.0000 (mean, 1 tok)
2026-04-30 15:41:54,816 mme_vla_suite.pseudo_labeling.topreward_qwen_scorer INFO: Prefix 5/8 (end=69, n_frames=14/70): reward=-16.2500 (mean, 1 tok)
2026-04-30 15:42:01,700 mme_vla_suite.pseudo_labeling.topreward_qwen_scorer INFO: Prefix 6/8 (end=83, n_frames=17/84): reward=-16.6250 (mean, 1 tok)
2026-04-30 15:42:08,630 mme_vla_suite.pseudo_labeling.topreward_qwen_scorer INFO: Prefix 7/8 (end=98, n_frames=20/99): reward=-15.2500 (mean, 1 tok)
2026-04-30 15:42:15,630 mme_vla_suite.pseudo_labeling.topreward_qwen_scorer INFO: Prefix 8/8 (end=113, n_frames=23/114): reward=-15.2500 (mean, 1 tok)
2026-04-30 15:42:23,557 mme_vla_suite.pseudo_labeling.topreward_qwen_scorer INFO: Prefix 1/8 (end=6, n_frames=4/7): reward=-20.6250 (mean, 1 tok)
2026-04-30 15:42:30,431 mme_vla_suite.pseudo_labeling.topreward_qwen_scorer INFO: Prefix 2/8 (end=14, n_frames=4/15): reward=-19.8750 (mean, 1 tok)
2026-04-30 15:42:37,308 mme_vla_suite.pseudo_labeling.topreward_qwen_scorer INFO: Prefix 3/8 (end=22, n_frames=5/23): reward=-19.0000 (mean, 1 tok)
2026-04-30 15:42:44,195 mme_vla_suite.pseudo_labeling.topreward_qwen_scorer INFO: Prefix 4/8 (end=30, n_frames=6/31): reward=-19.0000 (mean, 1 tok)
2026-04-30 15:42:51,084 mme_vla_suite.pseudo_labeling.topreward_qwen_scorer INFO: Prefix 5/8 (end=39, n_frames=8/40): reward=-19.5000 (mean, 1 tok)
2026-04-30 15:42:57,985 mme_vla_suite.pseudo_labeling.topreward_qwen_scorer INFO: Prefix 6/8 (end=47, n_frames=10/48): reward=-18.3750 (mean, 1 tok)
2026-04-30 15:43:04,868 mme_vla_suite.pseudo_labeling.topreward_qwen_scorer INFO: Prefix 7/8 (end=55, n_frames=11/56): reward=-17.7500 (mean, 1 tok)
2026-04-30 15:43:11,764 mme_vla_suite.pseudo_labeling.topreward_qwen_scorer INFO: Prefix 8/8 (end=64, n_frames=13/65): reward=-19.1250 (mean, 1 tok)
2026-04-30 15:43:19,864 mme_vla_suite.pseudo_labeling.topreward_qwen_scorer INFO: Prefix 1/8 (end=8, n_frames=4/9): reward=-18.8750 (mean, 1 tok)
2026-04-30 15:43:26,728 mme_vla_suite.pseudo_labeling.topreward_qwen_scorer INFO: Prefix 2/8 (end=18, n_frames=4/19): reward=-20.0000 (mean, 1 tok)
2026-04-30 15:43:33,588 mme_vla_suite.pseudo_labeling.topreward_qwen_scorer INFO: Prefix 3/8 (end=28, n_frames=6/29): reward=-19.3750 (mean, 1 tok)
2026-04-30 15:43:40,452 mme_vla_suite.pseudo_labeling.topreward_qwen_scorer INFO: Prefix 4/8 (end=38, n_frames=8/39): reward=-19.5000 (mean, 1 tok)
2026-04-30 15:43:47,348 mme_vla_suite.pseudo_labeling.topreward_qwen_scorer INFO: Prefix 5/8 (end=49, n_frames=10/50): reward=-18.6250 (mean, 1 tok)
2026-04-30 15:43:54,206 mme_vla_suite.pseudo_labeling.topreward_qwen_scorer INFO: Prefix 6/8 (end=59, n_frames=12/60): reward=-17.5000 (mean, 1 tok)
2026-04-30 15:44:01,075 mme_vla_suite.pseudo_labeling.topreward_qwen_scorer INFO: Prefix 7/8 (end=69, n_frames=14/70): reward=-19.0000 (mean, 1 tok)
2026-04-30 15:44:07,961 mme_vla_suite.pseudo_labeling.topreward_qwen_scorer INFO: Prefix 8/8 (end=80, n_frames=16/81): reward=-18.0000 (mean, 1 tok)
2026-04-30 15:44:16,039 mme_vla_suite.pseudo_labeling.topreward_qwen_scorer INFO: Prefix 1/8 (end=11, n_frames=4/12): reward=-19.0000 (mean, 1 tok)
2026-04-30 15:44:22,859 mme_vla_suite.pseudo_labeling.topreward_qwen_scorer INFO: Prefix 2/8 (end=25, n_frames=5/26): reward=-18.5000 (mean, 1 tok)
2026-04-30 15:44:29,740 mme_vla_suite.pseudo_labeling.topreward_qwen_scorer INFO: Prefix 3/8 (end=39, n_frames=8/40): reward=-17.7500 (mean, 1 tok)
2026-04-30 15:44:36,637 mme_vla_suite.pseudo_labeling.topreward_qwen_scorer INFO: Prefix 4/8 (end=54, n_frames=11/55): reward=-16.5000 (mean, 1 tok)
2026-04-30 15:44:43,551 mme_vla_suite.pseudo_labeling.topreward_qwen_scorer INFO: Prefix 5/8 (end=68, n_frames=14/69): reward=-16.8750 (mean, 1 tok)
2026-04-30 15:44:50,435 mme_vla_suite.pseudo_labeling.topreward_qwen_scorer INFO: Prefix 6/8 (end=83, n_frames=17/84): reward=-14.7500 (mean, 1 tok)
2026-04-30 15:44:57,343 mme_vla_suite.pseudo_labeling.topreward_qwen_scorer INFO: Prefix 7/8 (end=97, n_frames=20/98): reward=-16.5000 (mean, 1 tok)
2026-04-30 15:45:04,341 mme_vla_suite.pseudo_labeling.topreward_qwen_scorer INFO: Prefix 8/8 (end=112, n_frames=23/113): reward=-16.2500 (mean, 1 tok)
2026-04-30 15:45:12,264 mme_vla_suite.pseudo_labeling.topreward_qwen_scorer INFO: Prefix 1/8 (end=6, n_frames=4/7): reward=-19.6250 (mean, 1 tok)
2026-04-30 15:45:19,163 mme_vla_suite.pseudo_labeling.topreward_qwen_scorer INFO: Prefix 2/8 (end=14, n_frames=4/15): reward=-18.1250 (mean, 1 tok)
2026-04-30 15:45:26,015 mme_vla_suite.pseudo_labeling.topreward_qwen_scorer INFO: Prefix 3/8 (end=23, n_frames=5/24): reward=-19.1250 (mean, 1 tok)
2026-04-30 15:45:32,888 mme_vla_suite.pseudo_labeling.topreward_qwen_scorer INFO: Prefix 4/8 (end=32, n_frames=7/33): reward=-20.2500 (mean, 1 tok)
2026-04-30 15:45:39,781 mme_vla_suite.pseudo_labeling.topreward_qwen_scorer INFO: Prefix 5/8 (end=41, n_frames=8/42): reward=-20.5000 (mean, 1 tok)
2026-04-30 15:45:46,773 mme_vla_suite.pseudo_labeling.topreward_qwen_scorer INFO: Prefix 6/8 (end=50, n_frames=10/51): reward=-18.5000 (mean, 1 tok)
2026-04-30 15:45:53,760 mme_vla_suite.pseudo_labeling.topreward_qwen_scorer INFO: Prefix 7/8 (end=59, n_frames=12/60): reward=-18.3750 (mean, 1 tok)
2026-04-30 15:46:00,722 mme_vla_suite.pseudo_labeling.topreward_qwen_scorer INFO: Prefix 8/8 (end=68, n_frames=14/69): reward=-17.5000 (mean, 1 tok)
2026-04-30 15:46:08,806 mme_vla_suite.pseudo_labeling.topreward_qwen_scorer INFO: Prefix 1/8 (end=8, n_frames=4/9): reward=-19.2500 (mean, 1 tok)
2026-04-30 15:46:16,001 mme_vla_suite.pseudo_labeling.topreward_qwen_scorer INFO: Prefix 2/8 (end=18, n_frames=4/19): reward=-19.6250 (mean, 1 tok)
2026-04-30 15:46:23,202 mme_vla_suite.pseudo_labeling.topreward_qwen_scorer INFO: Prefix 3/8 (end=28, n_frames=6/29): reward=-20.1250 (mean, 1 tok)
2026-04-30 15:46:30,406 mme_vla_suite.pseudo_labeling.topreward_qwen_scorer INFO: Prefix 4/8 (end=39, n_frames=8/40): reward=-20.1250 (mean, 1 tok)
2026-04-30 15:46:37,626 mme_vla_suite.pseudo_labeling.topreward_qwen_scorer INFO: Prefix 5/8 (end=49, n_frames=10/50): reward=-18.6250 (mean, 1 tok)
2026-04-30 15:46:44,645 mme_vla_suite.pseudo_labeling.topreward_qwen_scorer INFO: Prefix 6/8 (end=60, n_frames=12/61): reward=-18.6250 (mean, 1 tok)
2026-04-30 15:46:51,649 mme_vla_suite.pseudo_labeling.topreward_qwen_scorer INFO: Prefix 7/8 (end=70, n_frames=14/71): reward=-17.8750 (mean, 1 tok)
2026-04-30 15:46:58,618 mme_vla_suite.pseudo_labeling.topreward_qwen_scorer INFO: Prefix 8/8 (end=81, n_frames=16/82): reward=-18.2500 (mean, 1 tok)
2026-04-30 15:47:06,824 mme_vla_suite.pseudo_labeling.topreward_qwen_scorer INFO: Prefix 1/8 (end=11, n_frames=4/12): reward=-18.5000 (mean, 1 tok)
2026-04-30 15:47:13,723 mme_vla_suite.pseudo_labeling.topreward_qwen_scorer INFO: Prefix 2/8 (end=25, n_frames=5/26): reward=-18.3750 (mean, 1 tok)
2026-04-30 15:47:20,639 mme_vla_suite.pseudo_labeling.topreward_qwen_scorer INFO: Prefix 3/8 (end=40, n_frames=8/41): reward=-16.1250 (mean, 1 tok)
2026-04-30 15:47:27,731 mme_vla_suite.pseudo_labeling.topreward_qwen_scorer INFO: Prefix 4/8 (end=54, n_frames=11/55): reward=-14.8750 (mean, 1 tok)
2026-04-30 15:47:34,727 mme_vla_suite.pseudo_labeling.topreward_qwen_scorer INFO: Prefix 5/8 (end=69, n_frames=14/70): reward=-15.3750 (mean, 1 tok)
2026-04-30 15:47:41,699 mme_vla_suite.pseudo_labeling.topreward_qwen_scorer INFO: Prefix 6/8 (end=83, n_frames=17/84): reward=-15.1250 (mean, 1 tok)
2026-04-30 15:47:48,634 mme_vla_suite.pseudo_labeling.topreward_qwen_scorer INFO: Prefix 7/8 (end=98, n_frames=20/99): reward=-15.0000 (mean, 1 tok)
2026-04-30 15:47:55,650 mme_vla_suite.pseudo_labeling.topreward_qwen_scorer INFO: Prefix 8/8 (end=113, n_frames=23/114): reward=-15.0000 (mean, 1 tok)
2026-04-30 15:48:03,567 mme_vla_suite.pseudo_labeling.topreward_qwen_scorer INFO: Prefix 1/8 (end=6, n_frames=4/7): reward=-20.5000 (mean, 1 tok)
2026-04-30 15:48:10,461 mme_vla_suite.pseudo_labeling.topreward_qwen_scorer INFO: Prefix 2/8 (end=14, n_frames=4/15): reward=-19.3750 (mean, 1 tok)
2026-04-30 15:48:17,335 mme_vla_suite.pseudo_labeling.topreward_qwen_scorer INFO: Prefix 3/8 (end=22, n_frames=5/23): reward=-18.7500 (mean, 1 tok)
2026-04-30 15:48:24,230 mme_vla_suite.pseudo_labeling.topreward_qwen_scorer INFO: Prefix 4/8 (end=30, n_frames=6/31): reward=-19.1250 (mean, 1 tok)
2026-04-30 15:48:31,121 mme_vla_suite.pseudo_labeling.topreward_qwen_scorer INFO: Prefix 5/8 (end=38, n_frames=8/39): reward=-20.3750 (mean, 1 tok)
2026-04-30 15:48:38,022 mme_vla_suite.pseudo_labeling.topreward_qwen_scorer INFO: Prefix 6/8 (end=46, n_frames=9/47): reward=-18.8750 (mean, 1 tok)
2026-04-30 15:48:44,908 mme_vla_suite.pseudo_labeling.topreward_qwen_scorer INFO: Prefix 7/8 (end=54, n_frames=11/55): reward=-19.2500 (mean, 1 tok)
2026-04-30 15:48:51,803 mme_vla_suite.pseudo_labeling.topreward_qwen_scorer INFO: Prefix 8/8 (end=62, n_frames=13/63): reward=-18.7500 (mean, 1 tok)
2026-04-30 15:48:59,610 mme_vla_suite.pseudo_labeling.topreward_qwen_scorer INFO: Prefix 1/8 (end=7, n_frames=4/8): reward=-19.7500 (mean, 1 tok)
2026-04-30 15:49:06,484 mme_vla_suite.pseudo_labeling.topreward_qwen_scorer INFO: Prefix 2/8 (end=16, n_frames=4/17): reward=-18.7500 (mean, 1 tok)
2026-04-30 15:49:13,358 mme_vla_suite.pseudo_labeling.topreward_qwen_scorer INFO: Prefix 3/8 (end=26, n_frames=5/27): reward=-18.8750 (mean, 1 tok)
2026-04-30 15:49:20,255 mme_vla_suite.pseudo_labeling.topreward_qwen_scorer INFO: Prefix 4/8 (end=35, n_frames=7/36): reward=-18.6250 (mean, 1 tok)
2026-04-30 15:49:27,164 mme_vla_suite.pseudo_labeling.topreward_qwen_scorer INFO: Prefix 5/8 (end=45, n_frames=9/46): reward=-18.8750 (mean, 1 tok)
2026-04-30 15:49:34,073 mme_vla_suite.pseudo_labeling.topreward_qwen_scorer INFO: Prefix 6/8 (end=54, n_frames=11/55): reward=-19.2500 (mean, 1 tok)
2026-04-30 15:49:40,974 mme_vla_suite.pseudo_labeling.topreward_qwen_scorer INFO: Prefix 7/8 (end=64, n_frames=13/65): reward=-19.1250 (mean, 1 tok)
2026-04-30 15:49:48,007 mme_vla_suite.pseudo_labeling.topreward_qwen_scorer INFO: Prefix 8/8 (end=74, n_frames=15/75): reward=-19.1250 (mean, 1 tok)
2026-04-30 15:49:56,220 mme_vla_suite.pseudo_labeling.topreward_qwen_scorer INFO: Prefix 1/8 (end=11, n_frames=4/12): reward=-18.2500 (mean, 1 tok)
2026-04-30 15:50:03,084 mme_vla_suite.pseudo_labeling.topreward_qwen_scorer INFO: Prefix 2/8 (end=26, n_frames=5/27): reward=-18.5000 (mean, 1 tok)
2026-04-30 15:50:09,948 mme_vla_suite.pseudo_labeling.topreward_qwen_scorer INFO: Prefix 3/8 (end=41, n_frames=8/42): reward=-16.2500 (mean, 1 tok)
2026-04-30 15:50:16,854 mme_vla_suite.pseudo_labeling.topreward_qwen_scorer INFO: Prefix 4/8 (end=56, n_frames=11/57): reward=-15.3750 (mean, 1 tok)
2026-04-30 15:50:23,789 mme_vla_suite.pseudo_labeling.topreward_qwen_scorer INFO: Prefix 5/8 (end=71, n_frames=14/72): reward=-16.1250 (mean, 1 tok)
2026-04-30 15:50:30,726 mme_vla_suite.pseudo_labeling.topreward_qwen_scorer INFO: Prefix 6/8 (end=86, n_frames=17/87): reward=-15.6250 (mean, 1 tok)
2026-04-30 15:50:37,683 mme_vla_suite.pseudo_labeling.topreward_qwen_scorer INFO: Prefix 7/8 (end=101, n_frames=20/102): reward=-16.0000 (mean, 1 tok)
2026-04-30 15:50:44,678 mme_vla_suite.pseudo_labeling.topreward_qwen_scorer INFO: Prefix 8/8 (end=116, n_frames=23/117): reward=-16.7500 (mean, 1 tok)
2026-04-30 15:50:52,932 mme_vla_suite.pseudo_labeling.topreward_qwen_scorer INFO: Prefix 1/8 (end=8, n_frames=4/9): reward=-19.6250 (mean, 1 tok)
2026-04-30 15:50:59,785 mme_vla_suite.pseudo_labeling.topreward_qwen_scorer INFO: Prefix 2/8 (end=19, n_frames=4/20): reward=-19.8750 (mean, 1 tok)
2026-04-30 15:51:06,667 mme_vla_suite.pseudo_labeling.topreward_qwen_scorer INFO: Prefix 3/8 (end=30, n_frames=6/31): reward=-20.1250 (mean, 1 tok)
2026-04-30 15:51:13,540 mme_vla_suite.pseudo_labeling.topreward_qwen_scorer INFO: Prefix 4/8 (end=41, n_frames=8/42): reward=-20.0000 (mean, 1 tok)
2026-04-30 15:51:20,449 mme_vla_suite.pseudo_labeling.topreward_qwen_scorer INFO: Prefix 5/8 (end=52, n_frames=11/53): reward=-18.8750 (mean, 1 tok)
2026-04-30 15:51:27,349 mme_vla_suite.pseudo_labeling.topreward_qwen_scorer INFO: Prefix 6/8 (end=63, n_frames=13/64): reward=-18.8750 (mean, 1 tok)
2026-04-30 15:51:34,277 mme_vla_suite.pseudo_labeling.topreward_qwen_scorer INFO: Prefix 7/8 (end=74, n_frames=15/75): reward=-18.1250 (mean, 1 tok)
2026-04-30 15:51:41,180 mme_vla_suite.pseudo_labeling.topreward_qwen_scorer INFO: Prefix 8/8 (end=85, n_frames=17/86): reward=-18.0000 (mean, 1 tok)
2026-04-30 15:51:48,903 mme_vla_suite.pseudo_labeling.topreward_qwen_scorer INFO: Prefix 1/8 (end=10, n_frames=4/11): reward=-19.7500 (mean, 1 tok)
2026-04-30 15:51:55,779 mme_vla_suite.pseudo_labeling.topreward_qwen_scorer INFO: Prefix 2/8 (end=22, n_frames=5/23): reward=-18.8750 (mean, 1 tok)
2026-04-30 15:52:02,638 mme_vla_suite.pseudo_labeling.topreward_qwen_scorer INFO: Prefix 3/8 (end=35, n_frames=7/36): reward=-20.0000 (mean, 1 tok)
2026-04-30 15:52:09,525 mme_vla_suite.pseudo_labeling.topreward_qwen_scorer INFO: Prefix 4/8 (end=48, n_frames=10/49): reward=-19.1250 (mean, 1 tok)
2026-04-30 15:52:16,421 mme_vla_suite.pseudo_labeling.topreward_qwen_scorer INFO: Prefix 5/8 (end=61, n_frames=12/62): reward=-18.8750 (mean, 1 tok)
2026-04-30 15:52:23,368 mme_vla_suite.pseudo_labeling.topreward_qwen_scorer INFO: Prefix 6/8 (end=74, n_frames=15/75): reward=-18.1250 (mean, 1 tok)
2026-04-30 15:52:30,306 mme_vla_suite.pseudo_labeling.topreward_qwen_scorer INFO: Prefix 7/8 (end=87, n_frames=18/88): reward=-18.0000 (mean, 1 tok)
2026-04-30 15:52:37,253 mme_vla_suite.pseudo_labeling.topreward_qwen_scorer INFO: Prefix 8/8 (end=100, n_frames=20/101): reward=-17.6250 (mean, 1 tok)
2026-04-30 15:52:45,143 mme_vla_suite.pseudo_labeling.topreward_qwen_scorer INFO: Prefix 1/8 (end=11, n_frames=4/12): reward=-19.1250 (mean, 1 tok)
2026-04-30 15:52:52,044 mme_vla_suite.pseudo_labeling.topreward_qwen_scorer INFO: Prefix 2/8 (end=25, n_frames=5/26): reward=-19.1250 (mean, 1 tok)
2026-04-30 15:52:58,936 mme_vla_suite.pseudo_labeling.topreward_qwen_scorer INFO: Prefix 3/8 (end=40, n_frames=8/41): reward=-17.2500 (mean, 1 tok)
2026-04-30 15:53:05,830 mme_vla_suite.pseudo_labeling.topreward_qwen_scorer INFO: Prefix 4/8 (end=55, n_frames=11/56): reward=-16.2500 (mean, 1 tok)
2026-04-30 15:53:12,748 mme_vla_suite.pseudo_labeling.topreward_qwen_scorer INFO: Prefix 5/8 (end=70, n_frames=14/71): reward=-17.6250 (mean, 1 tok)
2026-04-30 15:53:19,686 mme_vla_suite.pseudo_labeling.topreward_qwen_scorer INFO: Prefix 6/8 (end=85, n_frames=17/86): reward=-16.0000 (mean, 1 tok)
2026-04-30 15:53:26,632 mme_vla_suite.pseudo_labeling.topreward_qwen_scorer INFO: Prefix 7/8 (end=100, n_frames=20/101): reward=-17.0000 (mean, 1 tok)
2026-04-30 15:53:33,594 mme_vla_suite.pseudo_labeling.topreward_qwen_scorer INFO: Prefix 8/8 (end=115, n_frames=23/116): reward=-16.1250 (mean, 1 tok)
2026-04-30 15:53:41,418 mme_vla_suite.pseudo_labeling.topreward_qwen_scorer INFO: Prefix 1/8 (end=6, n_frames=4/7): reward=-19.8750 (mean, 1 tok)
2026-04-30 15:53:48,280 mme_vla_suite.pseudo_labeling.topreward_qwen_scorer INFO: Prefix 2/8 (end=14, n_frames=4/15): reward=-20.7500 (mean, 1 tok)
2026-04-30 15:53:55,137 mme_vla_suite.pseudo_labeling.topreward_qwen_scorer INFO: Prefix 3/8 (end=22, n_frames=5/23): reward=-18.7500 (mean, 1 tok)
2026-04-30 15:54:02,030 mme_vla_suite.pseudo_labeling.topreward_qwen_scorer INFO: Prefix 4/8 (end=30, n_frames=6/31): reward=-19.8750 (mean, 1 tok)
2026-04-30 15:54:08,890 mme_vla_suite.pseudo_labeling.topreward_qwen_scorer INFO: Prefix 5/8 (end=38, n_frames=8/39): reward=-18.2500 (mean, 1 tok)
2026-04-30 15:54:15,788 mme_vla_suite.pseudo_labeling.topreward_qwen_scorer INFO: Prefix 6/8 (end=46, n_frames=9/47): reward=-19.6250 (mean, 1 tok)
2026-04-30 15:54:22,682 mme_vla_suite.pseudo_labeling.topreward_qwen_scorer INFO: Prefix 7/8 (end=54, n_frames=11/55): reward=-19.8750 (mean, 1 tok)
2026-04-30 15:54:29,579 mme_vla_suite.pseudo_labeling.topreward_qwen_scorer INFO: Prefix 8/8 (end=63, n_frames=13/64): reward=-19.5000 (mean, 1 tok)
2026-04-30 15:54:37,624 mme_vla_suite.pseudo_labeling.topreward_qwen_scorer INFO: Prefix 1/8 (end=7, n_frames=4/8): reward=-19.8750 (mean, 1 tok)
2026-04-30 15:54:44,470 mme_vla_suite.pseudo_labeling.topreward_qwen_scorer INFO: Prefix 2/8 (end=17, n_frames=4/18): reward=-19.5000 (mean, 1 tok)
2026-04-30 15:54:51,340 mme_vla_suite.pseudo_labeling.topreward_qwen_scorer INFO: Prefix 3/8 (end=27, n_frames=6/28): reward=-18.7500 (mean, 1 tok)
2026-04-30 15:54:58,227 mme_vla_suite.pseudo_labeling.topreward_qwen_scorer INFO: Prefix 4/8 (end=37, n_frames=8/38): reward=-18.3750 (mean, 1 tok)
2026-04-30 15:55:05,112 mme_vla_suite.pseudo_labeling.topreward_qwen_scorer INFO: Prefix 5/8 (end=47, n_frames=10/48): reward=-20.5000 (mean, 1 tok)
2026-04-30 15:55:12,030 mme_vla_suite.pseudo_labeling.topreward_qwen_scorer INFO: Prefix 6/8 (end=57, n_frames=12/58): reward=-19.7500 (mean, 1 tok)
2026-04-30 15:55:18,950 mme_vla_suite.pseudo_labeling.topreward_qwen_scorer INFO: Prefix 7/8 (end=67, n_frames=14/68): reward=-20.1250 (mean, 1 tok)
2026-04-30 15:55:25,865 mme_vla_suite.pseudo_labeling.topreward_qwen_scorer INFO: Prefix 8/8 (end=77, n_frames=16/78): reward=-20.1250 (mean, 1 tok)
2026-04-30 15:55:34,012 mme_vla_suite.pseudo_labeling.topreward_qwen_scorer INFO: Prefix 1/8 (end=11, n_frames=4/12): reward=-18.3750 (mean, 1 tok)
2026-04-30 15:55:40,881 mme_vla_suite.pseudo_labeling.topreward_qwen_scorer INFO: Prefix 2/8 (end=25, n_frames=5/26): reward=-18.0000 (mean, 1 tok)
2026-04-30 15:55:47,749 mme_vla_suite.pseudo_labeling.topreward_qwen_scorer INFO: Prefix 3/8 (end=40, n_frames=8/41): reward=-15.6250 (mean, 1 tok)
2026-04-30 15:55:54,637 mme_vla_suite.pseudo_labeling.topreward_qwen_scorer INFO: Prefix 4/8 (end=55, n_frames=11/56): reward=-14.5000 (mean, 1 tok)
2026-04-30 15:56:01,551 mme_vla_suite.pseudo_labeling.topreward_qwen_scorer INFO: Prefix 5/8 (end=70, n_frames=14/71): reward=-17.1250 (mean, 1 tok)
2026-04-30 15:56:08,482 mme_vla_suite.pseudo_labeling.topreward_qwen_scorer INFO: Prefix 6/8 (end=85, n_frames=17/86): reward=-15.2500 (mean, 1 tok)
2026-04-30 15:56:15,434 mme_vla_suite.pseudo_labeling.topreward_qwen_scorer INFO: Prefix 7/8 (end=100, n_frames=20/101): reward=-16.2500 (mean, 1 tok)
2026-04-30 15:56:22,428 mme_vla_suite.pseudo_labeling.topreward_qwen_scorer INFO: Prefix 8/8 (end=115, n_frames=23/116): reward=-15.0000 (mean, 1 tok)
2026-04-30 15:56:30,421 mme_vla_suite.pseudo_labeling.topreward_qwen_scorer INFO: Prefix 1/8 (end=6, n_frames=4/7): reward=-21.3750 (mean, 1 tok)
2026-04-30 15:56:37,271 mme_vla_suite.pseudo_labeling.topreward_qwen_scorer INFO: Prefix 2/8 (end=14, n_frames=4/15): reward=-21.8750 (mean, 1 tok)
2026-04-30 15:56:44,141 mme_vla_suite.pseudo_labeling.topreward_qwen_scorer INFO: Prefix 3/8 (end=22, n_frames=5/23): reward=-21.1250 (mean, 1 tok)
2026-04-30 15:56:51,041 mme_vla_suite.pseudo_labeling.topreward_qwen_scorer INFO: Prefix 4/8 (end=30, n_frames=6/31): reward=-20.1250 (mean, 1 tok)
2026-04-30 15:56:57,934 mme_vla_suite.pseudo_labeling.topreward_qwen_scorer INFO: Prefix 5/8 (end=38, n_frames=8/39): reward=-21.1250 (mean, 1 tok)
2026-04-30 15:57:04,830 mme_vla_suite.pseudo_labeling.topreward_qwen_scorer INFO: Prefix 6/8 (end=46, n_frames=9/47): reward=-21.7500 (mean, 1 tok)
2026-04-30 15:57:11,737 mme_vla_suite.pseudo_labeling.topreward_qwen_scorer INFO: Prefix 7/8 (end=54, n_frames=11/55): reward=-21.8750 (mean, 1 tok)
2026-04-30 15:57:18,646 mme_vla_suite.pseudo_labeling.topreward_qwen_scorer INFO: Prefix 8/8 (end=62, n_frames=13/63): reward=-22.1250 (mean, 1 tok)
2026-04-30 15:57:26,544 mme_vla_suite.pseudo_labeling.topreward_qwen_scorer INFO: Prefix 1/8 (end=7, n_frames=4/8): reward=-20.1250 (mean, 1 tok)
2026-04-30 15:57:33,409 mme_vla_suite.pseudo_labeling.topreward_qwen_scorer INFO: Prefix 2/8 (end=16, n_frames=4/17): reward=-20.0000 (mean, 1 tok)
2026-04-30 15:57:40,273 mme_vla_suite.pseudo_labeling.topreward_qwen_scorer INFO: Prefix 3/8 (end=26, n_frames=5/27): reward=-21.7500 (mean, 1 tok)
2026-04-30 15:57:47,150 mme_vla_suite.pseudo_labeling.topreward_qwen_scorer INFO: Prefix 4/8 (end=36, n_frames=7/37): reward=-20.8750 (mean, 1 tok)
2026-04-30 15:57:54,051 mme_vla_suite.pseudo_labeling.topreward_qwen_scorer INFO: Prefix 5/8 (end=46, n_frames=9/47): reward=-21.7500 (mean, 1 tok)
2026-04-30 15:58:00,938 mme_vla_suite.pseudo_labeling.topreward_qwen_scorer INFO: Prefix 6/8 (end=56, n_frames=11/57): reward=-21.2500 (mean, 1 tok)
2026-04-30 15:58:07,835 mme_vla_suite.pseudo_labeling.topreward_qwen_scorer INFO: Prefix 7/8 (end=66, n_frames=13/67): reward=-21.1250 (mean, 1 tok)
2026-04-30 15:58:14,739 mme_vla_suite.pseudo_labeling.topreward_qwen_scorer INFO: Prefix 8/8 (end=76, n_frames=15/77): reward=-20.8750 (mean, 1 tok)
2026-04-30 15:58:22,770 mme_vla_suite.pseudo_labeling.topreward_qwen_scorer INFO: Prefix 1/8 (end=11, n_frames=4/12): reward=-19.7500 (mean, 1 tok)
2026-04-30 15:58:29,629 mme_vla_suite.pseudo_labeling.topreward_qwen_scorer INFO: Prefix 2/8 (end=25, n_frames=5/26): reward=-20.2500 (mean, 1 tok)
2026-04-30 15:58:36,526 mme_vla_suite.pseudo_labeling.topreward_qwen_scorer INFO: Prefix 3/8 (end=40, n_frames=8/41): reward=-17.2500 (mean, 1 tok)
2026-04-30 15:58:43,445 mme_vla_suite.pseudo_labeling.topreward_qwen_scorer INFO: Prefix 4/8 (end=55, n_frames=11/56): reward=-15.1250 (mean, 1 tok)
2026-04-30 15:58:50,347 mme_vla_suite.pseudo_labeling.topreward_qwen_scorer INFO: Prefix 5/8 (end=69, n_frames=14/70): reward=-15.5000 (mean, 1 tok)
2026-04-30 15:58:57,269 mme_vla_suite.pseudo_labeling.topreward_qwen_scorer INFO: Prefix 6/8 (end=84, n_frames=17/85): reward=-15.5000 (mean, 1 tok)
2026-04-30 15:59:04,188 mme_vla_suite.pseudo_labeling.topreward_qwen_scorer INFO: Prefix 7/8 (end=99, n_frames=20/100): reward=-15.8750 (mean, 1 tok)
2026-04-30 15:59:11,176 mme_vla_suite.pseudo_labeling.topreward_qwen_scorer INFO: Prefix 8/8 (end=114, n_frames=23/115): reward=-15.2500 (mean, 1 tok)
2026-04-30 15:59:19,244 mme_vla_suite.pseudo_labeling.topreward_qwen_scorer INFO: Prefix 1/8 (end=7, n_frames=4/8): reward=-20.0000 (mean, 1 tok)
2026-04-30 15:59:26,279 mme_vla_suite.pseudo_labeling.topreward_qwen_scorer INFO: Prefix 2/8 (end=16, n_frames=4/17): reward=-19.5000 (mean, 1 tok)
2026-04-30 15:59:33,305 mme_vla_suite.pseudo_labeling.topreward_qwen_scorer INFO: Prefix 3/8 (end=26, n_frames=5/27): reward=-18.6250 (mean, 1 tok)
2026-04-30 15:59:40,341 mme_vla_suite.pseudo_labeling.topreward_qwen_scorer INFO: Prefix 4/8 (end=36, n_frames=7/37): reward=-19.3750 (mean, 1 tok)
2026-04-30 15:59:47,400 mme_vla_suite.pseudo_labeling.topreward_qwen_scorer INFO: Prefix 5/8 (end=46, n_frames=9/47): reward=-17.5000 (mean, 1 tok)
2026-04-30 15:59:54,459 mme_vla_suite.pseudo_labeling.topreward_qwen_scorer INFO: Prefix 6/8 (end=56, n_frames=11/57): reward=-18.5000 (mean, 1 tok)
2026-04-30 16:00:01,534 mme_vla_suite.pseudo_labeling.topreward_qwen_scorer INFO: Prefix 7/8 (end=66, n_frames=13/67): reward=-17.5000 (mean, 1 tok)
2026-04-30 16:00:08,615 mme_vla_suite.pseudo_labeling.topreward_qwen_scorer INFO: Prefix 8/8 (end=76, n_frames=15/77): reward=-17.8750 (mean, 1 tok)
2026-04-30 16:00:16,709 mme_vla_suite.pseudo_labeling.topreward_qwen_scorer INFO: Prefix 1/8 (end=9, n_frames=4/10): reward=-19.8750 (mean, 1 tok)
2026-04-30 16:00:23,569 mme_vla_suite.pseudo_labeling.topreward_qwen_scorer INFO: Prefix 2/8 (end=21, n_frames=4/22): reward=-19.1250 (mean, 1 tok)
2026-04-30 16:00:30,461 mme_vla_suite.pseudo_labeling.topreward_qwen_scorer INFO: Prefix 3/8 (end=33, n_frames=7/34): reward=-19.1250 (mean, 1 tok)
2026-04-30 16:00:37,369 mme_vla_suite.pseudo_labeling.topreward_qwen_scorer INFO: Prefix 4/8 (end=46, n_frames=9/47): reward=-17.5000 (mean, 1 tok)
2026-04-30 16:00:44,290 mme_vla_suite.pseudo_labeling.topreward_qwen_scorer INFO: Prefix 5/8 (end=58, n_frames=12/59): reward=-19.0000 (mean, 1 tok)
2026-04-30 16:00:51,219 mme_vla_suite.pseudo_labeling.topreward_qwen_scorer INFO: Prefix 6/8 (end=71, n_frames=14/72): reward=-17.8750 (mean, 1 tok)
2026-04-30 16:00:58,144 mme_vla_suite.pseudo_labeling.topreward_qwen_scorer INFO: Prefix 7/8 (end=83, n_frames=17/84): reward=-17.5000 (mean, 1 tok)
2026-04-30 16:01:05,074 mme_vla_suite.pseudo_labeling.topreward_qwen_scorer INFO: Prefix 8/8 (end=96, n_frames=19/97): reward=-16.8750 (mean, 1 tok)
2026-04-30 16:01:12,969 mme_vla_suite.pseudo_labeling.topreward_qwen_scorer INFO: Prefix 1/8 (end=11, n_frames=4/12): reward=-17.7500 (mean, 1 tok)
2026-04-30 16:01:19,855 mme_vla_suite.pseudo_labeling.topreward_qwen_scorer INFO: Prefix 2/8 (end=25, n_frames=5/26): reward=-17.7500 (mean, 1 tok)
2026-04-30 16:01:26,743 mme_vla_suite.pseudo_labeling.topreward_qwen_scorer INFO: Prefix 3/8 (end=39, n_frames=8/40): reward=-15.3750 (mean, 1 tok)
2026-04-30 16:01:33,622 mme_vla_suite.pseudo_labeling.topreward_qwen_scorer INFO: Prefix 4/8 (end=54, n_frames=11/55): reward=-15.2500 (mean, 1 tok)
2026-04-30 16:01:40,525 mme_vla_suite.pseudo_labeling.topreward_qwen_scorer INFO: Prefix 5/8 (end=68, n_frames=14/69): reward=-15.1250 (mean, 1 tok)
2026-04-30 16:01:47,437 mme_vla_suite.pseudo_labeling.topreward_qwen_scorer INFO: Prefix 6/8 (end=83, n_frames=17/84): reward=-14.6250 (mean, 1 tok)
2026-04-30 16:01:54,368 mme_vla_suite.pseudo_labeling.topreward_qwen_scorer INFO: Prefix 7/8 (end=97, n_frames=20/98): reward=-14.3750 (mean, 1 tok)
2026-04-30 16:02:01,343 mme_vla_suite.pseudo_labeling.topreward_qwen_scorer INFO: Prefix 8/8 (end=112, n_frames=23/113): reward=-13.7500 (mean, 1 tok)
2026-04-30 16:02:08,956 mme_vla_suite.pseudo_labeling.topreward_qwen_scorer INFO: Prefix 1/8 (end=6, n_frames=4/7): reward=-20.5000 (mean, 1 tok)
2026-04-30 16:02:15,813 mme_vla_suite.pseudo_labeling.topreward_qwen_scorer INFO: Prefix 2/8 (end=14, n_frames=4/15): reward=-19.7500 (mean, 1 tok)
2026-04-30 16:02:22,680 mme_vla_suite.pseudo_labeling.topreward_qwen_scorer INFO: Prefix 3/8 (end=23, n_frames=5/24): reward=-18.8750 (mean, 1 tok)
2026-04-30 16:02:29,547 mme_vla_suite.pseudo_labeling.topreward_qwen_scorer INFO: Prefix 4/8 (end=32, n_frames=7/33): reward=-18.2500 (mean, 1 tok)
2026-04-30 16:02:36,418 mme_vla_suite.pseudo_labeling.topreward_qwen_scorer INFO: Prefix 5/8 (end=40, n_frames=8/41): reward=-18.5000 (mean, 1 tok)
2026-04-30 16:02:43,292 mme_vla_suite.pseudo_labeling.topreward_qwen_scorer INFO: Prefix 6/8 (end=49, n_frames=10/50): reward=-18.7500 (mean, 1 tok)
2026-04-30 16:02:50,206 mme_vla_suite.pseudo_labeling.topreward_qwen_scorer INFO: Prefix 7/8 (end=58, n_frames=12/59): reward=-18.6250 (mean, 1 tok)
2026-04-30 16:02:57,101 mme_vla_suite.pseudo_labeling.topreward_qwen_scorer INFO: Prefix 8/8 (end=67, n_frames=14/68): reward=-18.1250 (mean, 1 tok)
2026-04-30 16:03:04,872 mme_vla_suite.pseudo_labeling.topreward_qwen_scorer INFO: Prefix 1/8 (end=8, n_frames=4/9): reward=-20.2500 (mean, 1 tok)
2026-04-30 16:03:11,739 mme_vla_suite.pseudo_labeling.topreward_qwen_scorer INFO: Prefix 2/8 (end=18, n_frames=4/19): reward=-19.6250 (mean, 1 tok)
2026-04-30 16:03:18,597 mme_vla_suite.pseudo_labeling.topreward_qwen_scorer INFO: Prefix 3/8 (end=29, n_frames=6/30): reward=-18.8750 (mean, 1 tok)
2026-04-30 16:03:25,493 mme_vla_suite.pseudo_labeling.topreward_qwen_scorer INFO: Prefix 4/8 (end=40, n_frames=8/41): reward=-18.5000 (mean, 1 tok)
2026-04-30 16:03:32,403 mme_vla_suite.pseudo_labeling.topreward_qwen_scorer INFO: Prefix 5/8 (end=50, n_frames=10/51): reward=-18.5000 (mean, 1 tok)
2026-04-30 16:03:39,323 mme_vla_suite.pseudo_labeling.topreward_qwen_scorer INFO: Prefix 6/8 (end=61, n_frames=12/62): reward=-17.6250 (mean, 1 tok)
2026-04-30 16:03:46,223 mme_vla_suite.pseudo_labeling.topreward_qwen_scorer INFO: Prefix 7/8 (end=72, n_frames=15/73): reward=-18.0000 (mean, 1 tok)
2026-04-30 16:03:53,080 mme_vla_suite.pseudo_labeling.topreward_qwen_scorer INFO: Prefix 8/8 (end=83, n_frames=17/84): reward=-18.1250 (mean, 1 tok)
2026-04-30 16:04:00,991 mme_vla_suite.pseudo_labeling.topreward_qwen_scorer INFO: Prefix 1/8 (end=11, n_frames=4/12): reward=-18.5000 (mean, 1 tok)
2026-04-30 16:04:07,819 mme_vla_suite.pseudo_labeling.topreward_qwen_scorer INFO: Prefix 2/8 (end=25, n_frames=5/26): reward=-18.2500 (mean, 1 tok)
2026-04-30 16:04:14,663 mme_vla_suite.pseudo_labeling.topreward_qwen_scorer INFO: Prefix 3/8 (end=40, n_frames=8/41): reward=-15.7500 (mean, 1 tok)
2026-04-30 16:04:21,555 mme_vla_suite.pseudo_labeling.topreward_qwen_scorer INFO: Prefix 4/8 (end=55, n_frames=11/56): reward=-15.2500 (mean, 1 tok)
2026-04-30 16:04:28,443 mme_vla_suite.pseudo_labeling.topreward_qwen_scorer INFO: Prefix 5/8 (end=69, n_frames=14/70): reward=-17.5000 (mean, 1 tok)
2026-04-30 16:04:35,380 mme_vla_suite.pseudo_labeling.topreward_qwen_scorer INFO: Prefix 6/8 (end=84, n_frames=17/85): reward=-17.1250 (mean, 1 tok)
2026-04-30 16:04:42,315 mme_vla_suite.pseudo_labeling.topreward_qwen_scorer INFO: Prefix 7/8 (end=99, n_frames=20/100): reward=-15.5000 (mean, 1 tok)
2026-04-30 16:04:49,301 mme_vla_suite.pseudo_labeling.topreward_qwen_scorer INFO: Prefix 8/8 (end=114, n_frames=23/115): reward=-15.0000 (mean, 1 tok)
2026-04-30 16:04:57,113 mme_vla_suite.pseudo_labeling.topreward_qwen_scorer INFO: Prefix 1/8 (end=6, n_frames=4/7): reward=-20.6250 (mean, 1 tok)
2026-04-30 16:05:03,981 mme_vla_suite.pseudo_labeling.topreward_qwen_scorer INFO: Prefix 2/8 (end=14, n_frames=4/15): reward=-20.2500 (mean, 1 tok)
2026-04-30 16:05:10,858 mme_vla_suite.pseudo_labeling.topreward_qwen_scorer INFO: Prefix 3/8 (end=23, n_frames=5/24): reward=-20.6250 (mean, 1 tok)
2026-04-30 16:05:17,744 mme_vla_suite.pseudo_labeling.topreward_qwen_scorer INFO: Prefix 4/8 (end=31, n_frames=6/32): reward=-19.6250 (mean, 1 tok)
2026-04-30 16:05:24,611 mme_vla_suite.pseudo_labeling.topreward_qwen_scorer INFO: Prefix 5/8 (end=40, n_frames=8/41): reward=-18.8750 (mean, 1 tok)
2026-04-30 16:05:31,510 mme_vla_suite.pseudo_labeling.topreward_qwen_scorer INFO: Prefix 6/8 (end=48, n_frames=10/49): reward=-19.3750 (mean, 1 tok)
2026-04-30 16:05:38,412 mme_vla_suite.pseudo_labeling.topreward_qwen_scorer INFO: Prefix 7/8 (end=57, n_frames=12/58): reward=-19.0000 (mean, 1 tok)
2026-04-30 16:05:45,331 mme_vla_suite.pseudo_labeling.topreward_qwen_scorer INFO: Prefix 8/8 (end=66, n_frames=13/67): reward=-18.5000 (mean, 1 tok)
2026-04-30 16:05:53,146 mme_vla_suite.pseudo_labeling.topreward_qwen_scorer INFO: Prefix 1/8 (end=8, n_frames=4/9): reward=-21.0000 (mean, 1 tok)
2026-04-30 16:06:00,000 mme_vla_suite.pseudo_labeling.topreward_qwen_scorer INFO: Prefix 2/8 (end=18, n_frames=4/19): reward=-20.0000 (mean, 1 tok)
2026-04-30 16:06:06,884 mme_vla_suite.pseudo_labeling.topreward_qwen_scorer INFO: Prefix 3/8 (end=29, n_frames=6/30): reward=-19.0000 (mean, 1 tok)
2026-04-30 16:06:13,722 mme_vla_suite.pseudo_labeling.topreward_qwen_scorer INFO: Prefix 4/8 (end=40, n_frames=8/41): reward=-18.8750 (mean, 1 tok)
2026-04-30 16:06:20,604 mme_vla_suite.pseudo_labeling.topreward_qwen_scorer INFO: Prefix 5/8 (end=51, n_frames=10/52): reward=-19.0000 (mean, 1 tok)
2026-04-30 16:06:27,484 mme_vla_suite.pseudo_labeling.topreward_qwen_scorer INFO: Prefix 6/8 (end=62, n_frames=13/63): reward=-18.2500 (mean, 1 tok)
2026-04-30 16:06:34,402 mme_vla_suite.pseudo_labeling.topreward_qwen_scorer INFO: Prefix 7/8 (end=73, n_frames=15/74): reward=-18.5000 (mean, 1 tok)
2026-04-30 16:06:41,307 mme_vla_suite.pseudo_labeling.topreward_qwen_scorer INFO: Prefix 8/8 (end=84, n_frames=17/85): reward=-18.2500 (mean, 1 tok)
2026-04-30 16:06:49,349 mme_vla_suite.pseudo_labeling.topreward_qwen_scorer INFO: Prefix 1/8 (end=11, n_frames=4/12): reward=-18.8750 (mean, 1 tok)
2026-04-30 16:06:56,229 mme_vla_suite.pseudo_labeling.topreward_qwen_scorer INFO: Prefix 2/8 (end=25, n_frames=5/26): reward=-18.8750 (mean, 1 tok)
2026-04-30 16:07:03,100 mme_vla_suite.pseudo_labeling.topreward_qwen_scorer INFO: Prefix 3/8 (end=40, n_frames=8/41): reward=-17.7500 (mean, 1 tok)
2026-04-30 16:07:10,007 mme_vla_suite.pseudo_labeling.topreward_qwen_scorer INFO: Prefix 4/8 (end=54, n_frames=11/55): reward=-17.2500 (mean, 1 tok)
2026-04-30 16:07:16,908 mme_vla_suite.pseudo_labeling.topreward_qwen_scorer INFO: Prefix 5/8 (end=69, n_frames=14/70): reward=-18.0000 (mean, 1 tok)
2026-04-30 16:07:23,813 mme_vla_suite.pseudo_labeling.topreward_qwen_scorer INFO: Prefix 6/8 (end=83, n_frames=17/84): reward=-18.1250 (mean, 1 tok)
2026-04-30 16:07:30,755 mme_vla_suite.pseudo_labeling.topreward_qwen_scorer INFO: Prefix 7/8 (end=98, n_frames=20/99): reward=-16.7500 (mean, 1 tok)
2026-04-30 16:07:37,726 mme_vla_suite.pseudo_labeling.topreward_qwen_scorer INFO: Prefix 8/8 (end=113, n_frames=23/114): reward=-15.3750 (mean, 1 tok)
2026-04-30 16:07:45,940 mme_vla_suite.pseudo_labeling.topreward_qwen_scorer INFO: Prefix 1/8 (end=7, n_frames=4/8): reward=-20.1250 (mean, 1 tok)
2026-04-30 16:07:52,816 mme_vla_suite.pseudo_labeling.topreward_qwen_scorer INFO: Prefix 2/8 (end=15, n_frames=4/16): reward=-20.3750 (mean, 1 tok)
2026-04-30 16:07:59,849 mme_vla_suite.pseudo_labeling.topreward_qwen_scorer INFO: Prefix 3/8 (end=24, n_frames=5/25): reward=-19.8750 (mean, 1 tok)
2026-04-30 16:08:06,832 mme_vla_suite.pseudo_labeling.topreward_qwen_scorer INFO: Prefix 4/8 (end=33, n_frames=7/34): reward=-19.6250 (mean, 1 tok)
2026-04-30 16:08:13,816 mme_vla_suite.pseudo_labeling.topreward_qwen_scorer INFO: Prefix 5/8 (end=42, n_frames=9/43): reward=-17.6250 (mean, 1 tok)
2026-04-30 16:08:20,757 mme_vla_suite.pseudo_labeling.topreward_qwen_scorer INFO: Prefix 6/8 (end=51, n_frames=10/52): reward=-19.2500 (mean, 1 tok)
2026-04-30 16:08:27,644 mme_vla_suite.pseudo_labeling.topreward_qwen_scorer INFO: Prefix 7/8 (end=60, n_frames=12/61): reward=-19.0000 (mean, 1 tok)
2026-04-30 16:08:34,546 mme_vla_suite.pseudo_labeling.topreward_qwen_scorer INFO: Prefix 8/8 (end=69, n_frames=14/70): reward=-18.8750 (mean, 1 tok)
2026-04-30 16:08:42,242 mme_vla_suite.pseudo_labeling.topreward_qwen_scorer INFO: Prefix 1/8 (end=8, n_frames=4/9): reward=-19.8750 (mean, 1 tok)
2026-04-30 16:08:49,062 mme_vla_suite.pseudo_labeling.topreward_qwen_scorer INFO: Prefix 2/8 (end=19, n_frames=4/20): reward=-20.8750 (mean, 1 tok)
2026-04-30 16:08:55,909 mme_vla_suite.pseudo_labeling.topreward_qwen_scorer INFO: Prefix 3/8 (end=30, n_frames=6/31): reward=-18.8750 (mean, 1 tok)
2026-04-30 16:09:02,784 mme_vla_suite.pseudo_labeling.topreward_qwen_scorer INFO: Prefix 4/8 (end=42, n_frames=9/43): reward=-17.6250 (mean, 1 tok)
2026-04-30 16:09:09,674 mme_vla_suite.pseudo_labeling.topreward_qwen_scorer INFO: Prefix 5/8 (end=53, n_frames=11/54): reward=-19.3750 (mean, 1 tok)
2026-04-30 16:09:16,546 mme_vla_suite.pseudo_labeling.topreward_qwen_scorer INFO: Prefix 6/8 (end=65, n_frames=13/66): reward=-20.2500 (mean, 1 tok)
2026-04-30 16:09:23,513 mme_vla_suite.pseudo_labeling.topreward_qwen_scorer INFO: Prefix 7/8 (end=76, n_frames=15/77): reward=-19.2500 (mean, 1 tok)
2026-04-30 16:09:30,464 mme_vla_suite.pseudo_labeling.topreward_qwen_scorer INFO: Prefix 8/8 (end=88, n_frames=18/89): reward=-18.5000 (mean, 1 tok)
2026-04-30 16:09:38,541 mme_vla_suite.pseudo_labeling.topreward_qwen_scorer INFO: Prefix 1/8 (end=11, n_frames=4/12): reward=-18.3750 (mean, 1 tok)
2026-04-30 16:09:45,423 mme_vla_suite.pseudo_labeling.topreward_qwen_scorer INFO: Prefix 2/8 (end=25, n_frames=5/26): reward=-18.3750 (mean, 1 tok)
2026-04-30 16:09:52,300 mme_vla_suite.pseudo_labeling.topreward_qwen_scorer INFO: Prefix 3/8 (end=40, n_frames=8/41): reward=-16.1250 (mean, 1 tok)
2026-04-30 16:09:59,192 mme_vla_suite.pseudo_labeling.topreward_qwen_scorer INFO: Prefix 4/8 (end=55, n_frames=11/56): reward=-16.5000 (mean, 1 tok)
2026-04-30 16:10:06,104 mme_vla_suite.pseudo_labeling.topreward_qwen_scorer INFO: Prefix 5/8 (end=69, n_frames=14/70): reward=-17.2500 (mean, 1 tok)
2026-04-30 16:10:13,053 mme_vla_suite.pseudo_labeling.topreward_qwen_scorer INFO: Prefix 6/8 (end=84, n_frames=17/85): reward=-16.0000 (mean, 1 tok)
2026-04-30 16:10:20,019 mme_vla_suite.pseudo_labeling.topreward_qwen_scorer INFO: Prefix 7/8 (end=99, n_frames=20/100): reward=-15.6250 (mean, 1 tok)
2026-04-30 16:10:27,029 mme_vla_suite.pseudo_labeling.topreward_qwen_scorer INFO: Prefix 8/8 (end=114, n_frames=23/115): reward=-15.2500 (mean, 1 tok)
2026-04-30 16:10:34,810 mme_vla_suite.pseudo_labeling.topreward_qwen_scorer INFO: Prefix 1/8 (end=6, n_frames=4/7): reward=-18.8750 (mean, 1 tok)
2026-04-30 16:10:41,667 mme_vla_suite.pseudo_labeling.topreward_qwen_scorer INFO: Prefix 2/8 (end=14, n_frames=4/15): reward=-18.6250 (mean, 1 tok)
2026-04-30 16:10:48,532 mme_vla_suite.pseudo_labeling.topreward_qwen_scorer INFO: Prefix 3/8 (end=23, n_frames=5/24): reward=-19.1250 (mean, 1 tok)
2026-04-30 16:10:55,434 mme_vla_suite.pseudo_labeling.topreward_qwen_scorer INFO: Prefix 4/8 (end=32, n_frames=7/33): reward=-19.1250 (mean, 1 tok)
2026-04-30 16:11:02,297 mme_vla_suite.pseudo_labeling.topreward_qwen_scorer INFO: Prefix 5/8 (end=40, n_frames=8/41): reward=-19.7500 (mean, 1 tok)
2026-04-30 16:11:09,172 mme_vla_suite.pseudo_labeling.topreward_qwen_scorer INFO: Prefix 6/8 (end=49, n_frames=10/50): reward=-20.0000 (mean, 1 tok)
2026-04-30 16:11:16,081 mme_vla_suite.pseudo_labeling.topreward_qwen_scorer INFO: Prefix 7/8 (end=58, n_frames=12/59): reward=-18.1250 (mean, 1 tok)
2026-04-30 16:11:22,977 mme_vla_suite.pseudo_labeling.topreward_qwen_scorer INFO: Prefix 8/8 (end=67, n_frames=14/68): reward=-18.2500 (mean, 1 tok)
2026-04-30 16:11:31,066 mme_vla_suite.pseudo_labeling.topreward_qwen_scorer INFO: Prefix 1/8 (end=8, n_frames=4/9): reward=-18.7500 (mean, 1 tok)
2026-04-30 16:11:37,914 mme_vla_suite.pseudo_labeling.topreward_qwen_scorer INFO: Prefix 2/8 (end=19, n_frames=4/20): reward=-19.0000 (mean, 1 tok)
2026-04-30 16:11:44,785 mme_vla_suite.pseudo_labeling.topreward_qwen_scorer INFO: Prefix 3/8 (end=30, n_frames=6/31): reward=-19.3750 (mean, 1 tok)
2026-04-30 16:11:51,651 mme_vla_suite.pseudo_labeling.topreward_qwen_scorer INFO: Prefix 4/8 (end=41, n_frames=8/42): reward=-19.6250 (mean, 1 tok)
2026-04-30 16:11:58,527 mme_vla_suite.pseudo_labeling.topreward_qwen_scorer INFO: Prefix 5/8 (end=52, n_frames=11/53): reward=-18.5000 (mean, 1 tok)
2026-04-30 16:12:05,398 mme_vla_suite.pseudo_labeling.topreward_qwen_scorer INFO: Prefix 6/8 (end=63, n_frames=13/64): reward=-18.5000 (mean, 1 tok)
2026-04-30 16:12:12,343 mme_vla_suite.pseudo_labeling.topreward_qwen_scorer INFO: Prefix 7/8 (end=74, n_frames=15/75): reward=-16.2500 (mean, 1 tok)
2026-04-30 16:12:19,290 mme_vla_suite.pseudo_labeling.topreward_qwen_scorer INFO: Prefix 8/8 (end=85, n_frames=17/86): reward=-17.8750 (mean, 1 tok)
2026-04-30 16:12:27,251 mme_vla_suite.pseudo_labeling.topreward_qwen_scorer INFO: Prefix 1/8 (end=11, n_frames=4/12): reward=-19.3750 (mean, 1 tok)
2026-04-30 16:12:34,141 mme_vla_suite.pseudo_labeling.topreward_qwen_scorer INFO: Prefix 2/8 (end=25, n_frames=5/26): reward=-19.0000 (mean, 1 tok)
2026-04-30 16:12:41,020 mme_vla_suite.pseudo_labeling.topreward_qwen_scorer INFO: Prefix 3/8 (end=40, n_frames=8/41): reward=-17.2500 (mean, 1 tok)
2026-04-30 16:12:47,900 mme_vla_suite.pseudo_labeling.topreward_qwen_scorer INFO: Prefix 4/8 (end=54, n_frames=11/55): reward=-15.7500 (mean, 1 tok)
2026-04-30 16:12:54,776 mme_vla_suite.pseudo_labeling.topreward_qwen_scorer INFO: Prefix 5/8 (end=69, n_frames=14/70): reward=-16.0000 (mean, 1 tok)
2026-04-30 16:13:01,747 mme_vla_suite.pseudo_labeling.topreward_qwen_scorer INFO: Prefix 6/8 (end=83, n_frames=17/84): reward=-15.3750 (mean, 1 tok)
2026-04-30 16:13:08,734 mme_vla_suite.pseudo_labeling.topreward_qwen_scorer INFO: Prefix 7/8 (end=98, n_frames=20/99): reward=-15.5000 (mean, 1 tok)
2026-04-30 16:13:15,720 mme_vla_suite.pseudo_labeling.topreward_qwen_scorer INFO: Prefix 8/8 (end=113, n_frames=23/114): reward=-14.8750 (mean, 1 tok)
2026-04-30 16:13:23,344 mme_vla_suite.pseudo_labeling.topreward_qwen_scorer INFO: Prefix 1/8 (end=7, n_frames=4/8): reward=-19.6250 (mean, 1 tok)
2026-04-30 16:13:30,202 mme_vla_suite.pseudo_labeling.topreward_qwen_scorer INFO: Prefix 2/8 (end=16, n_frames=4/17): reward=-20.1250 (mean, 1 tok)
2026-04-30 16:13:37,100 mme_vla_suite.pseudo_labeling.topreward_qwen_scorer INFO: Prefix 3/8 (end=25, n_frames=5/26): reward=-19.6250 (mean, 1 tok)
2026-04-30 16:13:43,990 mme_vla_suite.pseudo_labeling.topreward_qwen_scorer INFO: Prefix 4/8 (end=34, n_frames=7/35): reward=-19.5000 (mean, 1 tok)
2026-04-30 16:13:50,885 mme_vla_suite.pseudo_labeling.topreward_qwen_scorer INFO: Prefix 5/8 (end=43, n_frames=9/44): reward=-19.1250 (mean, 1 tok)
2026-04-30 16:13:57,781 mme_vla_suite.pseudo_labeling.topreward_qwen_scorer INFO: Prefix 6/8 (end=52, n_frames=11/53): reward=-19.6250 (mean, 1 tok)
2026-04-30 16:14:04,701 mme_vla_suite.pseudo_labeling.topreward_qwen_scorer INFO: Prefix 7/8 (end=61, n_frames=12/62): reward=-18.2500 (mean, 1 tok)
2026-04-30 16:14:11,593 mme_vla_suite.pseudo_labeling.topreward_qwen_scorer INFO: Prefix 8/8 (end=71, n_frames=14/72): reward=-18.0000 (mean, 1 tok)
2026-04-30 16:14:19,463 mme_vla_suite.pseudo_labeling.topreward_qwen_scorer INFO: Prefix 1/8 (end=8, n_frames=4/9): reward=-19.5000 (mean, 1 tok)
2026-04-30 16:14:26,347 mme_vla_suite.pseudo_labeling.topreward_qwen_scorer INFO: Prefix 2/8 (end=18, n_frames=4/19): reward=-20.3750 (mean, 1 tok)
2026-04-30 16:14:33,225 mme_vla_suite.pseudo_labeling.topreward_qwen_scorer INFO: Prefix 3/8 (end=29, n_frames=6/30): reward=-20.7500 (mean, 1 tok)
2026-04-30 16:14:40,126 mme_vla_suite.pseudo_labeling.topreward_qwen_scorer INFO: Prefix 4/8 (end=40, n_frames=8/41): reward=-20.2500 (mean, 1 tok)
2026-04-30 16:14:47,038 mme_vla_suite.pseudo_labeling.topreward_qwen_scorer INFO: Prefix 5/8 (end=51, n_frames=10/52): reward=-17.8750 (mean, 1 tok)
2026-04-30 16:14:53,951 mme_vla_suite.pseudo_labeling.topreward_qwen_scorer INFO: Prefix 6/8 (end=62, n_frames=13/63): reward=-18.8750 (mean, 1 tok)
2026-04-30 16:15:00,861 mme_vla_suite.pseudo_labeling.topreward_qwen_scorer INFO: Prefix 7/8 (end=73, n_frames=15/74): reward=-18.8750 (mean, 1 tok)
2026-04-30 16:15:07,772 mme_vla_suite.pseudo_labeling.topreward_qwen_scorer INFO: Prefix 8/8 (end=84, n_frames=17/85): reward=-18.0000 (mean, 1 tok)
2026-04-30 16:15:16,189 mme_vla_suite.pseudo_labeling.topreward_qwen_scorer INFO: Prefix 1/8 (end=11, n_frames=4/12): reward=-18.3750 (mean, 1 tok)
2026-04-30 16:15:23,053 mme_vla_suite.pseudo_labeling.topreward_qwen_scorer INFO: Prefix 2/8 (end=26, n_frames=5/27): reward=-18.3750 (mean, 1 tok)
2026-04-30 16:15:29,942 mme_vla_suite.pseudo_labeling.topreward_qwen_scorer INFO: Prefix 3/8 (end=41, n_frames=8/42): reward=-17.3750 (mean, 1 tok)
2026-04-30 16:15:36,842 mme_vla_suite.pseudo_labeling.topreward_qwen_scorer INFO: Prefix 4/8 (end=56, n_frames=11/57): reward=-16.3750 (mean, 1 tok)
2026-04-30 16:15:43,784 mme_vla_suite.pseudo_labeling.topreward_qwen_scorer INFO: Prefix 5/8 (end=72, n_frames=15/73): reward=-16.7500 (mean, 1 tok)
2026-04-30 16:15:50,723 mme_vla_suite.pseudo_labeling.topreward_qwen_scorer INFO: Prefix 6/8 (end=87, n_frames=18/88): reward=-17.1250 (mean, 1 tok)
2026-04-30 16:15:57,661 mme_vla_suite.pseudo_labeling.topreward_qwen_scorer INFO: Prefix 7/8 (end=102, n_frames=21/103): reward=-16.7500 (mean, 1 tok)
2026-04-30 16:16:04,647 mme_vla_suite.pseudo_labeling.topreward_qwen_scorer INFO: Prefix 8/8 (end=118, n_frames=24/119): reward=-16.0000 (mean, 1 tok)
2026-04-30 16:16:12,442 mme_vla_suite.pseudo_labeling.topreward_qwen_scorer INFO: Prefix 1/8 (end=7, n_frames=4/8): reward=-20.8750 (mean, 1 tok)
2026-04-30 16:16:19,314 mme_vla_suite.pseudo_labeling.topreward_qwen_scorer INFO: Prefix 2/8 (end=15, n_frames=4/16): reward=-20.1250 (mean, 1 tok)
2026-04-30 16:16:26,176 mme_vla_suite.pseudo_labeling.topreward_qwen_scorer INFO: Prefix 3/8 (end=24, n_frames=5/25): reward=-20.8750 (mean, 1 tok)
2026-04-30 16:16:33,058 mme_vla_suite.pseudo_labeling.topreward_qwen_scorer INFO: Prefix 4/8 (end=33, n_frames=7/34): reward=-19.7500 (mean, 1 tok)
2026-04-30 16:16:39,954 mme_vla_suite.pseudo_labeling.topreward_qwen_scorer INFO: Prefix 5/8 (end=42, n_frames=9/43): reward=-18.8750 (mean, 1 tok)
2026-04-30 16:16:46,847 mme_vla_suite.pseudo_labeling.topreward_qwen_scorer INFO: Prefix 6/8 (end=51, n_frames=10/52): reward=-19.6250 (mean, 1 tok)
2026-04-30 16:16:53,767 mme_vla_suite.pseudo_labeling.topreward_qwen_scorer INFO: Prefix 7/8 (end=60, n_frames=12/61): reward=-18.8750 (mean, 1 tok)
2026-04-30 16:17:00,671 mme_vla_suite.pseudo_labeling.topreward_qwen_scorer INFO: Prefix 8/8 (end=69, n_frames=14/70): reward=-17.7500 (mean, 1 tok)
2026-04-30 16:17:08,371 mme_vla_suite.pseudo_labeling.topreward_qwen_scorer INFO: Prefix 1/8 (end=8, n_frames=4/9): reward=-20.6250 (mean, 1 tok)
2026-04-30 16:17:15,176 mme_vla_suite.pseudo_labeling.topreward_qwen_scorer INFO: Prefix 2/8 (end=19, n_frames=4/20): reward=-20.7500 (mean, 1 tok)
2026-04-30 16:17:22,006 mme_vla_suite.pseudo_labeling.topreward_qwen_scorer INFO: Prefix 3/8 (end=30, n_frames=6/31): reward=-21.0000 (mean, 1 tok)
2026-04-30 16:17:28,875 mme_vla_suite.pseudo_labeling.topreward_qwen_scorer INFO: Prefix 4/8 (end=41, n_frames=8/42): reward=-19.8750 (mean, 1 tok)
2026-04-30 16:17:35,767 mme_vla_suite.pseudo_labeling.topreward_qwen_scorer INFO: Prefix 5/8 (end=53, n_frames=11/54): reward=-18.8750 (mean, 1 tok)
2026-04-30 16:17:42,644 mme_vla_suite.pseudo_labeling.topreward_qwen_scorer INFO: Prefix 6/8 (end=64, n_frames=13/65): reward=-18.6250 (mean, 1 tok)
2026-04-30 16:17:49,503 mme_vla_suite.pseudo_labeling.topreward_qwen_scorer INFO: Prefix 7/8 (end=75, n_frames=15/76): reward=-18.7500 (mean, 1 tok)
2026-04-30 16:17:56,408 mme_vla_suite.pseudo_labeling.topreward_qwen_scorer INFO: Prefix 8/8 (end=87, n_frames=18/88): reward=-17.8750 (mean, 1 tok)
2026-04-30 16:18:04,219 mme_vla_suite.pseudo_labeling.topreward_qwen_scorer INFO: Prefix 1/8 (end=11, n_frames=4/12): reward=-18.7500 (mean, 1 tok)
2026-04-30 16:18:11,063 mme_vla_suite.pseudo_labeling.topreward_qwen_scorer INFO: Prefix 2/8 (end=26, n_frames=5/27): reward=-18.7500 (mean, 1 tok)
2026-04-30 16:18:17,934 mme_vla_suite.pseudo_labeling.topreward_qwen_scorer INFO: Prefix 3/8 (end=41, n_frames=8/42): reward=-17.3750 (mean, 1 tok)
2026-04-30 16:18:24,792 mme_vla_suite.pseudo_labeling.topreward_qwen_scorer INFO: Prefix 4/8 (end=56, n_frames=11/57): reward=-15.7500 (mean, 1 tok)
2026-04-30 16:18:31,669 mme_vla_suite.pseudo_labeling.topreward_qwen_scorer INFO: Prefix 5/8 (end=71, n_frames=14/72): reward=-16.5000 (mean, 1 tok)
2026-04-30 16:18:38,542 mme_vla_suite.pseudo_labeling.topreward_qwen_scorer INFO: Prefix 6/8 (end=86, n_frames=17/87): reward=-16.3750 (mean, 1 tok)
2026-04-30 16:18:45,454 mme_vla_suite.pseudo_labeling.topreward_qwen_scorer INFO: Prefix 7/8 (end=101, n_frames=20/102): reward=-16.7500 (mean, 1 tok)
2026-04-30 16:18:52,411 mme_vla_suite.pseudo_labeling.topreward_qwen_scorer INFO: Prefix 8/8 (end=117, n_frames=24/118): reward=-15.2500 (mean, 1 tok)
2026-04-30 16:19:00,242 mme_vla_suite.pseudo_labeling.topreward_qwen_scorer INFO: Prefix 1/8 (end=7, n_frames=4/8): reward=-19.6250 (mean, 1 tok)
2026-04-30 16:19:07,060 mme_vla_suite.pseudo_labeling.topreward_qwen_scorer INFO: Prefix 2/8 (end=16, n_frames=4/17): reward=-19.6250 (mean, 1 tok)
2026-04-30 16:19:13,893 mme_vla_suite.pseudo_labeling.topreward_qwen_scorer INFO: Prefix 3/8 (end=25, n_frames=5/26): reward=-18.6250 (mean, 1 tok)
2026-04-30 16:19:20,730 mme_vla_suite.pseudo_labeling.topreward_qwen_scorer INFO: Prefix 4/8 (end=35, n_frames=7/36): reward=-18.5000 (mean, 1 tok)
2026-04-30 16:19:27,606 mme_vla_suite.pseudo_labeling.topreward_qwen_scorer INFO: Prefix 5/8 (end=44, n_frames=9/45): reward=-18.2500 (mean, 1 tok)
2026-04-30 16:19:34,471 mme_vla_suite.pseudo_labeling.topreward_qwen_scorer INFO: Prefix 6/8 (end=54, n_frames=11/55): reward=-19.3750 (mean, 1 tok)
2026-04-30 16:19:41,349 mme_vla_suite.pseudo_labeling.topreward_qwen_scorer INFO: Prefix 7/8 (end=63, n_frames=13/64): reward=-19.5000 (mean, 1 tok)
2026-04-30 16:19:48,267 mme_vla_suite.pseudo_labeling.topreward_qwen_scorer INFO: Prefix 8/8 (end=73, n_frames=15/74): reward=-19.6250 (mean, 1 tok)
2026-04-30 16:19:56,084 mme_vla_suite.pseudo_labeling.topreward_qwen_scorer INFO: Prefix 1/8 (end=9, n_frames=4/10): reward=-19.5000 (mean, 1 tok)
2026-04-30 16:20:02,912 mme_vla_suite.pseudo_labeling.topreward_qwen_scorer INFO: Prefix 2/8 (end=21, n_frames=4/22): reward=-18.1250 (mean, 1 tok)
2026-04-30 16:20:09,752 mme_vla_suite.pseudo_labeling.topreward_qwen_scorer INFO: Prefix 3/8 (end=33, n_frames=7/34): reward=-19.0000 (mean, 1 tok)
2026-04-30 16:20:16,605 mme_vla_suite.pseudo_labeling.topreward_qwen_scorer INFO: Prefix 4/8 (end=45, n_frames=9/46): reward=-18.6250 (mean, 1 tok)
2026-04-30 16:20:23,489 mme_vla_suite.pseudo_labeling.topreward_qwen_scorer INFO: Prefix 5/8 (end=57, n_frames=12/58): reward=-19.5000 (mean, 1 tok)
2026-04-30 16:20:30,373 mme_vla_suite.pseudo_labeling.topreward_qwen_scorer INFO: Prefix 6/8 (end=69, n_frames=14/70): reward=-18.8750 (mean, 1 tok)
2026-04-30 16:20:37,281 mme_vla_suite.pseudo_labeling.topreward_qwen_scorer INFO: Prefix 7/8 (end=81, n_frames=16/82): reward=-20.0000 (mean, 1 tok)
2026-04-30 16:20:44,221 mme_vla_suite.pseudo_labeling.topreward_qwen_scorer INFO: Prefix 8/8 (end=93, n_frames=19/94): reward=-19.7500 (mean, 1 tok)
2026-04-30 16:20:52,351 mme_vla_suite.pseudo_labeling.topreward_qwen_scorer INFO: Prefix 1/8 (end=11, n_frames=4/12): reward=-18.3750 (mean, 1 tok)
2026-04-30 16:20:59,243 mme_vla_suite.pseudo_labeling.topreward_qwen_scorer INFO: Prefix 2/8 (end=25, n_frames=5/26): reward=-17.8750 (mean, 1 tok)
2026-04-30 16:21:06,106 mme_vla_suite.pseudo_labeling.topreward_qwen_scorer INFO: Prefix 3/8 (end=39, n_frames=8/40): reward=-16.2500 (mean, 1 tok)
2026-04-30 16:21:13,114 mme_vla_suite.pseudo_labeling.topreward_qwen_scorer INFO: Prefix 4/8 (end=54, n_frames=11/55): reward=-15.2500 (mean, 1 tok)
2026-04-30 16:21:20,020 mme_vla_suite.pseudo_labeling.topreward_qwen_scorer INFO: Prefix 5/8 (end=68, n_frames=14/69): reward=-16.0000 (mean, 1 tok)
2026-04-30 16:21:26,935 mme_vla_suite.pseudo_labeling.topreward_qwen_scorer INFO: Prefix 6/8 (end=83, n_frames=17/84): reward=-15.0000 (mean, 1 tok)
2026-04-30 16:21:33,994 mme_vla_suite.pseudo_labeling.topreward_qwen_scorer INFO: Prefix 7/8 (end=97, n_frames=20/98): reward=-15.2500 (mean, 1 tok)
2026-04-30 16:21:40,988 mme_vla_suite.pseudo_labeling.topreward_qwen_scorer INFO: Prefix 8/8 (end=112, n_frames=23/113): reward=-15.0000 (mean, 1 tok)
2026-04-30 16:21:48,810 mme_vla_suite.pseudo_labeling.topreward_qwen_scorer INFO: Prefix 1/8 (end=7, n_frames=4/8): reward=-20.2500 (mean, 1 tok)
2026-04-30 16:21:55,699 mme_vla_suite.pseudo_labeling.topreward_qwen_scorer INFO: Prefix 2/8 (end=16, n_frames=4/17): reward=-18.6250 (mean, 1 tok)
2026-04-30 16:22:02,595 mme_vla_suite.pseudo_labeling.topreward_qwen_scorer INFO: Prefix 3/8 (end=25, n_frames=5/26): reward=-18.6250 (mean, 1 tok)
2026-04-30 16:22:09,502 mme_vla_suite.pseudo_labeling.topreward_qwen_scorer INFO: Prefix 4/8 (end=34, n_frames=7/35): reward=-18.5000 (mean, 1 tok)
2026-04-30 16:22:16,415 mme_vla_suite.pseudo_labeling.topreward_qwen_scorer INFO: Prefix 5/8 (end=43, n_frames=9/44): reward=-17.8750 (mean, 1 tok)
2026-04-30 16:22:23,307 mme_vla_suite.pseudo_labeling.topreward_qwen_scorer INFO: Prefix 6/8 (end=52, n_frames=11/53): reward=-17.5000 (mean, 1 tok)
2026-04-30 16:22:30,213 mme_vla_suite.pseudo_labeling.topreward_qwen_scorer INFO: Prefix 7/8 (end=61, n_frames=12/62): reward=-18.3750 (mean, 1 tok)
2026-04-30 16:22:37,138 mme_vla_suite.pseudo_labeling.topreward_qwen_scorer INFO: Prefix 8/8 (end=70, n_frames=14/71): reward=-18.1250 (mean, 1 tok)
2026-04-30 16:22:45,199 mme_vla_suite.pseudo_labeling.topreward_qwen_scorer INFO: Prefix 1/8 (end=8, n_frames=4/9): reward=-19.8750 (mean, 1 tok)
2026-04-30 16:22:52,083 mme_vla_suite.pseudo_labeling.topreward_qwen_scorer INFO: Prefix 2/8 (end=19, n_frames=4/20): reward=-19.3750 (mean, 1 tok)
2026-04-30 16:22:58,970 mme_vla_suite.pseudo_labeling.topreward_qwen_scorer INFO: Prefix 3/8 (end=30, n_frames=6/31): reward=-18.7500 (mean, 1 tok)
2026-04-30 16:23:05,864 mme_vla_suite.pseudo_labeling.topreward_qwen_scorer INFO: Prefix 4/8 (end=41, n_frames=8/42): reward=-19.0000 (mean, 1 tok)
2026-04-30 16:23:12,789 mme_vla_suite.pseudo_labeling.topreward_qwen_scorer INFO: Prefix 5/8 (end=53, n_frames=11/54): reward=-17.7500 (mean, 1 tok)
2026-04-30 16:23:19,694 mme_vla_suite.pseudo_labeling.topreward_qwen_scorer INFO: Prefix 6/8 (end=64, n_frames=13/65): reward=-18.2500 (mean, 1 tok)
2026-04-30 16:23:26,615 mme_vla_suite.pseudo_labeling.topreward_qwen_scorer INFO: Prefix 7/8 (end=75, n_frames=15/76): reward=-18.7500 (mean, 1 tok)
2026-04-30 16:23:33,552 mme_vla_suite.pseudo_labeling.topreward_qwen_scorer INFO: Prefix 8/8 (end=87, n_frames=18/88): reward=-18.2500 (mean, 1 tok)
2026-04-30 16:23:41,604 mme_vla_suite.pseudo_labeling.topreward_qwen_scorer INFO: Prefix 1/8 (end=11, n_frames=4/12): reward=-19.0000 (mean, 1 tok)
2026-04-30 16:23:48,438 mme_vla_suite.pseudo_labeling.topreward_qwen_scorer INFO: Prefix 2/8 (end=26, n_frames=5/27): reward=-19.1250 (mean, 1 tok)
2026-04-30 16:23:55,301 mme_vla_suite.pseudo_labeling.topreward_qwen_scorer INFO: Prefix 3/8 (end=41, n_frames=8/42): reward=-17.0000 (mean, 1 tok)
2026-04-30 16:24:02,179 mme_vla_suite.pseudo_labeling.topreward_qwen_scorer INFO: Prefix 4/8 (end=56, n_frames=11/57): reward=-15.2500 (mean, 1 tok)
2026-04-30 16:24:09,057 mme_vla_suite.pseudo_labeling.topreward_qwen_scorer INFO: Prefix 5/8 (end=71, n_frames=14/72): reward=-15.6250 (mean, 1 tok)
2026-04-30 16:24:15,946 mme_vla_suite.pseudo_labeling.topreward_qwen_scorer INFO: Prefix 6/8 (end=86, n_frames=17/87): reward=-15.1250 (mean, 1 tok)
2026-04-30 16:24:22,829 mme_vla_suite.pseudo_labeling.topreward_qwen_scorer INFO: Prefix 7/8 (end=101, n_frames=20/102): reward=-14.5000 (mean, 1 tok)
2026-04-30 16:24:29,746 mme_vla_suite.pseudo_labeling.topreward_qwen_scorer INFO: Prefix 8/8 (end=116, n_frames=23/117): reward=-14.5000 (mean, 1 tok)
2026-04-30 16:24:37,612 mme_vla_suite.pseudo_labeling.topreward_qwen_scorer INFO: Prefix 1/8 (end=6, n_frames=4/7): reward=-20.1250 (mean, 1 tok)
2026-04-30 16:24:44,451 mme_vla_suite.pseudo_labeling.topreward_qwen_scorer INFO: Prefix 2/8 (end=14, n_frames=4/15): reward=-20.1250 (mean, 1 tok)
2026-04-30 16:24:51,285 mme_vla_suite.pseudo_labeling.topreward_qwen_scorer INFO: Prefix 3/8 (end=22, n_frames=5/23): reward=-19.1250 (mean, 1 tok)
2026-04-30 16:24:58,120 mme_vla_suite.pseudo_labeling.topreward_qwen_scorer INFO: Prefix 4/8 (end=31, n_frames=6/32): reward=-19.2500 (mean, 1 tok)
2026-04-30 16:25:04,940 mme_vla_suite.pseudo_labeling.topreward_qwen_scorer INFO: Prefix 5/8 (end=39, n_frames=8/40): reward=-20.5000 (mean, 1 tok)
2026-04-30 16:25:11,762 mme_vla_suite.pseudo_labeling.topreward_qwen_scorer INFO: Prefix 6/8 (end=48, n_frames=10/49): reward=-19.2500 (mean, 1 tok)
2026-04-30 16:25:18,600 mme_vla_suite.pseudo_labeling.topreward_qwen_scorer INFO: Prefix 7/8 (end=56, n_frames=11/57): reward=-19.2500 (mean, 1 tok)
2026-04-30 16:25:25,453 mme_vla_suite.pseudo_labeling.topreward_qwen_scorer INFO: Prefix 8/8 (end=65, n_frames=13/66): reward=-18.7500 (mean, 1 tok)
2026-04-30 16:25:33,064 mme_vla_suite.pseudo_labeling.topreward_qwen_scorer INFO: Prefix 1/8 (end=7, n_frames=4/8): reward=-19.7500 (mean, 1 tok)
2026-04-30 16:25:39,887 mme_vla_suite.pseudo_labeling.topreward_qwen_scorer INFO: Prefix 2/8 (end=17, n_frames=4/18): reward=-19.8750 (mean, 1 tok)
2026-04-30 16:25:46,704 mme_vla_suite.pseudo_labeling.topreward_qwen_scorer INFO: Prefix 3/8 (end=27, n_frames=6/28): reward=-19.7500 (mean, 1 tok)
2026-04-30 16:25:53,550 mme_vla_suite.pseudo_labeling.topreward_qwen_scorer INFO: Prefix 4/8 (end=37, n_frames=8/38): reward=-20.0000 (mean, 1 tok)
2026-04-30 16:26:00,399 mme_vla_suite.pseudo_labeling.topreward_qwen_scorer INFO: Prefix 5/8 (end=47, n_frames=10/48): reward=-19.0000 (mean, 1 tok)
2026-04-30 16:26:07,302 mme_vla_suite.pseudo_labeling.topreward_qwen_scorer INFO: Prefix 6/8 (end=57, n_frames=12/58): reward=-18.5000 (mean, 1 tok)
2026-04-30 16:26:14,214 mme_vla_suite.pseudo_labeling.topreward_qwen_scorer INFO: Prefix 7/8 (end=67, n_frames=14/68): reward=-18.8750 (mean, 1 tok)
2026-04-30 16:26:21,140 mme_vla_suite.pseudo_labeling.topreward_qwen_scorer INFO: Prefix 8/8 (end=78, n_frames=16/79): reward=-18.3750 (mean, 1 tok)
2026-04-30 16:26:29,139 mme_vla_suite.pseudo_labeling.topreward_qwen_scorer INFO: Prefix 1/8 (end=11, n_frames=4/12): reward=-18.6250 (mean, 1 tok)
2026-04-30 16:26:36,000 mme_vla_suite.pseudo_labeling.topreward_qwen_scorer INFO: Prefix 2/8 (end=25, n_frames=5/26): reward=-18.2500 (mean, 1 tok)
2026-04-30 16:26:42,998 mme_vla_suite.pseudo_labeling.topreward_qwen_scorer INFO: Prefix 3/8 (end=40, n_frames=8/41): reward=-16.0000 (mean, 1 tok)
2026-04-30 16:26:49,914 mme_vla_suite.pseudo_labeling.topreward_qwen_scorer INFO: Prefix 4/8 (end=54, n_frames=11/55): reward=-15.1250 (mean, 1 tok)
2026-04-30 16:26:56,822 mme_vla_suite.pseudo_labeling.topreward_qwen_scorer INFO: Prefix 5/8 (end=69, n_frames=14/70): reward=-16.6250 (mean, 1 tok)
2026-04-30 16:27:03,751 mme_vla_suite.pseudo_labeling.topreward_qwen_scorer INFO: Prefix 6/8 (end=83, n_frames=17/84): reward=-16.3750 (mean, 1 tok)
2026-04-30 16:27:10,681 mme_vla_suite.pseudo_labeling.topreward_qwen_scorer INFO: Prefix 7/8 (end=98, n_frames=20/99): reward=-15.2500 (mean, 1 tok)
2026-04-30 16:27:17,657 mme_vla_suite.pseudo_labeling.topreward_qwen_scorer INFO: Prefix 8/8 (end=113, n_frames=23/114): reward=-15.1250 (mean, 1 tok)
2026-04-30 16:27:25,411 mme_vla_suite.pseudo_labeling.topreward_qwen_scorer INFO: Prefix 1/8 (end=6, n_frames=4/7): reward=-19.0000 (mean, 1 tok)
2026-04-30 16:27:32,276 mme_vla_suite.pseudo_labeling.topreward_qwen_scorer INFO: Prefix 2/8 (end=14, n_frames=4/15): reward=-18.6250 (mean, 1 tok)
2026-04-30 16:27:39,142 mme_vla_suite.pseudo_labeling.topreward_qwen_scorer INFO: Prefix 3/8 (end=22, n_frames=5/23): reward=-17.8750 (mean, 1 tok)
2026-04-30 16:27:46,044 mme_vla_suite.pseudo_labeling.topreward_qwen_scorer INFO: Prefix 4/8 (end=30, n_frames=6/31): reward=-19.5000 (mean, 1 tok)
2026-04-30 16:27:52,926 mme_vla_suite.pseudo_labeling.topreward_qwen_scorer INFO: Prefix 5/8 (end=38, n_frames=8/39): reward=-19.0000 (mean, 1 tok)
2026-04-30 16:27:59,840 mme_vla_suite.pseudo_labeling.topreward_qwen_scorer INFO: Prefix 6/8 (end=46, n_frames=9/47): reward=-17.7500 (mean, 1 tok)
2026-04-30 16:28:06,758 mme_vla_suite.pseudo_labeling.topreward_qwen_scorer INFO: Prefix 7/8 (end=54, n_frames=11/55): reward=-18.1250 (mean, 1 tok)
2026-04-30 16:28:13,669 mme_vla_suite.pseudo_labeling.topreward_qwen_scorer INFO: Prefix 8/8 (end=63, n_frames=13/64): reward=-19.1250 (mean, 1 tok)
2026-04-30 16:28:21,626 mme_vla_suite.pseudo_labeling.topreward_qwen_scorer INFO: Prefix 1/8 (end=8, n_frames=4/9): reward=-18.7500 (mean, 1 tok)
2026-04-30 16:28:28,492 mme_vla_suite.pseudo_labeling.topreward_qwen_scorer INFO: Prefix 2/8 (end=18, n_frames=4/19): reward=-20.0000 (mean, 1 tok)
2026-04-30 16:28:35,363 mme_vla_suite.pseudo_labeling.topreward_qwen_scorer INFO: Prefix 3/8 (end=28, n_frames=6/29): reward=-18.3750 (mean, 1 tok)
2026-04-30 16:28:42,357 mme_vla_suite.pseudo_labeling.topreward_qwen_scorer INFO: Prefix 4/8 (end=39, n_frames=8/40): reward=-19.2500 (mean, 1 tok)
2026-04-30 16:28:49,385 mme_vla_suite.pseudo_labeling.topreward_qwen_scorer INFO: Prefix 5/8 (end=49, n_frames=10/50): reward=-18.6250 (mean, 1 tok)
2026-04-30 16:28:56,283 mme_vla_suite.pseudo_labeling.topreward_qwen_scorer INFO: Prefix 6/8 (end=60, n_frames=12/61): reward=-18.7500 (mean, 1 tok)
2026-04-30 16:29:03,197 mme_vla_suite.pseudo_labeling.topreward_qwen_scorer INFO: Prefix 7/8 (end=70, n_frames=14/71): reward=-19.1250 (mean, 1 tok)
2026-04-30 16:29:10,207 mme_vla_suite.pseudo_labeling.topreward_qwen_scorer INFO: Prefix 8/8 (end=81, n_frames=16/82): reward=-18.0000 (mean, 1 tok)
2026-04-30 16:29:18,316 mme_vla_suite.pseudo_labeling.topreward_qwen_scorer INFO: Prefix 1/8 (end=11, n_frames=4/12): reward=-17.1250 (mean, 1 tok)
2026-04-30 16:29:25,201 mme_vla_suite.pseudo_labeling.topreward_qwen_scorer INFO: Prefix 2/8 (end=25, n_frames=5/26): reward=-17.2500 (mean, 1 tok)
2026-04-30 16:29:32,090 mme_vla_suite.pseudo_labeling.topreward_qwen_scorer INFO: Prefix 3/8 (end=39, n_frames=8/40): reward=-16.6250 (mean, 1 tok)
2026-04-30 16:29:38,923 mme_vla_suite.pseudo_labeling.topreward_qwen_scorer INFO: Prefix 4/8 (end=54, n_frames=11/55): reward=-13.7500 (mean, 1 tok)
2026-04-30 16:29:45,789 mme_vla_suite.pseudo_labeling.topreward_qwen_scorer INFO: Prefix 5/8 (end=68, n_frames=14/69): reward=-14.7500 (mean, 1 tok)
2026-04-30 16:29:52,667 mme_vla_suite.pseudo_labeling.topreward_qwen_scorer INFO: Prefix 6/8 (end=83, n_frames=17/84): reward=-14.3750 (mean, 1 tok)
2026-04-30 16:29:59,552 mme_vla_suite.pseudo_labeling.topreward_qwen_scorer INFO: Prefix 7/8 (end=97, n_frames=20/98): reward=-15.1250 (mean, 1 tok)
2026-04-30 16:30:06,502 mme_vla_suite.pseudo_labeling.topreward_qwen_scorer INFO: Prefix 8/8 (end=112, n_frames=23/113): reward=-13.7500 (mean, 1 tok)
2026-04-30 16:30:14,558 mme_vla_suite.pseudo_labeling.topreward_qwen_scorer INFO: Prefix 1/8 (end=7, n_frames=4/8): reward=-21.1250 (mean, 1 tok)
2026-04-30 16:30:21,399 mme_vla_suite.pseudo_labeling.topreward_qwen_scorer INFO: Prefix 2/8 (end=16, n_frames=4/17): reward=-19.5000 (mean, 1 tok)
2026-04-30 16:30:28,261 mme_vla_suite.pseudo_labeling.topreward_qwen_scorer INFO: Prefix 3/8 (end=26, n_frames=5/27): reward=-20.2500 (mean, 1 tok)
2026-04-30 16:30:35,120 mme_vla_suite.pseudo_labeling.topreward_qwen_scorer INFO: Prefix 4/8 (end=35, n_frames=7/36): reward=-18.0000 (mean, 1 tok)
2026-04-30 16:30:41,994 mme_vla_suite.pseudo_labeling.topreward_qwen_scorer INFO: Prefix 5/8 (end=45, n_frames=9/46): reward=-20.7500 (mean, 1 tok)
2026-04-30 16:30:48,864 mme_vla_suite.pseudo_labeling.topreward_qwen_scorer INFO: Prefix 6/8 (end=54, n_frames=11/55): reward=-18.1250 (mean, 1 tok)
2026-04-30 16:30:55,735 mme_vla_suite.pseudo_labeling.topreward_qwen_scorer INFO: Prefix 7/8 (end=64, n_frames=13/65): reward=-17.5000 (mean, 1 tok)
2026-04-30 16:31:02,658 mme_vla_suite.pseudo_labeling.topreward_qwen_scorer INFO: Prefix 8/8 (end=74, n_frames=15/75): reward=-16.5000 (mean, 1 tok)
2026-04-30 16:31:10,462 mme_vla_suite.pseudo_labeling.topreward_qwen_scorer INFO: Prefix 1/8 (end=8, n_frames=4/9): reward=-20.7500 (mean, 1 tok)
2026-04-30 16:31:17,334 mme_vla_suite.pseudo_labeling.topreward_qwen_scorer INFO: Prefix 2/8 (end=19, n_frames=4/20): reward=-19.0000 (mean, 1 tok)
2026-04-30 16:31:24,217 mme_vla_suite.pseudo_labeling.topreward_qwen_scorer INFO: Prefix 3/8 (end=30, n_frames=6/31): reward=-18.5000 (mean, 1 tok)
2026-04-30 16:31:31,106 mme_vla_suite.pseudo_labeling.topreward_qwen_scorer INFO: Prefix 4/8 (end=41, n_frames=8/42): reward=-18.3750 (mean, 1 tok)
2026-04-30 16:31:38,013 mme_vla_suite.pseudo_labeling.topreward_qwen_scorer INFO: Prefix 5/8 (end=53, n_frames=11/54): reward=-18.6250 (mean, 1 tok)
2026-04-30 16:31:44,933 mme_vla_suite.pseudo_labeling.topreward_qwen_scorer INFO: Prefix 6/8 (end=64, n_frames=13/65): reward=-17.5000 (mean, 1 tok)
2026-04-30 16:31:51,884 mme_vla_suite.pseudo_labeling.topreward_qwen_scorer INFO: Prefix 7/8 (end=75, n_frames=15/76): reward=-16.5000 (mean, 1 tok)
2026-04-30 16:31:58,800 mme_vla_suite.pseudo_labeling.topreward_qwen_scorer INFO: Prefix 8/8 (end=87, n_frames=18/88): reward=-16.7500 (mean, 1 tok)
2026-04-30 16:32:06,638 mme_vla_suite.pseudo_labeling.topreward_qwen_scorer INFO: Prefix 1/8 (end=12, n_frames=4/13): reward=-18.0000 (mean, 1 tok)
2026-04-30 16:32:13,493 mme_vla_suite.pseudo_labeling.topreward_qwen_scorer INFO: Prefix 2/8 (end=27, n_frames=6/28): reward=-18.5000 (mean, 1 tok)
2026-04-30 16:32:20,388 mme_vla_suite.pseudo_labeling.topreward_qwen_scorer INFO: Prefix 3/8 (end=42, n_frames=9/43): reward=-15.5000 (mean, 1 tok)
2026-04-30 16:32:27,290 mme_vla_suite.pseudo_labeling.topreward_qwen_scorer INFO: Prefix 4/8 (end=57, n_frames=12/58): reward=-15.6250 (mean, 1 tok)
2026-04-30 16:32:34,224 mme_vla_suite.pseudo_labeling.topreward_qwen_scorer INFO: Prefix 5/8 (end=73, n_frames=15/74): reward=-15.6250 (mean, 1 tok)
2026-04-30 16:32:41,129 mme_vla_suite.pseudo_labeling.topreward_qwen_scorer INFO: Prefix 6/8 (end=88, n_frames=18/89): reward=-14.8750 (mean, 1 tok)
2026-04-30 16:32:48,027 mme_vla_suite.pseudo_labeling.topreward_qwen_scorer INFO: Prefix 7/8 (end=103, n_frames=21/104): reward=-14.8750 (mean, 1 tok)
2026-04-30 16:32:54,969 mme_vla_suite.pseudo_labeling.topreward_qwen_scorer INFO: Prefix 8/8 (end=119, n_frames=24/120): reward=-15.2500 (mean, 1 tok)
2026-04-30 16:33:02,708 mme_vla_suite.pseudo_labeling.topreward_qwen_scorer INFO: Prefix 1/8 (end=7, n_frames=4/8): reward=-20.0000 (mean, 1 tok)
2026-04-30 16:33:09,534 mme_vla_suite.pseudo_labeling.topreward_qwen_scorer INFO: Prefix 2/8 (end=17, n_frames=4/18): reward=-20.1250 (mean, 1 tok)
2026-04-30 16:33:16,359 mme_vla_suite.pseudo_labeling.topreward_qwen_scorer INFO: Prefix 3/8 (end=27, n_frames=6/28): reward=-19.6250 (mean, 1 tok)
2026-04-30 16:33:23,192 mme_vla_suite.pseudo_labeling.topreward_qwen_scorer INFO: Prefix 4/8 (end=37, n_frames=8/38): reward=-19.7500 (mean, 1 tok)
2026-04-30 16:33:30,045 mme_vla_suite.pseudo_labeling.topreward_qwen_scorer INFO: Prefix 5/8 (end=47, n_frames=10/48): reward=-19.3750 (mean, 1 tok)
2026-04-30 16:33:36,903 mme_vla_suite.pseudo_labeling.topreward_qwen_scorer INFO: Prefix 6/8 (end=57, n_frames=12/58): reward=-19.0000 (mean, 1 tok)
2026-04-30 16:33:43,780 mme_vla_suite.pseudo_labeling.topreward_qwen_scorer INFO: Prefix 7/8 (end=67, n_frames=14/68): reward=-20.1250 (mean, 1 tok)
2026-04-30 16:33:50,657 mme_vla_suite.pseudo_labeling.topreward_qwen_scorer INFO: Prefix 8/8 (end=77, n_frames=16/78): reward=-20.0000 (mean, 1 tok)
2026-04-30 16:33:58,623 mme_vla_suite.pseudo_labeling.topreward_qwen_scorer INFO: Prefix 1/8 (end=9, n_frames=4/10): reward=-19.7500 (mean, 1 tok)
2026-04-30 16:34:05,451 mme_vla_suite.pseudo_labeling.topreward_qwen_scorer INFO: Prefix 2/8 (end=21, n_frames=4/22): reward=-19.3750 (mean, 1 tok)
2026-04-30 16:34:12,306 mme_vla_suite.pseudo_labeling.topreward_qwen_scorer INFO: Prefix 3/8 (end=33, n_frames=7/34): reward=-19.6250 (mean, 1 tok)
2026-04-30 16:34:19,164 mme_vla_suite.pseudo_labeling.topreward_qwen_scorer INFO: Prefix 4/8 (end=45, n_frames=9/46): reward=-18.3750 (mean, 1 tok)
2026-04-30 16:34:26,034 mme_vla_suite.pseudo_labeling.topreward_qwen_scorer INFO: Prefix 5/8 (end=57, n_frames=12/58): reward=-19.0000 (mean, 1 tok)
2026-04-30 16:34:32,916 mme_vla_suite.pseudo_labeling.topreward_qwen_scorer INFO: Prefix 6/8 (end=69, n_frames=14/70): reward=-19.7500 (mean, 1 tok)
2026-04-30 16:34:39,816 mme_vla_suite.pseudo_labeling.topreward_qwen_scorer INFO: Prefix 7/8 (end=81, n_frames=16/82): reward=-19.7500 (mean, 1 tok)
2026-04-30 16:34:46,752 mme_vla_suite.pseudo_labeling.topreward_qwen_scorer INFO: Prefix 8/8 (end=94, n_frames=19/95): reward=-19.7500 (mean, 1 tok)
2026-04-30 16:34:54,989 mme_vla_suite.pseudo_labeling.topreward_qwen_scorer INFO: Prefix 1/8 (end=12, n_frames=4/13): reward=-18.6250 (mean, 1 tok)
2026-04-30 16:35:01,869 mme_vla_suite.pseudo_labeling.topreward_qwen_scorer INFO: Prefix 2/8 (end=27, n_frames=6/28): reward=-18.8750 (mean, 1 tok)
2026-04-30 16:35:08,807 mme_vla_suite.pseudo_labeling.topreward_qwen_scorer INFO: Prefix 3/8 (end=42, n_frames=9/43): reward=-15.2500 (mean, 1 tok)
2026-04-30 16:35:15,716 mme_vla_suite.pseudo_labeling.topreward_qwen_scorer INFO: Prefix 4/8 (end=57, n_frames=12/58): reward=-14.8750 (mean, 1 tok)
2026-04-30 16:35:22,643 mme_vla_suite.pseudo_labeling.topreward_qwen_scorer INFO: Prefix 5/8 (end=73, n_frames=15/74): reward=-15.0000 (mean, 1 tok)
2026-04-30 16:35:29,571 mme_vla_suite.pseudo_labeling.topreward_qwen_scorer INFO: Prefix 6/8 (end=88, n_frames=18/89): reward=-14.5000 (mean, 1 tok)
2026-04-30 16:35:36,528 mme_vla_suite.pseudo_labeling.topreward_qwen_scorer INFO: Prefix 7/8 (end=103, n_frames=21/104): reward=-14.7500 (mean, 1 tok)
2026-04-30 16:35:43,503 mme_vla_suite.pseudo_labeling.topreward_qwen_scorer INFO: Prefix 8/8 (end=119, n_frames=24/120): reward=-14.7500 (mean, 1 tok)
2026-04-30 16:35:51,321 mme_vla_suite.pseudo_labeling.topreward_qwen_scorer INFO: Prefix 1/8 (end=7, n_frames=4/8): reward=-19.2500 (mean, 1 tok)
2026-04-30 16:35:58,199 mme_vla_suite.pseudo_labeling.topreward_qwen_scorer INFO: Prefix 2/8 (end=16, n_frames=4/17): reward=-18.6250 (mean, 1 tok)
2026-04-30 16:36:05,083 mme_vla_suite.pseudo_labeling.topreward_qwen_scorer INFO: Prefix 3/8 (end=25, n_frames=5/26): reward=-18.5000 (mean, 1 tok)
2026-04-30 16:36:11,975 mme_vla_suite.pseudo_labeling.topreward_qwen_scorer INFO: Prefix 4/8 (end=34, n_frames=7/35): reward=-18.1250 (mean, 1 tok)
2026-04-30 16:36:18,874 mme_vla_suite.pseudo_labeling.topreward_qwen_scorer INFO: Prefix 5/8 (end=43, n_frames=9/44): reward=-18.5000 (mean, 1 tok)
2026-04-30 16:36:25,784 mme_vla_suite.pseudo_labeling.topreward_qwen_scorer INFO: Prefix 6/8 (end=52, n_frames=11/53): reward=-18.1250 (mean, 1 tok)
2026-04-30 16:36:32,691 mme_vla_suite.pseudo_labeling.topreward_qwen_scorer INFO: Prefix 7/8 (end=61, n_frames=12/62): reward=-17.7500 (mean, 1 tok)
2026-04-30 16:36:39,590 mme_vla_suite.pseudo_labeling.topreward_qwen_scorer INFO: Prefix 8/8 (end=70, n_frames=14/71): reward=-18.1250 (mean, 1 tok)
2026-04-30 16:36:47,541 mme_vla_suite.pseudo_labeling.topreward_qwen_scorer INFO: Prefix 1/8 (end=8, n_frames=4/9): reward=-19.5000 (mean, 1 tok)
2026-04-30 16:36:54,404 mme_vla_suite.pseudo_labeling.topreward_qwen_scorer INFO: Prefix 2/8 (end=18, n_frames=4/19): reward=-19.1250 (mean, 1 tok)
2026-04-30 16:37:01,302 mme_vla_suite.pseudo_labeling.topreward_qwen_scorer INFO: Prefix 3/8 (end=29, n_frames=6/30): reward=-18.3750 (mean, 1 tok)
2026-04-30 16:37:08,197 mme_vla_suite.pseudo_labeling.topreward_qwen_scorer INFO: Prefix 4/8 (end=39, n_frames=8/40): reward=-18.1250 (mean, 1 tok)
2026-04-30 16:37:15,101 mme_vla_suite.pseudo_labeling.topreward_qwen_scorer INFO: Prefix 5/8 (end=50, n_frames=10/51): reward=-17.8750 (mean, 1 tok)
2026-04-30 16:37:22,009 mme_vla_suite.pseudo_labeling.topreward_qwen_scorer INFO: Prefix 6/8 (end=60, n_frames=12/61): reward=-18.0000 (mean, 1 tok)
2026-04-30 16:37:28,921 mme_vla_suite.pseudo_labeling.topreward_qwen_scorer INFO: Prefix 7/8 (end=71, n_frames=14/72): reward=-17.7500 (mean, 1 tok)
2026-04-30 16:37:35,853 mme_vla_suite.pseudo_labeling.topreward_qwen_scorer INFO: Prefix 8/8 (end=82, n_frames=17/83): reward=-17.8750 (mean, 1 tok)
2026-04-30 16:37:43,964 mme_vla_suite.pseudo_labeling.topreward_qwen_scorer INFO: Prefix 1/8 (end=11, n_frames=4/12): reward=-18.7500 (mean, 1 tok)
2026-04-30 16:37:50,845 mme_vla_suite.pseudo_labeling.topreward_qwen_scorer INFO: Prefix 2/8 (end=25, n_frames=5/26): reward=-18.8750 (mean, 1 tok)
2026-04-30 16:37:57,731 mme_vla_suite.pseudo_labeling.topreward_qwen_scorer INFO: Prefix 3/8 (end=39, n_frames=8/40): reward=-18.0000 (mean, 1 tok)
2026-04-30 16:38:04,625 mme_vla_suite.pseudo_labeling.topreward_qwen_scorer INFO: Prefix 4/8 (end=54, n_frames=11/55): reward=-16.1250 (mean, 1 tok)
2026-04-30 16:38:11,517 mme_vla_suite.pseudo_labeling.topreward_qwen_scorer INFO: Prefix 5/8 (end=68, n_frames=14/69): reward=-17.2500 (mean, 1 tok)
2026-04-30 16:38:18,468 mme_vla_suite.pseudo_labeling.topreward_qwen_scorer INFO: Prefix 6/8 (end=83, n_frames=17/84): reward=-16.0000 (mean, 1 tok)
2026-04-30 16:38:25,414 mme_vla_suite.pseudo_labeling.topreward_qwen_scorer INFO: Prefix 7/8 (end=97, n_frames=20/98): reward=-16.0000 (mean, 1 tok)
2026-04-30 16:38:32,392 mme_vla_suite.pseudo_labeling.topreward_qwen_scorer INFO: Prefix 8/8 (end=112, n_frames=23/113): reward=-17.2500 (mean, 1 tok)
2026-04-30 16:38:40,479 mme_vla_suite.pseudo_labeling.topreward_qwen_scorer INFO: Prefix 1/8 (end=6, n_frames=4/7): reward=-20.2500 (mean, 1 tok)
2026-04-30 16:38:47,331 mme_vla_suite.pseudo_labeling.topreward_qwen_scorer INFO: Prefix 2/8 (end=14, n_frames=4/15): reward=-20.5000 (mean, 1 tok)
2026-04-30 16:38:54,210 mme_vla_suite.pseudo_labeling.topreward_qwen_scorer INFO: Prefix 3/8 (end=22, n_frames=5/23): reward=-18.7500 (mean, 1 tok)
2026-04-30 16:39:01,100 mme_vla_suite.pseudo_labeling.topreward_qwen_scorer INFO: Prefix 4/8 (end=30, n_frames=6/31): reward=-19.8750 (mean, 1 tok)
2026-04-30 16:39:07,975 mme_vla_suite.pseudo_labeling.topreward_qwen_scorer INFO: Prefix 5/8 (end=38, n_frames=8/39): reward=-20.6250 (mean, 1 tok)
2026-04-30 16:39:14,835 mme_vla_suite.pseudo_labeling.topreward_qwen_scorer INFO: Prefix 6/8 (end=46, n_frames=9/47): reward=-19.5000 (mean, 1 tok)
2026-04-30 16:39:21,699 mme_vla_suite.pseudo_labeling.topreward_qwen_scorer INFO: Prefix 7/8 (end=54, n_frames=11/55): reward=-20.2500 (mean, 1 tok)
2026-04-30 16:39:28,613 mme_vla_suite.pseudo_labeling.topreward_qwen_scorer INFO: Prefix 8/8 (end=63, n_frames=13/64): reward=-19.5000 (mean, 1 tok)
2026-04-30 16:39:36,400 mme_vla_suite.pseudo_labeling.topreward_qwen_scorer INFO: Prefix 1/8 (end=8, n_frames=4/9): reward=-19.6250 (mean, 1 tok)
2026-04-30 16:39:43,265 mme_vla_suite.pseudo_labeling.topreward_qwen_scorer INFO: Prefix 2/8 (end=18, n_frames=4/19): reward=-20.6250 (mean, 1 tok)
2026-04-30 16:39:50,142 mme_vla_suite.pseudo_labeling.topreward_qwen_scorer INFO: Prefix 3/8 (end=28, n_frames=6/29): reward=-19.6250 (mean, 1 tok)
2026-04-30 16:39:57,032 mme_vla_suite.pseudo_labeling.topreward_qwen_scorer INFO: Prefix 4/8 (end=38, n_frames=8/39): reward=-20.6250 (mean, 1 tok)
2026-04-30 16:40:03,923 mme_vla_suite.pseudo_labeling.topreward_qwen_scorer INFO: Prefix 5/8 (end=48, n_frames=10/49): reward=-19.2500 (mean, 1 tok)
2026-04-30 16:40:10,818 mme_vla_suite.pseudo_labeling.topreward_qwen_scorer INFO: Prefix 6/8 (end=58, n_frames=12/59): reward=-18.6250 (mean, 1 tok)
2026-04-30 16:40:17,745 mme_vla_suite.pseudo_labeling.topreward_qwen_scorer INFO: Prefix 7/8 (end=68, n_frames=14/69): reward=-20.6250 (mean, 1 tok)
2026-04-30 16:40:24,674 mme_vla_suite.pseudo_labeling.topreward_qwen_scorer INFO: Prefix 8/8 (end=79, n_frames=16/80): reward=-20.2500 (mean, 1 tok)
2026-04-30 16:40:32,937 mme_vla_suite.pseudo_labeling.topreward_qwen_scorer INFO: Prefix 1/8 (end=11, n_frames=4/12): reward=-19.0000 (mean, 1 tok)
2026-04-30 16:40:39,805 mme_vla_suite.pseudo_labeling.topreward_qwen_scorer INFO: Prefix 2/8 (end=25, n_frames=5/26): reward=-18.7500 (mean, 1 tok)
2026-04-30 16:40:46,684 mme_vla_suite.pseudo_labeling.topreward_qwen_scorer INFO: Prefix 3/8 (end=39, n_frames=8/40): reward=-17.7500 (mean, 1 tok)
2026-04-30 16:40:53,589 mme_vla_suite.pseudo_labeling.topreward_qwen_scorer INFO: Prefix 4/8 (end=54, n_frames=11/55): reward=-17.0000 (mean, 1 tok)
2026-04-30 16:41:00,519 mme_vla_suite.pseudo_labeling.topreward_qwen_scorer INFO: Prefix 5/8 (end=68, n_frames=14/69): reward=-17.8750 (mean, 1 tok)
2026-04-30 16:41:07,420 mme_vla_suite.pseudo_labeling.topreward_qwen_scorer INFO: Prefix 6/8 (end=83, n_frames=17/84): reward=-16.2500 (mean, 1 tok)
2026-04-30 16:41:14,346 mme_vla_suite.pseudo_labeling.topreward_qwen_scorer INFO: Prefix 7/8 (end=97, n_frames=20/98): reward=-17.0000 (mean, 1 tok)
2026-04-30 16:41:21,331 mme_vla_suite.pseudo_labeling.topreward_qwen_scorer INFO: Prefix 8/8 (end=112, n_frames=23/113): reward=-15.2500 (mean, 1 tok)
2026-04-30 16:41:29,173 mme_vla_suite.pseudo_labeling.topreward_qwen_scorer INFO: Prefix 1/8 (end=7, n_frames=4/8): reward=-20.8750 (mean, 1 tok)
2026-04-30 16:41:36,020 mme_vla_suite.pseudo_labeling.topreward_qwen_scorer INFO: Prefix 2/8 (end=16, n_frames=4/17): reward=-20.7500 (mean, 1 tok)
2026-04-30 16:41:42,867 mme_vla_suite.pseudo_labeling.topreward_qwen_scorer INFO: Prefix 3/8 (end=25, n_frames=5/26): reward=-22.3750 (mean, 1 tok)
2026-04-30 16:41:49,708 mme_vla_suite.pseudo_labeling.topreward_qwen_scorer INFO: Prefix 4/8 (end=34, n_frames=7/35): reward=-21.5000 (mean, 1 tok)
2026-04-30 16:41:56,610 mme_vla_suite.pseudo_labeling.topreward_qwen_scorer INFO: Prefix 5/8 (end=44, n_frames=9/45): reward=-18.5000 (mean, 1 tok)
2026-04-30 16:42:03,483 mme_vla_suite.pseudo_labeling.topreward_qwen_scorer INFO: Prefix 6/8 (end=53, n_frames=11/54): reward=-18.7500 (mean, 1 tok)
2026-04-30 16:42:10,350 mme_vla_suite.pseudo_labeling.topreward_qwen_scorer INFO: Prefix 7/8 (end=62, n_frames=13/63): reward=-20.0000 (mean, 1 tok)
2026-04-30 16:42:17,267 mme_vla_suite.pseudo_labeling.topreward_qwen_scorer INFO: Prefix 8/8 (end=72, n_frames=15/73): reward=-19.1250 (mean, 1 tok)
2026-04-30 16:42:25,163 mme_vla_suite.pseudo_labeling.topreward_qwen_scorer INFO: Prefix 1/8 (end=9, n_frames=4/10): reward=-20.1250 (mean, 1 tok)
2026-04-30 16:42:32,010 mme_vla_suite.pseudo_labeling.topreward_qwen_scorer INFO: Prefix 2/8 (end=20, n_frames=4/21): reward=-21.8750 (mean, 1 tok)
2026-04-30 16:42:38,888 mme_vla_suite.pseudo_labeling.topreward_qwen_scorer INFO: Prefix 3/8 (end=32, n_frames=7/33): reward=-19.8750 (mean, 1 tok)
2026-04-30 16:42:45,772 mme_vla_suite.pseudo_labeling.topreward_qwen_scorer INFO: Prefix 4/8 (end=43, n_frames=9/44): reward=-20.5000 (mean, 1 tok)
2026-04-30 16:42:52,655 mme_vla_suite.pseudo_labeling.topreward_qwen_scorer INFO: Prefix 5/8 (end=55, n_frames=11/56): reward=-19.2500 (mean, 1 tok)
2026-04-30 16:42:59,524 mme_vla_suite.pseudo_labeling.topreward_qwen_scorer INFO: Prefix 6/8 (end=66, n_frames=13/67): reward=-19.6250 (mean, 1 tok)
2026-04-30 16:43:06,397 mme_vla_suite.pseudo_labeling.topreward_qwen_scorer INFO: Prefix 7/8 (end=78, n_frames=16/79): reward=-20.3750 (mean, 1 tok)
2026-04-30 16:43:13,302 mme_vla_suite.pseudo_labeling.topreward_qwen_scorer INFO: Prefix 8/8 (end=90, n_frames=18/91): reward=-19.6250 (mean, 1 tok)
2026-04-30 16:43:21,495 mme_vla_suite.pseudo_labeling.topreward_qwen_scorer INFO: Prefix 1/8 (end=11, n_frames=4/12): reward=-20.6250 (mean, 1 tok)
2026-04-30 16:43:28,305 mme_vla_suite.pseudo_labeling.topreward_qwen_scorer INFO: Prefix 2/8 (end=25, n_frames=5/26): reward=-20.5000 (mean, 1 tok)
2026-04-30 16:43:35,161 mme_vla_suite.pseudo_labeling.topreward_qwen_scorer INFO: Prefix 3/8 (end=40, n_frames=8/41): reward=-16.7500 (mean, 1 tok)
2026-04-30 16:43:42,063 mme_vla_suite.pseudo_labeling.topreward_qwen_scorer INFO: Prefix 4/8 (end=54, n_frames=11/55): reward=-15.6250 (mean, 1 tok)
2026-04-30 16:43:48,972 mme_vla_suite.pseudo_labeling.topreward_qwen_scorer INFO: Prefix 5/8 (end=69, n_frames=14/70): reward=-15.8750 (mean, 1 tok)
2026-04-30 16:43:55,897 mme_vla_suite.pseudo_labeling.topreward_qwen_scorer INFO: Prefix 6/8 (end=83, n_frames=17/84): reward=-15.6250 (mean, 1 tok)
2026-04-30 16:44:02,833 mme_vla_suite.pseudo_labeling.topreward_qwen_scorer INFO: Prefix 7/8 (end=98, n_frames=20/99): reward=-15.5000 (mean, 1 tok)
2026-04-30 16:44:09,944 mme_vla_suite.pseudo_labeling.topreward_qwen_scorer INFO: Prefix 8/8 (end=113, n_frames=23/114): reward=-14.2500 (mean, 1 tok)
2026-04-30 16:44:17,855 mme_vla_suite.pseudo_labeling.topreward_qwen_scorer INFO: Prefix 1/8 (end=7, n_frames=4/8): reward=-20.0000 (mean, 1 tok)
2026-04-30 16:44:24,750 mme_vla_suite.pseudo_labeling.topreward_qwen_scorer INFO: Prefix 2/8 (end=15, n_frames=4/16): reward=-19.5000 (mean, 1 tok)
2026-04-30 16:44:31,621 mme_vla_suite.pseudo_labeling.topreward_qwen_scorer INFO: Prefix 3/8 (end=24, n_frames=5/25): reward=-19.6250 (mean, 1 tok)
2026-04-30 16:44:38,520 mme_vla_suite.pseudo_labeling.topreward_qwen_scorer INFO: Prefix 4/8 (end=33, n_frames=7/34): reward=-19.5000 (mean, 1 tok)
2026-04-30 16:44:45,368 mme_vla_suite.pseudo_labeling.topreward_qwen_scorer INFO: Prefix 5/8 (end=42, n_frames=9/43): reward=-17.8750 (mean, 1 tok)
2026-04-30 16:44:52,255 mme_vla_suite.pseudo_labeling.topreward_qwen_scorer INFO: Prefix 6/8 (end=51, n_frames=10/52): reward=-18.7500 (mean, 1 tok)
2026-04-30 16:44:59,169 mme_vla_suite.pseudo_labeling.topreward_qwen_scorer INFO: Prefix 7/8 (end=60, n_frames=12/61): reward=-19.7500 (mean, 1 tok)
2026-04-30 16:45:06,088 mme_vla_suite.pseudo_labeling.topreward_qwen_scorer INFO: Prefix 8/8 (end=69, n_frames=14/70): reward=-18.0000 (mean, 1 tok)
2026-04-30 16:45:13,895 mme_vla_suite.pseudo_labeling.topreward_qwen_scorer INFO: Prefix 1/8 (end=8, n_frames=4/9): reward=-19.7500 (mean, 1 tok)
2026-04-30 16:45:20,774 mme_vla_suite.pseudo_labeling.topreward_qwen_scorer INFO: Prefix 2/8 (end=19, n_frames=4/20): reward=-18.8750 (mean, 1 tok)
2026-04-30 16:45:27,637 mme_vla_suite.pseudo_labeling.topreward_qwen_scorer INFO: Prefix 3/8 (end=30, n_frames=6/31): reward=-19.2500 (mean, 1 tok)
2026-04-30 16:45:34,671 mme_vla_suite.pseudo_labeling.topreward_qwen_scorer INFO: Prefix 4/8 (end=41, n_frames=8/42): reward=-19.2500 (mean, 1 tok)
2026-04-30 16:45:41,725 mme_vla_suite.pseudo_labeling.topreward_qwen_scorer INFO: Prefix 5/8 (end=52, n_frames=11/53): reward=-18.7500 (mean, 1 tok)
2026-04-30 16:45:48,790 mme_vla_suite.pseudo_labeling.topreward_qwen_scorer INFO: Prefix 6/8 (end=63, n_frames=13/64): reward=-19.0000 (mean, 1 tok)
2026-04-30 16:45:55,724 mme_vla_suite.pseudo_labeling.topreward_qwen_scorer INFO: Prefix 7/8 (end=74, n_frames=15/75): reward=-18.3750 (mean, 1 tok)
2026-04-30 16:46:02,806 mme_vla_suite.pseudo_labeling.topreward_qwen_scorer INFO: Prefix 8/8 (end=86, n_frames=17/87): reward=-17.6250 (mean, 1 tok)
2026-04-30 16:46:10,842 mme_vla_suite.pseudo_labeling.topreward_qwen_scorer INFO: Prefix 1/8 (end=11, n_frames=4/12): reward=-19.8750 (mean, 1 tok)
2026-04-30 16:46:17,721 mme_vla_suite.pseudo_labeling.topreward_qwen_scorer INFO: Prefix 2/8 (end=25, n_frames=5/26): reward=-19.8750 (mean, 1 tok)
2026-04-30 16:46:24,623 mme_vla_suite.pseudo_labeling.topreward_qwen_scorer INFO: Prefix 3/8 (end=40, n_frames=8/41): reward=-16.5000 (mean, 1 tok)
2026-04-30 16:46:31,481 mme_vla_suite.pseudo_labeling.topreward_qwen_scorer INFO: Prefix 4/8 (end=55, n_frames=11/56): reward=-15.5000 (mean, 1 tok)
2026-04-30 16:46:38,407 mme_vla_suite.pseudo_labeling.topreward_qwen_scorer INFO: Prefix 5/8 (end=69, n_frames=14/70): reward=-16.2500 (mean, 1 tok)
2026-04-30 16:46:45,354 mme_vla_suite.pseudo_labeling.topreward_qwen_scorer INFO: Prefix 6/8 (end=84, n_frames=17/85): reward=-15.7500 (mean, 1 tok)
2026-04-30 16:46:52,292 mme_vla_suite.pseudo_labeling.topreward_qwen_scorer INFO: Prefix 7/8 (end=99, n_frames=20/100): reward=-15.6250 (mean, 1 tok)
2026-04-30 16:46:59,261 mme_vla_suite.pseudo_labeling.topreward_qwen_scorer INFO: Prefix 8/8 (end=114, n_frames=23/115): reward=-14.7500 (mean, 1 tok)
2026-04-30 16:47:07,021 mme_vla_suite.pseudo_labeling.topreward_qwen_scorer INFO: Prefix 1/8 (end=6, n_frames=4/7): reward=-20.1250 (mean, 1 tok)
2026-04-30 16:47:13,902 mme_vla_suite.pseudo_labeling.topreward_qwen_scorer INFO: Prefix 2/8 (end=14, n_frames=4/15): reward=-20.5000 (mean, 1 tok)
2026-04-30 16:47:20,750 mme_vla_suite.pseudo_labeling.topreward_qwen_scorer INFO: Prefix 3/8 (end=22, n_frames=5/23): reward=-19.0000 (mean, 1 tok)
2026-04-30 16:47:27,586 mme_vla_suite.pseudo_labeling.topreward_qwen_scorer INFO: Prefix 4/8 (end=30, n_frames=6/31): reward=-19.8750 (mean, 1 tok)
2026-04-30 16:47:34,458 mme_vla_suite.pseudo_labeling.topreward_qwen_scorer INFO: Prefix 5/8 (end=38, n_frames=8/39): reward=-18.8750 (mean, 1 tok)
2026-04-30 16:47:41,347 mme_vla_suite.pseudo_labeling.topreward_qwen_scorer INFO: Prefix 6/8 (end=46, n_frames=9/47): reward=-18.8750 (mean, 1 tok)
2026-04-30 16:47:48,256 mme_vla_suite.pseudo_labeling.topreward_qwen_scorer INFO: Prefix 7/8 (end=54, n_frames=11/55): reward=-19.2500 (mean, 1 tok)
2026-04-30 16:47:55,130 mme_vla_suite.pseudo_labeling.topreward_qwen_scorer INFO: Prefix 8/8 (end=63, n_frames=13/64): reward=-18.6250 (mean, 1 tok)
2026-04-30 16:48:02,978 mme_vla_suite.pseudo_labeling.topreward_qwen_scorer INFO: Prefix 1/8 (end=7, n_frames=4/8): reward=-20.1250 (mean, 1 tok)
2026-04-30 16:48:09,856 mme_vla_suite.pseudo_labeling.topreward_qwen_scorer INFO: Prefix 2/8 (end=17, n_frames=4/18): reward=-19.7500 (mean, 1 tok)
2026-04-30 16:48:16,708 mme_vla_suite.pseudo_labeling.topreward_qwen_scorer INFO: Prefix 3/8 (end=27, n_frames=6/28): reward=-19.2500 (mean, 1 tok)
2026-04-30 16:48:23,573 mme_vla_suite.pseudo_labeling.topreward_qwen_scorer INFO: Prefix 4/8 (end=37, n_frames=8/38): reward=-19.1250 (mean, 1 tok)
2026-04-30 16:48:30,441 mme_vla_suite.pseudo_labeling.topreward_qwen_scorer INFO: Prefix 5/8 (end=47, n_frames=10/48): reward=-18.7500 (mean, 1 tok)
2026-04-30 16:48:37,359 mme_vla_suite.pseudo_labeling.topreward_qwen_scorer INFO: Prefix 6/8 (end=57, n_frames=12/58): reward=-19.5000 (mean, 1 tok)
2026-04-30 16:48:44,250 mme_vla_suite.pseudo_labeling.topreward_qwen_scorer INFO: Prefix 7/8 (end=67, n_frames=14/68): reward=-18.8750 (mean, 1 tok)
2026-04-30 16:48:51,144 mme_vla_suite.pseudo_labeling.topreward_qwen_scorer INFO: Prefix 8/8 (end=77, n_frames=16/78): reward=-18.7500 (mean, 1 tok)
2026-04-30 16:48:59,184 mme_vla_suite.pseudo_labeling.topreward_qwen_scorer INFO: Prefix 1/8 (end=11, n_frames=4/12): reward=-18.5000 (mean, 1 tok)
2026-04-30 16:49:06,041 mme_vla_suite.pseudo_labeling.topreward_qwen_scorer INFO: Prefix 2/8 (end=25, n_frames=5/26): reward=-18.6250 (mean, 1 tok)
2026-04-30 16:49:12,914 mme_vla_suite.pseudo_labeling.topreward_qwen_scorer INFO: Prefix 3/8 (end=39, n_frames=8/40): reward=-17.1250 (mean, 1 tok)
2026-04-30 16:49:19,784 mme_vla_suite.pseudo_labeling.topreward_qwen_scorer INFO: Prefix 4/8 (end=54, n_frames=11/55): reward=-16.3750 (mean, 1 tok)
2026-04-30 16:49:26,703 mme_vla_suite.pseudo_labeling.topreward_qwen_scorer INFO: Prefix 5/8 (end=68, n_frames=14/69): reward=-17.8750 (mean, 1 tok)
2026-04-30 16:49:33,582 mme_vla_suite.pseudo_labeling.topreward_qwen_scorer INFO: Prefix 6/8 (end=83, n_frames=17/84): reward=-17.0000 (mean, 1 tok)
2026-04-30 16:49:40,471 mme_vla_suite.pseudo_labeling.topreward_qwen_scorer INFO: Prefix 7/8 (end=97, n_frames=20/98): reward=-15.0000 (mean, 1 tok)
2026-04-30 16:49:47,468 mme_vla_suite.pseudo_labeling.topreward_qwen_scorer INFO: Prefix 8/8 (end=112, n_frames=23/113): reward=-15.3750 (mean, 1 tok)
2026-04-30 16:49:55,368 mme_vla_suite.pseudo_labeling.topreward_qwen_scorer INFO: Prefix 1/8 (end=6, n_frames=4/7): reward=-19.3750 (mean, 1 tok)
2026-04-30 16:50:02,252 mme_vla_suite.pseudo_labeling.topreward_qwen_scorer INFO: Prefix 2/8 (end=14, n_frames=4/15): reward=-20.1250 (mean, 1 tok)
2026-04-30 16:50:09,130 mme_vla_suite.pseudo_labeling.topreward_qwen_scorer INFO: Prefix 3/8 (end=23, n_frames=5/24): reward=-21.1250 (mean, 1 tok)
2026-04-30 16:50:16,019 mme_vla_suite.pseudo_labeling.topreward_qwen_scorer INFO: Prefix 4/8 (end=32, n_frames=7/33): reward=-18.5000 (mean, 1 tok)
2026-04-30 16:50:22,902 mme_vla_suite.pseudo_labeling.topreward_qwen_scorer INFO: Prefix 5/8 (end=40, n_frames=8/41): reward=-22.1250 (mean, 1 tok)
2026-04-30 16:50:29,788 mme_vla_suite.pseudo_labeling.topreward_qwen_scorer INFO: Prefix 6/8 (end=49, n_frames=10/50): reward=-20.1250 (mean, 1 tok)
2026-04-30 16:50:36,706 mme_vla_suite.pseudo_labeling.topreward_qwen_scorer INFO: Prefix 7/8 (end=58, n_frames=12/59): reward=-20.1250 (mean, 1 tok)
2026-04-30 16:50:43,637 mme_vla_suite.pseudo_labeling.topreward_qwen_scorer INFO: Prefix 8/8 (end=67, n_frames=14/68): reward=-19.2500 (mean, 1 tok)
2026-04-30 16:50:51,645 mme_vla_suite.pseudo_labeling.topreward_qwen_scorer INFO: Prefix 1/8 (end=8, n_frames=4/9): reward=-18.1250 (mean, 1 tok)
2026-04-30 16:50:58,527 mme_vla_suite.pseudo_labeling.topreward_qwen_scorer INFO: Prefix 2/8 (end=18, n_frames=4/19): reward=-20.3750 (mean, 1 tok)
2026-04-30 16:51:05,423 mme_vla_suite.pseudo_labeling.topreward_qwen_scorer INFO: Prefix 3/8 (end=28, n_frames=6/29): reward=-21.8750 (mean, 1 tok)
2026-04-30 16:51:12,302 mme_vla_suite.pseudo_labeling.topreward_qwen_scorer INFO: Prefix 4/8 (end=38, n_frames=8/39): reward=-20.2500 (mean, 1 tok)
2026-04-30 16:51:19,194 mme_vla_suite.pseudo_labeling.topreward_qwen_scorer INFO: Prefix 5/8 (end=49, n_frames=10/50): reward=-20.1250 (mean, 1 tok)
2026-04-30 16:51:26,101 mme_vla_suite.pseudo_labeling.topreward_qwen_scorer INFO: Prefix 6/8 (end=59, n_frames=12/60): reward=-19.2500 (mean, 1 tok)
2026-04-30 16:51:33,024 mme_vla_suite.pseudo_labeling.topreward_qwen_scorer INFO: Prefix 7/8 (end=69, n_frames=14/70): reward=-18.7500 (mean, 1 tok)
2026-04-30 16:51:39,913 mme_vla_suite.pseudo_labeling.topreward_qwen_scorer INFO: Prefix 8/8 (end=80, n_frames=16/81): reward=-19.2500 (mean, 1 tok)
2026-04-30 16:51:48,089 mme_vla_suite.pseudo_labeling.topreward_qwen_scorer INFO: Prefix 1/8 (end=11, n_frames=4/12): reward=-19.3750 (mean, 1 tok)
2026-04-30 16:51:55,006 mme_vla_suite.pseudo_labeling.topreward_qwen_scorer INFO: Prefix 2/8 (end=26, n_frames=5/27): reward=-19.2500 (mean, 1 tok)
2026-04-30 16:52:01,899 mme_vla_suite.pseudo_labeling.topreward_qwen_scorer INFO: Prefix 3/8 (end=41, n_frames=8/42): reward=-17.0000 (mean, 1 tok)
2026-04-30 16:52:08,827 mme_vla_suite.pseudo_labeling.topreward_qwen_scorer INFO: Prefix 4/8 (end=56, n_frames=11/57): reward=-16.3750 (mean, 1 tok)
2026-04-30 16:52:15,745 mme_vla_suite.pseudo_labeling.topreward_qwen_scorer INFO: Prefix 5/8 (end=71, n_frames=14/72): reward=-16.5000 (mean, 1 tok)
2026-04-30 16:52:22,665 mme_vla_suite.pseudo_labeling.topreward_qwen_scorer INFO: Prefix 6/8 (end=86, n_frames=17/87): reward=-16.8750 (mean, 1 tok)
2026-04-30 16:52:29,594 mme_vla_suite.pseudo_labeling.topreward_qwen_scorer INFO: Prefix 7/8 (end=101, n_frames=20/102): reward=-16.6250 (mean, 1 tok)
2026-04-30 16:52:36,608 mme_vla_suite.pseudo_labeling.topreward_qwen_scorer INFO: Prefix 8/8 (end=117, n_frames=24/118): reward=-15.3750 (mean, 1 tok)
2026-04-30 16:52:44,449 mme_vla_suite.pseudo_labeling.topreward_qwen_scorer INFO: Prefix 1/8 (end=8, n_frames=4/9): reward=-20.3750 (mean, 1 tok)
2026-04-30 16:52:51,323 mme_vla_suite.pseudo_labeling.topreward_qwen_scorer INFO: Prefix 2/8 (end=18, n_frames=4/19): reward=-19.3750 (mean, 1 tok)
2026-04-30 16:52:58,219 mme_vla_suite.pseudo_labeling.topreward_qwen_scorer INFO: Prefix 3/8 (end=29, n_frames=6/30): reward=-20.6250 (mean, 1 tok)
2026-04-30 16:53:05,102 mme_vla_suite.pseudo_labeling.topreward_qwen_scorer INFO: Prefix 4/8 (end=39, n_frames=8/40): reward=-21.0000 (mean, 1 tok)
2026-04-30 16:53:11,992 mme_vla_suite.pseudo_labeling.topreward_qwen_scorer INFO: Prefix 5/8 (end=50, n_frames=10/51): reward=-20.0000 (mean, 1 tok)
2026-04-30 16:53:18,875 mme_vla_suite.pseudo_labeling.topreward_qwen_scorer INFO: Prefix 6/8 (end=60, n_frames=12/61): reward=-18.3750 (mean, 1 tok)
2026-04-30 16:53:25,773 mme_vla_suite.pseudo_labeling.topreward_qwen_scorer INFO: Prefix 7/8 (end=71, n_frames=14/72): reward=-18.5000 (mean, 1 tok)
2026-04-30 16:53:32,697 mme_vla_suite.pseudo_labeling.topreward_qwen_scorer INFO: Prefix 8/8 (end=82, n_frames=17/83): reward=-18.6250 (mean, 1 tok)
2026-04-30 16:53:40,816 mme_vla_suite.pseudo_labeling.topreward_qwen_scorer INFO: Prefix 1/8 (end=9, n_frames=4/10): reward=-20.0000 (mean, 1 tok)
2026-04-30 16:53:47,692 mme_vla_suite.pseudo_labeling.topreward_qwen_scorer INFO: Prefix 2/8 (end=21, n_frames=4/22): reward=-18.7500 (mean, 1 tok)
2026-04-30 16:53:54,577 mme_vla_suite.pseudo_labeling.topreward_qwen_scorer INFO: Prefix 3/8 (end=34, n_frames=7/35): reward=-21.5000 (mean, 1 tok)
2026-04-30 16:54:01,484 mme_vla_suite.pseudo_labeling.topreward_qwen_scorer INFO: Prefix 4/8 (end=46, n_frames=9/47): reward=-19.1250 (mean, 1 tok)
2026-04-30 16:54:08,399 mme_vla_suite.pseudo_labeling.topreward_qwen_scorer INFO: Prefix 5/8 (end=59, n_frames=12/60): reward=-17.7500 (mean, 1 tok)
2026-04-30 16:54:15,295 mme_vla_suite.pseudo_labeling.topreward_qwen_scorer INFO: Prefix 6/8 (end=71, n_frames=14/72): reward=-18.5000 (mean, 1 tok)
2026-04-30 16:54:22,218 mme_vla_suite.pseudo_labeling.topreward_qwen_scorer INFO: Prefix 7/8 (end=84, n_frames=17/85): reward=-18.8750 (mean, 1 tok)
2026-04-30 16:54:29,164 mme_vla_suite.pseudo_labeling.topreward_qwen_scorer INFO: Prefix 8/8 (end=97, n_frames=20/98): reward=-17.6250 (mean, 1 tok)
2026-04-30 16:54:37,178 mme_vla_suite.pseudo_labeling.topreward_qwen_scorer INFO: Prefix 1/8 (end=11, n_frames=4/12): reward=-19.2500 (mean, 1 tok)
2026-04-30 16:54:44,070 mme_vla_suite.pseudo_labeling.topreward_qwen_scorer INFO: Prefix 2/8 (end=25, n_frames=5/26): reward=-19.7500 (mean, 1 tok)
2026-04-30 16:54:51,080 mme_vla_suite.pseudo_labeling.topreward_qwen_scorer INFO: Prefix 3/8 (end=39, n_frames=8/40): reward=-17.7500 (mean, 1 tok)
2026-04-30 16:54:57,994 mme_vla_suite.pseudo_labeling.topreward_qwen_scorer INFO: Prefix 4/8 (end=54, n_frames=11/55): reward=-15.3750 (mean, 1 tok)
2026-04-30 16:55:04,903 mme_vla_suite.pseudo_labeling.topreward_qwen_scorer INFO: Prefix 5/8 (end=68, n_frames=14/69): reward=-16.1250 (mean, 1 tok)
2026-04-30 16:55:11,847 mme_vla_suite.pseudo_labeling.topreward_qwen_scorer INFO: Prefix 6/8 (end=83, n_frames=17/84): reward=-15.8750 (mean, 1 tok)
2026-04-30 16:55:18,760 mme_vla_suite.pseudo_labeling.topreward_qwen_scorer INFO: Prefix 7/8 (end=97, n_frames=20/98): reward=-15.7500 (mean, 1 tok)
2026-04-30 16:55:25,732 mme_vla_suite.pseudo_labeling.topreward_qwen_scorer INFO: Prefix 8/8 (end=112, n_frames=23/113): reward=-15.0000 (mean, 1 tok)
2026-04-30 16:55:33,549 mme_vla_suite.pseudo_labeling.topreward_qwen_scorer INFO: Prefix 1/8 (end=6, n_frames=4/7): reward=-20.3750 (mean, 1 tok)
2026-04-30 16:55:40,430 mme_vla_suite.pseudo_labeling.topreward_qwen_scorer INFO: Prefix 2/8 (end=14, n_frames=4/15): reward=-19.2500 (mean, 1 tok)
2026-04-30 16:55:47,320 mme_vla_suite.pseudo_labeling.topreward_qwen_scorer INFO: Prefix 3/8 (end=23, n_frames=5/24): reward=-19.5000 (mean, 1 tok)
2026-04-30 16:55:54,228 mme_vla_suite.pseudo_labeling.topreward_qwen_scorer INFO: Prefix 4/8 (end=32, n_frames=7/33): reward=-19.2500 (mean, 1 tok)
2026-04-30 16:56:01,133 mme_vla_suite.pseudo_labeling.topreward_qwen_scorer INFO: Prefix 5/8 (end=41, n_frames=8/42): reward=-19.1250 (mean, 1 tok)
2026-04-30 16:56:08,058 mme_vla_suite.pseudo_labeling.topreward_qwen_scorer INFO: Prefix 6/8 (end=50, n_frames=10/51): reward=-18.7500 (mean, 1 tok)
2026-04-30 16:56:14,974 mme_vla_suite.pseudo_labeling.topreward_qwen_scorer INFO: Prefix 7/8 (end=59, n_frames=12/60): reward=-18.0000 (mean, 1 tok)
2026-04-30 16:56:21,852 mme_vla_suite.pseudo_labeling.topreward_qwen_scorer INFO: Prefix 8/8 (end=68, n_frames=14/69): reward=-18.8750 (mean, 1 tok)
2026-04-30 16:56:29,818 mme_vla_suite.pseudo_labeling.topreward_qwen_scorer INFO: Prefix 1/8 (end=8, n_frames=4/9): reward=-19.7500 (mean, 1 tok)
2026-04-30 16:56:36,659 mme_vla_suite.pseudo_labeling.topreward_qwen_scorer INFO: Prefix 2/8 (end=18, n_frames=4/19): reward=-19.6250 (mean, 1 tok)
2026-04-30 16:56:43,514 mme_vla_suite.pseudo_labeling.topreward_qwen_scorer INFO: Prefix 3/8 (end=28, n_frames=6/29): reward=-20.0000 (mean, 1 tok)
2026-04-30 16:56:50,383 mme_vla_suite.pseudo_labeling.topreward_qwen_scorer INFO: Prefix 4/8 (end=39, n_frames=8/40): reward=-19.6250 (mean, 1 tok)
2026-04-30 16:56:57,274 mme_vla_suite.pseudo_labeling.topreward_qwen_scorer INFO: Prefix 5/8 (end=49, n_frames=10/50): reward=-18.7500 (mean, 1 tok)
2026-04-30 16:57:04,147 mme_vla_suite.pseudo_labeling.topreward_qwen_scorer INFO: Prefix 6/8 (end=60, n_frames=12/61): reward=-17.8750 (mean, 1 tok)
2026-04-30 16:57:11,034 mme_vla_suite.pseudo_labeling.topreward_qwen_scorer INFO: Prefix 7/8 (end=70, n_frames=14/71): reward=-18.7500 (mean, 1 tok)
2026-04-30 16:57:17,951 mme_vla_suite.pseudo_labeling.topreward_qwen_scorer INFO: Prefix 8/8 (end=81, n_frames=16/82): reward=-17.2500 (mean, 1 tok)
2026-04-30 16:57:25,946 mme_vla_suite.pseudo_labeling.topreward_qwen_scorer INFO: Prefix 1/8 (end=11, n_frames=4/12): reward=-19.7500 (mean, 1 tok)
2026-04-30 16:57:32,822 mme_vla_suite.pseudo_labeling.topreward_qwen_scorer INFO: Prefix 2/8 (end=25, n_frames=5/26): reward=-19.7500 (mean, 1 tok)
2026-04-30 16:57:39,707 mme_vla_suite.pseudo_labeling.topreward_qwen_scorer INFO: Prefix 3/8 (end=39, n_frames=8/40): reward=-16.8750 (mean, 1 tok)
2026-04-30 16:57:46,615 mme_vla_suite.pseudo_labeling.topreward_qwen_scorer INFO: Prefix 4/8 (end=54, n_frames=11/55): reward=-15.2500 (mean, 1 tok)
2026-04-30 16:57:53,508 mme_vla_suite.pseudo_labeling.topreward_qwen_scorer INFO: Prefix 5/8 (end=68, n_frames=14/69): reward=-15.5000 (mean, 1 tok)
2026-04-30 16:58:00,425 mme_vla_suite.pseudo_labeling.topreward_qwen_scorer INFO: Prefix 6/8 (end=83, n_frames=17/84): reward=-15.3750 (mean, 1 tok)
2026-04-30 16:58:07,378 mme_vla_suite.pseudo_labeling.topreward_qwen_scorer INFO: Prefix 7/8 (end=97, n_frames=20/98): reward=-14.8750 (mean, 1 tok)
2026-04-30 16:58:14,379 mme_vla_suite.pseudo_labeling.topreward_qwen_scorer INFO: Prefix 8/8 (end=112, n_frames=23/113): reward=-15.0000 (mean, 1 tok)
2026-04-30 16:58:22,185 mme_vla_suite.pseudo_labeling.topreward_qwen_scorer INFO: Prefix 1/8 (end=7, n_frames=4/8): reward=-20.2500 (mean, 1 tok)
2026-04-30 16:58:29,057 mme_vla_suite.pseudo_labeling.topreward_qwen_scorer INFO: Prefix 2/8 (end=16, n_frames=4/17): reward=-20.1250 (mean, 1 tok)
2026-04-30 16:58:35,974 mme_vla_suite.pseudo_labeling.topreward_qwen_scorer INFO: Prefix 3/8 (end=25, n_frames=5/26): reward=-20.3750 (mean, 1 tok)
2026-04-30 16:58:42,867 mme_vla_suite.pseudo_labeling.topreward_qwen_scorer INFO: Prefix 4/8 (end=34, n_frames=7/35): reward=-19.5000 (mean, 1 tok)
2026-04-30 16:58:49,771 mme_vla_suite.pseudo_labeling.topreward_qwen_scorer INFO: Prefix 5/8 (end=43, n_frames=9/44): reward=-20.5000 (mean, 1 tok)
2026-04-30 16:58:56,688 mme_vla_suite.pseudo_labeling.topreward_qwen_scorer INFO: Prefix 6/8 (end=52, n_frames=11/53): reward=-20.6250 (mean, 1 tok)
2026-04-30 16:59:03,584 mme_vla_suite.pseudo_labeling.topreward_qwen_scorer INFO: Prefix 7/8 (end=61, n_frames=12/62): reward=-21.6250 (mean, 1 tok)
2026-04-30 16:59:10,518 mme_vla_suite.pseudo_labeling.topreward_qwen_scorer INFO: Prefix 8/8 (end=70, n_frames=14/71): reward=-19.1250 (mean, 1 tok)
2026-04-30 16:59:18,433 mme_vla_suite.pseudo_labeling.topreward_qwen_scorer INFO: Prefix 1/8 (end=8, n_frames=4/9): reward=-19.5000 (mean, 1 tok)
2026-04-30 16:59:25,319 mme_vla_suite.pseudo_labeling.topreward_qwen_scorer INFO: Prefix 2/8 (end=19, n_frames=4/20): reward=-21.2500 (mean, 1 tok)
2026-04-30 16:59:32,210 mme_vla_suite.pseudo_labeling.topreward_qwen_scorer INFO: Prefix 3/8 (end=30, n_frames=6/31): reward=-20.3750 (mean, 1 tok)
2026-04-30 16:59:39,101 mme_vla_suite.pseudo_labeling.topreward_qwen_scorer INFO: Prefix 4/8 (end=42, n_frames=9/43): reward=-20.7500 (mean, 1 tok)
2026-04-30 16:59:46,014 mme_vla_suite.pseudo_labeling.topreward_qwen_scorer INFO: Prefix 5/8 (end=53, n_frames=11/54): reward=-21.0000 (mean, 1 tok)
2026-04-30 16:59:52,909 mme_vla_suite.pseudo_labeling.topreward_qwen_scorer INFO: Prefix 6/8 (end=65, n_frames=13/66): reward=-19.1250 (mean, 1 tok)
2026-04-30 16:59:59,840 mme_vla_suite.pseudo_labeling.topreward_qwen_scorer INFO: Prefix 7/8 (end=76, n_frames=15/77): reward=-19.2500 (mean, 1 tok)
2026-04-30 17:00:06,773 mme_vla_suite.pseudo_labeling.topreward_qwen_scorer INFO: Prefix 8/8 (end=88, n_frames=18/89): reward=-18.3750 (mean, 1 tok)
2026-04-30 17:00:14,864 mme_vla_suite.pseudo_labeling.topreward_qwen_scorer INFO: Prefix 1/8 (end=11, n_frames=4/12): reward=-18.3750 (mean, 1 tok)
2026-04-30 17:00:21,742 mme_vla_suite.pseudo_labeling.topreward_qwen_scorer INFO: Prefix 2/8 (end=25, n_frames=5/26): reward=-18.0000 (mean, 1 tok)
2026-04-30 17:00:28,633 mme_vla_suite.pseudo_labeling.topreward_qwen_scorer INFO: Prefix 3/8 (end=39, n_frames=8/40): reward=-17.1250 (mean, 1 tok)
2026-04-30 17:00:35,533 mme_vla_suite.pseudo_labeling.topreward_qwen_scorer INFO: Prefix 4/8 (end=53, n_frames=11/54): reward=-15.3750 (mean, 1 tok)
2026-04-30 17:00:42,472 mme_vla_suite.pseudo_labeling.topreward_qwen_scorer INFO: Prefix 5/8 (end=68, n_frames=14/69): reward=-16.2500 (mean, 1 tok)
2026-04-30 17:00:49,413 mme_vla_suite.pseudo_labeling.topreward_qwen_scorer INFO: Prefix 6/8 (end=82, n_frames=17/83): reward=-16.7500 (mean, 1 tok)
2026-04-30 17:00:56,366 mme_vla_suite.pseudo_labeling.topreward_qwen_scorer INFO: Prefix 7/8 (end=96, n_frames=19/97): reward=-16.1250 (mean, 1 tok)
2026-04-30 17:01:03,366 mme_vla_suite.pseudo_labeling.topreward_qwen_scorer INFO: Prefix 8/8 (end=111, n_frames=22/112): reward=-14.5000 (mean, 1 tok)
2026-04-30 17:01:11,448 mme_vla_suite.pseudo_labeling.topreward_qwen_scorer INFO: Prefix 1/8 (end=6, n_frames=4/7): reward=-20.0000 (mean, 1 tok)
2026-04-30 17:01:18,320 mme_vla_suite.pseudo_labeling.topreward_qwen_scorer INFO: Prefix 2/8 (end=14, n_frames=4/15): reward=-19.6250 (mean, 1 tok)
2026-04-30 17:01:25,220 mme_vla_suite.pseudo_labeling.topreward_qwen_scorer INFO: Prefix 3/8 (end=23, n_frames=5/24): reward=-20.2500 (mean, 1 tok)
2026-04-30 17:01:32,107 mme_vla_suite.pseudo_labeling.topreward_qwen_scorer INFO: Prefix 4/8 (end=32, n_frames=7/33): reward=-19.8750 (mean, 1 tok)
2026-04-30 17:01:39,003 mme_vla_suite.pseudo_labeling.topreward_qwen_scorer INFO: Prefix 5/8 (end=40, n_frames=8/41): reward=-20.1250 (mean, 1 tok)
2026-04-30 17:01:45,906 mme_vla_suite.pseudo_labeling.topreward_qwen_scorer INFO: Prefix 6/8 (end=49, n_frames=10/50): reward=-19.6250 (mean, 1 tok)
2026-04-30 17:01:52,812 mme_vla_suite.pseudo_labeling.topreward_qwen_scorer INFO: Prefix 7/8 (end=58, n_frames=12/59): reward=-19.0000 (mean, 1 tok)
2026-04-30 17:01:59,715 mme_vla_suite.pseudo_labeling.topreward_qwen_scorer INFO: Prefix 8/8 (end=67, n_frames=14/68): reward=-18.7500 (mean, 1 tok)
2026-04-30 17:02:07,608 mme_vla_suite.pseudo_labeling.topreward_qwen_scorer INFO: Prefix 1/8 (end=8, n_frames=4/9): reward=-20.3750 (mean, 1 tok)
2026-04-30 17:02:14,454 mme_vla_suite.pseudo_labeling.topreward_qwen_scorer INFO: Prefix 2/8 (end=18, n_frames=4/19): reward=-20.6250 (mean, 1 tok)
2026-04-30 17:02:21,295 mme_vla_suite.pseudo_labeling.topreward_qwen_scorer INFO: Prefix 3/8 (end=28, n_frames=6/29): reward=-19.1250 (mean, 1 tok)
2026-04-30 17:02:28,168 mme_vla_suite.pseudo_labeling.topreward_qwen_scorer INFO: Prefix 4/8 (end=38, n_frames=8/39): reward=-20.3750 (mean, 1 tok)
2026-04-30 17:02:35,059 mme_vla_suite.pseudo_labeling.topreward_qwen_scorer INFO: Prefix 5/8 (end=49, n_frames=10/50): reward=-19.6250 (mean, 1 tok)
2026-04-30 17:02:41,969 mme_vla_suite.pseudo_labeling.topreward_qwen_scorer INFO: Prefix 6/8 (end=59, n_frames=12/60): reward=-18.5000 (mean, 1 tok)
2026-04-30 17:02:48,872 mme_vla_suite.pseudo_labeling.topreward_qwen_scorer INFO: Prefix 7/8 (end=69, n_frames=14/70): reward=-19.0000 (mean, 1 tok)
2026-04-30 17:02:55,788 mme_vla_suite.pseudo_labeling.topreward_qwen_scorer INFO: Prefix 8/8 (end=80, n_frames=16/81): reward=-18.1250 (mean, 1 tok)
2026-04-30 17:03:03,732 mme_vla_suite.pseudo_labeling.topreward_qwen_scorer INFO: Prefix 1/8 (end=11, n_frames=4/12): reward=-18.5000 (mean, 1 tok)
2026-04-30 17:03:10,648 mme_vla_suite.pseudo_labeling.topreward_qwen_scorer INFO: Prefix 2/8 (end=26, n_frames=5/27): reward=-18.2500 (mean, 1 tok)
2026-04-30 17:03:17,553 mme_vla_suite.pseudo_labeling.topreward_qwen_scorer INFO: Prefix 3/8 (end=41, n_frames=8/42): reward=-17.0000 (mean, 1 tok)
2026-04-30 17:03:24,462 mme_vla_suite.pseudo_labeling.topreward_qwen_scorer INFO: Prefix 4/8 (end=56, n_frames=11/57): reward=-16.5000 (mean, 1 tok)
2026-04-30 17:03:31,377 mme_vla_suite.pseudo_labeling.topreward_qwen_scorer INFO: Prefix 5/8 (end=71, n_frames=14/72): reward=-16.3750 (mean, 1 tok)
2026-04-30 17:03:38,307 mme_vla_suite.pseudo_labeling.topreward_qwen_scorer INFO: Prefix 6/8 (end=86, n_frames=17/87): reward=-16.8750 (mean, 1 tok)
2026-04-30 17:03:45,231 mme_vla_suite.pseudo_labeling.topreward_qwen_scorer INFO: Prefix 7/8 (end=101, n_frames=20/102): reward=-16.2500 (mean, 1 tok)
2026-04-30 17:03:52,210 mme_vla_suite.pseudo_labeling.topreward_qwen_scorer INFO: Prefix 8/8 (end=116, n_frames=23/117): reward=-16.3750 (mean, 1 tok)
2026-04-30 17:04:00,139 mme_vla_suite.pseudo_labeling.topreward_qwen_scorer INFO: Prefix 1/8 (end=7, n_frames=4/8): reward=-19.7500 (mean, 1 tok)
2026-04-30 17:04:07,009 mme_vla_suite.pseudo_labeling.topreward_qwen_scorer INFO: Prefix 2/8 (end=16, n_frames=4/17): reward=-19.6250 (mean, 1 tok)
2026-04-30 17:04:13,886 mme_vla_suite.pseudo_labeling.topreward_qwen_scorer INFO: Prefix 3/8 (end=25, n_frames=5/26): reward=-19.8750 (mean, 1 tok)
2026-04-30 17:04:20,745 mme_vla_suite.pseudo_labeling.topreward_qwen_scorer INFO: Prefix 4/8 (end=34, n_frames=7/35): reward=-19.1250 (mean, 1 tok)
2026-04-30 17:04:27,582 mme_vla_suite.pseudo_labeling.topreward_qwen_scorer INFO: Prefix 5/8 (end=43, n_frames=9/44): reward=-19.7500 (mean, 1 tok)
2026-04-30 17:04:34,444 mme_vla_suite.pseudo_labeling.topreward_qwen_scorer INFO: Prefix 6/8 (end=52, n_frames=11/53): reward=-20.2500 (mean, 1 tok)
2026-04-30 17:04:41,349 mme_vla_suite.pseudo_labeling.topreward_qwen_scorer INFO: Prefix 7/8 (end=61, n_frames=12/62): reward=-19.3750 (mean, 1 tok)
2026-04-30 17:04:48,242 mme_vla_suite.pseudo_labeling.topreward_qwen_scorer INFO: Prefix 8/8 (end=71, n_frames=14/72): reward=-18.6250 (mean, 1 tok)
2026-04-30 17:04:56,154 mme_vla_suite.pseudo_labeling.topreward_qwen_scorer INFO: Prefix 1/8 (end=9, n_frames=4/10): reward=-20.5000 (mean, 1 tok)
2026-04-30 17:05:02,998 mme_vla_suite.pseudo_labeling.topreward_qwen_scorer INFO: Prefix 2/8 (end=20, n_frames=4/21): reward=-20.5000 (mean, 1 tok)
2026-04-30 17:05:09,847 mme_vla_suite.pseudo_labeling.topreward_qwen_scorer INFO: Prefix 3/8 (end=32, n_frames=7/33): reward=-20.1250 (mean, 1 tok)
2026-04-30 17:05:16,705 mme_vla_suite.pseudo_labeling.topreward_qwen_scorer INFO: Prefix 4/8 (end=43, n_frames=9/44): reward=-19.7500 (mean, 1 tok)
2026-04-30 17:05:23,605 mme_vla_suite.pseudo_labeling.topreward_qwen_scorer INFO: Prefix 5/8 (end=55, n_frames=11/56): reward=-19.0000 (mean, 1 tok)
2026-04-30 17:05:30,524 mme_vla_suite.pseudo_labeling.topreward_qwen_scorer INFO: Prefix 6/8 (end=66, n_frames=13/67): reward=-19.2500 (mean, 1 tok)
2026-04-30 17:05:37,397 mme_vla_suite.pseudo_labeling.topreward_qwen_scorer INFO: Prefix 7/8 (end=78, n_frames=16/79): reward=-19.0000 (mean, 1 tok)
2026-04-30 17:05:44,298 mme_vla_suite.pseudo_labeling.topreward_qwen_scorer INFO: Prefix 8/8 (end=90, n_frames=18/91): reward=-20.5000 (mean, 1 tok)
2026-04-30 17:05:52,515 mme_vla_suite.pseudo_labeling.topreward_qwen_scorer INFO: Prefix 1/8 (end=11, n_frames=4/12): reward=-18.6250 (mean, 1 tok)
2026-04-30 17:05:59,346 mme_vla_suite.pseudo_labeling.topreward_qwen_scorer INFO: Prefix 2/8 (end=25, n_frames=5/26): reward=-18.1250 (mean, 1 tok)
2026-04-30 17:06:06,197 mme_vla_suite.pseudo_labeling.topreward_qwen_scorer INFO: Prefix 3/8 (end=40, n_frames=8/41): reward=-16.7500 (mean, 1 tok)
2026-04-30 17:06:13,074 mme_vla_suite.pseudo_labeling.topreward_qwen_scorer INFO: Prefix 4/8 (end=55, n_frames=11/56): reward=-15.6250 (mean, 1 tok)
2026-04-30 17:06:19,949 mme_vla_suite.pseudo_labeling.topreward_qwen_scorer INFO: Prefix 5/8 (end=70, n_frames=14/71): reward=-16.1250 (mean, 1 tok)
2026-04-30 17:06:26,851 mme_vla_suite.pseudo_labeling.topreward_qwen_scorer INFO: Prefix 6/8 (end=85, n_frames=17/86): reward=-15.2500 (mean, 1 tok)
2026-04-30 17:06:33,769 mme_vla_suite.pseudo_labeling.topreward_qwen_scorer INFO: Prefix 7/8 (end=100, n_frames=20/101): reward=-15.5000 (mean, 1 tok)
2026-04-30 17:06:40,732 mme_vla_suite.pseudo_labeling.topreward_qwen_scorer INFO: Prefix 8/8 (end=115, n_frames=23/116): reward=-14.6250 (mean, 1 tok)
2026-04-30 17:06:48,525 mme_vla_suite.pseudo_labeling.topreward_qwen_scorer INFO: Prefix 1/8 (end=7, n_frames=4/8): reward=-19.5000 (mean, 1 tok)
2026-04-30 17:06:55,371 mme_vla_suite.pseudo_labeling.topreward_qwen_scorer INFO: Prefix 2/8 (end=16, n_frames=4/17): reward=-19.3750 (mean, 1 tok)
2026-04-30 17:07:02,214 mme_vla_suite.pseudo_labeling.topreward_qwen_scorer INFO: Prefix 3/8 (end=25, n_frames=5/26): reward=-18.7500 (mean, 1 tok)
2026-04-30 17:07:09,086 mme_vla_suite.pseudo_labeling.topreward_qwen_scorer INFO: Prefix 4/8 (end=34, n_frames=7/35): reward=-18.8750 (mean, 1 tok)
2026-04-30 17:07:15,975 mme_vla_suite.pseudo_labeling.topreward_qwen_scorer INFO: Prefix 5/8 (end=43, n_frames=9/44): reward=-19.2500 (mean, 1 tok)
2026-04-30 17:07:22,864 mme_vla_suite.pseudo_labeling.topreward_qwen_scorer INFO: Prefix 6/8 (end=52, n_frames=11/53): reward=-18.0000 (mean, 1 tok)
2026-04-30 17:07:29,732 mme_vla_suite.pseudo_labeling.topreward_qwen_scorer INFO: Prefix 7/8 (end=61, n_frames=12/62): reward=-18.1250 (mean, 1 tok)
2026-04-30 17:07:36,627 mme_vla_suite.pseudo_labeling.topreward_qwen_scorer INFO: Prefix 8/8 (end=70, n_frames=14/71): reward=-19.2500 (mean, 1 tok)
2026-04-30 17:07:44,592 mme_vla_suite.pseudo_labeling.topreward_qwen_scorer INFO: Prefix 1/8 (end=8, n_frames=4/9): reward=-19.5000 (mean, 1 tok)
2026-04-30 17:07:51,412 mme_vla_suite.pseudo_labeling.topreward_qwen_scorer INFO: Prefix 2/8 (end=18, n_frames=4/19): reward=-19.1250 (mean, 1 tok)
2026-04-30 17:07:58,238 mme_vla_suite.pseudo_labeling.topreward_qwen_scorer INFO: Prefix 3/8 (end=29, n_frames=6/30): reward=-18.7500 (mean, 1 tok)
2026-04-30 17:08:05,069 mme_vla_suite.pseudo_labeling.topreward_qwen_scorer INFO: Prefix 4/8 (end=40, n_frames=8/41): reward=-18.2500 (mean, 1 tok)
2026-04-30 17:08:11,943 mme_vla_suite.pseudo_labeling.topreward_qwen_scorer INFO: Prefix 5/8 (end=50, n_frames=10/51): reward=-18.0000 (mean, 1 tok)
2026-04-30 17:08:18,830 mme_vla_suite.pseudo_labeling.topreward_qwen_scorer INFO: Prefix 6/8 (end=61, n_frames=12/62): reward=-18.1250 (mean, 1 tok)
2026-04-30 17:08:25,742 mme_vla_suite.pseudo_labeling.topreward_qwen_scorer INFO: Prefix 7/8 (end=72, n_frames=15/73): reward=-19.8750 (mean, 1 tok)
2026-04-30 17:08:32,676 mme_vla_suite.pseudo_labeling.topreward_qwen_scorer INFO: Prefix 8/8 (end=83, n_frames=17/84): reward=-18.3750 (mean, 1 tok)
2026-04-30 17:08:40,824 mme_vla_suite.pseudo_labeling.topreward_qwen_scorer INFO: Prefix 1/8 (end=11, n_frames=4/12): reward=-18.6250 (mean, 1 tok)
2026-04-30 17:08:47,705 mme_vla_suite.pseudo_labeling.topreward_qwen_scorer INFO: Prefix 2/8 (end=25, n_frames=5/26): reward=-18.7500 (mean, 1 tok)
2026-04-30 17:08:54,608 mme_vla_suite.pseudo_labeling.topreward_qwen_scorer INFO: Prefix 3/8 (end=40, n_frames=8/41): reward=-16.1250 (mean, 1 tok)
2026-04-30 17:09:01,502 mme_vla_suite.pseudo_labeling.topreward_qwen_scorer INFO: Prefix 4/8 (end=54, n_frames=11/55): reward=-15.7500 (mean, 1 tok)
2026-04-30 17:09:08,436 mme_vla_suite.pseudo_labeling.topreward_qwen_scorer INFO: Prefix 5/8 (end=69, n_frames=14/70): reward=-16.0000 (mean, 1 tok)
2026-04-30 17:09:15,353 mme_vla_suite.pseudo_labeling.topreward_qwen_scorer INFO: Prefix 6/8 (end=83, n_frames=17/84): reward=-16.5000 (mean, 1 tok)
2026-04-30 17:09:22,266 mme_vla_suite.pseudo_labeling.topreward_qwen_scorer INFO: Prefix 7/8 (end=98, n_frames=20/99): reward=-16.3750 (mean, 1 tok)
2026-04-30 17:09:29,237 mme_vla_suite.pseudo_labeling.topreward_qwen_scorer INFO: Prefix 8/8 (end=113, n_frames=23/114): reward=-15.5000 (mean, 1 tok)
2026-04-30 17:09:37,153 mme_vla_suite.pseudo_labeling.topreward_qwen_scorer INFO: Prefix 1/8 (end=6, n_frames=4/7): reward=-19.5000 (mean, 1 tok)
2026-04-30 17:09:44,021 mme_vla_suite.pseudo_labeling.topreward_qwen_scorer INFO: Prefix 2/8 (end=14, n_frames=4/15): reward=-19.6250 (mean, 1 tok)
2026-04-30 17:09:50,896 mme_vla_suite.pseudo_labeling.topreward_qwen_scorer INFO: Prefix 3/8 (end=22, n_frames=5/23): reward=-18.8750 (mean, 1 tok)
2026-04-30 17:09:57,782 mme_vla_suite.pseudo_labeling.topreward_qwen_scorer INFO: Prefix 4/8 (end=30, n_frames=6/31): reward=-18.6250 (mean, 1 tok)
2026-04-30 17:10:04,663 mme_vla_suite.pseudo_labeling.topreward_qwen_scorer INFO: Prefix 5/8 (end=39, n_frames=8/40): reward=-18.7500 (mean, 1 tok)
2026-04-30 17:10:11,584 mme_vla_suite.pseudo_labeling.topreward_qwen_scorer INFO: Prefix 6/8 (end=47, n_frames=10/48): reward=-18.3750 (mean, 1 tok)
2026-04-30 17:10:18,482 mme_vla_suite.pseudo_labeling.topreward_qwen_scorer INFO: Prefix 7/8 (end=55, n_frames=11/56): reward=-18.8750 (mean, 1 tok)
2026-04-30 17:10:25,407 mme_vla_suite.pseudo_labeling.topreward_qwen_scorer INFO: Prefix 8/8 (end=64, n_frames=13/65): reward=-18.5000 (mean, 1 tok)
2026-04-30 17:10:33,288 mme_vla_suite.pseudo_labeling.topreward_qwen_scorer INFO: Prefix 1/8 (end=7, n_frames=4/8): reward=-19.1250 (mean, 1 tok)
2026-04-30 17:10:40,130 mme_vla_suite.pseudo_labeling.topreward_qwen_scorer INFO: Prefix 2/8 (end=17, n_frames=4/18): reward=-19.2500 (mean, 1 tok)
2026-04-30 17:10:47,022 mme_vla_suite.pseudo_labeling.topreward_qwen_scorer INFO: Prefix 3/8 (end=27, n_frames=6/28): reward=-18.8750 (mean, 1 tok)
2026-04-30 17:10:53,900 mme_vla_suite.pseudo_labeling.topreward_qwen_scorer INFO: Prefix 4/8 (end=37, n_frames=8/38): reward=-19.8750 (mean, 1 tok)
2026-04-30 17:11:00,808 mme_vla_suite.pseudo_labeling.topreward_qwen_scorer INFO: Prefix 5/8 (end=47, n_frames=10/48): reward=-18.3750 (mean, 1 tok)
2026-04-30 17:11:07,704 mme_vla_suite.pseudo_labeling.topreward_qwen_scorer INFO: Prefix 6/8 (end=57, n_frames=12/58): reward=-19.2500 (mean, 1 tok)
2026-04-30 17:11:14,593 mme_vla_suite.pseudo_labeling.topreward_qwen_scorer INFO: Prefix 7/8 (end=67, n_frames=14/68): reward=-19.8750 (mean, 1 tok)
2026-04-30 17:11:21,498 mme_vla_suite.pseudo_labeling.topreward_qwen_scorer INFO: Prefix 8/8 (end=78, n_frames=16/79): reward=-18.2500 (mean, 1 tok)
2026-04-30 17:11:29,611 mme_vla_suite.pseudo_labeling.topreward_qwen_scorer INFO: Prefix 1/8 (end=11, n_frames=4/12): reward=-18.1250 (mean, 1 tok)
2026-04-30 17:11:36,463 mme_vla_suite.pseudo_labeling.topreward_qwen_scorer INFO: Prefix 2/8 (end=25, n_frames=5/26): reward=-18.2500 (mean, 1 tok)
2026-04-30 17:11:43,296 mme_vla_suite.pseudo_labeling.topreward_qwen_scorer INFO: Prefix 3/8 (end=40, n_frames=8/41): reward=-16.8750 (mean, 1 tok)
2026-04-30 17:11:50,221 mme_vla_suite.pseudo_labeling.topreward_qwen_scorer INFO: Prefix 4/8 (end=54, n_frames=11/55): reward=-15.3750 (mean, 1 tok)
2026-04-30 17:11:57,106 mme_vla_suite.pseudo_labeling.topreward_qwen_scorer INFO: Prefix 5/8 (end=69, n_frames=14/70): reward=-16.7500 (mean, 1 tok)
2026-04-30 17:12:04,017 mme_vla_suite.pseudo_labeling.topreward_qwen_scorer INFO: Prefix 6/8 (end=83, n_frames=17/84): reward=-16.6250 (mean, 1 tok)
2026-04-30 17:12:10,934 mme_vla_suite.pseudo_labeling.topreward_qwen_scorer INFO: Prefix 7/8 (end=98, n_frames=20/99): reward=-15.8750 (mean, 1 tok)
2026-04-30 17:12:17,892 mme_vla_suite.pseudo_labeling.topreward_qwen_scorer INFO: Prefix 8/8 (end=113, n_frames=23/114): reward=-15.0000 (mean, 1 tok)
2026-04-30 17:12:25,640 mme_vla_suite.pseudo_labeling.topreward_qwen_scorer INFO: Prefix 1/8 (end=7, n_frames=4/8): reward=-19.1250 (mean, 1 tok)
2026-04-30 17:12:32,485 mme_vla_suite.pseudo_labeling.topreward_qwen_scorer INFO: Prefix 2/8 (end=16, n_frames=4/17): reward=-19.3750 (mean, 1 tok)
2026-04-30 17:12:39,342 mme_vla_suite.pseudo_labeling.topreward_qwen_scorer INFO: Prefix 3/8 (end=25, n_frames=5/26): reward=-19.8750 (mean, 1 tok)
2026-04-30 17:12:46,239 mme_vla_suite.pseudo_labeling.topreward_qwen_scorer INFO: Prefix 4/8 (end=34, n_frames=7/35): reward=-20.8750 (mean, 1 tok)
2026-04-30 17:12:53,113 mme_vla_suite.pseudo_labeling.topreward_qwen_scorer INFO: Prefix 5/8 (end=43, n_frames=9/44): reward=-17.8750 (mean, 1 tok)
2026-04-30 17:13:00,006 mme_vla_suite.pseudo_labeling.topreward_qwen_scorer INFO: Prefix 6/8 (end=52, n_frames=11/53): reward=-17.5000 (mean, 1 tok)
2026-04-30 17:13:06,908 mme_vla_suite.pseudo_labeling.topreward_qwen_scorer INFO: Prefix 7/8 (end=61, n_frames=12/62): reward=-17.7500 (mean, 1 tok)
2026-04-30 17:13:13,814 mme_vla_suite.pseudo_labeling.topreward_qwen_scorer INFO: Prefix 8/8 (end=70, n_frames=14/71): reward=-19.0000 (mean, 1 tok)
2026-04-30 17:13:21,874 mme_vla_suite.pseudo_labeling.topreward_qwen_scorer INFO: Prefix 1/8 (end=9, n_frames=4/10): reward=-18.6250 (mean, 1 tok)
2026-04-30 17:13:28,743 mme_vla_suite.pseudo_labeling.topreward_qwen_scorer INFO: Prefix 2/8 (end=20, n_frames=4/21): reward=-19.6250 (mean, 1 tok)
2026-04-30 17:13:35,615 mme_vla_suite.pseudo_labeling.topreward_qwen_scorer INFO: Prefix 3/8 (end=31, n_frames=6/32): reward=-19.3750 (mean, 1 tok)
2026-04-30 17:13:42,501 mme_vla_suite.pseudo_labeling.topreward_qwen_scorer INFO: Prefix 4/8 (end=43, n_frames=9/44): reward=-17.8750 (mean, 1 tok)
2026-04-30 17:13:49,408 mme_vla_suite.pseudo_labeling.topreward_qwen_scorer INFO: Prefix 5/8 (end=54, n_frames=11/55): reward=-17.6250 (mean, 1 tok)
2026-04-30 17:13:56,313 mme_vla_suite.pseudo_labeling.topreward_qwen_scorer INFO: Prefix 6/8 (end=66, n_frames=13/67): reward=-18.1250 (mean, 1 tok)
2026-04-30 17:14:03,218 mme_vla_suite.pseudo_labeling.topreward_qwen_scorer INFO: Prefix 7/8 (end=77, n_frames=16/78): reward=-21.0000 (mean, 1 tok)
2026-04-30 17:14:10,121 mme_vla_suite.pseudo_labeling.topreward_qwen_scorer INFO: Prefix 8/8 (end=89, n_frames=18/90): reward=-18.3750 (mean, 1 tok)
2026-04-30 17:14:18,297 mme_vla_suite.pseudo_labeling.topreward_qwen_scorer INFO: Prefix 1/8 (end=11, n_frames=4/12): reward=-19.2500 (mean, 1 tok)
2026-04-30 17:14:25,333 mme_vla_suite.pseudo_labeling.topreward_qwen_scorer INFO: Prefix 2/8 (end=25, n_frames=5/26): reward=-19.2500 (mean, 1 tok)
2026-04-30 17:14:32,216 mme_vla_suite.pseudo_labeling.topreward_qwen_scorer INFO: Prefix 3/8 (end=40, n_frames=8/41): reward=-18.2500 (mean, 1 tok)
2026-04-30 17:14:39,112 mme_vla_suite.pseudo_labeling.topreward_qwen_scorer INFO: Prefix 4/8 (end=55, n_frames=11/56): reward=-17.0000 (mean, 1 tok)
2026-04-30 17:14:45,994 mme_vla_suite.pseudo_labeling.topreward_qwen_scorer INFO: Prefix 5/8 (end=69, n_frames=14/70): reward=-17.3750 (mean, 1 tok)
2026-04-30 17:14:52,919 mme_vla_suite.pseudo_labeling.topreward_qwen_scorer INFO: Prefix 6/8 (end=84, n_frames=17/85): reward=-16.8750 (mean, 1 tok)
2026-04-30 17:14:59,841 mme_vla_suite.pseudo_labeling.topreward_qwen_scorer INFO: Prefix 7/8 (end=99, n_frames=20/100): reward=-16.3750 (mean, 1 tok)
2026-04-30 17:15:06,827 mme_vla_suite.pseudo_labeling.topreward_qwen_scorer INFO: Prefix 8/8 (end=114, n_frames=23/115): reward=-15.2500 (mean, 1 tok)
2026-04-30 17:15:14,742 mme_vla_suite.pseudo_labeling.topreward_qwen_scorer INFO: Prefix 1/8 (end=7, n_frames=4/8): reward=-20.5000 (mean, 1 tok)
2026-04-30 17:15:21,605 mme_vla_suite.pseudo_labeling.topreward_qwen_scorer INFO: Prefix 2/8 (end=16, n_frames=4/17): reward=-20.5000 (mean, 1 tok)
2026-04-30 17:15:28,457 mme_vla_suite.pseudo_labeling.topreward_qwen_scorer INFO: Prefix 3/8 (end=26, n_frames=5/27): reward=-20.1250 (mean, 1 tok)
2026-04-30 17:15:35,299 mme_vla_suite.pseudo_labeling.topreward_qwen_scorer INFO: Prefix 4/8 (end=36, n_frames=7/37): reward=-19.6250 (mean, 1 tok)
2026-04-30 17:15:42,174 mme_vla_suite.pseudo_labeling.topreward_qwen_scorer INFO: Prefix 5/8 (end=45, n_frames=9/46): reward=-19.7500 (mean, 1 tok)
2026-04-30 17:15:49,029 mme_vla_suite.pseudo_labeling.topreward_qwen_scorer INFO: Prefix 6/8 (end=55, n_frames=11/56): reward=-20.2500 (mean, 1 tok)
2026-04-30 17:15:55,928 mme_vla_suite.pseudo_labeling.topreward_qwen_scorer INFO: Prefix 7/8 (end=65, n_frames=13/66): reward=-20.2500 (mean, 1 tok)
2026-04-30 17:16:02,838 mme_vla_suite.pseudo_labeling.topreward_qwen_scorer INFO: Prefix 8/8 (end=75, n_frames=15/76): reward=-20.6250 (mean, 1 tok)
2026-04-30 17:16:10,719 mme_vla_suite.pseudo_labeling.topreward_qwen_scorer INFO: Prefix 1/8 (end=8, n_frames=4/9): reward=-20.6250 (mean, 1 tok)
2026-04-30 17:16:17,583 mme_vla_suite.pseudo_labeling.topreward_qwen_scorer INFO: Prefix 2/8 (end=19, n_frames=4/20): reward=-20.2500 (mean, 1 tok)
2026-04-30 17:16:24,479 mme_vla_suite.pseudo_labeling.topreward_qwen_scorer INFO: Prefix 3/8 (end=30, n_frames=6/31): reward=-18.3750 (mean, 1 tok)
2026-04-30 17:16:31,383 mme_vla_suite.pseudo_labeling.topreward_qwen_scorer INFO: Prefix 4/8 (end=42, n_frames=9/43): reward=-20.1250 (mean, 1 tok)
2026-04-30 17:16:38,293 mme_vla_suite.pseudo_labeling.topreward_qwen_scorer INFO: Prefix 5/8 (end=53, n_frames=11/54): reward=-20.6250 (mean, 1 tok)
2026-04-30 17:16:45,205 mme_vla_suite.pseudo_labeling.topreward_qwen_scorer INFO: Prefix 6/8 (end=65, n_frames=13/66): reward=-20.2500 (mean, 1 tok)
2026-04-30 17:16:52,121 mme_vla_suite.pseudo_labeling.topreward_qwen_scorer INFO: Prefix 7/8 (end=76, n_frames=15/77): reward=-19.8750 (mean, 1 tok)
2026-04-30 17:16:59,027 mme_vla_suite.pseudo_labeling.topreward_qwen_scorer INFO: Prefix 8/8 (end=88, n_frames=18/89): reward=-18.7500 (mean, 1 tok)
2026-04-30 17:17:07,181 mme_vla_suite.pseudo_labeling.topreward_qwen_scorer INFO: Prefix 1/8 (end=11, n_frames=4/12): reward=-18.8750 (mean, 1 tok)
2026-04-30 17:17:14,069 mme_vla_suite.pseudo_labeling.topreward_qwen_scorer INFO: Prefix 2/8 (end=25, n_frames=5/26): reward=-19.2500 (mean, 1 tok)
2026-04-30 17:17:20,957 mme_vla_suite.pseudo_labeling.topreward_qwen_scorer INFO: Prefix 3/8 (end=40, n_frames=8/41): reward=-16.3750 (mean, 1 tok)
2026-04-30 17:17:27,869 mme_vla_suite.pseudo_labeling.topreward_qwen_scorer INFO: Prefix 4/8 (end=54, n_frames=11/55): reward=-16.1250 (mean, 1 tok)
2026-04-30 17:17:34,761 mme_vla_suite.pseudo_labeling.topreward_qwen_scorer INFO: Prefix 5/8 (end=69, n_frames=14/70): reward=-16.2500 (mean, 1 tok)
2026-04-30 17:17:41,724 mme_vla_suite.pseudo_labeling.topreward_qwen_scorer INFO: Prefix 6/8 (end=83, n_frames=17/84): reward=-15.7500 (mean, 1 tok)
2026-04-30 17:17:48,687 mme_vla_suite.pseudo_labeling.topreward_qwen_scorer INFO: Prefix 7/8 (end=98, n_frames=20/99): reward=-15.1250 (mean, 1 tok)
2026-04-30 17:17:55,670 mme_vla_suite.pseudo_labeling.topreward_qwen_scorer INFO: Prefix 8/8 (end=113, n_frames=23/114): reward=-14.5000 (mean, 1 tok)
2026-04-30 17:18:03,481 mme_vla_suite.pseudo_labeling.topreward_qwen_scorer INFO: Prefix 1/8 (end=6, n_frames=4/7): reward=-20.3750 (mean, 1 tok)
2026-04-30 17:18:10,359 mme_vla_suite.pseudo_labeling.topreward_qwen_scorer INFO: Prefix 2/8 (end=14, n_frames=4/15): reward=-20.5000 (mean, 1 tok)
2026-04-30 17:18:17,225 mme_vla_suite.pseudo_labeling.topreward_qwen_scorer INFO: Prefix 3/8 (end=23, n_frames=5/24): reward=-19.3750 (mean, 1 tok)
2026-04-30 17:18:24,082 mme_vla_suite.pseudo_labeling.topreward_qwen_scorer INFO: Prefix 4/8 (end=31, n_frames=6/32): reward=-18.8750 (mean, 1 tok)
2026-04-30 17:18:30,940 mme_vla_suite.pseudo_labeling.topreward_qwen_scorer INFO: Prefix 5/8 (end=40, n_frames=8/41): reward=-19.7500 (mean, 1 tok)
2026-04-30 17:18:37,821 mme_vla_suite.pseudo_labeling.topreward_qwen_scorer INFO: Prefix 6/8 (end=48, n_frames=10/49): reward=-19.2500 (mean, 1 tok)
2026-04-30 17:18:44,704 mme_vla_suite.pseudo_labeling.topreward_qwen_scorer INFO: Prefix 7/8 (end=57, n_frames=12/58): reward=-19.2500 (mean, 1 tok)
2026-04-30 17:18:51,616 mme_vla_suite.pseudo_labeling.topreward_qwen_scorer INFO: Prefix 8/8 (end=66, n_frames=13/67): reward=-19.8750 (mean, 1 tok)
2026-04-30 17:18:59,500 mme_vla_suite.pseudo_labeling.topreward_qwen_scorer INFO: Prefix 1/8 (end=8, n_frames=4/9): reward=-20.7500 (mean, 1 tok)
2026-04-30 17:19:06,367 mme_vla_suite.pseudo_labeling.topreward_qwen_scorer INFO: Prefix 2/8 (end=18, n_frames=4/19): reward=-20.0000 (mean, 1 tok)
2026-04-30 17:19:13,248 mme_vla_suite.pseudo_labeling.topreward_qwen_scorer INFO: Prefix 3/8 (end=28, n_frames=6/29): reward=-19.3750 (mean, 1 tok)
2026-04-30 17:19:20,153 mme_vla_suite.pseudo_labeling.topreward_qwen_scorer INFO: Prefix 4/8 (end=38, n_frames=8/39): reward=-20.6250 (mean, 1 tok)
2026-04-30 17:19:27,042 mme_vla_suite.pseudo_labeling.topreward_qwen_scorer INFO: Prefix 5/8 (end=48, n_frames=10/49): reward=-19.2500 (mean, 1 tok)
2026-04-30 17:19:33,927 mme_vla_suite.pseudo_labeling.topreward_qwen_scorer INFO: Prefix 6/8 (end=58, n_frames=12/59): reward=-19.6250 (mean, 1 tok)
2026-04-30 17:19:40,820 mme_vla_suite.pseudo_labeling.topreward_qwen_scorer INFO: Prefix 7/8 (end=68, n_frames=14/69): reward=-18.8750 (mean, 1 tok)
2026-04-30 17:19:47,720 mme_vla_suite.pseudo_labeling.topreward_qwen_scorer INFO: Prefix 8/8 (end=79, n_frames=16/80): reward=-20.1250 (mean, 1 tok)
2026-04-30 17:19:55,871 mme_vla_suite.pseudo_labeling.topreward_qwen_scorer INFO: Prefix 1/8 (end=11, n_frames=4/12): reward=-19.8750 (mean, 1 tok)
2026-04-30 17:20:02,743 mme_vla_suite.pseudo_labeling.topreward_qwen_scorer INFO: Prefix 2/8 (end=25, n_frames=5/26): reward=-20.0000 (mean, 1 tok)
2026-04-30 17:20:09,598 mme_vla_suite.pseudo_labeling.topreward_qwen_scorer INFO: Prefix 3/8 (end=40, n_frames=8/41): reward=-17.6250 (mean, 1 tok)
2026-04-30 17:20:16,468 mme_vla_suite.pseudo_labeling.topreward_qwen_scorer INFO: Prefix 4/8 (end=54, n_frames=11/55): reward=-15.7500 (mean, 1 tok)
2026-04-30 17:20:23,402 mme_vla_suite.pseudo_labeling.topreward_qwen_scorer INFO: Prefix 5/8 (end=69, n_frames=14/70): reward=-16.8750 (mean, 1 tok)
2026-04-30 17:20:30,311 mme_vla_suite.pseudo_labeling.topreward_qwen_scorer INFO: Prefix 6/8 (end=83, n_frames=17/84): reward=-15.8750 (mean, 1 tok)
2026-04-30 17:20:37,226 mme_vla_suite.pseudo_labeling.topreward_qwen_scorer INFO: Prefix 7/8 (end=98, n_frames=20/99): reward=-15.5000 (mean, 1 tok)
2026-04-30 17:20:44,179 mme_vla_suite.pseudo_labeling.topreward_qwen_scorer INFO: Prefix 8/8 (end=113, n_frames=23/114): reward=-15.7500 (mean, 1 tok)
2026-04-30 17:20:52,048 mme_vla_suite.pseudo_labeling.topreward_qwen_scorer INFO: Prefix 1/8 (end=6, n_frames=4/7): reward=-19.8750 (mean, 1 tok)
2026-04-30 17:20:58,879 mme_vla_suite.pseudo_labeling.topreward_qwen_scorer INFO: Prefix 2/8 (end=14, n_frames=4/15): reward=-19.7500 (mean, 1 tok)
2026-04-30 17:21:05,760 mme_vla_suite.pseudo_labeling.topreward_qwen_scorer INFO: Prefix 3/8 (end=23, n_frames=5/24): reward=-19.5000 (mean, 1 tok)
2026-04-30 17:21:12,641 mme_vla_suite.pseudo_labeling.topreward_qwen_scorer INFO: Prefix 4/8 (end=31, n_frames=6/32): reward=-19.0000 (mean, 1 tok)
2026-04-30 17:21:19,521 mme_vla_suite.pseudo_labeling.topreward_qwen_scorer INFO: Prefix 5/8 (end=40, n_frames=8/41): reward=-19.2500 (mean, 1 tok)
2026-04-30 17:21:26,414 mme_vla_suite.pseudo_labeling.topreward_qwen_scorer INFO: Prefix 6/8 (end=48, n_frames=10/49): reward=-18.3750 (mean, 1 tok)
2026-04-30 17:21:33,311 mme_vla_suite.pseudo_labeling.topreward_qwen_scorer INFO: Prefix 7/8 (end=57, n_frames=12/58): reward=-20.3750 (mean, 1 tok)
2026-04-30 17:21:40,194 mme_vla_suite.pseudo_labeling.topreward_qwen_scorer INFO: Prefix 8/8 (end=66, n_frames=13/67): reward=-19.5000 (mean, 1 tok)
2026-04-30 17:21:48,185 mme_vla_suite.pseudo_labeling.topreward_qwen_scorer INFO: Prefix 1/8 (end=8, n_frames=4/9): reward=-19.5000 (mean, 1 tok)
2026-04-30 17:21:55,140 mme_vla_suite.pseudo_labeling.topreward_qwen_scorer INFO: Prefix 2/8 (end=18, n_frames=4/19): reward=-19.2500 (mean, 1 tok)
2026-04-30 17:22:02,023 mme_vla_suite.pseudo_labeling.topreward_qwen_scorer INFO: Prefix 3/8 (end=29, n_frames=6/30): reward=-19.5000 (mean, 1 tok)
2026-04-30 17:22:08,893 mme_vla_suite.pseudo_labeling.topreward_qwen_scorer INFO: Prefix 4/8 (end=39, n_frames=8/40): reward=-19.6250 (mean, 1 tok)
2026-04-30 17:22:15,802 mme_vla_suite.pseudo_labeling.topreward_qwen_scorer INFO: Prefix 5/8 (end=50, n_frames=10/51): reward=-18.8750 (mean, 1 tok)
2026-04-30 17:22:22,702 mme_vla_suite.pseudo_labeling.topreward_qwen_scorer INFO: Prefix 6/8 (end=60, n_frames=12/61): reward=-21.0000 (mean, 1 tok)
2026-04-30 17:22:29,631 mme_vla_suite.pseudo_labeling.topreward_qwen_scorer INFO: Prefix 7/8 (end=71, n_frames=14/72): reward=-19.5000 (mean, 1 tok)
2026-04-30 17:22:36,541 mme_vla_suite.pseudo_labeling.topreward_qwen_scorer INFO: Prefix 8/8 (end=82, n_frames=17/83): reward=-19.8750 (mean, 1 tok)
2026-04-30 17:22:44,739 mme_vla_suite.pseudo_labeling.topreward_qwen_scorer INFO: Prefix 1/8 (end=11, n_frames=4/12): reward=-18.5000 (mean, 1 tok)
2026-04-30 17:22:51,620 mme_vla_suite.pseudo_labeling.topreward_qwen_scorer INFO: Prefix 2/8 (end=25, n_frames=5/26): reward=-18.2500 (mean, 1 tok)
2026-04-30 17:22:58,507 mme_vla_suite.pseudo_labeling.topreward_qwen_scorer INFO: Prefix 3/8 (end=40, n_frames=8/41): reward=-17.7500 (mean, 1 tok)
2026-04-30 17:23:05,425 mme_vla_suite.pseudo_labeling.topreward_qwen_scorer INFO: Prefix 4/8 (end=54, n_frames=11/55): reward=-15.7500 (mean, 1 tok)
2026-04-30 17:23:12,351 mme_vla_suite.pseudo_labeling.topreward_qwen_scorer INFO: Prefix 5/8 (end=69, n_frames=14/70): reward=-15.7500 (mean, 1 tok)
2026-04-30 17:23:19,258 mme_vla_suite.pseudo_labeling.topreward_qwen_scorer INFO: Prefix 6/8 (end=83, n_frames=17/84): reward=-15.1250 (mean, 1 tok)
2026-04-30 17:23:26,193 mme_vla_suite.pseudo_labeling.topreward_qwen_scorer INFO: Prefix 7/8 (end=98, n_frames=20/99): reward=-16.1250 (mean, 1 tok)
2026-04-30 17:23:33,178 mme_vla_suite.pseudo_labeling.topreward_qwen_scorer INFO: Prefix 8/8 (end=113, n_frames=23/114): reward=-15.0000 (mean, 1 tok)
2026-04-30 17:23:40,995 mme_vla_suite.pseudo_labeling.topreward_qwen_scorer INFO: Prefix 1/8 (end=6, n_frames=4/7): reward=-19.6250 (mean, 1 tok)
2026-04-30 17:23:47,845 mme_vla_suite.pseudo_labeling.topreward_qwen_scorer INFO: Prefix 2/8 (end=14, n_frames=4/15): reward=-19.3750 (mean, 1 tok)
2026-04-30 17:23:54,701 mme_vla_suite.pseudo_labeling.topreward_qwen_scorer INFO: Prefix 3/8 (end=23, n_frames=5/24): reward=-20.3750 (mean, 1 tok)
2026-04-30 17:24:01,588 mme_vla_suite.pseudo_labeling.topreward_qwen_scorer INFO: Prefix 4/8 (end=32, n_frames=7/33): reward=-20.7500 (mean, 1 tok)
2026-04-30 17:24:08,469 mme_vla_suite.pseudo_labeling.topreward_qwen_scorer INFO: Prefix 5/8 (end=40, n_frames=8/41): reward=-19.3750 (mean, 1 tok)
2026-04-30 17:24:15,372 mme_vla_suite.pseudo_labeling.topreward_qwen_scorer INFO: Prefix 6/8 (end=49, n_frames=10/50): reward=-19.2500 (mean, 1 tok)
2026-04-30 17:24:22,270 mme_vla_suite.pseudo_labeling.topreward_qwen_scorer INFO: Prefix 7/8 (end=58, n_frames=12/59): reward=-19.1250 (mean, 1 tok)
2026-04-30 17:24:29,145 mme_vla_suite.pseudo_labeling.topreward_qwen_scorer INFO: Prefix 8/8 (end=67, n_frames=14/68): reward=-19.0000 (mean, 1 tok)
2026-04-30 17:24:36,944 mme_vla_suite.pseudo_labeling.topreward_qwen_scorer INFO: Prefix 1/8 (end=8, n_frames=4/9): reward=-20.0000 (mean, 1 tok)
2026-04-30 17:24:43,774 mme_vla_suite.pseudo_labeling.topreward_qwen_scorer INFO: Prefix 2/8 (end=18, n_frames=4/19): reward=-19.2500 (mean, 1 tok)
2026-04-30 17:24:50,593 mme_vla_suite.pseudo_labeling.topreward_qwen_scorer INFO: Prefix 3/8 (end=28, n_frames=6/29): reward=-20.2500 (mean, 1 tok)
2026-04-30 17:24:57,480 mme_vla_suite.pseudo_labeling.topreward_qwen_scorer INFO: Prefix 4/8 (end=39, n_frames=8/40): reward=-19.7500 (mean, 1 tok)
2026-04-30 17:25:04,317 mme_vla_suite.pseudo_labeling.topreward_qwen_scorer INFO: Prefix 5/8 (end=49, n_frames=10/50): reward=-19.2500 (mean, 1 tok)
2026-04-30 17:25:11,153 mme_vla_suite.pseudo_labeling.topreward_qwen_scorer INFO: Prefix 6/8 (end=60, n_frames=12/61): reward=-18.8750 (mean, 1 tok)
2026-04-30 17:25:18,028 mme_vla_suite.pseudo_labeling.topreward_qwen_scorer INFO: Prefix 7/8 (end=70, n_frames=14/71): reward=-18.1250 (mean, 1 tok)
2026-04-30 17:25:24,925 mme_vla_suite.pseudo_labeling.topreward_qwen_scorer INFO: Prefix 8/8 (end=81, n_frames=16/82): reward=-18.6250 (mean, 1 tok)
2026-04-30 17:25:33,207 mme_vla_suite.pseudo_labeling.topreward_qwen_scorer INFO: Prefix 1/8 (end=11, n_frames=4/12): reward=-17.8750 (mean, 1 tok)
2026-04-30 17:25:40,051 mme_vla_suite.pseudo_labeling.topreward_qwen_scorer INFO: Prefix 2/8 (end=26, n_frames=5/27): reward=-17.8750 (mean, 1 tok)
2026-04-30 17:25:46,894 mme_vla_suite.pseudo_labeling.topreward_qwen_scorer INFO: Prefix 3/8 (end=41, n_frames=8/42): reward=-16.6250 (mean, 1 tok)
2026-04-30 17:25:53,724 mme_vla_suite.pseudo_labeling.topreward_qwen_scorer INFO: Prefix 4/8 (end=56, n_frames=11/57): reward=-15.0000 (mean, 1 tok)
2026-04-30 17:26:00,627 mme_vla_suite.pseudo_labeling.topreward_qwen_scorer INFO: Prefix 5/8 (end=71, n_frames=14/72): reward=-16.6250 (mean, 1 tok)
2026-04-30 17:26:07,546 mme_vla_suite.pseudo_labeling.topreward_qwen_scorer INFO: Prefix 6/8 (end=86, n_frames=17/87): reward=-15.6250 (mean, 1 tok)
2026-04-30 17:26:14,464 mme_vla_suite.pseudo_labeling.topreward_qwen_scorer INFO: Prefix 7/8 (end=101, n_frames=20/102): reward=-16.8750 (mean, 1 tok)
2026-04-30 17:26:21,395 mme_vla_suite.pseudo_labeling.topreward_qwen_scorer INFO: Prefix 8/8 (end=116, n_frames=23/117): reward=-14.8750 (mean, 1 tok)
2026-04-30 17:26:29,365 mme_vla_suite.pseudo_labeling.topreward_qwen_scorer INFO: Prefix 1/8 (end=7, n_frames=4/8): reward=-19.8750 (mean, 1 tok)
2026-04-30 17:26:36,182 mme_vla_suite.pseudo_labeling.topreward_qwen_scorer INFO: Prefix 2/8 (end=15, n_frames=4/16): reward=-20.0000 (mean, 1 tok)
2026-04-30 17:26:43,062 mme_vla_suite.pseudo_labeling.topreward_qwen_scorer INFO: Prefix 3/8 (end=24, n_frames=5/25): reward=-18.8750 (mean, 1 tok)
2026-04-30 17:26:49,928 mme_vla_suite.pseudo_labeling.topreward_qwen_scorer INFO: Prefix 4/8 (end=33, n_frames=7/34): reward=-18.8750 (mean, 1 tok)
2026-04-30 17:26:56,809 mme_vla_suite.pseudo_labeling.topreward_qwen_scorer INFO: Prefix 5/8 (end=42, n_frames=9/43): reward=-19.6250 (mean, 1 tok)
2026-04-30 17:27:03,720 mme_vla_suite.pseudo_labeling.topreward_qwen_scorer INFO: Prefix 6/8 (end=51, n_frames=10/52): reward=-19.8750 (mean, 1 tok)
2026-04-30 17:27:10,606 mme_vla_suite.pseudo_labeling.topreward_qwen_scorer INFO: Prefix 7/8 (end=60, n_frames=12/61): reward=-19.1250 (mean, 1 tok)
2026-04-30 17:27:17,528 mme_vla_suite.pseudo_labeling.topreward_qwen_scorer INFO: Prefix 8/8 (end=69, n_frames=14/70): reward=-19.2500 (mean, 1 tok)
2026-04-30 17:27:25,455 mme_vla_suite.pseudo_labeling.topreward_qwen_scorer INFO: Prefix 1/8 (end=8, n_frames=4/9): reward=-19.7500 (mean, 1 tok)
2026-04-30 17:27:32,336 mme_vla_suite.pseudo_labeling.topreward_qwen_scorer INFO: Prefix 2/8 (end=18, n_frames=4/19): reward=-20.1250 (mean, 1 tok)
2026-04-30 17:27:39,222 mme_vla_suite.pseudo_labeling.topreward_qwen_scorer INFO: Prefix 3/8 (end=29, n_frames=6/30): reward=-20.2500 (mean, 1 tok)
2026-04-30 17:27:46,099 mme_vla_suite.pseudo_labeling.topreward_qwen_scorer INFO: Prefix 4/8 (end=39, n_frames=8/40): reward=-18.5000 (mean, 1 tok)
2026-04-30 17:27:52,997 mme_vla_suite.pseudo_labeling.topreward_qwen_scorer INFO: Prefix 5/8 (end=50, n_frames=10/51): reward=-20.2500 (mean, 1 tok)
2026-04-30 17:27:59,916 mme_vla_suite.pseudo_labeling.topreward_qwen_scorer INFO: Prefix 6/8 (end=60, n_frames=12/61): reward=-19.1250 (mean, 1 tok)
2026-04-30 17:28:06,817 mme_vla_suite.pseudo_labeling.topreward_qwen_scorer INFO: Prefix 7/8 (end=71, n_frames=14/72): reward=-19.5000 (mean, 1 tok)
2026-04-30 17:28:13,768 mme_vla_suite.pseudo_labeling.topreward_qwen_scorer INFO: Prefix 8/8 (end=82, n_frames=17/83): reward=-17.7500 (mean, 1 tok)
2026-04-30 17:28:21,969 mme_vla_suite.pseudo_labeling.topreward_qwen_scorer INFO: Prefix 1/8 (end=11, n_frames=4/12): reward=-18.5000 (mean, 1 tok)
2026-04-30 17:28:28,838 mme_vla_suite.pseudo_labeling.topreward_qwen_scorer INFO: Prefix 2/8 (end=25, n_frames=5/26): reward=-18.6250 (mean, 1 tok)
2026-04-30 17:28:35,707 mme_vla_suite.pseudo_labeling.topreward_qwen_scorer INFO: Prefix 3/8 (end=40, n_frames=8/41): reward=-16.7500 (mean, 1 tok)
2026-04-30 17:28:42,603 mme_vla_suite.pseudo_labeling.topreward_qwen_scorer INFO: Prefix 4/8 (end=55, n_frames=11/56): reward=-15.2500 (mean, 1 tok)
2026-04-30 17:28:49,503 mme_vla_suite.pseudo_labeling.topreward_qwen_scorer INFO: Prefix 5/8 (end=69, n_frames=14/70): reward=-16.2500 (mean, 1 tok)
2026-04-30 17:28:56,436 mme_vla_suite.pseudo_labeling.topreward_qwen_scorer INFO: Prefix 6/8 (end=84, n_frames=17/85): reward=-16.3750 (mean, 1 tok)
2026-04-30 17:29:03,371 mme_vla_suite.pseudo_labeling.topreward_qwen_scorer INFO: Prefix 7/8 (end=99, n_frames=20/100): reward=-16.0000 (mean, 1 tok)
2026-04-30 17:29:10,350 mme_vla_suite.pseudo_labeling.topreward_qwen_scorer INFO: Prefix 8/8 (end=114, n_frames=23/115): reward=-15.7500 (mean, 1 tok)
2026-04-30 17:29:18,139 mme_vla_suite.pseudo_labeling.topreward_qwen_scorer INFO: Prefix 1/8 (end=6, n_frames=4/7): reward=-19.8750 (mean, 1 tok)
2026-04-30 17:29:24,971 mme_vla_suite.pseudo_labeling.topreward_qwen_scorer INFO: Prefix 2/8 (end=14, n_frames=4/15): reward=-19.2500 (mean, 1 tok)
2026-04-30 17:29:31,817 mme_vla_suite.pseudo_labeling.topreward_qwen_scorer INFO: Prefix 3/8 (end=22, n_frames=5/23): reward=-19.3750 (mean, 1 tok)
2026-04-30 17:29:38,647 mme_vla_suite.pseudo_labeling.topreward_qwen_scorer INFO: Prefix 4/8 (end=31, n_frames=6/32): reward=-19.2500 (mean, 1 tok)
2026-04-30 17:29:45,472 mme_vla_suite.pseudo_labeling.topreward_qwen_scorer INFO: Prefix 5/8 (end=39, n_frames=8/40): reward=-19.0000 (mean, 1 tok)
2026-04-30 17:29:52,319 mme_vla_suite.pseudo_labeling.topreward_qwen_scorer INFO: Prefix 6/8 (end=48, n_frames=10/49): reward=-18.0000 (mean, 1 tok)
2026-04-30 17:29:59,179 mme_vla_suite.pseudo_labeling.topreward_qwen_scorer INFO: Prefix 7/8 (end=56, n_frames=11/57): reward=-17.2500 (mean, 1 tok)
2026-04-30 17:30:06,055 mme_vla_suite.pseudo_labeling.topreward_qwen_scorer INFO: Prefix 8/8 (end=65, n_frames=13/66): reward=-17.3750 (mean, 1 tok)
2026-04-30 17:30:13,882 mme_vla_suite.pseudo_labeling.topreward_qwen_scorer INFO: Prefix 1/8 (end=8, n_frames=4/9): reward=-19.8750 (mean, 1 tok)
2026-04-30 17:30:20,709 mme_vla_suite.pseudo_labeling.topreward_qwen_scorer INFO: Prefix 2/8 (end=18, n_frames=4/19): reward=-18.8750 (mean, 1 tok)
2026-04-30 17:30:27,552 mme_vla_suite.pseudo_labeling.topreward_qwen_scorer INFO: Prefix 3/8 (end=28, n_frames=6/29): reward=-18.7500 (mean, 1 tok)
2026-04-30 17:30:34,434 mme_vla_suite.pseudo_labeling.topreward_qwen_scorer INFO: Prefix 4/8 (end=38, n_frames=8/39): reward=-19.3750 (mean, 1 tok)
2026-04-30 17:30:41,340 mme_vla_suite.pseudo_labeling.topreward_qwen_scorer INFO: Prefix 5/8 (end=48, n_frames=10/49): reward=-18.0000 (mean, 1 tok)
2026-04-30 17:30:48,243 mme_vla_suite.pseudo_labeling.topreward_qwen_scorer INFO: Prefix 6/8 (end=58, n_frames=12/59): reward=-17.8750 (mean, 1 tok)
2026-04-30 17:30:55,108 mme_vla_suite.pseudo_labeling.topreward_qwen_scorer INFO: Prefix 7/8 (end=68, n_frames=14/69): reward=-17.7500 (mean, 1 tok)
2026-04-30 17:31:02,023 mme_vla_suite.pseudo_labeling.topreward_qwen_scorer INFO: Prefix 8/8 (end=79, n_frames=16/80): reward=-16.6250 (mean, 1 tok)
2026-04-30 17:31:10,036 mme_vla_suite.pseudo_labeling.topreward_qwen_scorer INFO: Prefix 1/8 (end=12, n_frames=4/13): reward=-19.2500 (mean, 1 tok)
2026-04-30 17:31:16,925 mme_vla_suite.pseudo_labeling.topreward_qwen_scorer INFO: Prefix 2/8 (end=27, n_frames=6/28): reward=-19.5000 (mean, 1 tok)
2026-04-30 17:31:23,843 mme_vla_suite.pseudo_labeling.topreward_qwen_scorer INFO: Prefix 3/8 (end=42, n_frames=9/43): reward=-16.8750 (mean, 1 tok)
2026-04-30 17:31:30,910 mme_vla_suite.pseudo_labeling.topreward_qwen_scorer INFO: Prefix 4/8 (end=58, n_frames=12/59): reward=-16.0000 (mean, 1 tok)
2026-04-30 17:31:37,804 mme_vla_suite.pseudo_labeling.topreward_qwen_scorer INFO: Prefix 5/8 (end=73, n_frames=15/74): reward=-16.2500 (mean, 1 tok)
2026-04-30 17:31:44,718 mme_vla_suite.pseudo_labeling.topreward_qwen_scorer INFO: Prefix 6/8 (end=89, n_frames=18/90): reward=-15.3750 (mean, 1 tok)
2026-04-30 17:31:51,675 mme_vla_suite.pseudo_labeling.topreward_qwen_scorer INFO: Prefix 7/8 (end=104, n_frames=21/105): reward=-15.3750 (mean, 1 tok)
2026-04-30 17:31:58,654 mme_vla_suite.pseudo_labeling.topreward_qwen_scorer INFO: Prefix 8/8 (end=120, n_frames=24/121): reward=-15.1250 (mean, 1 tok)
2026-04-30 17:32:06,343 mme_vla_suite.pseudo_labeling.topreward_qwen_scorer INFO: Prefix 1/8 (end=8, n_frames=4/9): reward=-19.5000 (mean, 1 tok)
2026-04-30 17:32:13,232 mme_vla_suite.pseudo_labeling.topreward_qwen_scorer INFO: Prefix 2/8 (end=19, n_frames=4/20): reward=-19.8750 (mean, 1 tok)
2026-04-30 17:32:20,113 mme_vla_suite.pseudo_labeling.topreward_qwen_scorer INFO: Prefix 3/8 (end=30, n_frames=6/31): reward=-19.5000 (mean, 1 tok)
2026-04-30 17:32:26,993 mme_vla_suite.pseudo_labeling.topreward_qwen_scorer INFO: Prefix 4/8 (end=42, n_frames=9/43): reward=-19.1250 (mean, 1 tok)
2026-04-30 17:32:33,875 mme_vla_suite.pseudo_labeling.topreward_qwen_scorer INFO: Prefix 5/8 (end=53, n_frames=11/54): reward=-18.6250 (mean, 1 tok)
2026-04-30 17:32:40,770 mme_vla_suite.pseudo_labeling.topreward_qwen_scorer INFO: Prefix 6/8 (end=65, n_frames=13/66): reward=-18.2500 (mean, 1 tok)
2026-04-30 17:32:47,685 mme_vla_suite.pseudo_labeling.topreward_qwen_scorer INFO: Prefix 7/8 (end=76, n_frames=15/77): reward=-18.2500 (mean, 1 tok)
2026-04-30 17:32:54,622 mme_vla_suite.pseudo_labeling.topreward_qwen_scorer INFO: Prefix 8/8 (end=88, n_frames=18/89): reward=-18.7500 (mean, 1 tok)
2026-04-30 17:33:02,627 mme_vla_suite.pseudo_labeling.topreward_qwen_scorer INFO: Prefix 1/8 (end=10, n_frames=4/11): reward=-19.3750 (mean, 1 tok)
2026-04-30 17:33:09,505 mme_vla_suite.pseudo_labeling.topreward_qwen_scorer INFO: Prefix 2/8 (end=23, n_frames=5/24): reward=-20.2500 (mean, 1 tok)
2026-04-30 17:33:16,393 mme_vla_suite.pseudo_labeling.topreward_qwen_scorer INFO: Prefix 3/8 (end=36, n_frames=7/37): reward=-19.3750 (mean, 1 tok)
2026-04-30 17:33:23,276 mme_vla_suite.pseudo_labeling.topreward_qwen_scorer INFO: Prefix 4/8 (end=49, n_frames=10/50): reward=-18.5000 (mean, 1 tok)
2026-04-30 17:33:30,177 mme_vla_suite.pseudo_labeling.topreward_qwen_scorer INFO: Prefix 5/8 (end=62, n_frames=13/63): reward=-18.0000 (mean, 1 tok)
2026-04-30 17:33:37,101 mme_vla_suite.pseudo_labeling.topreward_qwen_scorer INFO: Prefix 6/8 (end=75, n_frames=15/76): reward=-19.1250 (mean, 1 tok)
2026-04-30 17:33:44,030 mme_vla_suite.pseudo_labeling.topreward_qwen_scorer INFO: Prefix 7/8 (end=88, n_frames=18/89): reward=-18.7500 (mean, 1 tok)
2026-04-30 17:33:51,006 mme_vla_suite.pseudo_labeling.topreward_qwen_scorer INFO: Prefix 8/8 (end=102, n_frames=21/103): reward=-18.8750 (mean, 1 tok)
2026-04-30 17:33:59,303 mme_vla_suite.pseudo_labeling.topreward_qwen_scorer INFO: Prefix 1/8 (end=11, n_frames=4/12): reward=-17.6250 (mean, 1 tok)
2026-04-30 17:34:06,111 mme_vla_suite.pseudo_labeling.topreward_qwen_scorer INFO: Prefix 2/8 (end=25, n_frames=5/26): reward=-17.3750 (mean, 1 tok)
2026-04-30 17:34:12,966 mme_vla_suite.pseudo_labeling.topreward_qwen_scorer INFO: Prefix 3/8 (end=39, n_frames=8/40): reward=-16.8750 (mean, 1 tok)
2026-04-30 17:34:19,829 mme_vla_suite.pseudo_labeling.topreward_qwen_scorer INFO: Prefix 4/8 (end=53, n_frames=11/54): reward=-15.6250 (mean, 1 tok)
2026-04-30 17:34:26,695 mme_vla_suite.pseudo_labeling.topreward_qwen_scorer INFO: Prefix 5/8 (end=68, n_frames=14/69): reward=-16.8750 (mean, 1 tok)
2026-04-30 17:34:33,588 mme_vla_suite.pseudo_labeling.topreward_qwen_scorer INFO: Prefix 6/8 (end=82, n_frames=17/83): reward=-16.5000 (mean, 1 tok)
2026-04-30 17:34:40,474 mme_vla_suite.pseudo_labeling.topreward_qwen_scorer INFO: Prefix 7/8 (end=96, n_frames=19/97): reward=-15.6250 (mean, 1 tok)
2026-04-30 17:34:47,405 mme_vla_suite.pseudo_labeling.topreward_qwen_scorer INFO: Prefix 8/8 (end=111, n_frames=22/112): reward=-15.0000 (mean, 1 tok)
2026-04-30 17:34:55,137 mme_vla_suite.pseudo_labeling.topreward_qwen_scorer INFO: Prefix 1/8 (end=6, n_frames=4/7): reward=-20.0000 (mean, 1 tok)
2026-04-30 17:35:01,944 mme_vla_suite.pseudo_labeling.topreward_qwen_scorer INFO: Prefix 2/8 (end=14, n_frames=4/15): reward=-20.6250 (mean, 1 tok)
2026-04-30 17:35:08,777 mme_vla_suite.pseudo_labeling.topreward_qwen_scorer INFO: Prefix 3/8 (end=22, n_frames=5/23): reward=-20.3750 (mean, 1 tok)
2026-04-30 17:35:15,635 mme_vla_suite.pseudo_labeling.topreward_qwen_scorer INFO: Prefix 4/8 (end=30, n_frames=6/31): reward=-20.1250 (mean, 1 tok)
2026-04-30 17:35:22,475 mme_vla_suite.pseudo_labeling.topreward_qwen_scorer INFO: Prefix 5/8 (end=39, n_frames=8/40): reward=-20.3750 (mean, 1 tok)
2026-04-30 17:35:29,313 mme_vla_suite.pseudo_labeling.topreward_qwen_scorer INFO: Prefix 6/8 (end=47, n_frames=10/48): reward=-20.1250 (mean, 1 tok)
2026-04-30 17:35:36,173 mme_vla_suite.pseudo_labeling.topreward_qwen_scorer INFO: Prefix 7/8 (end=55, n_frames=11/56): reward=-20.3750 (mean, 1 tok)
2026-04-30 17:35:43,079 mme_vla_suite.pseudo_labeling.topreward_qwen_scorer INFO: Prefix 8/8 (end=64, n_frames=13/65): reward=-21.3750 (mean, 1 tok)
2026-04-30 17:35:51,134 mme_vla_suite.pseudo_labeling.topreward_qwen_scorer INFO: Prefix 1/8 (end=8, n_frames=4/9): reward=-20.0000 (mean, 1 tok)
2026-04-30 17:35:57,985 mme_vla_suite.pseudo_labeling.topreward_qwen_scorer INFO: Prefix 2/8 (end=18, n_frames=4/19): reward=-20.5000 (mean, 1 tok)
2026-04-30 17:36:04,848 mme_vla_suite.pseudo_labeling.topreward_qwen_scorer INFO: Prefix 3/8 (end=28, n_frames=6/29): reward=-18.7500 (mean, 1 tok)
2026-04-30 17:36:11,724 mme_vla_suite.pseudo_labeling.topreward_qwen_scorer INFO: Prefix 4/8 (end=39, n_frames=8/40): reward=-20.3750 (mean, 1 tok)
2026-04-30 17:36:18,566 mme_vla_suite.pseudo_labeling.topreward_qwen_scorer INFO: Prefix 5/8 (end=49, n_frames=10/50): reward=-20.1250 (mean, 1 tok)
2026-04-30 17:36:25,449 mme_vla_suite.pseudo_labeling.topreward_qwen_scorer INFO: Prefix 6/8 (end=60, n_frames=12/61): reward=-20.3750 (mean, 1 tok)
2026-04-30 17:36:32,312 mme_vla_suite.pseudo_labeling.topreward_qwen_scorer INFO: Prefix 7/8 (end=70, n_frames=14/71): reward=-20.5000 (mean, 1 tok)
2026-04-30 17:36:39,210 mme_vla_suite.pseudo_labeling.topreward_qwen_scorer INFO: Prefix 8/8 (end=81, n_frames=16/82): reward=-20.8750 (mean, 1 tok)
2026-04-30 17:36:47,289 mme_vla_suite.pseudo_labeling.topreward_qwen_scorer INFO: Prefix 1/8 (end=11, n_frames=4/12): reward=-18.0000 (mean, 1 tok)
2026-04-30 17:36:54,120 mme_vla_suite.pseudo_labeling.topreward_qwen_scorer INFO: Prefix 2/8 (end=25, n_frames=5/26): reward=-18.5000 (mean, 1 tok)
2026-04-30 17:37:01,117 mme_vla_suite.pseudo_labeling.topreward_qwen_scorer INFO: Prefix 3/8 (end=39, n_frames=8/40): reward=-16.8750 (mean, 1 tok)
2026-04-30 17:37:07,975 mme_vla_suite.pseudo_labeling.topreward_qwen_scorer INFO: Prefix 4/8 (end=54, n_frames=11/55): reward=-15.6250 (mean, 1 tok)
2026-04-30 17:37:14,876 mme_vla_suite.pseudo_labeling.topreward_qwen_scorer INFO: Prefix 5/8 (end=68, n_frames=14/69): reward=-16.6250 (mean, 1 tok)
2026-04-30 17:37:21,898 mme_vla_suite.pseudo_labeling.topreward_qwen_scorer INFO: Prefix 6/8 (end=83, n_frames=17/84): reward=-16.0000 (mean, 1 tok)
2026-04-30 17:37:28,833 mme_vla_suite.pseudo_labeling.topreward_qwen_scorer INFO: Prefix 7/8 (end=97, n_frames=20/98): reward=-16.8750 (mean, 1 tok)
2026-04-30 17:37:35,782 mme_vla_suite.pseudo_labeling.topreward_qwen_scorer INFO: Prefix 8/8 (end=112, n_frames=23/113): reward=-15.8750 (mean, 1 tok)
2026-04-30 17:37:43,618 mme_vla_suite.pseudo_labeling.topreward_qwen_scorer INFO: Prefix 1/8 (end=8, n_frames=4/9): reward=-19.8750 (mean, 1 tok)
2026-04-30 17:37:50,449 mme_vla_suite.pseudo_labeling.topreward_qwen_scorer INFO: Prefix 2/8 (end=18, n_frames=4/19): reward=-18.6250 (mean, 1 tok)
2026-04-30 17:37:57,292 mme_vla_suite.pseudo_labeling.topreward_qwen_scorer INFO: Prefix 3/8 (end=29, n_frames=6/30): reward=-18.6250 (mean, 1 tok)
2026-04-30 17:38:04,179 mme_vla_suite.pseudo_labeling.topreward_qwen_scorer INFO: Prefix 4/8 (end=39, n_frames=8/40): reward=-18.6250 (mean, 1 tok)
2026-04-30 17:38:11,054 mme_vla_suite.pseudo_labeling.topreward_qwen_scorer INFO: Prefix 5/8 (end=50, n_frames=10/51): reward=-18.2500 (mean, 1 tok)
2026-04-30 17:38:17,951 mme_vla_suite.pseudo_labeling.topreward_qwen_scorer INFO: Prefix 6/8 (end=60, n_frames=12/61): reward=-17.8750 (mean, 1 tok)
2026-04-30 17:38:24,836 mme_vla_suite.pseudo_labeling.topreward_qwen_scorer INFO: Prefix 7/8 (end=71, n_frames=14/72): reward=-19.0000 (mean, 1 tok)
2026-04-30 17:38:31,713 mme_vla_suite.pseudo_labeling.topreward_qwen_scorer INFO: Prefix 8/8 (end=82, n_frames=17/83): reward=-17.6250 (mean, 1 tok)
2026-04-30 17:38:39,520 mme_vla_suite.pseudo_labeling.topreward_qwen_scorer INFO: Prefix 1/8 (end=9, n_frames=4/10): reward=-19.8750 (mean, 1 tok)
2026-04-30 17:38:46,336 mme_vla_suite.pseudo_labeling.topreward_qwen_scorer INFO: Prefix 2/8 (end=21, n_frames=4/22): reward=-18.0000 (mean, 1 tok)
2026-04-30 17:38:53,177 mme_vla_suite.pseudo_labeling.topreward_qwen_scorer INFO: Prefix 3/8 (end=33, n_frames=7/34): reward=-19.0000 (mean, 1 tok)
2026-04-30 17:39:00,010 mme_vla_suite.pseudo_labeling.topreward_qwen_scorer INFO: Prefix 4/8 (end=46, n_frames=9/47): reward=-18.0000 (mean, 1 tok)
2026-04-30 17:39:07,023 mme_vla_suite.pseudo_labeling.topreward_qwen_scorer INFO: Prefix 5/8 (end=58, n_frames=12/59): reward=-17.7500 (mean, 1 tok)
2026-04-30 17:39:13,901 mme_vla_suite.pseudo_labeling.topreward_qwen_scorer INFO: Prefix 6/8 (end=71, n_frames=14/72): reward=-19.0000 (mean, 1 tok)
2026-04-30 17:39:20,799 mme_vla_suite.pseudo_labeling.topreward_qwen_scorer INFO: Prefix 7/8 (end=83, n_frames=17/84): reward=-17.7500 (mean, 1 tok)
2026-04-30 17:39:27,750 mme_vla_suite.pseudo_labeling.topreward_qwen_scorer INFO: Prefix 8/8 (end=96, n_frames=19/97): reward=-17.8750 (mean, 1 tok)
2026-04-30 17:39:36,010 mme_vla_suite.pseudo_labeling.topreward_qwen_scorer INFO: Prefix 1/8 (end=11, n_frames=4/12): reward=-18.0000 (mean, 1 tok)
2026-04-30 17:39:42,878 mme_vla_suite.pseudo_labeling.topreward_qwen_scorer INFO: Prefix 2/8 (end=25, n_frames=5/26): reward=-18.8750 (mean, 1 tok)
2026-04-30 17:39:49,731 mme_vla_suite.pseudo_labeling.topreward_qwen_scorer INFO: Prefix 3/8 (end=40, n_frames=8/41): reward=-16.7500 (mean, 1 tok)
2026-04-30 17:39:56,619 mme_vla_suite.pseudo_labeling.topreward_qwen_scorer INFO: Prefix 4/8 (end=55, n_frames=11/56): reward=-15.6250 (mean, 1 tok)
2026-04-30 17:40:03,527 mme_vla_suite.pseudo_labeling.topreward_qwen_scorer INFO: Prefix 5/8 (end=69, n_frames=14/70): reward=-16.0000 (mean, 1 tok)
2026-04-30 17:40:10,473 mme_vla_suite.pseudo_labeling.topreward_qwen_scorer INFO: Prefix 6/8 (end=84, n_frames=17/85): reward=-15.5000 (mean, 1 tok)
2026-04-30 17:40:17,418 mme_vla_suite.pseudo_labeling.topreward_qwen_scorer INFO: Prefix 7/8 (end=99, n_frames=20/100): reward=-16.0000 (mean, 1 tok)
2026-04-30 17:40:24,509 mme_vla_suite.pseudo_labeling.topreward_qwen_scorer INFO: Prefix 8/8 (end=114, n_frames=23/115): reward=-15.0000 (mean, 1 tok)
2026-04-30 17:40:32,717 mme_vla_suite.pseudo_labeling.topreward_qwen_scorer INFO: Prefix 1/8 (end=7, n_frames=4/8): reward=-20.3750 (mean, 1 tok)
2026-04-30 17:40:39,726 mme_vla_suite.pseudo_labeling.topreward_qwen_scorer INFO: Prefix 2/8 (end=16, n_frames=4/17): reward=-20.1250 (mean, 1 tok)
2026-04-30 17:40:46,599 mme_vla_suite.pseudo_labeling.topreward_qwen_scorer INFO: Prefix 3/8 (end=26, n_frames=5/27): reward=-19.6250 (mean, 1 tok)
2026-04-30 17:40:53,470 mme_vla_suite.pseudo_labeling.topreward_qwen_scorer INFO: Prefix 4/8 (end=35, n_frames=7/36): reward=-20.5000 (mean, 1 tok)
2026-04-30 17:41:00,439 mme_vla_suite.pseudo_labeling.topreward_qwen_scorer INFO: Prefix 5/8 (end=45, n_frames=9/46): reward=-18.3750 (mean, 1 tok)
2026-04-30 17:41:07,310 mme_vla_suite.pseudo_labeling.topreward_qwen_scorer INFO: Prefix 6/8 (end=54, n_frames=11/55): reward=-19.6250 (mean, 1 tok)
2026-04-30 17:41:14,329 mme_vla_suite.pseudo_labeling.topreward_qwen_scorer INFO: Prefix 7/8 (end=64, n_frames=13/65): reward=-20.5000 (mean, 1 tok)
2026-04-30 17:41:21,244 mme_vla_suite.pseudo_labeling.topreward_qwen_scorer INFO: Prefix 8/8 (end=74, n_frames=15/75): reward=-18.2500 (mean, 1 tok)
2026-04-30 17:41:28,987 mme_vla_suite.pseudo_labeling.topreward_qwen_scorer INFO: Prefix 1/8 (end=8, n_frames=4/9): reward=-20.6250 (mean, 1 tok)
2026-04-30 17:41:35,851 mme_vla_suite.pseudo_labeling.topreward_qwen_scorer INFO: Prefix 2/8 (end=19, n_frames=4/20): reward=-20.5000 (mean, 1 tok)
2026-04-30 17:41:42,728 mme_vla_suite.pseudo_labeling.topreward_qwen_scorer INFO: Prefix 3/8 (end=30, n_frames=6/31): reward=-19.3750 (mean, 1 tok)
2026-04-30 17:41:49,624 mme_vla_suite.pseudo_labeling.topreward_qwen_scorer INFO: Prefix 4/8 (end=42, n_frames=9/43): reward=-19.0000 (mean, 1 tok)
2026-04-30 17:41:56,523 mme_vla_suite.pseudo_labeling.topreward_qwen_scorer INFO: Prefix 5/8 (end=53, n_frames=11/54): reward=-19.7500 (mean, 1 tok)
2026-04-30 17:42:03,399 mme_vla_suite.pseudo_labeling.topreward_qwen_scorer INFO: Prefix 6/8 (end=65, n_frames=13/66): reward=-20.2500 (mean, 1 tok)
2026-04-30 17:42:10,299 mme_vla_suite.pseudo_labeling.topreward_qwen_scorer INFO: Prefix 7/8 (end=76, n_frames=15/77): reward=-18.8750 (mean, 1 tok)
2026-04-30 17:42:17,217 mme_vla_suite.pseudo_labeling.topreward_qwen_scorer INFO: Prefix 8/8 (end=88, n_frames=18/89): reward=-18.3750 (mean, 1 tok)
2026-04-30 17:42:25,062 mme_vla_suite.pseudo_labeling.topreward_qwen_scorer INFO: Prefix 1/8 (end=11, n_frames=4/12): reward=-18.0000 (mean, 1 tok)
2026-04-30 17:42:31,924 mme_vla_suite.pseudo_labeling.topreward_qwen_scorer INFO: Prefix 2/8 (end=25, n_frames=5/26): reward=-18.3750 (mean, 1 tok)
2026-04-30 17:42:38,819 mme_vla_suite.pseudo_labeling.topreward_qwen_scorer INFO: Prefix 3/8 (end=39, n_frames=8/40): reward=-16.8750 (mean, 1 tok)
2026-04-30 17:42:45,697 mme_vla_suite.pseudo_labeling.topreward_qwen_scorer INFO: Prefix 4/8 (end=54, n_frames=11/55): reward=-15.3750 (mean, 1 tok)
2026-04-30 17:42:52,558 mme_vla_suite.pseudo_labeling.topreward_qwen_scorer INFO: Prefix 5/8 (end=68, n_frames=14/69): reward=-15.5000 (mean, 1 tok)
2026-04-30 17:42:59,459 mme_vla_suite.pseudo_labeling.topreward_qwen_scorer INFO: Prefix 6/8 (end=83, n_frames=17/84): reward=-14.8750 (mean, 1 tok)
2026-04-30 17:43:06,363 mme_vla_suite.pseudo_labeling.topreward_qwen_scorer INFO: Prefix 7/8 (end=97, n_frames=20/98): reward=-15.5000 (mean, 1 tok)
2026-04-30 17:43:13,316 mme_vla_suite.pseudo_labeling.topreward_qwen_scorer INFO: Prefix 8/8 (end=112, n_frames=23/113): reward=-14.2500 (mean, 1 tok)
2026-04-30 17:43:21,038 mme_vla_suite.pseudo_labeling.topreward_qwen_scorer INFO: Prefix 1/8 (end=6, n_frames=4/7): reward=-19.7500 (mean, 1 tok)
2026-04-30 17:43:27,863 mme_vla_suite.pseudo_labeling.topreward_qwen_scorer INFO: Prefix 2/8 (end=14, n_frames=4/15): reward=-20.0000 (mean, 1 tok)
2026-04-30 17:43:34,708 mme_vla_suite.pseudo_labeling.topreward_qwen_scorer INFO: Prefix 3/8 (end=22, n_frames=5/23): reward=-18.7500 (mean, 1 tok)
2026-04-30 17:43:41,554 mme_vla_suite.pseudo_labeling.topreward_qwen_scorer INFO: Prefix 4/8 (end=30, n_frames=6/31): reward=-18.8750 (mean, 1 tok)
2026-04-30 17:43:48,401 mme_vla_suite.pseudo_labeling.topreward_qwen_scorer INFO: Prefix 5/8 (end=39, n_frames=8/40): reward=-18.5000 (mean, 1 tok)
2026-04-30 17:43:55,305 mme_vla_suite.pseudo_labeling.topreward_qwen_scorer INFO: Prefix 6/8 (end=47, n_frames=10/48): reward=-18.3750 (mean, 1 tok)
2026-04-30 17:44:02,156 mme_vla_suite.pseudo_labeling.topreward_qwen_scorer INFO: Prefix 7/8 (end=55, n_frames=11/56): reward=-18.0000 (mean, 1 tok)
2026-04-30 17:44:09,080 mme_vla_suite.pseudo_labeling.topreward_qwen_scorer INFO: Prefix 8/8 (end=64, n_frames=13/65): reward=-18.5000 (mean, 1 tok)
2026-04-30 17:44:16,897 mme_vla_suite.pseudo_labeling.topreward_qwen_scorer INFO: Prefix 1/8 (end=8, n_frames=4/9): reward=-20.0000 (mean, 1 tok)
2026-04-30 17:44:23,726 mme_vla_suite.pseudo_labeling.topreward_qwen_scorer INFO: Prefix 2/8 (end=18, n_frames=4/19): reward=-19.2500 (mean, 1 tok)
2026-04-30 17:44:30,556 mme_vla_suite.pseudo_labeling.topreward_qwen_scorer INFO: Prefix 3/8 (end=28, n_frames=6/29): reward=-18.5000 (mean, 1 tok)
2026-04-30 17:44:37,454 mme_vla_suite.pseudo_labeling.topreward_qwen_scorer INFO: Prefix 4/8 (end=39, n_frames=8/40): reward=-18.5000 (mean, 1 tok)
2026-04-30 17:44:44,348 mme_vla_suite.pseudo_labeling.topreward_qwen_scorer INFO: Prefix 5/8 (end=49, n_frames=10/50): reward=-17.7500 (mean, 1 tok)
2026-04-30 17:44:51,196 mme_vla_suite.pseudo_labeling.topreward_qwen_scorer INFO: Prefix 6/8 (end=60, n_frames=12/61): reward=-17.7500 (mean, 1 tok)
2026-04-30 17:44:58,105 mme_vla_suite.pseudo_labeling.topreward_qwen_scorer INFO: Prefix 7/8 (end=70, n_frames=14/71): reward=-17.7500 (mean, 1 tok)
2026-04-30 17:45:05,047 mme_vla_suite.pseudo_labeling.topreward_qwen_scorer INFO: Prefix 8/8 (end=81, n_frames=16/82): reward=-16.6250 (mean, 1 tok)
2026-04-30 17:45:12,796 mme_vla_suite.pseudo_labeling.topreward_qwen_scorer INFO: Prefix 1/8 (end=11, n_frames=4/12): reward=-19.3750 (mean, 1 tok)
2026-04-30 17:45:19,677 mme_vla_suite.pseudo_labeling.topreward_qwen_scorer INFO: Prefix 2/8 (end=25, n_frames=5/26): reward=-19.3750 (mean, 1 tok)
2026-04-30 17:45:26,563 mme_vla_suite.pseudo_labeling.topreward_qwen_scorer INFO: Prefix 3/8 (end=39, n_frames=8/40): reward=-18.0000 (mean, 1 tok)
2026-04-30 17:45:33,454 mme_vla_suite.pseudo_labeling.topreward_qwen_scorer INFO: Prefix 4/8 (end=54, n_frames=11/55): reward=-16.7500 (mean, 1 tok)
2026-04-30 17:45:40,364 mme_vla_suite.pseudo_labeling.topreward_qwen_scorer INFO: Prefix 5/8 (end=68, n_frames=14/69): reward=-17.8750 (mean, 1 tok)
2026-04-30 17:45:47,296 mme_vla_suite.pseudo_labeling.topreward_qwen_scorer INFO: Prefix 6/8 (end=83, n_frames=17/84): reward=-17.2500 (mean, 1 tok)
2026-04-30 17:45:54,250 mme_vla_suite.pseudo_labeling.topreward_qwen_scorer INFO: Prefix 7/8 (end=97, n_frames=20/98): reward=-17.2500 (mean, 1 tok)
2026-04-30 17:46:01,253 mme_vla_suite.pseudo_labeling.topreward_qwen_scorer INFO: Prefix 8/8 (end=112, n_frames=23/113): reward=-17.1250 (mean, 1 tok)
2026-04-30 17:46:09,049 mme_vla_suite.pseudo_labeling.topreward_qwen_scorer INFO: Prefix 1/8 (end=6, n_frames=4/7): reward=-20.7500 (mean, 1 tok)
2026-04-30 17:46:15,885 mme_vla_suite.pseudo_labeling.topreward_qwen_scorer INFO: Prefix 2/8 (end=14, n_frames=4/15): reward=-19.7500 (mean, 1 tok)
2026-04-30 17:46:22,717 mme_vla_suite.pseudo_labeling.topreward_qwen_scorer INFO: Prefix 3/8 (end=22, n_frames=5/23): reward=-19.5000 (mean, 1 tok)
2026-04-30 17:46:29,558 mme_vla_suite.pseudo_labeling.topreward_qwen_scorer INFO: Prefix 4/8 (end=31, n_frames=6/32): reward=-19.8750 (mean, 1 tok)
2026-04-30 17:46:36,411 mme_vla_suite.pseudo_labeling.topreward_qwen_scorer INFO: Prefix 5/8 (end=39, n_frames=8/40): reward=-20.6250 (mean, 1 tok)
2026-04-30 17:46:43,262 mme_vla_suite.pseudo_labeling.topreward_qwen_scorer INFO: Prefix 6/8 (end=48, n_frames=10/49): reward=-19.0000 (mean, 1 tok)
2026-04-30 17:46:50,146 mme_vla_suite.pseudo_labeling.topreward_qwen_scorer INFO: Prefix 7/8 (end=56, n_frames=11/57): reward=-19.8750 (mean, 1 tok)
2026-04-30 17:46:57,057 mme_vla_suite.pseudo_labeling.topreward_qwen_scorer INFO: Prefix 8/8 (end=65, n_frames=13/66): reward=-19.0000 (mean, 1 tok)
2026-04-30 17:47:04,846 mme_vla_suite.pseudo_labeling.topreward_qwen_scorer INFO: Prefix 1/8 (end=7, n_frames=4/8): reward=-20.3750 (mean, 1 tok)
2026-04-30 17:47:11,681 mme_vla_suite.pseudo_labeling.topreward_qwen_scorer INFO: Prefix 2/8 (end=17, n_frames=4/18): reward=-20.5000 (mean, 1 tok)
2026-04-30 17:47:18,508 mme_vla_suite.pseudo_labeling.topreward_qwen_scorer INFO: Prefix 3/8 (end=27, n_frames=6/28): reward=-19.0000 (mean, 1 tok)
2026-04-30 17:47:25,358 mme_vla_suite.pseudo_labeling.topreward_qwen_scorer INFO: Prefix 4/8 (end=37, n_frames=8/38): reward=-19.5000 (mean, 1 tok)
2026-04-30 17:47:32,234 mme_vla_suite.pseudo_labeling.topreward_qwen_scorer INFO: Prefix 5/8 (end=47, n_frames=10/48): reward=-18.5000 (mean, 1 tok)
2026-04-30 17:47:39,110 mme_vla_suite.pseudo_labeling.topreward_qwen_scorer INFO: Prefix 6/8 (end=57, n_frames=12/58): reward=-18.8750 (mean, 1 tok)
2026-04-30 17:47:45,974 mme_vla_suite.pseudo_labeling.topreward_qwen_scorer INFO: Prefix 7/8 (end=67, n_frames=14/68): reward=-18.8750 (mean, 1 tok)
2026-04-30 17:47:52,888 mme_vla_suite.pseudo_labeling.topreward_qwen_scorer INFO: Prefix 8/8 (end=78, n_frames=16/79): reward=-18.0000 (mean, 1 tok)
2026-04-30 17:48:01,044 mme_vla_suite.pseudo_labeling.topreward_qwen_scorer INFO: Prefix 1/8 (end=11, n_frames=4/12): reward=-18.7500 (mean, 1 tok)
2026-04-30 17:48:08,058 mme_vla_suite.pseudo_labeling.topreward_qwen_scorer INFO: Prefix 2/8 (end=25, n_frames=5/26): reward=-18.5000 (mean, 1 tok)
2026-04-30 17:48:14,907 mme_vla_suite.pseudo_labeling.topreward_qwen_scorer INFO: Prefix 3/8 (end=40, n_frames=8/41): reward=-17.3750 (mean, 1 tok)
2026-04-30 17:48:21,818 mme_vla_suite.pseudo_labeling.topreward_qwen_scorer INFO: Prefix 4/8 (end=54, n_frames=11/55): reward=-16.5000 (mean, 1 tok)
2026-04-30 17:48:28,709 mme_vla_suite.pseudo_labeling.topreward_qwen_scorer INFO: Prefix 5/8 (end=69, n_frames=14/70): reward=-16.7500 (mean, 1 tok)
2026-04-30 17:48:35,626 mme_vla_suite.pseudo_labeling.topreward_qwen_scorer INFO: Prefix 6/8 (end=83, n_frames=17/84): reward=-16.3750 (mean, 1 tok)
2026-04-30 17:48:42,586 mme_vla_suite.pseudo_labeling.topreward_qwen_scorer INFO: Prefix 7/8 (end=98, n_frames=20/99): reward=-15.1250 (mean, 1 tok)
2026-04-30 17:48:49,549 mme_vla_suite.pseudo_labeling.topreward_qwen_scorer INFO: Prefix 8/8 (end=113, n_frames=23/114): reward=-14.5000 (mean, 1 tok)
2026-04-30 17:48:57,571 mme_vla_suite.pseudo_labeling.topreward_qwen_scorer INFO: Prefix 1/8 (end=6, n_frames=4/7): reward=-19.5000 (mean, 1 tok)
2026-04-30 17:49:04,493 mme_vla_suite.pseudo_labeling.topreward_qwen_scorer INFO: Prefix 2/8 (end=14, n_frames=4/15): reward=-19.7500 (mean, 1 tok)
2026-04-30 17:49:11,482 mme_vla_suite.pseudo_labeling.topreward_qwen_scorer INFO: Prefix 3/8 (end=23, n_frames=5/24): reward=-20.0000 (mean, 1 tok)
2026-04-30 17:49:18,422 mme_vla_suite.pseudo_labeling.topreward_qwen_scorer INFO: Prefix 4/8 (end=32, n_frames=7/33): reward=-19.2500 (mean, 1 tok)
2026-04-30 17:49:25,417 mme_vla_suite.pseudo_labeling.topreward_qwen_scorer INFO: Prefix 5/8 (end=41, n_frames=8/42): reward=-20.0000 (mean, 1 tok)
2026-04-30 17:49:32,460 mme_vla_suite.pseudo_labeling.topreward_qwen_scorer INFO: Prefix 6/8 (end=50, n_frames=10/51): reward=-17.7500 (mean, 1 tok)
2026-04-30 17:49:39,440 mme_vla_suite.pseudo_labeling.topreward_qwen_scorer INFO: Prefix 7/8 (end=59, n_frames=12/60): reward=-19.7500 (mean, 1 tok)
2026-04-30 17:49:46,510 mme_vla_suite.pseudo_labeling.topreward_qwen_scorer INFO: Prefix 8/8 (end=68, n_frames=14/69): reward=-19.5000 (mean, 1 tok)
2026-04-30 17:49:54,491 mme_vla_suite.pseudo_labeling.topreward_qwen_scorer INFO: Prefix 1/8 (end=8, n_frames=4/9): reward=-19.5000 (mean, 1 tok)
2026-04-30 17:50:01,364 mme_vla_suite.pseudo_labeling.topreward_qwen_scorer INFO: Prefix 2/8 (end=18, n_frames=4/19): reward=-18.6250 (mean, 1 tok)
2026-04-30 17:50:08,237 mme_vla_suite.pseudo_labeling.topreward_qwen_scorer INFO: Prefix 3/8 (end=28, n_frames=6/29): reward=-19.0000 (mean, 1 tok)
2026-04-30 17:50:15,116 mme_vla_suite.pseudo_labeling.topreward_qwen_scorer INFO: Prefix 4/8 (end=38, n_frames=8/39): reward=-20.3750 (mean, 1 tok)
2026-04-30 17:50:22,004 mme_vla_suite.pseudo_labeling.topreward_qwen_scorer INFO: Prefix 5/8 (end=49, n_frames=10/50): reward=-17.7500 (mean, 1 tok)
2026-04-30 17:50:28,893 mme_vla_suite.pseudo_labeling.topreward_qwen_scorer INFO: Prefix 6/8 (end=59, n_frames=12/60): reward=-19.7500 (mean, 1 tok)
2026-04-30 17:50:35,810 mme_vla_suite.pseudo_labeling.topreward_qwen_scorer INFO: Prefix 7/8 (end=69, n_frames=14/70): reward=-19.3750 (mean, 1 tok)
2026-04-30 17:50:42,751 mme_vla_suite.pseudo_labeling.topreward_qwen_scorer INFO: Prefix 8/8 (end=80, n_frames=16/81): reward=-18.3750 (mean, 1 tok)
2026-04-30 17:50:50,784 mme_vla_suite.pseudo_labeling.topreward_qwen_scorer INFO: Prefix 1/8 (end=11, n_frames=4/12): reward=-18.6250 (mean, 1 tok)
2026-04-30 17:50:57,692 mme_vla_suite.pseudo_labeling.topreward_qwen_scorer INFO: Prefix 2/8 (end=26, n_frames=5/27): reward=-18.5000 (mean, 1 tok)
2026-04-30 17:51:04,576 mme_vla_suite.pseudo_labeling.topreward_qwen_scorer INFO: Prefix 3/8 (end=41, n_frames=8/42): reward=-17.2500 (mean, 1 tok)
2026-04-30 17:51:11,473 mme_vla_suite.pseudo_labeling.topreward_qwen_scorer INFO: Prefix 4/8 (end=56, n_frames=11/57): reward=-16.1250 (mean, 1 tok)
2026-04-30 17:51:18,380 mme_vla_suite.pseudo_labeling.topreward_qwen_scorer INFO: Prefix 5/8 (end=71, n_frames=14/72): reward=-17.0000 (mean, 1 tok)
2026-04-30 17:51:25,280 mme_vla_suite.pseudo_labeling.topreward_qwen_scorer INFO: Prefix 6/8 (end=86, n_frames=17/87): reward=-16.6250 (mean, 1 tok)
2026-04-30 17:51:32,231 mme_vla_suite.pseudo_labeling.topreward_qwen_scorer INFO: Prefix 7/8 (end=101, n_frames=20/102): reward=-16.8750 (mean, 1 tok)
2026-04-30 17:51:39,244 mme_vla_suite.pseudo_labeling.topreward_qwen_scorer INFO: Prefix 8/8 (end=116, n_frames=23/117): reward=-15.7500 (mean, 1 tok)
2026-04-30 17:51:47,088 mme_vla_suite.pseudo_labeling.topreward_qwen_scorer INFO: Prefix 1/8 (end=6, n_frames=4/7): reward=-20.0000 (mean, 1 tok)
2026-04-30 17:51:53,944 mme_vla_suite.pseudo_labeling.topreward_qwen_scorer INFO: Prefix 2/8 (end=14, n_frames=4/15): reward=-20.1250 (mean, 1 tok)
2026-04-30 17:52:00,811 mme_vla_suite.pseudo_labeling.topreward_qwen_scorer INFO: Prefix 3/8 (end=22, n_frames=5/23): reward=-19.7500 (mean, 1 tok)
2026-04-30 17:52:07,708 mme_vla_suite.pseudo_labeling.topreward_qwen_scorer INFO: Prefix 4/8 (end=30, n_frames=6/31): reward=-20.6250 (mean, 1 tok)
2026-04-30 17:52:14,585 mme_vla_suite.pseudo_labeling.topreward_qwen_scorer INFO: Prefix 5/8 (end=38, n_frames=8/39): reward=-19.1250 (mean, 1 tok)
2026-04-30 17:52:21,466 mme_vla_suite.pseudo_labeling.topreward_qwen_scorer INFO: Prefix 6/8 (end=46, n_frames=9/47): reward=-19.8750 (mean, 1 tok)
2026-04-30 17:52:28,366 mme_vla_suite.pseudo_labeling.topreward_qwen_scorer INFO: Prefix 7/8 (end=54, n_frames=11/55): reward=-20.1250 (mean, 1 tok)
2026-04-30 17:52:35,270 mme_vla_suite.pseudo_labeling.topreward_qwen_scorer INFO: Prefix 8/8 (end=62, n_frames=13/63): reward=-20.7500 (mean, 1 tok)
2026-04-30 17:52:43,249 mme_vla_suite.pseudo_labeling.topreward_qwen_scorer INFO: Prefix 1/8 (end=7, n_frames=4/8): reward=-20.3750 (mean, 1 tok)
2026-04-30 17:52:50,102 mme_vla_suite.pseudo_labeling.topreward_qwen_scorer INFO: Prefix 2/8 (end=16, n_frames=4/17): reward=-21.1250 (mean, 1 tok)
2026-04-30 17:52:56,986 mme_vla_suite.pseudo_labeling.topreward_qwen_scorer INFO: Prefix 3/8 (end=26, n_frames=5/27): reward=-19.3750 (mean, 1 tok)
2026-04-30 17:53:03,899 mme_vla_suite.pseudo_labeling.topreward_qwen_scorer INFO: Prefix 4/8 (end=36, n_frames=7/37): reward=-19.8750 (mean, 1 tok)
2026-04-30 17:53:10,815 mme_vla_suite.pseudo_labeling.topreward_qwen_scorer INFO: Prefix 5/8 (end=46, n_frames=9/47): reward=-19.8750 (mean, 1 tok)
2026-04-30 17:53:17,707 mme_vla_suite.pseudo_labeling.topreward_qwen_scorer INFO: Prefix 6/8 (end=56, n_frames=11/57): reward=-19.3750 (mean, 1 tok)
2026-04-30 17:53:24,625 mme_vla_suite.pseudo_labeling.topreward_qwen_scorer INFO: Prefix 7/8 (end=66, n_frames=13/67): reward=-19.8750 (mean, 1 tok)
2026-04-30 17:53:31,536 mme_vla_suite.pseudo_labeling.topreward_qwen_scorer INFO: Prefix 8/8 (end=76, n_frames=15/77): reward=-20.3750 (mean, 1 tok)
2026-04-30 17:53:39,863 mme_vla_suite.pseudo_labeling.topreward_qwen_scorer INFO: Prefix 1/8 (end=12, n_frames=4/13): reward=-18.6250 (mean, 1 tok)
2026-04-30 17:53:46,740 mme_vla_suite.pseudo_labeling.topreward_qwen_scorer INFO: Prefix 2/8 (end=27, n_frames=6/28): reward=-18.8750 (mean, 1 tok)
2026-04-30 17:53:53,645 mme_vla_suite.pseudo_labeling.topreward_qwen_scorer INFO: Prefix 3/8 (end=42, n_frames=9/43): reward=-16.1250 (mean, 1 tok)
2026-04-30 17:54:00,558 mme_vla_suite.pseudo_labeling.topreward_qwen_scorer INFO: Prefix 4/8 (end=57, n_frames=12/58): reward=-15.7500 (mean, 1 tok)
2026-04-30 17:54:07,483 mme_vla_suite.pseudo_labeling.topreward_qwen_scorer INFO: Prefix 5/8 (end=73, n_frames=15/74): reward=-16.1250 (mean, 1 tok)
2026-04-30 17:54:14,420 mme_vla_suite.pseudo_labeling.topreward_qwen_scorer INFO: Prefix 6/8 (end=88, n_frames=18/89): reward=-15.1250 (mean, 1 tok)
2026-04-30 17:54:21,370 mme_vla_suite.pseudo_labeling.topreward_qwen_scorer INFO: Prefix 7/8 (end=103, n_frames=21/104): reward=-15.3750 (mean, 1 tok)
2026-04-30 17:54:28,359 mme_vla_suite.pseudo_labeling.topreward_qwen_scorer INFO: Prefix 8/8 (end=119, n_frames=24/120): reward=-14.8750 (mean, 1 tok)
2026-04-30 17:54:36,168 mme_vla_suite.pseudo_labeling.topreward_qwen_scorer INFO: Prefix 1/8 (end=7, n_frames=4/8): reward=-19.5000 (mean, 1 tok)
2026-04-30 17:54:43,021 mme_vla_suite.pseudo_labeling.topreward_qwen_scorer INFO: Prefix 2/8 (end=15, n_frames=4/16): reward=-19.0000 (mean, 1 tok)
2026-04-30 17:54:49,901 mme_vla_suite.pseudo_labeling.topreward_qwen_scorer INFO: Prefix 3/8 (end=24, n_frames=5/25): reward=-18.6250 (mean, 1 tok)
2026-04-30 17:54:56,775 mme_vla_suite.pseudo_labeling.topreward_qwen_scorer INFO: Prefix 4/8 (end=33, n_frames=7/34): reward=-19.6250 (mean, 1 tok)
2026-04-30 17:55:03,651 mme_vla_suite.pseudo_labeling.topreward_qwen_scorer INFO: Prefix 5/8 (end=42, n_frames=9/43): reward=-18.5000 (mean, 1 tok)
2026-04-30 17:55:10,527 mme_vla_suite.pseudo_labeling.topreward_qwen_scorer INFO: Prefix 6/8 (end=51, n_frames=10/52): reward=-18.2500 (mean, 1 tok)
2026-04-30 17:55:17,454 mme_vla_suite.pseudo_labeling.topreward_qwen_scorer INFO: Prefix 7/8 (end=60, n_frames=12/61): reward=-17.8750 (mean, 1 tok)
2026-04-30 17:55:24,365 mme_vla_suite.pseudo_labeling.topreward_qwen_scorer INFO: Prefix 8/8 (end=69, n_frames=14/70): reward=-17.7500 (mean, 1 tok)
2026-04-30 17:55:32,331 mme_vla_suite.pseudo_labeling.topreward_qwen_scorer INFO: Prefix 1/8 (end=8, n_frames=4/9): reward=-19.1250 (mean, 1 tok)
2026-04-30 17:55:39,173 mme_vla_suite.pseudo_labeling.topreward_qwen_scorer INFO: Prefix 2/8 (end=18, n_frames=4/19): reward=-18.8750 (mean, 1 tok)
2026-04-30 17:55:46,061 mme_vla_suite.pseudo_labeling.topreward_qwen_scorer INFO: Prefix 3/8 (end=28, n_frames=6/29): reward=-18.5000 (mean, 1 tok)
2026-04-30 17:55:52,951 mme_vla_suite.pseudo_labeling.topreward_qwen_scorer INFO: Prefix 4/8 (end=39, n_frames=8/40): reward=-19.2500 (mean, 1 tok)
2026-04-30 17:55:59,853 mme_vla_suite.pseudo_labeling.topreward_qwen_scorer INFO: Prefix 5/8 (end=49, n_frames=10/50): reward=-18.3750 (mean, 1 tok)
2026-04-30 17:56:06,767 mme_vla_suite.pseudo_labeling.topreward_qwen_scorer INFO: Prefix 6/8 (end=60, n_frames=12/61): reward=-17.8750 (mean, 1 tok)
2026-04-30 17:56:13,684 mme_vla_suite.pseudo_labeling.topreward_qwen_scorer INFO: Prefix 7/8 (end=70, n_frames=14/71): reward=-18.7500 (mean, 1 tok)
2026-04-30 17:56:20,631 mme_vla_suite.pseudo_labeling.topreward_qwen_scorer INFO: Prefix 8/8 (end=81, n_frames=16/82): reward=-18.5000 (mean, 1 tok)
2026-04-30 17:56:28,675 mme_vla_suite.pseudo_labeling.topreward_qwen_scorer INFO: Prefix 1/8 (end=11, n_frames=4/12): reward=-19.7500 (mean, 1 tok)
2026-04-30 17:56:35,556 mme_vla_suite.pseudo_labeling.topreward_qwen_scorer INFO: Prefix 2/8 (end=26, n_frames=5/27): reward=-18.8750 (mean, 1 tok)
2026-04-30 17:56:42,458 mme_vla_suite.pseudo_labeling.topreward_qwen_scorer INFO: Prefix 3/8 (end=41, n_frames=8/42): reward=-16.7500 (mean, 1 tok)
2026-04-30 17:56:49,393 mme_vla_suite.pseudo_labeling.topreward_qwen_scorer INFO: Prefix 4/8 (end=56, n_frames=11/57): reward=-16.0000 (mean, 1 tok)
2026-04-30 17:56:56,337 mme_vla_suite.pseudo_labeling.topreward_qwen_scorer INFO: Prefix 5/8 (end=72, n_frames=15/73): reward=-19.0000 (mean, 1 tok)
2026-04-30 17:57:03,264 mme_vla_suite.pseudo_labeling.topreward_qwen_scorer INFO: Prefix 6/8 (end=87, n_frames=18/88): reward=-17.1250 (mean, 1 tok)
2026-04-30 17:57:10,205 mme_vla_suite.pseudo_labeling.topreward_qwen_scorer INFO: Prefix 7/8 (end=102, n_frames=21/103): reward=-16.5000 (mean, 1 tok)
2026-04-30 17:57:17,157 mme_vla_suite.pseudo_labeling.topreward_qwen_scorer INFO: Prefix 8/8 (end=118, n_frames=24/119): reward=-17.7500 (mean, 1 tok)
2026-04-30 17:57:25,050 mme_vla_suite.pseudo_labeling.topreward_qwen_scorer INFO: Prefix 1/8 (end=8, n_frames=4/9): reward=-19.3750 (mean, 1 tok)
2026-04-30 17:57:31,877 mme_vla_suite.pseudo_labeling.topreward_qwen_scorer INFO: Prefix 2/8 (end=19, n_frames=4/20): reward=-20.0000 (mean, 1 tok)
2026-04-30 17:57:38,752 mme_vla_suite.pseudo_labeling.topreward_qwen_scorer INFO: Prefix 3/8 (end=30, n_frames=6/31): reward=-21.2500 (mean, 1 tok)
2026-04-30 17:57:45,621 mme_vla_suite.pseudo_labeling.topreward_qwen_scorer INFO: Prefix 4/8 (end=41, n_frames=8/42): reward=-19.8750 (mean, 1 tok)
2026-04-30 17:57:52,510 mme_vla_suite.pseudo_labeling.topreward_qwen_scorer INFO: Prefix 5/8 (end=52, n_frames=11/53): reward=-18.5000 (mean, 1 tok)
2026-04-30 17:57:59,412 mme_vla_suite.pseudo_labeling.topreward_qwen_scorer INFO: Prefix 6/8 (end=63, n_frames=13/64): reward=-19.5000 (mean, 1 tok)
2026-04-30 17:58:06,311 mme_vla_suite.pseudo_labeling.topreward_qwen_scorer INFO: Prefix 7/8 (end=74, n_frames=15/75): reward=-19.6250 (mean, 1 tok)
2026-04-30 17:58:13,174 mme_vla_suite.pseudo_labeling.topreward_qwen_scorer INFO: Prefix 8/8 (end=85, n_frames=17/86): reward=-18.7500 (mean, 1 tok)
2026-04-30 17:58:21,096 mme_vla_suite.pseudo_labeling.topreward_qwen_scorer INFO: Prefix 1/8 (end=10, n_frames=4/11): reward=-20.6250 (mean, 1 tok)
2026-04-30 17:58:27,925 mme_vla_suite.pseudo_labeling.topreward_qwen_scorer INFO: Prefix 2/8 (end=22, n_frames=5/23): reward=-20.2500 (mean, 1 tok)
2026-04-30 17:58:34,795 mme_vla_suite.pseudo_labeling.topreward_qwen_scorer INFO: Prefix 3/8 (end=35, n_frames=7/36): reward=-19.7500 (mean, 1 tok)
2026-04-30 17:58:41,648 mme_vla_suite.pseudo_labeling.topreward_qwen_scorer INFO: Prefix 4/8 (end=48, n_frames=10/49): reward=-20.2500 (mean, 1 tok)
2026-04-30 17:58:48,519 mme_vla_suite.pseudo_labeling.topreward_qwen_scorer INFO: Prefix 5/8 (end=60, n_frames=12/61): reward=-19.6250 (mean, 1 tok)
2026-04-30 17:58:55,394 mme_vla_suite.pseudo_labeling.topreward_qwen_scorer INFO: Prefix 6/8 (end=73, n_frames=15/74): reward=-19.3750 (mean, 1 tok)
2026-04-30 17:59:02,263 mme_vla_suite.pseudo_labeling.topreward_qwen_scorer INFO: Prefix 7/8 (end=86, n_frames=17/87): reward=-19.7500 (mean, 1 tok)
2026-04-30 17:59:09,149 mme_vla_suite.pseudo_labeling.topreward_qwen_scorer INFO: Prefix 8/8 (end=99, n_frames=20/100): reward=-18.5000 (mean, 1 tok)
2026-04-30 17:59:17,239 mme_vla_suite.pseudo_labeling.topreward_qwen_scorer INFO: Prefix 1/8 (end=11, n_frames=4/12): reward=-18.6250 (mean, 1 tok)
2026-04-30 17:59:24,091 mme_vla_suite.pseudo_labeling.topreward_qwen_scorer INFO: Prefix 2/8 (end=25, n_frames=5/26): reward=-17.8750 (mean, 1 tok)
2026-04-30 17:59:30,945 mme_vla_suite.pseudo_labeling.topreward_qwen_scorer INFO: Prefix 3/8 (end=40, n_frames=8/41): reward=-17.3750 (mean, 1 tok)
2026-04-30 17:59:37,806 mme_vla_suite.pseudo_labeling.topreward_qwen_scorer INFO: Prefix 4/8 (end=54, n_frames=11/55): reward=-16.6250 (mean, 1 tok)
2026-04-30 17:59:44,711 mme_vla_suite.pseudo_labeling.topreward_qwen_scorer INFO: Prefix 5/8 (end=69, n_frames=14/70): reward=-16.8750 (mean, 1 tok)
2026-04-30 17:59:51,647 mme_vla_suite.pseudo_labeling.topreward_qwen_scorer INFO: Prefix 6/8 (end=83, n_frames=17/84): reward=-15.7500 (mean, 1 tok)
2026-04-30 17:59:58,540 mme_vla_suite.pseudo_labeling.topreward_qwen_scorer INFO: Prefix 7/8 (end=98, n_frames=20/99): reward=-16.0000 (mean, 1 tok)
2026-04-30 18:00:05,484 mme_vla_suite.pseudo_labeling.topreward_qwen_scorer INFO: Prefix 8/8 (end=113, n_frames=23/114): reward=-15.1250 (mean, 1 tok)
2026-04-30 18:00:13,065 mme_vla_suite.pseudo_labeling.topreward_qwen_scorer INFO: Prefix 1/8 (end=6, n_frames=4/7): reward=-19.2500 (mean, 1 tok)
2026-04-30 18:00:19,899 mme_vla_suite.pseudo_labeling.topreward_qwen_scorer INFO: Prefix 2/8 (end=14, n_frames=4/15): reward=-19.3750 (mean, 1 tok)
2026-04-30 18:00:26,722 mme_vla_suite.pseudo_labeling.topreward_qwen_scorer INFO: Prefix 3/8 (end=22, n_frames=5/23): reward=-19.3750 (mean, 1 tok)
2026-04-30 18:00:33,579 mme_vla_suite.pseudo_labeling.topreward_qwen_scorer INFO: Prefix 4/8 (end=30, n_frames=6/31): reward=-19.7500 (mean, 1 tok)
2026-04-30 18:00:40,409 mme_vla_suite.pseudo_labeling.topreward_qwen_scorer INFO: Prefix 5/8 (end=39, n_frames=8/40): reward=-18.8750 (mean, 1 tok)
2026-04-30 18:00:47,288 mme_vla_suite.pseudo_labeling.topreward_qwen_scorer INFO: Prefix 6/8 (end=47, n_frames=10/48): reward=-19.1250 (mean, 1 tok)
2026-04-30 18:00:54,126 mme_vla_suite.pseudo_labeling.topreward_qwen_scorer INFO: Prefix 7/8 (end=55, n_frames=11/56): reward=-19.5000 (mean, 1 tok)
2026-04-30 18:01:01,014 mme_vla_suite.pseudo_labeling.topreward_qwen_scorer INFO: Prefix 8/8 (end=64, n_frames=13/65): reward=-18.2500 (mean, 1 tok)
2026-04-30 18:01:08,938 mme_vla_suite.pseudo_labeling.topreward_qwen_scorer INFO: Prefix 1/8 (end=8, n_frames=4/9): reward=-19.2500 (mean, 1 tok)
2026-04-30 18:01:15,798 mme_vla_suite.pseudo_labeling.topreward_qwen_scorer INFO: Prefix 2/8 (end=18, n_frames=4/19): reward=-20.1250 (mean, 1 tok)
2026-04-30 18:01:22,775 mme_vla_suite.pseudo_labeling.topreward_qwen_scorer INFO: Prefix 3/8 (end=28, n_frames=6/29): reward=-20.0000 (mean, 1 tok)
2026-04-30 18:01:29,739 mme_vla_suite.pseudo_labeling.topreward_qwen_scorer INFO: Prefix 4/8 (end=38, n_frames=8/39): reward=-20.5000 (mean, 1 tok)
2026-04-30 18:01:36,783 mme_vla_suite.pseudo_labeling.topreward_qwen_scorer INFO: Prefix 5/8 (end=49, n_frames=10/50): reward=-18.8750 (mean, 1 tok)
2026-04-30 18:01:43,679 mme_vla_suite.pseudo_labeling.topreward_qwen_scorer INFO: Prefix 6/8 (end=59, n_frames=12/60): reward=-18.7500 (mean, 1 tok)
2026-04-30 18:01:50,682 mme_vla_suite.pseudo_labeling.topreward_qwen_scorer INFO: Prefix 7/8 (end=69, n_frames=14/70): reward=-19.3750 (mean, 1 tok)
2026-04-30 18:01:57,578 mme_vla_suite.pseudo_labeling.topreward_qwen_scorer INFO: Prefix 8/8 (end=80, n_frames=16/81): reward=-19.5000 (mean, 1 tok)
2026-04-30 18:02:05,714 mme_vla_suite.pseudo_labeling.topreward_qwen_scorer INFO: Prefix 1/8 (end=11, n_frames=4/12): reward=-19.2500 (mean, 1 tok)
2026-04-30 18:02:12,599 mme_vla_suite.pseudo_labeling.topreward_qwen_scorer INFO: Prefix 2/8 (end=26, n_frames=5/27): reward=-19.6250 (mean, 1 tok)
2026-04-30 18:02:19,483 mme_vla_suite.pseudo_labeling.topreward_qwen_scorer INFO: Prefix 3/8 (end=41, n_frames=8/42): reward=-16.7500 (mean, 1 tok)
2026-04-30 18:02:26,384 mme_vla_suite.pseudo_labeling.topreward_qwen_scorer INFO: Prefix 4/8 (end=56, n_frames=11/57): reward=-15.7500 (mean, 1 tok)
2026-04-30 18:02:33,305 mme_vla_suite.pseudo_labeling.topreward_qwen_scorer INFO: Prefix 5/8 (end=72, n_frames=15/73): reward=-16.1250 (mean, 1 tok)
2026-04-30 18:02:40,233 mme_vla_suite.pseudo_labeling.topreward_qwen_scorer INFO: Prefix 6/8 (end=87, n_frames=18/88): reward=-15.6250 (mean, 1 tok)
2026-04-30 18:02:47,174 mme_vla_suite.pseudo_labeling.topreward_qwen_scorer INFO: Prefix 7/8 (end=102, n_frames=21/103): reward=-15.1250 (mean, 1 tok)
2026-04-30 18:02:54,164 mme_vla_suite.pseudo_labeling.topreward_qwen_scorer INFO: Prefix 8/8 (end=118, n_frames=24/119): reward=-15.1250 (mean, 1 tok)
2026-04-30 18:03:02,428 mme_vla_suite.pseudo_labeling.topreward_qwen_scorer INFO: Prefix 1/8 (end=7, n_frames=4/8): reward=-18.6250 (mean, 1 tok)
2026-04-30 18:03:09,300 mme_vla_suite.pseudo_labeling.topreward_qwen_scorer INFO: Prefix 2/8 (end=16, n_frames=4/17): reward=-19.3750 (mean, 1 tok)
2026-04-30 18:03:16,209 mme_vla_suite.pseudo_labeling.topreward_qwen_scorer INFO: Prefix 3/8 (end=26, n_frames=5/27): reward=-19.3750 (mean, 1 tok)
2026-04-30 18:03:23,082 mme_vla_suite.pseudo_labeling.topreward_qwen_scorer INFO: Prefix 4/8 (end=36, n_frames=7/37): reward=-19.3750 (mean, 1 tok)
2026-04-30 18:03:29,983 mme_vla_suite.pseudo_labeling.topreward_qwen_scorer INFO: Prefix 5/8 (end=46, n_frames=9/47): reward=-19.2500 (mean, 1 tok)
2026-04-30 18:03:36,889 mme_vla_suite.pseudo_labeling.topreward_qwen_scorer INFO: Prefix 6/8 (end=56, n_frames=11/57): reward=-18.2500 (mean, 1 tok)
2026-04-30 18:03:43,772 mme_vla_suite.pseudo_labeling.topreward_qwen_scorer INFO: Prefix 7/8 (end=66, n_frames=13/67): reward=-18.8750 (mean, 1 tok)
2026-04-30 18:03:50,701 mme_vla_suite.pseudo_labeling.topreward_qwen_scorer INFO: Prefix 8/8 (end=76, n_frames=15/77): reward=-18.2500 (mean, 1 tok)
2026-04-30 18:03:58,681 mme_vla_suite.pseudo_labeling.topreward_qwen_scorer INFO: Prefix 1/8 (end=9, n_frames=4/10): reward=-19.5000 (mean, 1 tok)
2026-04-30 18:04:05,558 mme_vla_suite.pseudo_labeling.topreward_qwen_scorer INFO: Prefix 2/8 (end=20, n_frames=4/21): reward=-20.2500 (mean, 1 tok)
2026-04-30 18:04:12,440 mme_vla_suite.pseudo_labeling.topreward_qwen_scorer INFO: Prefix 3/8 (end=32, n_frames=7/33): reward=-19.8750 (mean, 1 tok)
2026-04-30 18:04:19,345 mme_vla_suite.pseudo_labeling.topreward_qwen_scorer INFO: Prefix 4/8 (end=43, n_frames=9/44): reward=-18.6250 (mean, 1 tok)
2026-04-30 18:04:26,234 mme_vla_suite.pseudo_labeling.topreward_qwen_scorer INFO: Prefix 5/8 (end=55, n_frames=11/56): reward=-18.7500 (mean, 1 tok)
2026-04-30 18:04:33,139 mme_vla_suite.pseudo_labeling.topreward_qwen_scorer INFO: Prefix 6/8 (end=66, n_frames=13/67): reward=-18.8750 (mean, 1 tok)
2026-04-30 18:04:40,046 mme_vla_suite.pseudo_labeling.topreward_qwen_scorer INFO: Prefix 7/8 (end=78, n_frames=16/79): reward=-18.1250 (mean, 1 tok)
2026-04-30 18:04:46,981 mme_vla_suite.pseudo_labeling.topreward_qwen_scorer INFO: Prefix 8/8 (end=90, n_frames=18/91): reward=-18.5000 (mean, 1 tok)
2026-04-30 18:04:55,148 mme_vla_suite.pseudo_labeling.topreward_qwen_scorer INFO: Prefix 1/8 (end=11, n_frames=4/12): reward=-18.2500 (mean, 1 tok)
2026-04-30 18:05:02,008 mme_vla_suite.pseudo_labeling.topreward_qwen_scorer INFO: Prefix 2/8 (end=25, n_frames=5/26): reward=-18.7500 (mean, 1 tok)
2026-04-30 18:05:08,901 mme_vla_suite.pseudo_labeling.topreward_qwen_scorer INFO: Prefix 3/8 (end=39, n_frames=8/40): reward=-16.6250 (mean, 1 tok)
2026-04-30 18:05:15,776 mme_vla_suite.pseudo_labeling.topreward_qwen_scorer INFO: Prefix 4/8 (end=53, n_frames=11/54): reward=-15.6250 (mean, 1 tok)
2026-04-30 18:05:22,690 mme_vla_suite.pseudo_labeling.topreward_qwen_scorer INFO: Prefix 5/8 (end=68, n_frames=14/69): reward=-16.5000 (mean, 1 tok)
2026-04-30 18:05:29,608 mme_vla_suite.pseudo_labeling.topreward_qwen_scorer INFO: Prefix 6/8 (end=82, n_frames=17/83): reward=-15.6250 (mean, 1 tok)
2026-04-30 18:05:36,555 mme_vla_suite.pseudo_labeling.topreward_qwen_scorer INFO: Prefix 7/8 (end=96, n_frames=19/97): reward=-15.6250 (mean, 1 tok)
2026-04-30 18:05:43,475 mme_vla_suite.pseudo_labeling.topreward_qwen_scorer INFO: Prefix 8/8 (end=111, n_frames=22/112): reward=-15.3750 (mean, 1 tok)
2026-04-30 18:05:51,253 mme_vla_suite.pseudo_labeling.topreward_qwen_scorer INFO: Prefix 1/8 (end=6, n_frames=4/7): reward=-19.1250 (mean, 1 tok)
2026-04-30 18:05:58,121 mme_vla_suite.pseudo_labeling.topreward_qwen_scorer INFO: Prefix 2/8 (end=14, n_frames=4/15): reward=-18.6250 (mean, 1 tok)
2026-04-30 18:06:04,982 mme_vla_suite.pseudo_labeling.topreward_qwen_scorer INFO: Prefix 3/8 (end=23, n_frames=5/24): reward=-18.6250 (mean, 1 tok)
2026-04-30 18:06:11,859 mme_vla_suite.pseudo_labeling.topreward_qwen_scorer INFO: Prefix 4/8 (end=32, n_frames=7/33): reward=-18.8750 (mean, 1 tok)
2026-04-30 18:06:18,763 mme_vla_suite.pseudo_labeling.topreward_qwen_scorer INFO: Prefix 5/8 (end=40, n_frames=8/41): reward=-18.7500 (mean, 1 tok)
2026-04-30 18:06:25,637 mme_vla_suite.pseudo_labeling.topreward_qwen_scorer INFO: Prefix 6/8 (end=49, n_frames=10/50): reward=-18.0000 (mean, 1 tok)
2026-04-30 18:06:32,522 mme_vla_suite.pseudo_labeling.topreward_qwen_scorer INFO: Prefix 7/8 (end=58, n_frames=12/59): reward=-19.2500 (mean, 1 tok)
2026-04-30 18:06:39,410 mme_vla_suite.pseudo_labeling.topreward_qwen_scorer INFO: Prefix 8/8 (end=67, n_frames=14/68): reward=-19.1250 (mean, 1 tok)
2026-04-30 18:06:47,432 mme_vla_suite.pseudo_labeling.topreward_qwen_scorer INFO: Prefix 1/8 (end=8, n_frames=4/9): reward=-18.8750 (mean, 1 tok)
2026-04-30 18:06:54,224 mme_vla_suite.pseudo_labeling.topreward_qwen_scorer INFO: Prefix 2/8 (end=18, n_frames=4/19): reward=-18.7500 (mean, 1 tok)
2026-04-30 18:07:01,095 mme_vla_suite.pseudo_labeling.topreward_qwen_scorer INFO: Prefix 3/8 (end=29, n_frames=6/30): reward=-18.5000 (mean, 1 tok)
2026-04-30 18:07:07,962 mme_vla_suite.pseudo_labeling.topreward_qwen_scorer INFO: Prefix 4/8 (end=40, n_frames=8/41): reward=-18.7500 (mean, 1 tok)
2026-04-30 18:07:14,825 mme_vla_suite.pseudo_labeling.topreward_qwen_scorer INFO: Prefix 5/8 (end=51, n_frames=10/52): reward=-18.1250 (mean, 1 tok)
2026-04-30 18:07:21,729 mme_vla_suite.pseudo_labeling.topreward_qwen_scorer INFO: Prefix 6/8 (end=62, n_frames=13/63): reward=-19.1250 (mean, 1 tok)
2026-04-30 18:07:28,613 mme_vla_suite.pseudo_labeling.topreward_qwen_scorer INFO: Prefix 7/8 (end=73, n_frames=15/74): reward=-18.0000 (mean, 1 tok)
2026-04-30 18:07:35,513 mme_vla_suite.pseudo_labeling.topreward_qwen_scorer INFO: Prefix 8/8 (end=84, n_frames=17/85): reward=-17.5000 (mean, 1 tok)
2026-04-30 18:07:43,476 mme_vla_suite.pseudo_labeling.topreward_qwen_scorer INFO: Prefix 1/8 (end=11, n_frames=4/12): reward=-18.5000 (mean, 1 tok)
2026-04-30 18:07:50,336 mme_vla_suite.pseudo_labeling.topreward_qwen_scorer INFO: Prefix 2/8 (end=25, n_frames=5/26): reward=-18.2500 (mean, 1 tok)
2026-04-30 18:07:57,185 mme_vla_suite.pseudo_labeling.topreward_qwen_scorer INFO: Prefix 3/8 (end=39, n_frames=8/40): reward=-17.2500 (mean, 1 tok)
2026-04-30 18:08:04,038 mme_vla_suite.pseudo_labeling.topreward_qwen_scorer INFO: Prefix 4/8 (end=54, n_frames=11/55): reward=-15.7500 (mean, 1 tok)
2026-04-30 18:08:10,907 mme_vla_suite.pseudo_labeling.topreward_qwen_scorer INFO: Prefix 5/8 (end=68, n_frames=14/69): reward=-16.7500 (mean, 1 tok)
2026-04-30 18:08:17,839 mme_vla_suite.pseudo_labeling.topreward_qwen_scorer INFO: Prefix 6/8 (end=83, n_frames=17/84): reward=-16.8750 (mean, 1 tok)
2026-04-30 18:08:24,708 mme_vla_suite.pseudo_labeling.topreward_qwen_scorer INFO: Prefix 7/8 (end=97, n_frames=20/98): reward=-16.2500 (mean, 1 tok)
2026-04-30 18:08:31,625 mme_vla_suite.pseudo_labeling.topreward_qwen_scorer INFO: Prefix 8/8 (end=112, n_frames=23/113): reward=-17.3750 (mean, 1 tok)
2026-04-30 18:08:39,568 mme_vla_suite.pseudo_labeling.topreward_qwen_scorer INFO: Prefix 1/8 (end=6, n_frames=4/7): reward=-18.8750 (mean, 1 tok)
2026-04-30 18:08:46,383 mme_vla_suite.pseudo_labeling.topreward_qwen_scorer INFO: Prefix 2/8 (end=14, n_frames=4/15): reward=-19.8750 (mean, 1 tok)
2026-04-30 18:08:53,210 mme_vla_suite.pseudo_labeling.topreward_qwen_scorer INFO: Prefix 3/8 (end=23, n_frames=5/24): reward=-19.7500 (mean, 1 tok)
2026-04-30 18:09:00,063 mme_vla_suite.pseudo_labeling.topreward_qwen_scorer INFO: Prefix 4/8 (end=32, n_frames=7/33): reward=-19.1250 (mean, 1 tok)
2026-04-30 18:09:06,907 mme_vla_suite.pseudo_labeling.topreward_qwen_scorer INFO: Prefix 5/8 (end=40, n_frames=8/41): reward=-19.7500 (mean, 1 tok)
2026-04-30 18:09:13,803 mme_vla_suite.pseudo_labeling.topreward_qwen_scorer INFO: Prefix 6/8 (end=49, n_frames=10/50): reward=-19.2500 (mean, 1 tok)
2026-04-30 18:09:20,699 mme_vla_suite.pseudo_labeling.topreward_qwen_scorer INFO: Prefix 7/8 (end=58, n_frames=12/59): reward=-18.7500 (mean, 1 tok)
2026-04-30 18:09:27,599 mme_vla_suite.pseudo_labeling.topreward_qwen_scorer INFO: Prefix 8/8 (end=67, n_frames=14/68): reward=-19.0000 (mean, 1 tok)
2026-04-30 18:09:35,653 mme_vla_suite.pseudo_labeling.topreward_qwen_scorer INFO: Prefix 1/8 (end=8, n_frames=4/9): reward=-18.6250 (mean, 1 tok)
2026-04-30 18:09:42,533 mme_vla_suite.pseudo_labeling.topreward_qwen_scorer INFO: Prefix 2/8 (end=18, n_frames=4/19): reward=-20.2500 (mean, 1 tok)
2026-04-30 18:09:49,416 mme_vla_suite.pseudo_labeling.topreward_qwen_scorer INFO: Prefix 3/8 (end=28, n_frames=6/29): reward=-19.1250 (mean, 1 tok)
2026-04-30 18:09:56,294 mme_vla_suite.pseudo_labeling.topreward_qwen_scorer INFO: Prefix 4/8 (end=38, n_frames=8/39): reward=-18.8750 (mean, 1 tok)
2026-04-30 18:10:03,210 mme_vla_suite.pseudo_labeling.topreward_qwen_scorer INFO: Prefix 5/8 (end=49, n_frames=10/50): reward=-19.2500 (mean, 1 tok)
2026-04-30 18:10:10,121 mme_vla_suite.pseudo_labeling.topreward_qwen_scorer INFO: Prefix 6/8 (end=59, n_frames=12/60): reward=-19.5000 (mean, 1 tok)
2026-04-30 18:10:17,016 mme_vla_suite.pseudo_labeling.topreward_qwen_scorer INFO: Prefix 7/8 (end=69, n_frames=14/70): reward=-20.2500 (mean, 1 tok)
2026-04-30 18:10:23,930 mme_vla_suite.pseudo_labeling.topreward_qwen_scorer INFO: Prefix 8/8 (end=80, n_frames=16/81): reward=-19.1250 (mean, 1 tok)
2026-04-30 18:10:32,202 mme_vla_suite.pseudo_labeling.topreward_qwen_scorer INFO: Prefix 1/8 (end=11, n_frames=4/12): reward=-18.6250 (mean, 1 tok)
2026-04-30 18:10:39,019 mme_vla_suite.pseudo_labeling.topreward_qwen_scorer INFO: Prefix 2/8 (end=25, n_frames=5/26): reward=-19.0000 (mean, 1 tok)
2026-04-30 18:10:45,838 mme_vla_suite.pseudo_labeling.topreward_qwen_scorer INFO: Prefix 3/8 (end=40, n_frames=8/41): reward=-17.2500 (mean, 1 tok)
2026-04-30 18:10:52,732 mme_vla_suite.pseudo_labeling.topreward_qwen_scorer INFO: Prefix 4/8 (end=54, n_frames=11/55): reward=-16.5000 (mean, 1 tok)
2026-04-30 18:10:59,632 mme_vla_suite.pseudo_labeling.topreward_qwen_scorer INFO: Prefix 5/8 (end=69, n_frames=14/70): reward=-17.5000 (mean, 1 tok)
2026-04-30 18:11:06,559 mme_vla_suite.pseudo_labeling.topreward_qwen_scorer INFO: Prefix 6/8 (end=83, n_frames=17/84): reward=-16.3750 (mean, 1 tok)
2026-04-30 18:11:13,500 mme_vla_suite.pseudo_labeling.topreward_qwen_scorer INFO: Prefix 7/8 (end=98, n_frames=20/99): reward=-16.5000 (mean, 1 tok)
2026-04-30 18:11:20,462 mme_vla_suite.pseudo_labeling.topreward_qwen_scorer INFO: Prefix 8/8 (end=113, n_frames=23/114): reward=-15.7500 (mean, 1 tok)
2026-04-30 18:11:28,382 mme_vla_suite.pseudo_labeling.topreward_qwen_scorer INFO: Prefix 1/8 (end=6, n_frames=4/7): reward=-20.7500 (mean, 1 tok)
2026-04-30 18:11:35,252 mme_vla_suite.pseudo_labeling.topreward_qwen_scorer INFO: Prefix 2/8 (end=14, n_frames=4/15): reward=-19.8750 (mean, 1 tok)
2026-04-30 18:11:42,127 mme_vla_suite.pseudo_labeling.topreward_qwen_scorer INFO: Prefix 3/8 (end=23, n_frames=5/24): reward=-20.1250 (mean, 1 tok)
2026-04-30 18:11:48,988 mme_vla_suite.pseudo_labeling.topreward_qwen_scorer INFO: Prefix 4/8 (end=32, n_frames=7/33): reward=-19.5000 (mean, 1 tok)
2026-04-30 18:11:55,854 mme_vla_suite.pseudo_labeling.topreward_qwen_scorer INFO: Prefix 5/8 (end=41, n_frames=8/42): reward=-19.8750 (mean, 1 tok)
2026-04-30 18:12:02,749 mme_vla_suite.pseudo_labeling.topreward_qwen_scorer INFO: Prefix 6/8 (end=50, n_frames=10/51): reward=-18.5000 (mean, 1 tok)
2026-04-30 18:12:09,680 mme_vla_suite.pseudo_labeling.topreward_qwen_scorer INFO: Prefix 7/8 (end=59, n_frames=12/60): reward=-18.5000 (mean, 1 tok)
2026-04-30 18:12:16,592 mme_vla_suite.pseudo_labeling.topreward_qwen_scorer INFO: Prefix 8/8 (end=68, n_frames=14/69): reward=-18.6250 (mean, 1 tok)
2026-04-30 18:12:24,685 mme_vla_suite.pseudo_labeling.topreward_qwen_scorer INFO: Prefix 1/8 (end=8, n_frames=4/9): reward=-20.5000 (mean, 1 tok)
2026-04-30 18:12:31,554 mme_vla_suite.pseudo_labeling.topreward_qwen_scorer INFO: Prefix 2/8 (end=19, n_frames=4/20): reward=-19.1250 (mean, 1 tok)
2026-04-30 18:12:38,421 mme_vla_suite.pseudo_labeling.topreward_qwen_scorer INFO: Prefix 3/8 (end=30, n_frames=6/31): reward=-18.6250 (mean, 1 tok)
2026-04-30 18:12:45,314 mme_vla_suite.pseudo_labeling.topreward_qwen_scorer INFO: Prefix 4/8 (end=41, n_frames=8/42): reward=-19.8750 (mean, 1 tok)
2026-04-30 18:12:52,224 mme_vla_suite.pseudo_labeling.topreward_qwen_scorer INFO: Prefix 5/8 (end=52, n_frames=11/53): reward=-19.5000 (mean, 1 tok)
2026-04-30 18:12:59,140 mme_vla_suite.pseudo_labeling.topreward_qwen_scorer INFO: Prefix 6/8 (end=63, n_frames=13/64): reward=-18.1250 (mean, 1 tok)
2026-04-30 18:13:06,054 mme_vla_suite.pseudo_labeling.topreward_qwen_scorer INFO: Prefix 7/8 (end=74, n_frames=15/75): reward=-19.3750 (mean, 1 tok)
2026-04-30 18:13:12,971 mme_vla_suite.pseudo_labeling.topreward_qwen_scorer INFO: Prefix 8/8 (end=85, n_frames=17/86): reward=-18.5000 (mean, 1 tok)
2026-04-30 18:13:21,016 mme_vla_suite.pseudo_labeling.topreward_qwen_scorer INFO: Prefix 1/8 (end=11, n_frames=4/12): reward=-18.2500 (mean, 1 tok)
2026-04-30 18:13:27,888 mme_vla_suite.pseudo_labeling.topreward_qwen_scorer INFO: Prefix 2/8 (end=25, n_frames=5/26): reward=-18.1250 (mean, 1 tok)
2026-04-30 18:13:34,778 mme_vla_suite.pseudo_labeling.topreward_qwen_scorer INFO: Prefix 3/8 (end=40, n_frames=8/41): reward=-16.1250 (mean, 1 tok)
2026-04-30 18:13:41,685 mme_vla_suite.pseudo_labeling.topreward_qwen_scorer INFO: Prefix 4/8 (end=55, n_frames=11/56): reward=-15.8750 (mean, 1 tok)
2026-04-30 18:13:48,594 mme_vla_suite.pseudo_labeling.topreward_qwen_scorer INFO: Prefix 5/8 (end=69, n_frames=14/70): reward=-16.0000 (mean, 1 tok)
2026-04-30 18:13:55,506 mme_vla_suite.pseudo_labeling.topreward_qwen_scorer INFO: Prefix 6/8 (end=84, n_frames=17/85): reward=-15.7500 (mean, 1 tok)
2026-04-30 18:14:02,429 mme_vla_suite.pseudo_labeling.topreward_qwen_scorer INFO: Prefix 7/8 (end=99, n_frames=20/100): reward=-15.7500 (mean, 1 tok)
2026-04-30 18:14:09,415 mme_vla_suite.pseudo_labeling.topreward_qwen_scorer INFO: Prefix 8/8 (end=114, n_frames=23/115): reward=-14.8750 (mean, 1 tok)
2026-04-30 18:14:17,118 mme_vla_suite.pseudo_labeling.topreward_qwen_scorer INFO: Prefix 1/8 (end=8, n_frames=4/9): reward=-20.1250 (mean, 1 tok)
2026-04-30 18:14:23,988 mme_vla_suite.pseudo_labeling.topreward_qwen_scorer INFO: Prefix 2/8 (end=18, n_frames=4/19): reward=-20.3750 (mean, 1 tok)
2026-04-30 18:14:30,846 mme_vla_suite.pseudo_labeling.topreward_qwen_scorer INFO: Prefix 3/8 (end=28, n_frames=6/29): reward=-20.2500 (mean, 1 tok)
2026-04-30 18:14:37,730 mme_vla_suite.pseudo_labeling.topreward_qwen_scorer INFO: Prefix 4/8 (end=38, n_frames=8/39): reward=-21.3750 (mean, 1 tok)
2026-04-30 18:14:44,633 mme_vla_suite.pseudo_labeling.topreward_qwen_scorer INFO: Prefix 5/8 (end=49, n_frames=10/50): reward=-18.7500 (mean, 1 tok)
2026-04-30 18:14:51,523 mme_vla_suite.pseudo_labeling.topreward_qwen_scorer INFO: Prefix 6/8 (end=59, n_frames=12/60): reward=-17.8750 (mean, 1 tok)
2026-04-30 18:14:58,445 mme_vla_suite.pseudo_labeling.topreward_qwen_scorer INFO: Prefix 7/8 (end=69, n_frames=14/70): reward=-19.1250 (mean, 1 tok)
2026-04-30 18:15:05,365 mme_vla_suite.pseudo_labeling.topreward_qwen_scorer INFO: Prefix 8/8 (end=80, n_frames=16/81): reward=-18.7500 (mean, 1 tok)
2026-04-30 18:15:13,417 mme_vla_suite.pseudo_labeling.topreward_qwen_scorer INFO: Prefix 1/8 (end=9, n_frames=4/10): reward=-20.0000 (mean, 1 tok)
2026-04-30 18:15:20,286 mme_vla_suite.pseudo_labeling.topreward_qwen_scorer INFO: Prefix 2/8 (end=21, n_frames=4/22): reward=-19.5000 (mean, 1 tok)
2026-04-30 18:15:27,175 mme_vla_suite.pseudo_labeling.topreward_qwen_scorer INFO: Prefix 3/8 (end=33, n_frames=7/34): reward=-19.6250 (mean, 1 tok)
2026-04-30 18:15:34,063 mme_vla_suite.pseudo_labeling.topreward_qwen_scorer INFO: Prefix 4/8 (end=45, n_frames=9/46): reward=-18.6250 (mean, 1 tok)
2026-04-30 18:15:41,100 mme_vla_suite.pseudo_labeling.topreward_qwen_scorer INFO: Prefix 5/8 (end=58, n_frames=12/59): reward=-17.8750 (mean, 1 tok)
2026-04-30 18:15:47,990 mme_vla_suite.pseudo_labeling.topreward_qwen_scorer INFO: Prefix 6/8 (end=70, n_frames=14/71): reward=-18.3750 (mean, 1 tok)
2026-04-30 18:15:54,899 mme_vla_suite.pseudo_labeling.topreward_qwen_scorer INFO: Prefix 7/8 (end=82, n_frames=17/83): reward=-18.6250 (mean, 1 tok)
2026-04-30 18:16:01,870 mme_vla_suite.pseudo_labeling.topreward_qwen_scorer INFO: Prefix 8/8 (end=95, n_frames=19/96): reward=-17.6250 (mean, 1 tok)
2026-04-30 18:16:09,737 mme_vla_suite.pseudo_labeling.topreward_qwen_scorer INFO: Prefix 1/8 (end=11, n_frames=4/12): reward=-19.1250 (mean, 1 tok)
2026-04-30 18:16:16,631 mme_vla_suite.pseudo_labeling.topreward_qwen_scorer INFO: Prefix 2/8 (end=25, n_frames=5/26): reward=-20.0000 (mean, 1 tok)
2026-04-30 18:16:23,534 mme_vla_suite.pseudo_labeling.topreward_qwen_scorer INFO: Prefix 3/8 (end=40, n_frames=8/41): reward=-16.2500 (mean, 1 tok)
2026-04-30 18:16:30,437 mme_vla_suite.pseudo_labeling.topreward_qwen_scorer INFO: Prefix 4/8 (end=54, n_frames=11/55): reward=-15.6250 (mean, 1 tok)
2026-04-30 18:16:37,352 mme_vla_suite.pseudo_labeling.topreward_qwen_scorer INFO: Prefix 5/8 (end=69, n_frames=14/70): reward=-15.5000 (mean, 1 tok)
2026-04-30 18:16:44,285 mme_vla_suite.pseudo_labeling.topreward_qwen_scorer INFO: Prefix 6/8 (end=83, n_frames=17/84): reward=-15.7500 (mean, 1 tok)
2026-04-30 18:16:51,216 mme_vla_suite.pseudo_labeling.topreward_qwen_scorer INFO: Prefix 7/8 (end=98, n_frames=20/99): reward=-14.6250 (mean, 1 tok)
2026-04-30 18:16:58,212 mme_vla_suite.pseudo_labeling.topreward_qwen_scorer INFO: Prefix 8/8 (end=113, n_frames=23/114): reward=-15.3750 (mean, 1 tok)
2026-04-30 18:17:06,066 mme_vla_suite.pseudo_labeling.topreward_qwen_scorer INFO: Prefix 1/8 (end=6, n_frames=4/7): reward=-19.1250 (mean, 1 tok)
2026-04-30 18:17:12,935 mme_vla_suite.pseudo_labeling.topreward_qwen_scorer INFO: Prefix 2/8 (end=14, n_frames=4/15): reward=-19.8750 (mean, 1 tok)
2026-04-30 18:17:19,806 mme_vla_suite.pseudo_labeling.topreward_qwen_scorer INFO: Prefix 3/8 (end=23, n_frames=5/24): reward=-18.5000 (mean, 1 tok)
2026-04-30 18:17:26,675 mme_vla_suite.pseudo_labeling.topreward_qwen_scorer INFO: Prefix 4/8 (end=32, n_frames=7/33): reward=-18.7500 (mean, 1 tok)
2026-04-30 18:17:33,549 mme_vla_suite.pseudo_labeling.topreward_qwen_scorer INFO: Prefix 5/8 (end=41, n_frames=8/42): reward=-18.8750 (mean, 1 tok)
2026-04-30 18:17:40,437 mme_vla_suite.pseudo_labeling.topreward_qwen_scorer INFO: Prefix 6/8 (end=50, n_frames=10/51): reward=-18.2500 (mean, 1 tok)
2026-04-30 18:17:47,293 mme_vla_suite.pseudo_labeling.topreward_qwen_scorer INFO: Prefix 7/8 (end=59, n_frames=12/60): reward=-18.8750 (mean, 1 tok)
2026-04-30 18:17:54,174 mme_vla_suite.pseudo_labeling.topreward_qwen_scorer INFO: Prefix 8/8 (end=68, n_frames=14/69): reward=-19.0000 (mean, 1 tok)
2026-04-30 18:18:02,351 mme_vla_suite.pseudo_labeling.topreward_qwen_scorer INFO: Prefix 1/8 (end=8, n_frames=4/9): reward=-19.5000 (mean, 1 tok)
2026-04-30 18:18:09,169 mme_vla_suite.pseudo_labeling.topreward_qwen_scorer INFO: Prefix 2/8 (end=18, n_frames=4/19): reward=-19.0000 (mean, 1 tok)
2026-04-30 18:18:15,991 mme_vla_suite.pseudo_labeling.topreward_qwen_scorer INFO: Prefix 3/8 (end=29, n_frames=6/30): reward=-18.7500 (mean, 1 tok)
2026-04-30 18:18:22,840 mme_vla_suite.pseudo_labeling.topreward_qwen_scorer INFO: Prefix 4/8 (end=40, n_frames=8/41): reward=-18.7500 (mean, 1 tok)
2026-04-30 18:18:29,703 mme_vla_suite.pseudo_labeling.topreward_qwen_scorer INFO: Prefix 5/8 (end=51, n_frames=10/52): reward=-17.8750 (mean, 1 tok)
2026-04-30 18:18:36,616 mme_vla_suite.pseudo_labeling.topreward_qwen_scorer INFO: Prefix 6/8 (end=62, n_frames=13/63): reward=-18.7500 (mean, 1 tok)
2026-04-30 18:18:43,535 mme_vla_suite.pseudo_labeling.topreward_qwen_scorer INFO: Prefix 7/8 (end=73, n_frames=15/74): reward=-18.2500 (mean, 1 tok)
2026-04-30 18:18:50,441 mme_vla_suite.pseudo_labeling.topreward_qwen_scorer INFO: Prefix 8/8 (end=84, n_frames=17/85): reward=-18.5000 (mean, 1 tok)
2026-04-30 18:18:58,421 mme_vla_suite.pseudo_labeling.topreward_qwen_scorer INFO: Prefix 1/8 (end=11, n_frames=4/12): reward=-19.2500 (mean, 1 tok)
2026-04-30 18:19:05,290 mme_vla_suite.pseudo_labeling.topreward_qwen_scorer INFO: Prefix 2/8 (end=25, n_frames=5/26): reward=-18.8750 (mean, 1 tok)
2026-04-30 18:19:12,174 mme_vla_suite.pseudo_labeling.topreward_qwen_scorer INFO: Prefix 3/8 (end=39, n_frames=8/40): reward=-18.7500 (mean, 1 tok)
2026-04-30 18:19:19,093 mme_vla_suite.pseudo_labeling.topreward_qwen_scorer INFO: Prefix 4/8 (end=53, n_frames=11/54): reward=-17.5000 (mean, 1 tok)
2026-04-30 18:19:25,978 mme_vla_suite.pseudo_labeling.topreward_qwen_scorer INFO: Prefix 5/8 (end=68, n_frames=14/69): reward=-18.1250 (mean, 1 tok)
2026-04-30 18:19:32,893 mme_vla_suite.pseudo_labeling.topreward_qwen_scorer INFO: Prefix 6/8 (end=82, n_frames=17/83): reward=-17.3750 (mean, 1 tok)
2026-04-30 18:19:39,834 mme_vla_suite.pseudo_labeling.topreward_qwen_scorer INFO: Prefix 7/8 (end=96, n_frames=19/97): reward=-15.6250 (mean, 1 tok)
2026-04-30 18:19:46,781 mme_vla_suite.pseudo_labeling.topreward_qwen_scorer INFO: Prefix 8/8 (end=111, n_frames=22/112): reward=-15.8750 (mean, 1 tok)
2026-04-30 18:19:54,874 mme_vla_suite.pseudo_labeling.topreward_qwen_scorer INFO: Prefix 1/8 (end=7, n_frames=4/8): reward=-19.3750 (mean, 1 tok)
2026-04-30 18:20:01,745 mme_vla_suite.pseudo_labeling.topreward_qwen_scorer INFO: Prefix 2/8 (end=16, n_frames=4/17): reward=-19.0000 (mean, 1 tok)
2026-04-30 18:20:08,622 mme_vla_suite.pseudo_labeling.topreward_qwen_scorer INFO: Prefix 3/8 (end=25, n_frames=5/26): reward=-19.5000 (mean, 1 tok)
2026-04-30 18:20:15,491 mme_vla_suite.pseudo_labeling.topreward_qwen_scorer INFO: Prefix 4/8 (end=34, n_frames=7/35): reward=-19.3750 (mean, 1 tok)
2026-04-30 18:20:22,393 mme_vla_suite.pseudo_labeling.topreward_qwen_scorer INFO: Prefix 5/8 (end=43, n_frames=9/44): reward=-18.0000 (mean, 1 tok)
2026-04-30 18:20:29,285 mme_vla_suite.pseudo_labeling.topreward_qwen_scorer INFO: Prefix 6/8 (end=52, n_frames=11/53): reward=-19.1250 (mean, 1 tok)
2026-04-30 18:20:36,183 mme_vla_suite.pseudo_labeling.topreward_qwen_scorer INFO: Prefix 7/8 (end=61, n_frames=12/62): reward=-19.5000 (mean, 1 tok)
2026-04-30 18:20:43,118 mme_vla_suite.pseudo_labeling.topreward_qwen_scorer INFO: Prefix 8/8 (end=71, n_frames=14/72): reward=-19.8750 (mean, 1 tok)
2026-04-30 18:20:51,071 mme_vla_suite.pseudo_labeling.topreward_qwen_scorer INFO: Prefix 1/8 (end=9, n_frames=4/10): reward=-18.7500 (mean, 1 tok)
2026-04-30 18:20:57,938 mme_vla_suite.pseudo_labeling.topreward_qwen_scorer INFO: Prefix 2/8 (end=20, n_frames=4/21): reward=-19.0000 (mean, 1 tok)
2026-04-30 18:21:04,822 mme_vla_suite.pseudo_labeling.topreward_qwen_scorer INFO: Prefix 3/8 (end=31, n_frames=6/32): reward=-19.6250 (mean, 1 tok)
2026-04-30 18:21:11,706 mme_vla_suite.pseudo_labeling.topreward_qwen_scorer INFO: Prefix 4/8 (end=43, n_frames=9/44): reward=-18.0000 (mean, 1 tok)
2026-04-30 18:21:18,614 mme_vla_suite.pseudo_labeling.topreward_qwen_scorer INFO: Prefix 5/8 (end=54, n_frames=11/55): reward=-18.8750 (mean, 1 tok)
2026-04-30 18:21:25,500 mme_vla_suite.pseudo_labeling.topreward_qwen_scorer INFO: Prefix 6/8 (end=66, n_frames=13/67): reward=-19.0000 (mean, 1 tok)
2026-04-30 18:21:32,378 mme_vla_suite.pseudo_labeling.topreward_qwen_scorer INFO: Prefix 7/8 (end=77, n_frames=16/78): reward=-18.3750 (mean, 1 tok)
2026-04-30 18:21:39,261 mme_vla_suite.pseudo_labeling.topreward_qwen_scorer INFO: Prefix 8/8 (end=89, n_frames=18/90): reward=-19.0000 (mean, 1 tok)
2026-04-30 18:21:47,398 mme_vla_suite.pseudo_labeling.topreward_qwen_scorer INFO: Prefix 1/8 (end=11, n_frames=4/12): reward=-19.2500 (mean, 1 tok)
2026-04-30 18:21:54,221 mme_vla_suite.pseudo_labeling.topreward_qwen_scorer INFO: Prefix 2/8 (end=25, n_frames=5/26): reward=-18.6250 (mean, 1 tok)
2026-04-30 18:22:01,053 mme_vla_suite.pseudo_labeling.topreward_qwen_scorer INFO: Prefix 3/8 (end=39, n_frames=8/40): reward=-16.8750 (mean, 1 tok)
2026-04-30 18:22:07,933 mme_vla_suite.pseudo_labeling.topreward_qwen_scorer INFO: Prefix 4/8 (end=54, n_frames=11/55): reward=-16.3750 (mean, 1 tok)
2026-04-30 18:22:14,822 mme_vla_suite.pseudo_labeling.topreward_qwen_scorer INFO: Prefix 5/8 (end=68, n_frames=14/69): reward=-16.7500 (mean, 1 tok)
2026-04-30 18:22:21,717 mme_vla_suite.pseudo_labeling.topreward_qwen_scorer INFO: Prefix 6/8 (end=83, n_frames=17/84): reward=-16.5000 (mean, 1 tok)
2026-04-30 18:22:28,629 mme_vla_suite.pseudo_labeling.topreward_qwen_scorer INFO: Prefix 7/8 (end=97, n_frames=20/98): reward=-15.5000 (mean, 1 tok)
2026-04-30 18:22:35,596 mme_vla_suite.pseudo_labeling.topreward_qwen_scorer INFO: Prefix 8/8 (end=112, n_frames=23/113): reward=-14.5000 (mean, 1 tok)
2026-04-30 18:22:43,215 mme_vla_suite.pseudo_labeling.topreward_qwen_scorer INFO: Prefix 1/8 (end=7, n_frames=4/8): reward=-19.7500 (mean, 1 tok)
2026-04-30 18:22:50,070 mme_vla_suite.pseudo_labeling.topreward_qwen_scorer INFO: Prefix 2/8 (end=16, n_frames=4/17): reward=-19.6250 (mean, 1 tok)
2026-04-30 18:22:56,931 mme_vla_suite.pseudo_labeling.topreward_qwen_scorer INFO: Prefix 3/8 (end=25, n_frames=5/26): reward=-20.0000 (mean, 1 tok)
2026-04-30 18:23:03,819 mme_vla_suite.pseudo_labeling.topreward_qwen_scorer INFO: Prefix 4/8 (end=34, n_frames=7/35): reward=-19.7500 (mean, 1 tok)
2026-04-30 18:23:10,712 mme_vla_suite.pseudo_labeling.topreward_qwen_scorer INFO: Prefix 5/8 (end=43, n_frames=9/44): reward=-19.6250 (mean, 1 tok)
2026-04-30 18:23:17,570 mme_vla_suite.pseudo_labeling.topreward_qwen_scorer INFO: Prefix 6/8 (end=52, n_frames=11/53): reward=-20.6250 (mean, 1 tok)
2026-04-30 18:23:24,455 mme_vla_suite.pseudo_labeling.topreward_qwen_scorer INFO: Prefix 7/8 (end=61, n_frames=12/62): reward=-20.0000 (mean, 1 tok)
2026-04-30 18:23:31,387 mme_vla_suite.pseudo_labeling.topreward_qwen_scorer INFO: Prefix 8/8 (end=70, n_frames=14/71): reward=-20.5000 (mean, 1 tok)
2026-04-30 18:23:39,458 mme_vla_suite.pseudo_labeling.topreward_qwen_scorer INFO: Prefix 1/8 (end=8, n_frames=4/9): reward=-19.7500 (mean, 1 tok)
2026-04-30 18:23:46,323 mme_vla_suite.pseudo_labeling.topreward_qwen_scorer INFO: Prefix 2/8 (end=19, n_frames=4/20): reward=-20.3750 (mean, 1 tok)
2026-04-30 18:23:53,202 mme_vla_suite.pseudo_labeling.topreward_qwen_scorer INFO: Prefix 3/8 (end=30, n_frames=6/31): reward=-19.0000 (mean, 1 tok)
2026-04-30 18:24:00,086 mme_vla_suite.pseudo_labeling.topreward_qwen_scorer INFO: Prefix 4/8 (end=42, n_frames=9/43): reward=-19.5000 (mean, 1 tok)
2026-04-30 18:24:06,991 mme_vla_suite.pseudo_labeling.topreward_qwen_scorer INFO: Prefix 5/8 (end=53, n_frames=11/54): reward=-18.8750 (mean, 1 tok)
2026-04-30 18:24:13,886 mme_vla_suite.pseudo_labeling.topreward_qwen_scorer INFO: Prefix 6/8 (end=65, n_frames=13/66): reward=-19.7500 (mean, 1 tok)
2026-04-30 18:24:20,805 mme_vla_suite.pseudo_labeling.topreward_qwen_scorer INFO: Prefix 7/8 (end=76, n_frames=15/77): reward=-19.8750 (mean, 1 tok)
2026-04-30 18:24:27,736 mme_vla_suite.pseudo_labeling.topreward_qwen_scorer INFO: Prefix 8/8 (end=88, n_frames=18/89): reward=-18.3750 (mean, 1 tok)
2026-04-30 18:24:35,803 mme_vla_suite.pseudo_labeling.topreward_qwen_scorer INFO: Prefix 1/8 (end=11, n_frames=4/12): reward=-18.6250 (mean, 1 tok)
2026-04-30 18:24:42,676 mme_vla_suite.pseudo_labeling.topreward_qwen_scorer INFO: Prefix 2/8 (end=26, n_frames=5/27): reward=-18.7500 (mean, 1 tok)
2026-04-30 18:24:49,559 mme_vla_suite.pseudo_labeling.topreward_qwen_scorer INFO: Prefix 3/8 (end=41, n_frames=8/42): reward=-16.6250 (mean, 1 tok)
2026-04-30 18:24:56,453 mme_vla_suite.pseudo_labeling.topreward_qwen_scorer INFO: Prefix 4/8 (end=56, n_frames=11/57): reward=-16.2500 (mean, 1 tok)
2026-04-30 18:25:03,366 mme_vla_suite.pseudo_labeling.topreward_qwen_scorer INFO: Prefix 5/8 (end=71, n_frames=14/72): reward=-16.0000 (mean, 1 tok)
2026-04-30 18:25:10,278 mme_vla_suite.pseudo_labeling.topreward_qwen_scorer INFO: Prefix 6/8 (end=86, n_frames=17/87): reward=-15.1250 (mean, 1 tok)
2026-04-30 18:25:17,211 mme_vla_suite.pseudo_labeling.topreward_qwen_scorer INFO: Prefix 7/8 (end=101, n_frames=20/102): reward=-14.8750 (mean, 1 tok)
2026-04-30 18:25:24,219 mme_vla_suite.pseudo_labeling.topreward_qwen_scorer INFO: Prefix 8/8 (end=116, n_frames=23/117): reward=-14.6250 (mean, 1 tok)
2026-04-30 18:25:31,846 mme_vla_suite.pseudo_labeling.topreward_qwen_scorer INFO: Prefix 1/8 (end=6, n_frames=4/7): reward=-20.0000 (mean, 1 tok)
2026-04-30 18:25:38,700 mme_vla_suite.pseudo_labeling.topreward_qwen_scorer INFO: Prefix 2/8 (end=14, n_frames=4/15): reward=-20.7500 (mean, 1 tok)
2026-04-30 18:25:45,551 mme_vla_suite.pseudo_labeling.topreward_qwen_scorer INFO: Prefix 3/8 (end=22, n_frames=5/23): reward=-20.1250 (mean, 1 tok)
2026-04-30 18:25:52,406 mme_vla_suite.pseudo_labeling.topreward_qwen_scorer INFO: Prefix 4/8 (end=30, n_frames=6/31): reward=-20.5000 (mean, 1 tok)
2026-04-30 18:25:59,275 mme_vla_suite.pseudo_labeling.topreward_qwen_scorer INFO: Prefix 5/8 (end=38, n_frames=8/39): reward=-20.8750 (mean, 1 tok)
2026-04-30 18:26:06,154 mme_vla_suite.pseudo_labeling.topreward_qwen_scorer INFO: Prefix 6/8 (end=46, n_frames=9/47): reward=-20.0000 (mean, 1 tok)
2026-04-30 18:26:13,036 mme_vla_suite.pseudo_labeling.topreward_qwen_scorer INFO: Prefix 7/8 (end=54, n_frames=11/55): reward=-20.3750 (mean, 1 tok)
2026-04-30 18:26:19,921 mme_vla_suite.pseudo_labeling.topreward_qwen_scorer INFO: Prefix 8/8 (end=63, n_frames=13/64): reward=-19.3750 (mean, 1 tok)
2026-04-30 18:26:28,127 mme_vla_suite.pseudo_labeling.topreward_qwen_scorer INFO: Prefix 1/8 (end=7, n_frames=4/8): reward=-20.1250 (mean, 1 tok)
2026-04-30 18:26:34,967 mme_vla_suite.pseudo_labeling.topreward_qwen_scorer INFO: Prefix 2/8 (end=17, n_frames=4/18): reward=-20.1250 (mean, 1 tok)
2026-04-30 18:26:41,816 mme_vla_suite.pseudo_labeling.topreward_qwen_scorer INFO: Prefix 3/8 (end=27, n_frames=6/28): reward=-19.6250 (mean, 1 tok)
2026-04-30 18:26:48,672 mme_vla_suite.pseudo_labeling.topreward_qwen_scorer INFO: Prefix 4/8 (end=37, n_frames=8/38): reward=-20.1250 (mean, 1 tok)
2026-04-30 18:26:55,551 mme_vla_suite.pseudo_labeling.topreward_qwen_scorer INFO: Prefix 5/8 (end=47, n_frames=10/48): reward=-19.7500 (mean, 1 tok)
2026-04-30 18:27:02,465 mme_vla_suite.pseudo_labeling.topreward_qwen_scorer INFO: Prefix 6/8 (end=57, n_frames=12/58): reward=-20.5000 (mean, 1 tok)
2026-04-30 18:27:09,375 mme_vla_suite.pseudo_labeling.topreward_qwen_scorer INFO: Prefix 7/8 (end=67, n_frames=14/68): reward=-20.0000 (mean, 1 tok)
2026-04-30 18:27:16,294 mme_vla_suite.pseudo_labeling.topreward_qwen_scorer INFO: Prefix 8/8 (end=77, n_frames=16/78): reward=-18.2500 (mean, 1 tok)
2026-04-30 18:27:24,222 mme_vla_suite.pseudo_labeling.topreward_qwen_scorer INFO: Prefix 1/8 (end=11, n_frames=4/12): reward=-19.3750 (mean, 1 tok)
2026-04-30 18:27:31,113 mme_vla_suite.pseudo_labeling.topreward_qwen_scorer INFO: Prefix 2/8 (end=25, n_frames=5/26): reward=-19.3750 (mean, 1 tok)
2026-04-30 18:27:38,001 mme_vla_suite.pseudo_labeling.topreward_qwen_scorer INFO: Prefix 3/8 (end=39, n_frames=8/40): reward=-16.2500 (mean, 1 tok)
2026-04-30 18:27:44,906 mme_vla_suite.pseudo_labeling.topreward_qwen_scorer INFO: Prefix 4/8 (end=54, n_frames=11/55): reward=-15.8750 (mean, 1 tok)
2026-04-30 18:27:51,809 mme_vla_suite.pseudo_labeling.topreward_qwen_scorer INFO: Prefix 5/8 (end=68, n_frames=14/69): reward=-16.2500 (mean, 1 tok)
2026-04-30 18:27:58,735 mme_vla_suite.pseudo_labeling.topreward_qwen_scorer INFO: Prefix 6/8 (end=83, n_frames=17/84): reward=-16.1250 (mean, 1 tok)
2026-04-30 18:28:05,675 mme_vla_suite.pseudo_labeling.topreward_qwen_scorer INFO: Prefix 7/8 (end=97, n_frames=20/98): reward=-15.5000 (mean, 1 tok)
2026-04-30 18:28:12,637 mme_vla_suite.pseudo_labeling.topreward_qwen_scorer INFO: Prefix 8/8 (end=112, n_frames=23/113): reward=-15.1250 (mean, 1 tok)
2026-04-30 18:28:20,424 mme_vla_suite.pseudo_labeling.topreward_qwen_scorer INFO: Prefix 1/8 (end=7, n_frames=4/8): reward=-19.7500 (mean, 1 tok)
2026-04-30 18:28:27,259 mme_vla_suite.pseudo_labeling.topreward_qwen_scorer INFO: Prefix 2/8 (end=16, n_frames=4/17): reward=-20.2500 (mean, 1 tok)
2026-04-30 18:28:34,112 mme_vla_suite.pseudo_labeling.topreward_qwen_scorer INFO: Prefix 3/8 (end=26, n_frames=5/27): reward=-20.0000 (mean, 1 tok)
2026-04-30 18:28:40,961 mme_vla_suite.pseudo_labeling.topreward_qwen_scorer INFO: Prefix 4/8 (end=36, n_frames=7/37): reward=-20.2500 (mean, 1 tok)
2026-04-30 18:28:47,818 mme_vla_suite.pseudo_labeling.topreward_qwen_scorer INFO: Prefix 5/8 (end=46, n_frames=9/47): reward=-19.7500 (mean, 1 tok)
2026-04-30 18:28:54,736 mme_vla_suite.pseudo_labeling.topreward_qwen_scorer INFO: Prefix 6/8 (end=56, n_frames=11/57): reward=-19.2500 (mean, 1 tok)
2026-04-30 18:29:01,634 mme_vla_suite.pseudo_labeling.topreward_qwen_scorer INFO: Prefix 7/8 (end=66, n_frames=13/67): reward=-19.5000 (mean, 1 tok)
2026-04-30 18:29:08,541 mme_vla_suite.pseudo_labeling.topreward_qwen_scorer INFO: Prefix 8/8 (end=76, n_frames=15/77): reward=-19.2500 (mean, 1 tok)
2026-04-30 18:29:16,494 mme_vla_suite.pseudo_labeling.topreward_qwen_scorer INFO: Prefix 1/8 (end=9, n_frames=4/10): reward=-19.3750 (mean, 1 tok)
2026-04-30 18:29:23,358 mme_vla_suite.pseudo_labeling.topreward_qwen_scorer INFO: Prefix 2/8 (end=20, n_frames=4/21): reward=-20.1250 (mean, 1 tok)
2026-04-30 18:29:30,232 mme_vla_suite.pseudo_labeling.topreward_qwen_scorer INFO: Prefix 3/8 (end=31, n_frames=6/32): reward=-19.6250 (mean, 1 tok)
2026-04-30 18:29:37,137 mme_vla_suite.pseudo_labeling.topreward_qwen_scorer INFO: Prefix 4/8 (end=43, n_frames=9/44): reward=-20.0000 (mean, 1 tok)
2026-04-30 18:29:44,024 mme_vla_suite.pseudo_labeling.topreward_qwen_scorer INFO: Prefix 5/8 (end=54, n_frames=11/55): reward=-18.8750 (mean, 1 tok)
2026-04-30 18:29:50,930 mme_vla_suite.pseudo_labeling.topreward_qwen_scorer INFO: Prefix 6/8 (end=66, n_frames=13/67): reward=-19.5000 (mean, 1 tok)
2026-04-30 18:29:58,004 mme_vla_suite.pseudo_labeling.topreward_qwen_scorer INFO: Prefix 7/8 (end=77, n_frames=16/78): reward=-20.0000 (mean, 1 tok)
2026-04-30 18:30:04,906 mme_vla_suite.pseudo_labeling.topreward_qwen_scorer INFO: Prefix 8/8 (end=89, n_frames=18/90): reward=-18.1250 (mean, 1 tok)
2026-04-30 18:30:12,928 mme_vla_suite.pseudo_labeling.topreward_qwen_scorer INFO: Prefix 1/8 (end=11, n_frames=4/12): reward=-18.8750 (mean, 1 tok)
2026-04-30 18:30:19,770 mme_vla_suite.pseudo_labeling.topreward_qwen_scorer INFO: Prefix 2/8 (end=25, n_frames=5/26): reward=-18.6250 (mean, 1 tok)
2026-04-30 18:30:26,635 mme_vla_suite.pseudo_labeling.topreward_qwen_scorer INFO: Prefix 3/8 (end=40, n_frames=8/41): reward=-17.3750 (mean, 1 tok)
2026-04-30 18:30:33,689 mme_vla_suite.pseudo_labeling.topreward_qwen_scorer INFO: Prefix 4/8 (end=54, n_frames=11/55): reward=-16.6250 (mean, 1 tok)
2026-04-30 18:30:40,598 mme_vla_suite.pseudo_labeling.topreward_qwen_scorer INFO: Prefix 5/8 (end=69, n_frames=14/70): reward=-16.3750 (mean, 1 tok)
2026-04-30 18:30:47,614 mme_vla_suite.pseudo_labeling.topreward_qwen_scorer INFO: Prefix 6/8 (end=83, n_frames=17/84): reward=-16.1250 (mean, 1 tok)
2026-04-30 18:30:54,565 mme_vla_suite.pseudo_labeling.topreward_qwen_scorer INFO: Prefix 7/8 (end=98, n_frames=20/99): reward=-15.8750 (mean, 1 tok)
2026-04-30 18:31:01,566 mme_vla_suite.pseudo_labeling.topreward_qwen_scorer INFO: Prefix 8/8 (end=113, n_frames=23/114): reward=-14.3750 (mean, 1 tok)
2026-04-30 18:31:09,173 mme_vla_suite.pseudo_labeling.topreward_qwen_scorer INFO: Prefix 1/8 (end=6, n_frames=4/7): reward=-21.0000 (mean, 1 tok)
2026-04-30 18:31:16,045 mme_vla_suite.pseudo_labeling.topreward_qwen_scorer INFO: Prefix 2/8 (end=14, n_frames=4/15): reward=-20.3750 (mean, 1 tok)
2026-04-30 18:31:22,907 mme_vla_suite.pseudo_labeling.topreward_qwen_scorer INFO: Prefix 3/8 (end=22, n_frames=5/23): reward=-19.5000 (mean, 1 tok)
2026-04-30 18:31:29,778 mme_vla_suite.pseudo_labeling.topreward_qwen_scorer INFO: Prefix 4/8 (end=31, n_frames=6/32): reward=-19.1250 (mean, 1 tok)
2026-04-30 18:31:36,661 mme_vla_suite.pseudo_labeling.topreward_qwen_scorer INFO: Prefix 5/8 (end=39, n_frames=8/40): reward=-19.0000 (mean, 1 tok)
2026-04-30 18:31:43,560 mme_vla_suite.pseudo_labeling.topreward_qwen_scorer INFO: Prefix 6/8 (end=48, n_frames=10/49): reward=-18.5000 (mean, 1 tok)
2026-04-30 18:31:50,464 mme_vla_suite.pseudo_labeling.topreward_qwen_scorer INFO: Prefix 7/8 (end=56, n_frames=11/57): reward=-18.1250 (mean, 1 tok)
2026-04-30 18:31:57,366 mme_vla_suite.pseudo_labeling.topreward_qwen_scorer INFO: Prefix 8/8 (end=65, n_frames=13/66): reward=-18.7500 (mean, 1 tok)
2026-04-30 18:32:05,161 mme_vla_suite.pseudo_labeling.topreward_qwen_scorer INFO: Prefix 1/8 (end=8, n_frames=4/9): reward=-20.2500 (mean, 1 tok)
2026-04-30 18:32:12,007 mme_vla_suite.pseudo_labeling.topreward_qwen_scorer INFO: Prefix 2/8 (end=18, n_frames=4/19): reward=-19.7500 (mean, 1 tok)
2026-04-30 18:32:18,891 mme_vla_suite.pseudo_labeling.topreward_qwen_scorer INFO: Prefix 3/8 (end=28, n_frames=6/29): reward=-19.1250 (mean, 1 tok)
2026-04-30 18:32:25,789 mme_vla_suite.pseudo_labeling.topreward_qwen_scorer INFO: Prefix 4/8 (end=38, n_frames=8/39): reward=-18.1250 (mean, 1 tok)
2026-04-30 18:32:32,681 mme_vla_suite.pseudo_labeling.topreward_qwen_scorer INFO: Prefix 5/8 (end=49, n_frames=10/50): reward=-18.7500 (mean, 1 tok)
2026-04-30 18:32:39,582 mme_vla_suite.pseudo_labeling.topreward_qwen_scorer INFO: Prefix 6/8 (end=59, n_frames=12/60): reward=-18.6250 (mean, 1 tok)
2026-04-30 18:32:46,471 mme_vla_suite.pseudo_labeling.topreward_qwen_scorer INFO: Prefix 7/8 (end=69, n_frames=14/70): reward=-19.8750 (mean, 1 tok)
2026-04-30 18:32:53,372 mme_vla_suite.pseudo_labeling.topreward_qwen_scorer INFO: Prefix 8/8 (end=80, n_frames=16/81): reward=-18.5000 (mean, 1 tok)
2026-04-30 18:33:01,610 mme_vla_suite.pseudo_labeling.topreward_qwen_scorer INFO: Prefix 1/8 (end=11, n_frames=4/12): reward=-18.7500 (mean, 1 tok)
2026-04-30 18:33:08,507 mme_vla_suite.pseudo_labeling.topreward_qwen_scorer INFO: Prefix 2/8 (end=25, n_frames=5/26): reward=-18.3750 (mean, 1 tok)
2026-04-30 18:33:15,383 mme_vla_suite.pseudo_labeling.topreward_qwen_scorer INFO: Prefix 3/8 (end=40, n_frames=8/41): reward=-17.2500 (mean, 1 tok)
2026-04-30 18:33:22,261 mme_vla_suite.pseudo_labeling.topreward_qwen_scorer INFO: Prefix 4/8 (end=55, n_frames=11/56): reward=-16.1250 (mean, 1 tok)
2026-04-30 18:33:29,197 mme_vla_suite.pseudo_labeling.topreward_qwen_scorer INFO: Prefix 5/8 (end=69, n_frames=14/70): reward=-16.8750 (mean, 1 tok)
2026-04-30 18:33:36,150 mme_vla_suite.pseudo_labeling.topreward_qwen_scorer INFO: Prefix 6/8 (end=84, n_frames=17/85): reward=-17.3750 (mean, 1 tok)
2026-04-30 18:33:43,100 mme_vla_suite.pseudo_labeling.topreward_qwen_scorer INFO: Prefix 7/8 (end=99, n_frames=20/100): reward=-17.2500 (mean, 1 tok)
2026-04-30 18:33:50,078 mme_vla_suite.pseudo_labeling.topreward_qwen_scorer INFO: Prefix 8/8 (end=114, n_frames=23/115): reward=-15.7500 (mean, 1 tok)
2026-04-30 18:33:57,875 mme_vla_suite.pseudo_labeling.topreward_qwen_scorer INFO: Prefix 1/8 (end=8, n_frames=4/9): reward=-21.6250 (mean, 1 tok)
2026-04-30 18:34:04,734 mme_vla_suite.pseudo_labeling.topreward_qwen_scorer INFO: Prefix 2/8 (end=18, n_frames=4/19): reward=-19.1250 (mean, 1 tok)
2026-04-30 18:34:11,615 mme_vla_suite.pseudo_labeling.topreward_qwen_scorer INFO: Prefix 3/8 (end=28, n_frames=6/29): reward=-18.6250 (mean, 1 tok)
2026-04-30 18:34:18,495 mme_vla_suite.pseudo_labeling.topreward_qwen_scorer INFO: Prefix 4/8 (end=38, n_frames=8/39): reward=-20.8750 (mean, 1 tok)
2026-04-30 18:34:25,400 mme_vla_suite.pseudo_labeling.topreward_qwen_scorer INFO: Prefix 5/8 (end=48, n_frames=10/49): reward=-19.1250 (mean, 1 tok)
2026-04-30 18:34:32,311 mme_vla_suite.pseudo_labeling.topreward_qwen_scorer INFO: Prefix 6/8 (end=58, n_frames=12/59): reward=-17.6250 (mean, 1 tok)
2026-04-30 18:34:39,216 mme_vla_suite.pseudo_labeling.topreward_qwen_scorer INFO: Prefix 7/8 (end=68, n_frames=14/69): reward=-18.1250 (mean, 1 tok)
2026-04-30 18:34:46,131 mme_vla_suite.pseudo_labeling.topreward_qwen_scorer INFO: Prefix 8/8 (end=79, n_frames=16/80): reward=-18.7500 (mean, 1 tok)
2026-04-30 18:34:53,979 mme_vla_suite.pseudo_labeling.topreward_qwen_scorer INFO: Prefix 1/8 (end=9, n_frames=4/10): reward=-21.6250 (mean, 1 tok)
2026-04-30 18:35:00,833 mme_vla_suite.pseudo_labeling.topreward_qwen_scorer INFO: Prefix 2/8 (end=21, n_frames=4/22): reward=-19.1250 (mean, 1 tok)
2026-04-30 18:35:07,706 mme_vla_suite.pseudo_labeling.topreward_qwen_scorer INFO: Prefix 3/8 (end=33, n_frames=7/34): reward=-20.0000 (mean, 1 tok)
2026-04-30 18:35:14,603 mme_vla_suite.pseudo_labeling.topreward_qwen_scorer INFO: Prefix 4/8 (end=45, n_frames=9/46): reward=-19.1250 (mean, 1 tok)
2026-04-30 18:35:21,517 mme_vla_suite.pseudo_labeling.topreward_qwen_scorer INFO: Prefix 5/8 (end=57, n_frames=12/58): reward=-17.3750 (mean, 1 tok)
2026-04-30 18:35:28,389 mme_vla_suite.pseudo_labeling.topreward_qwen_scorer INFO: Prefix 6/8 (end=69, n_frames=14/70): reward=-19.0000 (mean, 1 tok)
2026-04-30 18:35:35,287 mme_vla_suite.pseudo_labeling.topreward_qwen_scorer INFO: Prefix 7/8 (end=81, n_frames=16/82): reward=-19.3750 (mean, 1 tok)
2026-04-30 18:35:42,221 mme_vla_suite.pseudo_labeling.topreward_qwen_scorer INFO: Prefix 8/8 (end=93, n_frames=19/94): reward=-18.3750 (mean, 1 tok)
2026-04-30 18:35:50,267 mme_vla_suite.pseudo_labeling.topreward_qwen_scorer INFO: Prefix 1/8 (end=11, n_frames=4/12): reward=-19.1250 (mean, 1 tok)
2026-04-30 18:35:57,155 mme_vla_suite.pseudo_labeling.topreward_qwen_scorer INFO: Prefix 2/8 (end=26, n_frames=5/27): reward=-19.7500 (mean, 1 tok)
2026-04-30 18:36:04,026 mme_vla_suite.pseudo_labeling.topreward_qwen_scorer INFO: Prefix 3/8 (end=41, n_frames=8/42): reward=-17.1250 (mean, 1 tok)
2026-04-30 18:36:10,955 mme_vla_suite.pseudo_labeling.topreward_qwen_scorer INFO: Prefix 4/8 (end=56, n_frames=11/57): reward=-16.2500 (mean, 1 tok)
2026-04-30 18:36:17,860 mme_vla_suite.pseudo_labeling.topreward_qwen_scorer INFO: Prefix 5/8 (end=71, n_frames=14/72): reward=-16.0000 (mean, 1 tok)
2026-04-30 18:36:24,793 mme_vla_suite.pseudo_labeling.topreward_qwen_scorer INFO: Prefix 6/8 (end=86, n_frames=17/87): reward=-15.8750 (mean, 1 tok)
2026-04-30 18:36:31,734 mme_vla_suite.pseudo_labeling.topreward_qwen_scorer INFO: Prefix 7/8 (end=101, n_frames=20/102): reward=-16.1250 (mean, 1 tok)
2026-04-30 18:36:38,719 mme_vla_suite.pseudo_labeling.topreward_qwen_scorer INFO: Prefix 8/8 (end=117, n_frames=24/118): reward=-15.7500 (mean, 1 tok)
2026-04-30 18:36:46,357 mme_vla_suite.pseudo_labeling.topreward_qwen_scorer INFO: Prefix 1/8 (end=6, n_frames=4/7): reward=-19.7500 (mean, 1 tok)
2026-04-30 18:36:53,221 mme_vla_suite.pseudo_labeling.topreward_qwen_scorer INFO: Prefix 2/8 (end=14, n_frames=4/15): reward=-19.6250 (mean, 1 tok)
2026-04-30 18:37:00,096 mme_vla_suite.pseudo_labeling.topreward_qwen_scorer INFO: Prefix 3/8 (end=23, n_frames=5/24): reward=-19.1250 (mean, 1 tok)
2026-04-30 18:37:06,982 mme_vla_suite.pseudo_labeling.topreward_qwen_scorer INFO: Prefix 4/8 (end=31, n_frames=6/32): reward=-19.0000 (mean, 1 tok)
2026-04-30 18:37:13,865 mme_vla_suite.pseudo_labeling.topreward_qwen_scorer INFO: Prefix 5/8 (end=40, n_frames=8/41): reward=-19.1250 (mean, 1 tok)
2026-04-30 18:37:20,749 mme_vla_suite.pseudo_labeling.topreward_qwen_scorer INFO: Prefix 6/8 (end=48, n_frames=10/49): reward=-17.7500 (mean, 1 tok)
2026-04-30 18:37:27,650 mme_vla_suite.pseudo_labeling.topreward_qwen_scorer INFO: Prefix 7/8 (end=57, n_frames=12/58): reward=-19.6250 (mean, 1 tok)
2026-04-30 18:37:34,545 mme_vla_suite.pseudo_labeling.topreward_qwen_scorer INFO: Prefix 8/8 (end=66, n_frames=13/67): reward=-18.8750 (mean, 1 tok)
2026-04-30 18:37:42,416 mme_vla_suite.pseudo_labeling.topreward_qwen_scorer INFO: Prefix 1/8 (end=8, n_frames=4/9): reward=-20.0000 (mean, 1 tok)
2026-04-30 18:37:49,290 mme_vla_suite.pseudo_labeling.topreward_qwen_scorer INFO: Prefix 2/8 (end=18, n_frames=4/19): reward=-19.2500 (mean, 1 tok)
2026-04-30 18:37:56,152 mme_vla_suite.pseudo_labeling.topreward_qwen_scorer INFO: Prefix 3/8 (end=29, n_frames=6/30): reward=-18.7500 (mean, 1 tok)
2026-04-30 18:38:03,029 mme_vla_suite.pseudo_labeling.topreward_qwen_scorer INFO: Prefix 4/8 (end=40, n_frames=8/41): reward=-19.1250 (mean, 1 tok)
2026-04-30 18:38:09,896 mme_vla_suite.pseudo_labeling.topreward_qwen_scorer INFO: Prefix 5/8 (end=50, n_frames=10/51): reward=-18.2500 (mean, 1 tok)
2026-04-30 18:38:16,963 mme_vla_suite.pseudo_labeling.topreward_qwen_scorer INFO: Prefix 6/8 (end=61, n_frames=12/62): reward=-19.3750 (mean, 1 tok)
2026-04-30 18:38:23,860 mme_vla_suite.pseudo_labeling.topreward_qwen_scorer INFO: Prefix 7/8 (end=72, n_frames=15/73): reward=-18.8750 (mean, 1 tok)
2026-04-30 18:38:30,888 mme_vla_suite.pseudo_labeling.topreward_qwen_scorer INFO: Prefix 8/8 (end=83, n_frames=17/84): reward=-19.1250 (mean, 1 tok)
2026-04-30 18:38:39,130 mme_vla_suite.pseudo_labeling.topreward_qwen_scorer INFO: Prefix 1/8 (end=11, n_frames=4/12): reward=-19.1250 (mean, 1 tok)
2026-04-30 18:38:46,034 mme_vla_suite.pseudo_labeling.topreward_qwen_scorer INFO: Prefix 2/8 (end=25, n_frames=5/26): reward=-19.2500 (mean, 1 tok)
2026-04-30 18:38:52,930 mme_vla_suite.pseudo_labeling.topreward_qwen_scorer INFO: Prefix 3/8 (end=39, n_frames=8/40): reward=-16.8750 (mean, 1 tok)
2026-04-30 18:38:59,826 mme_vla_suite.pseudo_labeling.topreward_qwen_scorer INFO: Prefix 4/8 (end=53, n_frames=11/54): reward=-15.8750 (mean, 1 tok)
2026-04-30 18:39:06,744 mme_vla_suite.pseudo_labeling.topreward_qwen_scorer INFO: Prefix 5/8 (end=68, n_frames=14/69): reward=-16.5000 (mean, 1 tok)
2026-04-30 18:39:13,654 mme_vla_suite.pseudo_labeling.topreward_qwen_scorer INFO: Prefix 6/8 (end=82, n_frames=17/83): reward=-16.1250 (mean, 1 tok)
2026-04-30 18:39:20,567 mme_vla_suite.pseudo_labeling.topreward_qwen_scorer INFO: Prefix 7/8 (end=96, n_frames=19/97): reward=-15.1250 (mean, 1 tok)
2026-04-30 18:39:27,500 mme_vla_suite.pseudo_labeling.topreward_qwen_scorer INFO: Prefix 8/8 (end=111, n_frames=22/112): reward=-15.2500 (mean, 1 tok)
2026-04-30 18:39:35,679 mme_vla_suite.pseudo_labeling.topreward_qwen_scorer INFO: Prefix 1/8 (end=8, n_frames=4/9): reward=-19.1250 (mean, 1 tok)
2026-04-30 18:39:42,507 mme_vla_suite.pseudo_labeling.topreward_qwen_scorer INFO: Prefix 2/8 (end=19, n_frames=4/20): reward=-19.0000 (mean, 1 tok)
2026-04-30 18:39:49,349 mme_vla_suite.pseudo_labeling.topreward_qwen_scorer INFO: Prefix 3/8 (end=30, n_frames=6/31): reward=-19.6250 (mean, 1 tok)
2026-04-30 18:39:56,203 mme_vla_suite.pseudo_labeling.topreward_qwen_scorer INFO: Prefix 4/8 (end=41, n_frames=8/42): reward=-20.1250 (mean, 1 tok)
2026-04-30 18:40:03,053 mme_vla_suite.pseudo_labeling.topreward_qwen_scorer INFO: Prefix 5/8 (end=52, n_frames=11/53): reward=-18.7500 (mean, 1 tok)
2026-04-30 18:40:09,957 mme_vla_suite.pseudo_labeling.topreward_qwen_scorer INFO: Prefix 6/8 (end=63, n_frames=13/64): reward=-18.5000 (mean, 1 tok)
2026-04-30 18:40:16,864 mme_vla_suite.pseudo_labeling.topreward_qwen_scorer INFO: Prefix 7/8 (end=74, n_frames=15/75): reward=-18.0000 (mean, 1 tok)
2026-04-30 18:40:23,779 mme_vla_suite.pseudo_labeling.topreward_qwen_scorer INFO: Prefix 8/8 (end=86, n_frames=17/87): reward=-18.1250 (mean, 1 tok)
2026-04-30 18:40:31,736 mme_vla_suite.pseudo_labeling.topreward_qwen_scorer INFO: Prefix 1/8 (end=10, n_frames=4/11): reward=-19.3750 (mean, 1 tok)
2026-04-30 18:40:38,596 mme_vla_suite.pseudo_labeling.topreward_qwen_scorer INFO: Prefix 2/8 (end=22, n_frames=5/23): reward=-19.3750 (mean, 1 tok)
2026-04-30 18:40:45,460 mme_vla_suite.pseudo_labeling.topreward_qwen_scorer INFO: Prefix 3/8 (end=35, n_frames=7/36): reward=-19.0000 (mean, 1 tok)
2026-04-30 18:40:52,349 mme_vla_suite.pseudo_labeling.topreward_qwen_scorer INFO: Prefix 4/8 (end=48, n_frames=10/49): reward=-19.0000 (mean, 1 tok)
2026-04-30 18:40:59,244 mme_vla_suite.pseudo_labeling.topreward_qwen_scorer INFO: Prefix 5/8 (end=61, n_frames=12/62): reward=-18.1250 (mean, 1 tok)
2026-04-30 18:41:06,134 mme_vla_suite.pseudo_labeling.topreward_qwen_scorer INFO: Prefix 6/8 (end=74, n_frames=15/75): reward=-18.0000 (mean, 1 tok)
2026-04-30 18:41:13,022 mme_vla_suite.pseudo_labeling.topreward_qwen_scorer INFO: Prefix 7/8 (end=87, n_frames=18/88): reward=-17.6250 (mean, 1 tok)
2026-04-30 18:41:19,908 mme_vla_suite.pseudo_labeling.topreward_qwen_scorer INFO: Prefix 8/8 (end=100, n_frames=20/101): reward=-17.3750 (mean, 1 tok)
2026-04-30 18:41:27,624 mme_vla_suite.pseudo_labeling.topreward_qwen_scorer INFO: Prefix 1/8 (end=11, n_frames=4/12): reward=-19.7500 (mean, 1 tok)
2026-04-30 18:41:34,470 mme_vla_suite.pseudo_labeling.topreward_qwen_scorer INFO: Prefix 2/8 (end=25, n_frames=5/26): reward=-19.6250 (mean, 1 tok)
2026-04-30 18:41:41,317 mme_vla_suite.pseudo_labeling.topreward_qwen_scorer INFO: Prefix 3/8 (end=40, n_frames=8/41): reward=-18.2500 (mean, 1 tok)
2026-04-30 18:41:48,209 mme_vla_suite.pseudo_labeling.topreward_qwen_scorer INFO: Prefix 4/8 (end=55, n_frames=11/56): reward=-17.0000 (mean, 1 tok)
2026-04-30 18:41:55,097 mme_vla_suite.pseudo_labeling.topreward_qwen_scorer INFO: Prefix 5/8 (end=69, n_frames=14/70): reward=-17.7500 (mean, 1 tok)
2026-04-30 18:42:02,045 mme_vla_suite.pseudo_labeling.topreward_qwen_scorer INFO: Prefix 6/8 (end=84, n_frames=17/85): reward=-17.5000 (mean, 1 tok)
2026-04-30 18:42:08,984 mme_vla_suite.pseudo_labeling.topreward_qwen_scorer INFO: Prefix 7/8 (end=99, n_frames=20/100): reward=-16.7500 (mean, 1 tok)
2026-04-30 18:42:15,950 mme_vla_suite.pseudo_labeling.topreward_qwen_scorer INFO: Prefix 8/8 (end=114, n_frames=23/115): reward=-17.1250 (mean, 1 tok)
2026-04-30 18:42:23,887 mme_vla_suite.pseudo_labeling.topreward_qwen_scorer INFO: Prefix 1/8 (end=7, n_frames=4/8): reward=-21.5000 (mean, 1 tok)
2026-04-30 18:42:30,707 mme_vla_suite.pseudo_labeling.topreward_qwen_scorer INFO: Prefix 2/8 (end=15, n_frames=4/16): reward=-21.1250 (mean, 1 tok)
2026-04-30 18:42:37,564 mme_vla_suite.pseudo_labeling.topreward_qwen_scorer INFO: Prefix 3/8 (end=24, n_frames=5/25): reward=-21.7500 (mean, 1 tok)
2026-04-30 18:42:44,447 mme_vla_suite.pseudo_labeling.topreward_qwen_scorer INFO: Prefix 4/8 (end=33, n_frames=7/34): reward=-20.7500 (mean, 1 tok)
2026-04-30 18:42:51,321 mme_vla_suite.pseudo_labeling.topreward_qwen_scorer INFO: Prefix 5/8 (end=42, n_frames=9/43): reward=-20.2500 (mean, 1 tok)
2026-04-30 18:42:58,191 mme_vla_suite.pseudo_labeling.topreward_qwen_scorer INFO: Prefix 6/8 (end=51, n_frames=10/52): reward=-20.2500 (mean, 1 tok)
2026-04-30 18:43:05,083 mme_vla_suite.pseudo_labeling.topreward_qwen_scorer INFO: Prefix 7/8 (end=60, n_frames=12/61): reward=-18.8750 (mean, 1 tok)
2026-04-30 18:43:11,980 mme_vla_suite.pseudo_labeling.topreward_qwen_scorer INFO: Prefix 8/8 (end=69, n_frames=14/70): reward=-20.1250 (mean, 1 tok)
2026-04-30 18:43:19,802 mme_vla_suite.pseudo_labeling.topreward_qwen_scorer INFO: Prefix 1/8 (end=9, n_frames=4/10): reward=-20.1250 (mean, 1 tok)
2026-04-30 18:43:26,673 mme_vla_suite.pseudo_labeling.topreward_qwen_scorer INFO: Prefix 2/8 (end=20, n_frames=4/21): reward=-20.0000 (mean, 1 tok)
2026-04-30 18:43:33,546 mme_vla_suite.pseudo_labeling.topreward_qwen_scorer INFO: Prefix 3/8 (end=31, n_frames=6/32): reward=-21.1250 (mean, 1 tok)
2026-04-30 18:43:40,444 mme_vla_suite.pseudo_labeling.topreward_qwen_scorer INFO: Prefix 4/8 (end=43, n_frames=9/44): reward=-20.1250 (mean, 1 tok)
2026-04-30 18:43:47,340 mme_vla_suite.pseudo_labeling.topreward_qwen_scorer INFO: Prefix 5/8 (end=54, n_frames=11/55): reward=-19.7500 (mean, 1 tok)
2026-04-30 18:43:54,234 mme_vla_suite.pseudo_labeling.topreward_qwen_scorer INFO: Prefix 6/8 (end=66, n_frames=13/67): reward=-19.1250 (mean, 1 tok)
2026-04-30 18:44:01,135 mme_vla_suite.pseudo_labeling.topreward_qwen_scorer INFO: Prefix 7/8 (end=77, n_frames=16/78): reward=-20.6250 (mean, 1 tok)
2026-04-30 18:44:08,063 mme_vla_suite.pseudo_labeling.topreward_qwen_scorer INFO: Prefix 8/8 (end=89, n_frames=18/90): reward=-21.2500 (mean, 1 tok)
2026-04-30 18:44:16,241 mme_vla_suite.pseudo_labeling.topreward_qwen_scorer INFO: Prefix 1/8 (end=11, n_frames=4/12): reward=-19.3750 (mean, 1 tok)
2026-04-30 18:44:23,127 mme_vla_suite.pseudo_labeling.topreward_qwen_scorer INFO: Prefix 2/8 (end=25, n_frames=5/26): reward=-19.2500 (mean, 1 tok)
2026-04-30 18:44:29,972 mme_vla_suite.pseudo_labeling.topreward_qwen_scorer INFO: Prefix 3/8 (end=40, n_frames=8/41): reward=-17.2500 (mean, 1 tok)
2026-04-30 18:44:36,850 mme_vla_suite.pseudo_labeling.topreward_qwen_scorer INFO: Prefix 4/8 (end=55, n_frames=11/56): reward=-16.1250 (mean, 1 tok)
2026-04-30 18:44:43,721 mme_vla_suite.pseudo_labeling.topreward_qwen_scorer INFO: Prefix 5/8 (end=70, n_frames=14/71): reward=-16.7500 (mean, 1 tok)
2026-04-30 18:44:50,656 mme_vla_suite.pseudo_labeling.topreward_qwen_scorer INFO: Prefix 6/8 (end=85, n_frames=17/86): reward=-16.8750 (mean, 1 tok)
2026-04-30 18:44:57,621 mme_vla_suite.pseudo_labeling.topreward_qwen_scorer INFO: Prefix 7/8 (end=100, n_frames=20/101): reward=-16.5000 (mean, 1 tok)
2026-04-30 18:45:04,593 mme_vla_suite.pseudo_labeling.topreward_qwen_scorer INFO: Prefix 8/8 (end=115, n_frames=23/116): reward=-17.2500 (mean, 1 tok)
2026-04-30 18:45:12,610 mme_vla_suite.pseudo_labeling.topreward_qwen_scorer INFO: Prefix 1/8 (end=6, n_frames=4/7): reward=-20.5000 (mean, 1 tok)
2026-04-30 18:45:19,461 mme_vla_suite.pseudo_labeling.topreward_qwen_scorer INFO: Prefix 2/8 (end=14, n_frames=4/15): reward=-20.2500 (mean, 1 tok)
2026-04-30 18:45:26,306 mme_vla_suite.pseudo_labeling.topreward_qwen_scorer INFO: Prefix 3/8 (end=23, n_frames=5/24): reward=-19.2500 (mean, 1 tok)
2026-04-30 18:45:33,165 mme_vla_suite.pseudo_labeling.topreward_qwen_scorer INFO: Prefix 4/8 (end=32, n_frames=7/33): reward=-20.3750 (mean, 1 tok)
2026-04-30 18:45:40,023 mme_vla_suite.pseudo_labeling.topreward_qwen_scorer INFO: Prefix 5/8 (end=41, n_frames=8/42): reward=-19.6250 (mean, 1 tok)
2026-04-30 18:45:46,902 mme_vla_suite.pseudo_labeling.topreward_qwen_scorer INFO: Prefix 6/8 (end=50, n_frames=10/51): reward=-19.2500 (mean, 1 tok)
2026-04-30 18:45:53,794 mme_vla_suite.pseudo_labeling.topreward_qwen_scorer INFO: Prefix 7/8 (end=59, n_frames=12/60): reward=-18.6250 (mean, 1 tok)
2026-04-30 18:46:00,689 mme_vla_suite.pseudo_labeling.topreward_qwen_scorer INFO: Prefix 8/8 (end=68, n_frames=14/69): reward=-18.6250 (mean, 1 tok)
2026-04-30 18:46:08,677 mme_vla_suite.pseudo_labeling.topreward_qwen_scorer INFO: Prefix 1/8 (end=8, n_frames=4/9): reward=-20.5000 (mean, 1 tok)
2026-04-30 18:46:15,518 mme_vla_suite.pseudo_labeling.topreward_qwen_scorer INFO: Prefix 2/8 (end=19, n_frames=4/20): reward=-21.0000 (mean, 1 tok)
2026-04-30 18:46:22,371 mme_vla_suite.pseudo_labeling.topreward_qwen_scorer INFO: Prefix 3/8 (end=30, n_frames=6/31): reward=-20.7500 (mean, 1 tok)
2026-04-30 18:46:29,230 mme_vla_suite.pseudo_labeling.topreward_qwen_scorer INFO: Prefix 4/8 (end=41, n_frames=8/42): reward=-19.6250 (mean, 1 tok)
2026-04-30 18:46:36,083 mme_vla_suite.pseudo_labeling.topreward_qwen_scorer INFO: Prefix 5/8 (end=52, n_frames=11/53): reward=-18.8750 (mean, 1 tok)
2026-04-30 18:46:42,951 mme_vla_suite.pseudo_labeling.topreward_qwen_scorer INFO: Prefix 6/8 (end=63, n_frames=13/64): reward=-19.1250 (mean, 1 tok)
2026-04-30 18:46:49,840 mme_vla_suite.pseudo_labeling.topreward_qwen_scorer INFO: Prefix 7/8 (end=74, n_frames=15/75): reward=-17.7500 (mean, 1 tok)
2026-04-30 18:46:56,769 mme_vla_suite.pseudo_labeling.topreward_qwen_scorer INFO: Prefix 8/8 (end=86, n_frames=17/87): reward=-18.8750 (mean, 1 tok)
