===== TOPReward Labeling =====
SLURM_JOB_ID:       3035683
SLURM_ARRAY_TASK_ID: 12
TASK:                VideoPlaceOrder
HOSTNAME:            randotron.cc.gatech.edu
GPU:                 NVIDIA A40
STARTED:             Thu Apr 30 02:01:37 PM EDT 2026
==============================
============================================================
Step 1: Sampling episodes
============================================================
  Task: VideoPlaceOrder, sampling 100 episodes
  H5: data/robomme_data_h5/record_dataset_VideoPlaceOrder.h5
  Sampled episodes: [0, 1, 2, 3, 4, 5, 6, 7, 8, 9, 10, 11, 12, 13, 14, 15, 16, 17, 18, 19, 20, 21, 22, 23, 24, 25, 26, 27, 28, 29, 30, 31, 32, 33, 34, 35, 36, 37, 38, 39, 40, 41, 42, 43, 44, 45, 46, 47, 48, 49, 50, 51, 52, 53, 54, 55, 56, 57, 58, 59, 60, 61, 62, 63, 64, 65, 66, 67, 68, 69, 70, 71, 72, 73, 74, 75, 76, 77, 78, 79, 80, 81, 82, 83, 84, 85, 86, 87, 88, 89, 90, 91, 92, 93, 94, 95, 96, 97, 98, 99]
  Found 300 subtask segments

============================================================
Step 2: Loading Qwen VL model
============================================================
  Model: Qwen/Qwen3-VL-8B-Instruct
  Device: cuda, dtype: auto

============================================================
Step 3: Processing 300 segments
============================================================

--- Segment 1/300 ---

============================================================
Segment: VideoPlaceOrder_ep0_f940-1117
  Subtask: pick up the cube
  Frames: 940 - 1117
============================================================
  Loaded 178 frames
  Prefix scoring: 55.3s
  Rewards: [0.02, 0.0, 0.68, 0.7, 0.66, 0.64, 0.85, 1.0]
  Failed regions: []
  Successful interval: 123-177
  Keyframes: [0, 123, 167, 177]
  Success detected: True
  Confidence: 0.63

--- Segment 2/300 ---

============================================================
Segment: VideoPlaceOrder_ep0_f1118-1187
  Subtask: place the cube onto the correct target
  Frames: 1118 - 1187
============================================================
  Loaded 70 frames
  Prefix scoring: 53.8s
  Rewards: [0.8, 0.8, 0.4, 0.4, 0.6, 1.0, 0.0, 0.2]
  Failed regions: [[15, 33], [15, 42]]
  Successful interval: 30-51
  Keyframes: [3, 30, 43, 51, 69]
  Success detected: True
  Confidence: 0.73

--- Segment 3/300 ---

============================================================
Segment: VideoPlaceOrder_ep0_f1118-1199
  Subtask: place the cube onto the correct target
  Frames: 1118 - 1199
============================================================
  Loaded 82 frames
  Prefix scoring: 54.0s
  Rewards: [0.42, 0.74, 1.0, 0.74, 0.84, 0.63, 0.42, 0.0]
  Failed regions: [[28, 49]]
  Successful interval: 35-49
  Keyframes: [3, 35, 42, 49, 81]
  Success detected: True
  Confidence: 0.43

--- Segment 4/300 ---

============================================================
Segment: VideoPlaceOrder_ep1_f1105-1285
  Subtask: pick up the cube
  Frames: 1105 - 1285
============================================================
  Loaded 181 frames
  Prefix scoring: 54.6s
  Rewards: [0.0, 0.22, 0.53, 0.66, 0.69, 0.53, 0.94, 1.0]
  Failed regions: [[110, 156]]
  Successful interval: 124-180
  Keyframes: [0, 124, 135, 180]
  Success detected: True
  Confidence: 0.67

--- Segment 5/300 ---

============================================================
Segment: VideoPlaceOrder_ep1_f1286-1353
  Subtask: place the cube onto the correct target
  Frames: 1286 - 1353
============================================================
  Loaded 68 frames
  Prefix scoring: 53.9s
  Rewards: [0.12, 0.41, 0.18, 0.0, 0.29, 1.0, 0.71, 0.65]
  Failed regions: [[14, 40]]
  Successful interval: 29-49
  Keyframes: [0, 29, 42, 49, 67]
  Success detected: True
  Confidence: 0.92

--- Segment 6/300 ---

============================================================
Segment: VideoPlaceOrder_ep1_f1286-1366
  Subtask: place the cube onto the correct target
  Frames: 1286 - 1366
============================================================
  Loaded 81 frames
  Prefix scoring: 53.8s
  Rewards: [0.5, 0.25, 0.0, 0.38, 1.0, 0.94, 0.31, 0.81]
  Failed regions: [[8, 49], [49, 80]]
  Successful interval: 65-80
  Keyframes: [0, 65, 72, 80]
  Success detected: True
  Confidence: 0.58

--- Segment 7/300 ---

============================================================
Segment: VideoPlaceOrder_ep2_f957-1137
  Subtask: pick up the cube
  Frames: 957 - 1137
============================================================
  Loaded 181 frames
  Prefix scoring: 54.6s
  Rewards: [0.0, 0.2, 0.63, 0.56, 0.51, 0.46, 0.54, 1.0]
  Failed regions: [[64, 156]]
  Successful interval: 124-180
  Keyframes: [0, 124, 135, 180]
  Success detected: True
  Confidence: 0.72

--- Segment 8/300 ---

============================================================
Segment: VideoPlaceOrder_ep2_f1138-1205
  Subtask: place the cube onto the correct target
  Frames: 1138 - 1205
============================================================
  Loaded 68 frames
  Prefix scoring: 53.9s
  Rewards: [0.47, 0.0, 0.2, 0.27, 0.6, 0.73, 0.13, 1.0]
  Failed regions: [[6, 49], [49, 67]]
  Successful interval: 55-67
  Keyframes: [0, 55, 67]
  Success detected: True
  Confidence: 0.86

--- Segment 9/300 ---

============================================================
Segment: VideoPlaceOrder_ep2_f1138-1221
  Subtask: place the cube onto the correct target
  Frames: 1138 - 1221
============================================================
  Loaded 84 frames
  Prefix scoring: 54.0s
  Rewards: [0.33, 0.5, 0.5, 0.5, 0.25, 0.0, 1.0, 1.0]
  Failed regions: [[40, 72]]
  Successful interval: 57-72
  Keyframes: [0, 57, 72, 73, 83]
  Success detected: True
  Confidence: 0.90

--- Segment 10/300 ---

============================================================
Segment: VideoPlaceOrder_ep3_f1124-1318
  Subtask: pick up the cube
  Frames: 1124 - 1318
============================================================
  Loaded 195 frames
  Prefix scoring: 54.5s
  Rewards: [0.0, 0.49, 0.35, 0.24, 0.37, 0.61, 0.61, 1.0]
  Failed regions: [[44, 144]]
  Successful interval: 160-194
  Keyframes: [0, 160, 184, 194]
  Success detected: True
  Confidence: 0.66

--- Segment 11/300 ---

============================================================
Segment: VideoPlaceOrder_ep3_f1319-1394
  Subtask: place the cube onto the correct target
  Frames: 1319 - 1394
============================================================
  Loaded 76 frames
  Prefix scoring: 54.0s
  Rewards: [0.25, 0.44, 0.34, 0.34, 0.53, 0.44, 0.0, 1.0]
  Failed regions: [[16, 45], [16, 45], [45, 75]]
  Successful interval: 62-75
  Keyframes: [0, 62, 75]
  Success detected: True
  Confidence: 0.92

--- Segment 12/300 ---

============================================================
Segment: VideoPlaceOrder_ep3_f1319-1407
  Subtask: place the cube onto the correct target
  Frames: 1319 - 1407
============================================================
  Loaded 89 frames
  Prefix scoring: 54.1s
  Rewards: [0.22, 0.28, 0.0, 0.53, 0.5, 0.0, 1.0, 0.59]
  Failed regions: [[19, 42], [42, 76]]
  Successful interval: 61-76
  Keyframes: [0, 61, 76, 77, 88]
  Success detected: True
  Confidence: 0.92

--- Segment 13/300 ---

============================================================
Segment: VideoPlaceOrder_ep4_f1118-1326
  Subtask: pick up the cube
  Frames: 1118 - 1326
============================================================
  Loaded 209 frames
  Prefix scoring: 54.8s
  Rewards: [0.0, 0.4, 0.52, 0.44, 0.52, 0.72, 0.56, 1.0]
  Failed regions: [[73, 154], [154, 208]]
  Successful interval: 171-208
  Keyframes: [0, 171, 197, 208]
  Success detected: True
  Confidence: 0.67

--- Segment 14/300 ---

============================================================
Segment: VideoPlaceOrder_ep4_f1327-1395
  Subtask: place the cube onto the correct target
  Frames: 1327 - 1395
============================================================
  Loaded 69 frames
  Prefix scoring: 54.0s
  Rewards: [0.28, 0.0, 0.8, 0.8, 0.8, 1.0, 0.72, 0.4]
  Failed regions: [[6, 23]]
  Successful interval: 38-50
  Keyframes: [1, 38, 39, 50, 68]
  Success detected: True
  Confidence: 0.56

--- Segment 15/300 ---

============================================================
Segment: VideoPlaceOrder_ep4_f1327-1410
  Subtask: place the cube onto the correct target
  Frames: 1327 - 1410
============================================================
  Loaded 84 frames
  Prefix scoring: 54.1s
  Rewards: [0.0, 0.0, 0.5, 0.61, 1.0, 0.67, 0.5, 0.44]
  Failed regions: []
  Successful interval: 14-50
  Keyframes: [1, 14, 39, 50, 83]
  Success detected: True
  Confidence: 0.91

--- Segment 16/300 ---

============================================================
Segment: VideoPlaceOrder_ep5_f762-971
  Subtask: pick up the cube
  Frames: 762 - 971
============================================================
  Loaded 210 frames
  Prefix scoring: 54.7s
  Rewards: [0.0, 0.43, 0.55, 0.51, 0.45, 0.71, 0.75, 1.0]
  Failed regions: [[74, 155]]
  Successful interval: 118-209
  Keyframes: [0, 118, 164, 209]
  Success detected: True
  Confidence: 0.71

--- Segment 17/300 ---

============================================================
Segment: VideoPlaceOrder_ep5_f972-1040
  Subtask: place the cube onto the correct target
  Frames: 972 - 1040
============================================================
  Loaded 69 frames
  Prefix scoring: 54.2s
  Rewards: [0.0, 0.05, 0.5, 0.45, 0.41, 0.91, 1.0, 0.5]
  Failed regions: [[23, 50]]
  Successful interval: 38-59
  Keyframes: [1, 38, 39, 59, 68]
  Success detected: True
  Confidence: 0.74

--- Segment 18/300 ---

============================================================
Segment: VideoPlaceOrder_ep5_f972-1057
  Subtask: place the cube onto the correct target
  Frames: 972 - 1057
============================================================
  Loaded 86 frames
  Prefix scoring: 53.8s
  Rewards: [0.0, 0.35, 0.35, 0.29, 0.94, 0.47, 1.0, 1.0]
  Failed regions: [[52, 74]]
  Successful interval: 59-74
  Keyframes: [1, 59, 72, 74, 85]
  Success detected: True
  Confidence: 0.70

--- Segment 19/300 ---

============================================================
Segment: VideoPlaceOrder_ep6_f715-828
  Subtask: pick up the cube
  Frames: 715 - 828
============================================================
  Loaded 114 frames
  Prefix scoring: 54.5s
  Rewards: [0.08, 0.12, 0.5, 0.75, 0.58, 0.75, 0.0, 1.0]
  Failed regions: [[54, 83], [83, 113]]
  Successful interval: 93-113
  Keyframes: [0, 93, 103, 113]
  Success detected: True
  Confidence: 0.91

--- Segment 20/300 ---

============================================================
Segment: VideoPlaceOrder_ep6_f829-903
  Subtask: place the cube onto the correct target
  Frames: 829 - 903
============================================================
  Loaded 75 frames
  Prefix scoring: 53.8s
  Rewards: [0.61, 0.72, 0.0, 0.94, 0.44, 0.72, 0.83, 1.0]
  Failed regions: [[16, 35], [35, 54]]
  Successful interval: 42-74
  Keyframes: [2, 42, 49, 74]
  Success detected: True
  Confidence: 0.69

--- Segment 21/300 ---

============================================================
Segment: VideoPlaceOrder_ep6_f829-916
  Subtask: place the cube onto the correct target
  Frames: 829 - 916
============================================================
  Loaded 88 frames
  Prefix scoring: 54.1s
  Rewards: [0.24, 0.29, 0.0, 0.81, 0.1, 0.43, 0.62, 1.0]
  Failed regions: [[19, 41], [41, 64]]
  Successful interval: 49-87
  Keyframes: [0, 49, 50, 87]
  Success detected: True
  Confidence: 0.88

--- Segment 22/300 ---

============================================================
Segment: VideoPlaceOrder_ep7_f930-1042
  Subtask: pick up the cube
  Frames: 930 - 1042
============================================================
  Loaded 113 frames
  Prefix scoring: 54.3s
  Rewards: [0.0, 0.07, 0.33, 0.74, 0.63, 1.0, 0.41, 0.96]
  Failed regions: [[54, 83], [83, 112]]
  Successful interval: 92-112
  Keyframes: [0, 92, 102, 112]
  Success detected: True
  Confidence: 0.70

--- Segment 23/300 ---

============================================================
Segment: VideoPlaceOrder_ep7_f1043-1112
  Subtask: place the cube onto the correct target
  Frames: 1043 - 1112
============================================================
  Loaded 70 frames
  Prefix scoring: 54.1s
  Rewards: [0.29, 0.0, 0.29, 0.61, 0.57, 0.57, 0.61, 1.0]
  Failed regions: [[7, 33]]
  Successful interval: 48-69
  Keyframes: [1, 48, 69]
  Success detected: True
  Confidence: 0.67

--- Segment 24/300 ---

============================================================
Segment: VideoPlaceOrder_ep7_f1043-1130
  Subtask: place the cube onto the correct target
  Frames: 1043 - 1130
============================================================
  Loaded 88 frames
  Prefix scoring: 54.0s
  Rewards: [0.5, 0.0, 0.35, 0.35, 0.15, 0.75, 0.75, 1.0]
  Failed regions: [[8, 30], [41, 64]]
  Successful interval: 71-87
  Keyframes: [0, 71, 72, 87]
  Success detected: True
  Confidence: 0.60

--- Segment 25/300 ---

============================================================
Segment: VideoPlaceOrder_ep8_f942-1058
  Subtask: pick up the cube
  Frames: 942 - 1058
============================================================
  Loaded 117 frames
  Prefix scoring: 54.3s
  Rewards: [0.0, 0.07, 0.48, 0.78, 0.85, 0.81, 0.7, 1.0]
  Failed regions: [[71, 116]]
  Successful interval: 96-116
  Keyframes: [0, 96, 107, 116]
  Success detected: True
  Confidence: 0.60

--- Segment 26/300 ---

============================================================
Segment: VideoPlaceOrder_ep8_f1059-1126
  Subtask: place the cube onto the correct target
  Frames: 1059 - 1126
============================================================
  Loaded 68 frames
  Prefix scoring: 53.9s
  Rewards: [0.0, 0.7, 1.0, 0.2, 0.4, 1.0, 0.8, 0.9]
  Failed regions: [[23, 49], [49, 67]]
  Successful interval: 55-67
  Keyframes: [1, 55, 67]
  Success detected: True
  Confidence: 0.46

--- Segment 27/300 ---

============================================================
Segment: VideoPlaceOrder_ep8_f1059-1139
  Subtask: place the cube onto the correct target
  Frames: 1059 - 1139
============================================================
  Loaded 81 frames
  Prefix scoring: 54.0s
  Rewards: [0.07, 0.2, 0.53, 0.0, 0.67, 0.73, 0.27, 1.0]
  Failed regions: [[28, 59], [59, 80]]
  Successful interval: 65-80
  Keyframes: [0, 65, 72, 80]
  Success detected: True
  Confidence: 0.81

--- Segment 28/300 ---

============================================================
Segment: VideoPlaceOrder_ep9_f953-1070
  Subtask: pick up the cube
  Frames: 953 - 1070
============================================================
  Loaded 118 frames
  Prefix scoring: 54.1s
  Rewards: [0.06, 0.0, 0.77, 0.83, 0.71, 0.8, 0.91, 1.0]
  Failed regions: [[56, 86]]
  Successful interval: 66-117
  Keyframes: [0, 66, 106, 117]
  Success detected: True
  Confidence: 0.59

--- Segment 29/300 ---

============================================================
Segment: VideoPlaceOrder_ep9_f1071-1149
  Subtask: place the cube onto the correct target
  Frames: 1071 - 1149
============================================================
  Loaded 79 frames
  Prefix scoring: 53.9s
  Rewards: [0.17, 0.0, 0.83, 0.62, 0.54, 1.0, 1.0, 0.92]
  Failed regions: [[27, 57]]
  Successful interval: 44-57
  Keyframes: [1, 44, 55, 57, 78]
  Success detected: True
  Confidence: 0.66

--- Segment 30/300 ---

============================================================
Segment: VideoPlaceOrder_ep9_f1071-1164
  Subtask: place the cube onto the correct target
  Frames: 1071 - 1164
============================================================
  Loaded 94 frames
  Prefix scoring: 54.0s
  Rewards: [0.08, 0.04, 0.48, 0.0, 0.8, 0.72, 0.8, 1.0]
  Failed regions: [[33, 57], [57, 81]]
  Successful interval: 65-93
  Keyframes: [1, 65, 79, 93]
  Success detected: True
  Confidence: 0.61

--- Segment 31/300 ---

============================================================
Segment: VideoPlaceOrder_ep10_f1140-1252
  Subtask: pick up the cube
  Frames: 1140 - 1252
============================================================
  Loaded 113 frames
  Prefix scoring: 54.2s
  Rewards: [0.03, 0.0, 0.55, 0.97, 0.76, 0.9, 0.45, 1.0]
  Failed regions: [[54, 83], [83, 112]]
  Successful interval: 92-112
  Keyframes: [0, 92, 102, 112]
  Success detected: True
  Confidence: 0.70

--- Segment 32/300 ---

============================================================
Segment: VideoPlaceOrder_ep10_f1253-1323
  Subtask: place the cube onto the correct target
  Frames: 1253 - 1323
============================================================
  Loaded 71 frames
  Prefix scoring: 53.9s
  Rewards: [0.0, 0.5, 0.56, 1.0, 0.88, 0.38, 0.38, 0.06]
  Failed regions: []
  Successful interval: 4-34
  Keyframes: [0, 4, 14, 34, 51]
  Success detected: True
  Confidence: 0.91

--- Segment 33/300 ---

============================================================
Segment: VideoPlaceOrder_ep10_f1253-1341
  Subtask: place the cube onto the correct target
  Frames: 1253 - 1341
============================================================
  Loaded 89 frames
  Prefix scoring: 54.0s
  Rewards: [0.07, 0.14, 1.0, 0.93, 0.29, 0.0, 0.21, 0.57]
  Failed regions: []
  Successful interval: 4-30
  Keyframes: [1, 4, 14, 30, 52]
  Success detected: True
  Confidence: 0.89

--- Segment 34/300 ---

============================================================
Segment: VideoPlaceOrder_ep11_f1114-1228
  Subtask: pick up the cube
  Frames: 1114 - 1228
============================================================
  Loaded 115 frames
  Prefix scoring: 54.5s
  Rewards: [0.0, 0.07, 0.64, 1.0, 0.89, 0.82, 0.79, 0.96]
  Failed regions: [[55, 114]]
  Successful interval: 94-114
  Keyframes: [0, 94, 103, 114]
  Success detected: True
  Confidence: 0.52

--- Segment 35/300 ---

============================================================
Segment: VideoPlaceOrder_ep11_f1229-1297
  Subtask: place the cube onto the correct target
  Frames: 1229 - 1297
============================================================
  Loaded 69 frames
  Prefix scoring: 53.8s
  Rewards: [0.03, 0.0, 0.16, 0.25, 0.28, 1.0, 0.84, 0.75]
  Failed regions: []
  Successful interval: 11-50
  Keyframes: [3, 11, 16, 50, 68]
  Success detected: True
  Confidence: 0.92

--- Segment 36/300 ---

============================================================
Segment: VideoPlaceOrder_ep11_f1229-1310
  Subtask: place the cube onto the correct target
  Frames: 1229 - 1310
============================================================
  Loaded 82 frames
  Prefix scoring: 54.0s
  Rewards: [0.21, 0.23, 0.0, 0.51, 1.0, 0.82, 0.62, 0.64]
  Failed regions: []
  Successful interval: 24-49
  Keyframes: [3, 24, 44, 49, 81]
  Success detected: True
  Confidence: 0.90

--- Segment 37/300 ---

============================================================
Segment: VideoPlaceOrder_ep12_f903-1016
  Subtask: pick up the cube
  Frames: 903 - 1016
============================================================
  Loaded 114 frames
  Prefix scoring: 54.2s
  Rewards: [0.03, 0.0, 0.53, 0.76, 0.55, 0.66, 0.76, 1.0]
  Failed regions: [[54, 83]]
  Successful interval: 64-113
  Keyframes: [0, 64, 102, 113]
  Success detected: True
  Confidence: 0.67

--- Segment 38/300 ---

============================================================
Segment: VideoPlaceOrder_ep12_f1017-1101
  Subtask: place the cube onto the correct target
  Frames: 1017 - 1101
============================================================
  Loaded 85 frames
  Prefix scoring: 53.8s
  Rewards: [0.0, 0.18, 0.64, 0.09, 0.73, 1.0, 0.91, 0.64]
  Failed regions: [[29, 51]]
  Successful interval: 36-62
  Keyframes: [4, 36, 61, 62, 84]
  Success detected: True
  Confidence: 0.86

--- Segment 39/300 ---

============================================================
Segment: VideoPlaceOrder_ep12_f1017-1115
  Subtask: place the cube onto the correct target
  Frames: 1017 - 1115
============================================================
  Loaded 99 frames
  Prefix scoring: 54.3s
  Rewards: [0.05, 0.0, 0.74, 0.63, 0.68, 0.58, 0.42, 1.0]
  Failed regions: [[34, 59], [59, 98]]
  Successful interval: 81-98
  Keyframes: [0, 81, 85, 98]
  Success detected: True
  Confidence: 0.73

--- Segment 40/300 ---

============================================================
Segment: VideoPlaceOrder_ep13_f954-1070
  Subtask: pick up the cube
  Frames: 954 - 1070
============================================================
  Loaded 117 frames
  Prefix scoring: 54.0s
  Rewards: [0.03, 0.0, 0.43, 0.65, 0.7, 0.62, 0.81, 1.0]
  Failed regions: [[71, 101]]
  Successful interval: 81-116
  Keyframes: [0, 81, 104, 116]
  Success detected: True
  Confidence: 0.65

--- Segment 41/300 ---

============================================================
Segment: VideoPlaceOrder_ep13_f1071-1149
  Subtask: place the cube onto the correct target
  Frames: 1071 - 1149
============================================================
  Loaded 79 frames
  Prefix scoring: 54.1s
  Rewards: [0.0, 0.9, 0.1, 0.1, 0.6, 0.7, 0.1, 1.0]
  Failed regions: [[17, 57], [17, 57], [57, 78]]
  Successful interval: 64-78
  Keyframes: [2, 64, 78]
  Success detected: True
  Confidence: 0.87

--- Segment 42/300 ---

============================================================
Segment: VideoPlaceOrder_ep13_f1071-1163
  Subtask: place the cube onto the correct target
  Frames: 1071 - 1163
============================================================
  Loaded 93 frames
  Prefix scoring: 54.1s
  Rewards: [0.38, 0.0, 0.1, 0.62, 0.38, 0.67, 0.29, 1.0]
  Failed regions: [[9, 44], [44, 68], [68, 92]]
  Successful interval: 76-92
  Keyframes: [0, 76, 80, 92]
  Success detected: True
  Confidence: 0.80

--- Segment 43/300 ---

============================================================
Segment: VideoPlaceOrder_ep14_f1069-1186
  Subtask: pick up the cube
  Frames: 1069 - 1186
============================================================
  Loaded 118 frames
  Prefix scoring: 54.0s
  Rewards: [0.0, 0.0, 0.5, 0.95, 0.68, 0.5, 0.5, 1.0]
  Failed regions: [[56, 101], [56, 117]]
  Successful interval: 96-117
  Keyframes: [0, 96, 107, 117]
  Success detected: True
  Confidence: 0.70

--- Segment 44/300 ---

============================================================
Segment: VideoPlaceOrder_ep14_f1187-1257
  Subtask: place the cube onto the correct target
  Frames: 1187 - 1257
============================================================
  Loaded 71 frames
  Prefix scoring: 53.9s
  Rewards: [0.57, 0.0, 0.39, 0.0, 0.48, 0.48, 0.96, 1.0]
  Failed regions: [[7, 25], [25, 43]]
  Successful interval: 49-70
  Keyframes: [2, 49, 50, 70]
  Success detected: True
  Confidence: 0.71

--- Segment 45/300 ---

============================================================
Segment: VideoPlaceOrder_ep14_f1187-1270
  Subtask: place the cube onto the correct target
  Frames: 1187 - 1270
============================================================
  Loaded 84 frames
  Prefix scoring: 54.0s
  Rewards: [0.77, 0.27, 0.27, 0.0, 0.8, 0.73, 1.0, 0.93]
  Failed regions: [[8, 29], [29, 50]]
  Successful interval: 57-72
  Keyframes: [0, 57, 72, 73, 83]
  Success detected: True
  Confidence: 0.59

--- Segment 46/300 ---

============================================================
Segment: VideoPlaceOrder_ep15_f890-1007
  Subtask: pick up the cube
  Frames: 890 - 1007
============================================================
  Loaded 118 frames
  Prefix scoring: 54.3s
  Rewards: [0.0, 0.0, 0.44, 1.0, 0.62, 0.59, 0.47, 0.78]
  Failed regions: []
  Successful interval: 21-56
  Keyframes: [0, 21, 44, 56, 85]
  Success detected: True
  Confidence: 0.90

--- Segment 47/300 ---

============================================================
Segment: VideoPlaceOrder_ep15_f1008-1080
  Subtask: place the cube onto the correct target
  Frames: 1008 - 1080
============================================================
  Loaded 73 frames
  Prefix scoring: 53.9s
  Rewards: [0.05, 0.0, 0.86, 0.67, 0.95, 1.0, 0.9, 0.71]
  Failed regions: [[25, 44]]
  Successful interval: 31-53
  Keyframes: [2, 31, 42, 53, 72]
  Success detected: True
  Confidence: 0.60

--- Segment 48/300 ---

============================================================
Segment: VideoPlaceOrder_ep15_f1008-1098
  Subtask: place the cube onto the correct target
  Frames: 1008 - 1098
============================================================
  Loaded 91 frames
  Prefix scoring: 54.1s
  Rewards: [0.13, 0.0, 0.37, 0.6, 0.83, 0.47, 0.97, 1.0]
  Failed regions: [[55, 78]]
  Successful interval: 62-90
  Keyframes: [2, 62, 77, 90]
  Success detected: True
  Confidence: 0.70

--- Segment 49/300 ---

============================================================
Segment: VideoPlaceOrder_ep16_f702-814
  Subtask: pick up the cube
  Frames: 702 - 814
============================================================
  Loaded 113 frames
  Prefix scoring: 54.3s
  Rewards: [0.04, 0.0, 0.59, 0.89, 0.78, 0.81, 1.0, 0.93]
  Failed regions: [[54, 83]]
  Successful interval: 63-97
  Keyframes: [0, 63, 69, 97, 112]
  Success detected: True
  Confidence: 0.56

--- Segment 50/300 ---

============================================================
Segment: VideoPlaceOrder_ep16_f815-894
  Subtask: place the cube onto the correct target
  Frames: 815 - 894
============================================================
  Loaded 80 frames
  Prefix scoring: 53.8s
  Rewards: [0.21, 0.0, 0.14, 0.0, 0.79, 1.0, 0.71, 0.86]
  Failed regions: [[58, 79]]
  Successful interval: 64-79
  Keyframes: [2, 64, 79]
  Success detected: True
  Confidence: 0.48

--- Segment 51/300 ---

============================================================
Segment: VideoPlaceOrder_ep16_f815-909
  Subtask: place the cube onto the correct target
  Frames: 815 - 909
============================================================
  Loaded 95 frames
  Prefix scoring: 54.1s
  Rewards: [0.14, 0.0, 0.43, 1.0, 0.93, 1.0, 0.86, 0.36]
  Failed regions: []
  Successful interval: 53-69
  Keyframes: [2, 53, 56, 69, 93]
  Success detected: True
  Confidence: 0.51

--- Segment 52/300 ---

============================================================
Segment: VideoPlaceOrder_ep17_f964-1079
  Subtask: pick up the cube
  Frames: 964 - 1079
============================================================
  Loaded 116 frames
  Prefix scoring: 54.2s
  Rewards: [0.18, 0.0, 0.64, 0.92, 0.87, 0.92, 1.0, 0.82]
  Failed regions: []
  Successful interval: 65-100
  Keyframes: [0, 65, 72, 100, 115]
  Success detected: True
  Confidence: 0.52

--- Segment 53/300 ---

============================================================
Segment: VideoPlaceOrder_ep17_f1080-1146
  Subtask: place the cube onto the correct target
  Frames: 1080 - 1146
============================================================
  Loaded 67 frames
  Prefix scoring: 53.8s
  Rewards: [0.0, 0.17, 0.42, 1.0, 0.33, 0.92, 0.75, 1.0]
  Failed regions: [[31, 48], [48, 66]]
  Successful interval: 54-66
  Keyframes: [0, 54, 66]
  Success detected: True
  Confidence: 0.59

--- Segment 54/300 ---

============================================================
Segment: VideoPlaceOrder_ep17_f1080-1159
  Subtask: place the cube onto the correct target
  Frames: 1080 - 1159
============================================================
  Loaded 80 frames
  Prefix scoring: 54.2s
  Rewards: [0.2, 0.0, 1.0, 0.8, 0.93, 0.87, 0.4, 0.8]
  Failed regions: [[28, 48], [48, 79]]
  Successful interval: 64-79
  Keyframes: [0, 64, 71, 79]
  Success detected: True
  Confidence: 0.52

--- Segment 55/300 ---

============================================================
Segment: VideoPlaceOrder_ep18_f726-838
  Subtask: pick up the cube
  Frames: 726 - 838
============================================================
  Loaded 113 frames
  Prefix scoring: 54.0s
  Rewards: [0.0, 0.12, 0.69, 1.0, 0.56, 0.69, 0.31, 0.62]
  Failed regions: []
  Successful interval: 6-54
  Keyframes: [0, 6, 42, 54, 82]
  Success detected: True
  Confidence: 0.90

--- Segment 56/300 ---

============================================================
Segment: VideoPlaceOrder_ep18_f839-909
  Subtask: place the cube onto the correct target
  Frames: 839 - 909
============================================================
  Loaded 71 frames
  Prefix scoring: 54.2s
  Rewards: [0.44, 0.38, 0.0, 0.0, 0.31, 1.0, 0.19, 0.5]
  Failed regions: [[7, 34], [7, 43]]
  Successful interval: 31-52
  Keyframes: [3, 31, 48, 52, 70]
  Success detected: True
  Confidence: 0.93

--- Segment 57/300 ---

============================================================
Segment: VideoPlaceOrder_ep18_f839-922
  Subtask: place the cube onto the correct target
  Frames: 839 - 922
============================================================
  Loaded 84 frames
  Prefix scoring: 53.8s
  Rewards: [0.33, 0.71, 0.21, 0.0, 0.21, 0.29, 0.58, 1.0]
  Failed regions: [[18, 50]]
  Successful interval: 36-83
  Keyframes: [0, 36, 48, 83]
  Success detected: True
  Confidence: 0.92

--- Segment 58/300 ---

============================================================
Segment: VideoPlaceOrder_ep19_f913-1025
  Subtask: pick up the cube
  Frames: 913 - 1025
============================================================
  Loaded 113 frames
  Prefix scoring: 54.1s
  Rewards: [0.0, 0.17, 0.34, 0.86, 0.59, 0.72, 0.83, 1.0]
  Failed regions: [[54, 83]]
  Successful interval: 63-112
  Keyframes: [0, 63, 69, 112]
  Success detected: True
  Confidence: 0.65

--- Segment 59/300 ---

============================================================
Segment: VideoPlaceOrder_ep19_f1026-1094
  Subtask: place the cube onto the correct target
  Frames: 1026 - 1094
============================================================
  Loaded 69 frames
  Prefix scoring: 53.8s
  Rewards: [0.5, 0.57, 0.0, 0.21, 0.71, 0.79, 1.0, 0.43]
  Failed regions: [[14, 32]]
  Successful interval: 20-59
  Keyframes: [0, 20, 39, 59, 68]
  Success detected: True
  Confidence: 0.89

--- Segment 60/300 ---

============================================================
Segment: VideoPlaceOrder_ep19_f1026-1110
  Subtask: place the cube onto the correct target
  Frames: 1026 - 1110
============================================================
  Loaded 85 frames
  Prefix scoring: 54.0s
  Rewards: [0.56, 0.11, 0.0, 0.28, 1.0, 0.39, 0.56, 0.39]
  Failed regions: [[8, 40]]
  Successful interval: 25-51
  Keyframes: [0, 25, 39, 51, 84]
  Success detected: True
  Confidence: 0.92

--- Segment 61/300 ---

============================================================
Segment: VideoPlaceOrder_ep20_f776-888
  Subtask: pick up the cube
  Frames: 776 - 888
============================================================
  Loaded 113 frames
  Prefix scoring: 54.1s
  Rewards: [0.0, 0.0, 0.54, 0.84, 0.65, 0.86, 0.97, 1.0]
  Failed regions: [[54, 83]]
  Successful interval: 63-112
  Keyframes: [0, 63, 69, 112]
  Success detected: True
  Confidence: 0.62

--- Segment 62/300 ---

============================================================
Segment: VideoPlaceOrder_ep20_f889-957
  Subtask: place the cube onto the correct target
  Frames: 889 - 957
============================================================
  Loaded 69 frames
  Prefix scoring: 53.8s
  Rewards: [0.0, 0.19, 0.44, 0.0, 0.5, 1.0, 0.75, 0.44]
  Failed regions: [[23, 41]]
  Successful interval: 29-50
  Keyframes: [0, 29, 40, 50, 68]
  Success detected: True
  Confidence: 0.92

--- Segment 63/300 ---

============================================================
Segment: VideoPlaceOrder_ep20_f889-972
  Subtask: place the cube onto the correct target
  Frames: 889 - 972
============================================================
  Loaded 84 frames
  Prefix scoring: 54.2s
  Rewards: [0.0, 0.28, 0.33, 0.61, 1.0, 0.5, 0.78, 0.56]
  Failed regions: []
  Successful interval: 4-50
  Keyframes: [0, 4, 40, 50, 83]
  Success detected: True
  Confidence: 0.90

--- Segment 64/300 ---

============================================================
Segment: VideoPlaceOrder_ep21_f1105-1220
  Subtask: pick up the cube
  Frames: 1105 - 1220
============================================================
  Loaded 116 frames
  Prefix scoring: 54.2s
  Rewards: [0.13, 0.0, 0.58, 1.0, 0.9, 0.87, 0.71, 0.87]
  Failed regions: [[55, 115]]
  Successful interval: 95-115
  Keyframes: [0, 95, 105, 115]
  Success detected: True
  Confidence: 0.46

--- Segment 65/300 ---

============================================================
Segment: VideoPlaceOrder_ep21_f1221-1307
  Subtask: place the cube onto the correct target
  Frames: 1221 - 1307
============================================================
  Loaded 87 frames
  Prefix scoring: 54.2s
  Rewards: [0.0, 0.09, 0.23, 0.36, 1.0, 0.55, 0.77, 0.86]
  Failed regions: [[52, 74]]
  Successful interval: 59-86
  Keyframes: [2, 59, 60, 86]
  Success detected: True
  Confidence: 0.55

--- Segment 66/300 ---

============================================================
Segment: VideoPlaceOrder_ep21_f1221-1321
  Subtask: place the cube onto the correct target
  Frames: 1221 - 1321
============================================================
  Loaded 101 frames
  Prefix scoring: 54.1s
  Rewards: [0.0, 0.37, 0.11, 0.79, 0.58, 0.84, 1.0, 0.58]
  Failed regions: [[22, 48], [48, 74]]
  Successful interval: 56-87
  Keyframes: [2, 56, 60, 87, 100]
  Success detected: True
  Confidence: 0.66

--- Segment 67/300 ---

============================================================
Segment: VideoPlaceOrder_ep22_f1099-1211
  Subtask: pick up the cube
  Frames: 1099 - 1211
============================================================
  Loaded 113 frames
  Prefix scoring: 54.0s
  Rewards: [0.0, 0.07, 0.52, 0.7, 0.41, 0.7, 1.0, 0.7]
  Failed regions: [[54, 83]]
  Successful interval: 63-97
  Keyframes: [0, 63, 69, 97, 112]
  Success detected: True
  Confidence: 0.73

--- Segment 68/300 ---

============================================================
Segment: VideoPlaceOrder_ep22_f1212-1282
  Subtask: place the cube onto the correct target
  Frames: 1212 - 1282
============================================================
  Loaded 71 frames
  Prefix scoring: 53.7s
  Rewards: [0.32, 0.21, 0.21, 0.0, 0.95, 0.63, 0.53, 1.0]
  Failed regions: [[7, 25], [43, 70]]
  Successful interval: 58-70
  Keyframes: [2, 58, 70]
  Success detected: True
  Confidence: 0.69

--- Segment 69/300 ---

============================================================
Segment: VideoPlaceOrder_ep22_f1212-1295
  Subtask: place the cube onto the correct target
  Frames: 1212 - 1295
============================================================
  Loaded 84 frames
  Prefix scoring: 54.0s
  Rewards: [0.31, 0.28, 0.25, 0.0, 0.97, 0.53, 1.0, 0.97]
  Failed regions: [[8, 50], [50, 72]]
  Successful interval: 57-72
  Keyframes: [2, 57, 71, 72, 83]
  Success detected: True
  Confidence: 0.68

--- Segment 70/300 ---

============================================================
Segment: VideoPlaceOrder_ep23_f729-843
  Subtask: pick up the cube
  Frames: 729 - 843
============================================================
  Loaded 115 frames
  Prefix scoring: 54.2s
  Rewards: [0.0, 0.0, 0.7, 1.0, 0.48, 0.78, 0.87, 0.87]
  Failed regions: [[55, 84]]
  Successful interval: 64-99
  Keyframes: [0, 64, 69, 99, 114]
  Success detected: True
  Confidence: 0.56

--- Segment 71/300 ---

============================================================
Segment: VideoPlaceOrder_ep23_f844-907
  Subtask: place the cube onto the correct target
  Frames: 844 - 907
============================================================
  Loaded 64 frames
  Prefix scoring: 53.8s
  Rewards: [0.21, 0.37, 0.53, 0.0, 0.68, 1.0, 0.63, 0.95]
  Failed regions: [[22, 46], [46, 63]]
  Successful interval: 51-63
  Keyframes: [3, 51, 63]
  Success detected: True
  Confidence: 0.59

--- Segment 72/300 ---

============================================================
Segment: VideoPlaceOrder_ep23_f844-920
  Subtask: place the cube onto the correct target
  Frames: 844 - 920
============================================================
  Loaded 77 frames
  Prefix scoring: 54.1s
  Rewards: [0.5, 0.45, 0.36, 0.0, 0.77, 1.0, 0.77, 0.86]
  Failed regions: [[7, 56], [56, 76]]
  Successful interval: 63-76
  Keyframes: [1, 63, 67, 76]
  Success detected: True
  Confidence: 0.44

--- Segment 73/300 ---

============================================================
Segment: VideoPlaceOrder_ep24_f809-925
  Subtask: pick up the cube
  Frames: 809 - 925
============================================================
  Loaded 117 frames
  Prefix scoring: 54.2s
  Rewards: [0.0, 0.0, 0.41, 0.73, 0.65, 0.65, 0.78, 1.0]
  Failed regions: [[56, 86], [56, 101]]
  Successful interval: 81-116
  Keyframes: [0, 81, 104, 116]
  Success detected: True
  Confidence: 0.64

--- Segment 74/300 ---

============================================================
Segment: VideoPlaceOrder_ep24_f926-995
  Subtask: place the cube onto the correct target
  Frames: 926 - 995
============================================================
  Loaded 70 frames
  Prefix scoring: 54.1s
  Rewards: [0.36, 0.45, 0.0, 0.64, 1.0, 0.82, 0.91, 0.55]
  Failed regions: [[15, 42], [42, 60]]
  Successful interval: 48-60
  Keyframes: [0, 48, 49, 60, 69]
  Success detected: True
  Confidence: 0.46

--- Segment 75/300 ---

============================================================
Segment: VideoPlaceOrder_ep24_f926-1013
  Subtask: place the cube onto the correct target
  Frames: 926 - 1013
============================================================
  Loaded 88 frames
  Prefix scoring: 53.9s
  Rewards: [0.33, 0.0, 0.33, 0.87, 0.73, 0.07, 0.8, 1.0]
  Failed regions: [[8, 41], [41, 75]]
  Successful interval: 60-87
  Keyframes: [1, 60, 74, 87]
  Success detected: True
  Confidence: 0.87

--- Segment 76/300 ---

============================================================
Segment: VideoPlaceOrder_ep25_f789-901
  Subtask: pick up the cube
  Frames: 789 - 901
============================================================
  Loaded 113 frames
  Prefix scoring: 54.0s
  Rewards: [0.16, 0.0, 0.55, 0.76, 0.79, 0.68, 0.92, 1.0]
  Failed regions: [[68, 97]]
  Successful interval: 78-112
  Keyframes: [0, 78, 101, 112]
  Success detected: True
  Confidence: 0.60

--- Segment 77/300 ---

============================================================
Segment: VideoPlaceOrder_ep25_f902-967
  Subtask: place the cube onto the correct target
  Frames: 902 - 967
============================================================
  Loaded 66 frames
  Prefix scoring: 53.7s
  Rewards: [0.33, 0.56, 0.22, 0.0, 0.22, 0.89, 0.22, 1.0]
  Failed regions: [[14, 48], [48, 65]]
  Successful interval: 53-65
  Keyframes: [1, 53, 65]
  Success detected: True
  Confidence: 0.82

--- Segment 78/300 ---

============================================================
Segment: VideoPlaceOrder_ep25_f902-983
  Subtask: place the cube onto the correct target
  Frames: 902 - 983
============================================================
  Loaded 82 frames
  Prefix scoring: 54.0s
  Rewards: [0.44, 1.0, 0.22, 0.0, 0.89, 0.33, 0.89, 0.22]
  Failed regions: [[18, 49], [49, 70]]
  Successful interval: 56-70
  Keyframes: [1, 56, 70, 71, 81]
  Success detected: True
  Confidence: 0.66

--- Segment 79/300 ---

============================================================
Segment: VideoPlaceOrder_ep26_f1108-1220
  Subtask: pick up the cube
  Frames: 1108 - 1220
============================================================
  Loaded 113 frames
  Prefix scoring: 54.4s
  Rewards: [0.09, 0.0, 0.41, 1.0, 0.36, 0.82, 0.55, 0.91]
  Failed regions: [[54, 83], [83, 112]]
  Successful interval: 92-112
  Keyframes: [0, 92, 102, 112]
  Success detected: True
  Confidence: 0.59

--- Segment 80/300 ---

============================================================
Segment: VideoPlaceOrder_ep26_f1221-1299
  Subtask: place the cube onto the correct target
  Frames: 1221 - 1299
============================================================
  Loaded 79 frames
  Prefix scoring: 53.8s
  Rewards: [0.56, 0.11, 0.0, 0.67, 1.0, 1.0, 1.0, 0.44]
  Failed regions: [[7, 37]]
  Successful interval: 24-47
  Keyframes: [7, 24, 25, 47, 76]
  Success detected: True
  Confidence: 0.88

--- Segment 81/300 ---

============================================================
Segment: VideoPlaceOrder_ep26_f1221-1313
  Subtask: place the cube onto the correct target
  Frames: 1221 - 1313
============================================================
  Loaded 93 frames
  Prefix scoring: 54.1s
  Rewards: [0.19, 0.0, 0.5, 0.31, 0.06, 0.25, 1.0, 0.31]
  Failed regions: [[32, 68]]
  Successful interval: 52-80
  Keyframes: [2, 52, 53, 80, 92]
  Success detected: True
  Confidence: 0.91

--- Segment 82/300 ---

============================================================
Segment: VideoPlaceOrder_ep27_f730-844
  Subtask: pick up the cube
  Frames: 730 - 844
============================================================
  Loaded 115 frames
  Prefix scoring: 54.2s
  Rewards: [0.0, 0.15, 0.89, 0.85, 0.85, 0.78, 0.48, 1.0]
  Failed regions: [[69, 114]]
  Successful interval: 94-114
  Keyframes: [0, 94, 102, 114]
  Success detected: True
  Confidence: 0.68

--- Segment 83/300 ---

============================================================
Segment: VideoPlaceOrder_ep27_f845-911
  Subtask: place the cube onto the correct target
  Frames: 845 - 911
============================================================
  Loaded 67 frames
  Prefix scoring: 53.9s
  Rewards: [0.73, 0.64, 0.18, 0.0, 0.55, 0.91, 1.0, 0.36]
  Failed regions: [[6, 40]]
  Successful interval: 28-57
  Keyframes: [2, 28, 36, 57, 66]
  Success detected: True
  Confidence: 0.89

--- Segment 84/300 ---

============================================================
Segment: VideoPlaceOrder_ep27_f845-929
  Subtask: place the cube onto the correct target
  Frames: 845 - 929
============================================================
  Loaded 85 frames
  Prefix scoring: 53.8s
  Rewards: [0.1, 0.3, 0.0, 0.25, 0.15, 1.0, 0.1, 0.15]
  Failed regions: [[18, 40], [40, 62]]
  Successful interval: 47-62
  Keyframes: [1, 47, 62, 63, 84]
  Success detected: True
  Confidence: 0.89

--- Segment 85/300 ---

============================================================
Segment: VideoPlaceOrder_ep28_f913-1025
  Subtask: pick up the cube
  Frames: 913 - 1025
============================================================
  Loaded 113 frames
  Prefix scoring: 54.0s
  Rewards: [0.08, 0.0, 0.51, 0.72, 0.85, 0.82, 1.0, 1.0]
  Failed regions: []
  Successful interval: 78-97
  Keyframes: [0, 78, 97, 98, 112]
  Success detected: True
  Confidence: 0.55

--- Segment 86/300 ---

============================================================
Segment: VideoPlaceOrder_ep28_f1026-1092
  Subtask: place the cube onto the correct target
  Frames: 1026 - 1092
============================================================
  Loaded 67 frames
  Prefix scoring: 53.7s
  Rewards: [0.22, 0.44, 0.0, 0.44, 0.11, 0.44, 0.11, 1.0]
  Failed regions: [[14, 31], [31, 48], [48, 66]]
  Successful interval: 54-66
  Keyframes: [0, 54, 66]
  Success detected: True
  Confidence: 0.89

--- Segment 87/300 ---

============================================================
Segment: VideoPlaceOrder_ep28_f1026-1105
  Subtask: place the cube onto the correct target
  Frames: 1026 - 1105
============================================================
  Loaded 80 frames
  Prefix scoring: 53.9s
  Rewards: [0.33, 0.92, 0.5, 1.0, 0.67, 0.0, 0.5, 0.92]
  Failed regions: [[18, 38], [38, 68]]
  Successful interval: 54-79
  Keyframes: [0, 54, 71, 79]
  Success detected: True
  Confidence: 0.80

--- Segment 88/300 ---

============================================================
Segment: VideoPlaceOrder_ep29_f1104-1220
  Subtask: pick up the cube
  Frames: 1104 - 1220
============================================================
  Loaded 117 frames
  Prefix scoring: 54.1s
  Rewards: [0.0, 0.0, 0.79, 0.9, 0.79, 1.0, 0.79, 0.93]
  Failed regions: [[56, 86], [86, 116]]
  Successful interval: 96-116
  Keyframes: [0, 96, 105, 116]
  Success detected: True
  Confidence: 0.48

--- Segment 89/300 ---

============================================================
Segment: VideoPlaceOrder_ep29_f1221-1287
  Subtask: place the cube onto the correct target
  Frames: 1221 - 1287
============================================================
  Loaded 67 frames
  Prefix scoring: 53.8s
  Rewards: [0.17, 0.0, 0.25, 0.42, 0.17, 1.0, 0.67, 0.83]
  Failed regions: [[31, 48], [48, 66]]
  Successful interval: 54-66
  Keyframes: [0, 54, 66]
  Success detected: True
  Confidence: 0.48

--- Segment 90/300 ---

============================================================
Segment: VideoPlaceOrder_ep29_f1221-1300
  Subtask: place the cube onto the correct target
  Frames: 1221 - 1300
============================================================
  Loaded 80 frames
  Prefix scoring: 54.1s
  Rewards: [0.06, 0.06, 0.61, 0.0, 0.67, 0.44, 0.39, 1.0]
  Failed regions: [[28, 48], [48, 79]]
  Successful interval: 64-79
  Keyframes: [0, 64, 72, 79]
  Success detected: True
  Confidence: 0.76

--- Segment 91/300 ---

============================================================
Segment: VideoPlaceOrder_ep30_f1120-1236
  Subtask: pick up the cube
  Frames: 1120 - 1236
============================================================
  Loaded 117 frames
  Prefix scoring: 54.1s
  Rewards: [0.04, 0.0, 0.43, 1.0, 0.61, 0.65, 0.48, 0.39]
  Failed regions: []
  Successful interval: 21-56
  Keyframes: [0, 21, 42, 56, 85]
  Success detected: True
  Confidence: 0.91

--- Segment 92/300 ---

============================================================
Segment: VideoPlaceOrder_ep30_f1237-1302
  Subtask: place the cube onto the correct target
  Frames: 1237 - 1302
============================================================
  Loaded 66 frames
  Prefix scoring: 53.7s
  Rewards: [0.4, 0.0, 0.3, 0.3, 0.25, 1.0, 0.65, 0.3]
  Failed regions: [[6, 22]]
  Successful interval: 36-48
  Keyframes: [2, 36, 37, 48, 65]
  Success detected: True
  Confidence: 0.82

--- Segment 93/300 ---

============================================================
Segment: VideoPlaceOrder_ep30_f1237-1319
  Subtask: place the cube onto the correct target
  Frames: 1237 - 1319
============================================================
  Loaded 83 frames
  Prefix scoring: 53.8s
  Rewards: [0.27, 0.0, 0.36, 0.32, 0.55, 1.0, 0.91, 0.91]
  Failed regions: [[8, 29]]
  Successful interval: 35-60
  Keyframes: [2, 35, 36, 60, 80]
  Success detected: True
  Confidence: 0.76

--- Segment 94/300 ---

============================================================
Segment: VideoPlaceOrder_ep31_f951-1065
  Subtask: pick up the cube
  Frames: 951 - 1065
============================================================
  Loaded 115 frames
  Prefix scoring: 54.2s
  Rewards: [0.0, 0.0, 0.42, 1.0, 0.89, 0.63, 0.37, 0.58]
  Failed regions: []
  Successful interval: 20-55
  Keyframes: [0, 20, 42, 55, 83]
  Success detected: True
  Confidence: 0.90

--- Segment 95/300 ---

============================================================
Segment: VideoPlaceOrder_ep31_f1066-1135
  Subtask: place the cube onto the correct target
  Frames: 1066 - 1135
============================================================
  Loaded 70 frames
  Prefix scoring: 53.8s
  Rewards: [0.38, 0.31, 0.5, 0.75, 0.88, 1.0, 0.44, 0.0]
  Failed regions: []
  Successful interval: 12-51
  Keyframes: [0, 12, 38, 51, 69]
  Success detected: True
  Confidence: 0.77

--- Segment 96/300 ---

============================================================
Segment: VideoPlaceOrder_ep31_f1066-1153
  Subtask: place the cube onto the correct target
  Frames: 1066 - 1153
============================================================
  Loaded 88 frames
  Prefix scoring: 54.1s
  Rewards: [0.58, 0.16, 0.95, 0.79, 0.53, 0.47, 0.0, 1.0]
  Failed regions: [[8, 30], [30, 87]]
  Successful interval: 71-87
  Keyframes: [0, 71, 72, 87]
  Success detected: True
  Confidence: 0.89

--- Segment 97/300 ---

============================================================
Segment: VideoPlaceOrder_ep32_f1111-1224
  Subtask: pick up the cube
  Frames: 1111 - 1224
============================================================
  Loaded 114 frames
  Prefix scoring: 54.1s
  Rewards: [0.11, 0.0, 0.66, 0.89, 0.71, 0.87, 0.79, 1.0]
  Failed regions: [[54, 83]]
  Successful interval: 93-113
  Keyframes: [0, 93, 103, 113]
  Success detected: True
  Confidence: 0.56

--- Segment 98/300 ---

============================================================
Segment: VideoPlaceOrder_ep32_f1225-1291
  Subtask: place the cube onto the correct target
  Frames: 1225 - 1291
============================================================
  Loaded 67 frames
  Prefix scoring: 53.7s
  Rewards: [0.06, 0.47, 0.35, 0.71, 0.0, 0.71, 0.88, 1.0]
  Failed regions: [[14, 31], [31, 48]]
  Successful interval: 37-66
  Keyframes: [3, 37, 41, 66]
  Success detected: True
  Confidence: 0.90

--- Segment 99/300 ---

============================================================
Segment: VideoPlaceOrder_ep32_f1225-1304
  Subtask: place the cube onto the correct target
  Frames: 1225 - 1304
============================================================
  Loaded 80 frames
  Prefix scoring: 54.0s
  Rewards: [0.1, 0.15, 0.0, 0.2, 0.6, 1.0, 0.45, 0.7]
  Failed regions: []
  Successful interval: 24-58
  Keyframes: [3, 24, 41, 58, 79]
  Success detected: True
  Confidence: 0.92

--- Segment 100/300 ---

============================================================
Segment: VideoPlaceOrder_ep33_f1092-1207
  Subtask: pick up the cube
  Frames: 1092 - 1207
============================================================
  Loaded 116 frames
  Prefix scoring: 54.0s
  Rewards: [0.03, 0.0, 0.45, 0.58, 0.45, 0.61, 0.42, 1.0]
  Failed regions: [[55, 85], [85, 115]]
  Successful interval: 95-115
  Keyframes: [0, 95, 104, 115]
  Success detected: True
  Confidence: 0.74

--- Segment 101/300 ---

============================================================
Segment: VideoPlaceOrder_ep33_f1208-1281
  Subtask: place the cube onto the correct target
  Frames: 1208 - 1281
============================================================
  Loaded 74 frames
  Prefix scoring: 53.9s
  Rewards: [0.0, 0.22, 0.56, 0.5, 0.61, 0.61, 0.56, 1.0]
  Failed regions: []
  Successful interval: 60-73
  Keyframes: [1, 60, 73]
  Success detected: True
  Confidence: 0.68

--- Segment 102/300 ---

============================================================
Segment: VideoPlaceOrder_ep33_f1208-1295
  Subtask: place the cube onto the correct target
  Frames: 1208 - 1295
============================================================
  Loaded 88 frames
  Prefix scoring: 54.0s
  Rewards: [0.0, 0.2, 0.2, 0.33, 0.47, 1.0, 1.0, 0.73]
  Failed regions: []
  Successful interval: 26-64
  Keyframes: [1, 26, 51, 64, 87]
  Success detected: True
  Confidence: 0.82

--- Segment 103/300 ---

============================================================
Segment: VideoPlaceOrder_ep34_f1064-1178
  Subtask: pick up the cube
  Frames: 1064 - 1178
============================================================
  Loaded 115 frames
  Prefix scoring: 54.2s
  Rewards: [0.0, 0.0, 0.23, 1.0, 0.55, 0.41, 0.86, 1.0]
  Failed regions: [[55, 99]]
  Successful interval: 79-114
  Keyframes: [0, 79, 102, 114]
  Success detected: True
  Confidence: 0.74

--- Segment 104/300 ---

============================================================
Segment: VideoPlaceOrder_ep34_f1179-1268
  Subtask: place the cube onto the correct target
  Frames: 1179 - 1268
============================================================
  Loaded 90 frames
  Prefix scoring: 53.8s
  Rewards: [0.25, 0.58, 0.75, 0.5, 0.17, 1.0, 0.58, 0.0]
  Failed regions: [[31, 66]]
  Successful interval: 50-66
  Keyframes: [3, 50, 65, 66, 89]
  Success detected: True
  Confidence: 0.84

--- Segment 105/300 ---

============================================================
Segment: VideoPlaceOrder_ep34_f1179-1282
  Subtask: place the cube onto the correct target
  Frames: 1179 - 1282
============================================================
  Loaded 104 frames
  Prefix scoring: 54.1s
  Rewards: [0.0, 0.25, 0.0, 0.39, 0.39, 0.54, 0.0, 1.0]
  Failed regions: [[23, 49], [76, 103]]
  Successful interval: 84-103
  Keyframes: [15, 84, 91, 103]
  Success detected: True
  Confidence: 0.94

--- Segment 106/300 ---

============================================================
Segment: VideoPlaceOrder_ep35_f1028-1140
  Subtask: pick up the cube
  Frames: 1028 - 1140
============================================================
  Loaded 113 frames
  Prefix scoring: 54.1s
  Rewards: [0.0, 0.04, 0.5, 0.73, 0.54, 0.62, 0.85, 1.0]
  Failed regions: [[54, 83]]
  Successful interval: 63-112
  Keyframes: [0, 63, 69, 112]
  Success detected: True
  Confidence: 0.68

--- Segment 107/300 ---

============================================================
Segment: VideoPlaceOrder_ep35_f1141-1212
  Subtask: place the cube onto the correct target
  Frames: 1141 - 1212
============================================================
  Loaded 72 frames
  Prefix scoring: 54.8s
  Rewards: [0.0, 0.69, 0.54, 0.23, 1.0, 0.77, 0.85, 0.69]
  Failed regions: [[16, 43], [43, 61]]
  Successful interval: 49-61
  Keyframes: [0, 49, 50, 61, 71]
  Success detected: True
  Confidence: 0.42

--- Segment 108/300 ---

============================================================
Segment: VideoPlaceOrder_ep35_f1141-1229
  Subtask: place the cube onto the correct target
  Frames: 1141 - 1229
============================================================
  Loaded 89 frames
  Prefix scoring: 54.0s
  Rewards: [0.0, 0.46, 0.38, 0.69, 1.0, 0.69, 0.0, 0.69]
  Failed regions: []
  Successful interval: 26-53
  Keyframes: [0, 26, 42, 53, 86]
  Success detected: True
  Confidence: 0.75

--- Segment 109/300 ---

============================================================
Segment: VideoPlaceOrder_ep36_f781-893
  Subtask: pick up the cube
  Frames: 781 - 893
============================================================
  Loaded 113 frames
  Prefix scoring: 54.6s
  Rewards: [0.14, 0.0, 0.63, 0.81, 0.81, 0.67, 0.86, 1.0]
  Failed regions: [[68, 97]]
  Successful interval: 78-112
  Keyframes: [0, 78, 101, 112]
  Success detected: True
  Confidence: 0.61

--- Segment 110/300 ---

============================================================
Segment: VideoPlaceOrder_ep36_f894-973
  Subtask: place the cube onto the correct target
  Frames: 894 - 973
============================================================
  Loaded 80 frames
  Prefix scoring: 54.5s
  Rewards: [0.17, 0.0, 0.17, 0.0, 0.33, 1.0, 0.0, 0.92]
  Failed regions: [[58, 79]]
  Successful interval: 64-79
  Keyframes: [2, 64, 79]
  Success detected: True
  Confidence: 0.85

--- Segment 111/300 ---

============================================================
Segment: VideoPlaceOrder_ep36_f894-987
  Subtask: place the cube onto the correct target
  Frames: 894 - 987
============================================================
  Loaded 94 frames
  Prefix scoring: 54.2s
  Rewards: [0.08, 0.08, 0.0, 0.5, 0.25, 0.42, 0.54, 1.0]
  Failed regions: [[45, 69]]
  Successful interval: 53-93
  Keyframes: [0, 53, 54, 93]
  Success detected: True
  Confidence: 0.83

--- Segment 112/300 ---

============================================================
Segment: VideoPlaceOrder_ep37_f754-866
  Subtask: pick up the cube
  Frames: 754 - 866
============================================================
  Loaded 113 frames
  Prefix scoring: 54.2s
  Rewards: [0.05, 0.0, 0.57, 0.78, 0.73, 0.89, 0.92, 1.0]
  Failed regions: []
  Successful interval: 63-112
  Keyframes: [0, 63, 69, 112]
  Success detected: True
  Confidence: 0.58

--- Segment 113/300 ---

============================================================
Segment: VideoPlaceOrder_ep37_f867-934
  Subtask: place the cube onto the correct target
  Frames: 867 - 934
============================================================
  Loaded 68 frames
  Prefix scoring: 53.8s
  Rewards: [0.0, 0.2, 0.2, 1.0, 0.8, 0.0, 0.8, 0.6]
  Failed regions: [[32, 58]]
  Successful interval: 46-58
  Keyframes: [0, 46, 47, 58, 67]
  Success detected: True
  Confidence: 0.71

--- Segment 114/300 ---

============================================================
Segment: VideoPlaceOrder_ep37_f867-948
  Subtask: place the cube onto the correct target
  Frames: 867 - 948
============================================================
  Loaded 82 frames
  Prefix scoring: 54.0s
  Rewards: [0.22, 0.33, 0.22, 0.56, 0.22, 0.67, 1.0, 0.0]
  Failed regions: [[18, 39], [39, 60]]
  Successful interval: 45-70
  Keyframes: [1, 45, 70, 71, 81]
  Success detected: True
  Confidence: 0.83

--- Segment 115/300 ---

============================================================
Segment: VideoPlaceOrder_ep38_f803-915
  Subtask: pick up the cube
  Frames: 803 - 915
============================================================
  Loaded 113 frames
  Prefix scoring: 55.0s
  Rewards: [0.0, 0.14, 0.38, 0.9, 0.45, 0.83, 0.62, 1.0]
  Failed regions: [[54, 83], [83, 112]]
  Successful interval: 92-112
  Keyframes: [0, 92, 104, 112]
  Success detected: True
  Confidence: 0.64

--- Segment 116/300 ---

============================================================
Segment: VideoPlaceOrder_ep38_f916-985
  Subtask: place the cube onto the correct target
  Frames: 916 - 985
============================================================
  Loaded 70 frames
  Prefix scoring: 54.0s
  Rewards: [0.06, 0.59, 0.59, 0.0, 1.0, 0.41, 0.82, 0.76]
  Failed regions: [[24, 42], [42, 60]]
  Successful interval: 48-60
  Keyframes: [0, 48, 49, 60, 69]
  Success detected: True
  Confidence: 0.55

--- Segment 117/300 ---

============================================================
Segment: VideoPlaceOrder_ep38_f916-1002
  Subtask: place the cube onto the correct target
  Frames: 916 - 1002
============================================================
  Loaded 87 frames
  Prefix scoring: 53.9s
  Rewards: [0.0, 0.19, 0.5, 0.56, 0.31, 0.69, 0.75, 1.0]
  Failed regions: [[41, 63]]
  Successful interval: 48-86
  Keyframes: [2, 48, 74, 86]
  Success detected: True
  Confidence: 0.78

--- Segment 118/300 ---

============================================================
Segment: VideoPlaceOrder_ep39_f757-869
  Subtask: pick up the cube
  Frames: 757 - 869
============================================================
  Loaded 113 frames
  Prefix scoring: 54.1s
  Rewards: [0.0, 0.0, 0.38, 0.72, 0.48, 0.66, 0.72, 1.0]
  Failed regions: [[54, 83]]
  Successful interval: 63-112
  Keyframes: [0, 63, 69, 112]
  Success detected: True
  Confidence: 0.71

--- Segment 119/300 ---

============================================================
Segment: VideoPlaceOrder_ep39_f870-953
  Subtask: place the cube onto the correct target
  Frames: 870 - 953
============================================================
  Loaded 84 frames
  Prefix scoring: 53.8s
  Rewards: [0.0, 0.08, 0.31, 0.23, 0.54, 0.69, 0.54, 1.0]
  Failed regions: [[61, 83]]
  Successful interval: 68-83
  Keyframes: [4, 68, 83]
  Success detected: True
  Confidence: 0.70

--- Segment 120/300 ---

============================================================
Segment: VideoPlaceOrder_ep39_f870-967
  Subtask: place the cube onto the correct target
  Frames: 870 - 967
============================================================
  Loaded 98 frames
  Prefix scoring: 54.0s
  Rewards: [0.0, 0.18, 0.29, 1.0, 0.82, 0.47, 0.94, 0.88]
  Failed regions: [[46, 84]]
  Successful interval: 67-84
  Keyframes: [4, 67, 84, 85, 97]
  Success detected: True
  Confidence: 0.64

--- Segment 121/300 ---

============================================================
Segment: VideoPlaceOrder_ep40_f707-819
  Subtask: pick up the cube
  Frames: 707 - 819
============================================================
  Loaded 113 frames
  Prefix scoring: 54.4s
  Rewards: [0.0, 0.07, 0.45, 0.83, 0.76, 0.69, 0.76, 1.0]
  Failed regions: [[54, 97]]
  Successful interval: 78-112
  Keyframes: [0, 78, 102, 112]
  Success detected: True
  Confidence: 0.61

--- Segment 122/300 ---

============================================================
Segment: VideoPlaceOrder_ep40_f820-895
  Subtask: place the cube onto the correct target
  Frames: 820 - 895
============================================================
  Loaded 76 frames
  Prefix scoring: 53.8s
  Rewards: [0.0, 0.11, 0.11, 0.11, 0.67, 0.89, 0.78, 1.0]
  Failed regions: [[55, 75]]
  Successful interval: 62-75
  Keyframes: [1, 62, 75]
  Success detected: True
  Confidence: 0.60

--- Segment 123/300 ---

============================================================
Segment: VideoPlaceOrder_ep40_f820-908
  Subtask: place the cube onto the correct target
  Frames: 820 - 908
============================================================
  Loaded 89 frames
  Prefix scoring: 54.1s
  Rewards: [0.38, 0.38, 0.06, 0.0, 0.56, 0.56, 0.94, 1.0]
  Failed regions: [[19, 53]]
  Successful interval: 61-88
  Keyframes: [0, 61, 76, 88]
  Success detected: True
  Confidence: 0.68

--- Segment 124/300 ---

============================================================
Segment: VideoPlaceOrder_ep41_f894-1006
  Subtask: pick up the cube
  Frames: 894 - 1006
============================================================
  Loaded 113 frames
  Prefix scoring: 54.2s
  Rewards: [0.0, 0.08, 0.77, 0.81, 0.85, 0.88, 1.0, 1.0]
  Failed regions: []
  Successful interval: 6-97
  Keyframes: [0, 6, 69, 97, 112]
  Success detected: True
  Confidence: 0.87

--- Segment 125/300 ---

============================================================
Segment: VideoPlaceOrder_ep41_f1007-1090
  Subtask: place the cube onto the correct target
  Frames: 1007 - 1090
============================================================
  Loaded 84 frames
  Prefix scoring: 54.0s
  Rewards: [0.0, 0.53, 0.4, 0.13, 0.67, 1.0, 0.73, 0.87]
  Failed regions: [[18, 61], [61, 83]]
  Successful interval: 68-83
  Keyframes: [3, 68, 83]
  Success detected: True
  Confidence: 0.47

--- Segment 126/300 ---

============================================================
Segment: VideoPlaceOrder_ep41_f1007-1104
  Subtask: place the cube onto the correct target
  Frames: 1007 - 1104
============================================================
  Loaded 98 frames
  Prefix scoring: 54.2s
  Rewards: [0.0, 0.0, 0.43, 0.36, 0.57, 0.64, 0.79, 1.0]
  Failed regions: []
  Successful interval: 42-97
  Keyframes: [3, 42, 60, 97]
  Success detected: True
  Confidence: 0.76

--- Segment 127/300 ---

============================================================
Segment: VideoPlaceOrder_ep42_f748-860
  Subtask: pick up the cube
  Frames: 748 - 860
============================================================
  Loaded 113 frames
  Prefix scoring: 54.2s
  Rewards: [0.0, 0.0, 0.42, 0.62, 0.67, 0.46, 0.5, 1.0]
  Failed regions: [[68, 97]]
  Successful interval: 78-112
  Keyframes: [0, 78, 101, 112]
  Success detected: True
  Confidence: 0.72

--- Segment 128/300 ---

============================================================
Segment: VideoPlaceOrder_ep42_f861-928
  Subtask: place the cube onto the correct target
  Frames: 861 - 928
============================================================
  Loaded 68 frames
  Prefix scoring: 53.9s
  Rewards: [0.0, 0.62, 0.38, 0.12, 0.25, 0.88, 1.0, 0.38]
  Failed regions: [[14, 40]]
  Successful interval: 29-58
  Keyframes: [0, 29, 37, 58, 67]
  Success detected: True
  Confidence: 0.86

--- Segment 129/300 ---

============================================================
Segment: VideoPlaceOrder_ep42_f861-944
  Subtask: place the cube onto the correct target
  Frames: 861 - 944
============================================================
  Loaded 84 frames
  Prefix scoring: 54.0s
  Rewards: [0.0, 0.35, 0.29, 0.29, 1.0, 0.41, 0.53, 0.53]
  Failed regions: []
  Successful interval: 36-50
  Keyframes: [0, 36, 37, 50, 83]
  Success detected: True
  Confidence: 0.80

--- Segment 130/300 ---

============================================================
Segment: VideoPlaceOrder_ep43_f1084-1196
  Subtask: pick up the cube
  Frames: 1084 - 1196
============================================================
  Loaded 113 frames
  Prefix scoring: 54.3s
  Rewards: [0.0, 0.17, 0.54, 0.83, 0.54, 0.71, 1.0, 0.96]
  Failed regions: [[54, 83]]
  Successful interval: 63-97
  Keyframes: [0, 63, 69, 97, 112]
  Success detected: True
  Confidence: 0.66

--- Segment 131/300 ---

============================================================
Segment: VideoPlaceOrder_ep43_f1197-1263
  Subtask: place the cube onto the correct target
  Frames: 1197 - 1263
============================================================
  Loaded 67 frames
  Prefix scoring: 53.9s
  Rewards: [0.0, 0.0, 0.08, 0.83, 0.75, 1.0, 0.58, 0.5]
  Failed regions: [[31, 48]]
  Successful interval: 37-48
  Keyframes: [0, 37, 41, 48, 66]
  Success detected: True
  Confidence: 0.61

--- Segment 132/300 ---

============================================================
Segment: VideoPlaceOrder_ep43_f1197-1276
  Subtask: place the cube onto the correct target
  Frames: 1197 - 1276
============================================================
  Loaded 80 frames
  Prefix scoring: 53.9s
  Rewards: [0.0, 0.45, 0.45, 0.23, 0.5, 0.09, 0.41, 1.0]
  Failed regions: [[28, 48], [48, 68]]
  Successful interval: 54-79
  Keyframes: [0, 54, 72, 79]
  Success detected: True
  Confidence: 0.89

--- Segment 133/300 ---

============================================================
Segment: VideoPlaceOrder_ep44_f769-881
  Subtask: pick up the cube
  Frames: 769 - 881
============================================================
  Loaded 113 frames
  Prefix scoring: 54.1s
  Rewards: [0.0, 0.0, 0.55, 1.0, 0.41, 0.83, 0.83, 0.97]
  Failed regions: [[54, 83]]
  Successful interval: 92-112
  Keyframes: [0, 92, 102, 112]
  Success detected: True
  Confidence: 0.52

--- Segment 134/300 ---

============================================================
Segment: VideoPlaceOrder_ep44_f882-947
  Subtask: place the cube onto the correct target
  Frames: 882 - 947
============================================================
  Loaded 66 frames
  Prefix scoring: 53.9s
  Rewards: [0.08, 0.0, 0.5, 0.42, 0.42, 1.0, 1.0, 0.5]
  Failed regions: [[22, 39], [22, 48]]
  Successful interval: 36-48
  Keyframes: [2, 36, 37, 48, 65]
  Success detected: True
  Confidence: 0.74

--- Segment 135/300 ---

============================================================
Segment: VideoPlaceOrder_ep44_f882-964
  Subtask: place the cube onto the correct target
  Frames: 882 - 964
============================================================
  Loaded 83 frames
  Prefix scoring: 53.9s
  Rewards: [0.0, 0.5, 0.31, 0.56, 1.0, 0.81, 0.56, 0.81]
  Failed regions: [[18, 50], [50, 82]]
  Successful interval: 67-82
  Keyframes: [3, 67, 68, 82]
  Success detected: True
  Confidence: 0.47

--- Segment 136/300 ---

============================================================
Segment: VideoPlaceOrder_ep45_f822-935
  Subtask: pick up the cube
  Frames: 822 - 935
============================================================
  Loaded 114 frames
  Prefix scoring: 54.5s
  Rewards: [0.0, 0.03, 0.74, 0.86, 0.74, 0.71, 0.91, 1.0]
  Failed regions: [[54, 98]]
  Successful interval: 78-113
  Keyframes: [0, 78, 101, 113]
  Success detected: True
  Confidence: 0.59

--- Segment 137/300 ---

============================================================
Segment: VideoPlaceOrder_ep45_f936-1004
  Subtask: place the cube onto the correct target
  Frames: 936 - 1004
============================================================
  Loaded 69 frames
  Prefix scoring: 53.7s
  Rewards: [0.39, 0.43, 0.52, 0.65, 0.52, 1.0, 0.52, 0.0]
  Failed regions: [[32, 50]]
  Successful interval: 38-50
  Keyframes: [2, 38, 39, 50, 68]
  Success detected: True
  Confidence: 0.69

--- Segment 138/300 ---

============================================================
Segment: VideoPlaceOrder_ep45_f936-1020
  Subtask: place the cube onto the correct target
  Frames: 936 - 1020
============================================================
  Loaded 85 frames
  Prefix scoring: 54.0s
  Rewards: [0.55, 0.7, 0.7, 0.6, 1.0, 0.1, 0.0, 0.45]
  Failed regions: [[29, 51]]
  Successful interval: 36-51
  Keyframes: [2, 36, 39, 51, 84]
  Success detected: True
  Confidence: 0.66

--- Segment 139/300 ---

============================================================
Segment: VideoPlaceOrder_ep46_f783-898
  Subtask: pick up the cube
  Frames: 783 - 898
============================================================
  Loaded 116 frames
  Prefix scoring: 54.2s
  Rewards: [0.1, 0.0, 0.63, 0.93, 0.73, 0.77, 0.47, 1.0]
  Failed regions: [[55, 85], [85, 115]]
  Successful interval: 95-115
  Keyframes: [0, 95, 105, 115]
  Success detected: True
  Confidence: 0.70

--- Segment 140/300 ---

============================================================
Segment: VideoPlaceOrder_ep46_f899-970
  Subtask: place the cube onto the correct target
  Frames: 899 - 970
============================================================
  Loaded 72 frames
  Prefix scoring: 53.8s
  Rewards: [0.41, 0.32, 0.73, 1.0, 0.41, 0.0, 0.5, 0.86]
  Failed regions: [[7, 34], [34, 61]]
  Successful interval: 49-71
  Keyframes: [2, 49, 50, 71]
  Success detected: True
  Confidence: 0.76

--- Segment 141/300 ---

============================================================
Segment: VideoPlaceOrder_ep46_f899-983
  Subtask: place the cube onto the correct target
  Frames: 899 - 983
============================================================
  Loaded 85 frames
  Prefix scoring: 54.0s
  Rewards: [0.0, 0.85, 0.65, 1.0, 0.15, 0.4, 0.95, 0.6]
  Failed regions: [[18, 40], [40, 62]]
  Successful interval: 47-73
  Keyframes: [2, 47, 49, 73, 84]
  Success detected: True
  Confidence: 0.78

--- Segment 142/300 ---

============================================================
Segment: VideoPlaceOrder_ep47_f917-1033
  Subtask: pick up the cube
  Frames: 917 - 1033
============================================================
  Loaded 117 frames
  Prefix scoring: 54.2s
  Rewards: [0.0, 0.1, 0.45, 0.9, 1.0, 0.85, 1.0, 1.0]
  Failed regions: [[71, 101]]
  Successful interval: 81-101
  Keyframes: [0, 81, 101, 102, 116]
  Success detected: True
  Confidence: 0.53

--- Segment 143/300 ---

============================================================
Segment: VideoPlaceOrder_ep47_f1034-1102
  Subtask: place the cube onto the correct target
  Frames: 1034 - 1102
============================================================
  Loaded 69 frames
  Prefix scoring: 53.8s
  Rewards: [0.0, 0.42, 0.58, 0.47, 0.74, 0.89, 0.89, 1.0]
  Failed regions: [[23, 50]]
  Successful interval: 56-68
  Keyframes: [0, 56, 68]
  Success detected: True
  Confidence: 0.52

--- Segment 144/300 ---

============================================================
Segment: VideoPlaceOrder_ep47_f1034-1119
  Subtask: place the cube onto the correct target
  Frames: 1034 - 1119
============================================================
  Loaded 86 frames
  Prefix scoring: 53.9s
  Rewards: [0.2, 0.0, 0.47, 0.47, 1.0, 1.0, 0.67, 0.07]
  Failed regions: []
  Successful interval: 37-52
  Keyframes: [0, 37, 39, 52, 85]
  Success detected: True
  Confidence: 0.72

--- Segment 145/300 ---

============================================================
Segment: VideoPlaceOrder_ep48_f1065-1177
  Subtask: pick up the cube
  Frames: 1065 - 1177
============================================================
  Loaded 113 frames
  Prefix scoring: 54.2s
  Rewards: [0.0, 0.03, 0.48, 0.87, 0.74, 0.68, 0.74, 1.0]
  Failed regions: [[54, 97]]
  Successful interval: 78-112
  Keyframes: [0, 78, 100, 112]
  Success detected: True
  Confidence: 0.62

--- Segment 146/300 ---

============================================================
Segment: VideoPlaceOrder_ep48_f1178-1241
  Subtask: place the cube onto the correct target
  Frames: 1178 - 1241
============================================================
  Loaded 64 frames
  Prefix scoring: 53.8s
  Rewards: [0.25, 0.0, 0.31, 0.38, 0.75, 1.0, 0.19, 0.75]
  Failed regions: [[6, 22]]
  Successful interval: 11-46
  Keyframes: [0, 11, 13, 46, 63]
  Success detected: True
  Confidence: 0.91

--- Segment 147/300 ---

============================================================
Segment: VideoPlaceOrder_ep48_f1178-1258
  Subtask: place the cube onto the correct target
  Frames: 1178 - 1258
============================================================
  Loaded 81 frames
  Prefix scoring: 54.0s
  Rewards: [0.0, 0.3, 0.0, 0.8, 1.0, 0.2, 0.7, 0.4]
  Failed regions: [[18, 38]]
  Successful interval: 24-49
  Keyframes: [0, 24, 35, 49, 80]
  Success detected: True
  Confidence: 0.92

--- Segment 148/300 ---

============================================================
Segment: VideoPlaceOrder_ep49_f928-1041
  Subtask: pick up the cube
  Frames: 928 - 1041
============================================================
  Loaded 114 frames
  Prefix scoring: 54.2s
  Rewards: [0.03, 0.0, 0.54, 0.74, 0.67, 0.77, 0.74, 1.0]
  Failed regions: []
  Successful interval: 93-113
  Keyframes: [0, 93, 104, 113]
  Success detected: True
  Confidence: 0.59

--- Segment 149/300 ---

============================================================
Segment: VideoPlaceOrder_ep49_f1042-1109
  Subtask: place the cube onto the correct target
  Frames: 1042 - 1109
============================================================
  Loaded 68 frames
  Prefix scoring: 53.8s
  Rewards: [0.7, 0.1, 0.3, 0.6, 0.4, 0.6, 1.0, 0.0]
  Failed regions: [[6, 32], [32, 49]]
  Successful interval: 37-58
  Keyframes: [1, 37, 42, 58, 67]
  Success detected: True
  Confidence: 0.75

--- Segment 150/300 ---

============================================================
Segment: VideoPlaceOrder_ep49_f1042-1122
  Subtask: place the cube onto the correct target
  Frames: 1042 - 1122
============================================================
  Loaded 81 frames
  Prefix scoring: 53.9s
  Rewards: [0.4, 0.5, 0.6, 0.0, 0.5, 0.9, 1.0, 0.6]
  Failed regions: [[28, 49]]
  Successful interval: 34-69
  Keyframes: [1, 34, 42, 69, 80]
  Success detected: True
  Confidence: 0.89

--- Segment 151/300 ---

============================================================
Segment: VideoPlaceOrder_ep50_f788-901
  Subtask: pick up the cube
  Frames: 788 - 901
============================================================
  Loaded 114 frames
  Prefix scoring: 54.2s
  Rewards: [0.04, 0.04, 0.63, 0.63, 0.0, 0.56, 1.0, 0.81]
  Failed regions: [[54, 83]]
  Successful interval: 64-98
  Keyframes: [0, 64, 69, 98, 113]
  Success detected: True
  Confidence: 0.91

--- Segment 152/300 ---

============================================================
Segment: VideoPlaceOrder_ep50_f902-972
  Subtask: place the cube onto the correct target
  Frames: 902 - 972
============================================================
  Loaded 71 frames
  Prefix scoring: 53.8s
  Rewards: [0.04, 0.0, 0.58, 1.0, 0.96, 0.46, 0.79, 0.38]
  Failed regions: []
  Successful interval: 13-34
  Keyframes: [0, 13, 14, 34, 52]
  Success detected: True
  Confidence: 0.89

--- Segment 153/300 ---

============================================================
Segment: VideoPlaceOrder_ep50_f902-990
  Subtask: place the cube onto the correct target
  Frames: 902 - 990
============================================================
  Loaded 89 frames
  Prefix scoring: 54.1s
  Rewards: [0.06, 0.0, 0.41, 1.0, 0.24, 0.41, 0.0, 0.82]
  Failed regions: [[42, 65], [65, 88]]
  Successful interval: 72-88
  Keyframes: [1, 72, 73, 88]
  Success detected: True
  Confidence: 0.75

--- Segment 154/300 ---

============================================================
Segment: VideoPlaceOrder_ep51_f775-888
  Subtask: pick up the cube
  Frames: 775 - 888
============================================================
  Loaded 114 frames
  Prefix scoring: 54.1s
  Rewards: [0.0, 0.0, 0.46, 0.65, 0.5, 0.35, 0.46, 1.0]
  Failed regions: [[54, 98]]
  Successful interval: 78-113
  Keyframes: [0, 78, 102, 113]
  Success detected: True
  Confidence: 0.78

--- Segment 155/300 ---

============================================================
Segment: VideoPlaceOrder_ep51_f889-958
  Subtask: place the cube onto the correct target
  Frames: 889 - 958
============================================================
  Loaded 70 frames
  Prefix scoring: 53.9s
  Rewards: [0.25, 0.41, 0.0, 0.31, 0.56, 0.53, 0.47, 1.0]
  Failed regions: [[15, 42], [42, 69]]
  Successful interval: 57-69
  Keyframes: [1, 57, 69]
  Success detected: True
  Confidence: 0.72

--- Segment 156/300 ---

============================================================
Segment: VideoPlaceOrder_ep51_f889-971
  Subtask: place the cube onto the correct target
  Frames: 889 - 971
============================================================
  Loaded 83 frames
  Prefix scoring: 54.0s
  Rewards: [0.14, 0.07, 0.0, 0.29, 0.14, 0.43, 0.36, 1.0]
  Failed regions: [[39, 60]]
  Successful interval: 67-82
  Keyframes: [3, 67, 74, 82]
  Success detected: True
  Confidence: 0.80

--- Segment 157/300 ---

============================================================
Segment: VideoPlaceOrder_ep52_f900-1012
  Subtask: pick up the cube
  Frames: 900 - 1012
============================================================
  Loaded 113 frames
  Prefix scoring: 54.1s
  Rewards: [0.1, 0.0, 0.64, 0.79, 0.79, 0.9, 1.0, 0.88]
  Failed regions: []
  Successful interval: 63-97
  Keyframes: [0, 63, 69, 97, 112]
  Success detected: True
  Confidence: 0.56

--- Segment 158/300 ---

============================================================
Segment: VideoPlaceOrder_ep52_f1013-1081
  Subtask: place the cube onto the correct target
  Frames: 1013 - 1081
============================================================
  Loaded 69 frames
  Prefix scoring: 53.9s
  Rewards: [0.07, 0.0, 0.43, 0.29, 0.36, 1.0, 0.86, 0.43]
  Failed regions: [[23, 41]]
  Successful interval: 29-50
  Keyframes: [0, 29, 39, 50, 68]
  Success detected: True
  Confidence: 0.80

--- Segment 159/300 ---

============================================================
Segment: VideoPlaceOrder_ep52_f1013-1097
  Subtask: place the cube onto the correct target
  Frames: 1013 - 1097
============================================================
  Loaded 85 frames
  Prefix scoring: 54.1s
  Rewards: [0.0, 0.42, 0.25, 0.0, 0.75, 0.5, 0.42, 1.0]
  Failed regions: [[18, 51], [51, 84]]
  Successful interval: 69-84
  Keyframes: [0, 69, 70, 84]
  Success detected: True
  Confidence: 0.75

--- Segment 160/300 ---

============================================================
Segment: VideoPlaceOrder_ep53_f893-1005
  Subtask: pick up the cube
  Frames: 893 - 1005
============================================================
  Loaded 113 frames
  Prefix scoring: 54.1s
  Rewards: [0.17, 0.0, 0.69, 0.86, 0.81, 0.78, 0.89, 1.0]
  Failed regions: [[54, 97]]
  Successful interval: 78-112
  Keyframes: [0, 78, 101, 112]
  Success detected: True
  Confidence: 0.56

--- Segment 161/300 ---

============================================================
Segment: VideoPlaceOrder_ep53_f1006-1071
  Subtask: place the cube onto the correct target
  Frames: 1006 - 1071
============================================================
  Loaded 66 frames
  Prefix scoring: 53.7s
  Rewards: [0.0, 0.35, 0.65, 0.59, 0.18, 1.0, 0.82, 0.94]
  Failed regions: [[22, 48], [48, 65]]
  Successful interval: 53-65
  Keyframes: [1, 53, 65]
  Success detected: True
  Confidence: 0.50

--- Segment 162/300 ---

============================================================
Segment: VideoPlaceOrder_ep53_f1006-1088
  Subtask: place the cube onto the correct target
  Frames: 1006 - 1088
============================================================
  Loaded 83 frames
  Prefix scoring: 54.3s
  Rewards: [0.35, 0.47, 0.71, 0.24, 0.94, 1.0, 0.59, 0.0]
  Failed regions: [[29, 50]]
  Successful interval: 35-60
  Keyframes: [1, 35, 36, 60, 82]
  Success detected: True
  Confidence: 0.80

--- Segment 163/300 ---

============================================================
Segment: VideoPlaceOrder_ep54_f799-913
  Subtask: pick up the cube
  Frames: 799 - 913
============================================================
  Loaded 115 frames
  Prefix scoring: 54.3s
  Rewards: [0.0, 0.11, 0.57, 1.0, 0.79, 0.57, 0.46, 1.0]
  Failed regions: [[55, 114]]
  Successful interval: 94-114
  Keyframes: [0, 94, 104, 114]
  Success detected: True
  Confidence: 0.70

--- Segment 164/300 ---

============================================================
Segment: VideoPlaceOrder_ep54_f914-1000
  Subtask: place the cube onto the correct target
  Frames: 914 - 1000
============================================================
  Loaded 87 frames
  Prefix scoring: 53.8s
  Rewards: [0.05, 0.27, 0.64, 0.59, 0.82, 0.0, 0.45, 1.0]
  Failed regions: [[52, 74]]
  Successful interval: 59-86
  Keyframes: [2, 59, 60, 86]
  Success detected: True
  Confidence: 0.90

--- Segment 165/300 ---

============================================================
Segment: VideoPlaceOrder_ep54_f914-1014
  Subtask: place the cube onto the correct target
  Frames: 914 - 1014
============================================================
  Loaded 101 frames
  Prefix scoring: 53.9s
  Rewards: [0.0, 0.19, 0.12, 1.0, 0.19, 0.19, 0.62, 0.88]
  Failed regions: [[48, 74], [48, 87]]
  Successful interval: 69-100
  Keyframes: [2, 69, 89, 100]
  Success detected: True
  Confidence: 0.72

--- Segment 166/300 ---

============================================================
Segment: VideoPlaceOrder_ep55_f1059-1170
  Subtask: pick up the cube
  Frames: 1059 - 1170
============================================================
  Loaded 112 frames
  Prefix scoring: 54.0s
  Rewards: [0.02, 0.0, 0.28, 0.6, 0.44, 0.56, 0.86, 1.0]
  Failed regions: [[53, 82]]
  Successful interval: 63-111
  Keyframes: [0, 63, 69, 111]
  Success detected: True
  Confidence: 0.73

--- Segment 167/300 ---

============================================================
Segment: VideoPlaceOrder_ep55_f1171-1239
  Subtask: place the cube onto the correct target
  Frames: 1171 - 1239
============================================================
  Loaded 69 frames
  Prefix scoring: 54.8s
  Rewards: [0.0, 0.47, 0.82, 0.71, 0.18, 1.0, 0.06, 0.53]
  Failed regions: [[23, 50]]
  Successful interval: 38-50
  Keyframes: [1, 38, 39, 50, 68]
  Success detected: True
  Confidence: 0.84

--- Segment 168/300 ---

============================================================
Segment: VideoPlaceOrder_ep55_f1171-1257
  Subtask: place the cube onto the correct target
  Frames: 1171 - 1257
============================================================
  Loaded 87 frames
  Prefix scoring: 53.9s
  Rewards: [0.0, 0.26, 1.0, 0.16, 0.21, 0.16, 0.58, 0.84]
  Failed regions: [[30, 52]]
  Successful interval: 59-86
  Keyframes: [1, 59, 74, 86]
  Success detected: True
  Confidence: 0.70

--- Segment 169/300 ---

============================================================
Segment: VideoPlaceOrder_ep56_f1061-1175
  Subtask: pick up the cube
  Frames: 1061 - 1175
============================================================
  Loaded 115 frames
  Prefix scoring: 54.0s
  Rewards: [0.04, 0.0, 0.56, 1.0, 0.63, 0.81, 0.78, 0.81]
  Failed regions: [[55, 84]]
  Successful interval: 94-114
  Keyframes: [0, 94, 103, 114]
  Success detected: True
  Confidence: 0.39

--- Segment 170/300 ---

============================================================
Segment: VideoPlaceOrder_ep56_f1176-1249
  Subtask: place the cube onto the correct target
  Frames: 1176 - 1249
============================================================
  Loaded 74 frames
  Prefix scoring: 53.9s
  Rewards: [0.0, 0.33, 1.0, 0.33, 0.33, 0.33, 0.5, 0.0]
  Failed regions: []
  Successful interval: 4-25
  Keyframes: [2, 4, 19, 25, 59]
  Success detected: True
  Confidence: 0.93

--- Segment 171/300 ---

============================================================
Segment: VideoPlaceOrder_ep56_f1176-1262
  Subtask: place the cube onto the correct target
  Frames: 1176 - 1262
============================================================
  Loaded 87 frames
  Prefix scoring: 54.0s
  Rewards: [0.0, 0.09, 0.27, 0.09, 0.73, 0.64, 0.0, 1.0]
  Failed regions: [[30, 52], [52, 86]]
  Successful interval: 70-86
  Keyframes: [2, 70, 74, 86]
  Success detected: True
  Confidence: 0.93

--- Segment 172/300 ---

============================================================
Segment: VideoPlaceOrder_ep57_f887-1001
  Subtask: pick up the cube
  Frames: 887 - 1001
============================================================
  Loaded 115 frames
  Prefix scoring: 54.2s
  Rewards: [0.03, 0.0, 0.57, 0.8, 0.53, 0.6, 0.67, 1.0]
  Failed regions: [[55, 84]]
  Successful interval: 64-114
  Keyframes: [0, 64, 71, 114]
  Success detected: True
  Confidence: 0.68

--- Segment 173/300 ---

============================================================
Segment: VideoPlaceOrder_ep57_f1002-1068
  Subtask: place the cube onto the correct target
  Frames: 1002 - 1068
============================================================
  Loaded 67 frames
  Prefix scoring: 53.8s
  Rewards: [0.55, 0.45, 0.18, 0.09, 0.0, 0.45, 1.0, 1.0]
  Failed regions: [[6, 48]]
  Successful interval: 37-57
  Keyframes: [1, 37, 41, 57, 66]
  Success detected: True
  Confidence: 0.91

--- Segment 174/300 ---

============================================================
Segment: VideoPlaceOrder_ep57_f1002-1081
  Subtask: place the cube onto the correct target
  Frames: 1002 - 1081
============================================================
  Loaded 80 frames
  Prefix scoring: 54.0s
  Rewards: [0.55, 0.36, 0.0, 0.64, 0.64, 1.0, 0.91, 0.82]
  Failed regions: [[8, 38]]
  Successful interval: 44-58
  Keyframes: [1, 44, 45, 58, 79]
  Success detected: True
  Confidence: 0.62

--- Segment 175/300 ---

============================================================
Segment: VideoPlaceOrder_ep58_f726-840
  Subtask: pick up the cube
  Frames: 726 - 840
============================================================
  Loaded 115 frames
  Prefix scoring: 54.2s
  Rewards: [0.04, 0.0, 0.64, 1.0, 0.82, 0.93, 0.79, 0.89]
  Failed regions: [[55, 84], [84, 114]]
  Successful interval: 94-114
  Keyframes: [0, 94, 104, 114]
  Success detected: True
  Confidence: 0.45

--- Segment 176/300 ---

============================================================
Segment: VideoPlaceOrder_ep58_f841-924
  Subtask: place the cube onto the correct target
  Frames: 841 - 924
============================================================
  Loaded 84 frames
  Prefix scoring: 54.0s
  Rewards: [0.25, 0.25, 0.22, 0.0, 0.84, 0.5, 0.5, 1.0]
  Failed regions: [[18, 50], [50, 72], [50, 83]]
  Successful interval: 68-83
  Keyframes: [1, 68, 83]
  Success detected: True
  Confidence: 0.71

--- Segment 177/300 ---

============================================================
Segment: VideoPlaceOrder_ep58_f841-938
  Subtask: place the cube onto the correct target
  Frames: 841 - 938
============================================================
  Loaded 98 frames
  Prefix scoring: 54.3s
  Rewards: [0.26, 0.13, 0.11, 0.47, 0.21, 0.0, 1.0, 0.58]
  Failed regions: [[9, 46], [46, 84]]
  Successful interval: 67-84
  Keyframes: [1, 67, 84, 85, 97]
  Success detected: True
  Confidence: 0.93

--- Segment 178/300 ---

============================================================
Segment: VideoPlaceOrder_ep59_f791-906
  Subtask: pick up the cube
  Frames: 791 - 906
============================================================
  Loaded 116 frames
  Prefix scoring: 54.4s
  Rewards: [0.0, 0.05, 0.45, 1.0, 0.86, 0.82, 0.45, 1.0]
  Failed regions: [[55, 115]]
  Successful interval: 95-115
  Keyframes: [0, 95, 104, 115]
  Success detected: True
  Confidence: 0.70

--- Segment 179/300 ---

============================================================
Segment: VideoPlaceOrder_ep59_f907-982
  Subtask: place the cube onto the correct target
  Frames: 907 - 982
============================================================
  Loaded 76 frames
  Prefix scoring: 53.9s
  Rewards: [0.35, 0.0, 0.2, 0.25, 0.25, 0.1, 0.35, 1.0]
  Failed regions: [[7, 36], [45, 65]]
  Successful interval: 52-75
  Keyframes: [0, 52, 53, 75]
  Success detected: True
  Confidence: 0.90

--- Segment 180/300 ---

============================================================
Segment: VideoPlaceOrder_ep59_f907-996
  Subtask: place the cube onto the correct target
  Frames: 907 - 996
============================================================
  Loaded 90 frames
  Prefix scoring: 54.1s
  Rewards: [0.0, 0.26, 0.21, 0.16, 0.26, 0.11, 1.0, 0.11]
  Failed regions: [[20, 54], [54, 77]]
  Successful interval: 62-77
  Keyframes: [0, 62, 77, 78, 89]
  Success detected: True
  Confidence: 0.91

--- Segment 181/300 ---

============================================================
Segment: VideoPlaceOrder_ep60_f911-1023
  Subtask: pick up the cube
  Frames: 911 - 1023
============================================================
  Loaded 113 frames
  Prefix scoring: 55.0s
  Rewards: [0.12, 0.0, 0.67, 1.0, 0.85, 0.94, 0.88, 0.82]
  Failed regions: [[54, 83]]
  Successful interval: 63-83
  Keyframes: [0, 63, 69, 83, 112]
  Success detected: True
  Confidence: 0.47

--- Segment 182/300 ---

============================================================
Segment: VideoPlaceOrder_ep60_f1024-1109
  Subtask: place the cube onto the correct target
  Frames: 1024 - 1109
============================================================
  Loaded 86 frames
  Prefix scoring: 54.0s
  Rewards: [0.0, 0.54, 0.23, 0.0, 0.38, 0.38, 0.92, 1.0]
  Failed regions: [[19, 52]]
  Successful interval: 59-85
  Keyframes: [1, 59, 62, 85]
  Success detected: True
  Confidence: 0.76

--- Segment 183/300 ---

============================================================
Segment: VideoPlaceOrder_ep60_f1024-1124
  Subtask: place the cube onto the correct target
  Frames: 1024 - 1124
============================================================
  Loaded 101 frames
  Prefix scoring: 54.1s
  Rewards: [0.0, 0.09, 0.09, 1.0, 0.45, 1.0, 0.55, 1.0]
  Failed regions: [[48, 74], [74, 100]]
  Successful interval: 82-100
  Keyframes: [7, 82, 87, 100]
  Success detected: True
  Confidence: 0.68

--- Segment 184/300 ---

============================================================
Segment: VideoPlaceOrder_ep61_f792-904
  Subtask: pick up the cube
  Frames: 792 - 904
============================================================
  Loaded 113 frames
  Prefix scoring: 54.1s
  Rewards: [0.0, 0.12, 0.56, 1.0, 0.8, 0.96, 0.96, 0.84]
  Failed regions: [[54, 83]]
  Successful interval: 63-83
  Keyframes: [0, 63, 69, 83, 112]
  Success detected: True
  Confidence: 0.51

--- Segment 185/300 ---

============================================================
Segment: VideoPlaceOrder_ep61_f905-982
  Subtask: place the cube onto the correct target
  Frames: 905 - 982
============================================================
  Loaded 78 frames
  Prefix scoring: 53.9s
  Rewards: [0.0, 0.0, 0.0, 0.0, 0.19, 1.0, 0.56, 0.44]
  Failed regions: []
  Successful interval: 34-57
  Keyframes: [0, 34, 54, 57, 77]
  Success detected: True
  Confidence: 0.95

--- Segment 186/300 ---

============================================================
Segment: VideoPlaceOrder_ep61_f905-996
  Subtask: place the cube onto the correct target
  Frames: 905 - 996
============================================================
  Loaded 92 frames
  Prefix scoring: 54.1s
  Rewards: [0.27, 0.14, 0.0, 0.5, 0.5, 0.64, 0.86, 1.0]
  Failed regions: [[9, 44]]
  Successful interval: 51-91
  Keyframes: [4, 51, 54, 91]
  Success detected: True
  Confidence: 0.70

--- Segment 187/300 ---

============================================================
Segment: VideoPlaceOrder_ep62_f756-868
  Subtask: pick up the cube
  Frames: 756 - 868
============================================================
  Loaded 113 frames
  Prefix scoring: 54.4s
  Rewards: [0.0, 0.08, 0.28, 0.64, 0.6, 0.32, 0.64, 1.0]
  Failed regions: [[54, 97]]
  Successful interval: 78-112
  Keyframes: [0, 78, 102, 112]
  Success detected: True
  Confidence: 0.78

--- Segment 188/300 ---

============================================================
Segment: VideoPlaceOrder_ep62_f869-939
  Subtask: place the cube onto the correct target
  Frames: 869 - 939
============================================================
  Loaded 71 frames
  Prefix scoring: 54.0s
  Rewards: [0.0, 0.23, 0.62, 0.92, 1.0, 0.46, 1.0, 0.54]
  Failed regions: [[43, 61]]
  Successful interval: 49-61
  Keyframes: [2, 49, 50, 61, 70]
  Success detected: True
  Confidence: 0.70

--- Segment 189/300 ---

============================================================
Segment: VideoPlaceOrder_ep62_f869-957
  Subtask: place the cube onto the correct target
  Frames: 869 - 957
============================================================
  Loaded 89 frames
  Prefix scoring: 54.1s
  Rewards: [0.0, 0.0, 0.08, 0.69, 0.62, 1.0, 0.08, 0.77]
  Failed regions: []
  Successful interval: 49-65
  Keyframes: [2, 49, 65, 66, 87]
  Success detected: True
  Confidence: 0.67

--- Segment 190/300 ---

============================================================
Segment: VideoPlaceOrder_ep63_f1135-1247
  Subtask: pick up the cube
  Frames: 1135 - 1247
============================================================
  Loaded 113 frames
  Prefix scoring: 54.1s
  Rewards: [0.0, 0.18, 0.45, 0.77, 0.59, 0.82, 0.95, 1.0]
  Failed regions: [[54, 83]]
  Successful interval: 63-112
  Keyframes: [0, 63, 69, 112]
  Success detected: True
  Confidence: 0.64

--- Segment 191/300 ---

============================================================
Segment: VideoPlaceOrder_ep63_f1248-1316
  Subtask: place the cube onto the correct target
  Frames: 1248 - 1316
============================================================
  Loaded 69 frames
  Prefix scoring: 54.4s
  Rewards: [0.0, 0.23, 0.3, 0.57, 0.57, 1.0, 0.6, 0.83]
  Failed regions: [[50, 68]]
  Successful interval: 56-68
  Keyframes: [0, 56, 68]
  Success detected: True
  Confidence: 0.49

--- Segment 192/300 ---

============================================================
Segment: VideoPlaceOrder_ep63_f1248-1334
  Subtask: place the cube onto the correct target
  Frames: 1248 - 1334
============================================================
  Loaded 87 frames
  Prefix scoring: 54.0s
  Rewards: [0.05, 0.0, 0.0, 0.65, 0.6, 0.65, 0.85, 1.0]
  Failed regions: []
  Successful interval: 48-86
  Keyframes: [0, 48, 73, 86]
  Success detected: True
  Confidence: 0.67

--- Segment 193/300 ---

============================================================
Segment: VideoPlaceOrder_ep64_f943-1055
  Subtask: pick up the cube
  Frames: 943 - 1055
============================================================
  Loaded 113 frames
  Prefix scoring: 54.0s
  Rewards: [0.0, 0.04, 0.54, 0.64, 0.57, 0.61, 0.86, 1.0]
  Failed regions: []
  Successful interval: 63-112
  Keyframes: [0, 63, 69, 112]
  Success detected: True
  Confidence: 0.67

--- Segment 194/300 ---

============================================================
Segment: VideoPlaceOrder_ep64_f1056-1127
  Subtask: place the cube onto the correct target
  Frames: 1056 - 1127
============================================================
  Loaded 72 frames
  Prefix scoring: 53.8s
  Rewards: [0.33, 0.33, 0.5, 0.0, 0.71, 1.0, 0.92, 0.92]
  Failed regions: [[25, 43]]
  Successful interval: 31-52
  Keyframes: [2, 31, 49, 52, 71]
  Success detected: True
  Confidence: 0.88

--- Segment 195/300 ---

============================================================
Segment: VideoPlaceOrder_ep64_f1056-1140
  Subtask: place the cube onto the correct target
  Frames: 1056 - 1140
============================================================
  Loaded 85 frames
  Prefix scoring: 54.0s
  Rewards: [0.0, 0.26, 0.11, 0.0, 0.74, 0.47, 1.0, 0.89]
  Failed regions: [[18, 51], [51, 73]]
  Successful interval: 58-73
  Keyframes: [0, 58, 73, 74, 84]
  Success detected: True
  Confidence: 0.72

--- Segment 196/300 ---

============================================================
Segment: VideoPlaceOrder_ep65_f713-827
  Subtask: pick up the cube
  Frames: 713 - 827
============================================================
  Loaded 115 frames
  Prefix scoring: 54.2s
  Rewards: [0.0, 0.08, 0.54, 0.88, 0.5, 0.88, 0.96, 1.0]
  Failed regions: [[55, 84]]
  Successful interval: 64-114
  Keyframes: [0, 64, 103, 114]
  Success detected: True
  Confidence: 0.68

--- Segment 197/300 ---

============================================================
Segment: VideoPlaceOrder_ep65_f828-895
  Subtask: place the cube onto the correct target
  Frames: 828 - 895
============================================================
  Loaded 68 frames
  Prefix scoring: 53.9s
  Rewards: [0.2, 0.0, 0.4, 0.0, 0.8, 1.0, 0.8, 0.9]
  Failed regions: [[23, 49], [49, 67]]
  Successful interval: 55-67
  Keyframes: [2, 55, 67]
  Success detected: True
  Confidence: 0.48

--- Segment 198/300 ---

============================================================
Segment: VideoPlaceOrder_ep65_f828-911
  Subtask: place the cube onto the correct target
  Frames: 828 - 911
============================================================
  Loaded 84 frames
  Prefix scoring: 53.9s
  Rewards: [0.0, 0.54, 0.62, 0.69, 0.38, 0.77, 0.77, 1.0]
  Failed regions: [[40, 61]]
  Successful interval: 68-83
  Keyframes: [2, 68, 69, 83]
  Success detected: True
  Confidence: 0.57

--- Segment 199/300 ---

============================================================
Segment: VideoPlaceOrder_ep66_f942-1056
  Subtask: pick up the cube
  Frames: 942 - 1056
============================================================
  Loaded 115 frames
  Prefix scoring: 54.1s
  Rewards: [0.04, 0.0, 0.46, 1.0, 0.33, 0.67, 0.75, 1.0]
  Failed regions: [[55, 84]]
  Successful interval: 64-114
  Keyframes: [0, 64, 72, 114]
  Success detected: True
  Confidence: 0.76

--- Segment 200/300 ---

============================================================
Segment: VideoPlaceOrder_ep66_f1057-1127
  Subtask: place the cube onto the correct target
  Frames: 1057 - 1127
============================================================
  Loaded 71 frames
  Prefix scoring: 54.0s
  Rewards: [0.05, 0.0, 0.59, 0.45, 1.0, 0.18, 0.32, 0.45]
  Failed regions: [[25, 43]]
  Successful interval: 31-43
  Keyframes: [0, 31, 38, 43, 60]
  Success detected: True
  Confidence: 0.74

--- Segment 201/300 ---

============================================================
Segment: VideoPlaceOrder_ep66_f1057-1145
  Subtask: place the cube onto the correct target
  Frames: 1057 - 1145
============================================================
  Loaded 89 frames
  Prefix scoring: 53.9s
  Rewards: [0.23, 0.27, 0.77, 1.0, 0.27, 0.5, 0.0, 0.73]
  Failed regions: []
  Successful interval: 4-42
  Keyframes: [2, 4, 14, 42, 86]
  Success detected: True
  Confidence: 0.81

--- Segment 202/300 ---

============================================================
Segment: VideoPlaceOrder_ep67_f923-1035
  Subtask: pick up the cube
  Frames: 923 - 1035
============================================================
  Loaded 113 frames
  Prefix scoring: 54.2s
  Rewards: [0.0, 0.0, 0.48, 1.0, 0.9, 0.43, 0.71, 0.86]
  Failed regions: [[54, 97]]
  Successful interval: 78-112
  Keyframes: [0, 78, 102, 112]
  Success detected: True
  Confidence: 0.58

--- Segment 203/300 ---

============================================================
Segment: VideoPlaceOrder_ep67_f1036-1101
  Subtask: place the cube onto the correct target
  Frames: 1036 - 1101
============================================================
  Loaded 66 frames
  Prefix scoring: 53.8s
  Rewards: [0.5, 0.1, 1.0, 0.1, 0.5, 0.2, 0.2, 0.0]
  Failed regions: [[6, 22]]
  Successful interval: 11-22
  Keyframes: [0, 11, 15, 22, 51]
  Success detected: True
  Confidence: 0.90

--- Segment 204/300 ---

============================================================
Segment: VideoPlaceOrder_ep67_f1036-1114
  Subtask: place the cube onto the correct target
  Frames: 1036 - 1114
============================================================
  Loaded 79 frames
  Prefix scoring: 53.9s
  Rewards: [0.62, 0.0, 0.12, 0.12, 1.0, 0.38, 0.62, 0.62]
  Failed regions: [[7, 27]]
  Successful interval: 34-47
  Keyframes: [0, 34, 40, 47, 78]
  Success detected: True
  Confidence: 0.86

--- Segment 205/300 ---

============================================================
Segment: VideoPlaceOrder_ep68_f1094-1206
  Subtask: pick up the cube
  Frames: 1094 - 1206
============================================================
  Loaded 113 frames
  Prefix scoring: 54.1s
  Rewards: [0.06, 0.0, 0.6, 0.63, 0.74, 0.77, 0.89, 1.0]
  Failed regions: []
  Successful interval: 20-112
  Keyframes: [0, 20, 102, 112]
  Success detected: True
  Confidence: 0.88

--- Segment 206/300 ---

============================================================
Segment: VideoPlaceOrder_ep68_f1207-1272
  Subtask: place the cube onto the correct target
  Frames: 1207 - 1272
============================================================
  Loaded 66 frames
  Prefix scoring: 53.8s
  Rewards: [0.87, 0.8, 0.67, 0.4, 0.0, 1.0, 0.53, 1.0]
  Failed regions: [[6, 48], [48, 65]]
  Successful interval: 53-65
  Keyframes: [0, 53, 65]
  Success detected: True
  Confidence: 0.66

--- Segment 207/300 ---

============================================================
Segment: VideoPlaceOrder_ep68_f1207-1285
  Subtask: place the cube onto the correct target
  Frames: 1207 - 1285
============================================================
  Loaded 79 frames
  Prefix scoring: 53.8s
  Rewards: [0.67, 0.72, 0.44, 0.0, 0.72, 0.33, 1.0, 0.89]
  Failed regions: [[17, 47], [47, 67]]
  Successful interval: 54-67
  Keyframes: [0, 54, 67, 68, 78]
  Success detected: True
  Confidence: 0.75

--- Segment 208/300 ---

============================================================
Segment: VideoPlaceOrder_ep69_f1058-1170
  Subtask: pick up the cube
  Frames: 1058 - 1170
============================================================
  Loaded 113 frames
  Prefix scoring: 54.2s
  Rewards: [0.24, 0.0, 0.54, 0.86, 0.89, 1.0, 0.97, 0.92]
  Failed regions: []
  Successful interval: 20-83
  Keyframes: [0, 20, 69, 83, 111]
  Success detected: True
  Confidence: 0.86

--- Segment 209/300 ---

============================================================
Segment: VideoPlaceOrder_ep69_f1171-1255
  Subtask: place the cube onto the correct target
  Frames: 1171 - 1255
============================================================
  Loaded 85 frames
  Prefix scoring: 53.9s
  Rewards: [0.13, 0.2, 0.0, 0.13, 0.73, 0.53, 1.0, 0.53]
  Failed regions: [[51, 73]]
  Successful interval: 58-73
  Keyframes: [0, 58, 60, 73, 84]
  Success detected: True
  Confidence: 0.70

--- Segment 210/300 ---

============================================================
Segment: VideoPlaceOrder_ep69_f1171-1269
  Subtask: place the cube onto the correct target
  Frames: 1171 - 1269
============================================================
  Loaded 99 frames
  Prefix scoring: 54.1s
  Rewards: [0.23, 0.08, 0.0, 0.54, 0.92, 1.0, 0.38, 0.38]
  Failed regions: []
  Successful interval: 30-72
  Keyframes: [0, 30, 60, 72, 97]
  Success detected: True
  Confidence: 0.91

--- Segment 211/300 ---

============================================================
Segment: VideoPlaceOrder_ep70_f1077-1189
  Subtask: pick up the cube
  Frames: 1077 - 1189
============================================================
  Loaded 113 frames
  Prefix scoring: 54.1s
  Rewards: [0.0, 0.07, 0.32, 0.61, 0.59, 0.41, 0.71, 1.0]
  Failed regions: [[54, 97]]
  Successful interval: 78-112
  Keyframes: [0, 78, 101, 112]
  Success detected: True
  Confidence: 0.74

--- Segment 212/300 ---

============================================================
Segment: VideoPlaceOrder_ep70_f1190-1273
  Subtask: place the cube onto the correct target
  Frames: 1190 - 1273
============================================================
  Loaded 84 frames
  Prefix scoring: 53.8s
  Rewards: [0.0, 0.48, 0.24, 0.6, 0.84, 0.28, 0.32, 1.0]
  Failed regions: [[18, 50], [50, 72]]
  Successful interval: 57-83
  Keyframes: [3, 57, 59, 83]
  Success detected: True
  Confidence: 0.79

--- Segment 213/300 ---

============================================================
Segment: VideoPlaceOrder_ep70_f1190-1288
  Subtask: place the cube onto the correct target
  Frames: 1190 - 1288
============================================================
  Loaded 99 frames
  Prefix scoring: 54.3s
  Rewards: [0.11, 0.0, 0.5, 0.83, 0.44, 0.22, 1.0, 0.56]
  Failed regions: [[47, 85]]
  Successful interval: 68-85
  Keyframes: [0, 68, 85, 86, 98]
  Success detected: True
  Confidence: 0.82

--- Segment 214/300 ---

============================================================
Segment: VideoPlaceOrder_ep71_f724-836
  Subtask: pick up the cube
  Frames: 724 - 836
============================================================
  Loaded 113 frames
  Prefix scoring: 54.2s
  Rewards: [0.0, 0.04, 0.5, 1.0, 0.79, 0.5, 0.67, 1.0]
  Failed regions: [[54, 97]]
  Successful interval: 78-112
  Keyframes: [0, 78, 100, 112]
  Success detected: True
  Confidence: 0.69

--- Segment 215/300 ---

============================================================
Segment: VideoPlaceOrder_ep71_f837-906
  Subtask: place the cube onto the correct target
  Frames: 837 - 906
============================================================
  Loaded 70 frames
  Prefix scoring: 53.8s
  Rewards: [0.11, 0.11, 0.78, 0.33, 0.78, 0.0, 0.11, 1.0]
  Failed regions: [[24, 42], [42, 60]]
  Successful interval: 48-69
  Keyframes: [2, 48, 69]
  Success detected: True
  Confidence: 0.92

--- Segment 216/300 ---

============================================================
Segment: VideoPlaceOrder_ep71_f837-924
  Subtask: place the cube onto the correct target
  Frames: 837 - 924
============================================================
  Loaded 88 frames
  Prefix scoring: 54.0s
  Rewards: [0.39, 0.46, 0.25, 0.0, 0.07, 1.0, 0.39, 0.93]
  Failed regions: [[19, 64], [64, 87]]
  Successful interval: 71-87
  Keyframes: [0, 71, 72, 87]
  Success detected: True
  Confidence: 0.68

--- Segment 217/300 ---

============================================================
Segment: VideoPlaceOrder_ep72_f1102-1214
  Subtask: pick up the cube
  Frames: 1102 - 1214
============================================================
  Loaded 113 frames
  Prefix scoring: 54.1s
  Rewards: [0.1, 0.0, 0.72, 0.87, 0.69, 1.0, 0.97, 0.9]
  Failed regions: [[54, 83]]
  Successful interval: 63-83
  Keyframes: [0, 63, 68, 83, 112]
  Success detected: True
  Confidence: 0.59

--- Segment 218/300 ---

============================================================
Segment: VideoPlaceOrder_ep72_f1215-1281
  Subtask: place the cube onto the correct target
  Frames: 1215 - 1281
============================================================
  Loaded 67 frames
  Prefix scoring: 53.8s
  Rewards: [0.0, 0.19, 0.5, 0.62, 0.19, 1.0, 0.44, 0.69]
  Failed regions: [[31, 48]]
  Successful interval: 37-48
  Keyframes: [1, 37, 41, 48, 66]
  Success detected: True
  Confidence: 0.83

--- Segment 219/300 ---

============================================================
Segment: VideoPlaceOrder_ep72_f1215-1294
  Subtask: place the cube onto the correct target
  Frames: 1215 - 1294
============================================================
  Loaded 80 frames
  Prefix scoring: 53.9s
  Rewards: [0.0, 0.33, 0.27, 0.67, 0.8, 0.07, 0.2, 1.0]
  Failed regions: [[48, 68]]
  Successful interval: 54-79
  Keyframes: [1, 54, 72, 79]
  Success detected: True
  Confidence: 0.89

--- Segment 220/300 ---

============================================================
Segment: VideoPlaceOrder_ep73_f936-1049
  Subtask: pick up the cube
  Frames: 936 - 1049
============================================================
  Loaded 114 frames
  Prefix scoring: 54.3s
  Rewards: [0.17, 0.0, 0.61, 0.83, 0.72, 0.85, 0.8, 1.0]
  Failed regions: [[54, 83]]
  Successful interval: 93-113
  Keyframes: [0, 93, 104, 113]
  Success detected: True
  Confidence: 0.55

--- Segment 221/300 ---

============================================================
Segment: VideoPlaceOrder_ep73_f1050-1121
  Subtask: place the cube onto the correct target
  Frames: 1050 - 1121
============================================================
  Loaded 72 frames
  Prefix scoring: 53.8s
  Rewards: [0.8, 0.5, 0.65, 1.0, 0.0, 0.95, 0.95, 0.9]
  Failed regions: [[7, 34], [34, 52]]
  Successful interval: 40-52
  Keyframes: [0, 40, 46, 52, 71]
  Success detected: True
  Confidence: 0.81

--- Segment 222/300 ---

============================================================
Segment: VideoPlaceOrder_ep73_f1050-1134
  Subtask: place the cube onto the correct target
  Frames: 1050 - 1134
============================================================
  Loaded 85 frames
  Prefix scoring: 54.2s
  Rewards: [0.17, 0.0, 0.0, 0.06, 0.72, 0.39, 0.22, 1.0]
  Failed regions: [[51, 84]]
  Successful interval: 69-84
  Keyframes: [0, 69, 76, 84]
  Success detected: True
  Confidence: 0.85

--- Segment 223/300 ---

============================================================
Segment: VideoPlaceOrder_ep74_f912-1024
  Subtask: pick up the cube
  Frames: 912 - 1024
============================================================
  Loaded 113 frames
  Prefix scoring: 54.1s
  Rewards: [0.1, 0.0, 0.41, 0.66, 0.66, 0.69, 1.0, 0.97]
  Failed regions: []
  Successful interval: 63-97
  Keyframes: [0, 63, 69, 97, 112]
  Success detected: True
  Confidence: 0.63

--- Segment 224/300 ---

============================================================
Segment: VideoPlaceOrder_ep74_f1025-1093
  Subtask: place the cube onto the correct target
  Frames: 1025 - 1093
============================================================
  Loaded 69 frames
  Prefix scoring: 54.0s
  Rewards: [0.23, 0.31, 0.0, 0.31, 0.38, 1.0, 0.77, 0.08]
  Failed regions: [[14, 32]]
  Successful interval: 20-50
  Keyframes: [0, 20, 43, 50, 68]
  Success detected: True
  Confidence: 0.92

--- Segment 225/300 ---

============================================================
Segment: VideoPlaceOrder_ep74_f1025-1106
  Subtask: place the cube onto the correct target
  Frames: 1025 - 1106
============================================================
  Loaded 82 frames
  Prefix scoring: 54.1s
  Rewards: [0.0, 0.13, 0.09, 0.35, 0.26, 0.26, 0.61, 1.0]
  Failed regions: [[39, 60], [39, 70]]
  Successful interval: 56-81
  Keyframes: [1, 56, 73, 81]
  Success detected: True
  Confidence: 0.83

--- Segment 226/300 ---

============================================================
Segment: VideoPlaceOrder_ep75_f735-847
  Subtask: pick up the cube
  Frames: 735 - 847
============================================================
  Loaded 113 frames
  Prefix scoring: 54.2s
  Rewards: [0.0, 0.02, 0.32, 0.63, 0.54, 0.51, 0.8, 1.0]
  Failed regions: [[54, 97]]
  Successful interval: 78-112
  Keyframes: [0, 78, 101, 112]
  Success detected: True
  Confidence: 0.70

--- Segment 227/300 ---

============================================================
Segment: VideoPlaceOrder_ep75_f848-920
  Subtask: place the cube onto the correct target
  Frames: 848 - 920
============================================================
  Loaded 73 frames
  Prefix scoring: 53.8s
  Rewards: [0.0, 0.14, 0.41, 0.09, 0.77, 0.64, 0.09, 1.0]
  Failed regions: [[25, 44], [44, 72]]
  Successful interval: 59-72
  Keyframes: [3, 59, 72]
  Success detected: True
  Confidence: 0.89

--- Segment 228/300 ---

============================================================
Segment: VideoPlaceOrder_ep75_f848-933
  Subtask: place the cube onto the correct target
  Frames: 848 - 933
============================================================
  Loaded 86 frames
  Prefix scoring: 54.1s
  Rewards: [0.07, 0.15, 0.26, 0.0, 0.52, 0.41, 0.78, 1.0]
  Failed regions: [[30, 52], [52, 74]]
  Successful interval: 59-85
  Keyframes: [1, 59, 78, 85]
  Success detected: True
  Confidence: 0.76

--- Segment 229/300 ---

============================================================
Segment: VideoPlaceOrder_ep76_f925-1038
  Subtask: pick up the cube
  Frames: 925 - 1038
============================================================
  Loaded 114 frames
  Prefix scoring: 54.5s
  Rewards: [0.0, 0.08, 0.73, 0.92, 0.54, 0.77, 1.0, 1.0]
  Failed regions: [[54, 83]]
  Successful interval: 64-98
  Keyframes: [0, 64, 70, 98, 113]
  Success detected: True
  Confidence: 0.66

--- Segment 230/300 ---

============================================================
Segment: VideoPlaceOrder_ep76_f1039-1123
  Subtask: place the cube onto the correct target
  Frames: 1039 - 1123
============================================================
  Loaded 85 frames
  Prefix scoring: 54.0s
  Rewards: [0.17, 0.0, 0.28, 0.0, 0.94, 0.5, 0.33, 1.0]
  Failed regions: [[29, 51], [51, 84]]
  Successful interval: 69-84
  Keyframes: [0, 69, 84]
  Success detected: True
  Confidence: 0.79

--- Segment 231/300 ---

============================================================
Segment: VideoPlaceOrder_ep76_f1039-1137
  Subtask: place the cube onto the correct target
  Frames: 1039 - 1137
============================================================
  Loaded 99 frames
  Prefix scoring: 54.3s
  Rewards: [0.36, 0.0, 0.28, 0.6, 0.44, 0.28, 1.0, 0.72]
  Failed regions: [[9, 47], [47, 85]]
  Successful interval: 68-85
  Keyframes: [0, 68, 85, 86, 98]
  Success detected: True
  Confidence: 0.80

--- Segment 232/300 ---

============================================================
Segment: VideoPlaceOrder_ep77_f921-1035
  Subtask: pick up the cube
  Frames: 921 - 1035
============================================================
  Loaded 115 frames
  Prefix scoring: 54.3s
  Rewards: [0.0, 0.04, 0.61, 0.89, 0.64, 0.68, 0.75, 1.0]
  Failed regions: [[55, 84]]
  Successful interval: 64-114
  Keyframes: [0, 64, 102, 114]
  Success detected: True
  Confidence: 0.63

--- Segment 233/300 ---

============================================================
Segment: VideoPlaceOrder_ep77_f1036-1109
  Subtask: place the cube onto the correct target
  Frames: 1036 - 1109
============================================================
  Loaded 74 frames
  Prefix scoring: 53.9s
  Rewards: [0.0, 0.56, 0.11, 0.89, 1.0, 0.44, 0.56, 0.67]
  Failed regions: [[16, 35]]
  Successful interval: 22-44
  Keyframes: [3, 22, 42, 44, 62]
  Success detected: True
  Confidence: 0.85

--- Segment 234/300 ---

============================================================
Segment: VideoPlaceOrder_ep77_f1036-1128
  Subtask: place the cube onto the correct target
  Frames: 1036 - 1128
============================================================
  Loaded 93 frames
  Prefix scoring: 53.9s
  Rewards: [0.0, 0.3, 0.0, 0.7, 0.7, 1.0, 0.6, 0.8]
  Failed regions: [[20, 44], [68, 92]]
  Successful interval: 76-92
  Keyframes: [1, 76, 77, 92]
  Success detected: True
  Confidence: 0.46

--- Segment 235/300 ---

============================================================
Segment: VideoPlaceOrder_ep78_f1065-1177
  Subtask: pick up the cube
  Frames: 1065 - 1177
============================================================
  Loaded 113 frames
  Prefix scoring: 54.3s
  Rewards: [0.0, 0.17, 0.55, 1.0, 0.59, 0.69, 0.93, 1.0]
  Failed regions: [[54, 83]]
  Successful interval: 63-112
  Keyframes: [0, 63, 68, 112]
  Success detected: True
  Confidence: 0.64

--- Segment 236/300 ---

============================================================
Segment: VideoPlaceOrder_ep78_f1178-1254
  Subtask: place the cube onto the correct target
  Frames: 1178 - 1254
============================================================
  Loaded 77 frames
  Prefix scoring: 54.0s
  Rewards: [0.11, 0.44, 0.0, 0.44, 1.0, 0.52, 0.81, 0.67]
  Failed regions: [[16, 46], [46, 66]]
  Successful interval: 53-66
  Keyframes: [3, 53, 54, 66, 76]
  Success detected: True
  Confidence: 0.51

--- Segment 237/300 ---

============================================================
Segment: VideoPlaceOrder_ep78_f1178-1268
  Subtask: place the cube onto the correct target
  Frames: 1178 - 1268
============================================================
  Loaded 91 frames
  Prefix scoring: 54.2s
  Rewards: [0.05, 0.48, 0.14, 1.0, 0.0, 0.81, 0.62, 0.86]
  Failed regions: [[20, 43], [43, 66], [66, 90]]
  Successful interval: 74-90
  Keyframes: [0, 74, 78, 90]
  Success detected: True
  Confidence: 0.51

--- Segment 238/300 ---

============================================================
Segment: VideoPlaceOrder_ep79_f752-864
  Subtask: pick up the cube
  Frames: 752 - 864
============================================================
  Loaded 113 frames
  Prefix scoring: 54.0s
  Rewards: [0.0, 0.0, 0.52, 0.78, 0.74, 0.65, 0.48, 1.0]
  Failed regions: [[54, 112]]
  Successful interval: 92-112
  Keyframes: [0, 92, 102, 112]
  Success detected: True
  Confidence: 0.70

--- Segment 239/300 ---

============================================================
Segment: VideoPlaceOrder_ep79_f865-935
  Subtask: place the cube onto the correct target
  Frames: 865 - 935
============================================================
  Loaded 71 frames
  Prefix scoring: 53.8s
  Rewards: [0.31, 0.0, 0.56, 0.5, 0.88, 0.81, 1.0, 0.88]
  Failed regions: [[7, 25]]
  Successful interval: 49-61
  Keyframes: [2, 49, 50, 61, 70]
  Success detected: True
  Confidence: 0.55

--- Segment 240/300 ---

============================================================
Segment: VideoPlaceOrder_ep79_f865-952
  Subtask: place the cube onto the correct target
  Frames: 865 - 952
============================================================
  Loaded 88 frames
  Prefix scoring: 54.1s
  Rewards: [0.0, 0.2, 0.1, 0.55, 0.6, 0.75, 0.55, 1.0]
  Failed regions: [[64, 87]]
  Successful interval: 71-87
  Keyframes: [0, 71, 72, 87]
  Success detected: True
  Confidence: 0.69

--- Segment 241/300 ---

============================================================
Segment: VideoPlaceOrder_ep80_f766-880
  Subtask: pick up the cube
  Frames: 766 - 880
============================================================
  Loaded 115 frames
  Prefix scoring: 54.1s
  Rewards: [0.0, 0.0, 0.59, 0.81, 0.63, 0.85, 0.89, 1.0]
  Failed regions: [[55, 84]]
  Successful interval: 64-114
  Keyframes: [0, 64, 103, 114]
  Success detected: True
  Confidence: 0.63

--- Segment 242/300 ---

============================================================
Segment: VideoPlaceOrder_ep80_f881-950
  Subtask: place the cube onto the correct target
  Frames: 881 - 950
============================================================
  Loaded 70 frames
  Prefix scoring: 53.9s
  Rewards: [0.83, 1.0, 1.0, 0.83, 0.33, 0.67, 0.0, 1.0]
  Failed regions: [[24, 51], [51, 69]]
  Successful interval: 57-69
  Keyframes: [0, 57, 69]
  Success detected: True
  Confidence: 0.86

--- Segment 243/300 ---

============================================================
Segment: VideoPlaceOrder_ep80_f881-968
  Subtask: place the cube onto the correct target
  Frames: 881 - 968
============================================================
  Loaded 88 frames
  Prefix scoring: 54.0s
  Rewards: [0.2, 0.7, 0.1, 0.0, 0.0, 0.7, 1.0, 0.5]
  Failed regions: [[19, 53], [19, 64]]
  Successful interval: 49-75
  Keyframes: [2, 49, 74, 75, 87]
  Success detected: True
  Confidence: 0.92

--- Segment 244/300 ---

============================================================
Segment: VideoPlaceOrder_ep81_f1066-1178
  Subtask: pick up the cube
  Frames: 1066 - 1178
============================================================
  Loaded 113 frames
  Prefix scoring: 54.3s
  Rewards: [0.19, 0.0, 0.71, 0.88, 0.88, 0.98, 1.0, 0.98]
  Failed regions: []
  Successful interval: 63-97
  Keyframes: [0, 63, 69, 97, 112]
  Success detected: True
  Confidence: 0.51

--- Segment 245/300 ---

============================================================
Segment: VideoPlaceOrder_ep81_f1179-1245
  Subtask: place the cube onto the correct target
  Frames: 1179 - 1245
============================================================
  Loaded 67 frames
  Prefix scoring: 53.8s
  Rewards: [0.0, 0.25, 0.62, 0.19, 0.5, 1.0, 1.0, 0.62]
  Failed regions: [[23, 40]]
  Successful interval: 28-48
  Keyframes: [1, 28, 41, 48, 66]
  Success detected: True
  Confidence: 0.82

--- Segment 246/300 ---

============================================================
Segment: VideoPlaceOrder_ep81_f1179-1258
  Subtask: place the cube onto the correct target
  Frames: 1179 - 1258
============================================================
  Loaded 80 frames
  Prefix scoring: 53.9s
  Rewards: [0.0, 0.2, 0.47, 0.2, 1.0, 1.0, 0.53, 0.53]
  Failed regions: [[28, 48]]
  Successful interval: 34-48
  Keyframes: [1, 34, 41, 48, 71]
  Success detected: True
  Confidence: 0.82

--- Segment 247/300 ---

============================================================
Segment: VideoPlaceOrder_ep82_f1101-1213
  Subtask: pick up the cube
  Frames: 1101 - 1213
============================================================
  Loaded 113 frames
  Prefix scoring: 54.2s
  Rewards: [0.0, 0.09, 0.47, 0.78, 0.78, 0.69, 0.66, 1.0]
  Failed regions: [[68, 112]]
  Successful interval: 92-112
  Keyframes: [0, 92, 102, 112]
  Success detected: True
  Confidence: 0.63

--- Segment 248/300 ---

============================================================
Segment: VideoPlaceOrder_ep82_f1214-1286
  Subtask: place the cube onto the correct target
  Frames: 1214 - 1286
============================================================
  Loaded 73 frames
  Prefix scoring: 53.9s
  Rewards: [0.0, 0.13, 0.07, 0.87, 0.8, 0.53, 1.0, 0.67]
  Failed regions: [[34, 62]]
  Successful interval: 50-62
  Keyframes: [6, 50, 51, 62, 72]
  Success detected: True
  Confidence: 0.69

--- Segment 249/300 ---

============================================================
Segment: VideoPlaceOrder_ep82_f1214-1303
  Subtask: place the cube onto the correct target
  Frames: 1214 - 1303
============================================================
  Loaded 90 frames
  Prefix scoring: 54.0s
  Rewards: [0.0, 0.35, 0.65, 0.82, 0.53, 1.0, 0.65, 1.0]
  Failed regions: [[43, 66], [66, 89]]
  Successful interval: 73-89
  Keyframes: [0, 73, 74, 89]
  Success detected: True
  Confidence: 0.62

--- Segment 250/300 ---

============================================================
Segment: VideoPlaceOrder_ep83_f735-848
  Subtask: pick up the cube
  Frames: 735 - 848
============================================================
  Loaded 114 frames
  Prefix scoring: 54.1s
  Rewards: [0.0, 0.08, 0.65, 1.0, 0.73, 0.81, 0.73, 0.77]
  Failed regions: [[54, 83]]
  Successful interval: 64-83
  Keyframes: [0, 64, 70, 83, 113]
  Success detected: True
  Confidence: 0.40

--- Segment 251/300 ---

============================================================
Segment: VideoPlaceOrder_ep83_f849-915
  Subtask: place the cube onto the correct target
  Frames: 849 - 915
============================================================
  Loaded 67 frames
  Prefix scoring: 53.8s
  Rewards: [0.17, 0.0, 0.65, 0.61, 0.43, 1.0, 0.74, 0.96]
  Failed regions: [[23, 48], [48, 66]]
  Successful interval: 54-66
  Keyframes: [0, 54, 66]
  Success detected: True
  Confidence: 0.55

--- Segment 252/300 ---

============================================================
Segment: VideoPlaceOrder_ep83_f849-928
  Subtask: place the cube onto the correct target
  Frames: 849 - 928
============================================================
  Loaded 80 frames
  Prefix scoring: 54.1s
  Rewards: [0.19, 0.24, 0.0, 0.0, 0.9, 0.24, 0.81, 1.0]
  Failed regions: [[48, 68]]
  Successful interval: 54-79
  Keyframes: [0, 54, 71, 79]
  Success detected: True
  Confidence: 0.82

--- Segment 253/300 ---

============================================================
Segment: VideoPlaceOrder_ep84_f954-1068
  Subtask: pick up the cube
  Frames: 954 - 1068
============================================================
  Loaded 115 frames
  Prefix scoring: 54.2s
  Rewards: [0.1, 0.0, 0.54, 0.85, 0.74, 0.74, 0.77, 1.0]
  Failed regions: [[55, 84], [55, 99]]
  Successful interval: 79-114
  Keyframes: [0, 79, 102, 114]
  Success detected: True
  Confidence: 0.58

--- Segment 254/300 ---

============================================================
Segment: VideoPlaceOrder_ep84_f1069-1150
  Subtask: place the cube onto the correct target
  Frames: 1069 - 1150
============================================================
  Loaded 82 frames
  Prefix scoring: 53.9s
  Rewards: [0.38, 0.0, 0.23, 0.31, 1.0, 0.65, 0.54, 0.65]
  Failed regions: [[8, 28]]
  Successful interval: 14-49
  Keyframes: [2, 14, 25, 49, 69]
  Success detected: True
  Confidence: 0.91

--- Segment 255/300 ---

============================================================
Segment: VideoPlaceOrder_ep84_f1069-1165
  Subtask: place the cube onto the correct target
  Frames: 1069 - 1165
============================================================
  Loaded 97 frames
  Prefix scoring: 54.0s
  Rewards: [0.0, 0.0, 0.21, 1.0, 0.54, 0.58, 0.54, 0.75]
  Failed regions: []
  Successful interval: 17-46
  Keyframes: [0, 17, 25, 46, 76]
  Success detected: True
  Confidence: 0.91

--- Segment 256/300 ---

============================================================
Segment: VideoPlaceOrder_ep85_f723-835
  Subtask: pick up the cube
  Frames: 723 - 835
============================================================
  Loaded 113 frames
  Prefix scoring: 54.1s
  Rewards: [0.04, 0.0, 0.67, 1.0, 0.48, 0.7, 0.78, 0.81]
  Failed regions: [[54, 83]]
  Successful interval: 63-112
  Keyframes: [0, 63, 69, 112]
  Success detected: True
  Confidence: 0.51

--- Segment 257/300 ---

============================================================
Segment: VideoPlaceOrder_ep85_f836-907
  Subtask: place the cube onto the correct target
  Frames: 836 - 907
============================================================
  Loaded 72 frames
  Prefix scoring: 53.9s
  Rewards: [0.5, 0.0, 0.39, 0.33, 0.56, 0.94, 0.78, 1.0]
  Failed regions: [[7, 25], [52, 71]]
  Successful interval: 58-71
  Keyframes: [2, 58, 71]
  Success detected: True
  Confidence: 0.58

--- Segment 258/300 ---

============================================================
Segment: VideoPlaceOrder_ep85_f836-924
  Subtask: place the cube onto the correct target
  Frames: 836 - 924
============================================================
  Loaded 89 frames
  Prefix scoring: 54.0s
  Rewards: [0.27, 0.13, 0.07, 1.0, 0.0, 0.33, 0.33, 0.6]
  Failed regions: [[8, 42]]
  Successful interval: 26-42
  Keyframes: [2, 26, 42, 43, 64]
  Success detected: True
  Confidence: 0.91

--- Segment 259/300 ---

============================================================
Segment: VideoPlaceOrder_ep86_f967-1083
  Subtask: pick up the cube
  Frames: 967 - 1083
============================================================
  Loaded 117 frames
  Prefix scoring: 54.0s
  Rewards: [0.0, 0.2, 0.67, 1.0, 0.6, 1.0, 0.73, 0.6]
  Failed regions: [[56, 86]]
  Successful interval: 66-86
  Keyframes: [0, 66, 69, 86, 115]
  Success detected: True
  Confidence: 0.64

--- Segment 260/300 ---

============================================================
Segment: VideoPlaceOrder_ep86_f1084-1158
  Subtask: place the cube onto the correct target
  Frames: 1084 - 1158
============================================================
  Loaded 75 frames
  Prefix scoring: 53.8s
  Rewards: [0.0, 0.45, 0.32, 0.32, 0.5, 1.0, 0.95, 1.0]
  Failed regions: [[16, 54], [16, 54]]
  Successful interval: 61-74
  Keyframes: [0, 61, 74]
  Success detected: True
  Confidence: 0.50

--- Segment 261/300 ---

============================================================
Segment: VideoPlaceOrder_ep86_f1084-1174
  Subtask: place the cube onto the correct target
  Frames: 1084 - 1174
============================================================
  Loaded 91 frames
  Prefix scoring: 54.1s
  Rewards: [0.09, 0.0, 0.18, 0.82, 1.0, 1.0, 0.55, 0.91]
  Failed regions: [[66, 90]]
  Successful interval: 74-90
  Keyframes: [0, 74, 75, 90]
  Success detected: True
  Confidence: 0.58

--- Segment 262/300 ---

============================================================
Segment: VideoPlaceOrder_ep87_f1113-1225
  Subtask: pick up the cube
  Frames: 1113 - 1225
============================================================
  Loaded 113 frames
  Prefix scoring: 54.2s
  Rewards: [0.0, 0.08, 0.48, 1.0, 0.64, 0.6, 0.76, 0.52]
  Failed regions: []
  Successful interval: 6-54
  Keyframes: [0, 6, 42, 54, 82]
  Success detected: True
  Confidence: 0.90

--- Segment 263/300 ---

============================================================
Segment: VideoPlaceOrder_ep87_f1226-1293
  Subtask: place the cube onto the correct target
  Frames: 1226 - 1293
============================================================
  Loaded 68 frames
  Prefix scoring: 53.8s
  Rewards: [0.11, 0.0, 0.44, 0.39, 0.0, 0.5, 1.0, 0.61]
  Failed regions: [[23, 49]]
  Successful interval: 37-58
  Keyframes: [0, 37, 42, 58, 67]
  Success detected: True
  Confidence: 0.92

--- Segment 264/300 ---

============================================================
Segment: VideoPlaceOrder_ep87_f1226-1306
  Subtask: place the cube onto the correct target
  Frames: 1226 - 1306
============================================================
  Loaded 81 frames
  Prefix scoring: 53.9s
  Rewards: [0.0, 0.38, 1.0, 0.75, 0.75, 0.62, 0.75, 0.69]
  Failed regions: []
  Successful interval: 4-28
  Keyframes: [1, 4, 16, 28, 53]
  Success detected: True
  Confidence: 0.88

--- Segment 265/300 ---

============================================================
Segment: VideoPlaceOrder_ep88_f935-1048
  Subtask: pick up the cube
  Frames: 935 - 1048
============================================================
  Loaded 114 frames
  Prefix scoring: 54.5s
  Rewards: [0.07, 0.0, 0.63, 0.76, 0.78, 0.93, 0.83, 1.0]
  Failed regions: [[83, 113]]
  Successful interval: 93-113
  Keyframes: [0, 93, 104, 113]
  Success detected: True
  Confidence: 0.54

--- Segment 266/300 ---

============================================================
Segment: VideoPlaceOrder_ep88_f1049-1114
  Subtask: place the cube onto the correct target
  Frames: 1049 - 1114
============================================================
  Loaded 66 frames
  Prefix scoring: 53.9s
  Rewards: [0.0, 0.14, 0.43, 0.19, 0.48, 1.0, 0.62, 0.67]
  Failed regions: [[22, 39]]
  Successful interval: 28-48
  Keyframes: [0, 28, 36, 48, 65]
  Success detected: True
  Confidence: 0.84

--- Segment 267/300 ---

============================================================
Segment: VideoPlaceOrder_ep88_f1049-1131
  Subtask: place the cube onto the correct target
  Frames: 1049 - 1131
============================================================
  Loaded 83 frames
  Prefix scoring: 54.1s
  Rewards: [0.0, 0.14, 0.55, 0.45, 1.0, 0.91, 0.64, 0.95]
  Failed regions: [[29, 50], [50, 82]]
  Successful interval: 67-82
  Keyframes: [3, 67, 68, 82]
  Success detected: True
  Confidence: 0.58

--- Segment 268/300 ---

============================================================
Segment: VideoPlaceOrder_ep89_f962-1076
  Subtask: pick up the cube
  Frames: 962 - 1076
============================================================
  Loaded 115 frames
  Prefix scoring: 54.5s
  Rewards: [0.08, 0.0, 0.43, 0.84, 0.59, 0.65, 0.73, 1.0]
  Failed regions: [[55, 84]]
  Successful interval: 64-114
  Keyframes: [0, 64, 71, 114]
  Success detected: True
  Confidence: 0.65

--- Segment 269/300 ---

============================================================
Segment: VideoPlaceOrder_ep89_f1077-1161
  Subtask: place the cube onto the correct target
  Frames: 1077 - 1161
============================================================
  Loaded 85 frames
  Prefix scoring: 53.8s
  Rewards: [0.62, 0.0, 0.0, 0.54, 0.54, 0.62, 0.85, 1.0]
  Failed regions: [[8, 40], [8, 40]]
  Successful interval: 47-84
  Keyframes: [3, 47, 59, 84]
  Success detected: True
  Confidence: 0.68

--- Segment 270/300 ---

============================================================
Segment: VideoPlaceOrder_ep89_f1077-1175
  Subtask: place the cube onto the correct target
  Frames: 1077 - 1175
============================================================
  Loaded 99 frames
  Prefix scoring: 54.0s
  Rewards: [0.39, 0.65, 0.0, 0.22, 0.65, 0.74, 0.78, 1.0]
  Failed regions: [[21, 47]]
  Successful interval: 30-98
  Keyframes: [0, 30, 59, 98]
  Success detected: True
  Confidence: 0.89

--- Segment 271/300 ---

============================================================
Segment: VideoPlaceOrder_ep90_f1145-1257
  Subtask: pick up the cube
  Frames: 1145 - 1257
============================================================
  Loaded 113 frames
  Prefix scoring: 54.0s
  Rewards: [0.11, 0.0, 0.59, 0.84, 0.68, 0.73, 0.81, 1.0]
  Failed regions: [[54, 83]]
  Successful interval: 63-112
  Keyframes: [0, 63, 69, 112]
  Success detected: True
  Confidence: 0.61

--- Segment 272/300 ---

============================================================
Segment: VideoPlaceOrder_ep90_f1258-1326
  Subtask: place the cube onto the correct target
  Frames: 1258 - 1326
============================================================
  Loaded 69 frames
  Prefix scoring: 53.8s
  Rewards: [0.15, 0.0, 0.2, 0.55, 0.9, 1.0, 0.5, 0.55]
  Failed regions: []
  Successful interval: 11-50
  Keyframes: [2, 11, 38, 50, 68]
  Success detected: True
  Confidence: 0.90

--- Segment 273/300 ---

============================================================
Segment: VideoPlaceOrder_ep90_f1258-1342
  Subtask: place the cube onto the correct target
  Frames: 1258 - 1342
============================================================
  Loaded 85 frames
  Prefix scoring: 54.0s
  Rewards: [0.06, 0.0, 0.41, 1.0, 0.88, 0.47, 0.35, 0.82]
  Failed regions: [[40, 84]]
  Successful interval: 69-84
  Keyframes: [2, 69, 70, 84]
  Success detected: True
  Confidence: 0.58

--- Segment 274/300 ---

============================================================
Segment: VideoPlaceOrder_ep91_f757-869
  Subtask: pick up the cube
  Frames: 757 - 869
============================================================
  Loaded 113 frames
  Prefix scoring: 54.1s
  Rewards: [0.0, 0.2, 0.56, 0.84, 0.64, 0.96, 1.0, 0.96]
  Failed regions: [[54, 83]]
  Successful interval: 63-97
  Keyframes: [0, 63, 69, 97, 112]
  Success detected: True
  Confidence: 0.61

--- Segment 275/300 ---

============================================================
Segment: VideoPlaceOrder_ep91_f870-939
  Subtask: place the cube onto the correct target
  Frames: 870 - 939
============================================================
  Loaded 70 frames
  Prefix scoring: 53.9s
  Rewards: [0.36, 0.39, 0.54, 0.0, 0.86, 1.0, 0.86, 0.89]
  Failed regions: [[24, 51], [51, 69]]
  Successful interval: 57-69
  Keyframes: [1, 57, 69]
  Success detected: True
  Confidence: 0.43

--- Segment 276/300 ---

============================================================
Segment: VideoPlaceOrder_ep91_f870-956
  Subtask: place the cube onto the correct target
  Frames: 870 - 956
============================================================
  Loaded 87 frames
  Prefix scoring: 53.9s
  Rewards: [0.32, 0.0, 0.68, 0.46, 0.93, 1.0, 0.89, 0.79]
  Failed regions: [[8, 30], [30, 52]]
  Successful interval: 37-63
  Keyframes: [1, 37, 39, 63, 86]
  Success detected: True
  Confidence: 0.69

--- Segment 277/300 ---

============================================================
Segment: VideoPlaceOrder_ep92_f772-884
  Subtask: pick up the cube
  Frames: 772 - 884
============================================================
  Loaded 113 frames
  Prefix scoring: 54.6s
  Rewards: [0.11, 0.0, 0.56, 0.97, 0.75, 0.86, 0.89, 1.0]
  Failed regions: [[54, 83]]
  Successful interval: 63-112
  Keyframes: [0, 63, 69, 112]
  Success detected: True
  Confidence: 0.57

--- Segment 278/300 ---

============================================================
Segment: VideoPlaceOrder_ep92_f885-971
  Subtask: place the cube onto the correct target
  Frames: 885 - 971
============================================================
  Loaded 87 frames
  Prefix scoring: 53.8s
  Rewards: [0.0, 0.32, 0.41, 0.36, 0.73, 0.82, 1.0, 0.09]
  Failed regions: []
  Successful interval: 37-74
  Keyframes: [0, 37, 62, 74, 86]
  Success detected: True
  Confidence: 0.76

--- Segment 279/300 ---

============================================================
Segment: VideoPlaceOrder_ep92_f885-985
  Subtask: place the cube onto the correct target
  Frames: 885 - 985
============================================================
  Loaded 101 frames
  Prefix scoring: 54.2s
  Rewards: [0.0, 0.41, 0.18, 0.88, 0.94, 1.0, 0.82, 0.94]
  Failed regions: [[22, 74], [74, 100]]
  Successful interval: 82-100
  Keyframes: [2, 82, 87, 100]
  Success detected: True
  Confidence: 0.48

--- Segment 280/300 ---

============================================================
Segment: VideoPlaceOrder_ep93_f774-888
  Subtask: pick up the cube
  Frames: 774 - 888
============================================================
  Loaded 115 frames
  Prefix scoring: 54.1s
  Rewards: [0.0, 0.0, 0.68, 1.0, 0.83, 0.85, 0.88, 0.95]
  Failed regions: [[55, 84]]
  Successful interval: 64-114
  Keyframes: [0, 64, 70, 114]
  Success detected: True
  Confidence: 0.49

--- Segment 281/300 ---

============================================================
Segment: VideoPlaceOrder_ep93_f889-957
  Subtask: place the cube onto the correct target
  Frames: 889 - 957
============================================================
  Loaded 69 frames
  Prefix scoring: 53.8s
  Rewards: [0.0, 0.1, 0.9, 0.8, 0.95, 1.0, 0.75, 0.85]
  Failed regions: [[23, 50], [50, 68]]
  Successful interval: 56-68
  Keyframes: [3, 56, 68]
  Success detected: True
  Confidence: 0.42

--- Segment 282/300 ---

============================================================
Segment: VideoPlaceOrder_ep93_f889-974
  Subtask: place the cube onto the correct target
  Frames: 889 - 974
============================================================
  Loaded 86 frames
  Prefix scoring: 53.9s
  Rewards: [0.12, 0.0, 0.47, 0.76, 0.82, 0.76, 0.59, 1.0]
  Failed regions: [[52, 85]]
  Successful interval: 70-85
  Keyframes: [0, 70, 71, 85]
  Success detected: True
  Confidence: 0.65

--- Segment 283/300 ---

============================================================
Segment: VideoPlaceOrder_ep94_f748-861
  Subtask: pick up the cube
  Frames: 748 - 861
============================================================
  Loaded 114 frames
  Prefix scoring: 54.3s
  Rewards: [0.04, 0.0, 0.48, 0.96, 0.65, 0.78, 1.0, 0.91]
  Failed regions: [[54, 83]]
  Successful interval: 64-98
  Keyframes: [0, 64, 67, 98, 113]
  Success detected: True
  Confidence: 0.62

--- Segment 284/300 ---

============================================================
Segment: VideoPlaceOrder_ep94_f862-926
  Subtask: place the cube onto the correct target
  Frames: 862 - 926
============================================================
  Loaded 65 frames
  Prefix scoring: 53.8s
  Rewards: [0.05, 0.0, 0.1, 0.57, 0.1, 0.14, 1.0, 0.76]
  Failed regions: [[30, 47]]
  Successful interval: 36-55
  Keyframes: [5, 36, 38, 55, 64]
  Success detected: True
  Confidence: 0.89

--- Segment 285/300 ---

============================================================
Segment: VideoPlaceOrder_ep94_f862-938
  Subtask: place the cube onto the correct target
  Frames: 862 - 938
============================================================
  Loaded 77 frames
  Prefix scoring: 53.9s
  Rewards: [0.0, 0.1, 0.7, 0.45, 0.9, 1.0, 0.8, 0.25]
  Failed regions: [[26, 46]]
  Successful interval: 33-56
  Keyframes: [5, 33, 38, 56, 76]
  Success detected: True
  Confidence: 0.71

--- Segment 286/300 ---

============================================================
Segment: VideoPlaceOrder_ep95_f934-1051
  Subtask: pick up the cube
  Frames: 934 - 1051
============================================================
  Loaded 118 frames
  Prefix scoring: 54.2s
  Rewards: [0.0, 0.14, 0.57, 1.0, 0.48, 0.71, 0.33, 1.0]
  Failed regions: [[56, 86], [86, 117]]
  Successful interval: 96-117
  Keyframes: [0, 96, 106, 117]
  Success detected: True
  Confidence: 0.76

--- Segment 287/300 ---

============================================================
Segment: VideoPlaceOrder_ep95_f1052-1124
  Subtask: place the cube onto the correct target
  Frames: 1052 - 1124
============================================================
  Loaded 73 frames
  Prefix scoring: 53.8s
  Rewards: [0.5, 0.75, 0.06, 0.62, 1.0, 0.38, 0.12, 0.0]
  Failed regions: [[16, 34]]
  Successful interval: 22-44
  Keyframes: [2, 22, 41, 44, 62]
  Success detected: True
  Confidence: 0.89

--- Segment 288/300 ---

============================================================
Segment: VideoPlaceOrder_ep95_f1052-1142
  Subtask: place the cube onto the correct target
  Frames: 1052 - 1142
============================================================
  Loaded 91 frames
  Prefix scoring: 54.1s
  Rewards: [0.82, 0.76, 0.53, 1.0, 0.47, 0.29, 0.0, 0.41]
  Failed regions: [[9, 43]]
  Successful interval: 28-43
  Keyframes: [2, 28, 41, 43, 65]
  Success detected: True
  Confidence: 0.68

--- Segment 289/300 ---

============================================================
Segment: VideoPlaceOrder_ep96_f938-1050
  Subtask: pick up the cube
  Frames: 938 - 1050
============================================================
  Loaded 113 frames
  Prefix scoring: 54.1s
  Rewards: [0.16, 0.0, 0.68, 0.92, 0.73, 0.84, 1.0, 0.95]
  Failed regions: [[54, 83]]
  Successful interval: 63-97
  Keyframes: [0, 63, 69, 97, 112]
  Success detected: True
  Confidence: 0.58

--- Segment 290/300 ---

============================================================
Segment: VideoPlaceOrder_ep96_f1051-1122
  Subtask: place the cube onto the correct target
  Frames: 1051 - 1122
============================================================
  Loaded 72 frames
  Prefix scoring: 54.4s
  Rewards: [0.2, 0.4, 0.1, 0.4, 1.0, 0.6, 1.0, 0.0]
  Failed regions: [[16, 43], [43, 61]]
  Successful interval: 49-61
  Keyframes: [2, 49, 50, 61, 71]
  Success detected: True
  Confidence: 0.67

--- Segment 291/300 ---

============================================================
Segment: VideoPlaceOrder_ep96_f1051-1135
  Subtask: place the cube onto the correct target
  Frames: 1051 - 1135
============================================================
  Loaded 85 frames
  Prefix scoring: 53.7s
  Rewards: [0.5, 0.81, 0.75, 0.81, 1.0, 0.06, 0.0, 0.75]
  Failed regions: []
  Successful interval: 25-51
  Keyframes: [2, 25, 46, 51, 84]
  Success detected: True
  Confidence: 0.58

--- Segment 292/300 ---

============================================================
Segment: VideoPlaceOrder_ep97_f1087-1202
  Subtask: pick up the cube
  Frames: 1087 - 1202
============================================================
  Loaded 116 frames
  Prefix scoring: 54.0s
  Rewards: [0.07, 0.0, 0.55, 0.83, 0.76, 1.0, 0.97, 0.9]
  Failed regions: []
  Successful interval: 65-85
  Keyframes: [0, 65, 72, 85, 115]
  Success detected: True
  Confidence: 0.57

--- Segment 293/300 ---

============================================================
Segment: VideoPlaceOrder_ep97_f1203-1290
  Subtask: place the cube onto the correct target
  Frames: 1203 - 1290
============================================================
  Loaded 88 frames
  Prefix scoring: 53.8s
  Rewards: [0.0, 0.05, 0.21, 0.74, 0.58, 0.58, 1.0, 0.37]
  Failed regions: [[41, 64], [41, 75]]
  Successful interval: 60-75
  Keyframes: [0, 60, 64, 75, 87]
  Success detected: True
  Confidence: 0.68

--- Segment 294/300 ---

============================================================
Segment: VideoPlaceOrder_ep97_f1203-1304
  Subtask: place the cube onto the correct target
  Frames: 1203 - 1304
============================================================
  Loaded 102 frames
  Prefix scoring: 54.2s
  Rewards: [0.0, 0.35, 0.17, 0.96, 0.57, 0.87, 0.13, 1.0]
  Failed regions: [[23, 49], [49, 75], [75, 101]]
  Successful interval: 83-101
  Keyframes: [0, 83, 88, 101]
  Success detected: True
  Confidence: 0.85

--- Segment 295/300 ---

============================================================
Segment: VideoPlaceOrder_ep98_f780-896
  Subtask: pick up the cube
  Frames: 780 - 896
============================================================
  Loaded 117 frames
  Prefix scoring: 54.1s
  Rewards: [0.0, 0.0, 0.48, 1.0, 0.83, 0.86, 0.72, 0.9]
  Failed regions: [[56, 86], [86, 116]]
  Successful interval: 96-116
  Keyframes: [0, 96, 106, 116]
  Success detected: True
  Confidence: 0.49

--- Segment 296/300 ---

============================================================
Segment: VideoPlaceOrder_ep98_f897-986
  Subtask: place the cube onto the correct target
  Frames: 897 - 986
============================================================
  Loaded 90 frames
  Prefix scoring: 53.8s
  Rewards: [0.12, 0.0, 0.38, 0.56, 0.25, 1.0, 0.56, 0.31]
  Failed regions: [[43, 66]]
  Successful interval: 50-66
  Keyframes: [0, 50, 65, 66, 89]
  Success detected: True
  Confidence: 0.82

--- Segment 297/300 ---

============================================================
Segment: VideoPlaceOrder_ep98_f897-1000
  Subtask: place the cube onto the correct target
  Frames: 897 - 1000
============================================================
  Loaded 104 frames
  Prefix scoring: 54.0s
  Rewards: [0.0, 0.11, 0.32, 0.26, 0.63, 0.68, 0.21, 1.0]
  Failed regions: [[76, 103]]
  Successful interval: 84-103
  Keyframes: [0, 84, 90, 103]
  Success detected: True
  Confidence: 0.84

--- Segment 298/300 ---

============================================================
Segment: VideoPlaceOrder_ep99_f1100-1212
  Subtask: pick up the cube
  Frames: 1100 - 1212
============================================================
  Loaded 113 frames
  Prefix scoring: 54.0s
  Rewards: [0.07, 0.0, 0.32, 0.79, 0.54, 0.71, 0.61, 1.0]
  Failed regions: [[54, 83], [83, 112]]
  Successful interval: 92-112
  Keyframes: [0, 92, 103, 112]
  Success detected: True
  Confidence: 0.66

--- Segment 299/300 ---

============================================================
Segment: VideoPlaceOrder_ep99_f1213-1296
  Subtask: place the cube onto the correct target
  Frames: 1213 - 1296
============================================================
  Loaded 84 frames
  Prefix scoring: 53.9s
  Rewards: [0.5, 0.5, 1.0, 0.5, 0.0, 0.17, 0.83, 0.83]
  Failed regions: [[29, 61]]
  Successful interval: 46-72
  Keyframes: [1, 46, 58, 72, 83]
  Success detected: True
  Confidence: 0.72

--- Segment 300/300 ---

============================================================
Segment: VideoPlaceOrder_ep99_f1213-1310
  Subtask: place the cube onto the correct target
  Frames: 1213 - 1310
============================================================
  Loaded 98 frames
  Prefix scoring: 54.1s
  Rewards: [0.82, 0.45, 1.0, 0.0, 0.27, 0.36, 0.91, 0.64]
  Failed regions: [[9, 34], [34, 59]]
  Successful interval: 42-84
  Keyframes: [1, 42, 58, 84, 97]
  Success detected: True
  Confidence: 0.80

============================================================
Step 4: Summary
============================================================
  Processed: 300 segments
  Skipped: 0 segments
  Environments: {'VideoPlaceOrder': 300}
  Mean confidence: 0.714
  Success detected: 300/300
  Total failed regions detected: 367

All outputs saved to: data/topreward_full
Done.
