===== TOPReward Labeling =====
SLURM_JOB_ID:       3035673
SLURM_ARRAY_TASK_ID: 2
TASK:                ButtonUnmaskSwap
HOSTNAME:            hk47.cc.gatech.edu
GPU:                 NVIDIA A40
STARTED:             Thu Apr 30 02:01:37 PM EDT 2026
==============================
============================================================
Step 1: Sampling episodes
============================================================
  Task: ButtonUnmaskSwap, sampling 100 episodes
  H5: data/robomme_data_h5/record_dataset_ButtonUnmaskSwap.h5
  Sampled episodes: [0, 1, 2, 3, 4, 5, 6, 7, 8, 9, 10, 11, 12, 13, 14, 15, 16, 17, 18, 19, 20, 21, 22, 23, 24, 25, 26, 27, 28, 29, 30, 31, 32, 33, 34, 35, 36, 37, 38, 39, 40, 41, 42, 43, 44, 45, 46, 47, 48, 49, 50, 51, 52, 53, 54, 55, 56, 57, 58, 59, 60, 61, 62, 63, 64, 65, 66, 67, 68, 69, 70, 71, 72, 73, 74, 75, 76, 77, 78, 79, 80, 81, 82, 83, 84, 85, 86, 87, 88, 89, 90, 91, 92, 93, 94, 95, 96, 97, 98, 99]
  Found 512 subtask segments

============================================================
Step 2: Loading Qwen VL model
============================================================
  Model: Qwen/Qwen3-VL-8B-Instruct
  Device: cuda, dtype: auto

============================================================
Step 3: Processing 512 segments
============================================================

--- Segment 1/512 ---

============================================================
Segment: ButtonUnmaskSwap_ep0_f0-121
  Subtask: press the first button
  Frames: 0 - 121
============================================================
  Loaded 122 frames
  Prefix scoring: 53.3s
  Rewards: [0.38, 0.42, 0.77, 1.0, 0.27, 0.0, 1.0, 0.5]
  Failed regions: [[58, 105]]
  Successful interval: 83-105
  Keyframes: [0, 83, 105, 106, 121]
  Success detected: True
  Confidence: 0.89

--- Segment 2/512 ---

============================================================
Segment: ButtonUnmaskSwap_ep0_f122-212
  Subtask: press the second button
  Frames: 122 - 212
============================================================
  Loaded 91 frames
  Prefix scoring: 52.3s
  Rewards: [0.6, 0.2, 0.0, 0.7, 0.2, 0.3, 1.0, 0.3]
  Failed regions: [[9, 43], [43, 66]]
  Successful interval: 51-78
  Keyframes: [16, 51, 77, 78, 90]
  Success detected: True
  Confidence: 0.84

--- Segment 3/512 ---

============================================================
Segment: ButtonUnmaskSwap_ep0_f213-380
  Subtask: pick up the container that hides the blue cube
  Frames: 213 - 380
============================================================
  Loaded 168 frames
  Prefix scoring: 52.9s
  Rewards: [0.0, 0.26, 0.11, 0.43, 0.51, 0.37, 0.57, 1.0]
  Failed regions: [[37, 102], [102, 145]]
  Successful interval: 115-167
  Keyframes: [25, 115, 158, 167]
  Success detected: True
  Confidence: 0.77

--- Segment 4/512 ---

============================================================
Segment: ButtonUnmaskSwap_ep0_f381-428
  Subtask: put down the container
  Frames: 381 - 428
============================================================
  Loaded 48 frames
  Prefix scoring: 52.3s
  Rewards: [0.0, 0.09, 0.18, 0.45, 0.36, 0.18, 0.45, 1.0]
  Failed regions: [[22, 40]]
  Successful interval: 32-47
  Keyframes: [0, 32, 38, 47]
  Success detected: True
  Confidence: 0.86

--- Segment 5/512 ---

============================================================
Segment: ButtonUnmaskSwap_ep0_f429-506
  Subtask: pick up the container that hides the green cube
  Frames: 429 - 506
============================================================
  Loaded 78 frames
  Prefix scoring: 52.2s
  Rewards: [0.0, 0.23, 0.37, 0.21, 0.44, 0.42, 0.37, 1.0]
  Failed regions: [[27, 47]]
  Successful interval: 64-77
  Keyframes: [11, 64, 76, 77]
  Success detected: True
  Confidence: 0.78

--- Segment 6/512 ---

============================================================
Segment: ButtonUnmaskSwap_ep0_f429-513
  Subtask: pick up the container that hides the green cube
  Frames: 429 - 513
============================================================
  Loaded 85 frames
  Prefix scoring: 52.4s
  Rewards: [0.0, 0.16, 0.25, 0.16, 0.3, 0.25, 1.0, 0.95]
  Failed regions: [[29, 51]]
  Successful interval: 58-73
  Keyframes: [12, 58, 73, 74, 84]
  Success detected: True
  Confidence: 0.82

--- Segment 7/512 ---

============================================================
Segment: ButtonUnmaskSwap_ep1_f0-118
  Subtask: press the first button
  Frames: 0 - 118
============================================================
  Loaded 119 frames
  Prefix scoring: 52.5s
  Rewards: [0.62, 0.62, 0.0, 1.0, 0.08, 0.15, 0.38, 0.85]
  Failed regions: [[26, 56], [56, 87]]
  Successful interval: 67-118
  Keyframes: [0, 67, 74, 118]
  Success detected: True
  Confidence: 0.72

--- Segment 8/512 ---

============================================================
Segment: ButtonUnmaskSwap_ep1_f119-217
  Subtask: press the second button
  Frames: 119 - 217
============================================================
  Loaded 99 frames
  Prefix scoring: 52.3s
  Rewards: [0.0, 0.24, 0.24, 0.36, 1.0, 0.44, 0.92, 0.24]
  Failed regions: [[59, 85]]
  Successful interval: 68-85
  Keyframes: [9, 68, 85, 86, 98]
  Success detected: True
  Confidence: 0.66

--- Segment 9/512 ---

============================================================
Segment: ButtonUnmaskSwap_ep1_f218-383
  Subtask: pick up the container that hides the red cube
  Frames: 218 - 383
============================================================
  Loaded 166 frames
  Prefix scoring: 53.0s
  Rewards: [0.0, 0.13, 0.28, 0.36, 0.38, 0.36, 0.56, 1.0]
  Failed regions: []
  Successful interval: 114-165
  Keyframes: [26, 114, 157, 165]
  Success detected: True
  Confidence: 0.78

--- Segment 10/512 ---

============================================================
Segment: ButtonUnmaskSwap_ep1_f384-434
  Subtask: put down the container
  Frames: 384 - 434
============================================================
  Loaded 51 frames
  Prefix scoring: 52.4s
  Rewards: [0.71, 0.86, 0.0, 0.29, 0.29, 0.14, 1.0, 0.71]
  Failed regions: [[11, 24], [30, 43]]
  Successful interval: 35-43
  Keyframes: [3, 35, 40, 43, 50]
  Success detected: True
  Confidence: 0.84

--- Segment 11/512 ---

============================================================
Segment: ButtonUnmaskSwap_ep1_f435-512
  Subtask: pick up the container that hides the green cube
  Frames: 435 - 512
============================================================
  Loaded 78 frames
  Prefix scoring: 52.2s
  Rewards: [0.0, 0.07, 0.17, 0.17, 0.29, 0.39, 0.32, 1.0]
  Failed regions: []
  Successful interval: 64-77
  Keyframes: [3, 64, 76, 77]
  Success detected: True
  Confidence: 0.81

--- Segment 12/512 ---

============================================================
Segment: ButtonUnmaskSwap_ep1_f435-518
  Subtask: pick up the container that hides the green cube
  Frames: 435 - 518
============================================================
  Loaded 84 frames
  Prefix scoring: 52.4s
  Rewards: [0.0, 0.07, 0.18, 0.2, 0.28, 0.37, 0.98, 1.0]
  Failed regions: []
  Successful interval: 4-83
  Keyframes: [3, 4, 17, 83]
  Success detected: True
  Confidence: 0.92

--- Segment 13/512 ---

============================================================
Segment: ButtonUnmaskSwap_ep2_f0-108
  Subtask: press the first button
  Frames: 0 - 108
============================================================
  Loaded 109 frames
  Prefix scoring: 52.6s
  Rewards: [0.54, 0.54, 0.79, 0.82, 0.59, 0.0, 0.72, 1.0]
  Failed regions: [[52, 94]]
  Successful interval: 75-108
  Keyframes: [1, 75, 97, 108]
  Success detected: True
  Confidence: 0.88

--- Segment 14/512 ---

============================================================
Segment: ButtonUnmaskSwap_ep2_f109-203
  Subtask: press the second button
  Frames: 109 - 203
============================================================
  Loaded 95 frames
  Prefix scoring: 52.2s
  Rewards: [0.0, 0.5, 0.57, 0.71, 0.57, 1.0, 0.71, 0.5]
  Failed regions: [[45, 69]]
  Successful interval: 53-69
  Keyframes: [18, 53, 54, 69, 92]
  Success detected: True
  Confidence: 0.66

--- Segment 15/512 ---

============================================================
Segment: ButtonUnmaskSwap_ep2_f204-353
  Subtask: pick up the container that hides the green cube
  Frames: 204 - 353
============================================================
  Loaded 150 frames
  Prefix scoring: 52.6s
  Rewards: [0.0, 0.06, 0.04, 0.22, 0.02, 0.2, 0.1, 1.0]
  Failed regions: []
  Successful interval: 122-149
  Keyframes: [3, 122, 148, 149]
  Success detected: True
  Confidence: 0.92

--- Segment 16/512 ---

============================================================
Segment: ButtonUnmaskSwap_ep2_f204-360
  Subtask: pick up the container that hides the green cube
  Frames: 204 - 360
============================================================
  Loaded 157 frames
  Prefix scoring: 52.7s
  Rewards: [0.0, 0.07, 0.17, 0.13, 0.17, 0.04, 0.09, 1.0]
  Failed regions: []
  Successful interval: 108-156
  Keyframes: [3, 108, 148, 156]
  Success detected: True
  Confidence: 0.94

--- Segment 17/512 ---

============================================================
Segment: ButtonUnmaskSwap_ep3_f0-120
  Subtask: press the first button
  Frames: 0 - 120
============================================================
  Loaded 121 frames
  Prefix scoring: 52.5s
  Rewards: [0.0, 0.04, 0.54, 1.0, 0.19, 0.31, 0.31, 0.0]
  Failed regions: []
  Successful interval: 6-58
  Keyframes: [2, 6, 32, 58, 90]
  Success detected: True
  Confidence: 0.94

--- Segment 18/512 ---

============================================================
Segment: ButtonUnmaskSwap_ep3_f121-217
  Subtask: press the second button
  Frames: 121 - 217
============================================================
  Loaded 97 frames
  Prefix scoring: 52.3s
  Rewards: [0.28, 0.0, 0.04, 0.36, 0.88, 0.68, 1.0, 0.32]
  Failed regions: [[9, 58], [58, 83]]
  Successful interval: 67-83
  Keyframes: [14, 67, 81, 83, 96]
  Success detected: True
  Confidence: 0.64

--- Segment 19/512 ---

============================================================
Segment: ButtonUnmaskSwap_ep3_f218-415
  Subtask: pick up the container that hides the green cube
  Frames: 218 - 415
============================================================
  Loaded 198 frames
  Prefix scoring: 53.0s
  Rewards: [0.02, 0.0, 0.02, 0.35, 0.17, 0.17, 0.15, 1.0]
  Failed regions: [[95, 146]]
  Successful interval: 162-197
  Keyframes: [6, 162, 187, 197]
  Success detected: True
  Confidence: 0.89

--- Segment 20/512 ---

============================================================
Segment: ButtonUnmaskSwap_ep3_f416-463
  Subtask: put down the container
  Frames: 416 - 463
============================================================
  Loaded 48 frames
  Prefix scoring: 52.3s
  Rewards: [0.31, 0.25, 0.0, 0.5, 0.5, 0.25, 0.56, 1.0]
  Failed regions: [[4, 22], [28, 40]]
  Successful interval: 32-47
  Keyframes: [1, 32, 42, 47]
  Success detected: True
  Confidence: 0.82

--- Segment 21/512 ---

============================================================
Segment: ButtonUnmaskSwap_ep3_f464-548
  Subtask: pick up the container that hides the blue cube
  Frames: 464 - 548
============================================================
  Loaded 85 frames
  Prefix scoring: 52.5s
  Rewards: [0.0, 0.1, 0.24, 0.24, 0.3, 0.38, 0.34, 1.0]
  Failed regions: []
  Successful interval: 69-84
  Keyframes: [0, 69, 83, 84]
  Success detected: True
  Confidence: 0.80

--- Segment 22/512 ---

============================================================
Segment: ButtonUnmaskSwap_ep3_f464-554
  Subtask: pick up the container that hides the blue cube
  Frames: 464 - 554
============================================================
  Loaded 91 frames
  Prefix scoring: 52.4s
  Rewards: [0.0, 0.11, 0.2, 0.16, 0.35, 0.35, 0.82, 1.0]
  Failed regions: []
  Successful interval: 62-90
  Keyframes: [1, 62, 83, 90]
  Success detected: True
  Confidence: 0.79

--- Segment 23/512 ---

============================================================
Segment: ButtonUnmaskSwap_ep4_f0-108
  Subtask: press the first button
  Frames: 0 - 108
============================================================
  Loaded 109 frames
  Prefix scoring: 52.8s
  Rewards: [0.44, 0.41, 1.0, 0.85, 0.48, 0.0, 0.74, 0.7]
  Failed regions: []
  Successful interval: 19-38
  Keyframes: [0, 19, 32, 38, 82]
  Success detected: True
  Confidence: 0.72

--- Segment 24/512 ---

============================================================
Segment: ButtonUnmaskSwap_ep4_f109-205
  Subtask: press the second button
  Frames: 109 - 205
============================================================
  Loaded 97 frames
  Prefix scoring: 52.3s
  Rewards: [0.14, 0.71, 0.71, 1.0, 0.64, 1.0, 1.0, 0.0]
  Failed regions: [[46, 71]]
  Successful interval: 54-71
  Keyframes: [19, 54, 55, 71, 95]
  Success detected: True
  Confidence: 0.61

--- Segment 25/512 ---

============================================================
Segment: ButtonUnmaskSwap_ep4_f206-387
  Subtask: pick up the container that hides the blue cube
  Frames: 206 - 387
============================================================
  Loaded 182 frames
  Prefix scoring: 53.0s
  Rewards: [0.03, 0.0, 0.07, 0.4, 0.53, 0.3, 0.85, 1.0]
  Failed regions: [[111, 157]]
  Successful interval: 125-181
  Keyframes: [26, 125, 172, 181]
  Success detected: True
  Confidence: 0.80

--- Segment 26/512 ---

============================================================
Segment: ButtonUnmaskSwap_ep4_f388-434
  Subtask: put down the container
  Frames: 388 - 434
============================================================
  Loaded 47 frames
  Prefix scoring: 52.5s
  Rewards: [0.03, 0.0, 0.1, 0.41, 0.55, 0.28, 0.24, 1.0]
  Failed regions: [[28, 46]]
  Successful interval: 38-46
  Keyframes: [0, 38, 39, 46]
  Success detected: True
  Confidence: 0.84

--- Segment 27/512 ---

============================================================
Segment: ButtonUnmaskSwap_ep4_f435-524
  Subtask: pick up the container that hides the green cube
  Frames: 435 - 524
============================================================
  Loaded 90 frames
  Prefix scoring: 52.5s
  Rewards: [0.0, 0.08, 0.18, 0.41, 0.22, 0.37, 0.57, 1.0]
  Failed regions: [[43, 66]]
  Successful interval: 50-89
  Keyframes: [17, 50, 88, 89]
  Success detected: True
  Confidence: 0.84

--- Segment 28/512 ---

============================================================
Segment: ButtonUnmaskSwap_ep4_f435-531
  Subtask: pick up the container that hides the green cube
  Frames: 435 - 531
============================================================
  Loaded 97 frames
  Prefix scoring: 52.3s
  Rewards: [0.0, 0.04, 0.16, 0.33, 0.35, 0.41, 0.73, 1.0]
  Failed regions: []
  Successful interval: 5-96
  Keyframes: [1, 5, 89, 96]
  Success detected: True
  Confidence: 0.92

--- Segment 29/512 ---

============================================================
Segment: ButtonUnmaskSwap_ep5_f0-108
  Subtask: press the first button
  Frames: 0 - 108
============================================================
  Loaded 109 frames
  Prefix scoring: 52.3s
  Rewards: [0.29, 0.14, 0.9, 0.38, 0.05, 0.0, 1.0, 0.86]
  Failed regions: [[10, 38], [38, 94]]
  Successful interval: 75-94
  Keyframes: [0, 75, 94, 95, 108]
  Success detected: True
  Confidence: 0.91

--- Segment 30/512 ---

============================================================
Segment: ButtonUnmaskSwap_ep5_f109-208
  Subtask: press the second button
  Frames: 109 - 208
============================================================
  Loaded 100 frames
  Prefix scoring: 52.2s
  Rewards: [0.0, 0.5, 1.0, 1.0, 0.75, 0.25, 1.0, 0.62]
  Failed regions: [[48, 86]]
  Successful interval: 68-86
  Keyframes: [13, 68, 86, 87, 99]
  Success detected: True
  Confidence: 0.77

--- Segment 31/512 ---

============================================================
Segment: ButtonUnmaskSwap_ep5_f209-378
  Subtask: pick up the container that hides the red cube
  Frames: 209 - 378
============================================================
  Loaded 170 frames
  Prefix scoring: 52.9s
  Rewards: [0.0, 0.24, 0.15, 0.18, 0.21, 0.12, 0.27, 1.0]
  Failed regions: []
  Successful interval: 117-169
  Keyframes: [15, 117, 169]
  Success detected: True
  Confidence: 0.90

--- Segment 32/512 ---

============================================================
Segment: ButtonUnmaskSwap_ep5_f209-386
  Subtask: pick up the container that hides the red cube
  Frames: 209 - 386
============================================================
  Loaded 178 frames
  Prefix scoring: 52.9s
  Rewards: [0.07, 0.24, 0.12, 0.29, 0.15, 0.0, 0.17, 1.0]
  Failed regions: [[85, 154]]
  Successful interval: 123-177
  Keyframes: [15, 123, 169, 177]
  Success detected: True
  Confidence: 0.95

--- Segment 33/512 ---

============================================================
Segment: ButtonUnmaskSwap_ep6_f0-108
  Subtask: press the first button
  Frames: 0 - 108
============================================================
  Loaded 109 frames
  Prefix scoring: 52.4s
  Rewards: [0.39, 0.33, 0.58, 0.76, 0.36, 0.0, 0.76, 1.0]
  Failed regions: [[52, 94]]
  Successful interval: 75-108
  Keyframes: [2, 75, 97, 108]
  Success detected: True
  Confidence: 0.90

--- Segment 34/512 ---

============================================================
Segment: ButtonUnmaskSwap_ep6_f109-205
  Subtask: press the second button
  Frames: 109 - 205
============================================================
  Loaded 97 frames
  Prefix scoring: 52.2s
  Rewards: [0.0, 0.56, 0.0, 0.56, 0.67, 1.0, 0.89, 0.0]
  Failed regions: [[21, 46]]
  Successful interval: 29-71
  Keyframes: [14, 29, 52, 71, 95]
  Success detected: True
  Confidence: 0.91

--- Segment 35/512 ---

============================================================
Segment: ButtonUnmaskSwap_ep6_f206-295
  Subtask: pick up the container that hides the red cube
  Frames: 206 - 295
============================================================
  Loaded 90 frames
  Prefix scoring: 52.3s
  Rewards: [0.06, 0.0, 0.12, 0.2, 0.16, 0.08, 0.1, 1.0]
  Failed regions: []
  Successful interval: 62-89
  Keyframes: [4, 62, 88, 89]
  Success detected: True
  Confidence: 0.93

--- Segment 36/512 ---

============================================================
Segment: ButtonUnmaskSwap_ep6_f206-302
  Subtask: pick up the container that hides the red cube
  Frames: 206 - 302
============================================================
  Loaded 97 frames
  Prefix scoring: 52.3s
  Rewards: [0.07, 0.0, 0.17, 0.12, 0.45, 0.17, 0.23, 1.0]
  Failed regions: [[58, 83]]
  Successful interval: 67-96
  Keyframes: [6, 67, 88, 96]
  Success detected: True
  Confidence: 0.87

--- Segment 37/512 ---

============================================================
Segment: ButtonUnmaskSwap_ep7_f0-115
  Subtask: press the first button
  Frames: 0 - 115
============================================================
  Loaded 116 frames
  Prefix scoring: 52.5s
  Rewards: [0.63, 0.59, 0.78, 0.56, 0.0, 0.0, 1.0, 0.93]
  Failed regions: [[40, 85], [40, 100]]
  Successful interval: 80-100
  Keyframes: [0, 80, 100, 101, 115]
  Success detected: True
  Confidence: 0.89

--- Segment 38/512 ---

============================================================
Segment: ButtonUnmaskSwap_ep7_f116-208
  Subtask: press the second button
  Frames: 116 - 208
============================================================
  Loaded 93 frames
  Prefix scoring: 52.3s
  Rewards: [0.0, 0.58, 0.17, 0.0, 1.0, 0.42, 0.25, 0.25]
  Failed regions: [[20, 56]]
  Successful interval: 40-56
  Keyframes: [17, 40, 53, 56, 92]
  Success detected: True
  Confidence: 0.93

--- Segment 39/512 ---

============================================================
Segment: ButtonUnmaskSwap_ep7_f209-308
  Subtask: pick up the container that hides the green cube
  Frames: 209 - 308
============================================================
  Loaded 100 frames
  Prefix scoring: 52.3s
  Rewards: [0.0, 0.05, 0.05, 0.17, 0.26, 0.12, 0.83, 1.0]
  Failed regions: [[60, 86]]
  Successful interval: 68-99
  Keyframes: [0, 68, 91, 99]
  Success detected: True
  Confidence: 0.89

--- Segment 40/512 ---

============================================================
Segment: ButtonUnmaskSwap_ep7_f309-359
  Subtask: put down the container
  Frames: 309 - 359
============================================================
  Loaded 51 frames
  Prefix scoring: 52.2s
  Rewards: [0.0, 0.06, 0.12, 0.53, 0.47, 0.47, 1.0, 0.88]
  Failed regions: []
  Successful interval: 35-43
  Keyframes: [1, 35, 40, 43, 50]
  Success detected: True
  Confidence: 0.72

--- Segment 41/512 ---

============================================================
Segment: ButtonUnmaskSwap_ep7_f360-444
  Subtask: pick up the container that hides the red cube
  Frames: 360 - 444
============================================================
  Loaded 85 frames
  Prefix scoring: 52.3s
  Rewards: [0.0, 0.04, 0.2, 0.16, 0.2, 0.2, 0.29, 1.0]
  Failed regions: []
  Successful interval: 58-84
  Keyframes: [0, 58, 83, 84]
  Success detected: True
  Confidence: 0.87

--- Segment 42/512 ---

============================================================
Segment: ButtonUnmaskSwap_ep7_f360-450
  Subtask: pick up the container that hides the red cube
  Frames: 360 - 450
============================================================
  Loaded 91 frames
  Prefix scoring: 52.4s
  Rewards: [0.0, 0.15, 0.21, 0.27, 0.23, 0.23, 0.4, 1.0]
  Failed regions: []
  Successful interval: 62-90
  Keyframes: [0, 62, 83, 90]
  Success detected: True
  Confidence: 0.85

--- Segment 43/512 ---

============================================================
Segment: ButtonUnmaskSwap_ep8_f0-109
  Subtask: press the first button
  Frames: 0 - 109
============================================================
  Loaded 110 frames
  Prefix scoring: 53.1s
  Rewards: [0.3, 0.0, 0.26, 0.85, 0.3, 0.11, 0.96, 1.0]
  Failed regions: [[11, 53], [53, 95]]
  Successful interval: 76-109
  Keyframes: [0, 76, 97, 109]
  Success detected: True
  Confidence: 0.86

--- Segment 44/512 ---

============================================================
Segment: ButtonUnmaskSwap_ep8_f110-207
  Subtask: press the second button
  Frames: 110 - 207
============================================================
  Loaded 98 frames
  Prefix scoring: 52.3s
  Rewards: [0.0, 0.31, 0.81, 0.31, 0.25, 0.88, 1.0, 0.06]
  Failed regions: [[34, 71]]
  Successful interval: 55-84
  Keyframes: [19, 55, 84, 85, 97]
  Success detected: True
  Confidence: 0.81

--- Segment 45/512 ---

============================================================
Segment: ButtonUnmaskSwap_ep8_f208-313
  Subtask: pick up the container that hides the green cube
  Frames: 208 - 313
============================================================
  Loaded 106 frames
  Prefix scoring: 52.5s
  Rewards: [0.0, 0.1, 0.12, 0.23, 0.2, 0.1, 0.15, 1.0]
  Failed regions: []
  Successful interval: 72-105
  Keyframes: [1, 72, 97, 105]
  Success detected: True
  Confidence: 0.91

--- Segment 46/512 ---

============================================================
Segment: ButtonUnmaskSwap_ep8_f314-365
  Subtask: put down the container
  Frames: 314 - 365
============================================================
  Loaded 52 frames
  Prefix scoring: 52.4s
  Rewards: [0.67, 0.67, 0.81, 0.05, 0.0, 0.71, 0.86, 1.0]
  Failed regions: [[18, 37]]
  Successful interval: 29-51
  Keyframes: [2, 29, 41, 51]
  Success detected: True
  Confidence: 0.88

--- Segment 47/512 ---

============================================================
Segment: ButtonUnmaskSwap_ep8_f366-459
  Subtask: pick up the container that hides the red cube
  Frames: 366 - 459
============================================================
  Loaded 94 frames
  Prefix scoring: 52.3s
  Rewards: [0.02, 0.0, 0.13, 0.13, 0.24, 0.2, 0.09, 1.0]
  Failed regions: []
  Successful interval: 77-93
  Keyframes: [8, 77, 92, 93]
  Success detected: True
  Confidence: 0.92

--- Segment 48/512 ---

============================================================
Segment: ButtonUnmaskSwap_ep8_f366-469
  Subtask: pick up the container that hides the red cube
  Frames: 366 - 469
============================================================
  Loaded 104 frames
  Prefix scoring: 52.4s
  Rewards: [0.0, 0.33, 0.08, 0.11, 0.19, 0.14, 1.0, 1.0]
  Failed regions: [[23, 63]]
  Successful interval: 71-89
  Keyframes: [8, 71, 89, 90, 103]
  Success detected: True
  Confidence: 0.87

--- Segment 49/512 ---

============================================================
Segment: ButtonUnmaskSwap_ep9_f0-108
  Subtask: press the first button
  Frames: 0 - 108
============================================================
  Loaded 109 frames
  Prefix scoring: 52.6s
  Rewards: [0.1, 0.05, 0.43, 0.33, 0.0, 0.14, 1.0, 1.0]
  Failed regions: [[38, 80]]
  Successful interval: 61-94
  Keyframes: [0, 61, 69, 94, 108]
  Success detected: True
  Confidence: 0.92

--- Segment 50/512 ---

============================================================
Segment: ButtonUnmaskSwap_ep9_f109-199
  Subtask: press the second button
  Frames: 109 - 199
============================================================
  Loaded 91 frames
  Prefix scoring: 52.2s
  Rewards: [0.0, 0.07, 0.36, 0.21, 0.64, 0.93, 1.0, 0.93]
  Failed regions: [[32, 55]]
  Successful interval: 39-78
  Keyframes: [18, 39, 49, 78, 90]
  Success detected: True
  Confidence: 0.81

--- Segment 51/512 ---

============================================================
Segment: ButtonUnmaskSwap_ep9_f200-309
  Subtask: pick up the container that hides the green cube
  Frames: 200 - 309
============================================================
  Loaded 110 frames
  Prefix scoring: 52.4s
  Rewards: [0.0, 0.09, 0.23, 0.3, 0.14, 0.12, 0.21, 1.0]
  Failed regions: [[53, 95]]
  Successful interval: 76-109
  Keyframes: [10, 76, 103, 109]
  Success detected: True
  Confidence: 0.90

--- Segment 52/512 ---

============================================================
Segment: ButtonUnmaskSwap_ep9_f310-350
  Subtask: put down the container
  Frames: 310 - 350
============================================================
  Loaded 41 frames
  Prefix scoring: 52.1s
  Rewards: [0.75, 1.0, 0.0, 0.4, 0.3, 0.65, 0.75, 0.65]
  Failed regions: []
  Successful interval: 2-9
  Keyframes: [0, 2, 9, 10, 20]
  Success detected: True
  Confidence: 0.59

--- Segment 53/512 ---

============================================================
Segment: ButtonUnmaskSwap_ep9_f351-432
  Subtask: pick up the container that hides the red cube
  Frames: 351 - 432
============================================================
  Loaded 82 frames
  Prefix scoring: 52.2s
  Rewards: [0.16, 0.0, 0.27, 0.27, 0.43, 0.55, 0.37, 1.0]
  Failed regions: [[60, 81]]
  Successful interval: 66-81
  Keyframes: [6, 66, 80, 81]
  Success detected: True
  Confidence: 0.77

--- Segment 54/512 ---

============================================================
Segment: ButtonUnmaskSwap_ep9_f351-439
  Subtask: pick up the container that hides the red cube
  Frames: 351 - 439
============================================================
  Loaded 89 frames
  Prefix scoring: 52.3s
  Rewards: [0.08, 0.0, 0.18, 0.18, 0.38, 0.32, 0.44, 1.0]
  Failed regions: []
  Successful interval: 61-88
  Keyframes: [6, 61, 79, 88]
  Success detected: True
  Confidence: 0.81

--- Segment 55/512 ---

============================================================
Segment: ButtonUnmaskSwap_ep10_f0-113
  Subtask: press the first button
  Frames: 0 - 113
============================================================
  Loaded 114 frames
  Prefix scoring: 52.5s
  Rewards: [0.52, 0.48, 0.81, 0.81, 0.62, 0.0, 1.0, 0.52]
  Failed regions: [[54, 98]]
  Successful interval: 78-98
  Keyframes: [1, 78, 98, 99, 113]
  Success detected: True
  Confidence: 0.88

--- Segment 56/512 ---

============================================================
Segment: ButtonUnmaskSwap_ep10_f114-206
  Subtask: press the second button
  Frames: 114 - 206
============================================================
  Loaded 93 frames
  Prefix scoring: 52.2s
  Rewards: [0.0, 0.29, 0.36, 0.29, 1.0, 0.71, 0.93, 0.93]
  Failed regions: [[56, 80]]
  Successful interval: 64-80
  Keyframes: [13, 64, 80, 81, 92]
  Success detected: True
  Confidence: 0.53

--- Segment 57/512 ---

============================================================
Segment: ButtonUnmaskSwap_ep10_f207-313
  Subtask: pick up the container that hides the blue cube
  Frames: 207 - 313
============================================================
  Loaded 107 frames
  Prefix scoring: 52.5s
  Rewards: [0.0, 0.0, 0.14, 0.11, 0.11, 0.33, 0.36, 1.0]
  Failed regions: []
  Successful interval: 59-106
  Keyframes: [21, 59, 105, 106]
  Success detected: True
  Confidence: 0.90

--- Segment 58/512 ---

============================================================
Segment: ButtonUnmaskSwap_ep10_f207-320
  Subtask: pick up the container that hides the blue cube
  Frames: 207 - 320
============================================================
  Loaded 114 frames
  Prefix scoring: 52.4s
  Rewards: [0.09, 0.0, 0.12, 0.18, 0.33, 0.58, 0.61, 1.0]
  Failed regions: []
  Successful interval: 20-113
  Keyframes: [19, 20, 105, 113]
  Success detected: True
  Confidence: 0.93

--- Segment 59/512 ---

============================================================
Segment: ButtonUnmaskSwap_ep11_f0-108
  Subtask: press the first button
  Frames: 0 - 108
============================================================
  Loaded 109 frames
  Prefix scoring: 52.6s
  Rewards: [0.5, 0.53, 0.81, 0.86, 0.58, 0.0, 0.81, 1.0]
  Failed regions: [[52, 94]]
  Successful interval: 75-108
  Keyframes: [0, 75, 97, 108]
  Success detected: True
  Confidence: 0.87

--- Segment 60/512 ---

============================================================
Segment: ButtonUnmaskSwap_ep11_f109-202
  Subtask: press the second button
  Frames: 109 - 202
============================================================
  Loaded 94 frames
  Prefix scoring: 52.3s
  Rewards: [0.14, 0.14, 0.09, 0.5, 0.0, 0.05, 1.0, 0.27]
  Failed regions: [[45, 69]]
  Successful interval: 53-81
  Keyframes: [17, 53, 81, 82, 93]
  Success detected: True
  Confidence: 0.95

--- Segment 61/512 ---

============================================================
Segment: ButtonUnmaskSwap_ep11_f203-300
  Subtask: pick up the container that hides the green cube
  Frames: 203 - 300
============================================================
  Loaded 98 frames
  Prefix scoring: 52.4s
  Rewards: [0.0, 0.04, 0.2, 0.29, 0.09, 0.15, 0.87, 1.0]
  Failed regions: [[46, 71]]
  Successful interval: 55-97
  Keyframes: [8, 55, 89, 97]
  Success detected: True
  Confidence: 0.90

--- Segment 62/512 ---

============================================================
Segment: ButtonUnmaskSwap_ep11_f301-348
  Subtask: put down the container
  Frames: 301 - 348
============================================================
  Loaded 48 frames
  Prefix scoring: 52.1s
  Rewards: [0.0, 0.26, 0.09, 0.17, 0.09, 0.22, 0.04, 1.0]
  Failed regions: [[10, 22]]
  Successful interval: 38-47
  Keyframes: [0, 38, 39, 47]
  Success detected: True
  Confidence: 0.94

--- Segment 63/512 ---

============================================================
Segment: ButtonUnmaskSwap_ep11_f349-446
  Subtask: pick up the container that hides the red cube
  Frames: 349 - 446
============================================================
  Loaded 98 frames
  Prefix scoring: 52.4s
  Rewards: [0.0, 0.05, 0.21, 0.51, 0.35, 0.21, 0.42, 1.0]
  Failed regions: [[46, 84]]
  Successful interval: 67-97
  Keyframes: [0, 67, 96, 97]
  Success detected: True
  Confidence: 0.85

--- Segment 64/512 ---

============================================================
Segment: ButtonUnmaskSwap_ep11_f349-453
  Subtask: pick up the container that hides the red cube
  Frames: 349 - 453
============================================================
  Loaded 105 frames
  Prefix scoring: 52.4s
  Rewards: [0.0, 0.0, 0.37, 0.51, 0.22, 0.63, 0.54, 1.0]
  Failed regions: [[50, 77], [77, 104]]
  Successful interval: 85-104
  Keyframes: [8, 85, 96, 104]
  Success detected: True
  Confidence: 0.70

--- Segment 65/512 ---

============================================================
Segment: ButtonUnmaskSwap_ep12_f0-120
  Subtask: press the first button
  Frames: 0 - 120
============================================================
  Loaded 121 frames
  Prefix scoring: 52.3s
  Rewards: [0.0, 0.0, 0.38, 0.92, 1.0, 1.0, 0.62, 0.54]
  Failed regions: []
  Successful interval: 21-73
  Keyframes: [4, 21, 32, 73, 116]
  Success detected: True
  Confidence: 0.89

--- Segment 66/512 ---

============================================================
Segment: ButtonUnmaskSwap_ep12_f121-214
  Subtask: press the second button
  Frames: 121 - 214
============================================================
  Loaded 94 frames
  Prefix scoring: 52.3s
  Rewards: [0.08, 0.0, 0.08, 0.15, 0.15, 0.77, 1.0, 0.08]
  Failed regions: []
  Successful interval: 53-81
  Keyframes: [13, 53, 81, 82, 93]
  Success detected: True
  Confidence: 0.88

--- Segment 67/512 ---

============================================================
Segment: ButtonUnmaskSwap_ep12_f215-320
  Subtask: pick up the container that hides the green cube
  Frames: 215 - 320
============================================================
  Loaded 106 frames
  Prefix scoring: 52.4s
  Rewards: [0.0, 0.05, 0.11, 0.16, 0.22, 0.19, 0.41, 1.0]
  Failed regions: []
  Successful interval: 72-105
  Keyframes: [0, 72, 100, 105]
  Success detected: True
  Confidence: 0.87

--- Segment 68/512 ---

============================================================
Segment: ButtonUnmaskSwap_ep12_f321-361
  Subtask: put down the container
  Frames: 321 - 361
============================================================
  Loaded 41 frames
  Prefix scoring: 52.3s
  Rewards: [0.36, 0.55, 0.27, 1.0, 0.0, 0.09, 0.27, 0.36]
  Failed regions: [[9, 19]]
  Successful interval: 12-19
  Keyframes: [0, 12, 13, 19, 39]
  Success detected: True
  Confidence: 0.82

--- Segment 69/512 ---

============================================================
Segment: ButtonUnmaskSwap_ep12_f362-443
  Subtask: pick up the container that hides the blue cube
  Frames: 362 - 443
============================================================
  Loaded 82 frames
  Prefix scoring: 52.3s
  Rewards: [0.0, 0.09, 0.14, 0.43, 0.34, 0.43, 0.37, 1.0]
  Failed regions: [[39, 60]]
  Successful interval: 66-81
  Keyframes: [1, 66, 80, 81]
  Success detected: True
  Confidence: 0.78

--- Segment 70/512 ---

============================================================
Segment: ButtonUnmaskSwap_ep12_f362-450
  Subtask: pick up the container that hides the blue cube
  Frames: 362 - 450
============================================================
  Loaded 89 frames
  Prefix scoring: 52.2s
  Rewards: [0.0, 0.08, 0.18, 0.05, 0.34, 0.24, 0.95, 1.0]
  Failed regions: [[53, 76]]
  Successful interval: 61-88
  Keyframes: [3, 61, 80, 88]
  Success detected: True
  Confidence: 0.83

--- Segment 71/512 ---

============================================================
Segment: ButtonUnmaskSwap_ep13_f0-109
  Subtask: press the first button
  Frames: 0 - 109
============================================================
  Loaded 110 frames
  Prefix scoring: 52.5s
  Rewards: [0.25, 0.08, 0.42, 0.67, 0.29, 0.0, 0.83, 1.0]
  Failed regions: [[11, 53], [53, 95]]
  Successful interval: 76-109
  Keyframes: [0, 76, 98, 109]
  Success detected: True
  Confidence: 0.91

--- Segment 72/512 ---

============================================================
Segment: ButtonUnmaskSwap_ep13_f110-197
  Subtask: press the second button
  Frames: 110 - 197
============================================================
  Loaded 88 frames
  Prefix scoring: 53.3s
  Rewards: [0.0, 0.21, 0.07, 0.64, 0.64, 0.93, 1.0, 1.0]
  Failed regions: []
  Successful interval: 49-75
  Keyframes: [0, 49, 75, 76, 87]
  Success detected: True
  Confidence: 0.63

--- Segment 73/512 ---

============================================================
Segment: ButtonUnmaskSwap_ep13_f198-299
  Subtask: pick up the container that hides the red cube
  Frames: 198 - 299
============================================================
  Loaded 102 frames
  Prefix scoring: 52.2s
  Rewards: [0.0, 0.12, 0.03, 0.45, 0.35, 0.15, 0.2, 1.0]
  Failed regions: [[49, 88]]
  Successful interval: 70-101
  Keyframes: [3, 70, 101]
  Success detected: True
  Confidence: 0.88

--- Segment 74/512 ---

============================================================
Segment: ButtonUnmaskSwap_ep13_f198-305
  Subtask: pick up the container that hides the red cube
  Frames: 198 - 305
============================================================
  Loaded 108 frames
  Prefix scoring: 53.0s
  Rewards: [0.0, 0.16, 0.09, 0.56, 0.34, 0.34, 0.09, 1.0]
  Failed regions: [[51, 79], [79, 107]]
  Successful interval: 88-107
  Keyframes: [3, 88, 100, 107]
  Success detected: True
  Confidence: 0.90

--- Segment 75/512 ---

============================================================
Segment: ButtonUnmaskSwap_ep14_f0-108
  Subtask: press the first button
  Frames: 0 - 108
============================================================
  Loaded 109 frames
  Prefix scoring: 52.5s
  Rewards: [0.23, 0.23, 0.19, 0.55, 0.29, 0.0, 0.65, 1.0]
  Failed regions: [[52, 94]]
  Successful interval: 75-108
  Keyframes: [0, 75, 97, 108]
  Success detected: True
  Confidence: 0.92

--- Segment 76/512 ---

============================================================
Segment: ButtonUnmaskSwap_ep14_f109-203
  Subtask: press the second button
  Frames: 109 - 203
============================================================
  Loaded 95 frames
  Prefix scoring: 52.2s
  Rewards: [0.0, 0.55, 0.4, 0.75, 0.6, 0.8, 0.75, 1.0]
  Failed regions: [[21, 45], [45, 69]]
  Successful interval: 77-94
  Keyframes: [10, 77, 82, 94]
  Success detected: True
  Confidence: 0.58

--- Segment 77/512 ---

============================================================
Segment: ButtonUnmaskSwap_ep14_f204-306
  Subtask: pick up the container that hides the green cube
  Frames: 204 - 306
============================================================
  Loaded 103 frames
  Prefix scoring: 52.3s
  Rewards: [0.0, 0.02, 0.12, 0.21, 0.31, 0.21, 0.14, 1.0]
  Failed regions: [[62, 102]]
  Successful interval: 83-102
  Keyframes: [8, 83, 102]
  Success detected: True
  Confidence: 0.89

--- Segment 78/512 ---

============================================================
Segment: ButtonUnmaskSwap_ep14_f204-312
  Subtask: pick up the container that hides the green cube
  Frames: 204 - 312
============================================================
  Loaded 109 frames
  Prefix scoring: 52.5s
  Rewards: [0.0, 0.07, 0.1, 0.43, 0.24, 0.12, 0.12, 1.0]
  Failed regions: [[52, 94], [52, 108]]
  Successful interval: 89-108
  Keyframes: [7, 89, 99, 108]
  Success detected: True
  Confidence: 0.90

--- Segment 79/512 ---

============================================================
Segment: ButtonUnmaskSwap_ep15_f0-108
  Subtask: press the first button
  Frames: 0 - 108
============================================================
  Loaded 109 frames
  Prefix scoring: 52.5s
  Rewards: [0.46, 0.34, 0.8, 0.59, 0.27, 0.0, 1.0, 0.93]
  Failed regions: [[10, 38], [38, 94]]
  Successful interval: 75-94
  Keyframes: [0, 75, 94, 95, 108]
  Success detected: True
  Confidence: 0.89

--- Segment 80/512 ---

============================================================
Segment: ButtonUnmaskSwap_ep15_f109-203
  Subtask: press the second button
  Frames: 109 - 203
============================================================
  Loaded 95 frames
  Prefix scoring: 52.3s
  Rewards: [0.0, 0.13, 0.57, 0.61, 0.78, 0.3, 1.0, 0.65]
  Failed regions: [[57, 81]]
  Successful interval: 65-81
  Keyframes: [18, 65, 81, 82, 94]
  Success detected: True
  Confidence: 0.78

--- Segment 81/512 ---

============================================================
Segment: ButtonUnmaskSwap_ep15_f204-321
  Subtask: pick up the container that hides the green cube
  Frames: 204 - 321
============================================================
  Loaded 118 frames
  Prefix scoring: 52.5s
  Rewards: [0.03, 0.0, 0.03, 0.34, 0.26, 0.29, 0.21, 1.0]
  Failed regions: []
  Successful interval: 96-117
  Keyframes: [1, 96, 111, 117]
  Success detected: True
  Confidence: 0.86

--- Segment 82/512 ---

============================================================
Segment: ButtonUnmaskSwap_ep15_f322-362
  Subtask: put down the container
  Frames: 322 - 362
============================================================
  Loaded 41 frames
  Prefix scoring: 52.4s
  Rewards: [1.0, 0.82, 0.45, 0.64, 0.45, 0.55, 0.55, 0.0]
  Failed regions: []
  Successful interval: 2-4
  Keyframes: [0, 2, 4, 5, 21]
  Success detected: True
  Confidence: 0.49

--- Segment 83/512 ---

============================================================
Segment: ButtonUnmaskSwap_ep15_f363-449
  Subtask: pick up the container that hides the blue cube
  Frames: 363 - 449
============================================================
  Loaded 87 frames
  Prefix scoring: 52.3s
  Rewards: [0.0, 0.05, 0.17, 0.07, 0.15, 0.15, 0.41, 1.0]
  Failed regions: []
  Successful interval: 59-86
  Keyframes: [2, 59, 85, 86]
  Success detected: True
  Confidence: 0.89

--- Segment 84/512 ---

============================================================
Segment: ButtonUnmaskSwap_ep15_f363-457
  Subtask: pick up the container that hides the blue cube
  Frames: 363 - 457
============================================================
  Loaded 95 frames
  Prefix scoring: 52.4s
  Rewards: [0.0, 0.12, 0.15, 0.12, 0.28, 0.15, 0.55, 1.0]
  Failed regions: [[57, 81]]
  Successful interval: 65-94
  Keyframes: [0, 65, 85, 94]
  Success detected: True
  Confidence: 0.88

--- Segment 85/512 ---

============================================================
Segment: ButtonUnmaskSwap_ep16_f0-112
  Subtask: press the first button
  Frames: 0 - 112
============================================================
  Loaded 113 frames
  Prefix scoring: 52.8s
  Rewards: [0.11, 0.32, 0.47, 1.0, 0.32, 0.0, 0.26, 0.42]
  Failed regions: []
  Successful interval: 6-54
  Keyframes: [0, 6, 32, 54, 85]
  Success detected: True
  Confidence: 0.89

--- Segment 86/512 ---

============================================================
Segment: ButtonUnmaskSwap_ep16_f113-204
  Subtask: press the second button
  Frames: 113 - 204
============================================================
  Loaded 92 frames
  Prefix scoring: 52.3s
  Rewards: [0.0, 0.24, 1.0, 0.47, 0.53, 0.12, 0.82, 0.12]
  Failed regions: [[32, 55], [55, 79]]
  Successful interval: 63-79
  Keyframes: [13, 63, 79, 80, 91]
  Success detected: True
  Confidence: 0.69

--- Segment 87/512 ---

============================================================
Segment: ButtonUnmaskSwap_ep16_f205-309
  Subtask: pick up the container that hides the blue cube
  Frames: 205 - 309
============================================================
  Loaded 105 frames
  Prefix scoring: 52.5s
  Rewards: [0.0, 0.14, 0.22, 0.24, 0.27, 0.46, 0.51, 1.0]
  Failed regions: []
  Successful interval: 5-104
  Keyframes: [4, 5, 96, 104]
  Success detected: True
  Confidence: 0.93

--- Segment 88/512 ---

============================================================
Segment: ButtonUnmaskSwap_ep16_f310-359
  Subtask: put down the container
  Frames: 310 - 359
============================================================
  Loaded 50 frames
  Prefix scoring: 52.3s
  Rewards: [0.42, 0.0, 0.54, 0.54, 0.33, 0.25, 0.83, 1.0]
  Failed regions: [[5, 17], [23, 42]]
  Successful interval: 34-49
  Keyframes: [0, 34, 39, 49]
  Success detected: True
  Confidence: 0.80

--- Segment 89/512 ---

============================================================
Segment: ButtonUnmaskSwap_ep16_f360-460
  Subtask: pick up the container that hides the red cube
  Frames: 360 - 460
============================================================
  Loaded 101 frames
  Prefix scoring: 52.3s
  Rewards: [0.0, 0.17, 0.22, 0.41, 0.41, 0.66, 0.46, 1.0]
  Failed regions: [[74, 100]]
  Successful interval: 82-100
  Keyframes: [5, 82, 99, 100]
  Success detected: True
  Confidence: 0.73

--- Segment 90/512 ---

============================================================
Segment: ButtonUnmaskSwap_ep16_f360-472
  Subtask: pick up the container that hides the red cube
  Frames: 360 - 472
============================================================
  Loaded 113 frames
  Prefix scoring: 52.5s
  Rewards: [0.0, 0.38, 0.21, 0.4, 0.55, 0.52, 1.0, 0.9]
  Failed regions: [[25, 68]]
  Successful interval: 78-97
  Keyframes: [5, 78, 97, 98, 112]
  Success detected: True
  Confidence: 0.69

--- Segment 91/512 ---

============================================================
Segment: ButtonUnmaskSwap_ep17_f0-112
  Subtask: press the first button
  Frames: 0 - 112
============================================================
  Loaded 113 frames
  Prefix scoring: 52.6s
  Rewards: [0.1, 0.15, 0.0, 1.0, 0.6, 0.05, 0.55, 0.4]
  Failed regions: []
  Successful interval: 34-54
  Keyframes: [1, 34, 49, 54, 93]
  Success detected: True
  Confidence: 0.93

--- Segment 92/512 ---

============================================================
Segment: ButtonUnmaskSwap_ep17_f113-214
  Subtask: press the second button
  Frames: 113 - 214
============================================================
  Loaded 102 frames
  Prefix scoring: 52.3s
  Rewards: [0.0, 0.11, 0.11, 0.11, 0.89, 0.89, 1.0, 1.0]
  Failed regions: []
  Successful interval: 70-88
  Keyframes: [12, 70, 84, 88, 101]
  Success detected: True
  Confidence: 0.54

--- Segment 93/512 ---

============================================================
Segment: ButtonUnmaskSwap_ep17_f215-313
  Subtask: pick up the container that hides the green cube
  Frames: 215 - 313
============================================================
  Loaded 99 frames
  Prefix scoring: 52.3s
  Rewards: [0.02, 0.0, 0.14, 0.11, 0.27, 0.39, 0.25, 1.0]
  Failed regions: [[72, 98]]
  Successful interval: 81-98
  Keyframes: [6, 81, 97, 98]
  Success detected: True
  Confidence: 0.85

--- Segment 94/512 ---

============================================================
Segment: ButtonUnmaskSwap_ep17_f215-325
  Subtask: pick up the container that hides the green cube
  Frames: 215 - 325
============================================================
  Loaded 111 frames
  Prefix scoring: 52.4s
  Rewards: [0.0, 0.07, 0.07, 0.14, 0.19, 0.45, 0.95, 1.0]
  Failed regions: []
  Successful interval: 34-110
  Keyframes: [6, 34, 96, 110]
  Success detected: True
  Confidence: 0.90

--- Segment 95/512 ---

============================================================
Segment: ButtonUnmaskSwap_ep18_f0-116
  Subtask: press the first button
  Frames: 0 - 116
============================================================
  Loaded 117 frames
  Prefix scoring: 52.6s
  Rewards: [0.61, 0.52, 1.0, 0.96, 0.0, 0.61, 0.57, 0.48]
  Failed regions: [[11, 41]]
  Successful interval: 21-41
  Keyframes: [0, 21, 32, 41, 85]
  Success detected: True
  Confidence: 0.67

--- Segment 96/512 ---

============================================================
Segment: ButtonUnmaskSwap_ep18_f117-203
  Subtask: press the second button
  Frames: 117 - 203
============================================================
  Loaded 87 frames
  Prefix scoring: 52.1s
  Rewards: [0.18, 0.29, 0.41, 1.0, 0.35, 0.88, 0.53, 0.0]
  Failed regions: [[41, 63]]
  Successful interval: 48-63
  Keyframes: [9, 48, 49, 63, 84]
  Success detected: True
  Confidence: 0.65

--- Segment 97/512 ---

============================================================
Segment: ButtonUnmaskSwap_ep18_f204-299
  Subtask: pick up the container that hides the green cube
  Frames: 204 - 299
============================================================
  Loaded 96 frames
  Prefix scoring: 52.2s
  Rewards: [0.02, 0.0, 0.08, 0.08, 0.25, 0.12, 0.27, 1.0]
  Failed regions: [[58, 82]]
  Successful interval: 66-95
  Keyframes: [5, 66, 93, 95]
  Success detected: True
  Confidence: 0.91

--- Segment 98/512 ---

============================================================
Segment: ButtonUnmaskSwap_ep18_f204-306
  Subtask: pick up the container that hides the green cube
  Frames: 204 - 306
============================================================
  Loaded 103 frames
  Prefix scoring: 52.2s
  Rewards: [0.0, 0.07, 0.07, 0.09, 0.3, 0.14, 0.4, 1.0]
  Failed regions: [[62, 88]]
  Successful interval: 70-102
  Keyframes: [16, 70, 93, 102]
  Success detected: True
  Confidence: 0.89

--- Segment 99/512 ---

============================================================
Segment: ButtonUnmaskSwap_ep19_f0-114
  Subtask: press the first button
  Frames: 0 - 114
============================================================
  Loaded 115 frames
  Prefix scoring: 52.4s
  Rewards: [0.5, 0.56, 0.0, 0.44, 0.31, 0.31, 1.0, 0.44]
  Failed regions: [[25, 55], [55, 84], [55, 99]]
  Successful interval: 79-99
  Keyframes: [0, 79, 99, 100, 114]
  Success detected: True
  Confidence: 0.79

--- Segment 100/512 ---

============================================================
Segment: ButtonUnmaskSwap_ep19_f115-208
  Subtask: press the second button
  Frames: 115 - 208
============================================================
  Loaded 94 frames
  Prefix scoring: 52.4s
  Rewards: [0.08, 0.0, 0.29, 0.33, 0.83, 0.67, 0.92, 1.0]
  Failed regions: [[57, 81]]
  Successful interval: 65-93
  Keyframes: [12, 65, 82, 93]
  Success detected: True
  Confidence: 0.63

--- Segment 101/512 ---

============================================================
Segment: ButtonUnmaskSwap_ep19_f209-320
  Subtask: pick up the container that hides the blue cube
  Frames: 209 - 320
============================================================
  Loaded 112 frames
  Prefix scoring: 52.7s
  Rewards: [0.03, 0.11, 0.09, 0.31, 0.2, 0.0, 0.06, 1.0]
  Failed regions: [[53, 96]]
  Successful interval: 77-111
  Keyframes: [9, 77, 104, 111]
  Success detected: True
  Confidence: 0.95

--- Segment 102/512 ---

============================================================
Segment: ButtonUnmaskSwap_ep19_f321-361
  Subtask: put down the container
  Frames: 321 - 361
============================================================
  Loaded 41 frames
  Prefix scoring: 52.1s
  Rewards: [0.0, 0.07, 0.13, 0.27, 0.6, 0.73, 1.0, 0.33]
  Failed regions: []
  Successful interval: 2-34
  Keyframes: [1, 2, 11, 34, 40]
  Success detected: True
  Confidence: 0.92

--- Segment 103/512 ---

============================================================
Segment: ButtonUnmaskSwap_ep19_f362-440
  Subtask: pick up the container that hides the green cube
  Frames: 362 - 440
============================================================
  Loaded 79 frames
  Prefix scoring: 52.5s
  Rewards: [0.0, 0.06, 0.12, 0.08, 0.38, 0.1, 0.08, 1.0]
  Failed regions: [[47, 78]]
  Successful interval: 64-78
  Keyframes: [11, 64, 76, 78]
  Success detected: True
  Confidence: 0.92

--- Segment 104/512 ---

============================================================
Segment: ButtonUnmaskSwap_ep19_f362-450
  Subtask: pick up the container that hides the green cube
  Frames: 362 - 450
============================================================
  Loaded 89 frames
  Prefix scoring: 52.3s
  Rewards: [0.02, 0.0, 0.14, 0.32, 0.18, 0.16, 0.86, 1.0]
  Failed regions: [[42, 76]]
  Successful interval: 61-88
  Keyframes: [11, 61, 75, 88]
  Success detected: True
  Confidence: 0.87

--- Segment 105/512 ---

============================================================
Segment: ButtonUnmaskSwap_ep20_f0-108
  Subtask: press the first button
  Frames: 0 - 108
============================================================
  Loaded 109 frames
  Prefix scoring: 52.5s
  Rewards: [0.54, 0.71, 1.0, 0.54, 0.32, 0.0, 0.61, 1.0]
  Failed regions: [[38, 94]]
  Successful interval: 75-108
  Keyframes: [0, 75, 97, 108]
  Success detected: True
  Confidence: 0.88

--- Segment 106/512 ---

============================================================
Segment: ButtonUnmaskSwap_ep20_f109-201
  Subtask: press the second button
  Frames: 109 - 201
============================================================
  Loaded 93 frames
  Prefix scoring: 52.2s
  Rewards: [0.0, 0.53, 0.33, 0.93, 0.8, 0.8, 0.67, 1.0]
  Failed regions: [[20, 44], [44, 68], [68, 92]]
  Successful interval: 76-92
  Keyframes: [0, 76, 82, 92]
  Success detected: True
  Confidence: 0.61

--- Segment 107/512 ---

============================================================
Segment: ButtonUnmaskSwap_ep20_f202-294
  Subtask: pick up the container that hides the red cube
  Frames: 202 - 294
============================================================
  Loaded 93 frames
  Prefix scoring: 52.3s
  Rewards: [0.0, 0.13, 0.21, 0.26, 0.37, 0.37, 0.87, 1.0]
  Failed regions: []
  Successful interval: 64-92
  Keyframes: [1, 64, 83, 92]
  Success detected: True
  Confidence: 0.77

--- Segment 108/512 ---

============================================================
Segment: ButtonUnmaskSwap_ep20_f295-341
  Subtask: put down the container
  Frames: 295 - 341
============================================================
  Loaded 47 frames
  Prefix scoring: 52.2s
  Rewards: [0.47, 0.53, 0.95, 0.05, 0.0, 0.26, 0.32, 1.0]
  Failed regions: [[16, 34]]
  Successful interval: 26-46
  Keyframes: [0, 26, 38, 46]
  Success detected: True
  Confidence: 0.91

--- Segment 109/512 ---

============================================================
Segment: ButtonUnmaskSwap_ep20_f342-419
  Subtask: pick up the container that hides the blue cube
  Frames: 342 - 419
============================================================
  Loaded 78 frames
  Prefix scoring: 52.2s
  Rewards: [0.0, 0.14, 0.26, 0.34, 0.8, 0.37, 0.34, 1.0]
  Failed regions: [[47, 77]]
  Successful interval: 64-77
  Keyframes: [0, 64, 76, 77]
  Success detected: True
  Confidence: 0.78

--- Segment 110/512 ---

============================================================
Segment: ButtonUnmaskSwap_ep20_f342-426
  Subtask: pick up the container that hides the blue cube
  Frames: 342 - 426
============================================================
  Loaded 85 frames
  Prefix scoring: 52.5s
  Rewards: [0.0, 0.2, 0.2, 0.24, 0.54, 0.28, 0.72, 1.0]
  Failed regions: [[51, 73]]
  Successful interval: 58-84
  Keyframes: [0, 58, 76, 84]
  Success detected: True
  Confidence: 0.81

--- Segment 111/512 ---

============================================================
Segment: ButtonUnmaskSwap_ep21_f0-107
  Subtask: press the first button
  Frames: 0 - 107
============================================================
  Loaded 108 frames
  Prefix scoring: 53.0s
  Rewards: [0.59, 0.48, 1.0, 0.86, 0.48, 0.0, 0.69, 0.93]
  Failed regions: [[10, 37], [37, 93]]
  Successful interval: 74-107
  Keyframes: [1, 74, 96, 107]
  Success detected: True
  Confidence: 0.81

--- Segment 112/512 ---

============================================================
Segment: ButtonUnmaskSwap_ep21_f108-202
  Subtask: press the second button
  Frames: 108 - 202
============================================================
  Loaded 95 frames
  Prefix scoring: 52.4s
  Rewards: [0.23, 0.69, 0.38, 0.38, 0.08, 0.0, 1.0, 0.15]
  Failed regions: [[21, 45], [45, 81]]
  Successful interval: 65-81
  Keyframes: [19, 65, 79, 81, 94]
  Success detected: True
  Confidence: 0.93

--- Segment 113/512 ---

============================================================
Segment: ButtonUnmaskSwap_ep21_f203-305
  Subtask: pick up the container that hides the blue cube
  Frames: 203 - 305
============================================================
  Loaded 103 frames
  Prefix scoring: 52.6s
  Rewards: [0.0, 0.07, 0.17, 0.1, 0.23, 0.1, 0.37, 1.0]
  Failed regions: []
  Successful interval: 70-102
  Keyframes: [4, 70, 95, 102]
  Success detected: True
  Confidence: 0.91

--- Segment 114/512 ---

============================================================
Segment: ButtonUnmaskSwap_ep21_f306-355
  Subtask: put down the container
  Frames: 306 - 355
============================================================
  Loaded 50 frames
  Prefix scoring: 52.1s
  Rewards: [0.0, 0.36, 0.21, 0.36, 0.36, 0.46, 1.0, 0.89]
  Failed regions: [[11, 23]]
  Successful interval: 28-42
  Keyframes: [1, 28, 39, 42, 49]
  Success detected: True
  Confidence: 0.77

--- Segment 115/512 ---

============================================================
Segment: ButtonUnmaskSwap_ep21_f356-452
  Subtask: pick up the container that hides the red cube
  Frames: 356 - 452
============================================================
  Loaded 97 frames
  Prefix scoring: 52.4s
  Rewards: [0.0, 0.26, 0.21, 0.38, 0.69, 0.51, 0.64, 1.0]
  Failed regions: [[58, 83]]
  Successful interval: 67-96
  Keyframes: [3, 67, 95, 96]
  Success detected: True
  Confidence: 0.70

--- Segment 116/512 ---

============================================================
Segment: ButtonUnmaskSwap_ep21_f356-459
  Subtask: pick up the container that hides the red cube
  Frames: 356 - 459
============================================================
  Loaded 104 frames
  Prefix scoring: 52.4s
  Rewards: [0.0, 0.17, 0.54, 0.4, 0.6, 0.46, 0.57, 1.0]
  Failed regions: [[36, 63], [63, 89]]
  Successful interval: 71-103
  Keyframes: [2, 71, 95, 103]
  Success detected: True
  Confidence: 0.72

--- Segment 117/512 ---

============================================================
Segment: ButtonUnmaskSwap_ep22_f0-113
  Subtask: press the first button
  Frames: 0 - 113
============================================================
  Loaded 114 frames
  Prefix scoring: 52.7s
  Rewards: [0.35, 0.19, 0.69, 0.35, 0.31, 0.46, 1.0, 0.0]
  Failed regions: [[11, 40], [40, 83]]
  Successful interval: 64-98
  Keyframes: [1, 64, 73, 98, 113]
  Success detected: True
  Confidence: 0.79

--- Segment 118/512 ---

============================================================
Segment: ButtonUnmaskSwap_ep22_f114-206
  Subtask: press the second button
  Frames: 114 - 206
============================================================
  Loaded 93 frames
  Prefix scoring: 52.2s
  Rewards: [0.22, 0.17, 0.44, 0.0, 1.0, 0.56, 0.89, 0.94]
  Failed regions: [[32, 56], [56, 80]]
  Successful interval: 64-92
  Keyframes: [14, 64, 80, 92]
  Success detected: True
  Confidence: 0.62

--- Segment 119/512 ---

============================================================
Segment: ButtonUnmaskSwap_ep22_f207-311
  Subtask: pick up the container that hides the red cube
  Frames: 207 - 311
============================================================
  Loaded 105 frames
  Prefix scoring: 52.5s
  Rewards: [0.0, 0.1, 0.23, 0.36, 0.33, 0.1, 0.51, 1.0]
  Failed regions: [[50, 90]]
  Successful interval: 72-104
  Keyframes: [20, 72, 103, 104]
  Success detected: True
  Confidence: 0.89

--- Segment 120/512 ---

============================================================
Segment: ButtonUnmaskSwap_ep22_f207-322
  Subtask: pick up the container that hides the red cube
  Frames: 207 - 322
============================================================
  Loaded 116 frames
  Prefix scoring: 52.2s
  Rewards: [0.0, 0.17, 0.17, 0.29, 0.39, 0.54, 0.56, 1.0]
  Failed regions: []
  Successful interval: 35-115
  Keyframes: [20, 35, 36, 115]
  Success detected: True
  Confidence: 0.85

--- Segment 121/512 ---

============================================================
Segment: ButtonUnmaskSwap_ep23_f0-109
  Subtask: press the first button
  Frames: 0 - 109
============================================================
  Loaded 110 frames
  Prefix scoring: 52.3s
  Rewards: [0.33, 0.36, 0.56, 0.46, 0.49, 0.0, 0.51, 1.0]
  Failed regions: [[39, 67], [67, 95]]
  Successful interval: 76-109
  Keyframes: [2, 76, 98, 109]
  Success detected: True
  Confidence: 0.91

--- Segment 122/512 ---

============================================================
Segment: ButtonUnmaskSwap_ep23_f110-208
  Subtask: press the second button
  Frames: 110 - 208
============================================================
  Loaded 99 frames
  Prefix scoring: 52.2s
  Rewards: [0.2, 0.4, 0.5, 0.0, 0.6, 0.9, 1.0, 0.25]
  Failed regions: [[34, 59]]
  Successful interval: 43-85
  Keyframes: [19, 43, 54, 85, 98]
  Success detected: True
  Confidence: 0.90

--- Segment 123/512 ---

============================================================
Segment: ButtonUnmaskSwap_ep23_f209-314
  Subtask: pick up the container that hides the red cube
  Frames: 209 - 314
============================================================
  Loaded 106 frames
  Prefix scoring: 52.4s
  Rewards: [0.0, 0.12, 0.09, 0.03, 0.18, 0.27, 0.73, 1.0]
  Failed regions: []
  Successful interval: 45-105
  Keyframes: [15, 45, 96, 105]
  Success detected: True
  Confidence: 0.93

--- Segment 124/512 ---

============================================================
Segment: ButtonUnmaskSwap_ep23_f315-363
  Subtask: put down the container
  Frames: 315 - 363
============================================================
  Loaded 49 frames
  Prefix scoring: 52.2s
  Rewards: [1.0, 0.67, 0.0, 0.56, 0.56, 0.44, 0.44, 0.89]
  Failed regions: [[4, 22], [29, 41], [29, 48]]
  Successful interval: 39-48
  Keyframes: [0, 39, 40, 48]
  Success detected: True
  Confidence: 0.60

--- Segment 125/512 ---

============================================================
Segment: ButtonUnmaskSwap_ep23_f364-461
  Subtask: pick up the container that hides the blue cube
  Frames: 364 - 461
============================================================
  Loaded 98 frames
  Prefix scoring: 52.3s
  Rewards: [0.0, 0.08, 0.14, 0.46, 0.32, 0.7, 0.59, 1.0]
  Failed regions: [[46, 71], [71, 97]]
  Successful interval: 80-97
  Keyframes: [0, 80, 96, 97]
  Success detected: True
  Confidence: 0.68

--- Segment 126/512 ---

============================================================
Segment: ButtonUnmaskSwap_ep23_f364-472
  Subtask: pick up the container that hides the blue cube
  Frames: 364 - 472
============================================================
  Loaded 109 frames
  Prefix scoring: 52.3s
  Rewards: [0.0, 0.1, 0.15, 0.42, 0.65, 0.68, 1.0, 1.0]
  Failed regions: []
  Successful interval: 5-94
  Keyframes: [0, 5, 63, 94, 108]
  Success detected: True
  Confidence: 0.90

--- Segment 127/512 ---

============================================================
Segment: ButtonUnmaskSwap_ep24_f0-109
  Subtask: press the first button
  Frames: 0 - 109
============================================================
  Loaded 110 frames
  Prefix scoring: 52.3s
  Rewards: [0.23, 0.08, 0.42, 0.42, 0.27, 0.0, 1.0, 0.96]
  Failed regions: [[53, 95]]
  Successful interval: 76-95
  Keyframes: [1, 76, 95, 96, 109]
  Success detected: True
  Confidence: 0.92

--- Segment 128/512 ---

============================================================
Segment: ButtonUnmaskSwap_ep24_f110-202
  Subtask: press the second button
  Frames: 110 - 202
============================================================
  Loaded 93 frames
  Prefix scoring: 52.1s
  Rewards: [0.0, 0.33, 0.53, 0.73, 0.87, 0.67, 1.0, 0.53]
  Failed regions: [[56, 80]]
  Successful interval: 64-80
  Keyframes: [9, 64, 80, 81, 92]
  Success detected: True
  Confidence: 0.62

--- Segment 129/512 ---

============================================================
Segment: ButtonUnmaskSwap_ep24_f203-301
  Subtask: pick up the container that hides the red cube
  Frames: 203 - 301
============================================================
  Loaded 99 frames
  Prefix scoring: 52.6s
  Rewards: [0.08, 0.12, 0.04, 0.0, 0.25, 0.12, 0.17, 1.0]
  Failed regions: [[59, 85]]
  Successful interval: 68-98
  Keyframes: [11, 68, 97, 98]
  Success detected: True
  Confidence: 0.91

--- Segment 130/512 ---

============================================================
Segment: ButtonUnmaskSwap_ep24_f203-308
  Subtask: pick up the container that hides the red cube
  Frames: 203 - 308
============================================================
  Loaded 106 frames
  Prefix scoring: 52.3s
  Rewards: [0.0, 0.08, 0.32, 0.08, 0.04, 0.52, 0.2, 1.0]
  Failed regions: [[37, 77], [77, 105]]
  Successful interval: 86-105
  Keyframes: [14, 86, 97, 105]
  Success detected: True
  Confidence: 0.86

--- Segment 131/512 ---

============================================================
Segment: ButtonUnmaskSwap_ep25_f0-113
  Subtask: press the first button
  Frames: 0 - 113
============================================================
  Loaded 114 frames
  Prefix scoring: 52.4s
  Rewards: [0.05, 0.18, 0.95, 1.0, 0.0, 0.64, 1.0, 0.82]
  Failed regions: [[54, 83]]
  Successful interval: 64-98
  Keyframes: [0, 64, 73, 98, 113]
  Success detected: True
  Confidence: 0.88

--- Segment 132/512 ---

============================================================
Segment: ButtonUnmaskSwap_ep25_f114-205
  Subtask: press the second button
  Frames: 114 - 205
============================================================
  Loaded 92 frames
  Prefix scoring: 52.2s
  Rewards: [0.0, 0.5, 0.29, 1.0, 0.71, 0.57, 0.64, 0.21]
  Failed regions: [[20, 44]]
  Successful interval: 28-44
  Keyframes: [11, 28, 44, 45, 68]
  Success detected: True
  Confidence: 0.79

--- Segment 133/512 ---

============================================================
Segment: ButtonUnmaskSwap_ep25_f206-315
  Subtask: pick up the container that hides the green cube
  Frames: 206 - 315
============================================================
  Loaded 110 frames
  Prefix scoring: 52.6s
  Rewards: [0.0, 0.07, 0.12, 0.23, 0.05, 0.07, 0.17, 1.0]
  Failed regions: []
  Successful interval: 62-109
  Keyframes: [0, 62, 109]
  Success detected: True
  Confidence: 0.94

--- Segment 134/512 ---

============================================================
Segment: ButtonUnmaskSwap_ep25_f206-326
  Subtask: pick up the container that hides the green cube
  Frames: 206 - 326
============================================================
  Loaded 121 frames
  Prefix scoring: 52.6s
  Rewards: [0.1, 0.27, 0.34, 0.2, 0.0, 0.37, 0.27, 1.0]
  Failed regions: [[42, 89], [89, 120]]
  Successful interval: 98-120
  Keyframes: [0, 98, 108, 120]
  Success detected: True
  Confidence: 0.83

--- Segment 135/512 ---

============================================================
Segment: ButtonUnmaskSwap_ep26_f0-114
  Subtask: press the first button
  Frames: 0 - 114
============================================================
  Loaded 115 frames
  Prefix scoring: 52.5s
  Rewards: [0.75, 0.75, 0.89, 1.0, 0.78, 0.0, 0.64, 0.92]
  Failed regions: [[55, 99]]
  Successful interval: 79-114
  Keyframes: [0, 79, 102, 114]
  Success detected: True
  Confidence: 0.77

--- Segment 136/512 ---

============================================================
Segment: ButtonUnmaskSwap_ep26_f115-205
  Subtask: press the second button
  Frames: 115 - 205
============================================================
  Loaded 91 frames
  Prefix scoring: 52.3s
  Rewards: [0.6, 0.5, 0.0, 0.5, 0.7, 1.0, 0.95, 0.2]
  Failed regions: [[9, 43]]
  Successful interval: 28-66
  Keyframes: [15, 28, 48, 66, 90]
  Success detected: True
  Confidence: 0.89

--- Segment 137/512 ---

============================================================
Segment: ButtonUnmaskSwap_ep26_f206-297
  Subtask: pick up the container that hides the blue cube
  Frames: 206 - 297
============================================================
  Loaded 92 frames
  Prefix scoring: 52.5s
  Rewards: [0.0, 0.02, 0.11, 0.2, 0.43, 0.36, 0.48, 1.0]
  Failed regions: []
  Successful interval: 63-91
  Keyframes: [14, 63, 90, 91]
  Success detected: True
  Confidence: 0.79

--- Segment 138/512 ---

============================================================
Segment: ButtonUnmaskSwap_ep26_f206-304
  Subtask: pick up the container that hides the blue cube
  Frames: 206 - 304
============================================================
  Loaded 99 frames
  Prefix scoring: 52.4s
  Rewards: [0.0, 0.07, 0.13, 0.17, 0.46, 0.46, 0.33, 1.0]
  Failed regions: [[72, 98]]
  Successful interval: 81-98
  Keyframes: [14, 81, 90, 98]
  Success detected: True
  Confidence: 0.80

--- Segment 139/512 ---

============================================================
Segment: ButtonUnmaskSwap_ep27_f0-114
  Subtask: press the first button
  Frames: 0 - 114
============================================================
  Loaded 115 frames
  Prefix scoring: 52.2s
  Rewards: [0.11, 0.0, 0.21, 0.47, 0.05, 0.58, 0.47, 1.0]
  Failed regions: [[55, 84], [84, 114]]
  Successful interval: 94-114
  Keyframes: [2, 94, 103, 114]
  Success detected: True
  Confidence: 0.74

--- Segment 140/512 ---

============================================================
Segment: ButtonUnmaskSwap_ep27_f115-204
  Subtask: press the second button
  Frames: 115 - 204
============================================================
  Loaded 90 frames
  Prefix scoring: 52.3s
  Rewards: [0.0, 0.0, 0.23, 0.09, 1.0, 0.5, 0.09, 0.73]
  Failed regions: []
  Successful interval: 39-54
  Keyframes: [12, 39, 52, 54, 87]
  Success detected: True
  Confidence: 0.90

--- Segment 141/512 ---

============================================================
Segment: ButtonUnmaskSwap_ep27_f205-299
  Subtask: pick up the container that hides the red cube
  Frames: 205 - 299
============================================================
  Loaded 95 frames
  Prefix scoring: 52.3s
  Rewards: [0.0, 0.06, 0.09, 0.3, 0.27, 0.12, 0.21, 1.0]
  Failed regions: [[45, 81]]
  Successful interval: 65-94
  Keyframes: [17, 65, 86, 94]
  Success detected: True
  Confidence: 0.90

--- Segment 142/512 ---

============================================================
Segment: ButtonUnmaskSwap_ep27_f300-347
  Subtask: put down the container
  Frames: 300 - 347
============================================================
  Loaded 48 frames
  Prefix scoring: 52.2s
  Rewards: [0.17, 0.0, 0.17, 0.22, 0.28, 0.22, 0.33, 1.0]
  Failed regions: []
  Successful interval: 32-47
  Keyframes: [0, 32, 38, 47]
  Success detected: True
  Confidence: 0.85

--- Segment 143/512 ---

============================================================
Segment: ButtonUnmaskSwap_ep27_f348-440
  Subtask: pick up the container that hides the green cube
  Frames: 348 - 440
============================================================
  Loaded 93 frames
  Prefix scoring: 52.3s
  Rewards: [0.0, 0.05, 0.0, 0.12, 0.25, 0.3, 0.12, 1.0]
  Failed regions: [[68, 92]]
  Successful interval: 76-92
  Keyframes: [0, 76, 91, 92]
  Success detected: True
  Confidence: 0.90

--- Segment 144/512 ---

============================================================
Segment: ButtonUnmaskSwap_ep27_f348-446
  Subtask: pick up the container that hides the green cube
  Frames: 348 - 446
============================================================
  Loaded 99 frames
  Prefix scoring: 52.3s
  Rewards: [0.0, 0.17, 0.02, 0.17, 0.27, 0.12, 0.39, 1.0]
  Failed regions: [[59, 85]]
  Successful interval: 68-98
  Keyframes: [0, 68, 91, 98]
  Success detected: True
  Confidence: 0.90

--- Segment 145/512 ---

============================================================
Segment: ButtonUnmaskSwap_ep28_f0-118
  Subtask: press the first button
  Frames: 0 - 118
============================================================
  Loaded 119 frames
  Prefix scoring: 52.3s
  Rewards: [0.28, 0.39, 0.28, 0.33, 0.22, 0.0, 1.0, 0.72]
  Failed regions: [[26, 56], [56, 102]]
  Successful interval: 82-102
  Keyframes: [0, 82, 102, 103, 118]
  Success detected: True
  Confidence: 0.92

--- Segment 146/512 ---

============================================================
Segment: ButtonUnmaskSwap_ep28_f119-204
  Subtask: press the second button
  Frames: 119 - 204
============================================================
  Loaded 86 frames
  Prefix scoring: 52.2s
  Rewards: [0.0, 0.24, 0.18, 0.53, 0.59, 1.0, 0.88, 0.59]
  Failed regions: []
  Successful interval: 26-63
  Keyframes: [9, 26, 46, 63, 85]
  Success detected: True
  Confidence: 0.83

--- Segment 147/512 ---

============================================================
Segment: ButtonUnmaskSwap_ep28_f205-297
  Subtask: pick up the container that hides the red cube
  Frames: 205 - 297
============================================================
  Loaded 93 frames
  Prefix scoring: 52.3s
  Rewards: [0.0, 0.09, 0.15, 0.32, 0.44, 0.26, 0.26, 1.0]
  Failed regions: [[56, 80], [56, 92]]
  Successful interval: 76-92
  Keyframes: [11, 76, 92]
  Success detected: True
  Confidence: 0.83

--- Segment 148/512 ---

============================================================
Segment: ButtonUnmaskSwap_ep28_f205-305
  Subtask: pick up the container that hides the red cube
  Frames: 205 - 305
============================================================
  Loaded 101 frames
  Prefix scoring: 52.3s
  Rewards: [0.0, 0.23, 0.25, 0.38, 0.35, 0.33, 0.72, 1.0]
  Failed regions: []
  Successful interval: 69-100
  Keyframes: [11, 69, 91, 100]
  Success detected: True
  Confidence: 0.79

--- Segment 149/512 ---

============================================================
Segment: ButtonUnmaskSwap_ep29_f0-112
  Subtask: press the first button
  Frames: 0 - 112
============================================================
  Loaded 113 frames
  Prefix scoring: 53.3s
  Rewards: [0.0, 0.05, 0.64, 0.64, 0.64, 0.5, 1.0, 0.77]
  Failed regions: [[68, 97]]
  Successful interval: 78-97
  Keyframes: [1, 78, 97, 98, 112]
  Success detected: True
  Confidence: 0.69

--- Segment 150/512 ---

============================================================
Segment: ButtonUnmaskSwap_ep29_f113-211
  Subtask: press the second button
  Frames: 113 - 211
============================================================
  Loaded 99 frames
  Prefix scoring: 52.4s
  Rewards: [0.0, 0.3, 0.3, 0.45, 0.95, 0.85, 1.0, 0.5]
  Failed regions: [[59, 85]]
  Successful interval: 68-85
  Keyframes: [13, 68, 85, 86, 98]
  Success detected: True
  Confidence: 0.55

--- Segment 151/512 ---

============================================================
Segment: ButtonUnmaskSwap_ep29_f212-320
  Subtask: pick up the container that hides the red cube
  Frames: 212 - 320
============================================================
  Loaded 109 frames
  Prefix scoring: 52.7s
  Rewards: [0.0, 0.06, 0.03, 0.26, 0.23, 0.23, 0.4, 1.0]
  Failed regions: []
  Successful interval: 75-108
  Keyframes: [21, 75, 108]
  Success detected: True
  Confidence: 0.85

--- Segment 152/512 ---

============================================================
Segment: ButtonUnmaskSwap_ep29_f212-329
  Subtask: pick up the container that hides the red cube
  Frames: 212 - 329
============================================================
  Loaded 118 frames
  Prefix scoring: 52.4s
  Rewards: [0.03, 0.0, 0.11, 0.25, 0.14, 0.5, 0.39, 1.0]
  Failed regions: [[56, 86], [86, 117]]
  Successful interval: 96-117
  Keyframes: [21, 96, 108, 117]
  Success detected: True
  Confidence: 0.78

--- Segment 153/512 ---

============================================================
Segment: ButtonUnmaskSwap_ep30_f0-110
  Subtask: press the first button
  Frames: 0 - 110
============================================================
  Loaded 111 frames
  Prefix scoring: 52.2s
  Rewards: [0.49, 0.43, 0.03, 0.68, 0.3, 0.0, 0.81, 1.0]
  Failed regions: [[11, 53], [53, 95]]
  Successful interval: 76-110
  Keyframes: [3, 76, 99, 110]
  Success detected: True
  Confidence: 0.91

--- Segment 154/512 ---

============================================================
Segment: ButtonUnmaskSwap_ep30_f111-201
  Subtask: press the second button
  Frames: 111 - 201
============================================================
  Loaded 91 frames
  Prefix scoring: 52.2s
  Rewards: [0.0, 0.13, 0.2, 0.87, 1.0, 0.8, 0.93, 0.8]
  Failed regions: [[55, 78]]
  Successful interval: 62-78
  Keyframes: [9, 62, 78, 79, 90]
  Success detected: True
  Confidence: 0.49

--- Segment 155/512 ---

============================================================
Segment: ButtonUnmaskSwap_ep30_f202-289
  Subtask: pick up the container that hides the blue cube
  Frames: 202 - 289
============================================================
  Loaded 88 frames
  Prefix scoring: 52.3s
  Rewards: [0.0, 0.0, 0.17, 0.02, 0.29, 0.31, 0.14, 1.0]
  Failed regions: [[64, 87]]
  Successful interval: 71-87
  Keyframes: [0, 71, 86, 87]
  Success detected: True
  Confidence: 0.89

--- Segment 156/512 ---

============================================================
Segment: ButtonUnmaskSwap_ep30_f202-296
  Subtask: pick up the container that hides the blue cube
  Frames: 202 - 296
============================================================
  Loaded 95 frames
  Prefix scoring: 52.5s
  Rewards: [0.0, 0.17, 0.2, 0.37, 0.51, 0.2, 0.8, 1.0]
  Failed regions: [[57, 81]]
  Successful interval: 65-94
  Keyframes: [17, 65, 86, 94]
  Success detected: True
  Confidence: 0.84

--- Segment 157/512 ---

============================================================
Segment: ButtonUnmaskSwap_ep31_f0-114
  Subtask: press the first button
  Frames: 0 - 114
============================================================
  Loaded 115 frames
  Prefix scoring: 52.4s
  Rewards: [0.38, 0.31, 0.66, 0.88, 0.47, 0.0, 0.81, 1.0]
  Failed regions: [[55, 99]]
  Successful interval: 79-114
  Keyframes: [1, 79, 102, 114]
  Success detected: True
  Confidence: 0.89

--- Segment 158/512 ---

============================================================
Segment: ButtonUnmaskSwap_ep31_f115-209
  Subtask: press the second button
  Frames: 115 - 209
============================================================
  Loaded 95 frames
  Prefix scoring: 52.8s
  Rewards: [0.31, 0.23, 0.62, 0.08, 0.77, 1.0, 0.62, 0.0]
  Failed regions: [[33, 57]]
  Successful interval: 41-69
  Keyframes: [17, 41, 50, 69, 93]
  Success detected: True
  Confidence: 0.88

--- Segment 159/512 ---

============================================================
Segment: ButtonUnmaskSwap_ep31_f210-311
  Subtask: pick up the container that hides the red cube
  Frames: 210 - 311
============================================================
  Loaded 102 frames
  Prefix scoring: 52.5s
  Rewards: [0.0, 0.08, 0.1, 0.28, 0.69, 0.41, 0.62, 1.0]
  Failed regions: [[62, 88]]
  Successful interval: 70-101
  Keyframes: [0, 70, 92, 101]
  Success detected: True
  Confidence: 0.76

--- Segment 160/512 ---

============================================================
Segment: ButtonUnmaskSwap_ep31_f312-362
  Subtask: put down the container
  Frames: 312 - 362
============================================================
  Loaded 51 frames
  Prefix scoring: 52.2s
  Rewards: [0.06, 0.35, 0.29, 1.0, 0.94, 0.0, 0.71, 0.76]
  Failed regions: []
  Successful interval: 15-24
  Keyframes: [0, 15, 16, 24, 48]
  Success detected: True
  Confidence: 0.78

--- Segment 161/512 ---

============================================================
Segment: ButtonUnmaskSwap_ep31_f363-448
  Subtask: pick up the container that hides the blue cube
  Frames: 363 - 448
============================================================
  Loaded 86 frames
  Prefix scoring: 52.4s
  Rewards: [0.02, 0.08, 0.37, 0.27, 0.27, 0.0, 0.0, 1.0]
  Failed regions: [[30, 52], [52, 74], [52, 85]]
  Successful interval: 70-85
  Keyframes: [6, 70, 85]
  Success detected: True
  Confidence: 0.95

--- Segment 162/512 ---

============================================================
Segment: ButtonUnmaskSwap_ep31_f363-459
  Subtask: pick up the container that hides the blue cube
  Frames: 363 - 459
============================================================
  Loaded 97 frames
  Prefix scoring: 52.4s
  Rewards: [0.0, 0.13, 0.33, 0.27, 0.17, 0.13, 1.0, 0.83]
  Failed regions: [[33, 83]]
  Successful interval: 67-83
  Keyframes: [6, 67, 83, 84, 96]
  Success detected: True
  Confidence: 0.87

--- Segment 163/512 ---

============================================================
Segment: ButtonUnmaskSwap_ep32_f0-109
  Subtask: press the first button
  Frames: 0 - 109
============================================================
  Loaded 110 frames
  Prefix scoring: 52.5s
  Rewards: [0.46, 0.35, 0.65, 0.65, 0.19, 0.0, 1.0, 0.54]
  Failed regions: [[11, 39], [53, 95]]
  Successful interval: 76-95
  Keyframes: [0, 76, 95, 96, 109]
  Success detected: True
  Confidence: 0.90

--- Segment 164/512 ---

============================================================
Segment: ButtonUnmaskSwap_ep32_f110-210
  Subtask: press the second button
  Frames: 110 - 210
============================================================
  Loaded 101 frames
  Prefix scoring: 52.3s
  Rewards: [0.21, 0.84, 0.53, 0.21, 0.42, 0.42, 1.0, 0.0]
  Failed regions: [[22, 61]]
  Successful interval: 69-87
  Keyframes: [19, 69, 87, 88, 100]
  Success detected: True
  Confidence: 0.74

--- Segment 165/512 ---

============================================================
Segment: ButtonUnmaskSwap_ep32_f211-301
  Subtask: pick up the container that hides the green cube
  Frames: 211 - 301
============================================================
  Loaded 91 frames
  Prefix scoring: 52.3s
  Rewards: [0.0, 0.09, 0.16, 0.2, 0.2, 0.23, 0.36, 1.0]
  Failed regions: []
  Successful interval: 51-90
  Keyframes: [4, 51, 89, 90]
  Success detected: True
  Confidence: 0.86

--- Segment 166/512 ---

============================================================
Segment: ButtonUnmaskSwap_ep32_f211-308
  Subtask: pick up the container that hides the green cube
  Frames: 211 - 308
============================================================
  Loaded 98 frames
  Prefix scoring: 52.3s
  Rewards: [0.0, 0.02, 0.16, 0.12, 0.33, 0.3, 0.84, 1.0]
  Failed regions: []
  Successful interval: 67-97
  Keyframes: [4, 67, 89, 97]
  Success detected: True
  Confidence: 0.81

--- Segment 167/512 ---

============================================================
Segment: ButtonUnmaskSwap_ep33_f0-114
  Subtask: press the first button
  Frames: 0 - 114
============================================================
  Loaded 115 frames
  Prefix scoring: 52.4s
  Rewards: [0.39, 0.33, 0.72, 1.0, 0.0, 0.28, 0.44, 0.83]
  Failed regions: [[55, 84]]
  Successful interval: 64-114
  Keyframes: [0, 64, 102, 114]
  Success detected: True
  Confidence: 0.73

--- Segment 168/512 ---

============================================================
Segment: ButtonUnmaskSwap_ep33_f115-209
  Subtask: press the second button
  Frames: 115 - 209
============================================================
  Loaded 95 frames
  Prefix scoring: 52.1s
  Rewards: [0.0, 0.07, 0.29, 0.36, 0.36, 0.5, 1.0, 0.93]
  Failed regions: []
  Successful interval: 53-81
  Keyframes: [12, 53, 80, 81, 94]
  Success detected: True
  Confidence: 0.77

--- Segment 169/512 ---

============================================================
Segment: ButtonUnmaskSwap_ep33_f210-306
  Subtask: pick up the container that hides the green cube
  Frames: 210 - 306
============================================================
  Loaded 97 frames
  Prefix scoring: 52.4s
  Rewards: [0.0, 0.05, 0.1, 0.17, 0.31, 0.21, 0.64, 1.0]
  Failed regions: [[58, 83]]
  Successful interval: 67-96
  Keyframes: [5, 67, 88, 96]
  Success detected: True
  Confidence: 0.85

--- Segment 170/512 ---

============================================================
Segment: ButtonUnmaskSwap_ep33_f307-354
  Subtask: put down the container
  Frames: 307 - 354
============================================================
  Loaded 48 frames
  Prefix scoring: 52.1s
  Rewards: [0.46, 0.54, 0.46, 0.0, 0.12, 0.29, 0.0, 1.0]
  Failed regions: [[10, 34], [34, 47]]
  Successful interval: 38-47
  Keyframes: [0, 38, 39, 47]
  Success detected: True
  Confidence: 0.93

--- Segment 171/512 ---

============================================================
Segment: ButtonUnmaskSwap_ep33_f355-451
  Subtask: pick up the container that hides the red cube
  Frames: 355 - 451
============================================================
  Loaded 97 frames
  Prefix scoring: 52.4s
  Rewards: [0.0, 0.11, 0.57, 0.73, 0.48, 0.5, 0.57, 1.0]
  Failed regions: [[46, 71]]
  Successful interval: 54-96
  Keyframes: [1, 54, 95, 96]
  Success detected: True
  Confidence: 0.71

--- Segment 172/512 ---

============================================================
Segment: ButtonUnmaskSwap_ep33_f355-459
  Subtask: pick up the container that hides the red cube
  Frames: 355 - 459
============================================================
  Loaded 105 frames
  Prefix scoring: 52.5s
  Rewards: [0.0, 0.4, 0.23, 0.79, 0.35, 0.44, 0.49, 1.0]
  Failed regions: [[23, 50], [50, 77]]
  Successful interval: 58-104
  Keyframes: [0, 58, 95, 104]
  Success detected: True
  Confidence: 0.77

--- Segment 173/512 ---

============================================================
Segment: ButtonUnmaskSwap_ep34_f0-108
  Subtask: press the first button
  Frames: 0 - 108
============================================================
  Loaded 109 frames
  Prefix scoring: 52.4s
  Rewards: [0.57, 0.47, 0.53, 0.9, 0.6, 0.0, 0.8, 1.0]
  Failed regions: [[10, 52], [52, 94]]
  Successful interval: 75-108
  Keyframes: [0, 75, 97, 108]
  Success detected: True
  Confidence: 0.88

--- Segment 174/512 ---

============================================================
Segment: ButtonUnmaskSwap_ep34_f109-204
  Subtask: press the second button
  Frames: 109 - 204
============================================================
  Loaded 96 frames
  Prefix scoring: 52.2s
  Rewards: [0.33, 0.83, 0.56, 0.56, 0.0, 0.39, 1.0, 0.44]
  Failed regions: [[21, 45], [45, 70]]
  Successful interval: 54-82
  Keyframes: [16, 54, 82, 83, 95]
  Success detected: True
  Confidence: 0.90

--- Segment 175/512 ---

============================================================
Segment: ButtonUnmaskSwap_ep34_f205-300
  Subtask: pick up the container that hides the blue cube
  Frames: 205 - 300
============================================================
  Loaded 96 frames
  Prefix scoring: 52.9s
  Rewards: [0.0, 0.14, 0.24, 0.29, 0.29, 0.36, 0.4, 1.0]
  Failed regions: []
  Successful interval: 54-95
  Keyframes: [1, 54, 94, 95]
  Success detected: True
  Confidence: 0.82

--- Segment 176/512 ---

============================================================
Segment: ButtonUnmaskSwap_ep34_f205-307
  Subtask: pick up the container that hides the blue cube
  Frames: 205 - 307
============================================================
  Loaded 103 frames
  Prefix scoring: 52.4s
  Rewards: [0.0, 0.16, 0.29, 0.18, 0.37, 0.18, 0.5, 1.0]
  Failed regions: [[36, 62], [62, 88]]
  Successful interval: 70-102
  Keyframes: [0, 70, 94, 102]
  Success detected: True
  Confidence: 0.86

--- Segment 177/512 ---

============================================================
Segment: ButtonUnmaskSwap_ep35_f0-116
  Subtask: press the first button
  Frames: 0 - 116
============================================================
  Loaded 117 frames
  Prefix scoring: 52.5s
  Rewards: [0.78, 0.7, 0.7, 1.0, 0.0, 0.22, 0.96, 0.04]
  Failed regions: [[11, 56], [11, 56], [56, 86]]
  Successful interval: 66-101
  Keyframes: [1, 66, 101, 102, 116]
  Success detected: True
  Confidence: 0.85

--- Segment 178/512 ---

============================================================
Segment: ButtonUnmaskSwap_ep35_f117-212
  Subtask: press the second button
  Frames: 117 - 212
============================================================
  Loaded 96 frames
  Prefix scoring: 52.1s
  Rewards: [0.1, 0.29, 0.29, 0.48, 0.43, 0.0, 1.0, 0.14]
  Failed regions: [[45, 82]]
  Successful interval: 66-82
  Keyframes: [10, 66, 82, 83, 95]
  Success detected: True
  Confidence: 0.93

--- Segment 179/512 ---

============================================================
Segment: ButtonUnmaskSwap_ep35_f213-321
  Subtask: pick up the container that hides the red cube
  Frames: 213 - 321
============================================================
  Loaded 109 frames
  Prefix scoring: 52.6s
  Rewards: [0.11, 0.17, 0.11, 0.17, 0.17, 0.14, 0.0, 1.0]
  Failed regions: []
  Successful interval: 89-108
  Keyframes: [0, 89, 101, 108]
  Success detected: True
  Confidence: 0.95

--- Segment 180/512 ---

============================================================
Segment: ButtonUnmaskSwap_ep35_f322-362
  Subtask: put down the container
  Frames: 322 - 362
============================================================
  Loaded 41 frames
  Prefix scoring: 52.0s
  Rewards: [0.54, 1.0, 0.23, 0.23, 0.0, 0.69, 0.92, 0.62]
  Failed regions: [[9, 19]]
  Successful interval: 22-34
  Keyframes: [0, 22, 34, 35, 40]
  Success detected: True
  Confidence: 0.82

--- Segment 181/512 ---

============================================================
Segment: ButtonUnmaskSwap_ep35_f363-462
  Subtask: pick up the container that hides the green cube
  Frames: 363 - 462
============================================================
  Loaded 100 frames
  Prefix scoring: 52.5s
  Rewards: [0.0, 0.07, 0.07, 0.11, 0.17, 0.3, 0.3, 1.0]
  Failed regions: []
  Successful interval: 81-99
  Keyframes: [5, 81, 99]
  Success detected: True
  Confidence: 0.83

--- Segment 182/512 ---

============================================================
Segment: ButtonUnmaskSwap_ep35_f363-471
  Subtask: pick up the container that hides the green cube
  Frames: 363 - 471
============================================================
  Loaded 109 frames
  Prefix scoring: 52.4s
  Rewards: [0.0, 0.09, 0.11, 0.07, 0.21, 0.26, 0.3, 1.0]
  Failed regions: []
  Successful interval: 47-108
  Keyframes: [5, 47, 98, 108]
  Success detected: True
  Confidence: 0.92

--- Segment 183/512 ---

============================================================
Segment: ButtonUnmaskSwap_ep36_f0-114
  Subtask: press the first button
  Frames: 0 - 114
============================================================
  Loaded 115 frames
  Prefix scoring: 53.5s
  Rewards: [0.03, 0.0, 0.39, 0.71, 0.52, 0.58, 1.0, 0.97]
  Failed regions: [[55, 84]]
  Successful interval: 64-99
  Keyframes: [0, 64, 74, 99, 114]
  Success detected: True
  Confidence: 0.69

--- Segment 184/512 ---

============================================================
Segment: ButtonUnmaskSwap_ep36_f115-208
  Subtask: press the second button
  Frames: 115 - 208
============================================================
  Loaded 94 frames
  Prefix scoring: 52.1s
  Rewards: [0.0, 0.6, 0.27, 0.47, 0.8, 0.8, 1.0, 0.33]
  Failed regions: [[21, 57]]
  Successful interval: 65-81
  Keyframes: [18, 65, 80, 81, 93]
  Success detected: True
  Confidence: 0.57

--- Segment 185/512 ---

============================================================
Segment: ButtonUnmaskSwap_ep36_f209-325
  Subtask: pick up the container that hides the red cube
  Frames: 209 - 325
============================================================
  Loaded 117 frames
  Prefix scoring: 52.3s
  Rewards: [0.0, 0.06, 0.16, 0.16, 0.13, 0.23, 0.23, 1.0]
  Failed regions: []
  Successful interval: 96-116
  Keyframes: [22, 96, 108, 116]
  Success detected: True
  Confidence: 0.86

--- Segment 186/512 ---

============================================================
Segment: ButtonUnmaskSwap_ep36_f326-375
  Subtask: put down the container
  Frames: 326 - 375
============================================================
  Loaded 50 frames
  Prefix scoring: 52.1s
  Rewards: [0.0, 0.21, 0.21, 0.21, 0.36, 0.36, 0.43, 1.0]
  Failed regions: []
  Successful interval: 34-49
  Keyframes: [2, 34, 39, 49]
  Success detected: True
  Confidence: 0.79

--- Segment 187/512 ---

============================================================
Segment: ButtonUnmaskSwap_ep36_f376-463
  Subtask: pick up the container that hides the green cube
  Frames: 376 - 463
============================================================
  Loaded 88 frames
  Prefix scoring: 52.2s
  Rewards: [0.0, 0.09, 0.15, 0.17, 0.31, 0.24, 0.24, 1.0]
  Failed regions: []
  Successful interval: 71-87
  Keyframes: [0, 71, 86, 87]
  Success detected: True
  Confidence: 0.85

--- Segment 188/512 ---

============================================================
Segment: ButtonUnmaskSwap_ep36_f376-471
  Subtask: pick up the container that hides the green cube
  Frames: 376 - 471
============================================================
  Loaded 96 frames
  Prefix scoring: 52.4s
  Rewards: [0.0, 0.0, 0.11, 0.43, 0.3, 0.15, 0.93, 1.0]
  Failed regions: [[45, 82]]
  Successful interval: 66-95
  Keyframes: [0, 66, 85, 95]
  Success detected: True
  Confidence: 0.87

--- Segment 189/512 ---

============================================================
Segment: ButtonUnmaskSwap_ep37_f0-114
  Subtask: press the first button
  Frames: 0 - 114
============================================================
  Loaded 115 frames
  Prefix scoring: 52.2s
  Rewards: [0.76, 0.76, 0.86, 1.0, 0.29, 0.0, 0.29, 0.67]
  Failed regions: []
  Successful interval: 20-55
  Keyframes: [2, 20, 32, 55, 83]
  Success detected: True
  Confidence: 0.58

--- Segment 190/512 ---

============================================================
Segment: ButtonUnmaskSwap_ep37_f115-210
  Subtask: press the second button
  Frames: 115 - 210
============================================================
  Loaded 96 frames
  Prefix scoring: 52.1s
  Rewards: [0.0, 0.33, 0.47, 0.73, 1.0, 0.87, 0.53, 0.6]
  Failed regions: []
  Successful interval: 5-58
  Keyframes: [0, 5, 53, 58, 95]
  Success detected: True
  Confidence: 0.89

--- Segment 191/512 ---

============================================================
Segment: ButtonUnmaskSwap_ep37_f211-310
  Subtask: pick up the container that hides the red cube
  Frames: 211 - 310
============================================================
  Loaded 100 frames
  Prefix scoring: 52.3s
  Rewards: [0.03, 0.0, 0.08, 0.22, 0.27, 0.27, 0.49, 1.0]
  Failed regions: []
  Successful interval: 68-99
  Keyframes: [2, 68, 92, 99]
  Success detected: True
  Confidence: 0.83

--- Segment 192/512 ---

============================================================
Segment: ButtonUnmaskSwap_ep37_f311-360
  Subtask: put down the container
  Frames: 311 - 360
============================================================
  Loaded 50 frames
  Prefix scoring: 52.0s
  Rewards: [0.2, 0.6, 0.0, 0.4, 0.4, 0.8, 1.0, 0.9]
  Failed regions: [[11, 23]]
  Successful interval: 28-42
  Keyframes: [0, 28, 39, 42, 49]
  Success detected: True
  Confidence: 0.73

--- Segment 193/512 ---

============================================================
Segment: ButtonUnmaskSwap_ep37_f361-435
  Subtask: pick up the container that hides the green cube
  Frames: 361 - 435
============================================================
  Loaded 75 frames
  Prefix scoring: 52.2s
  Rewards: [0.0, 0.0, 0.2, 0.31, 0.51, 0.33, 0.2, 1.0]
  Failed regions: [[45, 74]]
  Successful interval: 61-74
  Keyframes: [5, 61, 73, 74]
  Success detected: True
  Confidence: 0.86

--- Segment 194/512 ---

============================================================
Segment: ButtonUnmaskSwap_ep37_f361-442
  Subtask: pick up the container that hides the green cube
  Frames: 361 - 442
============================================================
  Loaded 82 frames
  Prefix scoring: 52.4s
  Rewards: [0.0, 0.07, 0.33, 0.38, 0.42, 0.35, 0.95, 1.0]
  Failed regions: []
  Successful interval: 56-81
  Keyframes: [8, 56, 73, 81]
  Success detected: True
  Confidence: 0.77

--- Segment 195/512 ---

============================================================
Segment: ButtonUnmaskSwap_ep38_f0-108
  Subtask: press the first button
  Frames: 0 - 108
============================================================
  Loaded 109 frames
  Prefix scoring: 52.3s
  Rewards: [0.53, 0.65, 0.55, 0.7, 0.55, 0.0, 0.6, 1.0]
  Failed regions: [[24, 52], [52, 94]]
  Successful interval: 75-108
  Keyframes: [2, 75, 97, 108]
  Success detected: True
  Confidence: 0.89

--- Segment 196/512 ---

============================================================
Segment: ButtonUnmaskSwap_ep38_f109-206
  Subtask: press the second button
  Frames: 109 - 206
============================================================
  Loaded 98 frames
  Prefix scoring: 52.1s
  Rewards: [0.0, 0.34, 0.38, 0.38, 0.72, 0.86, 1.0, 0.38]
  Failed regions: []
  Successful interval: 42-84
  Keyframes: [16, 42, 52, 84, 97]
  Success detected: True
  Confidence: 0.75

--- Segment 197/512 ---

============================================================
Segment: ButtonUnmaskSwap_ep38_f207-301
  Subtask: pick up the container that hides the red cube
  Frames: 207 - 301
============================================================
  Loaded 95 frames
  Prefix scoring: 52.2s
  Rewards: [0.0, 0.02, 0.11, 0.32, 0.39, 0.18, 0.3, 1.0]
  Failed regions: [[57, 81]]
  Successful interval: 65-94
  Keyframes: [0, 65, 94]
  Success detected: True
  Confidence: 0.87

--- Segment 198/512 ---

============================================================
Segment: ButtonUnmaskSwap_ep38_f207-308
  Subtask: pick up the container that hides the red cube
  Frames: 207 - 308
============================================================
  Loaded 102 frames
  Prefix scoring: 52.3s
  Rewards: [0.0, 0.0, 0.23, 0.28, 0.47, 0.23, 0.21, 1.0]
  Failed regions: [[62, 101]]
  Successful interval: 83-101
  Keyframes: [0, 83, 93, 101]
  Success detected: True
  Confidence: 0.86

--- Segment 199/512 ---

============================================================
Segment: ButtonUnmaskSwap_ep39_f0-113
  Subtask: press the first button
  Frames: 0 - 113
============================================================
  Loaded 114 frames
  Prefix scoring: 52.4s
  Rewards: [0.15, 0.0, 0.75, 1.0, 0.55, 0.7, 0.7, 0.0]
  Failed regions: []
  Successful interval: 20-54
  Keyframes: [1, 20, 32, 54, 84]
  Success detected: True
  Confidence: 0.90

--- Segment 200/512 ---

============================================================
Segment: ButtonUnmaskSwap_ep39_f114-205
  Subtask: press the second button
  Frames: 114 - 205
============================================================
  Loaded 92 frames
  Prefix scoring: 52.4s
  Rewards: [0.0, 0.45, 0.36, 0.0, 0.91, 0.55, 1.0, 0.82]
  Failed regions: [[20, 55], [55, 79]]
  Successful interval: 63-79
  Keyframes: [12, 63, 78, 79, 91]
  Success detected: True
  Confidence: 0.68

--- Segment 201/512 ---

============================================================
Segment: ButtonUnmaskSwap_ep39_f206-318
  Subtask: pick up the container that hides the green cube
  Frames: 206 - 318
============================================================
  Loaded 113 frames
  Prefix scoring: 53.4s
  Rewards: [0.0, 0.18, 0.25, 0.11, 0.07, 0.61, 0.18, 1.0]
  Failed regions: [[39, 83], [83, 112]]
  Successful interval: 92-112
  Keyframes: [0, 92, 106, 112]
  Success detected: True
  Confidence: 0.87

--- Segment 202/512 ---

============================================================
Segment: ButtonUnmaskSwap_ep39_f319-359
  Subtask: put down the container
  Frames: 319 - 359
============================================================
  Loaded 41 frames
  Prefix scoring: 52.3s
  Rewards: [0.06, 0.0, 0.31, 0.5, 1.0, 0.62, 0.81, 0.94]
  Failed regions: [[24, 34]]
  Successful interval: 27-40
  Keyframes: [1, 27, 35, 40]
  Success detected: True
  Confidence: 0.58

--- Segment 203/512 ---

============================================================
Segment: ButtonUnmaskSwap_ep39_f360-454
  Subtask: pick up the container that hides the blue cube
  Frames: 360 - 454
============================================================
  Loaded 95 frames
  Prefix scoring: 52.2s
  Rewards: [0.05, 0.0, 0.3, 0.2, 0.18, 0.07, 0.09, 1.0]
  Failed regions: [[33, 81]]
  Successful interval: 65-94
  Keyframes: [6, 65, 93, 94]
  Success detected: True
  Confidence: 0.93

--- Segment 204/512 ---

============================================================
Segment: ButtonUnmaskSwap_ep39_f360-465
  Subtask: pick up the container that hides the blue cube
  Frames: 360 - 465
============================================================
  Loaded 106 frames
  Prefix scoring: 52.3s
  Rewards: [0.09, 0.25, 0.23, 0.18, 0.16, 0.0, 1.0, 1.0]
  Failed regions: [[23, 91]]
  Successful interval: 72-91
  Keyframes: [6, 72, 91, 92, 105]
  Success detected: True
  Confidence: 0.93

--- Segment 205/512 ---

============================================================
Segment: ButtonUnmaskSwap_ep40_f0-114
  Subtask: press the first button
  Frames: 0 - 114
============================================================
  Loaded 115 frames
  Prefix scoring: 52.5s
  Rewards: [0.32, 0.21, 0.43, 1.0, 0.79, 0.0, 0.79, 0.32]
  Failed regions: [[11, 40]]
  Successful interval: 20-55
  Keyframes: [0, 20, 32, 55, 89]
  Success detected: True
  Confidence: 0.82

--- Segment 206/512 ---

============================================================
Segment: ButtonUnmaskSwap_ep40_f115-208
  Subtask: press the second button
  Frames: 115 - 208
============================================================
  Loaded 94 frames
  Prefix scoring: 52.2s
  Rewards: [0.0, 0.31, 0.12, 0.5, 1.0, 0.94, 0.88, 0.56]
  Failed regions: [[21, 45]]
  Successful interval: 29-57
  Keyframes: [13, 29, 52, 57, 92]
  Success detected: True
  Confidence: 0.84

--- Segment 207/512 ---

============================================================
Segment: ButtonUnmaskSwap_ep40_f209-310
  Subtask: pick up the container that hides the red cube
  Frames: 209 - 310
============================================================
  Loaded 102 frames
  Prefix scoring: 52.5s
  Rewards: [0.0, 0.21, 0.26, 0.67, 0.33, 0.44, 0.49, 1.0]
  Failed regions: [[49, 75]]
  Successful interval: 57-101
  Keyframes: [8, 57, 100, 101]
  Success detected: True
  Confidence: 0.78

--- Segment 208/512 ---

============================================================
Segment: ButtonUnmaskSwap_ep40_f209-318
  Subtask: pick up the container that hides the red cube
  Frames: 209 - 318
============================================================
  Loaded 110 frames
  Prefix scoring: 52.5s
  Rewards: [0.0, 0.08, 0.24, 0.34, 0.16, 0.39, 0.29, 1.0]
  Failed regions: [[53, 81], [81, 109]]
  Successful interval: 90-109
  Keyframes: [8, 90, 99, 109]
  Success detected: True
  Confidence: 0.82

--- Segment 209/512 ---

============================================================
Segment: ButtonUnmaskSwap_ep41_f0-116
  Subtask: press the first button
  Frames: 0 - 116
============================================================
  Loaded 117 frames
  Prefix scoring: 53.0s
  Rewards: [0.19, 0.12, 1.0, 0.94, 0.5, 0.44, 0.62, 0.0]
  Failed regions: []
  Successful interval: 21-41
  Keyframes: [0, 21, 32, 41, 85]
  Success detected: True
  Confidence: 0.85

--- Segment 210/512 ---

============================================================
Segment: ButtonUnmaskSwap_ep41_f117-206
  Subtask: press the second button
  Frames: 117 - 206
============================================================
  Loaded 90 frames
  Prefix scoring: 52.8s
  Rewards: [0.0, 1.0, 0.14, 0.43, 0.43, 0.43, 0.71, 0.14]
  Failed regions: []
  Successful interval: 5-20
  Keyframes: [0, 5, 14, 20, 64]
  Success detected: True
  Confidence: 0.92

--- Segment 211/512 ---

============================================================
Segment: ButtonUnmaskSwap_ep41_f207-296
  Subtask: pick up the container that hides the red cube
  Frames: 207 - 296
============================================================
  Loaded 90 frames
  Prefix scoring: 52.2s
  Rewards: [0.0, 0.09, 0.18, 0.3, 0.52, 0.42, 0.58, 1.0]
  Failed regions: [[54, 77]]
  Successful interval: 62-89
  Keyframes: [18, 62, 88, 89]
  Success detected: True
  Confidence: 0.75

--- Segment 212/512 ---

============================================================
Segment: ButtonUnmaskSwap_ep41_f207-303
  Subtask: pick up the container that hides the red cube
  Frames: 207 - 303
============================================================
  Loaded 97 frames
  Prefix scoring: 52.3s
  Rewards: [0.0, 0.1, 0.27, 0.6, 0.53, 0.47, 0.63, 1.0]
  Failed regions: [[46, 83]]
  Successful interval: 67-96
  Keyframes: [19, 67, 88, 96]
  Success detected: True
  Confidence: 0.72

--- Segment 213/512 ---

============================================================
Segment: ButtonUnmaskSwap_ep42_f0-108
  Subtask: press the first button
  Frames: 0 - 108
============================================================
  Loaded 109 frames
  Prefix scoring: 52.5s
  Rewards: [0.32, 0.15, 0.76, 0.85, 0.44, 0.0, 0.94, 1.0]
  Failed regions: [[10, 52], [52, 94]]
  Successful interval: 75-108
  Keyframes: [2, 75, 97, 108]
  Success detected: True
  Confidence: 0.89

--- Segment 214/512 ---

============================================================
Segment: ButtonUnmaskSwap_ep42_f109-204
  Subtask: press the second button
  Frames: 109 - 204
============================================================
  Loaded 96 frames
  Prefix scoring: 52.2s
  Rewards: [0.0, 0.48, 0.44, 0.32, 0.48, 0.84, 1.0, 0.36]
  Failed regions: [[21, 58]]
  Successful interval: 41-82
  Keyframes: [19, 41, 52, 82, 95]
  Success detected: True
  Confidence: 0.77

--- Segment 215/512 ---

============================================================
Segment: ButtonUnmaskSwap_ep42_f205-305
  Subtask: pick up the container that hides the red cube
  Frames: 205 - 305
============================================================
  Loaded 101 frames
  Prefix scoring: 52.3s
  Rewards: [0.0, 0.08, 0.11, 0.11, 0.21, 0.45, 0.34, 1.0]
  Failed regions: [[74, 100]]
  Successful interval: 82-100
  Keyframes: [19, 82, 99, 100]
  Success detected: True
  Confidence: 0.81

--- Segment 216/512 ---

============================================================
Segment: ButtonUnmaskSwap_ep42_f205-312
  Subtask: pick up the container that hides the red cube
  Frames: 205 - 312
============================================================
  Loaded 108 frames
  Prefix scoring: 52.4s
  Rewards: [0.0, 0.1, 0.12, 0.15, 0.15, 0.42, 0.5, 1.0]
  Failed regions: []
  Successful interval: 60-107
  Keyframes: [19, 60, 98, 107]
  Success detected: True
  Confidence: 0.88

--- Segment 217/512 ---

============================================================
Segment: ButtonUnmaskSwap_ep43_f0-117
  Subtask: press the first button
  Frames: 0 - 117
============================================================
  Loaded 118 frames
  Prefix scoring: 52.3s
  Rewards: [0.33, 0.23, 0.77, 0.87, 0.3, 0.0, 0.23, 1.0]
  Failed regions: [[11, 56], [56, 101]]
  Successful interval: 81-117
  Keyframes: [0, 81, 101, 117]
  Success detected: True
  Confidence: 0.91

--- Segment 218/512 ---

============================================================
Segment: ButtonUnmaskSwap_ep43_f118-211
  Subtask: press the second button
  Frames: 118 - 211
============================================================
  Loaded 94 frames
  Prefix scoring: 52.3s
  Rewards: [0.9, 0.65, 0.5, 0.0, 0.7, 0.05, 1.0, 0.6]
  Failed regions: [[9, 57], [57, 81]]
  Successful interval: 65-81
  Keyframes: [16, 65, 80, 81, 93]
  Success detected: True
  Confidence: 0.87

--- Segment 219/512 ---

============================================================
Segment: ButtonUnmaskSwap_ep43_f212-321
  Subtask: pick up the container that hides the blue cube
  Frames: 212 - 321
============================================================
  Loaded 110 frames
  Prefix scoring: 52.8s
  Rewards: [0.0, 0.17, 0.08, 0.27, 0.15, 0.19, 0.27, 1.0]
  Failed regions: [[53, 81]]
  Successful interval: 62-109
  Keyframes: [0, 62, 101, 109]
  Success detected: True
  Confidence: 0.89

--- Segment 220/512 ---

============================================================
Segment: ButtonUnmaskSwap_ep43_f322-362
  Subtask: put down the container
  Frames: 322 - 362
============================================================
  Loaded 41 frames
  Prefix scoring: 52.2s
  Rewards: [0.94, 0.88, 0.47, 0.0, 1.0, 1.0, 0.47, 0.53]
  Failed regions: [[4, 24]]
  Successful interval: 17-24
  Keyframes: [7, 17, 18, 24, 40]
  Success detected: True
  Confidence: 0.87

--- Segment 221/512 ---

============================================================
Segment: ButtonUnmaskSwap_ep43_f363-455
  Subtask: pick up the container that hides the green cube
  Frames: 363 - 455
============================================================
  Loaded 93 frames
  Prefix scoring: 52.3s
  Rewards: [0.0, 0.15, 0.23, 0.33, 0.29, 0.19, 0.27, 1.0]
  Failed regions: [[44, 80]]
  Successful interval: 64-92
  Keyframes: [15, 64, 91, 92]
  Success detected: True
  Confidence: 0.86

--- Segment 222/512 ---

============================================================
Segment: ButtonUnmaskSwap_ep43_f363-462
  Subtask: pick up the container that hides the green cube
  Frames: 363 - 462
============================================================
  Loaded 100 frames
  Prefix scoring: 52.4s
  Rewards: [0.0, 0.13, 0.12, 0.21, 0.29, 0.19, 0.75, 1.0]
  Failed regions: [[60, 86]]
  Successful interval: 68-99
  Keyframes: [20, 68, 91, 99]
  Success detected: True
  Confidence: 0.86

--- Segment 223/512 ---

============================================================
Segment: ButtonUnmaskSwap_ep44_f0-114
  Subtask: press the first button
  Frames: 0 - 114
============================================================
  Loaded 115 frames
  Prefix scoring: 53.3s
  Rewards: [0.53, 0.35, 0.29, 1.0, 0.71, 0.0, 0.12, 0.35]
  Failed regions: [[11, 55]]
  Successful interval: 35-55
  Keyframes: [1, 35, 49, 55, 84]
  Success detected: True
  Confidence: 0.80

--- Segment 224/512 ---

============================================================
Segment: ButtonUnmaskSwap_ep44_f115-209
  Subtask: press the second button
  Frames: 115 - 209
============================================================
  Loaded 95 frames
  Prefix scoring: 52.1s
  Rewards: [0.14, 0.29, 0.0, 0.64, 0.79, 0.43, 0.64, 1.0]
  Failed regions: [[21, 57], [57, 81]]
  Successful interval: 65-94
  Keyframes: [11, 65, 82, 94]
  Success detected: True
  Confidence: 0.73

--- Segment 225/512 ---

============================================================
Segment: ButtonUnmaskSwap_ep44_f210-299
  Subtask: pick up the container that hides the red cube
  Frames: 210 - 299
============================================================
  Loaded 90 frames
  Prefix scoring: 52.3s
  Rewards: [0.0, 0.1, 0.16, 0.18, 0.24, 0.22, 0.42, 1.0]
  Failed regions: []
  Successful interval: 62-89
  Keyframes: [0, 62, 88, 89]
  Success detected: True
  Confidence: 0.85

--- Segment 226/512 ---

============================================================
Segment: ButtonUnmaskSwap_ep44_f210-306
  Subtask: pick up the container that hides the red cube
  Frames: 210 - 306
============================================================
  Loaded 97 frames
  Prefix scoring: 52.2s
  Rewards: [0.0, 0.18, 0.3, 0.42, 0.39, 0.48, 0.39, 1.0]
  Failed regions: [[71, 96]]
  Successful interval: 79-96
  Keyframes: [11, 79, 88, 96]
  Success detected: True
  Confidence: 0.76

--- Segment 227/512 ---

============================================================
Segment: ButtonUnmaskSwap_ep45_f0-109
  Subtask: press the first button
  Frames: 0 - 109
============================================================
  Loaded 110 frames
  Prefix scoring: 52.5s
  Rewards: [0.03, 0.0, 0.03, 0.37, 0.13, 0.33, 0.87, 1.0]
  Failed regions: [[53, 81]]
  Successful interval: 62-109
  Keyframes: [3, 62, 70, 109]
  Success detected: True
  Confidence: 0.88

--- Segment 228/512 ---

============================================================
Segment: ButtonUnmaskSwap_ep45_f110-204
  Subtask: press the second button
  Frames: 110 - 204
============================================================
  Loaded 95 frames
  Prefix scoring: 52.3s
  Rewards: [0.0, 0.33, 0.83, 0.5, 0.44, 1.0, 0.94, 0.39]
  Failed regions: [[33, 69]]
  Successful interval: 53-69
  Keyframes: [19, 53, 54, 69, 93]
  Success detected: True
  Confidence: 0.71

--- Segment 229/512 ---

============================================================
Segment: ButtonUnmaskSwap_ep45_f205-305
  Subtask: pick up the container that hides the red cube
  Frames: 205 - 305
============================================================
  Loaded 101 frames
  Prefix scoring: 52.3s
  Rewards: [0.03, 0.0, 0.15, 0.05, 0.4, 0.33, 0.23, 1.0]
  Failed regions: [[61, 100]]
  Successful interval: 82-100
  Keyframes: [16, 82, 92, 100]
  Success detected: True
  Confidence: 0.86

--- Segment 230/512 ---

============================================================
Segment: ButtonUnmaskSwap_ep45_f306-353
  Subtask: put down the container
  Frames: 306 - 353
============================================================
  Loaded 48 frames
  Prefix scoring: 52.2s
  Rewards: [0.12, 0.5, 0.25, 0.56, 1.0, 0.31, 0.0, 0.56]
  Failed regions: [[10, 22]]
  Successful interval: 14-28
  Keyframes: [0, 14, 15, 28, 45]
  Success detected: True
  Confidence: 0.82

--- Segment 231/512 ---

============================================================
Segment: ButtonUnmaskSwap_ep45_f354-456
  Subtask: pick up the container that hides the blue cube
  Frames: 354 - 456
============================================================
  Loaded 103 frames
  Prefix scoring: 52.5s
  Rewards: [0.0, 0.14, 0.23, 0.28, 0.33, 0.19, 0.47, 1.0]
  Failed regions: [[62, 88]]
  Successful interval: 70-102
  Keyframes: [5, 70, 101, 102]
  Success detected: True
  Confidence: 0.86

--- Segment 232/512 ---

============================================================
Segment: ButtonUnmaskSwap_ep45_f354-463
  Subtask: pick up the container that hides the blue cube
  Frames: 354 - 463
============================================================
  Loaded 110 frames
  Prefix scoring: 52.6s
  Rewards: [0.0, 0.18, 0.2, 0.27, 0.36, 0.27, 0.2, 1.0]
  Failed regions: [[67, 109]]
  Successful interval: 90-109
  Keyframes: [0, 90, 101, 109]
  Success detected: True
  Confidence: 0.86

--- Segment 233/512 ---

============================================================
Segment: ButtonUnmaskSwap_ep46_f0-113
  Subtask: press the first button
  Frames: 0 - 113
============================================================
  Loaded 114 frames
  Prefix scoring: 52.4s
  Rewards: [0.7, 0.5, 0.7, 1.0, 0.9, 0.0, 0.6, 0.4]
  Failed regions: [[11, 40]]
  Successful interval: 20-54
  Keyframes: [1, 20, 32, 54, 85]
  Success detected: True
  Confidence: 0.68

--- Segment 234/512 ---

============================================================
Segment: ButtonUnmaskSwap_ep46_f114-205
  Subtask: press the second button
  Frames: 114 - 205
============================================================
  Loaded 92 frames
  Prefix scoring: 52.1s
  Rewards: [0.0, 0.29, 0.65, 0.47, 0.94, 1.0, 0.88, 0.47]
  Failed regions: [[32, 55]]
  Successful interval: 40-67
  Keyframes: [13, 40, 48, 67, 91]
  Success detected: True
  Confidence: 0.69

--- Segment 235/512 ---

============================================================
Segment: ButtonUnmaskSwap_ep46_f206-311
  Subtask: pick up the container that hides the green cube
  Frames: 206 - 311
============================================================
  Loaded 106 frames
  Prefix scoring: 53.3s
  Rewards: [0.02, 0.0, 0.05, 0.26, 0.12, 0.16, 0.12, 1.0]
  Failed regions: [[50, 77]]
  Successful interval: 86-105
  Keyframes: [0, 86, 105]
  Success detected: True
  Confidence: 0.91

--- Segment 236/512 ---

============================================================
Segment: ButtonUnmaskSwap_ep46_f206-322
  Subtask: pick up the container that hides the green cube
  Frames: 206 - 322
============================================================
  Loaded 117 frames
  Prefix scoring: 52.4s
  Rewards: [0.0, 0.07, 0.14, 0.24, 0.19, 0.12, 1.0, 0.71]
  Failed regions: []
  Successful interval: 81-101
  Keyframes: [0, 81, 101, 102, 116]
  Success detected: True
  Confidence: 0.89

--- Segment 237/512 ---

============================================================
Segment: ButtonUnmaskSwap_ep47_f0-113
  Subtask: press the first button
  Frames: 0 - 113
============================================================
  Loaded 114 frames
  Prefix scoring: 52.5s
  Rewards: [0.11, 0.0, 0.26, 0.42, 0.42, 0.32, 1.0, 0.63]
  Failed regions: [[69, 98]]
  Successful interval: 78-98
  Keyframes: [5, 78, 98, 99, 113]
  Success detected: True
  Confidence: 0.79

--- Segment 238/512 ---

============================================================
Segment: ButtonUnmaskSwap_ep47_f114-212
  Subtask: press the second button
  Frames: 114 - 212
============================================================
  Loaded 99 frames
  Prefix scoring: 52.4s
  Rewards: [0.32, 0.41, 0.41, 0.27, 0.23, 0.5, 1.0, 0.0]
  Failed regions: [[34, 72]]
  Successful interval: 55-85
  Keyframes: [18, 55, 56, 85, 98]
  Success detected: True
  Confidence: 0.83

--- Segment 239/512 ---

============================================================
Segment: ButtonUnmaskSwap_ep47_f213-319
  Subtask: pick up the container that hides the red cube
  Frames: 213 - 319
============================================================
  Loaded 107 frames
  Prefix scoring: 52.6s
  Rewards: [0.0, 0.05, 0.15, 0.15, 0.05, 0.17, 0.05, 1.0]
  Failed regions: []
  Successful interval: 87-106
  Keyframes: [8, 87, 98, 106]
  Success detected: True
  Confidence: 0.94

--- Segment 240/512 ---

============================================================
Segment: ButtonUnmaskSwap_ep47_f320-369
  Subtask: put down the container
  Frames: 320 - 369
============================================================
  Loaded 50 frames
  Prefix scoring: 52.4s
  Rewards: [0.9, 0.6, 1.0, 0.0, 0.1, 0.0, 0.5, 0.5]
  Failed regions: [[5, 17]]
  Successful interval: 9-17
  Keyframes: [7, 9, 11, 17, 47]
  Success detected: True
  Confidence: 0.67

--- Segment 241/512 ---

============================================================
Segment: ButtonUnmaskSwap_ep47_f370-463
  Subtask: pick up the container that hides the green cube
  Frames: 370 - 463
============================================================
  Loaded 94 frames
  Prefix scoring: 52.5s
  Rewards: [0.0, 0.02, 0.08, 0.16, 0.25, 0.29, 0.37, 1.0]
  Failed regions: []
  Successful interval: 5-93
  Keyframes: [1, 5, 92, 93]
  Success detected: True
  Confidence: 0.95

--- Segment 242/512 ---

============================================================
Segment: ButtonUnmaskSwap_ep47_f370-470
  Subtask: pick up the container that hides the green cube
  Frames: 370 - 470
============================================================
  Loaded 101 frames
  Prefix scoring: 52.5s
  Rewards: [0.0, 0.09, 0.11, 0.17, 0.45, 0.34, 0.89, 1.0]
  Failed regions: [[61, 87]]
  Successful interval: 69-100
  Keyframes: [1, 69, 92, 100]
  Success detected: True
  Confidence: 0.79

--- Segment 243/512 ---

============================================================
Segment: ButtonUnmaskSwap_ep48_f0-114
  Subtask: press the first button
  Frames: 0 - 114
============================================================
  Loaded 115 frames
  Prefix scoring: 52.5s
  Rewards: [0.48, 0.36, 0.55, 1.0, 0.42, 0.0, 0.61, 0.39]
  Failed regions: [[11, 40]]
  Successful interval: 20-55
  Keyframes: [0, 20, 32, 55, 86]
  Success detected: True
  Confidence: 0.76

--- Segment 244/512 ---

============================================================
Segment: ButtonUnmaskSwap_ep48_f115-209
  Subtask: press the second button
  Frames: 115 - 209
============================================================
  Loaded 95 frames
  Prefix scoring: 52.2s
  Rewards: [1.0, 0.43, 0.0, 0.57, 0.14, 1.0, 1.0, 0.14]
  Failed regions: [[9, 45], [45, 69]]
  Successful interval: 53-69
  Keyframes: [14, 53, 54, 69, 93]
  Success detected: True
  Confidence: 0.84

--- Segment 245/512 ---

============================================================
Segment: ButtonUnmaskSwap_ep48_f210-306
  Subtask: pick up the container that hides the green cube
  Frames: 210 - 306
============================================================
  Loaded 97 frames
  Prefix scoring: 52.4s
  Rewards: [0.0, 0.0, 0.11, 0.18, 0.14, 0.07, 0.34, 1.0]
  Failed regions: []
  Successful interval: 67-96
  Keyframes: [11, 67, 88, 96]
  Success detected: True
  Confidence: 0.93

--- Segment 246/512 ---

============================================================
Segment: ButtonUnmaskSwap_ep48_f307-355
  Subtask: put down the container
  Frames: 307 - 355
============================================================
  Loaded 49 frames
  Prefix scoring: 52.1s
  Rewards: [0.64, 0.64, 0.55, 0.0, 0.18, 0.05, 0.14, 1.0]
  Failed regions: [[10, 29]]
  Successful interval: 33-48
  Keyframes: [0, 33, 38, 48]
  Success detected: True
  Confidence: 0.90

--- Segment 247/512 ---

============================================================
Segment: ButtonUnmaskSwap_ep48_f356-442
  Subtask: pick up the container that hides the red cube
  Frames: 356 - 442
============================================================
  Loaded 87 frames
  Prefix scoring: 52.2s
  Rewards: [0.0, 0.12, 0.5, 0.33, 0.75, 0.55, 0.5, 1.0]
  Failed regions: [[30, 52], [52, 86]]
  Successful interval: 70-86
  Keyframes: [1, 70, 86]
  Success detected: True
  Confidence: 0.71

--- Segment 248/512 ---

============================================================
Segment: ButtonUnmaskSwap_ep48_f356-449
  Subtask: pick up the container that hides the red cube
  Frames: 356 - 449
============================================================
  Loaded 94 frames
  Prefix scoring: 52.3s
  Rewards: [0.0, 0.02, 0.3, 0.41, 0.68, 0.55, 0.8, 1.0]
  Failed regions: [[57, 81]]
  Successful interval: 65-93
  Keyframes: [1, 65, 85, 93]
  Success detected: True
  Confidence: 0.69

--- Segment 249/512 ---

============================================================
Segment: ButtonUnmaskSwap_ep49_f0-117
  Subtask: press the first button
  Frames: 0 - 117
============================================================
  Loaded 118 frames
  Prefix scoring: 52.9s
  Rewards: [0.19, 0.06, 0.94, 1.0, 0.31, 0.0, 0.88, 0.38]
  Failed regions: [[56, 101]]
  Successful interval: 81-101
  Keyframes: [0, 81, 101, 102, 117]
  Success detected: True
  Confidence: 0.78

--- Segment 250/512 ---

============================================================
Segment: ButtonUnmaskSwap_ep49_f118-206
  Subtask: press the second button
  Frames: 118 - 206
============================================================
  Loaded 89 frames
  Prefix scoring: 52.3s
  Rewards: [0.24, 0.29, 0.0, 0.82, 0.71, 1.0, 0.82, 0.53]
  Failed regions: [[19, 42], [42, 65]]
  Successful interval: 49-65
  Keyframes: [7, 49, 50, 65, 88]
  Success detected: True
  Confidence: 0.61

--- Segment 251/512 ---

============================================================
Segment: ButtonUnmaskSwap_ep49_f207-315
  Subtask: pick up the container that hides the red cube
  Frames: 207 - 315
============================================================
  Loaded 109 frames
  Prefix scoring: 52.5s
  Rewards: [0.0, 0.16, 0.27, 0.23, 0.23, 0.34, 0.34, 1.0]
  Failed regions: []
  Successful interval: 89-108
  Keyframes: [3, 89, 98, 108]
  Success detected: True
  Confidence: 0.80

--- Segment 252/512 ---

============================================================
Segment: ButtonUnmaskSwap_ep49_f316-362
  Subtask: put down the container
  Frames: 316 - 362
============================================================
  Loaded 47 frames
  Prefix scoring: 52.2s
  Rewards: [0.25, 0.35, 0.0, 0.15, 0.1, 0.15, 0.05, 1.0]
  Failed regions: [[10, 22]]
  Successful interval: 38-46
  Keyframes: [4, 38, 39, 46]
  Success detected: True
  Confidence: 0.93

--- Segment 253/512 ---

============================================================
Segment: ButtonUnmaskSwap_ep49_f363-438
  Subtask: pick up the container that hides the green cube
  Frames: 363 - 438
============================================================
  Loaded 76 frames
  Prefix scoring: 52.4s
  Rewards: [0.0, 0.04, 0.09, 0.11, 0.42, 0.46, 0.21, 1.0]
  Failed regions: [[55, 75]]
  Successful interval: 62-75
  Keyframes: [0, 62, 74, 75]
  Success detected: True
  Confidence: 0.86

--- Segment 254/512 ---

============================================================
Segment: ButtonUnmaskSwap_ep49_f363-445
  Subtask: pick up the container that hides the green cube
  Frames: 363 - 445
============================================================
  Loaded 83 frames
  Prefix scoring: 52.4s
  Rewards: [0.0, 0.05, 0.02, 0.05, 0.31, 0.26, 0.88, 1.0]
  Failed regions: []
  Successful interval: 56-82
  Keyframes: [0, 56, 74, 82]
  Success detected: True
  Confidence: 0.83

--- Segment 255/512 ---

============================================================
Segment: ButtonUnmaskSwap_ep50_f0-109
  Subtask: press the first button
  Frames: 0 - 109
============================================================
  Loaded 110 frames
  Prefix scoring: 52.7s
  Rewards: [0.15, 0.0, 0.21, 0.38, 0.12, 0.12, 1.0, 0.74]
  Failed regions: [[53, 81], [53, 95]]
  Successful interval: 76-95
  Keyframes: [1, 76, 95, 96, 109]
  Success detected: True
  Confidence: 0.89

--- Segment 256/512 ---

============================================================
Segment: ButtonUnmaskSwap_ep50_f110-200
  Subtask: press the second button
  Frames: 110 - 200
============================================================
  Loaded 91 frames
  Prefix scoring: 52.1s
  Rewards: [0.0, 0.5, 0.72, 0.33, 0.5, 1.0, 0.94, 0.61]
  Failed regions: [[32, 55]]
  Successful interval: 39-66
  Keyframes: [18, 39, 47, 66, 89]
  Success detected: True
  Confidence: 0.75

--- Segment 257/512 ---

============================================================
Segment: ButtonUnmaskSwap_ep50_f201-306
  Subtask: pick up the container that hides the blue cube
  Frames: 201 - 306
============================================================
  Loaded 106 frames
  Prefix scoring: 52.4s
  Rewards: [0.03, 0.16, 0.28, 0.31, 0.06, 0.0, 0.12, 1.0]
  Failed regions: [[50, 91]]
  Successful interval: 72-105
  Keyframes: [4, 72, 76, 105]
  Success detected: True
  Confidence: 0.95

--- Segment 258/512 ---

============================================================
Segment: ButtonUnmaskSwap_ep50_f201-312
  Subtask: pick up the container that hides the blue cube
  Frames: 201 - 312
============================================================
  Loaded 112 frames
  Prefix scoring: 52.3s
  Rewards: [0.13, 0.1, 0.3, 0.13, 0.0, 0.33, 0.3, 1.0]
  Failed regions: [[39, 82]]
  Successful interval: 91-111
  Keyframes: [4, 91, 104, 111]
  Success detected: True
  Confidence: 0.82

--- Segment 259/512 ---

============================================================
Segment: ButtonUnmaskSwap_ep51_f0-109
  Subtask: press the first button
  Frames: 0 - 109
============================================================
  Loaded 110 frames
  Prefix scoring: 52.4s
  Rewards: [0.44, 0.38, 0.41, 0.68, 0.0, 0.38, 0.56, 1.0]
  Failed regions: [[53, 81]]
  Successful interval: 62-109
  Keyframes: [0, 62, 97, 109]
  Success detected: True
  Confidence: 0.90

--- Segment 260/512 ---

============================================================
Segment: ButtonUnmaskSwap_ep51_f110-208
  Subtask: press the second button
  Frames: 110 - 208
============================================================
  Loaded 99 frames
  Prefix scoring: 52.4s
  Rewards: [0.0, 0.71, 0.12, 0.17, 0.12, 0.25, 1.0, 0.54]
  Failed regions: [[21, 47]]
  Successful interval: 55-85
  Keyframes: [19, 55, 85, 86, 98]
  Success detected: True
  Confidence: 0.88

--- Segment 261/512 ---

============================================================
Segment: ButtonUnmaskSwap_ep51_f209-319
  Subtask: pick up the container that hides the red cube
  Frames: 209 - 319
============================================================
  Loaded 111 frames
  Prefix scoring: 52.3s
  Rewards: [0.0, 0.48, 0.16, 0.2, 0.0, 0.2, 0.56, 1.0]
  Failed regions: [[25, 53]]
  Successful interval: 62-110
  Keyframes: [0, 62, 104, 110]
  Success detected: True
  Confidence: 0.94

--- Segment 262/512 ---

============================================================
Segment: ButtonUnmaskSwap_ep51_f320-360
  Subtask: put down the container
  Frames: 320 - 360
============================================================
  Loaded 41 frames
  Prefix scoring: 52.4s
  Rewards: [0.08, 0.0, 0.12, 0.54, 1.0, 0.96, 0.5, 0.54]
  Failed regions: []
  Successful interval: 7-24
  Keyframes: [2, 7, 11, 24, 40]
  Success detected: True
  Confidence: 0.91

--- Segment 263/512 ---

============================================================
Segment: ButtonUnmaskSwap_ep51_f361-448
  Subtask: pick up the container that hides the blue cube
  Frames: 361 - 448
============================================================
  Loaded 88 frames
  Prefix scoring: 52.2s
  Rewards: [0.0, 0.17, 0.09, 0.06, 0.31, 0.2, 0.33, 1.0]
  Failed regions: [[53, 75]]
  Successful interval: 60-87
  Keyframes: [1, 60, 86, 87]
  Success detected: True
  Confidence: 0.86

--- Segment 264/512 ---

============================================================
Segment: ButtonUnmaskSwap_ep51_f361-455
  Subtask: pick up the container that hides the blue cube
  Frames: 361 - 455
============================================================
  Loaded 95 frames
  Prefix scoring: 52.4s
  Rewards: [0.0, 0.15, 0.04, 0.27, 0.21, 0.15, 0.38, 1.0]
  Failed regions: [[45, 81]]
  Successful interval: 65-94
  Keyframes: [7, 65, 86, 94]
  Success detected: True
  Confidence: 0.88

--- Segment 265/512 ---

============================================================
Segment: ButtonUnmaskSwap_ep52_f0-114
  Subtask: press the first button
  Frames: 0 - 114
============================================================
  Loaded 115 frames
  Prefix scoring: 52.5s
  Rewards: [0.45, 0.5, 0.68, 1.0, 0.27, 0.0, 0.77, 0.73]
  Failed regions: []
  Successful interval: 6-55
  Keyframes: [2, 6, 32, 55, 83]
  Success detected: True
  Confidence: 0.71

--- Segment 266/512 ---

============================================================
Segment: ButtonUnmaskSwap_ep52_f115-206
  Subtask: press the second button
  Frames: 115 - 206
============================================================
  Loaded 92 frames
  Prefix scoring: 52.3s
  Rewards: [0.0, 0.11, 0.39, 0.5, 0.28, 0.33, 1.0, 0.39]
  Failed regions: [[44, 67]]
  Successful interval: 51-79
  Keyframes: [11, 51, 79, 80, 91]
  Success detected: True
  Confidence: 0.81

--- Segment 267/512 ---

============================================================
Segment: ButtonUnmaskSwap_ep52_f207-312
  Subtask: pick up the container that hides the green cube
  Frames: 207 - 312
============================================================
  Loaded 106 frames
  Prefix scoring: 52.4s
  Rewards: [0.0, 0.12, 0.12, 0.1, 0.05, 0.15, 0.05, 1.0]
  Failed regions: []
  Successful interval: 86-105
  Keyframes: [0, 86, 96, 105]
  Success detected: True
  Confidence: 0.94

--- Segment 268/512 ---

============================================================
Segment: ButtonUnmaskSwap_ep52_f313-363
  Subtask: put down the container
  Frames: 313 - 363
============================================================
  Loaded 51 frames
  Prefix scoring: 52.0s
  Rewards: [0.94, 0.88, 0.35, 0.0, 0.0, 0.12, 1.0, 0.47]
  Failed regions: [[5, 30], [5, 37]]
  Successful interval: 28-43
  Keyframes: [0, 28, 41, 43, 50]
  Success detected: True
  Confidence: 0.91

--- Segment 269/512 ---

============================================================
Segment: ButtonUnmaskSwap_ep52_f364-440
  Subtask: pick up the container that hides the blue cube
  Frames: 364 - 440
============================================================
  Loaded 77 frames
  Prefix scoring: 52.2s
  Rewards: [0.0, 0.02, 0.35, 0.35, 0.61, 0.46, 0.46, 1.0]
  Failed regions: [[46, 66], [46, 76]]
  Successful interval: 63-76
  Keyframes: [1, 63, 75, 76]
  Success detected: True
  Confidence: 0.74

--- Segment 270/512 ---

============================================================
Segment: ButtonUnmaskSwap_ep52_f364-447
  Subtask: pick up the container that hides the blue cube
  Frames: 364 - 447
============================================================
  Loaded 84 frames
  Prefix scoring: 52.1s
  Rewards: [0.02, 0.0, 0.0, 0.28, 0.44, 0.43, 1.0, 0.98]
  Failed regions: []
  Successful interval: 57-72
  Keyframes: [9, 57, 72, 73, 83]
  Success detected: True
  Confidence: 0.75

--- Segment 271/512 ---

============================================================
Segment: ButtonUnmaskSwap_ep53_f0-110
  Subtask: press the first button
  Frames: 0 - 110
============================================================
  Loaded 111 frames
  Prefix scoring: 52.4s
  Rewards: [0.19, 0.0, 0.25, 0.88, 0.5, 0.12, 0.88, 1.0]
  Failed regions: [[53, 95]]
  Successful interval: 76-110
  Keyframes: [0, 76, 99, 110]
  Success detected: True
  Confidence: 0.85

--- Segment 272/512 ---

============================================================
Segment: ButtonUnmaskSwap_ep53_f111-202
  Subtask: press the second button
  Frames: 111 - 202
============================================================
  Loaded 92 frames
  Prefix scoring: 52.2s
  Rewards: [0.0, 0.46, 0.46, 0.15, 0.62, 0.54, 1.0, 0.46]
  Failed regions: [[32, 55]]
  Successful interval: 63-79
  Keyframes: [17, 63, 78, 79, 91]
  Success detected: True
  Confidence: 0.69

--- Segment 273/512 ---

============================================================
Segment: ButtonUnmaskSwap_ep53_f203-298
  Subtask: pick up the container that hides the blue cube
  Frames: 203 - 298
============================================================
  Loaded 96 frames
  Prefix scoring: 52.5s
  Rewards: [0.0, 0.04, 0.3, 0.11, 0.41, 0.19, 0.37, 1.0]
  Failed regions: [[33, 58], [58, 82]]
  Successful interval: 66-95
  Keyframes: [4, 66, 94, 95]
  Success detected: True
  Confidence: 0.87

--- Segment 274/512 ---

============================================================
Segment: ButtonUnmaskSwap_ep53_f203-305
  Subtask: pick up the container that hides the blue cube
  Frames: 203 - 305
============================================================
  Loaded 103 frames
  Prefix scoring: 52.5s
  Rewards: [0.0, 0.0, 0.19, 0.09, 0.19, 0.22, 0.19, 1.0]
  Failed regions: []
  Successful interval: 83-102
  Keyframes: [4, 83, 95, 102]
  Success detected: True
  Confidence: 0.88

--- Segment 275/512 ---

============================================================
Segment: ButtonUnmaskSwap_ep54_f0-114
  Subtask: press the first button
  Frames: 0 - 114
============================================================
  Loaded 115 frames
  Prefix scoring: 52.5s
  Rewards: [0.22, 0.19, 0.52, 1.0, 0.67, 0.07, 0.19, 0.0]
  Failed regions: []
  Successful interval: 20-55
  Keyframes: [2, 20, 32, 55, 90]
  Success detected: True
  Confidence: 0.85

--- Segment 276/512 ---

============================================================
Segment: ButtonUnmaskSwap_ep54_f115-206
  Subtask: press the second button
  Frames: 115 - 206
============================================================
  Loaded 92 frames
  Prefix scoring: 52.3s
  Rewards: [0.0, 0.0, 0.0, 0.27, 0.6, 0.8, 1.0, 0.53]
  Failed regions: []
  Successful interval: 28-79
  Keyframes: [12, 28, 49, 79, 91]
  Success detected: True
  Confidence: 0.92

--- Segment 277/512 ---

============================================================
Segment: ButtonUnmaskSwap_ep54_f207-308
  Subtask: pick up the container that hides the green cube
  Frames: 207 - 308
============================================================
  Loaded 102 frames
  Prefix scoring: 52.4s
  Rewards: [0.0, 0.19, 0.17, 0.21, 0.33, 0.25, 0.25, 1.0]
  Failed regions: [[62, 88], [62, 101]]
  Successful interval: 83-101
  Keyframes: [10, 83, 101]
  Success detected: True
  Confidence: 0.84

--- Segment 278/512 ---

============================================================
Segment: ButtonUnmaskSwap_ep54_f207-319
  Subtask: pick up the container that hides the green cube
  Frames: 207 - 319
============================================================
  Loaded 113 frames
  Prefix scoring: 52.6s
  Rewards: [0.0, 0.15, 0.2, 0.22, 0.28, 0.26, 0.63, 1.0]
  Failed regions: []
  Successful interval: 78-112
  Keyframes: [10, 78, 101, 112]
  Success detected: True
  Confidence: 0.83

--- Segment 279/512 ---

============================================================
Segment: ButtonUnmaskSwap_ep55_f0-113
  Subtask: press the first button
  Frames: 0 - 113
============================================================
  Loaded 114 frames
  Prefix scoring: 52.3s
  Rewards: [0.13, 0.0, 0.17, 0.52, 0.48, 0.13, 0.83, 1.0]
  Failed regions: [[54, 98]]
  Successful interval: 78-113
  Keyframes: [2, 78, 101, 113]
  Success detected: True
  Confidence: 0.87

--- Segment 280/512 ---

============================================================
Segment: ButtonUnmaskSwap_ep55_f114-206
  Subtask: press the second button
  Frames: 114 - 206
============================================================
  Loaded 93 frames
  Prefix scoring: 52.9s
  Rewards: [0.33, 0.13, 1.0, 0.0, 0.47, 0.33, 0.67, 0.47]
  Failed regions: [[9, 32]]
  Successful interval: 16-32
  Keyframes: [0, 16, 17, 32, 66]
  Success detected: True
  Confidence: 0.86

--- Segment 281/512 ---

============================================================
Segment: ButtonUnmaskSwap_ep55_f207-324
  Subtask: pick up the container that hides the red cube
  Frames: 207 - 324
============================================================
  Loaded 118 frames
  Prefix scoring: 52.3s
  Rewards: [0.0, 0.12, 0.06, 0.19, 0.12, 0.38, 0.09, 1.0]
  Failed regions: [[86, 117]]
  Successful interval: 96-117
  Keyframes: [0, 96, 105, 117]
  Success detected: True
  Confidence: 0.91

--- Segment 282/512 ---

============================================================
Segment: ButtonUnmaskSwap_ep55_f325-365
  Subtask: put down the container
  Frames: 325 - 365
============================================================
  Loaded 41 frames
  Prefix scoring: 52.3s
  Rewards: [1.0, 0.94, 0.41, 0.12, 0.0, 0.29, 0.18, 0.47]
  Failed regions: []
  Successful interval: 2-4
  Keyframes: [0, 2, 4, 5, 21]
  Success detected: True
  Confidence: 0.51

--- Segment 283/512 ---

============================================================
Segment: ButtonUnmaskSwap_ep55_f366-444
  Subtask: pick up the container that hides the blue cube
  Frames: 366 - 444
============================================================
  Loaded 79 frames
  Prefix scoring: 52.3s
  Rewards: [0.07, 0.0, 0.09, 0.28, 0.28, 0.37, 0.35, 1.0]
  Failed regions: []
  Successful interval: 64-78
  Keyframes: [4, 64, 77, 78]
  Success detected: True
  Confidence: 0.80

--- Segment 284/512 ---

============================================================
Segment: ButtonUnmaskSwap_ep55_f366-450
  Subtask: pick up the container that hides the blue cube
  Frames: 366 - 450
============================================================
  Loaded 85 frames
  Prefix scoring: 52.3s
  Rewards: [0.02, 0.02, 0.0, 0.23, 0.3, 0.23, 0.61, 1.0]
  Failed regions: []
  Successful interval: 58-84
  Keyframes: [6, 58, 76, 84]
  Success detected: True
  Confidence: 0.85

--- Segment 285/512 ---

============================================================
Segment: ButtonUnmaskSwap_ep56_f0-108
  Subtask: press the first button
  Frames: 0 - 108
============================================================
  Loaded 109 frames
  Prefix scoring: 52.6s
  Rewards: [0.53, 0.56, 0.61, 0.69, 0.39, 0.0, 0.89, 1.0]
  Failed regions: [[52, 94]]
  Successful interval: 75-108
  Keyframes: [0, 75, 97, 108]
  Success detected: True
  Confidence: 0.88

--- Segment 286/512 ---

============================================================
Segment: ButtonUnmaskSwap_ep56_f109-205
  Subtask: press the second button
  Frames: 109 - 205
============================================================
  Loaded 97 frames
  Prefix scoring: 52.3s
  Rewards: [0.0, 0.23, 0.55, 0.45, 0.55, 0.32, 1.0, 0.32]
  Failed regions: [[33, 58], [58, 83]]
  Successful interval: 67-83
  Keyframes: [12, 67, 83, 84, 96]
  Success detected: True
  Confidence: 0.79

--- Segment 287/512 ---

============================================================
Segment: ButtonUnmaskSwap_ep56_f206-299
  Subtask: pick up the container that hides the blue cube
  Frames: 206 - 299
============================================================
  Loaded 94 frames
  Prefix scoring: 52.1s
  Rewards: [0.03, 0.0, 0.08, 0.14, 0.28, 0.58, 1.0, 0.67]
  Failed regions: []
  Successful interval: 17-81
  Keyframes: [0, 17, 56, 81, 93]
  Success detected: True
  Confidence: 0.93

--- Segment 288/512 ---

============================================================
Segment: ButtonUnmaskSwap_ep56_f300-347
  Subtask: put down the container
  Frames: 300 - 347
============================================================
  Loaded 48 frames
  Prefix scoring: 52.4s
  Rewards: [0.32, 0.47, 0.37, 0.21, 0.53, 0.0, 0.11, 1.0]
  Failed regions: [[10, 28], [28, 40]]
  Successful interval: 32-47
  Keyframes: [0, 32, 38, 47]
  Success detected: True
  Confidence: 0.93

--- Segment 289/512 ---

============================================================
Segment: ButtonUnmaskSwap_ep56_f348-429
  Subtask: pick up the container that hides the red cube
  Frames: 348 - 429
============================================================
  Loaded 82 frames
  Prefix scoring: 52.3s
  Rewards: [0.06, 0.14, 0.34, 0.0, 0.37, 0.49, 0.29, 1.0]
  Failed regions: [[28, 60], [60, 81]]
  Successful interval: 66-81
  Keyframes: [6, 66, 80, 81]
  Success detected: True
  Confidence: 0.82

--- Segment 290/512 ---

============================================================
Segment: ButtonUnmaskSwap_ep56_f348-437
  Subtask: pick up the container that hides the red cube
  Frames: 348 - 437
============================================================
  Loaded 90 frames
  Prefix scoring: 52.3s
  Rewards: [0.11, 0.22, 0.3, 0.41, 0.38, 0.41, 0.0, 1.0]
  Failed regions: [[66, 89]]
  Successful interval: 73-89
  Keyframes: [6, 73, 80, 89]
  Success detected: True
  Confidence: 0.93

--- Segment 291/512 ---

============================================================
Segment: ButtonUnmaskSwap_ep57_f0-108
  Subtask: press the first button
  Frames: 0 - 108
============================================================
  Loaded 109 frames
  Prefix scoring: 52.6s
  Rewards: [0.44, 0.33, 0.0, 0.78, 0.56, 0.17, 0.78, 1.0]
  Failed regions: [[10, 52], [52, 94]]
  Successful interval: 75-108
  Keyframes: [0, 75, 98, 108]
  Success detected: True
  Confidence: 0.83

--- Segment 292/512 ---

============================================================
Segment: ButtonUnmaskSwap_ep57_f109-205
  Subtask: press the second button
  Frames: 109 - 205
============================================================
  Loaded 97 frames
  Prefix scoring: 52.4s
  Rewards: [0.19, 0.57, 0.33, 0.14, 0.62, 0.0, 1.0, 0.14]
  Failed regions: [[21, 58], [58, 83]]
  Successful interval: 67-83
  Keyframes: [18, 67, 82, 83, 96]
  Success detected: True
  Confidence: 0.93

--- Segment 293/512 ---

============================================================
Segment: ButtonUnmaskSwap_ep57_f206-306
  Subtask: pick up the container that hides the green cube
  Frames: 206 - 306
============================================================
  Loaded 101 frames
  Prefix scoring: 52.5s
  Rewards: [0.03, 0.03, 0.06, 0.12, 0.06, 0.03, 0.0, 1.0]
  Failed regions: []
  Successful interval: 82-100
  Keyframes: [5, 82, 92, 100]
  Success detected: True
  Confidence: 0.97

--- Segment 294/512 ---

============================================================
Segment: ButtonUnmaskSwap_ep57_f307-354
  Subtask: put down the container
  Frames: 307 - 354
============================================================
  Loaded 48 frames
  Prefix scoring: 52.3s
  Rewards: [0.06, 0.17, 0.17, 0.17, 1.0, 0.0, 0.06, 0.61]
  Failed regions: []
  Successful interval: 20-28
  Keyframes: [0, 20, 21, 28, 40]
  Success detected: True
  Confidence: 0.88

--- Segment 295/512 ---

============================================================
Segment: ButtonUnmaskSwap_ep57_f355-435
  Subtask: pick up the container that hides the red cube
  Frames: 355 - 435
============================================================
  Loaded 81 frames
  Prefix scoring: 52.4s
  Rewards: [0.06, 0.09, 0.21, 0.0, 0.27, 0.27, 0.21, 1.0]
  Failed regions: []
  Successful interval: 65-80
  Keyframes: [2, 65, 79, 80]
  Success detected: True
  Confidence: 0.86

--- Segment 296/512 ---

============================================================
Segment: ButtonUnmaskSwap_ep57_f355-442
  Subtask: pick up the container that hides the red cube
  Frames: 355 - 442
============================================================
  Loaded 88 frames
  Prefix scoring: 52.5s
  Rewards: [0.03, 0.09, 0.09, 0.0, 0.34, 0.06, 0.91, 1.0]
  Failed regions: [[53, 75]]
  Successful interval: 60-87
  Keyframes: [14, 60, 79, 87]
  Success detected: True
  Confidence: 0.91

--- Segment 297/512 ---

============================================================
Segment: ButtonUnmaskSwap_ep58_f0-109
  Subtask: press the first button
  Frames: 0 - 109
============================================================
  Loaded 110 frames
  Prefix scoring: 52.5s
  Rewards: [0.28, 0.32, 0.28, 0.52, 0.28, 0.0, 0.88, 1.0]
  Failed regions: [[53, 95]]
  Successful interval: 76-109
  Keyframes: [0, 76, 97, 109]
  Success detected: True
  Confidence: 0.91

--- Segment 298/512 ---

============================================================
Segment: ButtonUnmaskSwap_ep58_f110-199
  Subtask: press the second button
  Frames: 110 - 199
============================================================
  Loaded 90 frames
  Prefix scoring: 52.7s
  Rewards: [0.0, 0.31, 0.19, 0.62, 1.0, 0.81, 0.81, 0.81]
  Failed regions: [[20, 43]]
  Successful interval: 27-54
  Keyframes: [13, 27, 49, 54, 89]
  Success detected: True
  Confidence: 0.81

--- Segment 299/512 ---

============================================================
Segment: ButtonUnmaskSwap_ep58_f200-306
  Subtask: pick up the container that hides the red cube
  Frames: 200 - 306
============================================================
  Loaded 107 frames
  Prefix scoring: 52.5s
  Rewards: [0.0, 0.08, 0.13, 0.23, 0.05, 0.33, 0.41, 1.0]
  Failed regions: []
  Successful interval: 59-106
  Keyframes: [10, 59, 106]
  Success detected: True
  Confidence: 0.92

--- Segment 300/512 ---

============================================================
Segment: ButtonUnmaskSwap_ep58_f200-318
  Subtask: pick up the container that hides the red cube
  Frames: 200 - 318
============================================================
  Loaded 119 frames
  Prefix scoring: 52.5s
  Rewards: [0.0, 0.09, 0.24, 0.24, 0.47, 0.5, 1.0, 1.0]
  Failed regions: []
  Successful interval: 51-102
  Keyframes: [9, 51, 72, 102, 118]
  Success detected: True
  Confidence: 0.82

--- Segment 301/512 ---

============================================================
Segment: ButtonUnmaskSwap_ep59_f0-114
  Subtask: press the first button
  Frames: 0 - 114
============================================================
  Loaded 115 frames
  Prefix scoring: 52.6s
  Rewards: [0.09, 0.0, 0.41, 1.0, 0.27, 0.41, 0.91, 0.95]
  Failed regions: [[55, 84]]
  Successful interval: 64-114
  Keyframes: [2, 64, 75, 114]
  Success detected: True
  Confidence: 0.74

--- Segment 302/512 ---

============================================================
Segment: ButtonUnmaskSwap_ep59_f115-205
  Subtask: press the second button
  Frames: 115 - 205
============================================================
  Loaded 91 frames
  Prefix scoring: 52.3s
  Rewards: [0.38, 0.67, 0.0, 0.43, 0.62, 0.76, 1.0, 0.29]
  Failed regions: [[20, 43]]
  Successful interval: 28-78
  Keyframes: [17, 28, 77, 78, 90]
  Success detected: True
  Confidence: 0.90

--- Segment 303/512 ---

============================================================
Segment: ButtonUnmaskSwap_ep59_f206-303
  Subtask: pick up the container that hides the green cube
  Frames: 206 - 303
============================================================
  Loaded 98 frames
  Prefix scoring: 52.4s
  Rewards: [0.0, 0.16, 0.16, 0.27, 0.23, 0.16, 0.34, 1.0]
  Failed regions: [[46, 84]]
  Successful interval: 67-97
  Keyframes: [0, 67, 89, 97]
  Success detected: True
  Confidence: 0.88

--- Segment 304/512 ---

============================================================
Segment: ButtonUnmaskSwap_ep59_f304-351
  Subtask: put down the container
  Frames: 304 - 351
============================================================
  Loaded 48 frames
  Prefix scoring: 52.1s
  Rewards: [0.17, 0.33, 0.17, 0.17, 0.25, 0.0, 0.33, 1.0]
  Failed regions: [[10, 28], [10, 28], [28, 40]]
  Successful interval: 32-47
  Keyframes: [0, 32, 38, 47]
  Success detected: True
  Confidence: 0.94

--- Segment 305/512 ---

============================================================
Segment: ButtonUnmaskSwap_ep59_f352-452
  Subtask: pick up the container that hides the blue cube
  Frames: 352 - 452
============================================================
  Loaded 101 frames
  Prefix scoring: 52.3s
  Rewards: [0.0, 0.05, 0.23, 0.46, 0.33, 0.41, 0.59, 1.0]
  Failed regions: [[48, 74]]
  Successful interval: 56-100
  Keyframes: [2, 56, 98, 100]
  Success detected: True
  Confidence: 0.79

--- Segment 306/512 ---

============================================================
Segment: ButtonUnmaskSwap_ep59_f352-459
  Subtask: pick up the container that hides the blue cube
  Frames: 352 - 459
============================================================
  Loaded 108 frames
  Prefix scoring: 52.5s
  Rewards: [0.0, 0.05, 0.07, 0.35, 0.33, 0.37, 0.51, 1.0]
  Failed regions: []
  Successful interval: 60-107
  Keyframes: [8, 60, 98, 107]
  Success detected: True
  Confidence: 0.80

--- Segment 307/512 ---

============================================================
Segment: ButtonUnmaskSwap_ep60_f0-117
  Subtask: press the first button
  Frames: 0 - 117
============================================================
  Loaded 118 frames
  Prefix scoring: 52.5s
  Rewards: [0.13, 0.0, 0.67, 0.87, 0.4, 0.2, 1.0, 1.0]
  Failed regions: [[56, 101]]
  Successful interval: 81-101
  Keyframes: [0, 81, 101, 102, 117]
  Success detected: True
  Confidence: 0.81

--- Segment 308/512 ---

============================================================
Segment: ButtonUnmaskSwap_ep60_f118-207
  Subtask: press the second button
  Frames: 118 - 207
============================================================
  Loaded 90 frames
  Prefix scoring: 52.6s
  Rewards: [0.67, 1.0, 0.6, 0.47, 0.93, 0.33, 0.6, 0.0]
  Failed regions: [[20, 54]]
  Successful interval: 39-54
  Keyframes: [14, 39, 50, 54, 89]
  Success detected: True
  Confidence: 0.63

--- Segment 309/512 ---

============================================================
Segment: ButtonUnmaskSwap_ep60_f208-306
  Subtask: pick up the container that hides the green cube
  Frames: 208 - 306
============================================================
  Loaded 99 frames
  Prefix scoring: 52.4s
  Rewards: [0.0, 0.0, 0.15, 0.29, 0.39, 0.02, 1.0, 0.95]
  Failed regions: [[59, 85]]
  Successful interval: 68-85
  Keyframes: [6, 68, 85, 86, 98]
  Success detected: True
  Confidence: 0.92

--- Segment 310/512 ---

============================================================
Segment: ButtonUnmaskSwap_ep60_f307-356
  Subtask: put down the container
  Frames: 307 - 356
============================================================
  Loaded 50 frames
  Prefix scoring: 52.3s
  Rewards: [0.13, 0.0, 0.2, 0.37, 0.5, 0.6, 0.7, 1.0]
  Failed regions: []
  Successful interval: 9-49
  Keyframes: [2, 9, 11, 49]
  Success detected: True
  Confidence: 0.91

--- Segment 311/512 ---

============================================================
Segment: ButtonUnmaskSwap_ep60_f357-455
  Subtask: pick up the container that hides the blue cube
  Frames: 357 - 455
============================================================
  Loaded 99 frames
  Prefix scoring: 52.5s
  Rewards: [0.02, 0.0, 0.27, 0.29, 0.23, 0.27, 0.29, 1.0]
  Failed regions: []
  Successful interval: 55-98
  Keyframes: [3, 55, 96, 98]
  Success detected: True
  Confidence: 0.85

--- Segment 312/512 ---

============================================================
Segment: ButtonUnmaskSwap_ep60_f357-466
  Subtask: pick up the container that hides the blue cube
  Frames: 357 - 466
============================================================
  Loaded 110 frames
  Prefix scoring: 52.5s
  Rewards: [0.0, 0.3, 0.32, 0.16, 0.45, 0.11, 0.98, 1.0]
  Failed regions: [[39, 67], [67, 95]]
  Successful interval: 76-109
  Keyframes: [8, 76, 96, 109]
  Success detected: True
  Confidence: 0.87

--- Segment 313/512 ---

============================================================
Segment: ButtonUnmaskSwap_ep61_f0-114
  Subtask: press the first button
  Frames: 0 - 114
============================================================
  Loaded 115 frames
  Prefix scoring: 52.5s
  Rewards: [0.48, 0.42, 0.48, 1.0, 0.48, 0.0, 0.81, 0.45]
  Failed regions: [[55, 99]]
  Successful interval: 79-99
  Keyframes: [0, 79, 99, 100, 114]
  Success detected: True
  Confidence: 0.70

--- Segment 314/512 ---

============================================================
Segment: ButtonUnmaskSwap_ep61_f115-211
  Subtask: press the second button
  Frames: 115 - 211
============================================================
  Loaded 97 frames
  Prefix scoring: 52.4s
  Rewards: [0.09, 0.0, 0.18, 1.0, 0.55, 1.0, 0.82, 0.55]
  Failed regions: [[46, 71]]
  Successful interval: 54-71
  Keyframes: [8, 54, 55, 71, 96]
  Success detected: True
  Confidence: 0.68

--- Segment 315/512 ---

============================================================
Segment: ButtonUnmaskSwap_ep61_f212-321
  Subtask: pick up the container that hides the blue cube
  Frames: 212 - 321
============================================================
  Loaded 110 frames
  Prefix scoring: 52.6s
  Rewards: [0.0, 0.18, 0.3, 0.27, 0.24, 0.3, 0.88, 1.0]
  Failed regions: []
  Successful interval: 62-109
  Keyframes: [2, 62, 100, 109]
  Success detected: True
  Confidence: 0.82

--- Segment 316/512 ---

============================================================
Segment: ButtonUnmaskSwap_ep61_f322-368
  Subtask: put down the container
  Frames: 322 - 368
============================================================
  Loaded 47 frames
  Prefix scoring: 52.3s
  Rewards: [0.09, 0.26, 0.0, 1.0, 0.96, 0.91, 0.65, 0.57]
  Failed regions: [[10, 22]]
  Successful interval: 14-22
  Keyframes: [7, 14, 15, 22, 42]
  Success detected: True
  Confidence: 0.89

--- Segment 317/512 ---

============================================================
Segment: ButtonUnmaskSwap_ep61_f369-446
  Subtask: pick up the container that hides the red cube
  Frames: 369 - 446
============================================================
  Loaded 78 frames
  Prefix scoring: 52.4s
  Rewards: [0.0, 0.03, 0.15, 0.22, 0.43, 0.17, 0.17, 1.0]
  Failed regions: [[47, 67], [47, 77]]
  Successful interval: 64-77
  Keyframes: [1, 64, 77]
  Success detected: True
  Confidence: 0.88

--- Segment 318/512 ---

============================================================
Segment: ButtonUnmaskSwap_ep61_f369-457
  Subtask: pick up the container that hides the red cube
  Frames: 369 - 457
============================================================
  Loaded 89 frames
  Prefix scoring: 52.3s
  Rewards: [0.0, 0.05, 0.34, 0.46, 0.27, 0.24, 0.9, 1.0]
  Failed regions: [[42, 76]]
  Successful interval: 61-88
  Keyframes: [1, 61, 78, 88]
  Success detected: True
  Confidence: 0.82

--- Segment 319/512 ---

============================================================
Segment: ButtonUnmaskSwap_ep62_f0-117
  Subtask: press the first button
  Frames: 0 - 117
============================================================
  Loaded 118 frames
  Prefix scoring: 52.6s
  Rewards: [0.39, 0.22, 0.83, 0.89, 0.61, 0.0, 0.33, 1.0]
  Failed regions: [[11, 56], [56, 101]]
  Successful interval: 81-117
  Keyframes: [0, 81, 101, 117]
  Success detected: True
  Confidence: 0.89

--- Segment 320/512 ---

============================================================
Segment: ButtonUnmaskSwap_ep62_f118-211
  Subtask: press the second button
  Frames: 118 - 211
============================================================
  Loaded 94 frames
  Prefix scoring: 52.3s
  Rewards: [0.0, 0.22, 0.39, 0.48, 1.0, 0.3, 0.74, 0.74]
  Failed regions: []
  Successful interval: 5-57
  Keyframes: [0, 5, 52, 57, 92]
  Success detected: True
  Confidence: 0.90

--- Segment 321/512 ---

============================================================
Segment: ButtonUnmaskSwap_ep62_f212-326
  Subtask: pick up the container that hides the blue cube
  Frames: 212 - 326
============================================================
  Loaded 115 frames
  Prefix scoring: 52.6s
  Rewards: [0.0, 0.14, 0.27, 0.32, 0.35, 0.76, 0.51, 1.0]
  Failed regions: [[84, 114]]
  Successful interval: 94-114
  Keyframes: [22, 94, 114]
  Success detected: True
  Confidence: 0.71

--- Segment 322/512 ---

============================================================
Segment: ButtonUnmaskSwap_ep62_f212-336
  Subtask: pick up the container that hides the blue cube
  Frames: 212 - 336
============================================================
  Loaded 125 frames
  Prefix scoring: 52.4s
  Rewards: [0.0, 0.14, 0.3, 0.18, 0.32, 0.41, 0.34, 1.0]
  Failed regions: [[44, 92]]
  Successful interval: 102-124
  Keyframes: [22, 102, 115, 124]
  Success detected: True
  Confidence: 0.80

--- Segment 323/512 ---

============================================================
Segment: ButtonUnmaskSwap_ep63_f0-114
  Subtask: press the first button
  Frames: 0 - 114
============================================================
  Loaded 115 frames
  Prefix scoring: 52.9s
  Rewards: [0.12, 0.0, 0.53, 1.0, 0.65, 0.76, 0.88, 0.59]
  Failed regions: [[55, 84]]
  Successful interval: 64-99
  Keyframes: [0, 64, 72, 99, 114]
  Success detected: True
  Confidence: 0.51

--- Segment 324/512 ---

============================================================
Segment: ButtonUnmaskSwap_ep63_f115-207
  Subtask: press the second button
  Frames: 115 - 207
============================================================
  Loaded 93 frames
  Prefix scoring: 53.5s
  Rewards: [0.29, 0.57, 0.1, 0.38, 0.95, 0.52, 1.0, 0.0]
  Failed regions: [[20, 56], [56, 80]]
  Successful interval: 64-80
  Keyframes: [16, 64, 80, 81, 92]
  Success detected: True
  Confidence: 0.70

--- Segment 325/512 ---

============================================================
Segment: ButtonUnmaskSwap_ep63_f208-323
  Subtask: pick up the container that hides the red cube
  Frames: 208 - 323
============================================================
  Loaded 116 frames
  Prefix scoring: 52.7s
  Rewards: [0.0, 0.23, 0.28, 0.26, 0.56, 0.6, 0.56, 1.0]
  Failed regions: []
  Successful interval: 95-115
  Keyframes: [0, 95, 108, 115]
  Success detected: True
  Confidence: 0.69

--- Segment 326/512 ---

============================================================
Segment: ButtonUnmaskSwap_ep63_f324-364
  Subtask: put down the container
  Frames: 324 - 364
============================================================
  Loaded 41 frames
  Prefix scoring: 52.5s
  Rewards: [0.13, 0.0, 0.39, 0.26, 1.0, 0.57, 0.74, 0.91]
  Failed regions: [[14, 24], [24, 34]]
  Successful interval: 27-40
  Keyframes: [4, 27, 36, 40]
  Success detected: True
  Confidence: 0.59

--- Segment 327/512 ---

============================================================
Segment: ButtonUnmaskSwap_ep63_f365-457
  Subtask: pick up the container that hides the green cube
  Frames: 365 - 457
============================================================
  Loaded 93 frames
  Prefix scoring: 52.9s
  Rewards: [0.0, 0.21, 0.17, 0.32, 0.19, 0.28, 0.04, 1.0]
  Failed regions: [[44, 68], [68, 92]]
  Successful interval: 76-92
  Keyframes: [1, 76, 91, 92]
  Success detected: True
  Confidence: 0.93

--- Segment 328/512 ---

============================================================
Segment: ButtonUnmaskSwap_ep63_f365-467
  Subtask: pick up the container that hides the green cube
  Frames: 365 - 467
============================================================
  Loaded 103 frames
  Prefix scoring: 52.8s
  Rewards: [0.0, 0.23, 0.12, 0.3, 0.23, 0.03, 0.88, 1.0]
  Failed regions: [[49, 88]]
  Successful interval: 70-102
  Keyframes: [1, 70, 93, 102]
  Success detected: True
  Confidence: 0.92

--- Segment 329/512 ---

============================================================
Segment: ButtonUnmaskSwap_ep64_f0-109
  Subtask: press the first button
  Frames: 0 - 109
============================================================
  Loaded 110 frames
  Prefix scoring: 52.9s
  Rewards: [0.26, 0.22, 0.0, 1.0, 0.41, 0.15, 0.78, 0.93]
  Failed regions: [[11, 53], [53, 95]]
  Successful interval: 76-109
  Keyframes: [3, 76, 98, 109]
  Success detected: True
  Confidence: 0.77

--- Segment 330/512 ---

============================================================
Segment: ButtonUnmaskSwap_ep64_f110-201
  Subtask: press the second button
  Frames: 110 - 201
============================================================
  Loaded 92 frames
  Prefix scoring: 52.8s
  Rewards: [0.0, 0.35, 0.25, 0.7, 1.0, 0.7, 0.75, 0.85]
  Failed regions: [[20, 55], [55, 79]]
  Successful interval: 63-91
  Keyframes: [9, 63, 80, 91]
  Success detected: True
  Confidence: 0.46

--- Segment 331/512 ---

============================================================
Segment: ButtonUnmaskSwap_ep64_f202-292
  Subtask: pick up the container that hides the blue cube
  Frames: 202 - 292
============================================================
  Loaded 91 frames
  Prefix scoring: 52.9s
  Rewards: [0.0, 0.21, 0.29, 0.29, 0.5, 0.38, 0.15, 1.0]
  Failed regions: [[55, 90]]
  Successful interval: 74-90
  Keyframes: [0, 74, 89, 90]
  Success detected: True
  Confidence: 0.87

--- Segment 332/512 ---

============================================================
Segment: ButtonUnmaskSwap_ep64_f202-299
  Subtask: pick up the container that hides the blue cube
  Frames: 202 - 299
============================================================
  Loaded 98 frames
  Prefix scoring: 53.0s
  Rewards: [0.0, 0.09, 0.16, 0.34, 0.39, 0.36, 0.09, 1.0]
  Failed regions: [[59, 97]]
  Successful interval: 80-97
  Keyframes: [1, 80, 89, 97]
  Success detected: True
  Confidence: 0.90

--- Segment 333/512 ---

============================================================
Segment: ButtonUnmaskSwap_ep65_f0-108
  Subtask: press the first button
  Frames: 0 - 108
============================================================
  Loaded 109 frames
  Prefix scoring: 52.9s
  Rewards: [0.14, 0.0, 0.59, 1.0, 0.72, 0.38, 0.55, 0.76]
  Failed regions: []
  Successful interval: 19-52
  Keyframes: [0, 19, 32, 52, 83]
  Success detected: True
  Confidence: 0.90

--- Segment 334/512 ---

============================================================
Segment: ButtonUnmaskSwap_ep65_f109-203
  Subtask: press the second button
  Frames: 109 - 203
============================================================
  Loaded 95 frames
  Prefix scoring: 52.6s
  Rewards: [0.0, 0.0, 0.33, 1.0, 0.75, 0.25, 0.83, 0.67]
  Failed regions: [[45, 81]]
  Successful interval: 65-81
  Keyframes: [18, 65, 81, 82, 94]
  Success detected: True
  Confidence: 0.64

--- Segment 335/512 ---

============================================================
Segment: ButtonUnmaskSwap_ep65_f204-306
  Subtask: pick up the container that hides the red cube
  Frames: 204 - 306
============================================================
  Loaded 103 frames
  Prefix scoring: 52.7s
  Rewards: [0.0, 0.05, 0.16, 0.3, 0.07, 0.33, 0.51, 1.0]
  Failed regions: [[49, 75]]
  Successful interval: 57-102
  Keyframes: [1, 57, 93, 102]
  Success detected: True
  Confidence: 0.91

--- Segment 336/512 ---

============================================================
Segment: ButtonUnmaskSwap_ep65_f307-356
  Subtask: put down the container
  Frames: 307 - 356
============================================================
  Loaded 50 frames
  Prefix scoring: 52.5s
  Rewards: [0.64, 0.0, 0.27, 0.27, 0.18, 0.32, 1.0, 0.64]
  Failed regions: [[5, 17], [23, 36]]
  Successful interval: 28-42
  Keyframes: [0, 28, 39, 42, 49]
  Success detected: True
  Confidence: 0.84

--- Segment 337/512 ---

============================================================
Segment: ButtonUnmaskSwap_ep65_f357-444
  Subtask: pick up the container that hides the blue cube
  Frames: 357 - 444
============================================================
  Loaded 88 frames
  Prefix scoring: 52.8s
  Rewards: [0.0, 0.0, 0.33, 0.36, 0.25, 0.44, 0.56, 1.0]
  Failed regions: [[41, 64]]
  Successful interval: 49-87
  Keyframes: [3, 49, 56, 87]
  Success detected: True
  Confidence: 0.83

--- Segment 338/512 ---

============================================================
Segment: ButtonUnmaskSwap_ep65_f357-454
  Subtask: pick up the container that hides the blue cube
  Frames: 357 - 454
============================================================
  Loaded 98 frames
  Prefix scoring: 53.0s
  Rewards: [0.0, 0.03, 0.39, 0.3, 0.48, 0.3, 1.0, 0.94]
  Failed regions: [[34, 59], [59, 84]]
  Successful interval: 67-84
  Keyframes: [2, 67, 84, 85, 97]
  Success detected: True
  Confidence: 0.79

--- Segment 339/512 ---

============================================================
Segment: ButtonUnmaskSwap_ep66_f0-116
  Subtask: press the first button
  Frames: 0 - 116
============================================================
  Loaded 117 frames
  Prefix scoring: 53.9s
  Rewards: [0.77, 0.54, 0.38, 0.92, 0.0, 1.0, 0.77, 0.31]
  Failed regions: [[11, 56], [56, 86]]
  Successful interval: 66-86
  Keyframes: [0, 66, 71, 86, 116]
  Success detected: True
  Confidence: 0.88

--- Segment 340/512 ---

============================================================
Segment: ButtonUnmaskSwap_ep66_f117-214
  Subtask: press the second button
  Frames: 117 - 214
============================================================
  Loaded 98 frames
  Prefix scoring: 52.8s
  Rewards: [0.48, 0.26, 0.19, 0.0, 0.59, 0.15, 1.0, 0.56]
  Failed regions: [[9, 59], [59, 84]]
  Successful interval: 67-84
  Keyframes: [14, 67, 84, 85, 97]
  Success detected: True
  Confidence: 0.86

--- Segment 341/512 ---

============================================================
Segment: ButtonUnmaskSwap_ep66_f215-318
  Subtask: pick up the container that hides the red cube
  Frames: 215 - 318
============================================================
  Loaded 104 frames
  Prefix scoring: 53.4s
  Rewards: [0.03, 0.0, 0.05, 0.4, 0.28, 0.25, 0.12, 1.0]
  Failed regions: [[49, 103]]
  Successful interval: 84-103
  Keyframes: [0, 84, 102, 103]
  Success detected: True
  Confidence: 0.90

--- Segment 342/512 ---

============================================================
Segment: ButtonUnmaskSwap_ep66_f215-329
  Subtask: pick up the container that hides the red cube
  Frames: 215 - 329
============================================================
  Loaded 115 frames
  Prefix scoring: 53.9s
  Rewards: [0.04, 0.0, 0.2, 0.35, 0.24, 0.17, 0.28, 1.0]
  Failed regions: [[55, 99]]
  Successful interval: 79-114
  Keyframes: [0, 79, 102, 114]
  Success detected: True
  Confidence: 0.87

--- Segment 343/512 ---

============================================================
Segment: ButtonUnmaskSwap_ep67_f0-114
  Subtask: press the first button
  Frames: 0 - 114
============================================================
  Loaded 115 frames
  Prefix scoring: 53.1s
  Rewards: [0.17, 0.17, 0.0, 0.35, 0.26, 0.43, 0.96, 1.0]
  Failed regions: [[55, 84]]
  Successful interval: 64-114
  Keyframes: [0, 64, 75, 114]
  Success detected: True
  Confidence: 0.81

--- Segment 344/512 ---

============================================================
Segment: ButtonUnmaskSwap_ep67_f115-211
  Subtask: press the second button
  Frames: 115 - 211
============================================================
  Loaded 97 frames
  Prefix scoring: 53.0s
  Rewards: [0.0, 0.26, 0.32, 0.79, 0.32, 0.74, 1.0, 0.68]
  Failed regions: [[46, 71]]
  Successful interval: 54-83
  Keyframes: [19, 54, 83, 84, 96]
  Success detected: True
  Confidence: 0.77

--- Segment 345/512 ---

============================================================
Segment: ButtonUnmaskSwap_ep67_f212-339
  Subtask: pick up the container that hides the green cube
  Frames: 212 - 339
============================================================
  Loaded 128 frames
  Prefix scoring: 54.8s
  Rewards: [0.0, 0.05, 0.13, 0.18, 0.38, 0.31, 0.59, 1.0]
  Failed regions: []
  Successful interval: 88-127
  Keyframes: [1, 88, 120, 127]
  Success detected: True
  Confidence: 0.81

--- Segment 346/512 ---

============================================================
Segment: ButtonUnmaskSwap_ep67_f340-380
  Subtask: put down the container
  Frames: 340 - 380
============================================================
  Loaded 41 frames
  Prefix scoring: 52.1s
  Rewards: [1.0, 0.62, 0.38, 0.12, 1.0, 0.0, 0.62, 0.25]
  Failed regions: [[4, 24]]
  Successful interval: 17-24
  Keyframes: [0, 17, 18, 24, 40]
  Success detected: True
  Confidence: 0.85

--- Segment 347/512 ---

============================================================
Segment: ButtonUnmaskSwap_ep67_f381-477
  Subtask: pick up the container that hides the blue cube
  Frames: 381 - 477
============================================================
  Loaded 97 frames
  Prefix scoring: 52.4s
  Rewards: [0.0, 0.18, 0.15, 0.12, 0.09, 0.09, 0.03, 1.0]
  Failed regions: []
  Successful interval: 79-96
  Keyframes: [19, 79, 96]
  Success detected: True
  Confidence: 0.95

--- Segment 348/512 ---

============================================================
Segment: ButtonUnmaskSwap_ep67_f381-484
  Subtask: pick up the container that hides the blue cube
  Frames: 381 - 484
============================================================
  Loaded 104 frames
  Prefix scoring: 52.2s
  Rewards: [0.0, 0.09, 0.21, 0.09, 0.05, 0.09, 0.07, 1.0]
  Failed regions: []
  Successful interval: 84-103
  Keyframes: [20, 84, 96, 103]
  Success detected: True
  Confidence: 0.93

--- Segment 349/512 ---

============================================================
Segment: ButtonUnmaskSwap_ep68_f0-116
  Subtask: press the first button
  Frames: 0 - 116
============================================================
  Loaded 117 frames
  Prefix scoring: 52.3s
  Rewards: [0.38, 0.12, 0.0, 0.81, 0.38, 0.25, 1.0, 0.31]
  Failed regions: [[11, 56], [56, 101]]
  Successful interval: 81-101
  Keyframes: [1, 81, 101, 102, 116]
  Success detected: True
  Confidence: 0.82

--- Segment 350/512 ---

============================================================
Segment: ButtonUnmaskSwap_ep68_f117-208
  Subtask: press the second button
  Frames: 117 - 208
============================================================
  Loaded 92 frames
  Prefix scoring: 52.1s
  Rewards: [0.0, 0.17, 0.58, 0.25, 0.92, 0.33, 0.92, 1.0]
  Failed regions: [[32, 55], [55, 79]]
  Successful interval: 63-91
  Keyframes: [11, 63, 80, 91]
  Success detected: True
  Confidence: 0.76

--- Segment 351/512 ---

============================================================
Segment: ButtonUnmaskSwap_ep68_f209-307
  Subtask: pick up the container that hides the green cube
  Frames: 209 - 307
============================================================
  Loaded 99 frames
  Prefix scoring: 52.3s
  Rewards: [0.0, 0.09, 0.15, 0.15, 0.15, 0.06, 0.36, 1.0]
  Failed regions: []
  Successful interval: 68-98
  Keyframes: [1, 68, 88, 98]
  Success detected: True
  Confidence: 0.93

--- Segment 352/512 ---

============================================================
Segment: ButtonUnmaskSwap_ep68_f308-358
  Subtask: put down the container
  Frames: 308 - 358
============================================================
  Loaded 51 frames
  Prefix scoring: 52.2s
  Rewards: [0.2, 0.35, 0.0, 0.7, 0.7, 0.35, 1.0, 0.6]
  Failed regions: [[11, 24], [30, 43]]
  Successful interval: 35-43
  Keyframes: [0, 35, 40, 43, 50]
  Success detected: True
  Confidence: 0.76

--- Segment 353/512 ---

============================================================
Segment: ButtonUnmaskSwap_ep68_f359-462
  Subtask: pick up the container that hides the red cube
  Frames: 359 - 462
============================================================
  Loaded 104 frames
  Prefix scoring: 52.3s
  Rewards: [0.0, 0.24, 0.24, 0.24, 0.24, 0.06, 0.4, 1.0]
  Failed regions: []
  Successful interval: 71-103
  Keyframes: [0, 71, 101, 103]
  Success detected: True
  Confidence: 0.92

--- Segment 354/512 ---

============================================================
Segment: ButtonUnmaskSwap_ep68_f359-475
  Subtask: pick up the container that hides the red cube
  Frames: 359 - 475
============================================================
  Loaded 117 frames
  Prefix scoring: 52.6s
  Rewards: [0.0, 0.26, 0.09, 0.23, 0.15, 0.28, 1.0, 0.77]
  Failed regions: [[26, 56]]
  Successful interval: 66-101
  Keyframes: [0, 66, 101, 102, 116]
  Success detected: True
  Confidence: 0.87

--- Segment 355/512 ---

============================================================
Segment: ButtonUnmaskSwap_ep69_f0-114
  Subtask: press the first button
  Frames: 0 - 114
============================================================
  Loaded 115 frames
  Prefix scoring: 52.4s
  Rewards: [0.38, 0.41, 0.48, 1.0, 0.34, 0.0, 0.24, 0.1]
  Failed regions: []
  Successful interval: 6-55
  Keyframes: [0, 6, 32, 55, 85]
  Success detected: True
  Confidence: 0.77

--- Segment 356/512 ---

============================================================
Segment: ButtonUnmaskSwap_ep69_f115-207
  Subtask: press the second button
  Frames: 115 - 207
============================================================
  Loaded 93 frames
  Prefix scoring: 52.1s
  Rewards: [0.22, 0.56, 0.33, 0.22, 0.11, 1.0, 0.67, 0.0]
  Failed regions: [[20, 68]]
  Successful interval: 52-68
  Keyframes: [17, 52, 53, 68, 91]
  Success detected: True
  Confidence: 0.88

--- Segment 357/512 ---

============================================================
Segment: ButtonUnmaskSwap_ep69_f208-304
  Subtask: pick up the container that hides the blue cube
  Frames: 208 - 304
============================================================
  Loaded 97 frames
  Prefix scoring: 52.1s
  Rewards: [0.0, 0.05, 0.24, 0.41, 0.34, 0.39, 0.83, 1.0]
  Failed regions: []
  Successful interval: 54-96
  Keyframes: [19, 54, 88, 96]
  Success detected: True
  Confidence: 0.78

--- Segment 358/512 ---

============================================================
Segment: ButtonUnmaskSwap_ep69_f305-352
  Subtask: put down the container
  Frames: 305 - 352
============================================================
  Loaded 48 frames
  Prefix scoring: 51.9s
  Rewards: [0.19, 0.19, 0.29, 0.0, 0.26, 0.68, 0.39, 1.0]
  Failed regions: [[16, 34], [34, 47]]
  Successful interval: 38-47
  Keyframes: [0, 38, 39, 47]
  Success detected: True
  Confidence: 0.77

--- Segment 359/512 ---

============================================================
Segment: ButtonUnmaskSwap_ep69_f353-442
  Subtask: pick up the container that hides the red cube
  Frames: 353 - 442
============================================================
  Loaded 90 frames
  Prefix scoring: 52.3s
  Rewards: [0.0, 0.32, 0.32, 0.32, 0.38, 0.15, 0.24, 1.0]
  Failed regions: [[54, 77]]
  Successful interval: 62-89
  Keyframes: [0, 62, 89]
  Success detected: True
  Confidence: 0.87

--- Segment 360/512 ---

============================================================
Segment: ButtonUnmaskSwap_ep69_f353-451
  Subtask: pick up the container that hides the red cube
  Frames: 353 - 451
============================================================
  Loaded 99 frames
  Prefix scoring: 52.3s
  Rewards: [0.0, 0.19, 0.22, 0.3, 0.22, 0.24, 0.76, 1.0]
  Failed regions: [[47, 72]]
  Successful interval: 55-98
  Keyframes: [1, 55, 89, 98]
  Success detected: True
  Confidence: 0.84

--- Segment 361/512 ---

============================================================
Segment: ButtonUnmaskSwap_ep70_f0-114
  Subtask: press the first button
  Frames: 0 - 114
============================================================
  Loaded 115 frames
  Prefix scoring: 53.1s
  Rewards: [0.43, 0.4, 1.0, 0.63, 0.0, 0.1, 0.4, 0.27]
  Failed regions: []
  Successful interval: 20-40
  Keyframes: [0, 20, 32, 40, 86]
  Success detected: True
  Confidence: 0.76

--- Segment 362/512 ---

============================================================
Segment: ButtonUnmaskSwap_ep70_f115-202
  Subtask: press the second button
  Frames: 115 - 202
============================================================
  Loaded 88 frames
  Prefix scoring: 52.1s
  Rewards: [0.0, 0.25, 0.2, 0.05, 0.85, 0.35, 1.0, 0.2]
  Failed regions: [[19, 53], [53, 75]]
  Successful interval: 60-75
  Keyframes: [11, 60, 75, 76, 87]
  Success detected: True
  Confidence: 0.79

--- Segment 363/512 ---

============================================================
Segment: ButtonUnmaskSwap_ep70_f203-310
  Subtask: pick up the container that hides the green cube
  Frames: 203 - 310
============================================================
  Loaded 108 frames
  Prefix scoring: 52.4s
  Rewards: [0.0, 0.08, 0.11, 0.22, 0.16, 0.22, 0.19, 1.0]
  Failed regions: []
  Successful interval: 88-107
  Keyframes: [0, 88, 107]
  Success detected: True
  Confidence: 0.88

--- Segment 364/512 ---

============================================================
Segment: ButtonUnmaskSwap_ep70_f203-321
  Subtask: pick up the container that hides the green cube
  Frames: 203 - 321
============================================================
  Loaded 119 frames
  Prefix scoring: 52.4s
  Rewards: [0.0, 0.0, 0.07, 0.22, 0.26, 0.33, 0.22, 1.0]
  Failed regions: [[87, 118]]
  Successful interval: 97-118
  Keyframes: [0, 97, 107, 118]
  Success detected: True
  Confidence: 0.86

--- Segment 365/512 ---

============================================================
Segment: ButtonUnmaskSwap_ep71_f0-112
  Subtask: press the first button
  Frames: 0 - 112
============================================================
  Loaded 113 frames
  Prefix scoring: 52.4s
  Rewards: [0.09, 0.0, 0.18, 1.0, 0.5, 0.5, 0.64, 0.32]
  Failed regions: []
  Successful interval: 20-54
  Keyframes: [2, 20, 32, 54, 83]
  Success detected: True
  Confidence: 0.92

--- Segment 366/512 ---

============================================================
Segment: ButtonUnmaskSwap_ep71_f113-204
  Subtask: press the second button
  Frames: 113 - 204
============================================================
  Loaded 92 frames
  Prefix scoring: 52.0s
  Rewards: [0.25, 0.5, 0.0, 0.08, 0.58, 0.67, 1.0, 0.33]
  Failed regions: [[20, 44]]
  Successful interval: 28-79
  Keyframes: [15, 28, 51, 79, 91]
  Success detected: True
  Confidence: 0.91

--- Segment 367/512 ---

============================================================
Segment: ButtonUnmaskSwap_ep71_f205-312
  Subtask: pick up the container that hides the green cube
  Frames: 205 - 312
============================================================
  Loaded 108 frames
  Prefix scoring: 52.2s
  Rewards: [0.0, 0.12, 0.07, 0.25, 0.07, 0.42, 0.47, 1.0]
  Failed regions: [[51, 79]]
  Successful interval: 60-107
  Keyframes: [20, 60, 98, 107]
  Success detected: True
  Confidence: 0.91

--- Segment 368/512 ---

============================================================
Segment: ButtonUnmaskSwap_ep71_f313-360
  Subtask: put down the container
  Frames: 313 - 360
============================================================
  Loaded 48 frames
  Prefix scoring: 52.2s
  Rewards: [0.17, 0.25, 0.0, 0.92, 1.0, 0.92, 0.33, 0.58]
  Failed regions: [[10, 22]]
  Successful interval: 14-28
  Keyframes: [0, 14, 15, 28, 47]
  Success detected: True
  Confidence: 0.90

--- Segment 369/512 ---

============================================================
Segment: ButtonUnmaskSwap_ep71_f361-466
  Subtask: pick up the container that hides the blue cube
  Frames: 361 - 466
============================================================
  Loaded 106 frames
  Prefix scoring: 52.4s
  Rewards: [0.0, 0.23, 0.1, 0.53, 0.23, 0.2, 0.27, 1.0]
  Failed regions: [[50, 91]]
  Successful interval: 72-105
  Keyframes: [9, 72, 105]
  Success detected: True
  Confidence: 0.86

--- Segment 370/512 ---

============================================================
Segment: ButtonUnmaskSwap_ep71_f361-478
  Subtask: pick up the container that hides the blue cube
  Frames: 361 - 478
============================================================
  Loaded 118 frames
  Prefix scoring: 52.3s
  Rewards: [0.0, 0.18, 0.18, 0.18, 0.26, 0.13, 0.68, 1.0]
  Failed regions: [[71, 101]]
  Successful interval: 81-117
  Keyframes: [9, 81, 105, 117]
  Success detected: True
  Confidence: 0.88

--- Segment 371/512 ---

============================================================
Segment: ButtonUnmaskSwap_ep72_f0-119
  Subtask: press the first button
  Frames: 0 - 119
============================================================
  Loaded 120 frames
  Prefix scoring: 52.3s
  Rewards: [0.27, 0.35, 1.0, 0.65, 0.27, 0.0, 0.92, 0.96]
  Failed regions: [[42, 103]]
  Successful interval: 82-119
  Keyframes: [0, 82, 102, 119]
  Success detected: True
  Confidence: 0.85

--- Segment 372/512 ---

============================================================
Segment: ButtonUnmaskSwap_ep72_f120-221
  Subtask: press the second button
  Frames: 120 - 221
============================================================
  Loaded 102 frames
  Prefix scoring: 52.1s
  Rewards: [0.15, 0.08, 0.0, 0.08, 0.77, 0.46, 0.38, 1.0]
  Failed regions: [[62, 101]]
  Successful interval: 83-101
  Keyframes: [12, 83, 89, 101]
  Success detected: True
  Confidence: 0.77

--- Segment 373/512 ---

============================================================
Segment: ButtonUnmaskSwap_ep72_f222-334
  Subtask: pick up the container that hides the green cube
  Frames: 222 - 334
============================================================
  Loaded 113 frames
  Prefix scoring: 52.1s
  Rewards: [0.0, 0.2, 0.2, 0.29, 0.06, 0.29, 0.49, 1.0]
  Failed regions: [[54, 83]]
  Successful interval: 63-112
  Keyframes: [0, 63, 71, 112]
  Success detected: True
  Confidence: 0.91

--- Segment 374/512 ---

============================================================
Segment: ButtonUnmaskSwap_ep72_f335-381
  Subtask: put down the container
  Frames: 335 - 381
============================================================
  Loaded 47 frames
  Prefix scoring: 52.1s
  Rewards: [0.3, 0.5, 0.3, 0.6, 0.8, 0.0, 0.6, 1.0]
  Failed regions: [[10, 28], [28, 40]]
  Successful interval: 32-46
  Keyframes: [1, 32, 41, 46]
  Success detected: True
  Confidence: 0.90

--- Segment 375/512 ---

============================================================
Segment: ButtonUnmaskSwap_ep72_f382-457
  Subtask: pick up the container that hides the red cube
  Frames: 382 - 457
============================================================
  Loaded 76 frames
  Prefix scoring: 52.1s
  Rewards: [0.0, 0.08, 0.35, 0.31, 0.46, 0.35, 0.6, 1.0]
  Failed regions: [[45, 65]]
  Successful interval: 52-75
  Keyframes: [0, 52, 72, 75]
  Success detected: True
  Confidence: 0.78

--- Segment 376/512 ---

============================================================
Segment: ButtonUnmaskSwap_ep72_f382-463
  Subtask: pick up the container that hides the red cube
  Frames: 382 - 463
============================================================
  Loaded 82 frames
  Prefix scoring: 52.1s
  Rewards: [0.0, 0.32, 0.47, 0.38, 0.53, 0.49, 0.89, 1.0]
  Failed regions: [[28, 49]]
  Successful interval: 56-81
  Keyframes: [2, 56, 74, 81]
  Success detected: True
  Confidence: 0.70

--- Segment 377/512 ---

============================================================
Segment: ButtonUnmaskSwap_ep73_f0-112
  Subtask: press the first button
  Frames: 0 - 112
============================================================
  Loaded 113 frames
  Prefix scoring: 52.4s
  Rewards: [0.16, 0.26, 0.05, 1.0, 0.74, 0.05, 0.37, 0.0]
  Failed regions: [[25, 54]]
  Successful interval: 34-54
  Keyframes: [0, 34, 49, 54, 83]
  Success detected: True
  Confidence: 0.91

--- Segment 378/512 ---

============================================================
Segment: ButtonUnmaskSwap_ep73_f113-206
  Subtask: press the second button
  Frames: 113 - 206
============================================================
  Loaded 94 frames
  Prefix scoring: 52.1s
  Rewards: [0.0, 1.0, 0.4, 0.9, 0.5, 0.5, 0.8, 0.3]
  Failed regions: [[21, 45], [45, 69], [45, 81]]
  Successful interval: 65-81
  Keyframes: [15, 65, 79, 81, 93]
  Success detected: True
  Confidence: 0.49

--- Segment 379/512 ---

============================================================
Segment: ButtonUnmaskSwap_ep73_f207-304
  Subtask: pick up the container that hides the green cube
  Frames: 207 - 304
============================================================
  Loaded 98 frames
  Prefix scoring: 52.4s
  Rewards: [0.0, 0.14, 0.17, 0.21, 0.24, 0.14, 0.33, 1.0]
  Failed regions: []
  Successful interval: 67-97
  Keyframes: [8, 67, 97]
  Success detected: True
  Confidence: 0.89

--- Segment 380/512 ---

============================================================
Segment: ButtonUnmaskSwap_ep73_f207-311
  Subtask: pick up the container that hides the green cube
  Frames: 207 - 311
============================================================
  Loaded 105 frames
  Prefix scoring: 52.1s
  Rewards: [0.0, 0.06, 0.21, 0.26, 0.18, 0.47, 0.47, 1.0]
  Failed regions: [[50, 77]]
  Successful interval: 85-104
  Keyframes: [5, 85, 96, 104]
  Success detected: True
  Confidence: 0.75

--- Segment 381/512 ---

============================================================
Segment: ButtonUnmaskSwap_ep74_f0-109
  Subtask: press the first button
  Frames: 0 - 109
============================================================
  Loaded 110 frames
  Prefix scoring: 52.2s
  Rewards: [0.21, 0.12, 0.0, 0.15, 0.18, 0.12, 0.45, 1.0]
  Failed regions: []
  Successful interval: 76-109
  Keyframes: [0, 76, 98, 109]
  Success detected: True
  Confidence: 0.90

--- Segment 382/512 ---

============================================================
Segment: ButtonUnmaskSwap_ep74_f110-208
  Subtask: press the second button
  Frames: 110 - 208
============================================================
  Loaded 99 frames
  Prefix scoring: 52.4s
  Rewards: [0.0, 0.0, 0.27, 0.41, 1.0, 0.45, 0.82, 0.55]
  Failed regions: [[59, 85]]
  Successful interval: 68-85
  Keyframes: [10, 68, 82, 85, 98]
  Success detected: True
  Confidence: 0.55

--- Segment 383/512 ---

============================================================
Segment: ButtonUnmaskSwap_ep74_f209-311
  Subtask: pick up the container that hides the green cube
  Frames: 209 - 311
============================================================
  Loaded 103 frames
  Prefix scoring: 52.3s
  Rewards: [0.0, 0.12, 0.14, 0.35, 0.26, 0.21, 0.35, 1.0]
  Failed regions: [[49, 88]]
  Successful interval: 70-102
  Keyframes: [5, 70, 102]
  Success detected: True
  Confidence: 0.86

--- Segment 384/512 ---

============================================================
Segment: ButtonUnmaskSwap_ep74_f209-317
  Subtask: pick up the container that hides the green cube
  Frames: 209 - 317
============================================================
  Loaded 109 frames
  Prefix scoring: 52.6s
  Rewards: [0.0, 0.08, 0.14, 0.28, 0.12, 0.2, 0.32, 1.0]
  Failed regions: [[52, 80]]
  Successful interval: 61-108
  Keyframes: [3, 61, 102, 108]
  Success detected: True
  Confidence: 0.90

--- Segment 385/512 ---

============================================================
Segment: ButtonUnmaskSwap_ep75_f0-108
  Subtask: press the first button
  Frames: 0 - 108
============================================================
  Loaded 109 frames
  Prefix scoring: 52.3s
  Rewards: [0.04, 0.0, 0.65, 1.0, 0.3, 0.0, 0.57, 0.91]
  Failed regions: [[52, 94]]
  Successful interval: 75-108
  Keyframes: [0, 75, 97, 108]
  Success detected: True
  Confidence: 0.83

--- Segment 386/512 ---

============================================================
Segment: ButtonUnmaskSwap_ep75_f109-202
  Subtask: press the second button
  Frames: 109 - 202
============================================================
  Loaded 94 frames
  Prefix scoring: 52.2s
  Rewards: [0.0, 0.6, 1.0, 0.2, 0.5, 0.3, 0.6, 0.5]
  Failed regions: []
  Successful interval: 5-33
  Keyframes: [0, 5, 16, 33, 57]
  Success detected: True
  Confidence: 0.91

--- Segment 387/512 ---

============================================================
Segment: ButtonUnmaskSwap_ep75_f203-301
  Subtask: pick up the container that hides the red cube
  Frames: 203 - 301
============================================================
  Loaded 99 frames
  Prefix scoring: 52.3s
  Rewards: [0.0, 0.15, 0.23, 0.23, 0.21, 0.15, 0.18, 1.0]
  Failed regions: []
  Successful interval: 68-98
  Keyframes: [3, 68, 91, 98]
  Success detected: True
  Confidence: 0.88

--- Segment 388/512 ---

============================================================
Segment: ButtonUnmaskSwap_ep75_f302-351
  Subtask: put down the container
  Frames: 302 - 351
============================================================
  Loaded 50 frames
  Prefix scoring: 52.8s
  Rewards: [0.26, 0.43, 0.0, 0.17, 0.13, 0.04, 1.0, 0.78]
  Failed regions: [[11, 23]]
  Successful interval: 34-42
  Keyframes: [6, 34, 39, 42, 49]
  Success detected: True
  Confidence: 0.91

--- Segment 389/512 ---

============================================================
Segment: ButtonUnmaskSwap_ep75_f352-448
  Subtask: pick up the container that hides the green cube
  Frames: 352 - 448
============================================================
  Loaded 97 frames
  Prefix scoring: 53.6s
  Rewards: [0.0, 0.09, 0.07, 0.2, 0.27, 0.18, 0.2, 1.0]
  Failed regions: [[58, 83]]
  Successful interval: 67-96
  Keyframes: [4, 67, 96]
  Success detected: True
  Confidence: 0.88

--- Segment 390/512 ---

============================================================
Segment: ButtonUnmaskSwap_ep75_f352-460
  Subtask: pick up the container that hides the green cube
  Frames: 352 - 460
============================================================
  Loaded 109 frames
  Prefix scoring: 53.3s
  Rewards: [0.0, 0.17, 0.02, 0.26, 0.28, 0.15, 1.0, 0.91]
  Failed regions: [[66, 94]]
  Successful interval: 75-94
  Keyframes: [0, 75, 94, 95, 108]
  Success detected: True
  Confidence: 0.87

--- Segment 391/512 ---

============================================================
Segment: ButtonUnmaskSwap_ep76_f0-112
  Subtask: press the first button
  Frames: 0 - 112
============================================================
  Loaded 113 frames
  Prefix scoring: 53.1s
  Rewards: [0.26, 0.11, 0.11, 0.95, 1.0, 0.0, 0.79, 0.21]
  Failed regions: [[11, 39], [11, 54]]
  Successful interval: 34-68
  Keyframes: [0, 34, 68, 69, 96]
  Success detected: True
  Confidence: 0.87

--- Segment 392/512 ---

============================================================
Segment: ButtonUnmaskSwap_ep76_f113-215
  Subtask: press the second button
  Frames: 113 - 215
============================================================
  Loaded 103 frames
  Prefix scoring: 53.2s
  Rewards: [0.19, 0.0, 0.33, 0.33, 0.67, 0.76, 1.0, 0.29]
  Failed regions: []
  Successful interval: 44-88
  Keyframes: [15, 44, 57, 88, 102]
  Success detected: True
  Confidence: 0.78

--- Segment 393/512 ---

============================================================
Segment: ButtonUnmaskSwap_ep76_f216-317
  Subtask: pick up the container that hides the red cube
  Frames: 216 - 317
============================================================
  Loaded 102 frames
  Prefix scoring: 53.3s
  Rewards: [0.18, 0.18, 0.41, 0.59, 0.09, 0.0, 0.0, 1.0]
  Failed regions: [[49, 88], [49, 101]]
  Successful interval: 83-101
  Keyframes: [9, 83, 101]
  Success detected: True
  Confidence: 0.94

--- Segment 394/512 ---

============================================================
Segment: ButtonUnmaskSwap_ep76_f216-326
  Subtask: pick up the container that hides the red cube
  Frames: 216 - 326
============================================================
  Loaded 111 frames
  Prefix scoring: 53.3s
  Rewards: [0.18, 0.35, 0.32, 0.5, 0.09, 0.24, 0.0, 1.0]
  Failed regions: [[53, 81]]
  Successful interval: 90-110
  Keyframes: [9, 90, 101, 110]
  Success detected: True
  Confidence: 0.93

--- Segment 395/512 ---

============================================================
Segment: ButtonUnmaskSwap_ep77_f0-114
  Subtask: press the first button
  Frames: 0 - 114
============================================================
  Loaded 115 frames
  Prefix scoring: 53.2s
  Rewards: [0.14, 0.0, 0.64, 1.0, 0.55, 0.27, 0.36, 0.09]
  Failed regions: []
  Successful interval: 20-55
  Keyframes: [0, 20, 32, 55, 83]
  Success detected: True
  Confidence: 0.92

--- Segment 396/512 ---

============================================================
Segment: ButtonUnmaskSwap_ep77_f115-208
  Subtask: press the second button
  Frames: 115 - 208
============================================================
  Loaded 94 frames
  Prefix scoring: 53.0s
  Rewards: [0.16, 0.26, 0.0, 0.05, 0.58, 0.89, 1.0, 0.74]
  Failed regions: [[21, 45]]
  Successful interval: 29-81
  Keyframes: [15, 29, 53, 81, 93]
  Success detected: True
  Confidence: 0.91

--- Segment 397/512 ---

============================================================
Segment: ButtonUnmaskSwap_ep77_f209-310
  Subtask: pick up the container that hides the blue cube
  Frames: 209 - 310
============================================================
  Loaded 102 frames
  Prefix scoring: 53.3s
  Rewards: [0.0, 0.12, 0.12, 0.21, 0.24, 0.33, 0.98, 1.0]
  Failed regions: []
  Successful interval: 31-101
  Keyframes: [20, 31, 92, 101]
  Success detected: True
  Confidence: 0.88

--- Segment 398/512 ---

============================================================
Segment: ButtonUnmaskSwap_ep77_f311-358
  Subtask: put down the container
  Frames: 311 - 358
============================================================
  Loaded 48 frames
  Prefix scoring: 53.1s
  Rewards: [0.27, 0.64, 0.73, 0.64, 1.0, 0.0, 0.27, 0.91]
  Failed regions: [[16, 28], [28, 40]]
  Successful interval: 32-47
  Keyframes: [0, 32, 38, 47]
  Success detected: True
  Confidence: 0.80

--- Segment 399/512 ---

============================================================
Segment: ButtonUnmaskSwap_ep77_f359-450
  Subtask: pick up the container that hides the red cube
  Frames: 359 - 450
============================================================
  Loaded 92 frames
  Prefix scoring: 53.1s
  Rewards: [0.0, 0.17, 0.15, 0.45, 0.33, 0.23, 0.3, 1.0]
  Failed regions: [[44, 79]]
  Successful interval: 63-91
  Keyframes: [3, 63, 91]
  Success detected: True
  Confidence: 0.84

--- Segment 400/512 ---

============================================================
Segment: ButtonUnmaskSwap_ep77_f359-457
  Subtask: pick up the container that hides the red cube
  Frames: 359 - 457
============================================================
  Loaded 99 frames
  Prefix scoring: 53.1s
  Rewards: [0.0, 0.24, 0.15, 0.39, 0.73, 0.33, 0.24, 1.0]
  Failed regions: [[59, 98]]
  Successful interval: 81-98
  Keyframes: [3, 81, 90, 98]
  Success detected: True
  Confidence: 0.83

--- Segment 401/512 ---

============================================================
Segment: ButtonUnmaskSwap_ep78_f0-114
  Subtask: press the first button
  Frames: 0 - 114
============================================================
  Loaded 115 frames
  Prefix scoring: 53.0s
  Rewards: [0.73, 0.53, 1.0, 0.87, 0.0, 0.8, 0.07, 0.13]
  Failed regions: [[11, 40], [40, 84]]
  Successful interval: 64-84
  Keyframes: [3, 64, 72, 84, 112]
  Success detected: True
  Confidence: 0.70

--- Segment 402/512 ---

============================================================
Segment: ButtonUnmaskSwap_ep78_f115-207
  Subtask: press the second button
  Frames: 115 - 207
============================================================
  Loaded 93 frames
  Prefix scoring: 52.1s
  Rewards: [0.25, 0.4, 0.0, 0.6, 0.75, 0.8, 1.0, 1.0]
  Failed regions: [[20, 44]]
  Successful interval: 28-80
  Keyframes: [13, 28, 49, 80, 92]
  Success detected: True
  Confidence: 0.88

--- Segment 403/512 ---

============================================================
Segment: ButtonUnmaskSwap_ep78_f208-303
  Subtask: pick up the container that hides the blue cube
  Frames: 208 - 303
============================================================
  Loaded 96 frames
  Prefix scoring: 52.3s
  Rewards: [0.0, 0.11, 0.16, 0.16, 0.3, 0.3, 0.38, 1.0]
  Failed regions: []
  Successful interval: 66-95
  Keyframes: [13, 66, 94, 95]
  Success detected: True
  Confidence: 0.82

--- Segment 404/512 ---

============================================================
Segment: ButtonUnmaskSwap_ep78_f208-310
  Subtask: pick up the container that hides the blue cube
  Frames: 208 - 310
============================================================
  Loaded 103 frames
  Prefix scoring: 52.5s
  Rewards: [0.0, 0.24, 0.27, 0.27, 0.3, 0.38, 0.54, 1.0]
  Failed regions: []
  Successful interval: 44-102
  Keyframes: [13, 44, 94, 102]
  Success detected: True
  Confidence: 0.82

--- Segment 405/512 ---

============================================================
Segment: ButtonUnmaskSwap_ep79_f0-109
  Subtask: press the first button
  Frames: 0 - 109
============================================================
  Loaded 110 frames
  Prefix scoring: 52.8s
  Rewards: [0.05, 0.02, 0.26, 0.36, 0.19, 0.0, 0.52, 1.0]
  Failed regions: [[53, 95]]
  Successful interval: 76-109
  Keyframes: [2, 76, 97, 109]
  Success detected: True
  Confidence: 0.94

--- Segment 406/512 ---

============================================================
Segment: ButtonUnmaskSwap_ep79_f110-208
  Subtask: press the second button
  Frames: 110 - 208
============================================================
  Loaded 99 frames
  Prefix scoring: 52.2s
  Rewards: [0.25, 0.12, 0.38, 0.0, 0.56, 1.0, 0.75, 0.44]
  Failed regions: [[9, 34], [34, 59]]
  Successful interval: 43-72
  Keyframes: [19, 43, 52, 72, 98]
  Success detected: True
  Confidence: 0.91

--- Segment 407/512 ---

============================================================
Segment: ButtonUnmaskSwap_ep79_f209-331
  Subtask: pick up the container that hides the red cube
  Frames: 209 - 331
============================================================
  Loaded 123 frames
  Prefix scoring: 52.2s
  Rewards: [0.0, 0.06, 0.22, 0.25, 0.28, 0.41, 0.47, 1.0]
  Failed regions: []
  Successful interval: 6-122
  Keyframes: [1, 6, 115, 122]
  Success detected: True
  Confidence: 0.93

--- Segment 408/512 ---

============================================================
Segment: ButtonUnmaskSwap_ep79_f332-372
  Subtask: put down the container
  Frames: 332 - 372
============================================================
  Loaded 41 frames
  Prefix scoring: 51.9s
  Rewards: [0.38, 0.15, 0.0, 0.08, 1.0, 1.0, 0.08, 0.31]
  Failed regions: [[4, 19]]
  Successful interval: 12-24
  Keyframes: [3, 12, 13, 24, 40]
  Success detected: True
  Confidence: 0.93

--- Segment 409/512 ---

============================================================
Segment: ButtonUnmaskSwap_ep79_f373-465
  Subtask: pick up the container that hides the blue cube
  Frames: 373 - 465
============================================================
  Loaded 93 frames
  Prefix scoring: 52.1s
  Rewards: [0.0, 0.0, 0.11, 0.48, 0.27, 0.34, 0.32, 1.0]
  Failed regions: [[44, 68]]
  Successful interval: 76-92
  Keyframes: [3, 76, 91, 92]
  Success detected: True
  Confidence: 0.81

--- Segment 410/512 ---

============================================================
Segment: ButtonUnmaskSwap_ep79_f373-472
  Subtask: pick up the container that hides the blue cube
  Frames: 373 - 472
============================================================
  Loaded 100 frames
  Prefix scoring: 52.3s
  Rewards: [0.0, 0.05, 0.05, 0.45, 0.27, 0.39, 0.36, 1.0]
  Failed regions: [[48, 73]]
  Successful interval: 81-99
  Keyframes: [3, 81, 91, 99]
  Success detected: True
  Confidence: 0.79

--- Segment 411/512 ---

============================================================
Segment: ButtonUnmaskSwap_ep80_f0-112
  Subtask: press the first button
  Frames: 0 - 112
============================================================
  Loaded 113 frames
  Prefix scoring: 52.5s
  Rewards: [0.0, 0.0, 0.76, 1.0, 0.67, 0.52, 0.52, 0.76]
  Failed regions: []
  Successful interval: 20-54
  Keyframes: [0, 20, 32, 54, 87]
  Success detected: True
  Confidence: 0.89

--- Segment 412/512 ---

============================================================
Segment: ButtonUnmaskSwap_ep80_f113-209
  Subtask: press the second button
  Frames: 113 - 209
============================================================
  Loaded 97 frames
  Prefix scoring: 52.1s
  Rewards: [0.0, 0.55, 0.82, 0.55, 0.36, 0.73, 1.0, 0.73]
  Failed regions: [[33, 71]]
  Successful interval: 54-83
  Keyframes: [13, 54, 55, 83, 96]
  Success detected: True
  Confidence: 0.74

--- Segment 413/512 ---

============================================================
Segment: ButtonUnmaskSwap_ep80_f210-296
  Subtask: pick up the container that hides the red cube
  Frames: 210 - 296
============================================================
  Loaded 87 frames
  Prefix scoring: 52.3s
  Rewards: [0.0, 0.12, 0.22, 0.12, 0.2, 0.41, 0.07, 1.0]
  Failed regions: [[63, 86]]
  Successful interval: 70-86
  Keyframes: [4, 70, 85, 86]
  Success detected: True
  Confidence: 0.92

--- Segment 414/512 ---

============================================================
Segment: ButtonUnmaskSwap_ep80_f210-303
  Subtask: pick up the container that hides the red cube
  Frames: 210 - 303
============================================================
  Loaded 94 frames
  Prefix scoring: 52.3s
  Rewards: [0.0, 0.06, 0.24, 0.0, 0.32, 0.44, 0.5, 1.0]
  Failed regions: []
  Successful interval: 41-93
  Keyframes: [11, 41, 85, 93]
  Success detected: True
  Confidence: 0.94

--- Segment 415/512 ---

============================================================
Segment: ButtonUnmaskSwap_ep81_f0-119
  Subtask: press the first button
  Frames: 0 - 119
============================================================
  Loaded 120 frames
  Prefix scoring: 52.7s
  Rewards: [0.31, 0.0, 1.0, 0.81, 0.69, 0.31, 1.0, 0.5]
  Failed regions: [[12, 42], [42, 103]]
  Successful interval: 82-103
  Keyframes: [2, 82, 103, 104, 119]
  Success detected: True
  Confidence: 0.76

--- Segment 416/512 ---

============================================================
Segment: ButtonUnmaskSwap_ep81_f120-212
  Subtask: press the second button
  Frames: 120 - 212
============================================================
  Loaded 93 frames
  Prefix scoring: 52.2s
  Rewards: [0.0, 0.25, 0.12, 0.69, 0.56, 1.0, 0.81, 0.69]
  Failed regions: [[20, 44], [44, 68]]
  Successful interval: 52-68
  Keyframes: [12, 52, 53, 68, 91]
  Success detected: True
  Confidence: 0.67

--- Segment 417/512 ---

============================================================
Segment: ButtonUnmaskSwap_ep81_f213-315
  Subtask: pick up the container that hides the red cube
  Frames: 213 - 315
============================================================
  Loaded 103 frames
  Prefix scoring: 52.2s
  Rewards: [0.0, 0.0, 0.11, 0.29, 0.14, 0.32, 0.79, 1.0]
  Failed regions: [[49, 75]]
  Successful interval: 57-102
  Keyframes: [11, 57, 102]
  Success detected: True
  Confidence: 0.88

--- Segment 418/512 ---

============================================================
Segment: ButtonUnmaskSwap_ep81_f213-323
  Subtask: pick up the container that hides the red cube
  Frames: 213 - 323
============================================================
  Loaded 111 frames
  Prefix scoring: 52.7s
  Rewards: [0.0, 0.09, 0.18, 0.32, 0.21, 0.38, 0.24, 1.0]
  Failed regions: [[53, 81], [81, 110]]
  Successful interval: 90-110
  Keyframes: [11, 90, 102, 110]
  Success detected: True
  Confidence: 0.85

--- Segment 419/512 ---

============================================================
Segment: ButtonUnmaskSwap_ep82_f0-116
  Subtask: press the first button
  Frames: 0 - 116
============================================================
  Loaded 117 frames
  Prefix scoring: 52.3s
  Rewards: [0.46, 0.46, 0.57, 1.0, 0.0, 0.37, 0.71, 0.14]
  Failed regions: []
  Successful interval: 21-56
  Keyframes: [0, 21, 32, 56, 86]
  Success detected: True
  Confidence: 0.72

--- Segment 420/512 ---

============================================================
Segment: ButtonUnmaskSwap_ep82_f117-209
  Subtask: press the second button
  Frames: 117 - 209
============================================================
  Loaded 93 frames
  Prefix scoring: 52.1s
  Rewards: [0.08, 0.46, 0.54, 0.0, 0.54, 0.92, 1.0, 0.62]
  Failed regions: [[32, 56]]
  Successful interval: 40-80
  Keyframes: [17, 40, 50, 80, 92]
  Success detected: True
  Confidence: 0.90

--- Segment 421/512 ---

============================================================
Segment: ButtonUnmaskSwap_ep82_f210-320
  Subtask: pick up the container that hides the green cube
  Frames: 210 - 320
============================================================
  Loaded 111 frames
  Prefix scoring: 52.3s
  Rewards: [0.0, 0.07, 0.07, 0.17, 0.07, 0.1, 0.15, 1.0]
  Failed regions: []
  Successful interval: 62-110
  Keyframes: [1, 62, 110]
  Success detected: True
  Confidence: 0.93

--- Segment 422/512 ---

============================================================
Segment: ButtonUnmaskSwap_ep82_f210-331
  Subtask: pick up the container that hides the green cube
  Frames: 210 - 331
============================================================
  Loaded 122 frames
  Prefix scoring: 52.3s
  Rewards: [0.0, 0.04, 0.18, 0.1, 0.1, 0.1, 0.04, 1.0]
  Failed regions: []
  Successful interval: 99-121
  Keyframes: [1, 99, 110, 121]
  Success detected: True
  Confidence: 0.94

--- Segment 423/512 ---

============================================================
Segment: ButtonUnmaskSwap_ep83_f0-108
  Subtask: press the first button
  Frames: 0 - 108
============================================================
  Loaded 109 frames
  Prefix scoring: 52.4s
  Rewards: [0.34, 0.34, 0.94, 0.46, 0.46, 0.0, 0.89, 1.0]
  Failed regions: [[38, 66], [66, 94]]
  Successful interval: 75-108
  Keyframes: [1, 75, 97, 108]
  Success detected: True
  Confidence: 0.89

--- Segment 424/512 ---

============================================================
Segment: ButtonUnmaskSwap_ep83_f109-207
  Subtask: press the second button
  Frames: 109 - 207
============================================================
  Loaded 99 frames
  Prefix scoring: 52.1s
  Rewards: [0.0, 0.29, 0.33, 0.25, 0.08, 0.54, 1.0, 0.21]
  Failed regions: [[34, 72]]
  Successful interval: 55-85
  Keyframes: [19, 55, 85, 86, 98]
  Success detected: True
  Confidence: 0.90

--- Segment 425/512 ---

============================================================
Segment: ButtonUnmaskSwap_ep83_f208-312
  Subtask: pick up the container that hides the red cube
  Frames: 208 - 312
============================================================
  Loaded 105 frames
  Prefix scoring: 53.1s
  Rewards: [0.0, 0.17, 0.19, 0.33, 0.21, 0.17, 0.17, 1.0]
  Failed regions: [[50, 90], [50, 104]]
  Successful interval: 85-104
  Keyframes: [0, 85, 96, 104]
  Success detected: True
  Confidence: 0.88

--- Segment 426/512 ---

============================================================
Segment: ButtonUnmaskSwap_ep83_f313-362
  Subtask: put down the container
  Frames: 313 - 362
============================================================
  Loaded 50 frames
  Prefix scoring: 52.2s
  Rewards: [0.0, 0.33, 0.42, 0.5, 0.0, 0.0, 0.75, 1.0]
  Failed regions: [[23, 36], [23, 42]]
  Successful interval: 34-49
  Keyframes: [0, 34, 39, 49]
  Success detected: True
  Confidence: 0.93

--- Segment 427/512 ---

============================================================
Segment: ButtonUnmaskSwap_ep83_f363-442
  Subtask: pick up the container that hides the blue cube
  Frames: 363 - 442
============================================================
  Loaded 80 frames
  Prefix scoring: 52.2s
  Rewards: [0.0, 0.02, 0.29, 0.12, 0.27, 0.21, 0.23, 1.0]
  Failed regions: [[28, 48]]
  Successful interval: 54-79
  Keyframes: [10, 54, 78, 79]
  Success detected: True
  Confidence: 0.86

--- Segment 428/512 ---

============================================================
Segment: ButtonUnmaskSwap_ep83_f363-449
  Subtask: pick up the container that hides the blue cube
  Frames: 363 - 449
============================================================
  Loaded 87 frames
  Prefix scoring: 52.2s
  Rewards: [0.0, 0.02, 0.25, 0.23, 0.21, 0.15, 1.0, 1.0]
  Failed regions: [[30, 74]]
  Successful interval: 59-74
  Keyframes: [8, 59, 74, 75, 86]
  Success detected: True
  Confidence: 0.87

--- Segment 429/512 ---

============================================================
Segment: ButtonUnmaskSwap_ep84_f0-118
  Subtask: press the first button
  Frames: 0 - 118
============================================================
  Loaded 119 frames
  Prefix scoring: 52.6s
  Rewards: [0.14, 0.23, 0.82, 0.77, 0.05, 0.0, 0.95, 1.0]
  Failed regions: [[41, 102]]
  Successful interval: 82-118
  Keyframes: [0, 82, 101, 118]
  Success detected: True
  Confidence: 0.90

--- Segment 430/512 ---

============================================================
Segment: ButtonUnmaskSwap_ep84_f119-207
  Subtask: press the second button
  Frames: 119 - 207
============================================================
  Loaded 89 frames
  Prefix scoring: 52.1s
  Rewards: [0.4, 0.8, 0.8, 1.0, 0.27, 0.73, 0.6, 0.0]
  Failed regions: []
  Successful interval: 26-42
  Keyframes: [9, 26, 42, 43, 64]
  Success detected: True
  Confidence: 0.56

--- Segment 431/512 ---

============================================================
Segment: ButtonUnmaskSwap_ep84_f208-305
  Subtask: pick up the container that hides the red cube
  Frames: 208 - 305
============================================================
  Loaded 98 frames
  Prefix scoring: 52.2s
  Rewards: [0.0, 0.1, 0.2, 0.23, 0.17, 0.07, 0.38, 1.0]
  Failed regions: []
  Successful interval: 67-97
  Keyframes: [3, 67, 96, 97]
  Success detected: True
  Confidence: 0.92

--- Segment 432/512 ---

============================================================
Segment: ButtonUnmaskSwap_ep84_f208-312
  Subtask: pick up the container that hides the red cube
  Frames: 208 - 312
============================================================
  Loaded 105 frames
  Prefix scoring: 52.2s
  Rewards: [0.0, 0.09, 0.2, 0.16, 0.16, 0.29, 0.38, 1.0]
  Failed regions: []
  Successful interval: 58-104
  Keyframes: [3, 58, 96, 104]
  Success detected: True
  Confidence: 0.88

--- Segment 433/512 ---

============================================================
Segment: ButtonUnmaskSwap_ep85_f0-113
  Subtask: press the first button
  Frames: 0 - 113
============================================================
  Loaded 114 frames
  Prefix scoring: 52.1s
  Rewards: [0.08, 0.0, 0.58, 1.0, 0.42, 0.25, 0.42, 0.17]
  Failed regions: []
  Successful interval: 20-54
  Keyframes: [0, 20, 32, 54, 87]
  Success detected: True
  Confidence: 0.93

--- Segment 434/512 ---

============================================================
Segment: ButtonUnmaskSwap_ep85_f114-209
  Subtask: press the second button
  Frames: 114 - 209
============================================================
  Loaded 96 frames
  Prefix scoring: 52.0s
  Rewards: [0.0, 0.62, 0.38, 0.69, 0.77, 0.62, 1.0, 0.77]
  Failed regions: [[21, 58], [58, 82]]
  Successful interval: 66-82
  Keyframes: [12, 66, 82, 83, 95]
  Success detected: True
  Confidence: 0.63

--- Segment 435/512 ---

============================================================
Segment: ButtonUnmaskSwap_ep85_f210-317
  Subtask: pick up the container that hides the red cube
  Frames: 210 - 317
============================================================
  Loaded 108 frames
  Prefix scoring: 52.4s
  Rewards: [0.03, 0.0, 0.13, 0.13, 0.19, 0.48, 0.87, 1.0]
  Failed regions: []
  Successful interval: 46-107
  Keyframes: [18, 46, 99, 107]
  Success detected: True
  Confidence: 0.88

--- Segment 436/512 ---

============================================================
Segment: ButtonUnmaskSwap_ep85_f318-365
  Subtask: put down the container
  Frames: 318 - 365
============================================================
  Loaded 48 frames
  Prefix scoring: 52.0s
  Rewards: [0.0, 0.89, 0.22, 0.44, 0.83, 1.0, 0.56, 0.94]
  Failed regions: [[10, 34], [34, 47]]
  Successful interval: 38-47
  Keyframes: [0, 38, 39, 47]
  Success detected: True
  Confidence: 0.60

--- Segment 437/512 ---

============================================================
Segment: ButtonUnmaskSwap_ep85_f366-446
  Subtask: pick up the container that hides the blue cube
  Frames: 366 - 446
============================================================
  Loaded 81 frames
  Prefix scoring: 52.1s
  Rewards: [0.0, 0.29, 0.37, 0.53, 0.61, 0.55, 0.53, 1.0]
  Failed regions: []
  Successful interval: 65-80
  Keyframes: [13, 65, 79, 80]
  Success detected: True
  Confidence: 0.69

--- Segment 438/512 ---

============================================================
Segment: ButtonUnmaskSwap_ep85_f366-453
  Subtask: pick up the container that hides the blue cube
  Frames: 366 - 453
============================================================
  Loaded 88 frames
  Prefix scoring: 52.2s
  Rewards: [0.0, 0.09, 0.33, 0.44, 0.36, 0.2, 0.76, 1.0]
  Failed regions: [[41, 75]]
  Successful interval: 60-87
  Keyframes: [9, 60, 79, 87]
  Success detected: True
  Confidence: 0.84

--- Segment 439/512 ---

============================================================
Segment: ButtonUnmaskSwap_ep86_f0-108
  Subtask: press the first button
  Frames: 0 - 108
============================================================
  Loaded 109 frames
  Prefix scoring: 52.4s
  Rewards: [0.41, 0.44, 0.56, 1.0, 0.22, 0.0, 0.56, 1.0]
  Failed regions: [[52, 94]]
  Successful interval: 75-108
  Keyframes: [7, 75, 97, 108]
  Success detected: True
  Confidence: 0.90

--- Segment 440/512 ---

============================================================
Segment: ButtonUnmaskSwap_ep86_f109-208
  Subtask: press the second button
  Frames: 109 - 208
============================================================
  Loaded 100 frames
  Prefix scoring: 52.1s
  Rewards: [0.79, 0.89, 0.79, 0.47, 0.0, 0.84, 1.0, 0.53]
  Failed regions: [[22, 73]]
  Successful interval: 55-86
  Keyframes: [20, 55, 56, 86, 99]
  Success detected: True
  Confidence: 0.87

--- Segment 441/512 ---

============================================================
Segment: ButtonUnmaskSwap_ep86_f209-299
  Subtask: pick up the container that hides the blue cube
  Frames: 209 - 299
============================================================
  Loaded 91 frames
  Prefix scoring: 52.2s
  Rewards: [0.0, 0.14, 0.32, 0.19, 0.54, 0.54, 0.32, 1.0]
  Failed regions: [[32, 55], [66, 90]]
  Successful interval: 74-90
  Keyframes: [9, 74, 89, 90]
  Success detected: True
  Confidence: 0.79

--- Segment 442/512 ---

============================================================
Segment: ButtonUnmaskSwap_ep86_f209-306
  Subtask: pick up the container that hides the blue cube
  Frames: 209 - 306
============================================================
  Loaded 98 frames
  Prefix scoring: 52.3s
  Rewards: [0.0, 0.14, 0.14, 0.54, 0.71, 0.57, 0.57, 1.0]
  Failed regions: [[59, 84], [59, 97]]
  Successful interval: 80-97
  Keyframes: [11, 80, 89, 97]
  Success detected: True
  Confidence: 0.68

--- Segment 443/512 ---

============================================================
Segment: ButtonUnmaskSwap_ep87_f0-117
  Subtask: press the first button
  Frames: 0 - 117
============================================================
  Loaded 118 frames
  Prefix scoring: 52.3s
  Rewards: [0.28, 0.32, 0.76, 1.0, 0.0, 0.08, 0.2, 0.88]
  Failed regions: [[56, 86]]
  Successful interval: 66-117
  Keyframes: [0, 66, 72, 117]
  Success detected: True
  Confidence: 0.79

--- Segment 444/512 ---

============================================================
Segment: ButtonUnmaskSwap_ep87_f118-213
  Subtask: press the second button
  Frames: 118 - 213
============================================================
  Loaded 96 frames
  Prefix scoring: 52.5s
  Rewards: [0.05, 0.0, 0.0, 0.67, 0.43, 0.67, 1.0, 0.71]
  Failed regions: [[45, 70]]
  Successful interval: 54-82
  Keyframes: [9, 54, 82, 83, 95]
  Success detected: True
  Confidence: 0.74

--- Segment 445/512 ---

============================================================
Segment: ButtonUnmaskSwap_ep87_f214-310
  Subtask: pick up the container that hides the red cube
  Frames: 214 - 310
============================================================
  Loaded 97 frames
  Prefix scoring: 52.2s
  Rewards: [0.13, 0.09, 0.2, 0.0, 0.15, 0.2, 0.24, 1.0]
  Failed regions: []
  Successful interval: 42-96
  Keyframes: [11, 42, 88, 96]
  Success detected: True
  Confidence: 0.95

--- Segment 446/512 ---

============================================================
Segment: ButtonUnmaskSwap_ep87_f311-358
  Subtask: put down the container
  Frames: 311 - 358
============================================================
  Loaded 48 frames
  Prefix scoring: 52.0s
  Rewards: [0.28, 0.45, 1.0, 0.1, 0.0, 0.28, 0.07, 0.45]
  Failed regions: []
  Successful interval: 2-16
  Keyframes: [0, 2, 12, 16, 45]
  Success detected: True
  Confidence: 0.82

--- Segment 447/512 ---

============================================================
Segment: ButtonUnmaskSwap_ep87_f359-435
  Subtask: pick up the container that hides the blue cube
  Frames: 359 - 435
============================================================
  Loaded 77 frames
  Prefix scoring: 52.2s
  Rewards: [0.04, 0.0, 0.15, 0.11, 0.24, 0.26, 0.15, 1.0]
  Failed regions: [[56, 76]]
  Successful interval: 63-76
  Keyframes: [0, 63, 75, 76]
  Success detected: True
  Confidence: 0.89

--- Segment 448/512 ---

============================================================
Segment: ButtonUnmaskSwap_ep87_f359-442
  Subtask: pick up the container that hides the blue cube
  Frames: 359 - 442
============================================================
  Loaded 84 frames
  Prefix scoring: 52.2s
  Rewards: [0.0, 0.05, 0.16, 0.11, 0.27, 0.39, 1.0, 1.0]
  Failed regions: []
  Successful interval: 36-72
  Keyframes: [7, 36, 46, 72, 83]
  Success detected: True
  Confidence: 0.88

--- Segment 449/512 ---

============================================================
Segment: ButtonUnmaskSwap_ep88_f0-120
  Subtask: press the first button
  Frames: 0 - 120
============================================================
  Loaded 121 frames
  Prefix scoring: 52.6s
  Rewards: [0.26, 0.32, 1.0, 0.61, 0.37, 0.0, 0.58, 0.0]
  Failed regions: []
  Successful interval: 6-42
  Keyframes: [1, 6, 32, 42, 84]
  Success detected: True
  Confidence: 0.82

--- Segment 450/512 ---

============================================================
Segment: ButtonUnmaskSwap_ep88_f121-213
  Subtask: press the second button
  Frames: 121 - 213
============================================================
  Loaded 93 frames
  Prefix scoring: 52.2s
  Rewards: [0.0, 0.3, 0.39, 0.48, 1.0, 0.74, 0.91, 0.65]
  Failed regions: [[56, 80]]
  Successful interval: 64-80
  Keyframes: [11, 64, 80, 81, 92]
  Success detected: True
  Confidence: 0.51

--- Segment 451/512 ---

============================================================
Segment: ButtonUnmaskSwap_ep88_f214-307
  Subtask: pick up the container that hides the red cube
  Frames: 214 - 307
============================================================
  Loaded 94 frames
  Prefix scoring: 52.2s
  Rewards: [0.0, 0.15, 0.23, 0.18, 0.21, 0.18, 0.38, 1.0]
  Failed regions: []
  Successful interval: 65-93
  Keyframes: [0, 65, 91, 93]
  Success detected: True
  Confidence: 0.87

--- Segment 452/512 ---

============================================================
Segment: ButtonUnmaskSwap_ep88_f214-315
  Subtask: pick up the container that hides the red cube
  Frames: 214 - 315
============================================================
  Loaded 102 frames
  Prefix scoring: 52.1s
  Rewards: [0.0, 0.1, 0.1, 0.21, 0.14, 0.33, 0.4, 1.0]
  Failed regions: []
  Successful interval: 57-101
  Keyframes: [7, 57, 91, 101]
  Success detected: True
  Confidence: 0.89

--- Segment 453/512 ---

============================================================
Segment: ButtonUnmaskSwap_ep89_f0-116
  Subtask: press the first button
  Frames: 0 - 116
============================================================
  Loaded 117 frames
  Prefix scoring: 52.5s
  Rewards: [0.36, 0.41, 0.59, 1.0, 0.5, 0.45, 0.41, 0.0]
  Failed regions: []
  Successful interval: 6-56
  Keyframes: [0, 6, 32, 56, 89]
  Success detected: True
  Confidence: 0.76

--- Segment 454/512 ---

============================================================
Segment: ButtonUnmaskSwap_ep89_f117-214
  Subtask: press the second button
  Frames: 117 - 214
============================================================
  Loaded 98 frames
  Prefix scoring: 52.1s
  Rewards: [0.36, 0.32, 0.36, 0.0, 0.36, 1.0, 0.95, 0.55]
  Failed regions: [[34, 59]]
  Successful interval: 42-71
  Keyframes: [15, 42, 52, 71, 95]
  Success detected: True
  Confidence: 0.90

--- Segment 455/512 ---

============================================================
Segment: ButtonUnmaskSwap_ep89_f215-314
  Subtask: pick up the container that hides the green cube
  Frames: 215 - 314
============================================================
  Loaded 100 frames
  Prefix scoring: 52.3s
  Rewards: [0.0, 0.07, 0.05, 0.23, 0.48, 0.14, 0.36, 1.0]
  Failed regions: [[60, 86]]
  Successful interval: 68-99
  Keyframes: [9, 68, 91, 99]
  Success detected: True
  Confidence: 0.89

--- Segment 456/512 ---

============================================================
Segment: ButtonUnmaskSwap_ep89_f315-362
  Subtask: put down the container
  Frames: 315 - 362
============================================================
  Loaded 48 frames
  Prefix scoring: 52.0s
  Rewards: [0.0, 0.12, 0.21, 0.29, 0.29, 0.0, 0.08, 1.0]
  Failed regions: [[28, 40]]
  Successful interval: 32-47
  Keyframes: [0, 32, 38, 47]
  Success detected: True
  Confidence: 0.95

--- Segment 457/512 ---

============================================================
Segment: ButtonUnmaskSwap_ep89_f363-449
  Subtask: pick up the container that hides the red cube
  Frames: 363 - 449
============================================================
  Loaded 87 frames
  Prefix scoring: 52.2s
  Rewards: [0.0, 0.06, 0.18, 0.16, 0.31, 0.27, 0.31, 1.0]
  Failed regions: []
  Successful interval: 59-86
  Keyframes: [3, 59, 84, 86]
  Success detected: True
  Confidence: 0.83

--- Segment 458/512 ---

============================================================
Segment: ButtonUnmaskSwap_ep89_f363-458
  Subtask: pick up the container that hides the red cube
  Frames: 363 - 458
============================================================
  Loaded 96 frames
  Prefix scoring: 52.3s
  Rewards: [0.0, 0.04, 0.16, 0.33, 0.41, 0.37, 0.43, 1.0]
  Failed regions: []
  Successful interval: 66-95
  Keyframes: [3, 66, 84, 95]
  Success detected: True
  Confidence: 0.78

--- Segment 459/512 ---

============================================================
Segment: ButtonUnmaskSwap_ep90_f0-119
  Subtask: press the first button
  Frames: 0 - 119
============================================================
  Loaded 120 frames
  Prefix scoring: 52.6s
  Rewards: [0.52, 0.45, 0.83, 0.45, 0.0, 0.55, 1.0, 0.97]
  Failed regions: [[42, 88]]
  Successful interval: 67-103
  Keyframes: [2, 67, 75, 103, 119]
  Success detected: True
  Confidence: 0.88

--- Segment 460/512 ---

============================================================
Segment: ButtonUnmaskSwap_ep90_f120-214
  Subtask: press the second button
  Frames: 120 - 214
============================================================
  Loaded 95 frames
  Prefix scoring: 52.2s
  Rewards: [0.22, 0.0, 0.44, 0.39, 0.61, 1.0, 0.94, 0.72]
  Failed regions: []
  Successful interval: 41-69
  Keyframes: [16, 41, 50, 69, 92]
  Success detected: True
  Confidence: 0.74

--- Segment 461/512 ---

============================================================
Segment: ButtonUnmaskSwap_ep90_f215-313
  Subtask: pick up the container that hides the blue cube
  Frames: 215 - 313
============================================================
  Loaded 99 frames
  Prefix scoring: 52.3s
  Rewards: [0.0, 0.17, 0.08, 0.11, 0.33, 0.42, 0.19, 1.0]
  Failed regions: [[72, 98]]
  Successful interval: 81-98
  Keyframes: [14, 81, 97, 98]
  Success detected: True
  Confidence: 0.86

--- Segment 462/512 ---

============================================================
Segment: ButtonUnmaskSwap_ep90_f215-320
  Subtask: pick up the container that hides the blue cube
  Frames: 215 - 320
============================================================
  Loaded 106 frames
  Prefix scoring: 52.4s
  Rewards: [0.0, 0.18, 0.18, 0.21, 0.27, 0.48, 0.3, 1.0]
  Failed regions: [[77, 105]]
  Successful interval: 86-105
  Keyframes: [15, 86, 97, 105]
  Success detected: True
  Confidence: 0.81

--- Segment 463/512 ---

============================================================
Segment: ButtonUnmaskSwap_ep91_f0-109
  Subtask: press the first button
  Frames: 0 - 109
============================================================
  Loaded 110 frames
  Prefix scoring: 52.3s
  Rewards: [0.26, 0.26, 0.21, 0.55, 0.16, 0.0, 0.68, 1.0]
  Failed regions: [[53, 95]]
  Successful interval: 76-109
  Keyframes: [0, 76, 97, 109]
  Success detected: True
  Confidence: 0.92

--- Segment 464/512 ---

============================================================
Segment: ButtonUnmaskSwap_ep91_f110-199
  Subtask: press the second button
  Frames: 110 - 199
============================================================
  Loaded 90 frames
  Prefix scoring: 52.3s
  Rewards: [0.0, 0.25, 0.42, 0.5, 0.67, 1.0, 1.0, 0.25]
  Failed regions: []
  Successful interval: 5-66
  Keyframes: [0, 5, 48, 66, 88]
  Success detected: True
  Confidence: 0.90

--- Segment 465/512 ---

============================================================
Segment: ButtonUnmaskSwap_ep91_f200-314
  Subtask: pick up the container that hides the red cube
  Frames: 200 - 314
============================================================
  Loaded 115 frames
  Prefix scoring: 52.4s
  Rewards: [0.0, 0.02, 0.02, 0.4, 0.16, 0.44, 0.35, 1.0]
  Failed regions: [[55, 84], [84, 114]]
  Successful interval: 94-114
  Keyframes: [23, 94, 108, 114]
  Success detected: True
  Confidence: 0.80

--- Segment 466/512 ---

============================================================
Segment: ButtonUnmaskSwap_ep91_f315-355
  Subtask: put down the container
  Frames: 315 - 355
============================================================
  Loaded 41 frames
  Prefix scoring: 52.1s
  Rewards: [0.18, 0.27, 0.0, 0.18, 0.45, 0.91, 0.73, 1.0]
  Failed regions: [[9, 29], [29, 40]]
  Successful interval: 32-40
  Keyframes: [1, 32, 33, 40]
  Success detected: True
  Confidence: 0.62

--- Segment 467/512 ---

============================================================
Segment: ButtonUnmaskSwap_ep91_f356-452
  Subtask: pick up the container that hides the blue cube
  Frames: 356 - 452
============================================================
  Loaded 97 frames
  Prefix scoring: 52.1s
  Rewards: [0.03, 0.12, 0.05, 0.1, 0.2, 0.3, 0.0, 1.0]
  Failed regions: [[71, 96]]
  Successful interval: 79-96
  Keyframes: [1, 79, 96]
  Success detected: True
  Confidence: 0.95

--- Segment 468/512 ---

============================================================
Segment: ButtonUnmaskSwap_ep91_f356-463
  Subtask: pick up the container that hides the blue cube
  Frames: 356 - 463
============================================================
  Loaded 108 frames
  Prefix scoring: 52.3s
  Rewards: [0.21, 0.27, 0.21, 0.17, 0.35, 0.0, 1.0, 0.98]
  Failed regions: [[23, 65], [65, 93]]
  Successful interval: 74-93
  Keyframes: [1, 74, 93, 94, 107]
  Success detected: True
  Confidence: 0.92

--- Segment 469/512 ---

============================================================
Segment: ButtonUnmaskSwap_ep92_f0-108
  Subtask: press the first button
  Frames: 0 - 108
============================================================
  Loaded 109 frames
  Prefix scoring: 52.3s
  Rewards: [0.14, 0.1, 0.1, 0.33, 0.0, 0.05, 0.52, 1.0]
  Failed regions: [[52, 80]]
  Successful interval: 61-108
  Keyframes: [3, 61, 97, 108]
  Success detected: True
  Confidence: 0.94

--- Segment 470/512 ---

============================================================
Segment: ButtonUnmaskSwap_ep92_f109-197
  Subtask: press the second button
  Frames: 109 - 197
============================================================
  Loaded 89 frames
  Prefix scoring: 52.0s
  Rewards: [0.0, 0.47, 0.63, 0.47, 0.58, 0.84, 1.0, 0.63]
  Failed regions: [[30, 53]]
  Successful interval: 38-76
  Keyframes: [12, 38, 49, 76, 88]
  Success detected: True
  Confidence: 0.69

--- Segment 471/512 ---

============================================================
Segment: ButtonUnmaskSwap_ep92_f198-313
  Subtask: pick up the container that hides the red cube
  Frames: 198 - 313
============================================================
  Loaded 116 frames
  Prefix scoring: 52.3s
  Rewards: [0.0, 0.24, 0.44, 0.41, 0.32, 0.41, 0.32, 1.0]
  Failed regions: [[40, 85], [85, 115]]
  Successful interval: 95-115
  Keyframes: [2, 95, 108, 115]
  Success detected: True
  Confidence: 0.79

--- Segment 472/512 ---

============================================================
Segment: ButtonUnmaskSwap_ep92_f314-354
  Subtask: put down the container
  Frames: 314 - 354
============================================================
  Loaded 41 frames
  Prefix scoring: 52.1s
  Rewards: [0.83, 1.0, 0.38, 0.58, 0.12, 0.0, 0.12, 0.38]
  Failed regions: []
  Successful interval: 2-9
  Keyframes: [0, 2, 9, 10, 23]
  Success detected: True
  Confidence: 0.58

--- Segment 473/512 ---

============================================================
Segment: ButtonUnmaskSwap_ep92_f355-445
  Subtask: pick up the container that hides the green cube
  Frames: 355 - 445
============================================================
  Loaded 91 frames
  Prefix scoring: 52.1s
  Rewards: [0.0, 0.04, 0.15, 0.27, 0.38, 0.31, 0.29, 1.0]
  Failed regions: [[55, 90]]
  Successful interval: 74-90
  Keyframes: [6, 74, 88, 90]
  Success detected: True
  Confidence: 0.82

--- Segment 474/512 ---

============================================================
Segment: ButtonUnmaskSwap_ep92_f355-452
  Subtask: pick up the container that hides the green cube
  Frames: 355 - 452
============================================================
  Loaded 98 frames
  Prefix scoring: 52.3s
  Rewards: [0.0, 0.1, 0.16, 0.24, 0.39, 0.22, 0.82, 1.0]
  Failed regions: [[59, 84]]
  Successful interval: 67-97
  Keyframes: [4, 67, 89, 97]
  Success detected: True
  Confidence: 0.84

--- Segment 475/512 ---

============================================================
Segment: ButtonUnmaskSwap_ep93_f0-115
  Subtask: press the first button
  Frames: 0 - 115
============================================================
  Loaded 116 frames
  Prefix scoring: 52.3s
  Rewards: [0.18, 0.0, 0.65, 0.88, 0.59, 0.12, 0.94, 1.0]
  Failed regions: [[55, 100]]
  Successful interval: 80-115
  Keyframes: [0, 80, 103, 115]
  Success detected: True
  Confidence: 0.84

--- Segment 476/512 ---

============================================================
Segment: ButtonUnmaskSwap_ep93_f116-212
  Subtask: press the second button
  Frames: 116 - 212
============================================================
  Loaded 97 frames
  Prefix scoring: 52.2s
  Rewards: [0.07, 0.0, 0.43, 0.0, 0.5, 1.0, 0.86, 0.0]
  Failed regions: [[33, 58]]
  Successful interval: 42-71
  Keyframes: [14, 42, 53, 71, 95]
  Success detected: True
  Confidence: 0.93

--- Segment 477/512 ---

============================================================
Segment: ButtonUnmaskSwap_ep93_f213-323
  Subtask: pick up the container that hides the red cube
  Frames: 213 - 323
============================================================
  Loaded 111 frames
  Prefix scoring: 52.4s
  Rewards: [0.0, 0.03, 0.03, 0.13, 0.03, 0.4, 0.3, 1.0]
  Failed regions: [[81, 110]]
  Successful interval: 90-110
  Keyframes: [7, 90, 103, 110]
  Success detected: True
  Confidence: 0.83

--- Segment 478/512 ---

============================================================
Segment: ButtonUnmaskSwap_ep93_f324-364
  Subtask: put down the container
  Frames: 324 - 364
============================================================
  Loaded 41 frames
  Prefix scoring: 52.0s
  Rewards: [0.0, 0.26, 0.0, 0.26, 0.47, 0.11, 0.32, 1.0]
  Failed regions: [[9, 24], [24, 34]]
  Successful interval: 27-40
  Keyframes: [0, 27, 36, 40]
  Success detected: True
  Confidence: 0.90

--- Segment 479/512 ---

============================================================
Segment: ButtonUnmaskSwap_ep93_f365-457
  Subtask: pick up the container that hides the green cube
  Frames: 365 - 457
============================================================
  Loaded 93 frames
  Prefix scoring: 52.2s
  Rewards: [0.2, 0.24, 0.0, 0.2, 0.09, 0.18, 0.18, 1.0]
  Failed regions: []
  Successful interval: 76-92
  Keyframes: [6, 76, 92]
  Success detected: True
  Confidence: 0.88

--- Segment 480/512 ---

============================================================
Segment: ButtonUnmaskSwap_ep93_f365-464
  Subtask: pick up the container that hides the green cube
  Frames: 365 - 464
============================================================
  Loaded 100 frames
  Prefix scoring: 52.2s
  Rewards: [0.18, 0.34, 0.0, 0.16, 0.34, 0.18, 0.86, 1.0]
  Failed regions: [[22, 60], [60, 86]]
  Successful interval: 68-99
  Keyframes: [6, 68, 91, 99]
  Success detected: True
  Confidence: 0.85

--- Segment 481/512 ---

============================================================
Segment: ButtonUnmaskSwap_ep94_f0-111
  Subtask: press the first button
  Frames: 0 - 111
============================================================
  Loaded 112 frames
  Prefix scoring: 53.0s
  Rewards: [0.18, 0.06, 0.47, 1.0, 0.0, 0.0, 1.0, 0.88]
  Failed regions: [[53, 82], [53, 96]]
  Successful interval: 77-96
  Keyframes: [1, 77, 96, 97, 111]
  Success detected: True
  Confidence: 0.91

--- Segment 482/512 ---

============================================================
Segment: ButtonUnmaskSwap_ep94_f112-214
  Subtask: press the second button
  Frames: 112 - 214
============================================================
  Loaded 103 frames
  Prefix scoring: 52.2s
  Rewards: [0.36, 0.36, 0.5, 0.36, 1.0, 0.5, 0.93, 0.0]
  Failed regions: [[36, 62], [62, 88]]
  Successful interval: 70-88
  Keyframes: [14, 70, 88, 89, 102]
  Success detected: True
  Confidence: 0.63

--- Segment 483/512 ---

============================================================
Segment: ButtonUnmaskSwap_ep94_f215-305
  Subtask: pick up the container that hides the red cube
  Frames: 215 - 305
============================================================
  Loaded 91 frames
  Prefix scoring: 52.4s
  Rewards: [0.07, 0.0, 0.1, 0.52, 0.41, 0.48, 0.55, 1.0]
  Failed regions: [[43, 66]]
  Successful interval: 51-90
  Keyframes: [6, 51, 89, 90]
  Success detected: True
  Confidence: 0.76

--- Segment 484/512 ---

============================================================
Segment: ButtonUnmaskSwap_ep94_f215-312
  Subtask: pick up the container that hides the red cube
  Frames: 215 - 312
============================================================
  Loaded 98 frames
  Prefix scoring: 52.3s
  Rewards: [0.0, 0.0, 0.03, 0.72, 0.76, 0.38, 0.79, 1.0]
  Failed regions: [[59, 84]]
  Successful interval: 67-97
  Keyframes: [10, 67, 89, 97]
  Success detected: True
  Confidence: 0.76

--- Segment 485/512 ---

============================================================
Segment: ButtonUnmaskSwap_ep95_f0-120
  Subtask: press the first button
  Frames: 0 - 120
============================================================
  Loaded 121 frames
  Prefix scoring: 52.5s
  Rewards: [0.31, 0.14, 0.79, 0.41, 0.21, 0.0, 0.72, 1.0]
  Failed regions: [[12, 42], [42, 104]]
  Successful interval: 83-120
  Keyframes: [1, 83, 102, 120]
  Success detected: True
  Confidence: 0.91

--- Segment 486/512 ---

============================================================
Segment: ButtonUnmaskSwap_ep95_f121-208
  Subtask: press the second button
  Frames: 121 - 208
============================================================
  Loaded 88 frames
  Prefix scoring: 52.1s
  Rewards: [0.21, 0.42, 0.0, 0.21, 1.0, 0.74, 0.84, 0.47]
  Failed regions: [[19, 53], [53, 75]]
  Successful interval: 60-75
  Keyframes: [11, 60, 75, 76, 87]
  Success detected: True
  Confidence: 0.45

--- Segment 487/512 ---

============================================================
Segment: ButtonUnmaskSwap_ep95_f209-326
  Subtask: pick up the container that hides the red cube
  Frames: 209 - 326
============================================================
  Loaded 118 frames
  Prefix scoring: 52.3s
  Rewards: [0.2, 0.29, 0.43, 0.31, 0.09, 0.0, 0.14, 1.0]
  Failed regions: [[41, 101]]
  Successful interval: 81-117
  Keyframes: [0, 81, 106, 117]
  Success detected: True
  Confidence: 0.94

--- Segment 488/512 ---

============================================================
Segment: ButtonUnmaskSwap_ep95_f327-374
  Subtask: put down the container
  Frames: 327 - 374
============================================================
  Loaded 48 frames
  Prefix scoring: 52.1s
  Rewards: [0.3, 0.45, 0.8, 0.4, 0.4, 0.0, 0.25, 1.0]
  Failed regions: [[16, 28], [28, 40]]
  Successful interval: 32-47
  Keyframes: [0, 32, 42, 47]
  Success detected: True
  Confidence: 0.91

--- Segment 489/512 ---

============================================================
Segment: ButtonUnmaskSwap_ep95_f375-471
  Subtask: pick up the container that hides the green cube
  Frames: 375 - 471
============================================================
  Loaded 97 frames
  Prefix scoring: 52.2s
  Rewards: [0.0, 0.02, 0.13, 0.31, 0.2, 0.21, 0.33, 1.0]
  Failed regions: [[46, 71]]
  Successful interval: 54-96
  Keyframes: [5, 54, 94, 96]
  Success detected: True
  Confidence: 0.87

--- Segment 490/512 ---

============================================================
Segment: ButtonUnmaskSwap_ep95_f375-478
  Subtask: pick up the container that hides the green cube
  Frames: 375 - 478
============================================================
  Loaded 104 frames
  Prefix scoring: 52.3s
  Rewards: [0.0, 0.02, 0.22, 0.2, 0.25, 0.27, 0.31, 1.0]
  Failed regions: []
  Successful interval: 44-103
  Keyframes: [5, 44, 94, 103]
  Success detected: True
  Confidence: 0.86

--- Segment 491/512 ---

============================================================
Segment: ButtonUnmaskSwap_ep96_f0-114
  Subtask: press the first button
  Frames: 0 - 114
============================================================
  Loaded 115 frames
  Prefix scoring: 52.5s
  Rewards: [0.51, 0.43, 0.66, 0.46, 0.31, 0.0, 0.86, 1.0]
  Failed regions: [[11, 40], [40, 99]]
  Successful interval: 79-114
  Keyframes: [0, 79, 102, 114]
  Success detected: True
  Confidence: 0.89

--- Segment 492/512 ---

============================================================
Segment: ButtonUnmaskSwap_ep96_f115-207
  Subtask: press the second button
  Frames: 115 - 207
============================================================
  Loaded 93 frames
  Prefix scoring: 52.1s
  Rewards: [0.0, 0.29, 0.29, 0.79, 1.0, 0.93, 0.79, 0.79]
  Failed regions: []
  Successful interval: 28-56
  Keyframes: [10, 28, 49, 56, 92]
  Success detected: True
  Confidence: 0.76

--- Segment 493/512 ---

============================================================
Segment: ButtonUnmaskSwap_ep96_f208-303
  Subtask: pick up the container that hides the green cube
  Frames: 208 - 303
============================================================
  Loaded 96 frames
  Prefix scoring: 52.2s
  Rewards: [0.0, 0.05, 0.2, 0.2, 0.61, 0.37, 0.8, 1.0]
  Failed regions: [[58, 82]]
  Successful interval: 66-95
  Keyframes: [0, 66, 87, 95]
  Success detected: True
  Confidence: 0.77

--- Segment 494/512 ---

============================================================
Segment: ButtonUnmaskSwap_ep96_f304-353
  Subtask: put down the container
  Frames: 304 - 353
============================================================
  Loaded 50 frames
  Prefix scoring: 52.4s
  Rewards: [0.23, 0.31, 0.08, 0.92, 0.38, 0.0, 1.0, 0.92]
  Failed regions: [[11, 23], [23, 42]]
  Successful interval: 34-42
  Keyframes: [1, 34, 39, 42, 49]
  Success detected: True
  Confidence: 0.90

--- Segment 495/512 ---

============================================================
Segment: ButtonUnmaskSwap_ep96_f354-435
  Subtask: pick up the container that hides the red cube
  Frames: 354 - 435
============================================================
  Loaded 82 frames
  Prefix scoring: 52.2s
  Rewards: [0.0, 0.03, 0.21, 0.12, 0.35, 0.21, 0.24, 1.0]
  Failed regions: [[49, 70]]
  Successful interval: 56-81
  Keyframes: [7, 56, 81]
  Success detected: True
  Confidence: 0.86

--- Segment 496/512 ---

============================================================
Segment: ButtonUnmaskSwap_ep96_f354-444
  Subtask: pick up the container that hides the red cube
  Frames: 354 - 444
============================================================
  Loaded 91 frames
  Prefix scoring: 52.4s
  Rewards: [0.13, 0.16, 0.13, 0.38, 0.24, 0.2, 0.0, 1.0]
  Failed regions: [[43, 90]]
  Successful interval: 74-90
  Keyframes: [2, 74, 82, 90]
  Success detected: True
  Confidence: 0.94

--- Segment 497/512 ---

============================================================
Segment: ButtonUnmaskSwap_ep97_f0-119
  Subtask: press the first button
  Frames: 0 - 119
============================================================
  Loaded 120 frames
  Prefix scoring: 52.4s
  Rewards: [0.28, 0.24, 1.0, 1.0, 0.4, 0.0, 0.72, 0.6]
  Failed regions: []
  Successful interval: 21-42
  Keyframes: [0, 21, 32, 42, 87]
  Success detected: True
  Confidence: 0.80

--- Segment 498/512 ---

============================================================
Segment: ButtonUnmaskSwap_ep97_f120-211
  Subtask: press the second button
  Frames: 120 - 211
============================================================
  Loaded 92 frames
  Prefix scoring: 52.2s
  Rewards: [0.17, 0.0, 0.17, 1.0, 0.92, 0.75, 0.58, 0.25]
  Failed regions: []
  Successful interval: 16-44
  Keyframes: [10, 16, 44, 45, 67]
  Success detected: True
  Confidence: 0.90

--- Segment 499/512 ---

============================================================
Segment: ButtonUnmaskSwap_ep97_f212-312
  Subtask: pick up the container that hides the green cube
  Frames: 212 - 312
============================================================
  Loaded 101 frames
  Prefix scoring: 52.4s
  Rewards: [0.0, 0.07, 0.11, 0.25, 0.3, 0.16, 1.0, 0.93]
  Failed regions: [[61, 87]]
  Successful interval: 69-87
  Keyframes: [6, 69, 87, 88, 100]
  Success detected: True
  Confidence: 0.87

--- Segment 500/512 ---

============================================================
Segment: ButtonUnmaskSwap_ep97_f313-363
  Subtask: put down the container
  Frames: 313 - 363
============================================================
  Loaded 51 frames
  Prefix scoring: 52.2s
  Rewards: [0.07, 0.0, 0.07, 0.41, 0.37, 0.52, 0.81, 1.0]
  Failed regions: []
  Successful interval: 28-50
  Keyframes: [0, 28, 40, 50]
  Success detected: True
  Confidence: 0.77

--- Segment 501/512 ---

============================================================
Segment: ButtonUnmaskSwap_ep97_f364-455
  Subtask: pick up the container that hides the red cube
  Frames: 364 - 455
============================================================
  Loaded 92 frames
  Prefix scoring: 52.2s
  Rewards: [0.0, 0.14, 0.26, 0.37, 0.2, 0.11, 0.26, 1.0]
  Failed regions: [[44, 79]]
  Successful interval: 63-91
  Keyframes: [2, 63, 90, 91]
  Success detected: True
  Confidence: 0.90

--- Segment 502/512 ---

============================================================
Segment: ButtonUnmaskSwap_ep97_f364-462
  Subtask: pick up the container that hides the red cube
  Frames: 364 - 462
============================================================
  Loaded 99 frames
  Prefix scoring: 52.4s
  Rewards: [0.0, 0.1, 0.41, 0.52, 0.41, 0.31, 0.41, 1.0]
  Failed regions: [[47, 85]]
  Successful interval: 68-98
  Keyframes: [2, 68, 90, 98]
  Success detected: True
  Confidence: 0.80

--- Segment 503/512 ---

============================================================
Segment: ButtonUnmaskSwap_ep98_f0-114
  Subtask: press the first button
  Frames: 0 - 114
============================================================
  Loaded 115 frames
  Prefix scoring: 52.5s
  Rewards: [0.12, 0.0, 0.19, 0.54, 0.35, 0.46, 0.81, 1.0]
  Failed regions: [[55, 84]]
  Successful interval: 64-114
  Keyframes: [2, 64, 75, 114]
  Success detected: True
  Confidence: 0.78

--- Segment 504/512 ---

============================================================
Segment: ButtonUnmaskSwap_ep98_f115-209
  Subtask: press the second button
  Frames: 115 - 209
============================================================
  Loaded 95 frames
  Prefix scoring: 52.2s
  Rewards: [0.8, 1.0, 0.0, 1.0, 1.0, 0.0, 1.0, 1.0]
  Failed regions: [[21, 45], [57, 81]]
  Successful interval: 65-81
  Keyframes: [19, 65, 80, 81, 94]
  Success detected: True
  Confidence: 0.85

--- Segment 505/512 ---

============================================================
Segment: ButtonUnmaskSwap_ep98_f210-313
  Subtask: pick up the container that hides the blue cube
  Frames: 210 - 313
============================================================
  Loaded 104 frames
  Prefix scoring: 52.2s
  Rewards: [0.0, 0.09, 0.39, 0.55, 0.33, 0.52, 0.55, 1.0]
  Failed regions: [[49, 76]]
  Successful interval: 58-103
  Keyframes: [5, 58, 102, 103]
  Success detected: True
  Confidence: 0.78

--- Segment 506/512 ---

============================================================
Segment: ButtonUnmaskSwap_ep98_f210-319
  Subtask: pick up the container that hides the blue cube
  Frames: 210 - 319
============================================================
  Loaded 110 frames
  Prefix scoring: 52.3s
  Rewards: [0.0, 0.19, 0.22, 0.22, 0.32, 0.35, 0.43, 1.0]
  Failed regions: []
  Successful interval: 48-109
  Keyframes: [5, 48, 102, 109]
  Success detected: True
  Confidence: 0.85

--- Segment 507/512 ---

============================================================
Segment: ButtonUnmaskSwap_ep99_f0-116
  Subtask: press the first button
  Frames: 0 - 116
============================================================
  Loaded 117 frames
  Prefix scoring: 52.4s
  Rewards: [0.22, 0.28, 0.78, 0.83, 0.72, 0.11, 1.0, 0.0]
  Failed regions: [[56, 101]]
  Successful interval: 81-101
  Keyframes: [0, 81, 100, 101, 116]
  Success detected: True
  Confidence: 0.86

--- Segment 508/512 ---

============================================================
Segment: ButtonUnmaskSwap_ep99_f117-210
  Subtask: press the second button
  Frames: 117 - 210
============================================================
  Loaded 94 frames
  Prefix scoring: 52.2s
  Rewards: [0.21, 0.36, 0.14, 0.0, 0.64, 0.21, 1.0, 0.29]
  Failed regions: [[21, 57], [57, 81]]
  Successful interval: 65-81
  Keyframes: [18, 65, 81, 82, 93]
  Success detected: True
  Confidence: 0.84

--- Segment 509/512 ---

============================================================
Segment: ButtonUnmaskSwap_ep99_f211-324
  Subtask: pick up the container that hides the green cube
  Frames: 211 - 324
============================================================
  Loaded 114 frames
  Prefix scoring: 52.4s
  Rewards: [0.0, 0.1, 0.1, 0.21, 0.1, 0.17, 0.1, 1.0]
  Failed regions: []
  Successful interval: 93-113
  Keyframes: [0, 93, 106, 113]
  Success detected: True
  Confidence: 0.92

--- Segment 510/512 ---

============================================================
Segment: ButtonUnmaskSwap_ep99_f325-365
  Subtask: put down the container
  Frames: 325 - 365
============================================================
  Loaded 41 frames
  Prefix scoring: 52.0s
  Rewards: [0.36, 0.25, 0.19, 0.0, 0.89, 0.97, 0.86, 1.0]
  Failed regions: [[4, 29], [29, 40]]
  Successful interval: 32-40
  Keyframes: [0, 32, 35, 40]
  Success detected: True
  Confidence: 0.54

--- Segment 511/512 ---

============================================================
Segment: ButtonUnmaskSwap_ep99_f366-444
  Subtask: pick up the container that hides the blue cube
  Frames: 366 - 444
============================================================
  Loaded 79 frames
  Prefix scoring: 52.2s
  Rewards: [0.0, 0.15, 0.1, 0.05, 0.28, 0.33, 0.3, 1.0]
  Failed regions: []
  Successful interval: 64-78
  Keyframes: [1, 64, 76, 78]
  Success detected: True
  Confidence: 0.82

--- Segment 512/512 ---

============================================================
Segment: ButtonUnmaskSwap_ep99_f366-452
  Subtask: pick up the container that hides the blue cube
  Frames: 366 - 452
============================================================
  Loaded 87 frames
  Prefix scoring: 52.1s
  Rewards: [0.0, 0.14, 0.37, 0.19, 0.23, 0.21, 1.0, 0.95]
  Failed regions: [[30, 52]]
  Successful interval: 59-74
  Keyframes: [1, 59, 74, 75, 86]
  Success detected: True
  Confidence: 0.84

============================================================
Step 4: Summary
============================================================
  Processed: 512 segments
  Skipped: 0 segments
  Environments: {'ButtonUnmaskSwap': 512}
  Mean confidence: 0.828
  Success detected: 512/512
  Total failed regions detected: 484

All outputs saved to: data/topreward_full
Done.
