/coc/testnvme/shalbe3/miniconda/envs/robomme/lib/python3.11/site-packages/torch/cuda/__init__.py:63: FutureWarning: The pynvml package is deprecated. Please install nvidia-ml-py instead. If you did not install pynvml directly, please report this to the maintainers of the package that installed pynvml for you.
  import pynvml  # type: ignore[import]
`torch_dtype` is deprecated! Use `dtype` instead!
You are attempting to use Flash Attention 2 without specifying a torch dtype. This might lead to unexpected behaviour
2026-04-30 14:02:59,158 mme_vla_suite.pseudo_labeling.topreward_qwen_scorer WARNING: flash_attention_2 unavailable (/coc/testnvme/shalbe3/miniconda/envs/robomme/lib/python3.11/site-packages/flash_attn_2_cuda.cpython-311-x86_64-linux-gnu.so: undefined symbol: _ZNK3c106SymInt6sym_neERKS0_), using default attention
Loading checkpoint shards:   0%|          | 0/4 [00:00<?, ?it/s]Loading checkpoint shards:  25%|██▌       | 1/4 [00:01<00:04,  1.37s/it]Loading checkpoint shards:  50%|█████     | 2/4 [00:02<00:02,  1.38s/it]Loading checkpoint shards:  75%|███████▌  | 3/4 [00:04<00:01,  1.34s/it]Loading checkpoint shards: 100%|██████████| 4/4 [00:04<00:00,  1.11s/it]Loading checkpoint shards: 100%|██████████| 4/4 [00:04<00:00,  1.20s/it]
Asked to sample `fps` frames per second but no video metadata was provided which is required when sampling with `fps`. Defaulting to `fps=24`. Please provide `video_metadata` for more accurate results.
2026-04-30 14:03:11,307 mme_vla_suite.pseudo_labeling.topreward_qwen_scorer INFO: Prefix 1/8 (end=15, n_frames=4/16): reward=-24.1250 (mean, 1 tok)
2026-04-30 14:03:16,014 mme_vla_suite.pseudo_labeling.topreward_qwen_scorer INFO: Prefix 2/8 (end=34, n_frames=7/35): reward=-23.8750 (mean, 1 tok)
2026-04-30 14:03:20,758 mme_vla_suite.pseudo_labeling.topreward_qwen_scorer INFO: Prefix 3/8 (end=53, n_frames=11/54): reward=-22.8750 (mean, 1 tok)
2026-04-30 14:03:25,602 mme_vla_suite.pseudo_labeling.topreward_qwen_scorer INFO: Prefix 4/8 (end=72, n_frames=15/73): reward=-23.3750 (mean, 1 tok)
2026-04-30 14:03:30,355 mme_vla_suite.pseudo_labeling.topreward_qwen_scorer INFO: Prefix 5/8 (end=92, n_frames=19/93): reward=-23.6250 (mean, 1 tok)
2026-04-30 14:03:35,161 mme_vla_suite.pseudo_labeling.topreward_qwen_scorer INFO: Prefix 6/8 (end=111, n_frames=22/112): reward=-24.3750 (mean, 1 tok)
2026-04-30 14:03:40,008 mme_vla_suite.pseudo_labeling.topreward_qwen_scorer INFO: Prefix 7/8 (end=130, n_frames=26/131): reward=-23.2500 (mean, 1 tok)
2026-04-30 14:03:44,864 mme_vla_suite.pseudo_labeling.topreward_qwen_scorer INFO: Prefix 8/8 (end=150, n_frames=30/151): reward=-16.5000 (mean, 1 tok)
2026-04-30 14:03:50,248 mme_vla_suite.pseudo_labeling.topreward_qwen_scorer INFO: Prefix 1/8 (end=15, n_frames=4/16): reward=-24.1250 (mean, 1 tok)
2026-04-30 14:03:54,939 mme_vla_suite.pseudo_labeling.topreward_qwen_scorer INFO: Prefix 2/8 (end=35, n_frames=7/36): reward=-24.2500 (mean, 1 tok)
2026-04-30 14:03:59,670 mme_vla_suite.pseudo_labeling.topreward_qwen_scorer INFO: Prefix 3/8 (end=55, n_frames=11/56): reward=-22.5000 (mean, 1 tok)
2026-04-30 14:04:04,427 mme_vla_suite.pseudo_labeling.topreward_qwen_scorer INFO: Prefix 4/8 (end=75, n_frames=15/76): reward=-23.5000 (mean, 1 tok)
2026-04-30 14:04:09,179 mme_vla_suite.pseudo_labeling.topreward_qwen_scorer INFO: Prefix 5/8 (end=96, n_frames=19/97): reward=-24.0000 (mean, 1 tok)
2026-04-30 14:04:14,047 mme_vla_suite.pseudo_labeling.topreward_qwen_scorer INFO: Prefix 6/8 (end=116, n_frames=23/117): reward=-25.2500 (mean, 1 tok)
2026-04-30 14:04:18,939 mme_vla_suite.pseudo_labeling.topreward_qwen_scorer INFO: Prefix 7/8 (end=136, n_frames=27/137): reward=-22.8750 (mean, 1 tok)
2026-04-30 14:04:23,836 mme_vla_suite.pseudo_labeling.topreward_qwen_scorer INFO: Prefix 8/8 (end=157, n_frames=32/158): reward=-17.2500 (mean, 1 tok)
2026-04-30 14:04:29,676 mme_vla_suite.pseudo_labeling.topreward_qwen_scorer INFO: Prefix 1/8 (end=15, n_frames=4/16): reward=-23.2500 (mean, 1 tok)
2026-04-30 14:04:34,385 mme_vla_suite.pseudo_labeling.topreward_qwen_scorer INFO: Prefix 2/8 (end=34, n_frames=7/35): reward=-23.3750 (mean, 1 tok)
2026-04-30 14:04:39,176 mme_vla_suite.pseudo_labeling.topreward_qwen_scorer INFO: Prefix 3/8 (end=53, n_frames=11/54): reward=-21.3750 (mean, 1 tok)
2026-04-30 14:04:43,952 mme_vla_suite.pseudo_labeling.topreward_qwen_scorer INFO: Prefix 4/8 (end=72, n_frames=15/73): reward=-21.3750 (mean, 1 tok)
2026-04-30 14:04:48,846 mme_vla_suite.pseudo_labeling.topreward_qwen_scorer INFO: Prefix 5/8 (end=92, n_frames=19/93): reward=-20.6250 (mean, 1 tok)
2026-04-30 14:04:53,686 mme_vla_suite.pseudo_labeling.topreward_qwen_scorer INFO: Prefix 6/8 (end=111, n_frames=22/112): reward=-19.2500 (mean, 1 tok)
2026-04-30 14:04:58,766 mme_vla_suite.pseudo_labeling.topreward_qwen_scorer INFO: Prefix 7/8 (end=130, n_frames=26/131): reward=-20.2500 (mean, 1 tok)
2026-04-30 14:05:03,695 mme_vla_suite.pseudo_labeling.topreward_qwen_scorer INFO: Prefix 8/8 (end=150, n_frames=30/151): reward=-16.2500 (mean, 1 tok)
2026-04-30 14:05:09,197 mme_vla_suite.pseudo_labeling.topreward_qwen_scorer INFO: Prefix 1/8 (end=15, n_frames=4/16): reward=-23.2500 (mean, 1 tok)
2026-04-30 14:05:13,907 mme_vla_suite.pseudo_labeling.topreward_qwen_scorer INFO: Prefix 2/8 (end=35, n_frames=7/36): reward=-23.2500 (mean, 1 tok)
2026-04-30 14:05:18,724 mme_vla_suite.pseudo_labeling.topreward_qwen_scorer INFO: Prefix 3/8 (end=55, n_frames=11/56): reward=-21.6250 (mean, 1 tok)
2026-04-30 14:05:23,480 mme_vla_suite.pseudo_labeling.topreward_qwen_scorer INFO: Prefix 4/8 (end=75, n_frames=15/76): reward=-21.5000 (mean, 1 tok)
2026-04-30 14:05:28,233 mme_vla_suite.pseudo_labeling.topreward_qwen_scorer INFO: Prefix 5/8 (end=96, n_frames=19/97): reward=-20.3750 (mean, 1 tok)
2026-04-30 14:05:33,055 mme_vla_suite.pseudo_labeling.topreward_qwen_scorer INFO: Prefix 6/8 (end=116, n_frames=23/117): reward=-20.3750 (mean, 1 tok)
2026-04-30 14:05:37,926 mme_vla_suite.pseudo_labeling.topreward_qwen_scorer INFO: Prefix 7/8 (end=136, n_frames=27/137): reward=-19.7500 (mean, 1 tok)
2026-04-30 14:05:42,773 mme_vla_suite.pseudo_labeling.topreward_qwen_scorer INFO: Prefix 8/8 (end=157, n_frames=32/158): reward=-17.6250 (mean, 1 tok)
2026-04-30 14:05:48,374 mme_vla_suite.pseudo_labeling.topreward_qwen_scorer INFO: Prefix 1/8 (end=15, n_frames=4/16): reward=-23.5000 (mean, 1 tok)
2026-04-30 14:05:53,052 mme_vla_suite.pseudo_labeling.topreward_qwen_scorer INFO: Prefix 2/8 (end=34, n_frames=7/35): reward=-23.3750 (mean, 1 tok)
2026-04-30 14:05:57,832 mme_vla_suite.pseudo_labeling.topreward_qwen_scorer INFO: Prefix 3/8 (end=53, n_frames=11/54): reward=-22.5000 (mean, 1 tok)
2026-04-30 14:06:02,585 mme_vla_suite.pseudo_labeling.topreward_qwen_scorer INFO: Prefix 4/8 (end=72, n_frames=15/73): reward=-23.2500 (mean, 1 tok)
2026-04-30 14:06:07,342 mme_vla_suite.pseudo_labeling.topreward_qwen_scorer INFO: Prefix 5/8 (end=92, n_frames=19/93): reward=-23.2500 (mean, 1 tok)
2026-04-30 14:06:12,109 mme_vla_suite.pseudo_labeling.topreward_qwen_scorer INFO: Prefix 6/8 (end=111, n_frames=22/112): reward=-22.8750 (mean, 1 tok)
2026-04-30 14:06:16,886 mme_vla_suite.pseudo_labeling.topreward_qwen_scorer INFO: Prefix 7/8 (end=130, n_frames=26/131): reward=-23.1250 (mean, 1 tok)
2026-04-30 14:06:21,708 mme_vla_suite.pseudo_labeling.topreward_qwen_scorer INFO: Prefix 8/8 (end=150, n_frames=30/151): reward=-18.8750 (mean, 1 tok)
2026-04-30 14:06:27,077 mme_vla_suite.pseudo_labeling.topreward_qwen_scorer INFO: Prefix 1/8 (end=15, n_frames=4/16): reward=-23.5000 (mean, 1 tok)
2026-04-30 14:06:31,786 mme_vla_suite.pseudo_labeling.topreward_qwen_scorer INFO: Prefix 2/8 (end=35, n_frames=7/36): reward=-23.3750 (mean, 1 tok)
2026-04-30 14:06:36,457 mme_vla_suite.pseudo_labeling.topreward_qwen_scorer INFO: Prefix 3/8 (end=55, n_frames=11/56): reward=-22.2500 (mean, 1 tok)
2026-04-30 14:06:41,277 mme_vla_suite.pseudo_labeling.topreward_qwen_scorer INFO: Prefix 4/8 (end=75, n_frames=15/76): reward=-23.1250 (mean, 1 tok)
2026-04-30 14:06:46,362 mme_vla_suite.pseudo_labeling.topreward_qwen_scorer INFO: Prefix 5/8 (end=96, n_frames=19/97): reward=-23.3750 (mean, 1 tok)
2026-04-30 14:06:51,116 mme_vla_suite.pseudo_labeling.topreward_qwen_scorer INFO: Prefix 6/8 (end=116, n_frames=23/117): reward=-23.7500 (mean, 1 tok)
2026-04-30 14:06:56,071 mme_vla_suite.pseudo_labeling.topreward_qwen_scorer INFO: Prefix 7/8 (end=136, n_frames=27/137): reward=-22.7500 (mean, 1 tok)
2026-04-30 14:07:00,954 mme_vla_suite.pseudo_labeling.topreward_qwen_scorer INFO: Prefix 8/8 (end=157, n_frames=32/158): reward=-18.8750 (mean, 1 tok)
2026-04-30 14:07:06,541 mme_vla_suite.pseudo_labeling.topreward_qwen_scorer INFO: Prefix 1/8 (end=11, n_frames=4/12): reward=-23.6250 (mean, 1 tok)
2026-04-30 14:07:11,205 mme_vla_suite.pseudo_labeling.topreward_qwen_scorer INFO: Prefix 2/8 (end=26, n_frames=5/27): reward=-23.3750 (mean, 1 tok)
2026-04-30 14:07:15,871 mme_vla_suite.pseudo_labeling.topreward_qwen_scorer INFO: Prefix 3/8 (end=41, n_frames=8/42): reward=-23.1250 (mean, 1 tok)
2026-04-30 14:07:20,511 mme_vla_suite.pseudo_labeling.topreward_qwen_scorer INFO: Prefix 4/8 (end=56, n_frames=11/57): reward=-22.3750 (mean, 1 tok)
2026-04-30 14:07:25,289 mme_vla_suite.pseudo_labeling.topreward_qwen_scorer INFO: Prefix 5/8 (end=71, n_frames=14/72): reward=-21.2500 (mean, 1 tok)
2026-04-30 14:07:30,044 mme_vla_suite.pseudo_labeling.topreward_qwen_scorer INFO: Prefix 6/8 (end=86, n_frames=17/87): reward=-22.3750 (mean, 1 tok)
2026-04-30 14:07:34,772 mme_vla_suite.pseudo_labeling.topreward_qwen_scorer INFO: Prefix 7/8 (end=101, n_frames=20/102): reward=-18.2500 (mean, 1 tok)
2026-04-30 14:07:39,555 mme_vla_suite.pseudo_labeling.topreward_qwen_scorer INFO: Prefix 8/8 (end=116, n_frames=23/117): reward=-19.0000 (mean, 1 tok)
2026-04-30 14:07:45,144 mme_vla_suite.pseudo_labeling.topreward_qwen_scorer INFO: Prefix 1/8 (end=5, n_frames=4/6): reward=-20.1250 (mean, 1 tok)
2026-04-30 14:07:49,792 mme_vla_suite.pseudo_labeling.topreward_qwen_scorer INFO: Prefix 2/8 (end=11, n_frames=4/12): reward=-20.7500 (mean, 1 tok)
2026-04-30 14:07:54,498 mme_vla_suite.pseudo_labeling.topreward_qwen_scorer INFO: Prefix 3/8 (end=18, n_frames=4/19): reward=-20.0000 (mean, 1 tok)
2026-04-30 14:07:59,199 mme_vla_suite.pseudo_labeling.topreward_qwen_scorer INFO: Prefix 4/8 (end=24, n_frames=5/25): reward=-20.0000 (mean, 1 tok)
2026-04-30 14:08:03,838 mme_vla_suite.pseudo_labeling.topreward_qwen_scorer INFO: Prefix 5/8 (end=31, n_frames=6/32): reward=-20.2500 (mean, 1 tok)
2026-04-30 14:08:08,555 mme_vla_suite.pseudo_labeling.topreward_qwen_scorer INFO: Prefix 6/8 (end=37, n_frames=8/38): reward=-20.6250 (mean, 1 tok)
2026-04-30 14:08:13,185 mme_vla_suite.pseudo_labeling.topreward_qwen_scorer INFO: Prefix 7/8 (end=44, n_frames=9/45): reward=-17.7500 (mean, 1 tok)
2026-04-30 14:08:17,829 mme_vla_suite.pseudo_labeling.topreward_qwen_scorer INFO: Prefix 8/8 (end=51, n_frames=10/52): reward=-18.5000 (mean, 1 tok)
2026-04-30 14:08:23,963 mme_vla_suite.pseudo_labeling.topreward_qwen_scorer INFO: Prefix 1/8 (end=19, n_frames=4/20): reward=-24.7500 (mean, 1 tok)
2026-04-30 14:08:28,589 mme_vla_suite.pseudo_labeling.topreward_qwen_scorer INFO: Prefix 2/8 (end=44, n_frames=9/45): reward=-23.6250 (mean, 1 tok)
2026-04-30 14:08:33,300 mme_vla_suite.pseudo_labeling.topreward_qwen_scorer INFO: Prefix 3/8 (end=69, n_frames=14/70): reward=-22.5000 (mean, 1 tok)
2026-04-30 14:08:37,978 mme_vla_suite.pseudo_labeling.topreward_qwen_scorer INFO: Prefix 4/8 (end=94, n_frames=19/95): reward=-24.0000 (mean, 1 tok)
2026-04-30 14:08:42,700 mme_vla_suite.pseudo_labeling.topreward_qwen_scorer INFO: Prefix 5/8 (end=119, n_frames=24/120): reward=-23.6250 (mean, 1 tok)
2026-04-30 14:08:47,387 mme_vla_suite.pseudo_labeling.topreward_qwen_scorer INFO: Prefix 6/8 (end=144, n_frames=29/145): reward=-21.5000 (mean, 1 tok)
2026-04-30 14:08:52,155 mme_vla_suite.pseudo_labeling.topreward_qwen_scorer INFO: Prefix 7/8 (end=169, n_frames=34/170): reward=-21.1250 (mean, 1 tok)
2026-04-30 14:08:56,975 mme_vla_suite.pseudo_labeling.topreward_qwen_scorer INFO: Prefix 8/8 (end=194, n_frames=39/195): reward=-21.3750 (mean, 1 tok)
2026-04-30 14:09:02,517 mme_vla_suite.pseudo_labeling.topreward_qwen_scorer INFO: Prefix 1/8 (end=20, n_frames=4/21): reward=-24.3750 (mean, 1 tok)
2026-04-30 14:09:07,218 mme_vla_suite.pseudo_labeling.topreward_qwen_scorer INFO: Prefix 2/8 (end=45, n_frames=9/46): reward=-23.3750 (mean, 1 tok)
2026-04-30 14:09:11,910 mme_vla_suite.pseudo_labeling.topreward_qwen_scorer INFO: Prefix 3/8 (end=71, n_frames=14/72): reward=-22.7500 (mean, 1 tok)
2026-04-30 14:09:16,629 mme_vla_suite.pseudo_labeling.topreward_qwen_scorer INFO: Prefix 4/8 (end=97, n_frames=20/98): reward=-24.1250 (mean, 1 tok)
2026-04-30 14:09:21,375 mme_vla_suite.pseudo_labeling.topreward_qwen_scorer INFO: Prefix 5/8 (end=122, n_frames=25/123): reward=-23.5000 (mean, 1 tok)
2026-04-30 14:09:26,154 mme_vla_suite.pseudo_labeling.topreward_qwen_scorer INFO: Prefix 6/8 (end=148, n_frames=30/149): reward=-21.8750 (mean, 1 tok)
2026-04-30 14:09:31,032 mme_vla_suite.pseudo_labeling.topreward_qwen_scorer INFO: Prefix 7/8 (end=174, n_frames=35/175): reward=-21.5000 (mean, 1 tok)
2026-04-30 14:09:35,929 mme_vla_suite.pseudo_labeling.topreward_qwen_scorer INFO: Prefix 8/8 (end=200, n_frames=40/201): reward=-19.1250 (mean, 1 tok)
2026-04-30 14:09:41,741 mme_vla_suite.pseudo_labeling.topreward_qwen_scorer INFO: Prefix 1/8 (end=19, n_frames=4/20): reward=-23.8750 (mean, 1 tok)
2026-04-30 14:09:46,442 mme_vla_suite.pseudo_labeling.topreward_qwen_scorer INFO: Prefix 2/8 (end=43, n_frames=9/44): reward=-22.5000 (mean, 1 tok)
2026-04-30 14:09:51,164 mme_vla_suite.pseudo_labeling.topreward_qwen_scorer INFO: Prefix 3/8 (end=67, n_frames=14/68): reward=-24.0000 (mean, 1 tok)
2026-04-30 14:09:56,133 mme_vla_suite.pseudo_labeling.topreward_qwen_scorer INFO: Prefix 4/8 (end=91, n_frames=18/92): reward=-24.5000 (mean, 1 tok)
2026-04-30 14:10:01,048 mme_vla_suite.pseudo_labeling.topreward_qwen_scorer INFO: Prefix 5/8 (end=116, n_frames=23/117): reward=-24.5000 (mean, 1 tok)
2026-04-30 14:10:05,905 mme_vla_suite.pseudo_labeling.topreward_qwen_scorer INFO: Prefix 6/8 (end=140, n_frames=28/141): reward=-25.1250 (mean, 1 tok)
2026-04-30 14:10:10,771 mme_vla_suite.pseudo_labeling.topreward_qwen_scorer INFO: Prefix 7/8 (end=164, n_frames=33/165): reward=-23.7500 (mean, 1 tok)
2026-04-30 14:10:15,714 mme_vla_suite.pseudo_labeling.topreward_qwen_scorer INFO: Prefix 8/8 (end=189, n_frames=38/190): reward=-19.7500 (mean, 1 tok)
2026-04-30 14:10:21,231 mme_vla_suite.pseudo_labeling.topreward_qwen_scorer INFO: Prefix 1/8 (end=19, n_frames=4/20): reward=-23.8750 (mean, 1 tok)
2026-04-30 14:10:25,910 mme_vla_suite.pseudo_labeling.topreward_qwen_scorer INFO: Prefix 2/8 (end=44, n_frames=9/45): reward=-22.6250 (mean, 1 tok)
2026-04-30 14:10:30,638 mme_vla_suite.pseudo_labeling.topreward_qwen_scorer INFO: Prefix 3/8 (end=69, n_frames=14/70): reward=-24.0000 (mean, 1 tok)
2026-04-30 14:10:35,588 mme_vla_suite.pseudo_labeling.topreward_qwen_scorer INFO: Prefix 4/8 (end=94, n_frames=19/95): reward=-23.8750 (mean, 1 tok)
2026-04-30 14:10:40,375 mme_vla_suite.pseudo_labeling.topreward_qwen_scorer INFO: Prefix 5/8 (end=120, n_frames=24/121): reward=-24.5000 (mean, 1 tok)
2026-04-30 14:10:45,206 mme_vla_suite.pseudo_labeling.topreward_qwen_scorer INFO: Prefix 6/8 (end=145, n_frames=29/146): reward=-25.1250 (mean, 1 tok)
2026-04-30 14:10:50,093 mme_vla_suite.pseudo_labeling.topreward_qwen_scorer INFO: Prefix 7/8 (end=170, n_frames=34/171): reward=-23.2500 (mean, 1 tok)
2026-04-30 14:10:55,133 mme_vla_suite.pseudo_labeling.topreward_qwen_scorer INFO: Prefix 8/8 (end=196, n_frames=39/197): reward=-19.3750 (mean, 1 tok)
2026-04-30 14:11:01,061 mme_vla_suite.pseudo_labeling.topreward_qwen_scorer INFO: Prefix 1/8 (end=18, n_frames=4/19): reward=-24.1250 (mean, 1 tok)
2026-04-30 14:11:05,853 mme_vla_suite.pseudo_labeling.topreward_qwen_scorer INFO: Prefix 2/8 (end=41, n_frames=8/42): reward=-22.8750 (mean, 1 tok)
2026-04-30 14:11:10,895 mme_vla_suite.pseudo_labeling.topreward_qwen_scorer INFO: Prefix 3/8 (end=65, n_frames=13/66): reward=-24.3750 (mean, 1 tok)
2026-04-30 14:11:15,708 mme_vla_suite.pseudo_labeling.topreward_qwen_scorer INFO: Prefix 4/8 (end=88, n_frames=18/89): reward=-24.8750 (mean, 1 tok)
2026-04-30 14:11:20,511 mme_vla_suite.pseudo_labeling.topreward_qwen_scorer INFO: Prefix 5/8 (end=112, n_frames=23/113): reward=-24.6250 (mean, 1 tok)
2026-04-30 14:11:25,568 mme_vla_suite.pseudo_labeling.topreward_qwen_scorer INFO: Prefix 6/8 (end=135, n_frames=27/136): reward=-24.1250 (mean, 1 tok)
2026-04-30 14:11:30,476 mme_vla_suite.pseudo_labeling.topreward_qwen_scorer INFO: Prefix 7/8 (end=159, n_frames=32/160): reward=-23.7500 (mean, 1 tok)
2026-04-30 14:11:35,401 mme_vla_suite.pseudo_labeling.topreward_qwen_scorer INFO: Prefix 8/8 (end=183, n_frames=37/184): reward=-18.2500 (mean, 1 tok)
2026-04-30 14:11:40,935 mme_vla_suite.pseudo_labeling.topreward_qwen_scorer INFO: Prefix 1/8 (end=4, n_frames=4/5): reward=-21.2500 (mean, 1 tok)
2026-04-30 14:11:45,606 mme_vla_suite.pseudo_labeling.topreward_qwen_scorer INFO: Prefix 2/8 (end=10, n_frames=4/11): reward=-21.0000 (mean, 1 tok)
2026-04-30 14:11:50,324 mme_vla_suite.pseudo_labeling.topreward_qwen_scorer INFO: Prefix 3/8 (end=16, n_frames=4/17): reward=-21.3750 (mean, 1 tok)
2026-04-30 14:11:54,992 mme_vla_suite.pseudo_labeling.topreward_qwen_scorer INFO: Prefix 4/8 (end=22, n_frames=5/23): reward=-18.2500 (mean, 1 tok)
2026-04-30 14:11:59,657 mme_vla_suite.pseudo_labeling.topreward_qwen_scorer INFO: Prefix 5/8 (end=28, n_frames=6/29): reward=-18.6250 (mean, 1 tok)
2026-04-30 14:12:04,346 mme_vla_suite.pseudo_labeling.topreward_qwen_scorer INFO: Prefix 6/8 (end=34, n_frames=7/35): reward=-19.1250 (mean, 1 tok)
2026-04-30 14:12:09,218 mme_vla_suite.pseudo_labeling.topreward_qwen_scorer INFO: Prefix 7/8 (end=40, n_frames=8/41): reward=-18.7500 (mean, 1 tok)
2026-04-30 14:12:13,976 mme_vla_suite.pseudo_labeling.topreward_qwen_scorer INFO: Prefix 8/8 (end=46, n_frames=9/47): reward=-18.8750 (mean, 1 tok)
2026-04-30 14:12:19,627 mme_vla_suite.pseudo_labeling.topreward_qwen_scorer INFO: Prefix 1/8 (end=9, n_frames=4/10): reward=-25.0000 (mean, 1 tok)
2026-04-30 14:12:24,281 mme_vla_suite.pseudo_labeling.topreward_qwen_scorer INFO: Prefix 2/8 (end=21, n_frames=4/22): reward=-24.3750 (mean, 1 tok)
2026-04-30 14:12:28,973 mme_vla_suite.pseudo_labeling.topreward_qwen_scorer INFO: Prefix 3/8 (end=33, n_frames=7/34): reward=-24.2500 (mean, 1 tok)
2026-04-30 14:12:33,655 mme_vla_suite.pseudo_labeling.topreward_qwen_scorer INFO: Prefix 4/8 (end=45, n_frames=9/46): reward=-24.7500 (mean, 1 tok)
2026-04-30 14:12:38,339 mme_vla_suite.pseudo_labeling.topreward_qwen_scorer INFO: Prefix 5/8 (end=57, n_frames=12/58): reward=-25.1250 (mean, 1 tok)
2026-04-30 14:12:43,141 mme_vla_suite.pseudo_labeling.topreward_qwen_scorer INFO: Prefix 6/8 (end=69, n_frames=14/70): reward=-23.8750 (mean, 1 tok)
2026-04-30 14:12:47,887 mme_vla_suite.pseudo_labeling.topreward_qwen_scorer INFO: Prefix 7/8 (end=81, n_frames=16/82): reward=-24.5000 (mean, 1 tok)
2026-04-30 14:12:52,686 mme_vla_suite.pseudo_labeling.topreward_qwen_scorer INFO: Prefix 8/8 (end=93, n_frames=19/94): reward=-18.8750 (mean, 1 tok)
2026-04-30 14:12:57,912 mme_vla_suite.pseudo_labeling.topreward_qwen_scorer INFO: Prefix 1/8 (end=10, n_frames=4/11): reward=-24.7500 (mean, 1 tok)
2026-04-30 14:13:02,627 mme_vla_suite.pseudo_labeling.topreward_qwen_scorer INFO: Prefix 2/8 (end=22, n_frames=5/23): reward=-23.8750 (mean, 1 tok)
2026-04-30 14:13:07,334 mme_vla_suite.pseudo_labeling.topreward_qwen_scorer INFO: Prefix 3/8 (end=35, n_frames=7/36): reward=-23.8750 (mean, 1 tok)
2026-04-30 14:13:12,041 mme_vla_suite.pseudo_labeling.topreward_qwen_scorer INFO: Prefix 4/8 (end=48, n_frames=10/49): reward=-24.6250 (mean, 1 tok)
2026-04-30 14:13:16,780 mme_vla_suite.pseudo_labeling.topreward_qwen_scorer INFO: Prefix 5/8 (end=61, n_frames=12/62): reward=-24.6250 (mean, 1 tok)
2026-04-30 14:13:21,655 mme_vla_suite.pseudo_labeling.topreward_qwen_scorer INFO: Prefix 6/8 (end=74, n_frames=15/75): reward=-24.8750 (mean, 1 tok)
2026-04-30 14:13:26,489 mme_vla_suite.pseudo_labeling.topreward_qwen_scorer INFO: Prefix 7/8 (end=87, n_frames=18/88): reward=-23.1250 (mean, 1 tok)
2026-04-30 14:13:31,337 mme_vla_suite.pseudo_labeling.topreward_qwen_scorer INFO: Prefix 8/8 (end=100, n_frames=20/101): reward=-18.6250 (mean, 1 tok)
2026-04-30 14:13:37,140 mme_vla_suite.pseudo_labeling.topreward_qwen_scorer INFO: Prefix 1/8 (end=9, n_frames=4/10): reward=-23.5000 (mean, 1 tok)
2026-04-30 14:13:42,098 mme_vla_suite.pseudo_labeling.topreward_qwen_scorer INFO: Prefix 2/8 (end=21, n_frames=4/22): reward=-23.7500 (mean, 1 tok)
2026-04-30 14:13:46,798 mme_vla_suite.pseudo_labeling.topreward_qwen_scorer INFO: Prefix 3/8 (end=34, n_frames=7/35): reward=-23.8750 (mean, 1 tok)
2026-04-30 14:13:51,492 mme_vla_suite.pseudo_labeling.topreward_qwen_scorer INFO: Prefix 4/8 (end=47, n_frames=10/48): reward=-22.5000 (mean, 1 tok)
2026-04-30 14:13:56,196 mme_vla_suite.pseudo_labeling.topreward_qwen_scorer INFO: Prefix 5/8 (end=59, n_frames=12/60): reward=-22.7500 (mean, 1 tok)
2026-04-30 14:14:00,921 mme_vla_suite.pseudo_labeling.topreward_qwen_scorer INFO: Prefix 6/8 (end=72, n_frames=15/73): reward=-22.6250 (mean, 1 tok)
2026-04-30 14:14:05,682 mme_vla_suite.pseudo_labeling.topreward_qwen_scorer INFO: Prefix 7/8 (end=85, n_frames=17/86): reward=-21.8750 (mean, 1 tok)
2026-04-30 14:14:10,434 mme_vla_suite.pseudo_labeling.topreward_qwen_scorer INFO: Prefix 8/8 (end=98, n_frames=20/99): reward=-18.1250 (mean, 1 tok)
2026-04-30 14:14:15,896 mme_vla_suite.pseudo_labeling.topreward_qwen_scorer INFO: Prefix 1/8 (end=11, n_frames=4/12): reward=-23.5000 (mean, 1 tok)
2026-04-30 14:14:20,466 mme_vla_suite.pseudo_labeling.topreward_qwen_scorer INFO: Prefix 2/8 (end=25, n_frames=5/26): reward=-23.6250 (mean, 1 tok)
2026-04-30 14:14:25,006 mme_vla_suite.pseudo_labeling.topreward_qwen_scorer INFO: Prefix 3/8 (end=39, n_frames=8/40): reward=-23.2500 (mean, 1 tok)
2026-04-30 14:14:29,631 mme_vla_suite.pseudo_labeling.topreward_qwen_scorer INFO: Prefix 4/8 (end=53, n_frames=11/54): reward=-22.1250 (mean, 1 tok)
2026-04-30 14:14:34,204 mme_vla_suite.pseudo_labeling.topreward_qwen_scorer INFO: Prefix 5/8 (end=67, n_frames=14/68): reward=-22.3750 (mean, 1 tok)
2026-04-30 14:14:38,845 mme_vla_suite.pseudo_labeling.topreward_qwen_scorer INFO: Prefix 6/8 (end=81, n_frames=16/82): reward=-21.2500 (mean, 1 tok)
2026-04-30 14:14:43,512 mme_vla_suite.pseudo_labeling.topreward_qwen_scorer INFO: Prefix 7/8 (end=95, n_frames=19/96): reward=-17.8750 (mean, 1 tok)
2026-04-30 14:14:48,203 mme_vla_suite.pseudo_labeling.topreward_qwen_scorer INFO: Prefix 8/8 (end=109, n_frames=22/110): reward=-18.5000 (mean, 1 tok)
2026-04-30 14:14:53,613 mme_vla_suite.pseudo_labeling.topreward_qwen_scorer INFO: Prefix 1/8 (end=10, n_frames=4/11): reward=-24.1250 (mean, 1 tok)
2026-04-30 14:14:58,156 mme_vla_suite.pseudo_labeling.topreward_qwen_scorer INFO: Prefix 2/8 (end=23, n_frames=5/24): reward=-24.2500 (mean, 1 tok)
2026-04-30 14:15:02,744 mme_vla_suite.pseudo_labeling.topreward_qwen_scorer INFO: Prefix 3/8 (end=36, n_frames=7/37): reward=-23.1250 (mean, 1 tok)
2026-04-30 14:15:07,348 mme_vla_suite.pseudo_labeling.topreward_qwen_scorer INFO: Prefix 4/8 (end=50, n_frames=10/51): reward=-22.6250 (mean, 1 tok)
2026-04-30 14:15:12,071 mme_vla_suite.pseudo_labeling.topreward_qwen_scorer INFO: Prefix 5/8 (end=63, n_frames=13/64): reward=-24.0000 (mean, 1 tok)
2026-04-30 14:15:16,782 mme_vla_suite.pseudo_labeling.topreward_qwen_scorer INFO: Prefix 6/8 (end=77, n_frames=16/78): reward=-24.3750 (mean, 1 tok)
2026-04-30 14:15:21,442 mme_vla_suite.pseudo_labeling.topreward_qwen_scorer INFO: Prefix 7/8 (end=90, n_frames=18/91): reward=-20.0000 (mean, 1 tok)
2026-04-30 14:15:26,130 mme_vla_suite.pseudo_labeling.topreward_qwen_scorer INFO: Prefix 8/8 (end=104, n_frames=21/105): reward=-18.8750 (mean, 1 tok)
2026-04-30 14:15:31,603 mme_vla_suite.pseudo_labeling.topreward_qwen_scorer INFO: Prefix 1/8 (end=4, n_frames=4/5): reward=-21.1250 (mean, 1 tok)
2026-04-30 14:15:36,260 mme_vla_suite.pseudo_labeling.topreward_qwen_scorer INFO: Prefix 2/8 (end=10, n_frames=4/11): reward=-21.0000 (mean, 1 tok)
2026-04-30 14:15:40,883 mme_vla_suite.pseudo_labeling.topreward_qwen_scorer INFO: Prefix 3/8 (end=16, n_frames=4/17): reward=-21.5000 (mean, 1 tok)
2026-04-30 14:15:45,586 mme_vla_suite.pseudo_labeling.topreward_qwen_scorer INFO: Prefix 4/8 (end=22, n_frames=5/23): reward=-21.5000 (mean, 1 tok)
2026-04-30 14:15:50,280 mme_vla_suite.pseudo_labeling.topreward_qwen_scorer INFO: Prefix 5/8 (end=28, n_frames=6/29): reward=-21.3750 (mean, 1 tok)
2026-04-30 14:15:54,951 mme_vla_suite.pseudo_labeling.topreward_qwen_scorer INFO: Prefix 6/8 (end=34, n_frames=7/35): reward=-22.0000 (mean, 1 tok)
2026-04-30 14:15:59,628 mme_vla_suite.pseudo_labeling.topreward_qwen_scorer INFO: Prefix 7/8 (end=40, n_frames=8/41): reward=-21.6250 (mean, 1 tok)
2026-04-30 14:16:04,341 mme_vla_suite.pseudo_labeling.topreward_qwen_scorer INFO: Prefix 8/8 (end=47, n_frames=10/48): reward=-21.6250 (mean, 1 tok)
2026-04-30 14:16:10,031 mme_vla_suite.pseudo_labeling.topreward_qwen_scorer INFO: Prefix 1/8 (end=9, n_frames=4/10): reward=-24.5000 (mean, 1 tok)
2026-04-30 14:16:14,709 mme_vla_suite.pseudo_labeling.topreward_qwen_scorer INFO: Prefix 2/8 (end=20, n_frames=4/21): reward=-24.5000 (mean, 1 tok)
2026-04-30 14:16:19,389 mme_vla_suite.pseudo_labeling.topreward_qwen_scorer INFO: Prefix 3/8 (end=32, n_frames=7/33): reward=-24.1250 (mean, 1 tok)
2026-04-30 14:16:24,088 mme_vla_suite.pseudo_labeling.topreward_qwen_scorer INFO: Prefix 4/8 (end=44, n_frames=9/45): reward=-24.5000 (mean, 1 tok)
2026-04-30 14:16:28,800 mme_vla_suite.pseudo_labeling.topreward_qwen_scorer INFO: Prefix 5/8 (end=56, n_frames=11/57): reward=-24.8750 (mean, 1 tok)
2026-04-30 14:16:33,516 mme_vla_suite.pseudo_labeling.topreward_qwen_scorer INFO: Prefix 6/8 (end=68, n_frames=14/69): reward=-25.1250 (mean, 1 tok)
2026-04-30 14:16:38,555 mme_vla_suite.pseudo_labeling.topreward_qwen_scorer INFO: Prefix 7/8 (end=80, n_frames=16/81): reward=-25.0000 (mean, 1 tok)
2026-04-30 14:16:43,338 mme_vla_suite.pseudo_labeling.topreward_qwen_scorer INFO: Prefix 8/8 (end=92, n_frames=19/93): reward=-18.1250 (mean, 1 tok)
2026-04-30 14:16:48,703 mme_vla_suite.pseudo_labeling.topreward_qwen_scorer INFO: Prefix 1/8 (end=10, n_frames=4/11): reward=-24.2500 (mean, 1 tok)
2026-04-30 14:16:53,356 mme_vla_suite.pseudo_labeling.topreward_qwen_scorer INFO: Prefix 2/8 (end=22, n_frames=5/23): reward=-24.3750 (mean, 1 tok)
2026-04-30 14:16:58,299 mme_vla_suite.pseudo_labeling.topreward_qwen_scorer INFO: Prefix 3/8 (end=35, n_frames=7/36): reward=-24.7500 (mean, 1 tok)
2026-04-30 14:17:03,008 mme_vla_suite.pseudo_labeling.topreward_qwen_scorer INFO: Prefix 4/8 (end=48, n_frames=10/49): reward=-24.1250 (mean, 1 tok)
2026-04-30 14:17:07,872 mme_vla_suite.pseudo_labeling.topreward_qwen_scorer INFO: Prefix 5/8 (end=60, n_frames=12/61): reward=-24.6250 (mean, 1 tok)
2026-04-30 14:17:12,699 mme_vla_suite.pseudo_labeling.topreward_qwen_scorer INFO: Prefix 6/8 (end=73, n_frames=15/74): reward=-24.8750 (mean, 1 tok)
2026-04-30 14:17:17,487 mme_vla_suite.pseudo_labeling.topreward_qwen_scorer INFO: Prefix 7/8 (end=86, n_frames=17/87): reward=-20.0000 (mean, 1 tok)
2026-04-30 14:17:22,264 mme_vla_suite.pseudo_labeling.topreward_qwen_scorer INFO: Prefix 8/8 (end=99, n_frames=20/100): reward=-19.0000 (mean, 1 tok)
2026-04-30 14:17:27,810 mme_vla_suite.pseudo_labeling.topreward_qwen_scorer INFO: Prefix 1/8 (end=10, n_frames=4/11): reward=-23.8750 (mean, 1 tok)
2026-04-30 14:17:32,466 mme_vla_suite.pseudo_labeling.topreward_qwen_scorer INFO: Prefix 2/8 (end=23, n_frames=5/24): reward=-23.2500 (mean, 1 tok)
2026-04-30 14:17:37,151 mme_vla_suite.pseudo_labeling.topreward_qwen_scorer INFO: Prefix 3/8 (end=36, n_frames=7/37): reward=-21.8750 (mean, 1 tok)
2026-04-30 14:17:41,841 mme_vla_suite.pseudo_labeling.topreward_qwen_scorer INFO: Prefix 4/8 (end=49, n_frames=10/50): reward=-21.2500 (mean, 1 tok)
2026-04-30 14:17:46,580 mme_vla_suite.pseudo_labeling.topreward_qwen_scorer INFO: Prefix 5/8 (end=62, n_frames=13/63): reward=-22.2500 (mean, 1 tok)
2026-04-30 14:17:51,348 mme_vla_suite.pseudo_labeling.topreward_qwen_scorer INFO: Prefix 6/8 (end=75, n_frames=15/76): reward=-22.2500 (mean, 1 tok)
2026-04-30 14:17:56,113 mme_vla_suite.pseudo_labeling.topreward_qwen_scorer INFO: Prefix 7/8 (end=88, n_frames=18/89): reward=-18.6250 (mean, 1 tok)
2026-04-30 14:18:00,834 mme_vla_suite.pseudo_labeling.topreward_qwen_scorer INFO: Prefix 8/8 (end=101, n_frames=20/102): reward=-18.7500 (mean, 1 tok)
2026-04-30 14:18:06,428 mme_vla_suite.pseudo_labeling.topreward_qwen_scorer INFO: Prefix 1/8 (end=5, n_frames=4/6): reward=-18.6250 (mean, 1 tok)
2026-04-30 14:18:11,100 mme_vla_suite.pseudo_labeling.topreward_qwen_scorer INFO: Prefix 2/8 (end=11, n_frames=4/12): reward=-19.3750 (mean, 1 tok)
2026-04-30 14:18:16,014 mme_vla_suite.pseudo_labeling.topreward_qwen_scorer INFO: Prefix 3/8 (end=18, n_frames=4/19): reward=-18.2500 (mean, 1 tok)
2026-04-30 14:18:20,832 mme_vla_suite.pseudo_labeling.topreward_qwen_scorer INFO: Prefix 4/8 (end=24, n_frames=5/25): reward=-18.8750 (mean, 1 tok)
2026-04-30 14:18:25,508 mme_vla_suite.pseudo_labeling.topreward_qwen_scorer INFO: Prefix 5/8 (end=31, n_frames=6/32): reward=-19.8750 (mean, 1 tok)
2026-04-30 14:18:30,187 mme_vla_suite.pseudo_labeling.topreward_qwen_scorer INFO: Prefix 6/8 (end=37, n_frames=8/38): reward=-20.8750 (mean, 1 tok)
2026-04-30 14:18:34,872 mme_vla_suite.pseudo_labeling.topreward_qwen_scorer INFO: Prefix 7/8 (end=44, n_frames=9/45): reward=-16.7500 (mean, 1 tok)
2026-04-30 14:18:39,570 mme_vla_suite.pseudo_labeling.topreward_qwen_scorer INFO: Prefix 8/8 (end=51, n_frames=10/52): reward=-17.1250 (mean, 1 tok)
2026-04-30 14:18:45,253 mme_vla_suite.pseudo_labeling.topreward_qwen_scorer INFO: Prefix 1/8 (end=9, n_frames=4/10): reward=-24.2500 (mean, 1 tok)
2026-04-30 14:18:49,935 mme_vla_suite.pseudo_labeling.topreward_qwen_scorer INFO: Prefix 2/8 (end=21, n_frames=4/22): reward=-22.7500 (mean, 1 tok)
2026-04-30 14:18:54,699 mme_vla_suite.pseudo_labeling.topreward_qwen_scorer INFO: Prefix 3/8 (end=33, n_frames=7/34): reward=-21.5000 (mean, 1 tok)
2026-04-30 14:18:59,423 mme_vla_suite.pseudo_labeling.topreward_qwen_scorer INFO: Prefix 4/8 (end=45, n_frames=9/46): reward=-21.0000 (mean, 1 tok)
2026-04-30 14:19:04,155 mme_vla_suite.pseudo_labeling.topreward_qwen_scorer INFO: Prefix 5/8 (end=57, n_frames=12/58): reward=-20.7500 (mean, 1 tok)
2026-04-30 14:19:08,837 mme_vla_suite.pseudo_labeling.topreward_qwen_scorer INFO: Prefix 6/8 (end=69, n_frames=14/70): reward=-20.1250 (mean, 1 tok)
2026-04-30 14:19:13,566 mme_vla_suite.pseudo_labeling.topreward_qwen_scorer INFO: Prefix 7/8 (end=81, n_frames=16/82): reward=-20.3750 (mean, 1 tok)
2026-04-30 14:19:18,351 mme_vla_suite.pseudo_labeling.topreward_qwen_scorer INFO: Prefix 8/8 (end=93, n_frames=19/94): reward=-17.6250 (mean, 1 tok)
2026-04-30 14:19:24,024 mme_vla_suite.pseudo_labeling.topreward_qwen_scorer INFO: Prefix 1/8 (end=10, n_frames=4/11): reward=-23.7500 (mean, 1 tok)
2026-04-30 14:19:28,759 mme_vla_suite.pseudo_labeling.topreward_qwen_scorer INFO: Prefix 2/8 (end=23, n_frames=5/24): reward=-21.7500 (mean, 1 tok)
2026-04-30 14:19:33,449 mme_vla_suite.pseudo_labeling.topreward_qwen_scorer INFO: Prefix 3/8 (end=36, n_frames=7/37): reward=-21.8750 (mean, 1 tok)
2026-04-30 14:19:38,185 mme_vla_suite.pseudo_labeling.topreward_qwen_scorer INFO: Prefix 4/8 (end=49, n_frames=10/50): reward=-20.8750 (mean, 1 tok)
2026-04-30 14:19:42,907 mme_vla_suite.pseudo_labeling.topreward_qwen_scorer INFO: Prefix 5/8 (end=62, n_frames=13/63): reward=-20.3750 (mean, 1 tok)
2026-04-30 14:19:47,685 mme_vla_suite.pseudo_labeling.topreward_qwen_scorer INFO: Prefix 6/8 (end=75, n_frames=15/76): reward=-20.3750 (mean, 1 tok)
2026-04-30 14:19:52,387 mme_vla_suite.pseudo_labeling.topreward_qwen_scorer INFO: Prefix 7/8 (end=88, n_frames=18/89): reward=-16.5000 (mean, 1 tok)
2026-04-30 14:19:57,135 mme_vla_suite.pseudo_labeling.topreward_qwen_scorer INFO: Prefix 8/8 (end=101, n_frames=20/102): reward=-16.3750 (mean, 1 tok)
2026-04-30 14:20:02,614 mme_vla_suite.pseudo_labeling.topreward_qwen_scorer INFO: Prefix 1/8 (end=10, n_frames=4/11): reward=-24.2500 (mean, 1 tok)
2026-04-30 14:20:07,291 mme_vla_suite.pseudo_labeling.topreward_qwen_scorer INFO: Prefix 2/8 (end=23, n_frames=5/24): reward=-24.2500 (mean, 1 tok)
2026-04-30 14:20:12,013 mme_vla_suite.pseudo_labeling.topreward_qwen_scorer INFO: Prefix 3/8 (end=37, n_frames=8/38): reward=-23.3750 (mean, 1 tok)
2026-04-30 14:20:16,681 mme_vla_suite.pseudo_labeling.topreward_qwen_scorer INFO: Prefix 4/8 (end=50, n_frames=10/51): reward=-24.1250 (mean, 1 tok)
2026-04-30 14:20:21,321 mme_vla_suite.pseudo_labeling.topreward_qwen_scorer INFO: Prefix 5/8 (end=64, n_frames=13/65): reward=-24.2500 (mean, 1 tok)
2026-04-30 14:20:25,990 mme_vla_suite.pseudo_labeling.topreward_qwen_scorer INFO: Prefix 6/8 (end=77, n_frames=16/78): reward=-25.0000 (mean, 1 tok)
2026-04-30 14:20:30,734 mme_vla_suite.pseudo_labeling.topreward_qwen_scorer INFO: Prefix 7/8 (end=91, n_frames=18/92): reward=-24.7500 (mean, 1 tok)
2026-04-30 14:20:35,396 mme_vla_suite.pseudo_labeling.topreward_qwen_scorer INFO: Prefix 8/8 (end=105, n_frames=21/106): reward=-20.1250 (mean, 1 tok)
2026-04-30 14:20:40,762 mme_vla_suite.pseudo_labeling.topreward_qwen_scorer INFO: Prefix 1/8 (end=4, n_frames=4/5): reward=-21.7500 (mean, 1 tok)
2026-04-30 14:20:45,322 mme_vla_suite.pseudo_labeling.topreward_qwen_scorer INFO: Prefix 2/8 (end=10, n_frames=4/11): reward=-22.0000 (mean, 1 tok)
2026-04-30 14:20:49,915 mme_vla_suite.pseudo_labeling.topreward_qwen_scorer INFO: Prefix 3/8 (end=16, n_frames=4/17): reward=-22.6250 (mean, 1 tok)
2026-04-30 14:20:54,515 mme_vla_suite.pseudo_labeling.topreward_qwen_scorer INFO: Prefix 4/8 (end=22, n_frames=5/23): reward=-22.2500 (mean, 1 tok)
2026-04-30 14:20:59,082 mme_vla_suite.pseudo_labeling.topreward_qwen_scorer INFO: Prefix 5/8 (end=28, n_frames=6/29): reward=-21.6250 (mean, 1 tok)
2026-04-30 14:21:03,672 mme_vla_suite.pseudo_labeling.topreward_qwen_scorer INFO: Prefix 6/8 (end=34, n_frames=7/35): reward=-22.1250 (mean, 1 tok)
2026-04-30 14:21:08,245 mme_vla_suite.pseudo_labeling.topreward_qwen_scorer INFO: Prefix 7/8 (end=40, n_frames=8/41): reward=-21.6250 (mean, 1 tok)
2026-04-30 14:21:12,830 mme_vla_suite.pseudo_labeling.topreward_qwen_scorer INFO: Prefix 8/8 (end=46, n_frames=9/47): reward=-20.2500 (mean, 1 tok)
2026-04-30 14:21:18,202 mme_vla_suite.pseudo_labeling.topreward_qwen_scorer INFO: Prefix 1/8 (end=9, n_frames=4/10): reward=-25.0000 (mean, 1 tok)
2026-04-30 14:21:22,781 mme_vla_suite.pseudo_labeling.topreward_qwen_scorer INFO: Prefix 2/8 (end=20, n_frames=4/21): reward=-25.0000 (mean, 1 tok)
2026-04-30 14:21:27,376 mme_vla_suite.pseudo_labeling.topreward_qwen_scorer INFO: Prefix 3/8 (end=32, n_frames=7/33): reward=-25.0000 (mean, 1 tok)
2026-04-30 14:21:32,078 mme_vla_suite.pseudo_labeling.topreward_qwen_scorer INFO: Prefix 4/8 (end=44, n_frames=9/45): reward=-24.2500 (mean, 1 tok)
2026-04-30 14:21:37,073 mme_vla_suite.pseudo_labeling.topreward_qwen_scorer INFO: Prefix 5/8 (end=55, n_frames=11/56): reward=-24.2500 (mean, 1 tok)
2026-04-30 14:21:41,865 mme_vla_suite.pseudo_labeling.topreward_qwen_scorer INFO: Prefix 6/8 (end=67, n_frames=14/68): reward=-24.3750 (mean, 1 tok)
2026-04-30 14:21:46,711 mme_vla_suite.pseudo_labeling.topreward_qwen_scorer INFO: Prefix 7/8 (end=79, n_frames=16/80): reward=-25.2500 (mean, 1 tok)
2026-04-30 14:21:51,473 mme_vla_suite.pseudo_labeling.topreward_qwen_scorer INFO: Prefix 8/8 (end=91, n_frames=18/92): reward=-18.8750 (mean, 1 tok)
2026-04-30 14:21:56,764 mme_vla_suite.pseudo_labeling.topreward_qwen_scorer INFO: Prefix 1/8 (end=9, n_frames=4/10): reward=-25.0000 (mean, 1 tok)
2026-04-30 14:22:01,450 mme_vla_suite.pseudo_labeling.topreward_qwen_scorer INFO: Prefix 2/8 (end=21, n_frames=4/22): reward=-25.3750 (mean, 1 tok)
2026-04-30 14:22:06,159 mme_vla_suite.pseudo_labeling.topreward_qwen_scorer INFO: Prefix 3/8 (end=34, n_frames=7/35): reward=-24.1250 (mean, 1 tok)
2026-04-30 14:22:10,871 mme_vla_suite.pseudo_labeling.topreward_qwen_scorer INFO: Prefix 4/8 (end=47, n_frames=10/48): reward=-24.1250 (mean, 1 tok)
2026-04-30 14:22:15,600 mme_vla_suite.pseudo_labeling.topreward_qwen_scorer INFO: Prefix 5/8 (end=59, n_frames=12/60): reward=-23.7500 (mean, 1 tok)
2026-04-30 14:22:20,349 mme_vla_suite.pseudo_labeling.topreward_qwen_scorer INFO: Prefix 6/8 (end=72, n_frames=15/73): reward=-25.7500 (mean, 1 tok)
2026-04-30 14:22:25,107 mme_vla_suite.pseudo_labeling.topreward_qwen_scorer INFO: Prefix 7/8 (end=85, n_frames=17/86): reward=-24.2500 (mean, 1 tok)
2026-04-30 14:22:29,978 mme_vla_suite.pseudo_labeling.topreward_qwen_scorer INFO: Prefix 8/8 (end=98, n_frames=20/99): reward=-19.3750 (mean, 1 tok)
2026-04-30 14:22:35,551 mme_vla_suite.pseudo_labeling.topreward_qwen_scorer INFO: Prefix 1/8 (end=9, n_frames=4/10): reward=-24.1250 (mean, 1 tok)
2026-04-30 14:22:40,360 mme_vla_suite.pseudo_labeling.topreward_qwen_scorer INFO: Prefix 2/8 (end=21, n_frames=4/22): reward=-24.1250 (mean, 1 tok)
2026-04-30 14:22:45,047 mme_vla_suite.pseudo_labeling.topreward_qwen_scorer INFO: Prefix 3/8 (end=33, n_frames=7/34): reward=-23.5000 (mean, 1 tok)
2026-04-30 14:22:49,757 mme_vla_suite.pseudo_labeling.topreward_qwen_scorer INFO: Prefix 4/8 (end=46, n_frames=9/47): reward=-22.8750 (mean, 1 tok)
2026-04-30 14:22:54,526 mme_vla_suite.pseudo_labeling.topreward_qwen_scorer INFO: Prefix 5/8 (end=58, n_frames=12/59): reward=-22.8750 (mean, 1 tok)
2026-04-30 14:22:59,264 mme_vla_suite.pseudo_labeling.topreward_qwen_scorer INFO: Prefix 6/8 (end=71, n_frames=14/72): reward=-23.0000 (mean, 1 tok)
2026-04-30 14:23:04,102 mme_vla_suite.pseudo_labeling.topreward_qwen_scorer INFO: Prefix 7/8 (end=83, n_frames=17/84): reward=-23.8750 (mean, 1 tok)
2026-04-30 14:23:08,915 mme_vla_suite.pseudo_labeling.topreward_qwen_scorer INFO: Prefix 8/8 (end=96, n_frames=19/97): reward=-20.7500 (mean, 1 tok)
2026-04-30 14:23:14,379 mme_vla_suite.pseudo_labeling.topreward_qwen_scorer INFO: Prefix 1/8 (end=10, n_frames=4/11): reward=-24.1250 (mean, 1 tok)
2026-04-30 14:23:19,050 mme_vla_suite.pseudo_labeling.topreward_qwen_scorer INFO: Prefix 2/8 (end=23, n_frames=5/24): reward=-23.7500 (mean, 1 tok)
2026-04-30 14:23:23,783 mme_vla_suite.pseudo_labeling.topreward_qwen_scorer INFO: Prefix 3/8 (end=36, n_frames=7/37): reward=-22.6250 (mean, 1 tok)
2026-04-30 14:23:28,612 mme_vla_suite.pseudo_labeling.topreward_qwen_scorer INFO: Prefix 4/8 (end=50, n_frames=10/51): reward=-22.7500 (mean, 1 tok)
2026-04-30 14:23:33,522 mme_vla_suite.pseudo_labeling.topreward_qwen_scorer INFO: Prefix 5/8 (end=63, n_frames=13/64): reward=-24.0000 (mean, 1 tok)
2026-04-30 14:23:38,360 mme_vla_suite.pseudo_labeling.topreward_qwen_scorer INFO: Prefix 6/8 (end=77, n_frames=16/78): reward=-23.0000 (mean, 1 tok)
2026-04-30 14:23:43,174 mme_vla_suite.pseudo_labeling.topreward_qwen_scorer INFO: Prefix 7/8 (end=90, n_frames=18/91): reward=-24.2500 (mean, 1 tok)
2026-04-30 14:23:47,959 mme_vla_suite.pseudo_labeling.topreward_qwen_scorer INFO: Prefix 8/8 (end=104, n_frames=21/105): reward=-19.7500 (mean, 1 tok)
2026-04-30 14:23:53,648 mme_vla_suite.pseudo_labeling.topreward_qwen_scorer INFO: Prefix 1/8 (end=9, n_frames=4/10): reward=-24.0000 (mean, 1 tok)
2026-04-30 14:23:58,548 mme_vla_suite.pseudo_labeling.topreward_qwen_scorer INFO: Prefix 2/8 (end=21, n_frames=4/22): reward=-24.1250 (mean, 1 tok)
2026-04-30 14:24:03,239 mme_vla_suite.pseudo_labeling.topreward_qwen_scorer INFO: Prefix 3/8 (end=34, n_frames=7/35): reward=-23.0000 (mean, 1 tok)
2026-04-30 14:24:07,959 mme_vla_suite.pseudo_labeling.topreward_qwen_scorer INFO: Prefix 4/8 (end=47, n_frames=10/48): reward=-23.2500 (mean, 1 tok)
2026-04-30 14:24:12,691 mme_vla_suite.pseudo_labeling.topreward_qwen_scorer INFO: Prefix 5/8 (end=59, n_frames=12/60): reward=-22.5000 (mean, 1 tok)
2026-04-30 14:24:17,537 mme_vla_suite.pseudo_labeling.topreward_qwen_scorer INFO: Prefix 6/8 (end=72, n_frames=15/73): reward=-23.3750 (mean, 1 tok)
2026-04-30 14:24:22,233 mme_vla_suite.pseudo_labeling.topreward_qwen_scorer INFO: Prefix 7/8 (end=85, n_frames=17/86): reward=-22.7500 (mean, 1 tok)
2026-04-30 14:24:27,055 mme_vla_suite.pseudo_labeling.topreward_qwen_scorer INFO: Prefix 8/8 (end=98, n_frames=20/99): reward=-19.8750 (mean, 1 tok)
2026-04-30 14:24:32,767 mme_vla_suite.pseudo_labeling.topreward_qwen_scorer INFO: Prefix 1/8 (end=4, n_frames=4/5): reward=-20.0000 (mean, 1 tok)
2026-04-30 14:24:37,480 mme_vla_suite.pseudo_labeling.topreward_qwen_scorer INFO: Prefix 2/8 (end=9, n_frames=4/10): reward=-20.7500 (mean, 1 tok)
2026-04-30 14:24:42,172 mme_vla_suite.pseudo_labeling.topreward_qwen_scorer INFO: Prefix 3/8 (end=14, n_frames=4/15): reward=-21.0000 (mean, 1 tok)
2026-04-30 14:24:46,853 mme_vla_suite.pseudo_labeling.topreward_qwen_scorer INFO: Prefix 4/8 (end=19, n_frames=4/20): reward=-18.7500 (mean, 1 tok)
2026-04-30 14:24:51,539 mme_vla_suite.pseudo_labeling.topreward_qwen_scorer INFO: Prefix 5/8 (end=24, n_frames=5/25): reward=-19.6250 (mean, 1 tok)
2026-04-30 14:24:56,222 mme_vla_suite.pseudo_labeling.topreward_qwen_scorer INFO: Prefix 6/8 (end=29, n_frames=6/30): reward=-20.8750 (mean, 1 tok)
2026-04-30 14:25:00,891 mme_vla_suite.pseudo_labeling.topreward_qwen_scorer INFO: Prefix 7/8 (end=34, n_frames=7/35): reward=-20.1250 (mean, 1 tok)
2026-04-30 14:25:05,592 mme_vla_suite.pseudo_labeling.topreward_qwen_scorer INFO: Prefix 8/8 (end=40, n_frames=8/41): reward=-19.7500 (mean, 1 tok)
2026-04-30 14:25:11,331 mme_vla_suite.pseudo_labeling.topreward_qwen_scorer INFO: Prefix 1/8 (end=9, n_frames=4/10): reward=-25.1250 (mean, 1 tok)
2026-04-30 14:25:16,000 mme_vla_suite.pseudo_labeling.topreward_qwen_scorer INFO: Prefix 2/8 (end=20, n_frames=4/21): reward=-25.1250 (mean, 1 tok)
2026-04-30 14:25:20,668 mme_vla_suite.pseudo_labeling.topreward_qwen_scorer INFO: Prefix 3/8 (end=32, n_frames=7/33): reward=-25.2500 (mean, 1 tok)
2026-04-30 14:25:25,394 mme_vla_suite.pseudo_labeling.topreward_qwen_scorer INFO: Prefix 4/8 (end=43, n_frames=9/44): reward=-24.1250 (mean, 1 tok)
2026-04-30 14:25:30,116 mme_vla_suite.pseudo_labeling.topreward_qwen_scorer INFO: Prefix 5/8 (end=55, n_frames=11/56): reward=-24.8750 (mean, 1 tok)
2026-04-30 14:25:34,838 mme_vla_suite.pseudo_labeling.topreward_qwen_scorer INFO: Prefix 6/8 (end=66, n_frames=13/67): reward=-24.3750 (mean, 1 tok)
2026-04-30 14:25:39,616 mme_vla_suite.pseudo_labeling.topreward_qwen_scorer INFO: Prefix 7/8 (end=78, n_frames=16/79): reward=-24.5000 (mean, 1 tok)
2026-04-30 14:25:44,334 mme_vla_suite.pseudo_labeling.topreward_qwen_scorer INFO: Prefix 8/8 (end=90, n_frames=18/91): reward=-20.3750 (mean, 1 tok)
2026-04-30 14:25:49,690 mme_vla_suite.pseudo_labeling.topreward_qwen_scorer INFO: Prefix 1/8 (end=10, n_frames=4/11): reward=-25.1250 (mean, 1 tok)
2026-04-30 14:25:54,365 mme_vla_suite.pseudo_labeling.topreward_qwen_scorer INFO: Prefix 2/8 (end=23, n_frames=5/24): reward=-25.0000 (mean, 1 tok)
2026-04-30 14:25:59,053 mme_vla_suite.pseudo_labeling.topreward_qwen_scorer INFO: Prefix 3/8 (end=36, n_frames=7/37): reward=-24.8750 (mean, 1 tok)
2026-04-30 14:26:03,737 mme_vla_suite.pseudo_labeling.topreward_qwen_scorer INFO: Prefix 4/8 (end=49, n_frames=10/50): reward=-24.6250 (mean, 1 tok)
2026-04-30 14:26:08,462 mme_vla_suite.pseudo_labeling.topreward_qwen_scorer INFO: Prefix 5/8 (end=62, n_frames=13/63): reward=-24.8750 (mean, 1 tok)
2026-04-30 14:26:13,230 mme_vla_suite.pseudo_labeling.topreward_qwen_scorer INFO: Prefix 6/8 (end=75, n_frames=15/76): reward=-25.1250 (mean, 1 tok)
2026-04-30 14:26:17,977 mme_vla_suite.pseudo_labeling.topreward_qwen_scorer INFO: Prefix 7/8 (end=88, n_frames=18/89): reward=-21.0000 (mean, 1 tok)
2026-04-30 14:26:22,706 mme_vla_suite.pseudo_labeling.topreward_qwen_scorer INFO: Prefix 8/8 (end=101, n_frames=20/102): reward=-20.0000 (mean, 1 tok)
2026-04-30 14:26:28,179 mme_vla_suite.pseudo_labeling.topreward_qwen_scorer INFO: Prefix 1/8 (end=10, n_frames=4/11): reward=-23.7500 (mean, 1 tok)
2026-04-30 14:26:32,775 mme_vla_suite.pseudo_labeling.topreward_qwen_scorer INFO: Prefix 2/8 (end=22, n_frames=5/23): reward=-23.7500 (mean, 1 tok)
2026-04-30 14:26:37,331 mme_vla_suite.pseudo_labeling.topreward_qwen_scorer INFO: Prefix 3/8 (end=35, n_frames=7/36): reward=-22.3750 (mean, 1 tok)
2026-04-30 14:26:41,953 mme_vla_suite.pseudo_labeling.topreward_qwen_scorer INFO: Prefix 4/8 (end=48, n_frames=10/49): reward=-22.6250 (mean, 1 tok)
2026-04-30 14:26:46,752 mme_vla_suite.pseudo_labeling.topreward_qwen_scorer INFO: Prefix 5/8 (end=61, n_frames=12/62): reward=-22.3750 (mean, 1 tok)
2026-04-30 14:26:51,541 mme_vla_suite.pseudo_labeling.topreward_qwen_scorer INFO: Prefix 6/8 (end=74, n_frames=15/75): reward=-22.8750 (mean, 1 tok)
2026-04-30 14:26:56,252 mme_vla_suite.pseudo_labeling.topreward_qwen_scorer INFO: Prefix 7/8 (end=87, n_frames=18/88): reward=-21.8750 (mean, 1 tok)
2026-04-30 14:27:00,975 mme_vla_suite.pseudo_labeling.topreward_qwen_scorer INFO: Prefix 8/8 (end=100, n_frames=20/101): reward=-18.7500 (mean, 1 tok)
2026-04-30 14:27:06,449 mme_vla_suite.pseudo_labeling.topreward_qwen_scorer INFO: Prefix 1/8 (end=5, n_frames=4/6): reward=-20.3750 (mean, 1 tok)
2026-04-30 14:27:11,131 mme_vla_suite.pseudo_labeling.topreward_qwen_scorer INFO: Prefix 2/8 (end=11, n_frames=4/12): reward=-20.5000 (mean, 1 tok)
2026-04-30 14:27:15,803 mme_vla_suite.pseudo_labeling.topreward_qwen_scorer INFO: Prefix 3/8 (end=17, n_frames=4/18): reward=-18.7500 (mean, 1 tok)
2026-04-30 14:27:20,386 mme_vla_suite.pseudo_labeling.topreward_qwen_scorer INFO: Prefix 4/8 (end=23, n_frames=5/24): reward=-20.6250 (mean, 1 tok)
2026-04-30 14:27:24,945 mme_vla_suite.pseudo_labeling.topreward_qwen_scorer INFO: Prefix 5/8 (end=30, n_frames=6/31): reward=-21.5000 (mean, 1 tok)
2026-04-30 14:27:29,558 mme_vla_suite.pseudo_labeling.topreward_qwen_scorer INFO: Prefix 6/8 (end=36, n_frames=7/37): reward=-21.2500 (mean, 1 tok)
2026-04-30 14:27:34,261 mme_vla_suite.pseudo_labeling.topreward_qwen_scorer INFO: Prefix 7/8 (end=42, n_frames=9/43): reward=-19.5000 (mean, 1 tok)
2026-04-30 14:27:38,941 mme_vla_suite.pseudo_labeling.topreward_qwen_scorer INFO: Prefix 8/8 (end=49, n_frames=10/50): reward=-19.5000 (mean, 1 tok)
2026-04-30 14:27:44,489 mme_vla_suite.pseudo_labeling.topreward_qwen_scorer INFO: Prefix 1/8 (end=8, n_frames=4/9): reward=-23.6250 (mean, 1 tok)
2026-04-30 14:27:49,167 mme_vla_suite.pseudo_labeling.topreward_qwen_scorer INFO: Prefix 2/8 (end=19, n_frames=4/20): reward=-23.6250 (mean, 1 tok)
2026-04-30 14:27:53,837 mme_vla_suite.pseudo_labeling.topreward_qwen_scorer INFO: Prefix 3/8 (end=30, n_frames=6/31): reward=-22.1250 (mean, 1 tok)
2026-04-30 14:27:58,540 mme_vla_suite.pseudo_labeling.topreward_qwen_scorer INFO: Prefix 4/8 (end=42, n_frames=9/43): reward=-21.8750 (mean, 1 tok)
2026-04-30 14:28:03,279 mme_vla_suite.pseudo_labeling.topreward_qwen_scorer INFO: Prefix 5/8 (end=53, n_frames=11/54): reward=-21.5000 (mean, 1 tok)
2026-04-30 14:28:08,056 mme_vla_suite.pseudo_labeling.topreward_qwen_scorer INFO: Prefix 6/8 (end=65, n_frames=13/66): reward=-20.6250 (mean, 1 tok)
2026-04-30 14:28:12,814 mme_vla_suite.pseudo_labeling.topreward_qwen_scorer INFO: Prefix 7/8 (end=76, n_frames=15/77): reward=-22.0000 (mean, 1 tok)
2026-04-30 14:28:17,585 mme_vla_suite.pseudo_labeling.topreward_qwen_scorer INFO: Prefix 8/8 (end=88, n_frames=18/89): reward=-17.0000 (mean, 1 tok)
2026-04-30 14:28:22,990 mme_vla_suite.pseudo_labeling.topreward_qwen_scorer INFO: Prefix 1/8 (end=9, n_frames=4/10): reward=-23.7500 (mean, 1 tok)
2026-04-30 14:28:27,664 mme_vla_suite.pseudo_labeling.topreward_qwen_scorer INFO: Prefix 2/8 (end=21, n_frames=4/22): reward=-23.6250 (mean, 1 tok)
2026-04-30 14:28:32,442 mme_vla_suite.pseudo_labeling.topreward_qwen_scorer INFO: Prefix 3/8 (end=33, n_frames=7/34): reward=-22.1250 (mean, 1 tok)
2026-04-30 14:28:37,150 mme_vla_suite.pseudo_labeling.topreward_qwen_scorer INFO: Prefix 4/8 (end=46, n_frames=9/47): reward=-22.3750 (mean, 1 tok)
2026-04-30 14:28:41,848 mme_vla_suite.pseudo_labeling.topreward_qwen_scorer INFO: Prefix 5/8 (end=58, n_frames=12/59): reward=-21.3750 (mean, 1 tok)
2026-04-30 14:28:46,606 mme_vla_suite.pseudo_labeling.topreward_qwen_scorer INFO: Prefix 6/8 (end=71, n_frames=14/72): reward=-21.5000 (mean, 1 tok)
2026-04-30 14:28:51,350 mme_vla_suite.pseudo_labeling.topreward_qwen_scorer INFO: Prefix 7/8 (end=83, n_frames=17/84): reward=-17.2500 (mean, 1 tok)
2026-04-30 14:28:56,110 mme_vla_suite.pseudo_labeling.topreward_qwen_scorer INFO: Prefix 8/8 (end=96, n_frames=19/97): reward=-18.0000 (mean, 1 tok)
2026-04-30 14:29:01,685 mme_vla_suite.pseudo_labeling.topreward_qwen_scorer INFO: Prefix 1/8 (end=9, n_frames=4/10): reward=-24.1250 (mean, 1 tok)
2026-04-30 14:29:06,386 mme_vla_suite.pseudo_labeling.topreward_qwen_scorer INFO: Prefix 2/8 (end=21, n_frames=4/22): reward=-23.8750 (mean, 1 tok)
2026-04-30 14:29:11,088 mme_vla_suite.pseudo_labeling.topreward_qwen_scorer INFO: Prefix 3/8 (end=33, n_frames=7/34): reward=-22.3750 (mean, 1 tok)
2026-04-30 14:29:15,791 mme_vla_suite.pseudo_labeling.topreward_qwen_scorer INFO: Prefix 4/8 (end=45, n_frames=9/46): reward=-22.3750 (mean, 1 tok)
2026-04-30 14:29:20,496 mme_vla_suite.pseudo_labeling.topreward_qwen_scorer INFO: Prefix 5/8 (end=57, n_frames=12/58): reward=-23.1250 (mean, 1 tok)
2026-04-30 14:29:25,175 mme_vla_suite.pseudo_labeling.topreward_qwen_scorer INFO: Prefix 6/8 (end=69, n_frames=14/70): reward=-24.0000 (mean, 1 tok)
2026-04-30 14:29:29,968 mme_vla_suite.pseudo_labeling.topreward_qwen_scorer INFO: Prefix 7/8 (end=81, n_frames=16/82): reward=-24.0000 (mean, 1 tok)
2026-04-30 14:29:34,727 mme_vla_suite.pseudo_labeling.topreward_qwen_scorer INFO: Prefix 8/8 (end=93, n_frames=19/94): reward=-20.5000 (mean, 1 tok)
2026-04-30 14:29:40,202 mme_vla_suite.pseudo_labeling.topreward_qwen_scorer INFO: Prefix 1/8 (end=10, n_frames=4/11): reward=-24.1250 (mean, 1 tok)
2026-04-30 14:29:44,851 mme_vla_suite.pseudo_labeling.topreward_qwen_scorer INFO: Prefix 2/8 (end=22, n_frames=5/23): reward=-23.8750 (mean, 1 tok)
2026-04-30 14:29:49,589 mme_vla_suite.pseudo_labeling.topreward_qwen_scorer INFO: Prefix 3/8 (end=35, n_frames=7/36): reward=-23.0000 (mean, 1 tok)
2026-04-30 14:29:54,295 mme_vla_suite.pseudo_labeling.topreward_qwen_scorer INFO: Prefix 4/8 (end=48, n_frames=10/49): reward=-22.5000 (mean, 1 tok)
2026-04-30 14:29:58,985 mme_vla_suite.pseudo_labeling.topreward_qwen_scorer INFO: Prefix 5/8 (end=60, n_frames=12/61): reward=-23.1250 (mean, 1 tok)
2026-04-30 14:30:03,702 mme_vla_suite.pseudo_labeling.topreward_qwen_scorer INFO: Prefix 6/8 (end=73, n_frames=15/74): reward=-24.0000 (mean, 1 tok)
2026-04-30 14:30:08,441 mme_vla_suite.pseudo_labeling.topreward_qwen_scorer INFO: Prefix 7/8 (end=86, n_frames=17/87): reward=-23.2500 (mean, 1 tok)
2026-04-30 14:30:13,383 mme_vla_suite.pseudo_labeling.topreward_qwen_scorer INFO: Prefix 8/8 (end=99, n_frames=20/100): reward=-20.2500 (mean, 1 tok)
2026-04-30 14:30:19,837 mme_vla_suite.pseudo_labeling.topreward_qwen_scorer INFO: Prefix 1/8 (end=9, n_frames=4/10): reward=-23.8750 (mean, 1 tok)
2026-04-30 14:30:24,548 mme_vla_suite.pseudo_labeling.topreward_qwen_scorer INFO: Prefix 2/8 (end=20, n_frames=4/21): reward=-23.8750 (mean, 1 tok)
2026-04-30 14:30:29,196 mme_vla_suite.pseudo_labeling.topreward_qwen_scorer INFO: Prefix 3/8 (end=32, n_frames=7/33): reward=-22.1250 (mean, 1 tok)
2026-04-30 14:30:33,903 mme_vla_suite.pseudo_labeling.topreward_qwen_scorer INFO: Prefix 4/8 (end=43, n_frames=9/44): reward=-22.1250 (mean, 1 tok)
2026-04-30 14:30:38,608 mme_vla_suite.pseudo_labeling.topreward_qwen_scorer INFO: Prefix 5/8 (end=55, n_frames=11/56): reward=-22.6250 (mean, 1 tok)
2026-04-30 14:30:43,344 mme_vla_suite.pseudo_labeling.topreward_qwen_scorer INFO: Prefix 6/8 (end=66, n_frames=13/67): reward=-23.5000 (mean, 1 tok)
2026-04-30 14:30:48,095 mme_vla_suite.pseudo_labeling.topreward_qwen_scorer INFO: Prefix 7/8 (end=78, n_frames=16/79): reward=-23.7500 (mean, 1 tok)
2026-04-30 14:30:52,841 mme_vla_suite.pseudo_labeling.topreward_qwen_scorer INFO: Prefix 8/8 (end=90, n_frames=18/91): reward=-19.1250 (mean, 1 tok)
2026-04-30 14:30:58,270 mme_vla_suite.pseudo_labeling.topreward_qwen_scorer INFO: Prefix 1/8 (end=9, n_frames=4/10): reward=-23.8750 (mean, 1 tok)
2026-04-30 14:31:02,887 mme_vla_suite.pseudo_labeling.topreward_qwen_scorer INFO: Prefix 2/8 (end=21, n_frames=4/22): reward=-24.0000 (mean, 1 tok)
2026-04-30 14:31:07,525 mme_vla_suite.pseudo_labeling.topreward_qwen_scorer INFO: Prefix 3/8 (end=34, n_frames=7/35): reward=-21.5000 (mean, 1 tok)
2026-04-30 14:31:12,415 mme_vla_suite.pseudo_labeling.topreward_qwen_scorer INFO: Prefix 4/8 (end=47, n_frames=10/48): reward=-23.0000 (mean, 1 tok)
2026-04-30 14:31:17,317 mme_vla_suite.pseudo_labeling.topreward_qwen_scorer INFO: Prefix 5/8 (end=59, n_frames=12/60): reward=-23.3750 (mean, 1 tok)
2026-04-30 14:31:22,036 mme_vla_suite.pseudo_labeling.topreward_qwen_scorer INFO: Prefix 6/8 (end=72, n_frames=15/73): reward=-24.0000 (mean, 1 tok)
2026-04-30 14:31:26,751 mme_vla_suite.pseudo_labeling.topreward_qwen_scorer INFO: Prefix 7/8 (end=85, n_frames=17/86): reward=-20.2500 (mean, 1 tok)
2026-04-30 14:31:31,721 mme_vla_suite.pseudo_labeling.topreward_qwen_scorer INFO: Prefix 8/8 (end=98, n_frames=20/99): reward=-20.0000 (mean, 1 tok)
2026-04-30 14:31:37,427 mme_vla_suite.pseudo_labeling.topreward_qwen_scorer INFO: Prefix 1/8 (end=11, n_frames=4/12): reward=-23.5000 (mean, 1 tok)
2026-04-30 14:31:42,250 mme_vla_suite.pseudo_labeling.topreward_qwen_scorer INFO: Prefix 2/8 (end=25, n_frames=5/26): reward=-23.3750 (mean, 1 tok)
2026-04-30 14:31:47,061 mme_vla_suite.pseudo_labeling.topreward_qwen_scorer INFO: Prefix 3/8 (end=39, n_frames=8/40): reward=-22.5000 (mean, 1 tok)
2026-04-30 14:31:51,971 mme_vla_suite.pseudo_labeling.topreward_qwen_scorer INFO: Prefix 4/8 (end=53, n_frames=11/54): reward=-22.1250 (mean, 1 tok)
2026-04-30 14:31:56,770 mme_vla_suite.pseudo_labeling.topreward_qwen_scorer INFO: Prefix 5/8 (end=68, n_frames=14/69): reward=-23.6250 (mean, 1 tok)
2026-04-30 14:32:01,776 mme_vla_suite.pseudo_labeling.topreward_qwen_scorer INFO: Prefix 6/8 (end=82, n_frames=17/83): reward=-22.1250 (mean, 1 tok)
2026-04-30 14:32:06,502 mme_vla_suite.pseudo_labeling.topreward_qwen_scorer INFO: Prefix 7/8 (end=96, n_frames=19/97): reward=-19.8750 (mean, 1 tok)
2026-04-30 14:32:11,255 mme_vla_suite.pseudo_labeling.topreward_qwen_scorer INFO: Prefix 8/8 (end=111, n_frames=22/112): reward=-18.5000 (mean, 1 tok)
2026-04-30 14:32:16,653 mme_vla_suite.pseudo_labeling.topreward_qwen_scorer INFO: Prefix 1/8 (end=4, n_frames=4/5): reward=-21.1250 (mean, 1 tok)
2026-04-30 14:32:21,335 mme_vla_suite.pseudo_labeling.topreward_qwen_scorer INFO: Prefix 2/8 (end=10, n_frames=4/11): reward=-21.7500 (mean, 1 tok)
2026-04-30 14:32:25,988 mme_vla_suite.pseudo_labeling.topreward_qwen_scorer INFO: Prefix 3/8 (end=16, n_frames=4/17): reward=-22.2500 (mean, 1 tok)
2026-04-30 14:32:30,643 mme_vla_suite.pseudo_labeling.topreward_qwen_scorer INFO: Prefix 4/8 (end=22, n_frames=5/23): reward=-21.3750 (mean, 1 tok)
2026-04-30 14:32:35,293 mme_vla_suite.pseudo_labeling.topreward_qwen_scorer INFO: Prefix 5/8 (end=28, n_frames=6/29): reward=-21.1250 (mean, 1 tok)
2026-04-30 14:32:39,907 mme_vla_suite.pseudo_labeling.topreward_qwen_scorer INFO: Prefix 6/8 (end=34, n_frames=7/35): reward=-22.0000 (mean, 1 tok)
2026-04-30 14:32:44,521 mme_vla_suite.pseudo_labeling.topreward_qwen_scorer INFO: Prefix 7/8 (end=40, n_frames=8/41): reward=-21.3750 (mean, 1 tok)
2026-04-30 14:32:49,166 mme_vla_suite.pseudo_labeling.topreward_qwen_scorer INFO: Prefix 8/8 (end=47, n_frames=10/48): reward=-19.8750 (mean, 1 tok)
2026-04-30 14:32:54,641 mme_vla_suite.pseudo_labeling.topreward_qwen_scorer INFO: Prefix 1/8 (end=10, n_frames=4/11): reward=-25.1250 (mean, 1 tok)
2026-04-30 14:32:59,258 mme_vla_suite.pseudo_labeling.topreward_qwen_scorer INFO: Prefix 2/8 (end=22, n_frames=5/23): reward=-23.8750 (mean, 1 tok)
2026-04-30 14:33:03,928 mme_vla_suite.pseudo_labeling.topreward_qwen_scorer INFO: Prefix 3/8 (end=35, n_frames=7/36): reward=-23.6250 (mean, 1 tok)
2026-04-30 14:33:08,541 mme_vla_suite.pseudo_labeling.topreward_qwen_scorer INFO: Prefix 4/8 (end=48, n_frames=10/49): reward=-23.7500 (mean, 1 tok)
2026-04-30 14:33:13,193 mme_vla_suite.pseudo_labeling.topreward_qwen_scorer INFO: Prefix 5/8 (end=60, n_frames=12/61): reward=-23.2500 (mean, 1 tok)
2026-04-30 14:33:17,860 mme_vla_suite.pseudo_labeling.topreward_qwen_scorer INFO: Prefix 6/8 (end=73, n_frames=15/74): reward=-22.5000 (mean, 1 tok)
2026-04-30 14:33:22,554 mme_vla_suite.pseudo_labeling.topreward_qwen_scorer INFO: Prefix 7/8 (end=86, n_frames=17/87): reward=-22.2500 (mean, 1 tok)
2026-04-30 14:33:27,244 mme_vla_suite.pseudo_labeling.topreward_qwen_scorer INFO: Prefix 8/8 (end=99, n_frames=20/100): reward=-17.8750 (mean, 1 tok)
2026-04-30 14:33:32,533 mme_vla_suite.pseudo_labeling.topreward_qwen_scorer INFO: Prefix 1/8 (end=10, n_frames=4/11): reward=-25.1250 (mean, 1 tok)
2026-04-30 14:33:37,143 mme_vla_suite.pseudo_labeling.topreward_qwen_scorer INFO: Prefix 2/8 (end=23, n_frames=5/24): reward=-24.1250 (mean, 1 tok)
2026-04-30 14:33:41,885 mme_vla_suite.pseudo_labeling.topreward_qwen_scorer INFO: Prefix 3/8 (end=37, n_frames=8/38): reward=-24.0000 (mean, 1 tok)
2026-04-30 14:33:46,527 mme_vla_suite.pseudo_labeling.topreward_qwen_scorer INFO: Prefix 4/8 (end=51, n_frames=10/52): reward=-24.3750 (mean, 1 tok)
2026-04-30 14:33:51,334 mme_vla_suite.pseudo_labeling.topreward_qwen_scorer INFO: Prefix 5/8 (end=64, n_frames=13/65): reward=-23.7500 (mean, 1 tok)
2026-04-30 14:33:56,080 mme_vla_suite.pseudo_labeling.topreward_qwen_scorer INFO: Prefix 6/8 (end=78, n_frames=16/79): reward=-22.5000 (mean, 1 tok)
2026-04-30 14:34:00,871 mme_vla_suite.pseudo_labeling.topreward_qwen_scorer INFO: Prefix 7/8 (end=92, n_frames=19/93): reward=-22.5000 (mean, 1 tok)
2026-04-30 14:34:05,596 mme_vla_suite.pseudo_labeling.topreward_qwen_scorer INFO: Prefix 8/8 (end=106, n_frames=21/107): reward=-17.6250 (mean, 1 tok)
2026-04-30 14:34:11,161 mme_vla_suite.pseudo_labeling.topreward_qwen_scorer INFO: Prefix 1/8 (end=9, n_frames=4/10): reward=-23.8750 (mean, 1 tok)
2026-04-30 14:34:15,849 mme_vla_suite.pseudo_labeling.topreward_qwen_scorer INFO: Prefix 2/8 (end=21, n_frames=4/22): reward=-23.7500 (mean, 1 tok)
2026-04-30 14:34:20,574 mme_vla_suite.pseudo_labeling.topreward_qwen_scorer INFO: Prefix 3/8 (end=33, n_frames=7/34): reward=-23.3750 (mean, 1 tok)
2026-04-30 14:34:25,285 mme_vla_suite.pseudo_labeling.topreward_qwen_scorer INFO: Prefix 4/8 (end=45, n_frames=9/46): reward=-22.3750 (mean, 1 tok)
2026-04-30 14:34:30,001 mme_vla_suite.pseudo_labeling.topreward_qwen_scorer INFO: Prefix 5/8 (end=57, n_frames=12/58): reward=-22.3750 (mean, 1 tok)
2026-04-30 14:34:34,731 mme_vla_suite.pseudo_labeling.topreward_qwen_scorer INFO: Prefix 6/8 (end=69, n_frames=14/70): reward=-22.1250 (mean, 1 tok)
2026-04-30 14:34:39,685 mme_vla_suite.pseudo_labeling.topreward_qwen_scorer INFO: Prefix 7/8 (end=81, n_frames=16/82): reward=-22.3750 (mean, 1 tok)
2026-04-30 14:34:44,476 mme_vla_suite.pseudo_labeling.topreward_qwen_scorer INFO: Prefix 8/8 (end=94, n_frames=19/95): reward=-18.3750 (mean, 1 tok)
2026-04-30 14:34:49,781 mme_vla_suite.pseudo_labeling.topreward_qwen_scorer INFO: Prefix 1/8 (end=10, n_frames=4/11): reward=-23.8750 (mean, 1 tok)
2026-04-30 14:34:54,572 mme_vla_suite.pseudo_labeling.topreward_qwen_scorer INFO: Prefix 2/8 (end=23, n_frames=5/24): reward=-23.5000 (mean, 1 tok)
2026-04-30 14:34:59,459 mme_vla_suite.pseudo_labeling.topreward_qwen_scorer INFO: Prefix 3/8 (end=36, n_frames=7/37): reward=-22.7500 (mean, 1 tok)
2026-04-30 14:35:04,140 mme_vla_suite.pseudo_labeling.topreward_qwen_scorer INFO: Prefix 4/8 (end=49, n_frames=10/50): reward=-22.1250 (mean, 1 tok)
2026-04-30 14:35:08,804 mme_vla_suite.pseudo_labeling.topreward_qwen_scorer INFO: Prefix 5/8 (end=62, n_frames=13/63): reward=-22.2500 (mean, 1 tok)
2026-04-30 14:35:13,566 mme_vla_suite.pseudo_labeling.topreward_qwen_scorer INFO: Prefix 6/8 (end=75, n_frames=15/76): reward=-22.7500 (mean, 1 tok)
2026-04-30 14:35:18,318 mme_vla_suite.pseudo_labeling.topreward_qwen_scorer INFO: Prefix 7/8 (end=88, n_frames=18/89): reward=-19.8750 (mean, 1 tok)
2026-04-30 14:35:23,064 mme_vla_suite.pseudo_labeling.topreward_qwen_scorer INFO: Prefix 8/8 (end=101, n_frames=20/102): reward=-19.0000 (mean, 1 tok)
2026-04-30 14:35:28,876 mme_vla_suite.pseudo_labeling.topreward_qwen_scorer INFO: Prefix 1/8 (end=11, n_frames=4/12): reward=-24.1250 (mean, 1 tok)
2026-04-30 14:35:33,568 mme_vla_suite.pseudo_labeling.topreward_qwen_scorer INFO: Prefix 2/8 (end=25, n_frames=5/26): reward=-24.0000 (mean, 1 tok)
2026-04-30 14:35:38,257 mme_vla_suite.pseudo_labeling.topreward_qwen_scorer INFO: Prefix 3/8 (end=39, n_frames=8/40): reward=-23.2500 (mean, 1 tok)
2026-04-30 14:35:42,978 mme_vla_suite.pseudo_labeling.topreward_qwen_scorer INFO: Prefix 4/8 (end=53, n_frames=11/54): reward=-22.8750 (mean, 1 tok)
2026-04-30 14:35:47,706 mme_vla_suite.pseudo_labeling.topreward_qwen_scorer INFO: Prefix 5/8 (end=67, n_frames=14/68): reward=-22.6250 (mean, 1 tok)
2026-04-30 14:35:52,837 mme_vla_suite.pseudo_labeling.topreward_qwen_scorer INFO: Prefix 6/8 (end=81, n_frames=16/82): reward=-22.6250 (mean, 1 tok)
2026-04-30 14:35:57,630 mme_vla_suite.pseudo_labeling.topreward_qwen_scorer INFO: Prefix 7/8 (end=95, n_frames=19/96): reward=-18.8750 (mean, 1 tok)
2026-04-30 14:36:02,467 mme_vla_suite.pseudo_labeling.topreward_qwen_scorer INFO: Prefix 8/8 (end=109, n_frames=22/110): reward=-19.0000 (mean, 1 tok)
2026-04-30 14:36:07,958 mme_vla_suite.pseudo_labeling.topreward_qwen_scorer INFO: Prefix 1/8 (end=5, n_frames=4/6): reward=-20.7500 (mean, 1 tok)
2026-04-30 14:36:12,666 mme_vla_suite.pseudo_labeling.topreward_qwen_scorer INFO: Prefix 2/8 (end=11, n_frames=4/12): reward=-20.3750 (mean, 1 tok)
2026-04-30 14:36:17,359 mme_vla_suite.pseudo_labeling.topreward_qwen_scorer INFO: Prefix 3/8 (end=17, n_frames=4/18): reward=-19.6250 (mean, 1 tok)
2026-04-30 14:36:22,081 mme_vla_suite.pseudo_labeling.topreward_qwen_scorer INFO: Prefix 4/8 (end=24, n_frames=5/25): reward=-19.1250 (mean, 1 tok)
2026-04-30 14:36:26,777 mme_vla_suite.pseudo_labeling.topreward_qwen_scorer INFO: Prefix 5/8 (end=30, n_frames=6/31): reward=-18.6250 (mean, 1 tok)
2026-04-30 14:36:31,431 mme_vla_suite.pseudo_labeling.topreward_qwen_scorer INFO: Prefix 6/8 (end=37, n_frames=8/38): reward=-20.5000 (mean, 1 tok)
2026-04-30 14:36:36,159 mme_vla_suite.pseudo_labeling.topreward_qwen_scorer INFO: Prefix 7/8 (end=43, n_frames=9/44): reward=-18.2500 (mean, 1 tok)
2026-04-30 14:36:40,875 mme_vla_suite.pseudo_labeling.topreward_qwen_scorer INFO: Prefix 8/8 (end=50, n_frames=10/51): reward=-17.8750 (mean, 1 tok)
2026-04-30 14:36:46,485 mme_vla_suite.pseudo_labeling.topreward_qwen_scorer INFO: Prefix 1/8 (end=8, n_frames=4/9): reward=-23.5000 (mean, 1 tok)
2026-04-30 14:36:51,162 mme_vla_suite.pseudo_labeling.topreward_qwen_scorer INFO: Prefix 2/8 (end=19, n_frames=4/20): reward=-22.8750 (mean, 1 tok)
2026-04-30 14:36:55,912 mme_vla_suite.pseudo_labeling.topreward_qwen_scorer INFO: Prefix 3/8 (end=30, n_frames=6/31): reward=-22.0000 (mean, 1 tok)
2026-04-30 14:37:00,613 mme_vla_suite.pseudo_labeling.topreward_qwen_scorer INFO: Prefix 4/8 (end=41, n_frames=8/42): reward=-22.8750 (mean, 1 tok)
2026-04-30 14:37:05,314 mme_vla_suite.pseudo_labeling.topreward_qwen_scorer INFO: Prefix 5/8 (end=53, n_frames=11/54): reward=-22.7500 (mean, 1 tok)
2026-04-30 14:37:10,017 mme_vla_suite.pseudo_labeling.topreward_qwen_scorer INFO: Prefix 6/8 (end=64, n_frames=13/65): reward=-22.6250 (mean, 1 tok)
2026-04-30 14:37:14,808 mme_vla_suite.pseudo_labeling.topreward_qwen_scorer INFO: Prefix 7/8 (end=75, n_frames=15/76): reward=-23.2500 (mean, 1 tok)
2026-04-30 14:37:19,563 mme_vla_suite.pseudo_labeling.topreward_qwen_scorer INFO: Prefix 8/8 (end=87, n_frames=18/88): reward=-18.2500 (mean, 1 tok)
2026-04-30 14:37:25,079 mme_vla_suite.pseudo_labeling.topreward_qwen_scorer INFO: Prefix 1/8 (end=9, n_frames=4/10): reward=-23.3750 (mean, 1 tok)
2026-04-30 14:37:29,735 mme_vla_suite.pseudo_labeling.topreward_qwen_scorer INFO: Prefix 2/8 (end=21, n_frames=4/22): reward=-23.1250 (mean, 1 tok)
2026-04-30 14:37:34,408 mme_vla_suite.pseudo_labeling.topreward_qwen_scorer INFO: Prefix 3/8 (end=33, n_frames=7/34): reward=-22.0000 (mean, 1 tok)
2026-04-30 14:37:39,116 mme_vla_suite.pseudo_labeling.topreward_qwen_scorer INFO: Prefix 4/8 (end=45, n_frames=9/46): reward=-23.1250 (mean, 1 tok)
2026-04-30 14:37:43,823 mme_vla_suite.pseudo_labeling.topreward_qwen_scorer INFO: Prefix 5/8 (end=57, n_frames=12/58): reward=-22.8750 (mean, 1 tok)
2026-04-30 14:37:48,531 mme_vla_suite.pseudo_labeling.topreward_qwen_scorer INFO: Prefix 6/8 (end=69, n_frames=14/70): reward=-22.7500 (mean, 1 tok)
2026-04-30 14:37:53,233 mme_vla_suite.pseudo_labeling.topreward_qwen_scorer INFO: Prefix 7/8 (end=81, n_frames=16/82): reward=-19.7500 (mean, 1 tok)
2026-04-30 14:37:58,027 mme_vla_suite.pseudo_labeling.topreward_qwen_scorer INFO: Prefix 8/8 (end=94, n_frames=19/95): reward=-19.5000 (mean, 1 tok)
2026-04-30 14:38:03,533 mme_vla_suite.pseudo_labeling.topreward_qwen_scorer INFO: Prefix 1/8 (end=9, n_frames=4/10): reward=-24.1250 (mean, 1 tok)
2026-04-30 14:38:08,224 mme_vla_suite.pseudo_labeling.topreward_qwen_scorer INFO: Prefix 2/8 (end=21, n_frames=4/22): reward=-23.8750 (mean, 1 tok)
2026-04-30 14:38:12,939 mme_vla_suite.pseudo_labeling.topreward_qwen_scorer INFO: Prefix 3/8 (end=33, n_frames=7/34): reward=-23.1250 (mean, 1 tok)
2026-04-30 14:38:17,667 mme_vla_suite.pseudo_labeling.topreward_qwen_scorer INFO: Prefix 4/8 (end=46, n_frames=9/47): reward=-23.1250 (mean, 1 tok)
2026-04-30 14:38:22,430 mme_vla_suite.pseudo_labeling.topreward_qwen_scorer INFO: Prefix 5/8 (end=58, n_frames=12/59): reward=-23.2500 (mean, 1 tok)
2026-04-30 14:38:27,159 mme_vla_suite.pseudo_labeling.topreward_qwen_scorer INFO: Prefix 6/8 (end=71, n_frames=14/72): reward=-23.5000 (mean, 1 tok)
2026-04-30 14:38:31,921 mme_vla_suite.pseudo_labeling.topreward_qwen_scorer INFO: Prefix 7/8 (end=83, n_frames=17/84): reward=-22.6250 (mean, 1 tok)
2026-04-30 14:38:36,658 mme_vla_suite.pseudo_labeling.topreward_qwen_scorer INFO: Prefix 8/8 (end=96, n_frames=19/97): reward=-18.3750 (mean, 1 tok)
2026-04-30 14:38:41,907 mme_vla_suite.pseudo_labeling.topreward_qwen_scorer INFO: Prefix 1/8 (end=10, n_frames=4/11): reward=-24.1250 (mean, 1 tok)
2026-04-30 14:38:46,585 mme_vla_suite.pseudo_labeling.topreward_qwen_scorer INFO: Prefix 2/8 (end=23, n_frames=5/24): reward=-24.1250 (mean, 1 tok)
2026-04-30 14:38:51,216 mme_vla_suite.pseudo_labeling.topreward_qwen_scorer INFO: Prefix 3/8 (end=37, n_frames=8/38): reward=-23.0000 (mean, 1 tok)
2026-04-30 14:38:55,899 mme_vla_suite.pseudo_labeling.topreward_qwen_scorer INFO: Prefix 4/8 (end=51, n_frames=10/52): reward=-22.5000 (mean, 1 tok)
2026-04-30 14:39:00,651 mme_vla_suite.pseudo_labeling.topreward_qwen_scorer INFO: Prefix 5/8 (end=64, n_frames=13/65): reward=-23.8750 (mean, 1 tok)
2026-04-30 14:39:05,439 mme_vla_suite.pseudo_labeling.topreward_qwen_scorer INFO: Prefix 6/8 (end=78, n_frames=16/79): reward=-23.3750 (mean, 1 tok)
2026-04-30 14:39:10,172 mme_vla_suite.pseudo_labeling.topreward_qwen_scorer INFO: Prefix 7/8 (end=92, n_frames=19/93): reward=-24.5000 (mean, 1 tok)
2026-04-30 14:39:14,928 mme_vla_suite.pseudo_labeling.topreward_qwen_scorer INFO: Prefix 8/8 (end=106, n_frames=21/107): reward=-19.0000 (mean, 1 tok)
2026-04-30 14:39:20,481 mme_vla_suite.pseudo_labeling.topreward_qwen_scorer INFO: Prefix 1/8 (end=10, n_frames=4/11): reward=-23.7500 (mean, 1 tok)
2026-04-30 14:39:25,060 mme_vla_suite.pseudo_labeling.topreward_qwen_scorer INFO: Prefix 2/8 (end=23, n_frames=5/24): reward=-23.6250 (mean, 1 tok)
2026-04-30 14:39:29,631 mme_vla_suite.pseudo_labeling.topreward_qwen_scorer INFO: Prefix 3/8 (end=36, n_frames=7/37): reward=-23.2500 (mean, 1 tok)
2026-04-30 14:39:34,274 mme_vla_suite.pseudo_labeling.topreward_qwen_scorer INFO: Prefix 4/8 (end=50, n_frames=10/51): reward=-21.7500 (mean, 1 tok)
2026-04-30 14:39:38,966 mme_vla_suite.pseudo_labeling.topreward_qwen_scorer INFO: Prefix 5/8 (end=63, n_frames=13/64): reward=-22.7500 (mean, 1 tok)
2026-04-30 14:39:43,662 mme_vla_suite.pseudo_labeling.topreward_qwen_scorer INFO: Prefix 6/8 (end=77, n_frames=16/78): reward=-22.8750 (mean, 1 tok)
2026-04-30 14:39:48,437 mme_vla_suite.pseudo_labeling.topreward_qwen_scorer INFO: Prefix 7/8 (end=90, n_frames=18/91): reward=-21.8750 (mean, 1 tok)
2026-04-30 14:39:53,123 mme_vla_suite.pseudo_labeling.topreward_qwen_scorer INFO: Prefix 8/8 (end=104, n_frames=21/105): reward=-18.7500 (mean, 1 tok)
2026-04-30 14:39:58,530 mme_vla_suite.pseudo_labeling.topreward_qwen_scorer INFO: Prefix 1/8 (end=5, n_frames=4/6): reward=-22.0000 (mean, 1 tok)
2026-04-30 14:40:03,176 mme_vla_suite.pseudo_labeling.topreward_qwen_scorer INFO: Prefix 2/8 (end=11, n_frames=4/12): reward=-21.6250 (mean, 1 tok)
2026-04-30 14:40:07,816 mme_vla_suite.pseudo_labeling.topreward_qwen_scorer INFO: Prefix 3/8 (end=17, n_frames=4/18): reward=-21.5000 (mean, 1 tok)
2026-04-30 14:40:12,480 mme_vla_suite.pseudo_labeling.topreward_qwen_scorer INFO: Prefix 4/8 (end=24, n_frames=5/25): reward=-20.5000 (mean, 1 tok)
2026-04-30 14:40:17,204 mme_vla_suite.pseudo_labeling.topreward_qwen_scorer INFO: Prefix 5/8 (end=30, n_frames=6/31): reward=-20.7500 (mean, 1 tok)
2026-04-30 14:40:21,865 mme_vla_suite.pseudo_labeling.topreward_qwen_scorer INFO: Prefix 6/8 (end=37, n_frames=8/38): reward=-20.6250 (mean, 1 tok)
2026-04-30 14:40:26,524 mme_vla_suite.pseudo_labeling.topreward_qwen_scorer INFO: Prefix 7/8 (end=43, n_frames=9/44): reward=-19.5000 (mean, 1 tok)
2026-04-30 14:40:31,181 mme_vla_suite.pseudo_labeling.topreward_qwen_scorer INFO: Prefix 8/8 (end=50, n_frames=10/51): reward=-19.3750 (mean, 1 tok)
2026-04-30 14:40:36,671 mme_vla_suite.pseudo_labeling.topreward_qwen_scorer INFO: Prefix 1/8 (end=9, n_frames=4/10): reward=-25.0000 (mean, 1 tok)
2026-04-30 14:40:41,326 mme_vla_suite.pseudo_labeling.topreward_qwen_scorer INFO: Prefix 2/8 (end=21, n_frames=4/22): reward=-25.0000 (mean, 1 tok)
2026-04-30 14:40:46,020 mme_vla_suite.pseudo_labeling.topreward_qwen_scorer INFO: Prefix 3/8 (end=33, n_frames=7/34): reward=-24.7500 (mean, 1 tok)
2026-04-30 14:40:50,759 mme_vla_suite.pseudo_labeling.topreward_qwen_scorer INFO: Prefix 4/8 (end=45, n_frames=9/46): reward=-24.3750 (mean, 1 tok)
2026-04-30 14:40:55,435 mme_vla_suite.pseudo_labeling.topreward_qwen_scorer INFO: Prefix 5/8 (end=58, n_frames=12/59): reward=-24.7500 (mean, 1 tok)
2026-04-30 14:41:00,126 mme_vla_suite.pseudo_labeling.topreward_qwen_scorer INFO: Prefix 6/8 (end=70, n_frames=14/71): reward=-25.1250 (mean, 1 tok)
2026-04-30 14:41:04,841 mme_vla_suite.pseudo_labeling.topreward_qwen_scorer INFO: Prefix 7/8 (end=82, n_frames=17/83): reward=-24.6250 (mean, 1 tok)
2026-04-30 14:41:09,597 mme_vla_suite.pseudo_labeling.topreward_qwen_scorer INFO: Prefix 8/8 (end=95, n_frames=19/96): reward=-19.7500 (mean, 1 tok)
2026-04-30 14:41:15,215 mme_vla_suite.pseudo_labeling.topreward_qwen_scorer INFO: Prefix 1/8 (end=10, n_frames=4/11): reward=-24.6250 (mean, 1 tok)
2026-04-30 14:41:19,898 mme_vla_suite.pseudo_labeling.topreward_qwen_scorer INFO: Prefix 2/8 (end=23, n_frames=5/24): reward=-25.0000 (mean, 1 tok)
2026-04-30 14:41:24,563 mme_vla_suite.pseudo_labeling.topreward_qwen_scorer INFO: Prefix 3/8 (end=37, n_frames=8/38): reward=-24.7500 (mean, 1 tok)
2026-04-30 14:41:29,268 mme_vla_suite.pseudo_labeling.topreward_qwen_scorer INFO: Prefix 4/8 (end=51, n_frames=10/52): reward=-24.6250 (mean, 1 tok)
2026-04-30 14:41:33,972 mme_vla_suite.pseudo_labeling.topreward_qwen_scorer INFO: Prefix 5/8 (end=64, n_frames=13/65): reward=-24.6250 (mean, 1 tok)
2026-04-30 14:41:38,651 mme_vla_suite.pseudo_labeling.topreward_qwen_scorer INFO: Prefix 6/8 (end=78, n_frames=16/79): reward=-24.8750 (mean, 1 tok)
2026-04-30 14:41:43,447 mme_vla_suite.pseudo_labeling.topreward_qwen_scorer INFO: Prefix 7/8 (end=92, n_frames=19/93): reward=-23.7500 (mean, 1 tok)
2026-04-30 14:41:48,435 mme_vla_suite.pseudo_labeling.topreward_qwen_scorer INFO: Prefix 8/8 (end=106, n_frames=21/107): reward=-19.8750 (mean, 1 tok)
2026-04-30 14:41:53,866 mme_vla_suite.pseudo_labeling.topreward_qwen_scorer INFO: Prefix 1/8 (end=12, n_frames=4/13): reward=-23.5000 (mean, 1 tok)
2026-04-30 14:41:58,537 mme_vla_suite.pseudo_labeling.topreward_qwen_scorer INFO: Prefix 2/8 (end=28, n_frames=6/29): reward=-23.6250 (mean, 1 tok)
2026-04-30 14:42:03,214 mme_vla_suite.pseudo_labeling.topreward_qwen_scorer INFO: Prefix 3/8 (end=44, n_frames=9/45): reward=-22.7500 (mean, 1 tok)
2026-04-30 14:42:07,948 mme_vla_suite.pseudo_labeling.topreward_qwen_scorer INFO: Prefix 4/8 (end=60, n_frames=12/61): reward=-22.2500 (mean, 1 tok)
2026-04-30 14:42:12,629 mme_vla_suite.pseudo_labeling.topreward_qwen_scorer INFO: Prefix 5/8 (end=77, n_frames=16/78): reward=-22.1250 (mean, 1 tok)
2026-04-30 14:42:17,384 mme_vla_suite.pseudo_labeling.topreward_qwen_scorer INFO: Prefix 6/8 (end=93, n_frames=19/94): reward=-22.2500 (mean, 1 tok)
2026-04-30 14:42:22,172 mme_vla_suite.pseudo_labeling.topreward_qwen_scorer INFO: Prefix 7/8 (end=109, n_frames=22/110): reward=-19.7500 (mean, 1 tok)
2026-04-30 14:42:26,983 mme_vla_suite.pseudo_labeling.topreward_qwen_scorer INFO: Prefix 8/8 (end=126, n_frames=25/127): reward=-20.0000 (mean, 1 tok)
2026-04-30 14:42:32,491 mme_vla_suite.pseudo_labeling.topreward_qwen_scorer INFO: Prefix 1/8 (end=5, n_frames=4/6): reward=-19.5000 (mean, 1 tok)
2026-04-30 14:42:37,105 mme_vla_suite.pseudo_labeling.topreward_qwen_scorer INFO: Prefix 2/8 (end=11, n_frames=4/12): reward=-19.6250 (mean, 1 tok)
2026-04-30 14:42:41,763 mme_vla_suite.pseudo_labeling.topreward_qwen_scorer INFO: Prefix 3/8 (end=17, n_frames=4/18): reward=-20.3750 (mean, 1 tok)
2026-04-30 14:42:46,416 mme_vla_suite.pseudo_labeling.topreward_qwen_scorer INFO: Prefix 4/8 (end=23, n_frames=5/24): reward=-20.0000 (mean, 1 tok)
2026-04-30 14:42:51,156 mme_vla_suite.pseudo_labeling.topreward_qwen_scorer INFO: Prefix 5/8 (end=30, n_frames=6/31): reward=-19.5000 (mean, 1 tok)
2026-04-30 14:42:55,870 mme_vla_suite.pseudo_labeling.topreward_qwen_scorer INFO: Prefix 6/8 (end=36, n_frames=7/37): reward=-19.1250 (mean, 1 tok)
2026-04-30 14:43:00,567 mme_vla_suite.pseudo_labeling.topreward_qwen_scorer INFO: Prefix 7/8 (end=42, n_frames=9/43): reward=-19.8750 (mean, 1 tok)
2026-04-30 14:43:05,256 mme_vla_suite.pseudo_labeling.topreward_qwen_scorer INFO: Prefix 8/8 (end=49, n_frames=10/50): reward=-21.7500 (mean, 1 tok)
2026-04-30 14:43:10,774 mme_vla_suite.pseudo_labeling.topreward_qwen_scorer INFO: Prefix 1/8 (end=8, n_frames=4/9): reward=-23.5000 (mean, 1 tok)
2026-04-30 14:43:15,520 mme_vla_suite.pseudo_labeling.topreward_qwen_scorer INFO: Prefix 2/8 (end=18, n_frames=4/19): reward=-23.5000 (mean, 1 tok)
2026-04-30 14:43:20,207 mme_vla_suite.pseudo_labeling.topreward_qwen_scorer INFO: Prefix 3/8 (end=29, n_frames=6/30): reward=-23.0000 (mean, 1 tok)
2026-04-30 14:43:24,886 mme_vla_suite.pseudo_labeling.topreward_qwen_scorer INFO: Prefix 4/8 (end=40, n_frames=8/41): reward=-23.2500 (mean, 1 tok)
2026-04-30 14:43:29,538 mme_vla_suite.pseudo_labeling.topreward_qwen_scorer INFO: Prefix 5/8 (end=51, n_frames=10/52): reward=-22.8750 (mean, 1 tok)
2026-04-30 14:43:34,273 mme_vla_suite.pseudo_labeling.topreward_qwen_scorer INFO: Prefix 6/8 (end=62, n_frames=13/63): reward=-21.8750 (mean, 1 tok)
2026-04-30 14:43:39,027 mme_vla_suite.pseudo_labeling.topreward_qwen_scorer INFO: Prefix 7/8 (end=73, n_frames=15/74): reward=-22.8750 (mean, 1 tok)
2026-04-30 14:43:43,778 mme_vla_suite.pseudo_labeling.topreward_qwen_scorer INFO: Prefix 8/8 (end=84, n_frames=17/85): reward=-18.3750 (mean, 1 tok)
2026-04-30 14:43:49,110 mme_vla_suite.pseudo_labeling.topreward_qwen_scorer INFO: Prefix 1/8 (end=9, n_frames=4/10): reward=-23.2500 (mean, 1 tok)
2026-04-30 14:43:53,841 mme_vla_suite.pseudo_labeling.topreward_qwen_scorer INFO: Prefix 2/8 (end=20, n_frames=4/21): reward=-23.6250 (mean, 1 tok)
2026-04-30 14:43:58,531 mme_vla_suite.pseudo_labeling.topreward_qwen_scorer INFO: Prefix 3/8 (end=32, n_frames=7/33): reward=-23.0000 (mean, 1 tok)
2026-04-30 14:44:03,308 mme_vla_suite.pseudo_labeling.topreward_qwen_scorer INFO: Prefix 4/8 (end=44, n_frames=9/45): reward=-23.6250 (mean, 1 tok)
2026-04-30 14:44:07,976 mme_vla_suite.pseudo_labeling.topreward_qwen_scorer INFO: Prefix 5/8 (end=55, n_frames=11/56): reward=-22.3750 (mean, 1 tok)
2026-04-30 14:44:12,738 mme_vla_suite.pseudo_labeling.topreward_qwen_scorer INFO: Prefix 6/8 (end=67, n_frames=14/68): reward=-21.5000 (mean, 1 tok)
2026-04-30 14:44:17,474 mme_vla_suite.pseudo_labeling.topreward_qwen_scorer INFO: Prefix 7/8 (end=79, n_frames=16/80): reward=-19.2500 (mean, 1 tok)
2026-04-30 14:44:22,216 mme_vla_suite.pseudo_labeling.topreward_qwen_scorer INFO: Prefix 8/8 (end=91, n_frames=18/92): reward=-18.7500 (mean, 1 tok)
2026-04-30 14:44:27,665 mme_vla_suite.pseudo_labeling.topreward_qwen_scorer INFO: Prefix 1/8 (end=11, n_frames=4/12): reward=-24.3750 (mean, 1 tok)
2026-04-30 14:44:32,337 mme_vla_suite.pseudo_labeling.topreward_qwen_scorer INFO: Prefix 2/8 (end=25, n_frames=5/26): reward=-24.0000 (mean, 1 tok)
2026-04-30 14:44:37,063 mme_vla_suite.pseudo_labeling.topreward_qwen_scorer INFO: Prefix 3/8 (end=39, n_frames=8/40): reward=-23.2500 (mean, 1 tok)
2026-04-30 14:44:41,783 mme_vla_suite.pseudo_labeling.topreward_qwen_scorer INFO: Prefix 4/8 (end=53, n_frames=11/54): reward=-23.7500 (mean, 1 tok)
2026-04-30 14:44:46,471 mme_vla_suite.pseudo_labeling.topreward_qwen_scorer INFO: Prefix 5/8 (end=67, n_frames=14/68): reward=-23.8750 (mean, 1 tok)
2026-04-30 14:44:51,102 mme_vla_suite.pseudo_labeling.topreward_qwen_scorer INFO: Prefix 6/8 (end=81, n_frames=16/82): reward=-24.2500 (mean, 1 tok)
2026-04-30 14:44:55,799 mme_vla_suite.pseudo_labeling.topreward_qwen_scorer INFO: Prefix 7/8 (end=95, n_frames=19/96): reward=-21.8750 (mean, 1 tok)
2026-04-30 14:45:00,535 mme_vla_suite.pseudo_labeling.topreward_qwen_scorer INFO: Prefix 8/8 (end=109, n_frames=22/110): reward=-19.2500 (mean, 1 tok)
2026-04-30 14:45:05,700 mme_vla_suite.pseudo_labeling.topreward_qwen_scorer INFO: Prefix 1/8 (end=4, n_frames=4/5): reward=-20.7500 (mean, 1 tok)
2026-04-30 14:45:10,271 mme_vla_suite.pseudo_labeling.topreward_qwen_scorer INFO: Prefix 2/8 (end=10, n_frames=4/11): reward=-21.8750 (mean, 1 tok)
2026-04-30 14:45:14,903 mme_vla_suite.pseudo_labeling.topreward_qwen_scorer INFO: Prefix 3/8 (end=16, n_frames=4/17): reward=-21.7500 (mean, 1 tok)
2026-04-30 14:45:19,497 mme_vla_suite.pseudo_labeling.topreward_qwen_scorer INFO: Prefix 4/8 (end=22, n_frames=5/23): reward=-20.8750 (mean, 1 tok)
2026-04-30 14:45:24,112 mme_vla_suite.pseudo_labeling.topreward_qwen_scorer INFO: Prefix 5/8 (end=28, n_frames=6/29): reward=-21.0000 (mean, 1 tok)
2026-04-30 14:45:28,717 mme_vla_suite.pseudo_labeling.topreward_qwen_scorer INFO: Prefix 6/8 (end=34, n_frames=7/35): reward=-21.6250 (mean, 1 tok)
2026-04-30 14:45:33,356 mme_vla_suite.pseudo_labeling.topreward_qwen_scorer INFO: Prefix 7/8 (end=40, n_frames=8/41): reward=-21.2500 (mean, 1 tok)
2026-04-30 14:45:37,950 mme_vla_suite.pseudo_labeling.topreward_qwen_scorer INFO: Prefix 8/8 (end=46, n_frames=9/47): reward=-20.7500 (mean, 1 tok)
2026-04-30 14:45:43,425 mme_vla_suite.pseudo_labeling.topreward_qwen_scorer INFO: Prefix 1/8 (end=10, n_frames=4/11): reward=-24.6250 (mean, 1 tok)
2026-04-30 14:45:48,074 mme_vla_suite.pseudo_labeling.topreward_qwen_scorer INFO: Prefix 2/8 (end=23, n_frames=5/24): reward=-23.7500 (mean, 1 tok)
2026-04-30 14:45:52,748 mme_vla_suite.pseudo_labeling.topreward_qwen_scorer INFO: Prefix 3/8 (end=36, n_frames=7/37): reward=-24.1250 (mean, 1 tok)
2026-04-30 14:45:57,466 mme_vla_suite.pseudo_labeling.topreward_qwen_scorer INFO: Prefix 4/8 (end=49, n_frames=10/50): reward=-23.2500 (mean, 1 tok)
2026-04-30 14:46:02,201 mme_vla_suite.pseudo_labeling.topreward_qwen_scorer INFO: Prefix 5/8 (end=62, n_frames=13/63): reward=-24.8750 (mean, 1 tok)
2026-04-30 14:46:06,952 mme_vla_suite.pseudo_labeling.topreward_qwen_scorer INFO: Prefix 6/8 (end=75, n_frames=15/76): reward=-22.5000 (mean, 1 tok)
2026-04-30 14:46:11,629 mme_vla_suite.pseudo_labeling.topreward_qwen_scorer INFO: Prefix 7/8 (end=88, n_frames=18/89): reward=-21.8750 (mean, 1 tok)
2026-04-30 14:46:16,372 mme_vla_suite.pseudo_labeling.topreward_qwen_scorer INFO: Prefix 8/8 (end=101, n_frames=20/102): reward=-18.2500 (mean, 1 tok)
2026-04-30 14:46:21,713 mme_vla_suite.pseudo_labeling.topreward_qwen_scorer INFO: Prefix 1/8 (end=11, n_frames=4/12): reward=-24.5000 (mean, 1 tok)
2026-04-30 14:46:26,391 mme_vla_suite.pseudo_labeling.topreward_qwen_scorer INFO: Prefix 2/8 (end=25, n_frames=5/26): reward=-22.8750 (mean, 1 tok)
2026-04-30 14:46:31,044 mme_vla_suite.pseudo_labeling.topreward_qwen_scorer INFO: Prefix 3/8 (end=40, n_frames=8/41): reward=-24.0000 (mean, 1 tok)
2026-04-30 14:46:36,022 mme_vla_suite.pseudo_labeling.topreward_qwen_scorer INFO: Prefix 4/8 (end=55, n_frames=11/56): reward=-24.3750 (mean, 1 tok)
2026-04-30 14:46:40,839 mme_vla_suite.pseudo_labeling.topreward_qwen_scorer INFO: Prefix 5/8 (end=70, n_frames=14/71): reward=-25.3750 (mean, 1 tok)
2026-04-30 14:46:45,610 mme_vla_suite.pseudo_labeling.topreward_qwen_scorer INFO: Prefix 6/8 (end=85, n_frames=17/86): reward=-22.5000 (mean, 1 tok)
2026-04-30 14:46:50,349 mme_vla_suite.pseudo_labeling.topreward_qwen_scorer INFO: Prefix 7/8 (end=100, n_frames=20/101): reward=-17.8750 (mean, 1 tok)
2026-04-30 14:46:55,282 mme_vla_suite.pseudo_labeling.topreward_qwen_scorer INFO: Prefix 8/8 (end=115, n_frames=23/116): reward=-18.8750 (mean, 1 tok)
2026-04-30 14:47:02,078 mme_vla_suite.pseudo_labeling.topreward_qwen_scorer INFO: Prefix 1/8 (end=9, n_frames=4/10): reward=-23.8750 (mean, 1 tok)
2026-04-30 14:47:06,744 mme_vla_suite.pseudo_labeling.topreward_qwen_scorer INFO: Prefix 2/8 (end=21, n_frames=4/22): reward=-24.1250 (mean, 1 tok)
2026-04-30 14:47:11,427 mme_vla_suite.pseudo_labeling.topreward_qwen_scorer INFO: Prefix 3/8 (end=33, n_frames=7/34): reward=-23.5000 (mean, 1 tok)
2026-04-30 14:47:16,222 mme_vla_suite.pseudo_labeling.topreward_qwen_scorer INFO: Prefix 4/8 (end=45, n_frames=9/46): reward=-22.6250 (mean, 1 tok)
2026-04-30 14:47:20,962 mme_vla_suite.pseudo_labeling.topreward_qwen_scorer INFO: Prefix 5/8 (end=57, n_frames=12/58): reward=-23.1250 (mean, 1 tok)
2026-04-30 14:47:25,708 mme_vla_suite.pseudo_labeling.topreward_qwen_scorer INFO: Prefix 6/8 (end=69, n_frames=14/70): reward=-23.6250 (mean, 1 tok)
2026-04-30 14:47:30,750 mme_vla_suite.pseudo_labeling.topreward_qwen_scorer INFO: Prefix 7/8 (end=81, n_frames=16/82): reward=-23.1250 (mean, 1 tok)
2026-04-30 14:47:35,592 mme_vla_suite.pseudo_labeling.topreward_qwen_scorer INFO: Prefix 8/8 (end=93, n_frames=19/94): reward=-18.7500 (mean, 1 tok)
2026-04-30 14:47:40,969 mme_vla_suite.pseudo_labeling.topreward_qwen_scorer INFO: Prefix 1/8 (end=10, n_frames=4/11): reward=-23.8750 (mean, 1 tok)
2026-04-30 14:47:45,678 mme_vla_suite.pseudo_labeling.topreward_qwen_scorer INFO: Prefix 2/8 (end=22, n_frames=5/23): reward=-23.7500 (mean, 1 tok)
2026-04-30 14:47:50,346 mme_vla_suite.pseudo_labeling.topreward_qwen_scorer INFO: Prefix 3/8 (end=35, n_frames=7/36): reward=-23.6250 (mean, 1 tok)
2026-04-30 14:47:55,351 mme_vla_suite.pseudo_labeling.topreward_qwen_scorer INFO: Prefix 4/8 (end=48, n_frames=10/49): reward=-22.6250 (mean, 1 tok)
2026-04-30 14:48:00,209 mme_vla_suite.pseudo_labeling.topreward_qwen_scorer INFO: Prefix 5/8 (end=60, n_frames=12/61): reward=-23.1250 (mean, 1 tok)
2026-04-30 14:48:05,014 mme_vla_suite.pseudo_labeling.topreward_qwen_scorer INFO: Prefix 6/8 (end=73, n_frames=15/74): reward=-23.6250 (mean, 1 tok)
2026-04-30 14:48:09,759 mme_vla_suite.pseudo_labeling.topreward_qwen_scorer INFO: Prefix 7/8 (end=86, n_frames=17/87): reward=-23.7500 (mean, 1 tok)
2026-04-30 14:48:14,516 mme_vla_suite.pseudo_labeling.topreward_qwen_scorer INFO: Prefix 8/8 (end=99, n_frames=20/100): reward=-19.3750 (mean, 1 tok)
2026-04-30 14:48:20,140 mme_vla_suite.pseudo_labeling.topreward_qwen_scorer INFO: Prefix 1/8 (end=10, n_frames=4/11): reward=-23.7500 (mean, 1 tok)
2026-04-30 14:48:24,823 mme_vla_suite.pseudo_labeling.topreward_qwen_scorer INFO: Prefix 2/8 (end=23, n_frames=5/24): reward=-23.6250 (mean, 1 tok)
2026-04-30 14:48:29,574 mme_vla_suite.pseudo_labeling.topreward_qwen_scorer INFO: Prefix 3/8 (end=36, n_frames=7/37): reward=-23.1250 (mean, 1 tok)
2026-04-30 14:48:34,296 mme_vla_suite.pseudo_labeling.topreward_qwen_scorer INFO: Prefix 4/8 (end=50, n_frames=10/51): reward=-22.2500 (mean, 1 tok)
2026-04-30 14:48:39,043 mme_vla_suite.pseudo_labeling.topreward_qwen_scorer INFO: Prefix 5/8 (end=63, n_frames=13/64): reward=-23.3750 (mean, 1 tok)
2026-04-30 14:48:43,871 mme_vla_suite.pseudo_labeling.topreward_qwen_scorer INFO: Prefix 6/8 (end=77, n_frames=16/78): reward=-22.7500 (mean, 1 tok)
2026-04-30 14:48:48,650 mme_vla_suite.pseudo_labeling.topreward_qwen_scorer INFO: Prefix 7/8 (end=90, n_frames=18/91): reward=-22.8750 (mean, 1 tok)
2026-04-30 14:48:53,396 mme_vla_suite.pseudo_labeling.topreward_qwen_scorer INFO: Prefix 8/8 (end=104, n_frames=21/105): reward=-18.6250 (mean, 1 tok)
2026-04-30 14:48:58,782 mme_vla_suite.pseudo_labeling.topreward_qwen_scorer INFO: Prefix 1/8 (end=5, n_frames=4/6): reward=-20.8750 (mean, 1 tok)
2026-04-30 14:49:03,465 mme_vla_suite.pseudo_labeling.topreward_qwen_scorer INFO: Prefix 2/8 (end=11, n_frames=4/12): reward=-21.0000 (mean, 1 tok)
2026-04-30 14:49:08,115 mme_vla_suite.pseudo_labeling.topreward_qwen_scorer INFO: Prefix 3/8 (end=17, n_frames=4/18): reward=-21.1250 (mean, 1 tok)
2026-04-30 14:49:12,769 mme_vla_suite.pseudo_labeling.topreward_qwen_scorer INFO: Prefix 4/8 (end=24, n_frames=5/25): reward=-21.2500 (mean, 1 tok)
2026-04-30 14:49:17,465 mme_vla_suite.pseudo_labeling.topreward_qwen_scorer INFO: Prefix 5/8 (end=30, n_frames=6/31): reward=-20.6250 (mean, 1 tok)
2026-04-30 14:49:22,181 mme_vla_suite.pseudo_labeling.topreward_qwen_scorer INFO: Prefix 6/8 (end=37, n_frames=8/38): reward=-20.5000 (mean, 1 tok)
2026-04-30 14:49:26,978 mme_vla_suite.pseudo_labeling.topreward_qwen_scorer INFO: Prefix 7/8 (end=43, n_frames=9/44): reward=-19.0000 (mean, 1 tok)
2026-04-30 14:49:31,639 mme_vla_suite.pseudo_labeling.topreward_qwen_scorer INFO: Prefix 8/8 (end=50, n_frames=10/51): reward=-19.3750 (mean, 1 tok)
2026-04-30 14:49:37,209 mme_vla_suite.pseudo_labeling.topreward_qwen_scorer INFO: Prefix 1/8 (end=10, n_frames=4/11): reward=-24.7500 (mean, 1 tok)
2026-04-30 14:49:41,898 mme_vla_suite.pseudo_labeling.topreward_qwen_scorer INFO: Prefix 2/8 (end=23, n_frames=5/24): reward=-23.2500 (mean, 1 tok)
2026-04-30 14:49:46,604 mme_vla_suite.pseudo_labeling.topreward_qwen_scorer INFO: Prefix 3/8 (end=36, n_frames=7/37): reward=-23.5000 (mean, 1 tok)
2026-04-30 14:49:51,278 mme_vla_suite.pseudo_labeling.topreward_qwen_scorer INFO: Prefix 4/8 (end=49, n_frames=10/50): reward=-23.5000 (mean, 1 tok)
2026-04-30 14:49:56,015 mme_vla_suite.pseudo_labeling.topreward_qwen_scorer INFO: Prefix 5/8 (end=62, n_frames=13/63): reward=-23.0000 (mean, 1 tok)
2026-04-30 14:50:00,759 mme_vla_suite.pseudo_labeling.topreward_qwen_scorer INFO: Prefix 6/8 (end=75, n_frames=15/76): reward=-22.3750 (mean, 1 tok)
2026-04-30 14:50:05,571 mme_vla_suite.pseudo_labeling.topreward_qwen_scorer INFO: Prefix 7/8 (end=88, n_frames=18/89): reward=-22.1250 (mean, 1 tok)
2026-04-30 14:50:10,341 mme_vla_suite.pseudo_labeling.topreward_qwen_scorer INFO: Prefix 8/8 (end=102, n_frames=21/103): reward=-18.3750 (mean, 1 tok)
2026-04-30 14:50:15,626 mme_vla_suite.pseudo_labeling.topreward_qwen_scorer INFO: Prefix 1/8 (end=11, n_frames=4/12): reward=-24.1250 (mean, 1 tok)
2026-04-30 14:50:20,290 mme_vla_suite.pseudo_labeling.topreward_qwen_scorer INFO: Prefix 2/8 (end=25, n_frames=5/26): reward=-23.8750 (mean, 1 tok)
2026-04-30 14:50:25,058 mme_vla_suite.pseudo_labeling.topreward_qwen_scorer INFO: Prefix 3/8 (end=39, n_frames=8/40): reward=-23.7500 (mean, 1 tok)
2026-04-30 14:50:29,750 mme_vla_suite.pseudo_labeling.topreward_qwen_scorer INFO: Prefix 4/8 (end=54, n_frames=11/55): reward=-23.0000 (mean, 1 tok)
2026-04-30 14:50:34,575 mme_vla_suite.pseudo_labeling.topreward_qwen_scorer INFO: Prefix 5/8 (end=68, n_frames=14/69): reward=-23.3750 (mean, 1 tok)
2026-04-30 14:50:39,319 mme_vla_suite.pseudo_labeling.topreward_qwen_scorer INFO: Prefix 6/8 (end=83, n_frames=17/84): reward=-21.7500 (mean, 1 tok)
2026-04-30 14:50:43,997 mme_vla_suite.pseudo_labeling.topreward_qwen_scorer INFO: Prefix 7/8 (end=97, n_frames=20/98): reward=-17.2500 (mean, 1 tok)
2026-04-30 14:50:48,695 mme_vla_suite.pseudo_labeling.topreward_qwen_scorer INFO: Prefix 8/8 (end=112, n_frames=23/113): reward=-19.5000 (mean, 1 tok)
2026-04-30 14:50:54,128 mme_vla_suite.pseudo_labeling.topreward_qwen_scorer INFO: Prefix 1/8 (end=10, n_frames=4/11): reward=-24.0000 (mean, 1 tok)
2026-04-30 14:50:58,830 mme_vla_suite.pseudo_labeling.topreward_qwen_scorer INFO: Prefix 2/8 (end=22, n_frames=5/23): reward=-24.0000 (mean, 1 tok)
2026-04-30 14:51:03,520 mme_vla_suite.pseudo_labeling.topreward_qwen_scorer INFO: Prefix 3/8 (end=35, n_frames=7/36): reward=-22.5000 (mean, 1 tok)
2026-04-30 14:51:08,138 mme_vla_suite.pseudo_labeling.topreward_qwen_scorer INFO: Prefix 4/8 (end=48, n_frames=10/49): reward=-22.6250 (mean, 1 tok)
2026-04-30 14:51:12,759 mme_vla_suite.pseudo_labeling.topreward_qwen_scorer INFO: Prefix 5/8 (end=60, n_frames=12/61): reward=-23.6250 (mean, 1 tok)
2026-04-30 14:51:17,442 mme_vla_suite.pseudo_labeling.topreward_qwen_scorer INFO: Prefix 6/8 (end=73, n_frames=15/74): reward=-22.8750 (mean, 1 tok)
2026-04-30 14:51:22,081 mme_vla_suite.pseudo_labeling.topreward_qwen_scorer INFO: Prefix 7/8 (end=86, n_frames=17/87): reward=-22.6250 (mean, 1 tok)
2026-04-30 14:51:26,747 mme_vla_suite.pseudo_labeling.topreward_qwen_scorer INFO: Prefix 8/8 (end=99, n_frames=20/100): reward=-19.7500 (mean, 1 tok)
2026-04-30 14:51:32,204 mme_vla_suite.pseudo_labeling.topreward_qwen_scorer INFO: Prefix 1/8 (end=4, n_frames=4/5): reward=-20.0000 (mean, 1 tok)
2026-04-30 14:51:36,794 mme_vla_suite.pseudo_labeling.topreward_qwen_scorer INFO: Prefix 2/8 (end=10, n_frames=4/11): reward=-20.7500 (mean, 1 tok)
2026-04-30 14:51:41,426 mme_vla_suite.pseudo_labeling.topreward_qwen_scorer INFO: Prefix 3/8 (end=16, n_frames=4/17): reward=-21.2500 (mean, 1 tok)
2026-04-30 14:51:46,034 mme_vla_suite.pseudo_labeling.topreward_qwen_scorer INFO: Prefix 4/8 (end=22, n_frames=5/23): reward=-19.8750 (mean, 1 tok)
2026-04-30 14:51:50,681 mme_vla_suite.pseudo_labeling.topreward_qwen_scorer INFO: Prefix 5/8 (end=29, n_frames=6/30): reward=-19.2500 (mean, 1 tok)
2026-04-30 14:51:55,385 mme_vla_suite.pseudo_labeling.topreward_qwen_scorer INFO: Prefix 6/8 (end=35, n_frames=7/36): reward=-18.6250 (mean, 1 tok)
2026-04-30 14:52:00,082 mme_vla_suite.pseudo_labeling.topreward_qwen_scorer INFO: Prefix 7/8 (end=41, n_frames=8/42): reward=-20.0000 (mean, 1 tok)
2026-04-30 14:52:04,789 mme_vla_suite.pseudo_labeling.topreward_qwen_scorer INFO: Prefix 8/8 (end=48, n_frames=10/49): reward=-17.7500 (mean, 1 tok)
2026-04-30 14:52:10,412 mme_vla_suite.pseudo_labeling.topreward_qwen_scorer INFO: Prefix 1/8 (end=9, n_frames=4/10): reward=-24.6250 (mean, 1 tok)
2026-04-30 14:52:15,064 mme_vla_suite.pseudo_labeling.topreward_qwen_scorer INFO: Prefix 2/8 (end=21, n_frames=4/22): reward=-24.0000 (mean, 1 tok)
2026-04-30 14:52:19,774 mme_vla_suite.pseudo_labeling.topreward_qwen_scorer INFO: Prefix 3/8 (end=33, n_frames=7/34): reward=-23.7500 (mean, 1 tok)
2026-04-30 14:52:24,477 mme_vla_suite.pseudo_labeling.topreward_qwen_scorer INFO: Prefix 4/8 (end=45, n_frames=9/46): reward=-24.3750 (mean, 1 tok)
2026-04-30 14:52:29,190 mme_vla_suite.pseudo_labeling.topreward_qwen_scorer INFO: Prefix 5/8 (end=57, n_frames=12/58): reward=-23.1250 (mean, 1 tok)
2026-04-30 14:52:33,908 mme_vla_suite.pseudo_labeling.topreward_qwen_scorer INFO: Prefix 6/8 (end=69, n_frames=14/70): reward=-23.0000 (mean, 1 tok)
2026-04-30 14:52:38,639 mme_vla_suite.pseudo_labeling.topreward_qwen_scorer INFO: Prefix 7/8 (end=81, n_frames=16/82): reward=-23.3750 (mean, 1 tok)
2026-04-30 14:52:43,467 mme_vla_suite.pseudo_labeling.topreward_qwen_scorer INFO: Prefix 8/8 (end=93, n_frames=19/94): reward=-19.0000 (mean, 1 tok)
2026-04-30 14:52:48,894 mme_vla_suite.pseudo_labeling.topreward_qwen_scorer INFO: Prefix 1/8 (end=10, n_frames=4/11): reward=-24.6250 (mean, 1 tok)
2026-04-30 14:52:53,575 mme_vla_suite.pseudo_labeling.topreward_qwen_scorer INFO: Prefix 2/8 (end=23, n_frames=5/24): reward=-23.7500 (mean, 1 tok)
2026-04-30 14:52:58,264 mme_vla_suite.pseudo_labeling.topreward_qwen_scorer INFO: Prefix 3/8 (end=36, n_frames=7/37): reward=-23.3750 (mean, 1 tok)
2026-04-30 14:53:02,987 mme_vla_suite.pseudo_labeling.topreward_qwen_scorer INFO: Prefix 4/8 (end=49, n_frames=10/50): reward=-24.2500 (mean, 1 tok)
2026-04-30 14:53:07,687 mme_vla_suite.pseudo_labeling.topreward_qwen_scorer INFO: Prefix 5/8 (end=62, n_frames=13/63): reward=-24.3750 (mean, 1 tok)
2026-04-30 14:53:12,381 mme_vla_suite.pseudo_labeling.topreward_qwen_scorer INFO: Prefix 6/8 (end=75, n_frames=15/76): reward=-22.6250 (mean, 1 tok)
2026-04-30 14:53:17,150 mme_vla_suite.pseudo_labeling.topreward_qwen_scorer INFO: Prefix 7/8 (end=88, n_frames=18/89): reward=-18.8750 (mean, 1 tok)
2026-04-30 14:53:22,154 mme_vla_suite.pseudo_labeling.topreward_qwen_scorer INFO: Prefix 8/8 (end=101, n_frames=20/102): reward=-18.8750 (mean, 1 tok)
2026-04-30 14:53:28,505 mme_vla_suite.pseudo_labeling.topreward_qwen_scorer INFO: Prefix 1/8 (end=10, n_frames=4/11): reward=-23.6250 (mean, 1 tok)
2026-04-30 14:53:33,223 mme_vla_suite.pseudo_labeling.topreward_qwen_scorer INFO: Prefix 2/8 (end=22, n_frames=5/23): reward=-23.3750 (mean, 1 tok)
2026-04-30 14:53:37,930 mme_vla_suite.pseudo_labeling.topreward_qwen_scorer INFO: Prefix 3/8 (end=35, n_frames=7/36): reward=-22.8750 (mean, 1 tok)
2026-04-30 14:53:42,614 mme_vla_suite.pseudo_labeling.topreward_qwen_scorer INFO: Prefix 4/8 (end=48, n_frames=10/49): reward=-21.8750 (mean, 1 tok)
2026-04-30 14:53:47,291 mme_vla_suite.pseudo_labeling.topreward_qwen_scorer INFO: Prefix 5/8 (end=60, n_frames=12/61): reward=-21.8750 (mean, 1 tok)
2026-04-30 14:53:51,969 mme_vla_suite.pseudo_labeling.topreward_qwen_scorer INFO: Prefix 6/8 (end=73, n_frames=15/74): reward=-22.3750 (mean, 1 tok)
2026-04-30 14:53:56,667 mme_vla_suite.pseudo_labeling.topreward_qwen_scorer INFO: Prefix 7/8 (end=86, n_frames=17/87): reward=-22.3750 (mean, 1 tok)
2026-04-30 14:54:01,454 mme_vla_suite.pseudo_labeling.topreward_qwen_scorer INFO: Prefix 8/8 (end=99, n_frames=20/100): reward=-19.7500 (mean, 1 tok)
2026-04-30 14:54:06,824 mme_vla_suite.pseudo_labeling.topreward_qwen_scorer INFO: Prefix 1/8 (end=10, n_frames=4/11): reward=-23.6250 (mean, 1 tok)
2026-04-30 14:54:11,457 mme_vla_suite.pseudo_labeling.topreward_qwen_scorer INFO: Prefix 2/8 (end=23, n_frames=5/24): reward=-23.3750 (mean, 1 tok)
2026-04-30 14:54:16,121 mme_vla_suite.pseudo_labeling.topreward_qwen_scorer INFO: Prefix 3/8 (end=37, n_frames=8/38): reward=-22.3750 (mean, 1 tok)
2026-04-30 14:54:20,821 mme_vla_suite.pseudo_labeling.topreward_qwen_scorer INFO: Prefix 4/8 (end=51, n_frames=10/52): reward=-21.3750 (mean, 1 tok)
2026-04-30 14:54:25,531 mme_vla_suite.pseudo_labeling.topreward_qwen_scorer INFO: Prefix 5/8 (end=64, n_frames=13/65): reward=-22.2500 (mean, 1 tok)
2026-04-30 14:54:30,210 mme_vla_suite.pseudo_labeling.topreward_qwen_scorer INFO: Prefix 6/8 (end=78, n_frames=16/79): reward=-22.3750 (mean, 1 tok)
2026-04-30 14:54:34,939 mme_vla_suite.pseudo_labeling.topreward_qwen_scorer INFO: Prefix 7/8 (end=92, n_frames=19/93): reward=-21.3750 (mean, 1 tok)
2026-04-30 14:54:39,677 mme_vla_suite.pseudo_labeling.topreward_qwen_scorer INFO: Prefix 8/8 (end=106, n_frames=21/107): reward=-18.2500 (mean, 1 tok)
2026-04-30 14:54:45,200 mme_vla_suite.pseudo_labeling.topreward_qwen_scorer INFO: Prefix 1/8 (end=10, n_frames=4/11): reward=-24.3750 (mean, 1 tok)
2026-04-30 14:54:49,823 mme_vla_suite.pseudo_labeling.topreward_qwen_scorer INFO: Prefix 2/8 (end=23, n_frames=5/24): reward=-24.3750 (mean, 1 tok)
2026-04-30 14:54:54,700 mme_vla_suite.pseudo_labeling.topreward_qwen_scorer INFO: Prefix 3/8 (end=36, n_frames=7/37): reward=-24.0000 (mean, 1 tok)
2026-04-30 14:54:59,418 mme_vla_suite.pseudo_labeling.topreward_qwen_scorer INFO: Prefix 4/8 (end=49, n_frames=10/50): reward=-23.3750 (mean, 1 tok)
2026-04-30 14:55:04,132 mme_vla_suite.pseudo_labeling.topreward_qwen_scorer INFO: Prefix 5/8 (end=63, n_frames=13/64): reward=-23.8750 (mean, 1 tok)
2026-04-30 14:55:08,849 mme_vla_suite.pseudo_labeling.topreward_qwen_scorer INFO: Prefix 6/8 (end=76, n_frames=15/77): reward=-24.1250 (mean, 1 tok)
2026-04-30 14:55:13,561 mme_vla_suite.pseudo_labeling.topreward_qwen_scorer INFO: Prefix 7/8 (end=89, n_frames=18/90): reward=-24.0000 (mean, 1 tok)
2026-04-30 14:55:18,309 mme_vla_suite.pseudo_labeling.topreward_qwen_scorer INFO: Prefix 8/8 (end=103, n_frames=21/104): reward=-19.7500 (mean, 1 tok)
2026-04-30 14:55:23,640 mme_vla_suite.pseudo_labeling.topreward_qwen_scorer INFO: Prefix 1/8 (end=11, n_frames=4/12): reward=-24.2500 (mean, 1 tok)
2026-04-30 14:55:28,400 mme_vla_suite.pseudo_labeling.topreward_qwen_scorer INFO: Prefix 2/8 (end=25, n_frames=5/26): reward=-24.3750 (mean, 1 tok)
2026-04-30 14:55:33,064 mme_vla_suite.pseudo_labeling.topreward_qwen_scorer INFO: Prefix 3/8 (end=40, n_frames=8/41): reward=-23.6250 (mean, 1 tok)
2026-04-30 14:55:37,884 mme_vla_suite.pseudo_labeling.topreward_qwen_scorer INFO: Prefix 4/8 (end=55, n_frames=11/56): reward=-23.1250 (mean, 1 tok)
2026-04-30 14:55:42,686 mme_vla_suite.pseudo_labeling.topreward_qwen_scorer INFO: Prefix 5/8 (end=69, n_frames=14/70): reward=-23.8750 (mean, 1 tok)
2026-04-30 14:55:47,554 mme_vla_suite.pseudo_labeling.topreward_qwen_scorer INFO: Prefix 6/8 (end=84, n_frames=17/85): reward=-23.8750 (mean, 1 tok)
2026-04-30 14:55:52,393 mme_vla_suite.pseudo_labeling.topreward_qwen_scorer INFO: Prefix 7/8 (end=99, n_frames=20/100): reward=-18.8750 (mean, 1 tok)
2026-04-30 14:55:57,180 mme_vla_suite.pseudo_labeling.topreward_qwen_scorer INFO: Prefix 8/8 (end=114, n_frames=23/115): reward=-19.0000 (mean, 1 tok)
2026-04-30 14:56:02,740 mme_vla_suite.pseudo_labeling.topreward_qwen_scorer INFO: Prefix 1/8 (end=10, n_frames=4/11): reward=-23.7500 (mean, 1 tok)
2026-04-30 14:56:07,411 mme_vla_suite.pseudo_labeling.topreward_qwen_scorer INFO: Prefix 2/8 (end=23, n_frames=5/24): reward=-23.6250 (mean, 1 tok)
2026-04-30 14:56:12,063 mme_vla_suite.pseudo_labeling.topreward_qwen_scorer INFO: Prefix 3/8 (end=37, n_frames=8/38): reward=-22.8750 (mean, 1 tok)
2026-04-30 14:56:16,768 mme_vla_suite.pseudo_labeling.topreward_qwen_scorer INFO: Prefix 4/8 (end=50, n_frames=10/51): reward=-23.3750 (mean, 1 tok)
2026-04-30 14:56:21,498 mme_vla_suite.pseudo_labeling.topreward_qwen_scorer INFO: Prefix 5/8 (end=64, n_frames=13/65): reward=-22.2500 (mean, 1 tok)
2026-04-30 14:56:26,211 mme_vla_suite.pseudo_labeling.topreward_qwen_scorer INFO: Prefix 6/8 (end=77, n_frames=16/78): reward=-23.1250 (mean, 1 tok)
2026-04-30 14:56:30,936 mme_vla_suite.pseudo_labeling.topreward_qwen_scorer INFO: Prefix 7/8 (end=91, n_frames=18/92): reward=-23.1250 (mean, 1 tok)
2026-04-30 14:56:35,748 mme_vla_suite.pseudo_labeling.topreward_qwen_scorer INFO: Prefix 8/8 (end=105, n_frames=21/106): reward=-18.7500 (mean, 1 tok)
2026-04-30 14:56:41,299 mme_vla_suite.pseudo_labeling.topreward_qwen_scorer INFO: Prefix 1/8 (end=4, n_frames=4/5): reward=-21.2500 (mean, 1 tok)
2026-04-30 14:56:45,912 mme_vla_suite.pseudo_labeling.topreward_qwen_scorer INFO: Prefix 2/8 (end=10, n_frames=4/11): reward=-21.8750 (mean, 1 tok)
2026-04-30 14:56:50,450 mme_vla_suite.pseudo_labeling.topreward_qwen_scorer INFO: Prefix 3/8 (end=16, n_frames=4/17): reward=-21.8750 (mean, 1 tok)
2026-04-30 14:56:54,996 mme_vla_suite.pseudo_labeling.topreward_qwen_scorer INFO: Prefix 4/8 (end=22, n_frames=5/23): reward=-22.2500 (mean, 1 tok)
2026-04-30 14:56:59,555 mme_vla_suite.pseudo_labeling.topreward_qwen_scorer INFO: Prefix 5/8 (end=28, n_frames=6/29): reward=-22.0000 (mean, 1 tok)
2026-04-30 14:57:04,131 mme_vla_suite.pseudo_labeling.topreward_qwen_scorer INFO: Prefix 6/8 (end=34, n_frames=7/35): reward=-22.1250 (mean, 1 tok)
2026-04-30 14:57:08,660 mme_vla_suite.pseudo_labeling.topreward_qwen_scorer INFO: Prefix 7/8 (end=40, n_frames=8/41): reward=-21.7500 (mean, 1 tok)
2026-04-30 14:57:13,239 mme_vla_suite.pseudo_labeling.topreward_qwen_scorer INFO: Prefix 8/8 (end=46, n_frames=9/47): reward=-19.3750 (mean, 1 tok)
2026-04-30 14:57:18,648 mme_vla_suite.pseudo_labeling.topreward_qwen_scorer INFO: Prefix 1/8 (end=7, n_frames=4/8): reward=-24.8750 (mean, 1 tok)
2026-04-30 14:57:23,201 mme_vla_suite.pseudo_labeling.topreward_qwen_scorer INFO: Prefix 2/8 (end=17, n_frames=4/18): reward=-24.3750 (mean, 1 tok)
2026-04-30 14:57:27,756 mme_vla_suite.pseudo_labeling.topreward_qwen_scorer INFO: Prefix 3/8 (end=27, n_frames=6/28): reward=-24.0000 (mean, 1 tok)
2026-04-30 14:57:32,385 mme_vla_suite.pseudo_labeling.topreward_qwen_scorer INFO: Prefix 4/8 (end=37, n_frames=8/38): reward=-23.8750 (mean, 1 tok)
2026-04-30 14:57:37,040 mme_vla_suite.pseudo_labeling.topreward_qwen_scorer INFO: Prefix 5/8 (end=47, n_frames=10/48): reward=-23.1250 (mean, 1 tok)
2026-04-30 14:57:41,757 mme_vla_suite.pseudo_labeling.topreward_qwen_scorer INFO: Prefix 6/8 (end=57, n_frames=12/58): reward=-22.6250 (mean, 1 tok)
2026-04-30 14:57:46,453 mme_vla_suite.pseudo_labeling.topreward_qwen_scorer INFO: Prefix 7/8 (end=67, n_frames=14/68): reward=-23.7500 (mean, 1 tok)
2026-04-30 14:57:51,110 mme_vla_suite.pseudo_labeling.topreward_qwen_scorer INFO: Prefix 8/8 (end=77, n_frames=16/78): reward=-18.2500 (mean, 1 tok)
2026-04-30 14:57:56,524 mme_vla_suite.pseudo_labeling.topreward_qwen_scorer INFO: Prefix 1/8 (end=8, n_frames=4/9): reward=-25.1250 (mean, 1 tok)
2026-04-30 14:58:01,205 mme_vla_suite.pseudo_labeling.topreward_qwen_scorer INFO: Prefix 2/8 (end=19, n_frames=4/20): reward=-24.0000 (mean, 1 tok)
2026-04-30 14:58:05,903 mme_vla_suite.pseudo_labeling.topreward_qwen_scorer INFO: Prefix 3/8 (end=30, n_frames=6/31): reward=-24.0000 (mean, 1 tok)
2026-04-30 14:58:10,568 mme_vla_suite.pseudo_labeling.topreward_qwen_scorer INFO: Prefix 4/8 (end=41, n_frames=8/42): reward=-24.5000 (mean, 1 tok)
2026-04-30 14:58:15,289 mme_vla_suite.pseudo_labeling.topreward_qwen_scorer INFO: Prefix 5/8 (end=53, n_frames=11/54): reward=-22.6250 (mean, 1 tok)
2026-04-30 14:58:20,007 mme_vla_suite.pseudo_labeling.topreward_qwen_scorer INFO: Prefix 6/8 (end=64, n_frames=13/65): reward=-23.7500 (mean, 1 tok)
2026-04-30 14:58:24,724 mme_vla_suite.pseudo_labeling.topreward_qwen_scorer INFO: Prefix 7/8 (end=75, n_frames=15/76): reward=-17.3750 (mean, 1 tok)
2026-04-30 14:58:29,481 mme_vla_suite.pseudo_labeling.topreward_qwen_scorer INFO: Prefix 8/8 (end=87, n_frames=18/88): reward=-17.8750 (mean, 1 tok)
2026-04-30 14:58:35,549 mme_vla_suite.pseudo_labeling.topreward_qwen_scorer INFO: Prefix 1/8 (end=11, n_frames=4/12): reward=-23.6250 (mean, 1 tok)
2026-04-30 14:58:40,201 mme_vla_suite.pseudo_labeling.topreward_qwen_scorer INFO: Prefix 2/8 (end=25, n_frames=5/26): reward=-23.5000 (mean, 1 tok)
2026-04-30 14:58:44,890 mme_vla_suite.pseudo_labeling.topreward_qwen_scorer INFO: Prefix 3/8 (end=39, n_frames=8/40): reward=-23.0000 (mean, 1 tok)
2026-04-30 14:58:49,577 mme_vla_suite.pseudo_labeling.topreward_qwen_scorer INFO: Prefix 4/8 (end=53, n_frames=11/54): reward=-22.6250 (mean, 1 tok)
2026-04-30 14:58:54,342 mme_vla_suite.pseudo_labeling.topreward_qwen_scorer INFO: Prefix 5/8 (end=67, n_frames=14/68): reward=-21.8750 (mean, 1 tok)
2026-04-30 14:58:59,077 mme_vla_suite.pseudo_labeling.topreward_qwen_scorer INFO: Prefix 6/8 (end=81, n_frames=16/82): reward=-22.5000 (mean, 1 tok)
2026-04-30 14:59:03,823 mme_vla_suite.pseudo_labeling.topreward_qwen_scorer INFO: Prefix 7/8 (end=95, n_frames=19/96): reward=-18.3750 (mean, 1 tok)
2026-04-30 14:59:08,572 mme_vla_suite.pseudo_labeling.topreward_qwen_scorer INFO: Prefix 8/8 (end=109, n_frames=22/110): reward=-19.5000 (mean, 1 tok)
2026-04-30 14:59:14,082 mme_vla_suite.pseudo_labeling.topreward_qwen_scorer INFO: Prefix 1/8 (end=4, n_frames=4/5): reward=-20.3750 (mean, 1 tok)
2026-04-30 14:59:18,765 mme_vla_suite.pseudo_labeling.topreward_qwen_scorer INFO: Prefix 2/8 (end=9, n_frames=4/10): reward=-20.5000 (mean, 1 tok)
2026-04-30 14:59:23,427 mme_vla_suite.pseudo_labeling.topreward_qwen_scorer INFO: Prefix 3/8 (end=15, n_frames=4/16): reward=-20.5000 (mean, 1 tok)
2026-04-30 14:59:28,076 mme_vla_suite.pseudo_labeling.topreward_qwen_scorer INFO: Prefix 4/8 (end=21, n_frames=4/22): reward=-19.6250 (mean, 1 tok)
2026-04-30 14:59:32,834 mme_vla_suite.pseudo_labeling.topreward_qwen_scorer INFO: Prefix 5/8 (end=27, n_frames=6/28): reward=-19.2500 (mean, 1 tok)
2026-04-30 14:59:37,569 mme_vla_suite.pseudo_labeling.topreward_qwen_scorer INFO: Prefix 6/8 (end=33, n_frames=7/34): reward=-20.3750 (mean, 1 tok)
2026-04-30 14:59:42,273 mme_vla_suite.pseudo_labeling.topreward_qwen_scorer INFO: Prefix 7/8 (end=39, n_frames=8/40): reward=-19.8750 (mean, 1 tok)
2026-04-30 14:59:47,019 mme_vla_suite.pseudo_labeling.topreward_qwen_scorer INFO: Prefix 8/8 (end=45, n_frames=9/46): reward=-18.2500 (mean, 1 tok)
2026-04-30 14:59:52,515 mme_vla_suite.pseudo_labeling.topreward_qwen_scorer INFO: Prefix 1/8 (end=9, n_frames=4/10): reward=-22.7500 (mean, 1 tok)
2026-04-30 14:59:57,289 mme_vla_suite.pseudo_labeling.topreward_qwen_scorer INFO: Prefix 2/8 (end=21, n_frames=4/22): reward=-22.2500 (mean, 1 tok)
2026-04-30 15:00:02,216 mme_vla_suite.pseudo_labeling.topreward_qwen_scorer INFO: Prefix 3/8 (end=34, n_frames=7/35): reward=-21.2500 (mean, 1 tok)
2026-04-30 15:00:06,963 mme_vla_suite.pseudo_labeling.topreward_qwen_scorer INFO: Prefix 4/8 (end=47, n_frames=10/48): reward=-20.8750 (mean, 1 tok)
2026-04-30 15:00:11,636 mme_vla_suite.pseudo_labeling.topreward_qwen_scorer INFO: Prefix 5/8 (end=59, n_frames=12/60): reward=-21.6250 (mean, 1 tok)
2026-04-30 15:00:16,369 mme_vla_suite.pseudo_labeling.topreward_qwen_scorer INFO: Prefix 6/8 (end=72, n_frames=15/73): reward=-21.8750 (mean, 1 tok)
2026-04-30 15:00:21,136 mme_vla_suite.pseudo_labeling.topreward_qwen_scorer INFO: Prefix 7/8 (end=85, n_frames=17/86): reward=-21.3750 (mean, 1 tok)
2026-04-30 15:00:25,868 mme_vla_suite.pseudo_labeling.topreward_qwen_scorer INFO: Prefix 8/8 (end=98, n_frames=20/99): reward=-18.1250 (mean, 1 tok)
2026-04-30 15:00:31,338 mme_vla_suite.pseudo_labeling.topreward_qwen_scorer INFO: Prefix 1/8 (end=11, n_frames=4/12): reward=-22.7500 (mean, 1 tok)
2026-04-30 15:00:36,088 mme_vla_suite.pseudo_labeling.topreward_qwen_scorer INFO: Prefix 2/8 (end=25, n_frames=5/26): reward=-21.6250 (mean, 1 tok)
2026-04-30 15:00:40,840 mme_vla_suite.pseudo_labeling.topreward_qwen_scorer INFO: Prefix 3/8 (end=39, n_frames=8/40): reward=-22.0000 (mean, 1 tok)
2026-04-30 15:00:45,707 mme_vla_suite.pseudo_labeling.topreward_qwen_scorer INFO: Prefix 4/8 (end=53, n_frames=11/54): reward=-21.5000 (mean, 1 tok)
2026-04-30 15:00:50,618 mme_vla_suite.pseudo_labeling.topreward_qwen_scorer INFO: Prefix 5/8 (end=68, n_frames=14/69): reward=-22.1250 (mean, 1 tok)
2026-04-30 15:00:55,584 mme_vla_suite.pseudo_labeling.topreward_qwen_scorer INFO: Prefix 6/8 (end=82, n_frames=17/83): reward=-21.5000 (mean, 1 tok)
2026-04-30 15:01:00,369 mme_vla_suite.pseudo_labeling.topreward_qwen_scorer INFO: Prefix 7/8 (end=96, n_frames=19/97): reward=-18.1250 (mean, 1 tok)
2026-04-30 15:01:05,229 mme_vla_suite.pseudo_labeling.topreward_qwen_scorer INFO: Prefix 8/8 (end=111, n_frames=22/112): reward=-18.3750 (mean, 1 tok)
2026-04-30 15:01:10,862 mme_vla_suite.pseudo_labeling.topreward_qwen_scorer INFO: Prefix 1/8 (end=12, n_frames=4/13): reward=-23.8750 (mean, 1 tok)
2026-04-30 15:01:15,567 mme_vla_suite.pseudo_labeling.topreward_qwen_scorer INFO: Prefix 2/8 (end=27, n_frames=6/28): reward=-24.1250 (mean, 1 tok)
2026-04-30 15:01:20,295 mme_vla_suite.pseudo_labeling.topreward_qwen_scorer INFO: Prefix 3/8 (end=42, n_frames=9/43): reward=-23.7500 (mean, 1 tok)
2026-04-30 15:01:25,012 mme_vla_suite.pseudo_labeling.topreward_qwen_scorer INFO: Prefix 4/8 (end=58, n_frames=12/59): reward=-23.5000 (mean, 1 tok)
2026-04-30 15:01:29,729 mme_vla_suite.pseudo_labeling.topreward_qwen_scorer INFO: Prefix 5/8 (end=73, n_frames=15/74): reward=-23.3750 (mean, 1 tok)
2026-04-30 15:01:34,516 mme_vla_suite.pseudo_labeling.topreward_qwen_scorer INFO: Prefix 6/8 (end=89, n_frames=18/90): reward=-23.3750 (mean, 1 tok)
2026-04-30 15:01:39,437 mme_vla_suite.pseudo_labeling.topreward_qwen_scorer INFO: Prefix 7/8 (end=104, n_frames=21/105): reward=-19.8750 (mean, 1 tok)
2026-04-30 15:01:44,230 mme_vla_suite.pseudo_labeling.topreward_qwen_scorer INFO: Prefix 8/8 (end=120, n_frames=24/121): reward=-19.8750 (mean, 1 tok)
2026-04-30 15:01:49,653 mme_vla_suite.pseudo_labeling.topreward_qwen_scorer INFO: Prefix 1/8 (end=5, n_frames=4/6): reward=-20.2500 (mean, 1 tok)
2026-04-30 15:01:54,337 mme_vla_suite.pseudo_labeling.topreward_qwen_scorer INFO: Prefix 2/8 (end=12, n_frames=4/13): reward=-20.0000 (mean, 1 tok)
2026-04-30 15:01:59,018 mme_vla_suite.pseudo_labeling.topreward_qwen_scorer INFO: Prefix 3/8 (end=19, n_frames=4/20): reward=-20.3750 (mean, 1 tok)
2026-04-30 15:02:03,709 mme_vla_suite.pseudo_labeling.topreward_qwen_scorer INFO: Prefix 4/8 (end=27, n_frames=6/28): reward=-18.6250 (mean, 1 tok)
2026-04-30 15:02:08,392 mme_vla_suite.pseudo_labeling.topreward_qwen_scorer INFO: Prefix 5/8 (end=34, n_frames=7/35): reward=-19.2500 (mean, 1 tok)
2026-04-30 15:02:13,082 mme_vla_suite.pseudo_labeling.topreward_qwen_scorer INFO: Prefix 6/8 (end=42, n_frames=9/43): reward=-19.5000 (mean, 1 tok)
2026-04-30 15:02:17,754 mme_vla_suite.pseudo_labeling.topreward_qwen_scorer INFO: Prefix 7/8 (end=49, n_frames=10/50): reward=-19.2500 (mean, 1 tok)
2026-04-30 15:02:22,461 mme_vla_suite.pseudo_labeling.topreward_qwen_scorer INFO: Prefix 8/8 (end=57, n_frames=12/58): reward=-20.5000 (mean, 1 tok)
2026-04-30 15:02:28,107 mme_vla_suite.pseudo_labeling.topreward_qwen_scorer INFO: Prefix 1/8 (end=10, n_frames=4/11): reward=-24.2500 (mean, 1 tok)
2026-04-30 15:02:32,745 mme_vla_suite.pseudo_labeling.topreward_qwen_scorer INFO: Prefix 2/8 (end=23, n_frames=5/24): reward=-22.3750 (mean, 1 tok)
2026-04-30 15:02:37,425 mme_vla_suite.pseudo_labeling.topreward_qwen_scorer INFO: Prefix 3/8 (end=37, n_frames=8/38): reward=-22.8750 (mean, 1 tok)
2026-04-30 15:02:42,127 mme_vla_suite.pseudo_labeling.topreward_qwen_scorer INFO: Prefix 4/8 (end=50, n_frames=10/51): reward=-23.6250 (mean, 1 tok)
2026-04-30 15:02:46,824 mme_vla_suite.pseudo_labeling.topreward_qwen_scorer INFO: Prefix 5/8 (end=64, n_frames=13/65): reward=-25.3750 (mean, 1 tok)
2026-04-30 15:02:51,448 mme_vla_suite.pseudo_labeling.topreward_qwen_scorer INFO: Prefix 6/8 (end=77, n_frames=16/78): reward=-24.3750 (mean, 1 tok)
2026-04-30 15:02:56,107 mme_vla_suite.pseudo_labeling.topreward_qwen_scorer INFO: Prefix 7/8 (end=91, n_frames=18/92): reward=-22.3750 (mean, 1 tok)
2026-04-30 15:03:00,730 mme_vla_suite.pseudo_labeling.topreward_qwen_scorer INFO: Prefix 8/8 (end=105, n_frames=21/106): reward=-18.8750 (mean, 1 tok)
2026-04-30 15:03:06,038 mme_vla_suite.pseudo_labeling.topreward_qwen_scorer INFO: Prefix 1/8 (end=11, n_frames=4/12): reward=-23.8750 (mean, 1 tok)
2026-04-30 15:03:10,571 mme_vla_suite.pseudo_labeling.topreward_qwen_scorer INFO: Prefix 2/8 (end=25, n_frames=5/26): reward=-23.5000 (mean, 1 tok)
2026-04-30 15:03:15,154 mme_vla_suite.pseudo_labeling.topreward_qwen_scorer INFO: Prefix 3/8 (end=39, n_frames=8/40): reward=-23.0000 (mean, 1 tok)
2026-04-30 15:03:19,756 mme_vla_suite.pseudo_labeling.topreward_qwen_scorer INFO: Prefix 4/8 (end=53, n_frames=11/54): reward=-24.0000 (mean, 1 tok)
2026-04-30 15:03:24,391 mme_vla_suite.pseudo_labeling.topreward_qwen_scorer INFO: Prefix 5/8 (end=68, n_frames=14/69): reward=-25.3750 (mean, 1 tok)
2026-04-30 15:03:28,994 mme_vla_suite.pseudo_labeling.topreward_qwen_scorer INFO: Prefix 6/8 (end=82, n_frames=17/83): reward=-23.0000 (mean, 1 tok)
2026-04-30 15:03:33,649 mme_vla_suite.pseudo_labeling.topreward_qwen_scorer INFO: Prefix 7/8 (end=96, n_frames=19/97): reward=-22.6250 (mean, 1 tok)
2026-04-30 15:03:38,328 mme_vla_suite.pseudo_labeling.topreward_qwen_scorer INFO: Prefix 8/8 (end=111, n_frames=22/112): reward=-19.6250 (mean, 1 tok)
2026-04-30 15:03:44,129 mme_vla_suite.pseudo_labeling.topreward_qwen_scorer INFO: Prefix 1/8 (end=10, n_frames=4/11): reward=-24.2500 (mean, 1 tok)
2026-04-30 15:03:48,706 mme_vla_suite.pseudo_labeling.topreward_qwen_scorer INFO: Prefix 2/8 (end=23, n_frames=5/24): reward=-24.0000 (mean, 1 tok)
2026-04-30 15:03:53,291 mme_vla_suite.pseudo_labeling.topreward_qwen_scorer INFO: Prefix 3/8 (end=36, n_frames=7/37): reward=-24.1250 (mean, 1 tok)
2026-04-30 15:03:57,936 mme_vla_suite.pseudo_labeling.topreward_qwen_scorer INFO: Prefix 4/8 (end=49, n_frames=10/50): reward=-23.1250 (mean, 1 tok)
2026-04-30 15:04:02,631 mme_vla_suite.pseudo_labeling.topreward_qwen_scorer INFO: Prefix 5/8 (end=62, n_frames=13/63): reward=-23.3750 (mean, 1 tok)
2026-04-30 15:04:07,346 mme_vla_suite.pseudo_labeling.topreward_qwen_scorer INFO: Prefix 6/8 (end=75, n_frames=15/76): reward=-23.1250 (mean, 1 tok)
2026-04-30 15:04:12,073 mme_vla_suite.pseudo_labeling.topreward_qwen_scorer INFO: Prefix 7/8 (end=88, n_frames=18/89): reward=-23.3750 (mean, 1 tok)
2026-04-30 15:04:16,841 mme_vla_suite.pseudo_labeling.topreward_qwen_scorer INFO: Prefix 8/8 (end=101, n_frames=20/102): reward=-19.2500 (mean, 1 tok)
2026-04-30 15:04:22,063 mme_vla_suite.pseudo_labeling.topreward_qwen_scorer INFO: Prefix 1/8 (end=11, n_frames=4/12): reward=-24.2500 (mean, 1 tok)
2026-04-30 15:04:26,762 mme_vla_suite.pseudo_labeling.topreward_qwen_scorer INFO: Prefix 2/8 (end=25, n_frames=5/26): reward=-24.0000 (mean, 1 tok)
2026-04-30 15:04:31,517 mme_vla_suite.pseudo_labeling.topreward_qwen_scorer INFO: Prefix 3/8 (end=39, n_frames=8/40): reward=-23.7500 (mean, 1 tok)
2026-04-30 15:04:36,257 mme_vla_suite.pseudo_labeling.topreward_qwen_scorer INFO: Prefix 4/8 (end=53, n_frames=11/54): reward=-22.7500 (mean, 1 tok)
2026-04-30 15:04:40,995 mme_vla_suite.pseudo_labeling.topreward_qwen_scorer INFO: Prefix 5/8 (end=67, n_frames=14/68): reward=-22.7500 (mean, 1 tok)
2026-04-30 15:04:45,725 mme_vla_suite.pseudo_labeling.topreward_qwen_scorer INFO: Prefix 6/8 (end=81, n_frames=16/82): reward=-23.3750 (mean, 1 tok)
2026-04-30 15:04:50,482 mme_vla_suite.pseudo_labeling.topreward_qwen_scorer INFO: Prefix 7/8 (end=95, n_frames=19/96): reward=-19.0000 (mean, 1 tok)
2026-04-30 15:04:55,189 mme_vla_suite.pseudo_labeling.topreward_qwen_scorer INFO: Prefix 8/8 (end=109, n_frames=22/110): reward=-19.5000 (mean, 1 tok)
2026-04-30 15:05:00,798 mme_vla_suite.pseudo_labeling.topreward_qwen_scorer INFO: Prefix 1/8 (end=12, n_frames=4/13): reward=-23.5000 (mean, 1 tok)
2026-04-30 15:05:05,434 mme_vla_suite.pseudo_labeling.topreward_qwen_scorer INFO: Prefix 2/8 (end=27, n_frames=6/28): reward=-23.7500 (mean, 1 tok)
2026-04-30 15:05:10,047 mme_vla_suite.pseudo_labeling.topreward_qwen_scorer INFO: Prefix 3/8 (end=43, n_frames=9/44): reward=-23.2500 (mean, 1 tok)
2026-04-30 15:05:14,745 mme_vla_suite.pseudo_labeling.topreward_qwen_scorer INFO: Prefix 4/8 (end=58, n_frames=12/59): reward=-22.8750 (mean, 1 tok)
2026-04-30 15:05:19,440 mme_vla_suite.pseudo_labeling.topreward_qwen_scorer INFO: Prefix 5/8 (end=74, n_frames=15/75): reward=-22.6250 (mean, 1 tok)
2026-04-30 15:05:24,388 mme_vla_suite.pseudo_labeling.topreward_qwen_scorer INFO: Prefix 6/8 (end=89, n_frames=18/90): reward=-22.7500 (mean, 1 tok)
2026-04-30 15:05:29,250 mme_vla_suite.pseudo_labeling.topreward_qwen_scorer INFO: Prefix 7/8 (end=105, n_frames=21/106): reward=-18.0000 (mean, 1 tok)
2026-04-30 15:05:34,045 mme_vla_suite.pseudo_labeling.topreward_qwen_scorer INFO: Prefix 8/8 (end=121, n_frames=24/122): reward=-19.0000 (mean, 1 tok)
2026-04-30 15:05:39,555 mme_vla_suite.pseudo_labeling.topreward_qwen_scorer INFO: Prefix 1/8 (end=5, n_frames=4/6): reward=-19.3750 (mean, 1 tok)
2026-04-30 15:05:44,195 mme_vla_suite.pseudo_labeling.topreward_qwen_scorer INFO: Prefix 2/8 (end=12, n_frames=4/13): reward=-18.6250 (mean, 1 tok)
2026-04-30 15:05:48,844 mme_vla_suite.pseudo_labeling.topreward_qwen_scorer INFO: Prefix 3/8 (end=19, n_frames=4/20): reward=-18.7500 (mean, 1 tok)
2026-04-30 15:05:53,530 mme_vla_suite.pseudo_labeling.topreward_qwen_scorer INFO: Prefix 4/8 (end=26, n_frames=5/27): reward=-19.6250 (mean, 1 tok)
2026-04-30 15:05:58,280 mme_vla_suite.pseudo_labeling.topreward_qwen_scorer INFO: Prefix 5/8 (end=33, n_frames=7/34): reward=-19.3750 (mean, 1 tok)
2026-04-30 15:06:02,954 mme_vla_suite.pseudo_labeling.topreward_qwen_scorer INFO: Prefix 6/8 (end=40, n_frames=8/41): reward=-19.7500 (mean, 1 tok)
2026-04-30 15:06:07,629 mme_vla_suite.pseudo_labeling.topreward_qwen_scorer INFO: Prefix 7/8 (end=47, n_frames=10/48): reward=-19.7500 (mean, 1 tok)
2026-04-30 15:06:12,316 mme_vla_suite.pseudo_labeling.topreward_qwen_scorer INFO: Prefix 8/8 (end=54, n_frames=11/55): reward=-17.6250 (mean, 1 tok)
2026-04-30 15:06:17,808 mme_vla_suite.pseudo_labeling.topreward_qwen_scorer INFO: Prefix 1/8 (end=10, n_frames=4/11): reward=-24.1250 (mean, 1 tok)
2026-04-30 15:06:22,502 mme_vla_suite.pseudo_labeling.topreward_qwen_scorer INFO: Prefix 2/8 (end=23, n_frames=5/24): reward=-24.1250 (mean, 1 tok)
2026-04-30 15:06:27,172 mme_vla_suite.pseudo_labeling.topreward_qwen_scorer INFO: Prefix 3/8 (end=36, n_frames=7/37): reward=-24.0000 (mean, 1 tok)
2026-04-30 15:06:31,758 mme_vla_suite.pseudo_labeling.topreward_qwen_scorer INFO: Prefix 4/8 (end=50, n_frames=10/51): reward=-23.1250 (mean, 1 tok)
2026-04-30 15:06:36,446 mme_vla_suite.pseudo_labeling.topreward_qwen_scorer INFO: Prefix 5/8 (end=63, n_frames=13/64): reward=-23.7500 (mean, 1 tok)
2026-04-30 15:06:41,171 mme_vla_suite.pseudo_labeling.topreward_qwen_scorer INFO: Prefix 6/8 (end=77, n_frames=16/78): reward=-23.6250 (mean, 1 tok)
2026-04-30 15:06:45,921 mme_vla_suite.pseudo_labeling.topreward_qwen_scorer INFO: Prefix 7/8 (end=90, n_frames=18/91): reward=-23.2500 (mean, 1 tok)
2026-04-30 15:06:50,635 mme_vla_suite.pseudo_labeling.topreward_qwen_scorer INFO: Prefix 8/8 (end=104, n_frames=21/105): reward=-17.5000 (mean, 1 tok)
2026-04-30 15:06:56,005 mme_vla_suite.pseudo_labeling.topreward_qwen_scorer INFO: Prefix 1/8 (end=11, n_frames=4/12): reward=-24.0000 (mean, 1 tok)
2026-04-30 15:07:00,687 mme_vla_suite.pseudo_labeling.topreward_qwen_scorer INFO: Prefix 2/8 (end=25, n_frames=5/26): reward=-23.8750 (mean, 1 tok)
2026-04-30 15:07:05,401 mme_vla_suite.pseudo_labeling.topreward_qwen_scorer INFO: Prefix 3/8 (end=40, n_frames=8/41): reward=-23.7500 (mean, 1 tok)
2026-04-30 15:07:10,064 mme_vla_suite.pseudo_labeling.topreward_qwen_scorer INFO: Prefix 4/8 (end=55, n_frames=11/56): reward=-23.0000 (mean, 1 tok)
2026-04-30 15:07:14,830 mme_vla_suite.pseudo_labeling.topreward_qwen_scorer INFO: Prefix 5/8 (end=70, n_frames=14/71): reward=-22.7500 (mean, 1 tok)
2026-04-30 15:07:19,611 mme_vla_suite.pseudo_labeling.topreward_qwen_scorer INFO: Prefix 6/8 (end=85, n_frames=17/86): reward=-23.2500 (mean, 1 tok)
2026-04-30 15:07:24,397 mme_vla_suite.pseudo_labeling.topreward_qwen_scorer INFO: Prefix 7/8 (end=100, n_frames=20/101): reward=-18.1250 (mean, 1 tok)
2026-04-30 15:07:29,186 mme_vla_suite.pseudo_labeling.topreward_qwen_scorer INFO: Prefix 8/8 (end=115, n_frames=23/116): reward=-18.1250 (mean, 1 tok)
2026-04-30 15:07:34,741 mme_vla_suite.pseudo_labeling.topreward_qwen_scorer INFO: Prefix 1/8 (end=10, n_frames=4/11): reward=-23.3750 (mean, 1 tok)
2026-04-30 15:07:39,364 mme_vla_suite.pseudo_labeling.topreward_qwen_scorer INFO: Prefix 2/8 (end=24, n_frames=5/25): reward=-23.1250 (mean, 1 tok)
2026-04-30 15:07:44,065 mme_vla_suite.pseudo_labeling.topreward_qwen_scorer INFO: Prefix 3/8 (end=38, n_frames=8/39): reward=-23.1250 (mean, 1 tok)
2026-04-30 15:07:48,750 mme_vla_suite.pseudo_labeling.topreward_qwen_scorer INFO: Prefix 4/8 (end=52, n_frames=11/53): reward=-22.3750 (mean, 1 tok)
2026-04-30 15:07:53,799 mme_vla_suite.pseudo_labeling.topreward_qwen_scorer INFO: Prefix 5/8 (end=66, n_frames=13/67): reward=-22.3750 (mean, 1 tok)
2026-04-30 15:07:58,615 mme_vla_suite.pseudo_labeling.topreward_qwen_scorer INFO: Prefix 6/8 (end=80, n_frames=16/81): reward=-23.3750 (mean, 1 tok)
2026-04-30 15:08:03,393 mme_vla_suite.pseudo_labeling.topreward_qwen_scorer INFO: Prefix 7/8 (end=94, n_frames=19/95): reward=-22.6250 (mean, 1 tok)
2026-04-30 15:08:08,167 mme_vla_suite.pseudo_labeling.topreward_qwen_scorer INFO: Prefix 8/8 (end=108, n_frames=22/109): reward=-18.5000 (mean, 1 tok)
2026-04-30 15:08:13,482 mme_vla_suite.pseudo_labeling.topreward_qwen_scorer INFO: Prefix 1/8 (end=11, n_frames=4/12): reward=-23.3750 (mean, 1 tok)
2026-04-30 15:08:18,168 mme_vla_suite.pseudo_labeling.topreward_qwen_scorer INFO: Prefix 2/8 (end=26, n_frames=5/27): reward=-23.1250 (mean, 1 tok)
2026-04-30 15:08:22,860 mme_vla_suite.pseudo_labeling.topreward_qwen_scorer INFO: Prefix 3/8 (end=41, n_frames=8/42): reward=-23.2500 (mean, 1 tok)
2026-04-30 15:08:27,595 mme_vla_suite.pseudo_labeling.topreward_qwen_scorer INFO: Prefix 4/8 (end=56, n_frames=11/57): reward=-22.2500 (mean, 1 tok)
2026-04-30 15:08:32,299 mme_vla_suite.pseudo_labeling.topreward_qwen_scorer INFO: Prefix 5/8 (end=71, n_frames=14/72): reward=-21.8750 (mean, 1 tok)
2026-04-30 15:08:37,050 mme_vla_suite.pseudo_labeling.topreward_qwen_scorer INFO: Prefix 6/8 (end=86, n_frames=17/87): reward=-22.5000 (mean, 1 tok)
2026-04-30 15:08:41,814 mme_vla_suite.pseudo_labeling.topreward_qwen_scorer INFO: Prefix 7/8 (end=101, n_frames=20/102): reward=-18.7500 (mean, 1 tok)
2026-04-30 15:08:46,571 mme_vla_suite.pseudo_labeling.topreward_qwen_scorer INFO: Prefix 8/8 (end=117, n_frames=24/118): reward=-19.2500 (mean, 1 tok)
2026-04-30 15:08:52,200 mme_vla_suite.pseudo_labeling.topreward_qwen_scorer INFO: Prefix 1/8 (end=9, n_frames=4/10): reward=-24.0000 (mean, 1 tok)
2026-04-30 15:08:56,893 mme_vla_suite.pseudo_labeling.topreward_qwen_scorer INFO: Prefix 2/8 (end=21, n_frames=4/22): reward=-23.5000 (mean, 1 tok)
2026-04-30 15:09:01,718 mme_vla_suite.pseudo_labeling.topreward_qwen_scorer INFO: Prefix 3/8 (end=33, n_frames=7/34): reward=-22.6250 (mean, 1 tok)
2026-04-30 15:09:06,350 mme_vla_suite.pseudo_labeling.topreward_qwen_scorer INFO: Prefix 4/8 (end=46, n_frames=9/47): reward=-22.8750 (mean, 1 tok)
2026-04-30 15:09:10,960 mme_vla_suite.pseudo_labeling.topreward_qwen_scorer INFO: Prefix 5/8 (end=58, n_frames=12/59): reward=-24.3750 (mean, 1 tok)
2026-04-30 15:09:15,600 mme_vla_suite.pseudo_labeling.topreward_qwen_scorer INFO: Prefix 6/8 (end=71, n_frames=14/72): reward=-23.8750 (mean, 1 tok)
2026-04-30 15:09:20,223 mme_vla_suite.pseudo_labeling.topreward_qwen_scorer INFO: Prefix 7/8 (end=83, n_frames=17/84): reward=-24.3750 (mean, 1 tok)
2026-04-30 15:09:24,890 mme_vla_suite.pseudo_labeling.topreward_qwen_scorer INFO: Prefix 8/8 (end=96, n_frames=19/97): reward=-19.6250 (mean, 1 tok)
2026-04-30 15:09:30,271 mme_vla_suite.pseudo_labeling.topreward_qwen_scorer INFO: Prefix 1/8 (end=10, n_frames=4/11): reward=-24.0000 (mean, 1 tok)
2026-04-30 15:09:34,854 mme_vla_suite.pseudo_labeling.topreward_qwen_scorer INFO: Prefix 2/8 (end=23, n_frames=5/24): reward=-23.8750 (mean, 1 tok)
2026-04-30 15:09:39,448 mme_vla_suite.pseudo_labeling.topreward_qwen_scorer INFO: Prefix 3/8 (end=37, n_frames=8/38): reward=-22.5000 (mean, 1 tok)
2026-04-30 15:09:44,043 mme_vla_suite.pseudo_labeling.topreward_qwen_scorer INFO: Prefix 4/8 (end=50, n_frames=10/51): reward=-22.5000 (mean, 1 tok)
2026-04-30 15:09:48,706 mme_vla_suite.pseudo_labeling.topreward_qwen_scorer INFO: Prefix 5/8 (end=64, n_frames=13/65): reward=-24.6250 (mean, 1 tok)
2026-04-30 15:09:53,353 mme_vla_suite.pseudo_labeling.topreward_qwen_scorer INFO: Prefix 6/8 (end=77, n_frames=16/78): reward=-23.7500 (mean, 1 tok)
2026-04-30 15:09:58,036 mme_vla_suite.pseudo_labeling.topreward_qwen_scorer INFO: Prefix 7/8 (end=91, n_frames=18/92): reward=-21.1250 (mean, 1 tok)
2026-04-30 15:10:02,721 mme_vla_suite.pseudo_labeling.topreward_qwen_scorer INFO: Prefix 8/8 (end=105, n_frames=21/106): reward=-20.6250 (mean, 1 tok)
2026-04-30 15:10:08,445 mme_vla_suite.pseudo_labeling.topreward_qwen_scorer INFO: Prefix 1/8 (end=9, n_frames=4/10): reward=-23.6250 (mean, 1 tok)
2026-04-30 15:10:13,126 mme_vla_suite.pseudo_labeling.topreward_qwen_scorer INFO: Prefix 2/8 (end=21, n_frames=4/22): reward=-23.6250 (mean, 1 tok)
2026-04-30 15:10:17,867 mme_vla_suite.pseudo_labeling.topreward_qwen_scorer INFO: Prefix 3/8 (end=33, n_frames=7/34): reward=-23.3750 (mean, 1 tok)
2026-04-30 15:10:22,575 mme_vla_suite.pseudo_labeling.topreward_qwen_scorer INFO: Prefix 4/8 (end=45, n_frames=9/46): reward=-22.3750 (mean, 1 tok)
2026-04-30 15:10:27,269 mme_vla_suite.pseudo_labeling.topreward_qwen_scorer INFO: Prefix 5/8 (end=57, n_frames=12/58): reward=-22.2500 (mean, 1 tok)
2026-04-30 15:10:32,017 mme_vla_suite.pseudo_labeling.topreward_qwen_scorer INFO: Prefix 6/8 (end=69, n_frames=14/70): reward=-23.2500 (mean, 1 tok)
2026-04-30 15:10:36,749 mme_vla_suite.pseudo_labeling.topreward_qwen_scorer INFO: Prefix 7/8 (end=81, n_frames=16/82): reward=-23.1250 (mean, 1 tok)
2026-04-30 15:10:41,514 mme_vla_suite.pseudo_labeling.topreward_qwen_scorer INFO: Prefix 8/8 (end=94, n_frames=19/95): reward=-19.0000 (mean, 1 tok)
2026-04-30 15:10:46,950 mme_vla_suite.pseudo_labeling.topreward_qwen_scorer INFO: Prefix 1/8 (end=10, n_frames=4/11): reward=-23.6250 (mean, 1 tok)
2026-04-30 15:10:51,651 mme_vla_suite.pseudo_labeling.topreward_qwen_scorer INFO: Prefix 2/8 (end=23, n_frames=5/24): reward=-23.6250 (mean, 1 tok)
2026-04-30 15:10:56,342 mme_vla_suite.pseudo_labeling.topreward_qwen_scorer INFO: Prefix 3/8 (end=36, n_frames=7/37): reward=-23.0000 (mean, 1 tok)
2026-04-30 15:11:01,053 mme_vla_suite.pseudo_labeling.topreward_qwen_scorer INFO: Prefix 4/8 (end=49, n_frames=10/50): reward=-21.7500 (mean, 1 tok)
2026-04-30 15:11:05,783 mme_vla_suite.pseudo_labeling.topreward_qwen_scorer INFO: Prefix 5/8 (end=62, n_frames=13/63): reward=-23.6250 (mean, 1 tok)
2026-04-30 15:11:10,528 mme_vla_suite.pseudo_labeling.topreward_qwen_scorer INFO: Prefix 6/8 (end=75, n_frames=15/76): reward=-23.1250 (mean, 1 tok)
2026-04-30 15:11:15,264 mme_vla_suite.pseudo_labeling.topreward_qwen_scorer INFO: Prefix 7/8 (end=88, n_frames=18/89): reward=-22.7500 (mean, 1 tok)
2026-04-30 15:11:20,166 mme_vla_suite.pseudo_labeling.topreward_qwen_scorer INFO: Prefix 8/8 (end=102, n_frames=21/103): reward=-19.3750 (mean, 1 tok)
2026-04-30 15:11:25,650 mme_vla_suite.pseudo_labeling.topreward_qwen_scorer INFO: Prefix 1/8 (end=10, n_frames=4/11): reward=-23.7500 (mean, 1 tok)
2026-04-30 15:11:30,315 mme_vla_suite.pseudo_labeling.topreward_qwen_scorer INFO: Prefix 2/8 (end=23, n_frames=5/24): reward=-23.6250 (mean, 1 tok)
2026-04-30 15:11:35,002 mme_vla_suite.pseudo_labeling.topreward_qwen_scorer INFO: Prefix 3/8 (end=36, n_frames=7/37): reward=-22.7500 (mean, 1 tok)
2026-04-30 15:11:39,690 mme_vla_suite.pseudo_labeling.topreward_qwen_scorer INFO: Prefix 4/8 (end=49, n_frames=10/50): reward=-21.2500 (mean, 1 tok)
2026-04-30 15:11:44,441 mme_vla_suite.pseudo_labeling.topreward_qwen_scorer INFO: Prefix 5/8 (end=62, n_frames=13/63): reward=-23.7500 (mean, 1 tok)
2026-04-30 15:11:49,146 mme_vla_suite.pseudo_labeling.topreward_qwen_scorer INFO: Prefix 6/8 (end=75, n_frames=15/76): reward=-23.2500 (mean, 1 tok)
2026-04-30 15:11:53,885 mme_vla_suite.pseudo_labeling.topreward_qwen_scorer INFO: Prefix 7/8 (end=88, n_frames=18/89): reward=-22.5000 (mean, 1 tok)
2026-04-30 15:11:58,647 mme_vla_suite.pseudo_labeling.topreward_qwen_scorer INFO: Prefix 8/8 (end=101, n_frames=20/102): reward=-19.1250 (mean, 1 tok)
2026-04-30 15:12:04,098 mme_vla_suite.pseudo_labeling.topreward_qwen_scorer INFO: Prefix 1/8 (end=5, n_frames=4/6): reward=-21.1250 (mean, 1 tok)
2026-04-30 15:12:08,736 mme_vla_suite.pseudo_labeling.topreward_qwen_scorer INFO: Prefix 2/8 (end=11, n_frames=4/12): reward=-21.6250 (mean, 1 tok)
2026-04-30 15:12:13,396 mme_vla_suite.pseudo_labeling.topreward_qwen_scorer INFO: Prefix 3/8 (end=17, n_frames=4/18): reward=-21.6250 (mean, 1 tok)
2026-04-30 15:12:18,055 mme_vla_suite.pseudo_labeling.topreward_qwen_scorer INFO: Prefix 4/8 (end=24, n_frames=5/25): reward=-20.3750 (mean, 1 tok)
2026-04-30 15:12:22,711 mme_vla_suite.pseudo_labeling.topreward_qwen_scorer INFO: Prefix 5/8 (end=30, n_frames=6/31): reward=-21.2500 (mean, 1 tok)
2026-04-30 15:12:27,345 mme_vla_suite.pseudo_labeling.topreward_qwen_scorer INFO: Prefix 6/8 (end=37, n_frames=8/38): reward=-22.0000 (mean, 1 tok)
2026-04-30 15:12:32,030 mme_vla_suite.pseudo_labeling.topreward_qwen_scorer INFO: Prefix 7/8 (end=43, n_frames=9/44): reward=-20.8750 (mean, 1 tok)
2026-04-30 15:12:36,737 mme_vla_suite.pseudo_labeling.topreward_qwen_scorer INFO: Prefix 8/8 (end=50, n_frames=10/51): reward=-21.0000 (mean, 1 tok)
2026-04-30 15:12:42,494 mme_vla_suite.pseudo_labeling.topreward_qwen_scorer INFO: Prefix 1/8 (end=9, n_frames=4/10): reward=-24.8750 (mean, 1 tok)
2026-04-30 15:12:47,205 mme_vla_suite.pseudo_labeling.topreward_qwen_scorer INFO: Prefix 2/8 (end=21, n_frames=4/22): reward=-24.7500 (mean, 1 tok)
2026-04-30 15:12:51,972 mme_vla_suite.pseudo_labeling.topreward_qwen_scorer INFO: Prefix 3/8 (end=33, n_frames=7/34): reward=-24.8750 (mean, 1 tok)
2026-04-30 15:12:56,720 mme_vla_suite.pseudo_labeling.topreward_qwen_scorer INFO: Prefix 4/8 (end=45, n_frames=9/46): reward=-24.7500 (mean, 1 tok)
2026-04-30 15:13:01,492 mme_vla_suite.pseudo_labeling.topreward_qwen_scorer INFO: Prefix 5/8 (end=57, n_frames=12/58): reward=-24.3750 (mean, 1 tok)
2026-04-30 15:13:06,205 mme_vla_suite.pseudo_labeling.topreward_qwen_scorer INFO: Prefix 6/8 (end=69, n_frames=14/70): reward=-23.7500 (mean, 1 tok)
2026-04-30 15:13:10,932 mme_vla_suite.pseudo_labeling.topreward_qwen_scorer INFO: Prefix 7/8 (end=81, n_frames=16/82): reward=-22.6250 (mean, 1 tok)
2026-04-30 15:13:15,676 mme_vla_suite.pseudo_labeling.topreward_qwen_scorer INFO: Prefix 8/8 (end=93, n_frames=19/94): reward=-20.2500 (mean, 1 tok)
2026-04-30 15:13:20,942 mme_vla_suite.pseudo_labeling.topreward_qwen_scorer INFO: Prefix 1/8 (end=10, n_frames=4/11): reward=-25.1250 (mean, 1 tok)
2026-04-30 15:13:25,570 mme_vla_suite.pseudo_labeling.topreward_qwen_scorer INFO: Prefix 2/8 (end=23, n_frames=5/24): reward=-24.7500 (mean, 1 tok)
2026-04-30 15:13:30,271 mme_vla_suite.pseudo_labeling.topreward_qwen_scorer INFO: Prefix 3/8 (end=37, n_frames=8/38): reward=-24.0000 (mean, 1 tok)
2026-04-30 15:13:34,895 mme_vla_suite.pseudo_labeling.topreward_qwen_scorer INFO: Prefix 4/8 (end=50, n_frames=10/51): reward=-24.5000 (mean, 1 tok)
2026-04-30 15:13:39,593 mme_vla_suite.pseudo_labeling.topreward_qwen_scorer INFO: Prefix 5/8 (end=64, n_frames=13/65): reward=-24.2500 (mean, 1 tok)
2026-04-30 15:13:44,333 mme_vla_suite.pseudo_labeling.topreward_qwen_scorer INFO: Prefix 6/8 (end=77, n_frames=16/78): reward=-23.0000 (mean, 1 tok)
2026-04-30 15:13:49,071 mme_vla_suite.pseudo_labeling.topreward_qwen_scorer INFO: Prefix 7/8 (end=91, n_frames=18/92): reward=-23.5000 (mean, 1 tok)
2026-04-30 15:13:53,854 mme_vla_suite.pseudo_labeling.topreward_qwen_scorer INFO: Prefix 8/8 (end=105, n_frames=21/106): reward=-20.7500 (mean, 1 tok)
2026-04-30 15:13:59,469 mme_vla_suite.pseudo_labeling.topreward_qwen_scorer INFO: Prefix 1/8 (end=10, n_frames=4/11): reward=-23.7500 (mean, 1 tok)
2026-04-30 15:14:04,132 mme_vla_suite.pseudo_labeling.topreward_qwen_scorer INFO: Prefix 2/8 (end=22, n_frames=5/23): reward=-23.5000 (mean, 1 tok)
2026-04-30 15:14:08,795 mme_vla_suite.pseudo_labeling.topreward_qwen_scorer INFO: Prefix 3/8 (end=35, n_frames=7/36): reward=-22.3750 (mean, 1 tok)
2026-04-30 15:14:13,482 mme_vla_suite.pseudo_labeling.topreward_qwen_scorer INFO: Prefix 4/8 (end=48, n_frames=10/49): reward=-22.0000 (mean, 1 tok)
2026-04-30 15:14:18,186 mme_vla_suite.pseudo_labeling.topreward_qwen_scorer INFO: Prefix 5/8 (end=60, n_frames=12/61): reward=-22.0000 (mean, 1 tok)
2026-04-30 15:14:22,919 mme_vla_suite.pseudo_labeling.topreward_qwen_scorer INFO: Prefix 6/8 (end=73, n_frames=15/74): reward=-23.5000 (mean, 1 tok)
2026-04-30 15:14:27,649 mme_vla_suite.pseudo_labeling.topreward_qwen_scorer INFO: Prefix 7/8 (end=86, n_frames=17/87): reward=-23.0000 (mean, 1 tok)
2026-04-30 15:14:32,393 mme_vla_suite.pseudo_labeling.topreward_qwen_scorer INFO: Prefix 8/8 (end=99, n_frames=20/100): reward=-18.8750 (mean, 1 tok)
2026-04-30 15:14:37,835 mme_vla_suite.pseudo_labeling.topreward_qwen_scorer INFO: Prefix 1/8 (end=5, n_frames=4/6): reward=-21.2500 (mean, 1 tok)
2026-04-30 15:14:42,521 mme_vla_suite.pseudo_labeling.topreward_qwen_scorer INFO: Prefix 2/8 (end=11, n_frames=4/12): reward=-20.7500 (mean, 1 tok)
2026-04-30 15:14:47,161 mme_vla_suite.pseudo_labeling.topreward_qwen_scorer INFO: Prefix 3/8 (end=17, n_frames=4/18): reward=-21.3750 (mean, 1 tok)
2026-04-30 15:14:51,830 mme_vla_suite.pseudo_labeling.topreward_qwen_scorer INFO: Prefix 4/8 (end=23, n_frames=5/24): reward=-20.2500 (mean, 1 tok)
2026-04-30 15:14:56,495 mme_vla_suite.pseudo_labeling.topreward_qwen_scorer INFO: Prefix 5/8 (end=30, n_frames=6/31): reward=-20.2500 (mean, 1 tok)
2026-04-30 15:15:01,164 mme_vla_suite.pseudo_labeling.topreward_qwen_scorer INFO: Prefix 6/8 (end=36, n_frames=7/37): reward=-20.2500 (mean, 1 tok)
2026-04-30 15:15:05,828 mme_vla_suite.pseudo_labeling.topreward_qwen_scorer INFO: Prefix 7/8 (end=42, n_frames=9/43): reward=-17.5000 (mean, 1 tok)
2026-04-30 15:15:10,526 mme_vla_suite.pseudo_labeling.topreward_qwen_scorer INFO: Prefix 8/8 (end=49, n_frames=10/50): reward=-18.6250 (mean, 1 tok)
2026-04-30 15:15:16,109 mme_vla_suite.pseudo_labeling.topreward_qwen_scorer INFO: Prefix 1/8 (end=8, n_frames=4/9): reward=-24.3750 (mean, 1 tok)
2026-04-30 15:15:20,668 mme_vla_suite.pseudo_labeling.topreward_qwen_scorer INFO: Prefix 2/8 (end=19, n_frames=4/20): reward=-24.1250 (mean, 1 tok)
2026-04-30 15:15:25,283 mme_vla_suite.pseudo_labeling.topreward_qwen_scorer INFO: Prefix 3/8 (end=30, n_frames=6/31): reward=-24.0000 (mean, 1 tok)
2026-04-30 15:15:29,904 mme_vla_suite.pseudo_labeling.topreward_qwen_scorer INFO: Prefix 4/8 (end=41, n_frames=8/42): reward=-24.5000 (mean, 1 tok)
2026-04-30 15:15:34,506 mme_vla_suite.pseudo_labeling.topreward_qwen_scorer INFO: Prefix 5/8 (end=53, n_frames=11/54): reward=-23.5000 (mean, 1 tok)
2026-04-30 15:15:39,093 mme_vla_suite.pseudo_labeling.topreward_qwen_scorer INFO: Prefix 6/8 (end=64, n_frames=13/65): reward=-23.8750 (mean, 1 tok)
2026-04-30 15:15:43,736 mme_vla_suite.pseudo_labeling.topreward_qwen_scorer INFO: Prefix 7/8 (end=75, n_frames=15/76): reward=-24.6250 (mean, 1 tok)
2026-04-30 15:15:48,347 mme_vla_suite.pseudo_labeling.topreward_qwen_scorer INFO: Prefix 8/8 (end=87, n_frames=18/88): reward=-18.5000 (mean, 1 tok)
2026-04-30 15:15:53,871 mme_vla_suite.pseudo_labeling.topreward_qwen_scorer INFO: Prefix 1/8 (end=9, n_frames=4/10): reward=-24.5000 (mean, 1 tok)
2026-04-30 15:15:58,431 mme_vla_suite.pseudo_labeling.topreward_qwen_scorer INFO: Prefix 2/8 (end=21, n_frames=4/22): reward=-24.2500 (mean, 1 tok)
2026-04-30 15:16:03,009 mme_vla_suite.pseudo_labeling.topreward_qwen_scorer INFO: Prefix 3/8 (end=33, n_frames=7/34): reward=-24.6250 (mean, 1 tok)
2026-04-30 15:16:07,596 mme_vla_suite.pseudo_labeling.topreward_qwen_scorer INFO: Prefix 4/8 (end=45, n_frames=9/46): reward=-24.1250 (mean, 1 tok)
2026-04-30 15:16:12,209 mme_vla_suite.pseudo_labeling.topreward_qwen_scorer INFO: Prefix 5/8 (end=57, n_frames=12/58): reward=-24.0000 (mean, 1 tok)
2026-04-30 15:16:16,837 mme_vla_suite.pseudo_labeling.topreward_qwen_scorer INFO: Prefix 6/8 (end=69, n_frames=14/70): reward=-24.0000 (mean, 1 tok)
2026-04-30 15:16:21,507 mme_vla_suite.pseudo_labeling.topreward_qwen_scorer INFO: Prefix 7/8 (end=81, n_frames=16/82): reward=-20.0000 (mean, 1 tok)
2026-04-30 15:16:26,192 mme_vla_suite.pseudo_labeling.topreward_qwen_scorer INFO: Prefix 8/8 (end=94, n_frames=19/95): reward=-19.0000 (mean, 1 tok)
2026-04-30 15:16:31,643 mme_vla_suite.pseudo_labeling.topreward_qwen_scorer INFO: Prefix 1/8 (end=9, n_frames=4/10): reward=-23.7500 (mean, 1 tok)
2026-04-30 15:16:36,293 mme_vla_suite.pseudo_labeling.topreward_qwen_scorer INFO: Prefix 2/8 (end=20, n_frames=4/21): reward=-23.7500 (mean, 1 tok)
2026-04-30 15:16:40,996 mme_vla_suite.pseudo_labeling.topreward_qwen_scorer INFO: Prefix 3/8 (end=32, n_frames=7/33): reward=-23.3750 (mean, 1 tok)
2026-04-30 15:16:45,624 mme_vla_suite.pseudo_labeling.topreward_qwen_scorer INFO: Prefix 4/8 (end=44, n_frames=9/45): reward=-22.8750 (mean, 1 tok)
2026-04-30 15:16:50,324 mme_vla_suite.pseudo_labeling.topreward_qwen_scorer INFO: Prefix 5/8 (end=56, n_frames=11/57): reward=-23.3750 (mean, 1 tok)
2026-04-30 15:16:55,057 mme_vla_suite.pseudo_labeling.topreward_qwen_scorer INFO: Prefix 6/8 (end=68, n_frames=14/69): reward=-24.3750 (mean, 1 tok)
2026-04-30 15:16:59,745 mme_vla_suite.pseudo_labeling.topreward_qwen_scorer INFO: Prefix 7/8 (end=80, n_frames=16/81): reward=-24.2500 (mean, 1 tok)
2026-04-30 15:17:04,484 mme_vla_suite.pseudo_labeling.topreward_qwen_scorer INFO: Prefix 8/8 (end=92, n_frames=19/93): reward=-21.1250 (mean, 1 tok)
2026-04-30 15:17:09,905 mme_vla_suite.pseudo_labeling.topreward_qwen_scorer INFO: Prefix 1/8 (end=10, n_frames=4/11): reward=-23.7500 (mean, 1 tok)
2026-04-30 15:17:14,564 mme_vla_suite.pseudo_labeling.topreward_qwen_scorer INFO: Prefix 2/8 (end=22, n_frames=5/23): reward=-23.6250 (mean, 1 tok)
2026-04-30 15:17:19,214 mme_vla_suite.pseudo_labeling.topreward_qwen_scorer INFO: Prefix 3/8 (end=35, n_frames=7/36): reward=-23.0000 (mean, 1 tok)
2026-04-30 15:17:23,846 mme_vla_suite.pseudo_labeling.topreward_qwen_scorer INFO: Prefix 4/8 (end=48, n_frames=10/49): reward=-22.7500 (mean, 1 tok)
2026-04-30 15:17:28,491 mme_vla_suite.pseudo_labeling.topreward_qwen_scorer INFO: Prefix 5/8 (end=61, n_frames=12/62): reward=-23.1250 (mean, 1 tok)
2026-04-30 15:17:33,198 mme_vla_suite.pseudo_labeling.topreward_qwen_scorer INFO: Prefix 6/8 (end=74, n_frames=15/75): reward=-24.1250 (mean, 1 tok)
2026-04-30 15:17:37,925 mme_vla_suite.pseudo_labeling.topreward_qwen_scorer INFO: Prefix 7/8 (end=87, n_frames=18/88): reward=-22.8750 (mean, 1 tok)
2026-04-30 15:17:42,663 mme_vla_suite.pseudo_labeling.topreward_qwen_scorer INFO: Prefix 8/8 (end=100, n_frames=20/101): reward=-21.2500 (mean, 1 tok)
2026-04-30 15:17:48,192 mme_vla_suite.pseudo_labeling.topreward_qwen_scorer INFO: Prefix 1/8 (end=9, n_frames=4/10): reward=-23.2500 (mean, 1 tok)
2026-04-30 15:17:52,849 mme_vla_suite.pseudo_labeling.topreward_qwen_scorer INFO: Prefix 2/8 (end=20, n_frames=4/21): reward=-23.6250 (mean, 1 tok)
2026-04-30 15:17:57,509 mme_vla_suite.pseudo_labeling.topreward_qwen_scorer INFO: Prefix 3/8 (end=32, n_frames=7/33): reward=-22.1250 (mean, 1 tok)
2026-04-30 15:18:02,167 mme_vla_suite.pseudo_labeling.topreward_qwen_scorer INFO: Prefix 4/8 (end=43, n_frames=9/44): reward=-21.6250 (mean, 1 tok)
2026-04-30 15:18:06,966 mme_vla_suite.pseudo_labeling.topreward_qwen_scorer INFO: Prefix 5/8 (end=55, n_frames=11/56): reward=-22.0000 (mean, 1 tok)
2026-04-30 15:18:11,709 mme_vla_suite.pseudo_labeling.topreward_qwen_scorer INFO: Prefix 6/8 (end=66, n_frames=13/67): reward=-21.6250 (mean, 1 tok)
2026-04-30 15:18:16,436 mme_vla_suite.pseudo_labeling.topreward_qwen_scorer INFO: Prefix 7/8 (end=78, n_frames=16/79): reward=-21.2500 (mean, 1 tok)
2026-04-30 15:18:21,183 mme_vla_suite.pseudo_labeling.topreward_qwen_scorer INFO: Prefix 8/8 (end=90, n_frames=18/91): reward=-17.3750 (mean, 1 tok)
2026-04-30 15:18:26,428 mme_vla_suite.pseudo_labeling.topreward_qwen_scorer INFO: Prefix 1/8 (end=10, n_frames=4/11): reward=-23.2500 (mean, 1 tok)
2026-04-30 15:18:31,121 mme_vla_suite.pseudo_labeling.topreward_qwen_scorer INFO: Prefix 2/8 (end=22, n_frames=5/23): reward=-23.3750 (mean, 1 tok)
2026-04-30 15:18:35,830 mme_vla_suite.pseudo_labeling.topreward_qwen_scorer INFO: Prefix 3/8 (end=35, n_frames=7/36): reward=-22.2500 (mean, 1 tok)
2026-04-30 15:18:40,569 mme_vla_suite.pseudo_labeling.topreward_qwen_scorer INFO: Prefix 4/8 (end=48, n_frames=10/49): reward=-21.7500 (mean, 1 tok)
2026-04-30 15:18:45,328 mme_vla_suite.pseudo_labeling.topreward_qwen_scorer INFO: Prefix 5/8 (end=60, n_frames=12/61): reward=-22.3750 (mean, 1 tok)
2026-04-30 15:18:50,114 mme_vla_suite.pseudo_labeling.topreward_qwen_scorer INFO: Prefix 6/8 (end=73, n_frames=15/74): reward=-21.2500 (mean, 1 tok)
2026-04-30 15:18:54,858 mme_vla_suite.pseudo_labeling.topreward_qwen_scorer INFO: Prefix 7/8 (end=86, n_frames=17/87): reward=-18.3750 (mean, 1 tok)
2026-04-30 15:18:59,624 mme_vla_suite.pseudo_labeling.topreward_qwen_scorer INFO: Prefix 8/8 (end=99, n_frames=20/100): reward=-17.0000 (mean, 1 tok)
2026-04-30 15:19:05,241 mme_vla_suite.pseudo_labeling.topreward_qwen_scorer INFO: Prefix 1/8 (end=10, n_frames=4/11): reward=-23.1250 (mean, 1 tok)
2026-04-30 15:19:09,935 mme_vla_suite.pseudo_labeling.topreward_qwen_scorer INFO: Prefix 2/8 (end=22, n_frames=5/23): reward=-23.1250 (mean, 1 tok)
2026-04-30 15:19:14,655 mme_vla_suite.pseudo_labeling.topreward_qwen_scorer INFO: Prefix 3/8 (end=35, n_frames=7/36): reward=-21.7500 (mean, 1 tok)
2026-04-30 15:19:19,391 mme_vla_suite.pseudo_labeling.topreward_qwen_scorer INFO: Prefix 4/8 (end=48, n_frames=10/49): reward=-20.7500 (mean, 1 tok)
2026-04-30 15:19:24,136 mme_vla_suite.pseudo_labeling.topreward_qwen_scorer INFO: Prefix 5/8 (end=60, n_frames=12/61): reward=-21.1250 (mean, 1 tok)
2026-04-30 15:19:28,835 mme_vla_suite.pseudo_labeling.topreward_qwen_scorer INFO: Prefix 6/8 (end=73, n_frames=15/74): reward=-22.0000 (mean, 1 tok)
2026-04-30 15:19:33,596 mme_vla_suite.pseudo_labeling.topreward_qwen_scorer INFO: Prefix 7/8 (end=86, n_frames=17/87): reward=-18.7500 (mean, 1 tok)
2026-04-30 15:19:38,358 mme_vla_suite.pseudo_labeling.topreward_qwen_scorer INFO: Prefix 8/8 (end=99, n_frames=20/100): reward=-18.0000 (mean, 1 tok)
2026-04-30 15:19:43,795 mme_vla_suite.pseudo_labeling.topreward_qwen_scorer INFO: Prefix 1/8 (end=5, n_frames=4/6): reward=-19.8750 (mean, 1 tok)
2026-04-30 15:19:48,405 mme_vla_suite.pseudo_labeling.topreward_qwen_scorer INFO: Prefix 2/8 (end=11, n_frames=4/12): reward=-20.2500 (mean, 1 tok)
2026-04-30 15:19:53,058 mme_vla_suite.pseudo_labeling.topreward_qwen_scorer INFO: Prefix 3/8 (end=18, n_frames=4/19): reward=-21.1250 (mean, 1 tok)
2026-04-30 15:19:57,735 mme_vla_suite.pseudo_labeling.topreward_qwen_scorer INFO: Prefix 4/8 (end=25, n_frames=5/26): reward=-20.8750 (mean, 1 tok)
2026-04-30 15:20:02,402 mme_vla_suite.pseudo_labeling.topreward_qwen_scorer INFO: Prefix 5/8 (end=31, n_frames=6/32): reward=-20.7500 (mean, 1 tok)
2026-04-30 15:20:07,084 mme_vla_suite.pseudo_labeling.topreward_qwen_scorer INFO: Prefix 6/8 (end=38, n_frames=8/39): reward=-21.5000 (mean, 1 tok)
2026-04-30 15:20:11,775 mme_vla_suite.pseudo_labeling.topreward_qwen_scorer INFO: Prefix 7/8 (end=45, n_frames=9/46): reward=-21.1250 (mean, 1 tok)
2026-04-30 15:20:16,483 mme_vla_suite.pseudo_labeling.topreward_qwen_scorer INFO: Prefix 8/8 (end=52, n_frames=11/53): reward=-20.7500 (mean, 1 tok)
2026-04-30 15:20:22,092 mme_vla_suite.pseudo_labeling.topreward_qwen_scorer INFO: Prefix 1/8 (end=9, n_frames=4/10): reward=-24.1250 (mean, 1 tok)
2026-04-30 15:20:26,764 mme_vla_suite.pseudo_labeling.topreward_qwen_scorer INFO: Prefix 2/8 (end=21, n_frames=4/22): reward=-23.7500 (mean, 1 tok)
2026-04-30 15:20:31,436 mme_vla_suite.pseudo_labeling.topreward_qwen_scorer INFO: Prefix 3/8 (end=34, n_frames=7/35): reward=-22.8750 (mean, 1 tok)
2026-04-30 15:20:36,185 mme_vla_suite.pseudo_labeling.topreward_qwen_scorer INFO: Prefix 4/8 (end=47, n_frames=10/48): reward=-23.5000 (mean, 1 tok)
2026-04-30 15:20:40,881 mme_vla_suite.pseudo_labeling.topreward_qwen_scorer INFO: Prefix 5/8 (end=59, n_frames=12/60): reward=-22.6250 (mean, 1 tok)
2026-04-30 15:20:45,773 mme_vla_suite.pseudo_labeling.topreward_qwen_scorer INFO: Prefix 6/8 (end=72, n_frames=15/73): reward=-22.7500 (mean, 1 tok)
2026-04-30 15:20:50,852 mme_vla_suite.pseudo_labeling.topreward_qwen_scorer INFO: Prefix 7/8 (end=85, n_frames=17/86): reward=-22.5000 (mean, 1 tok)
2026-04-30 15:20:55,607 mme_vla_suite.pseudo_labeling.topreward_qwen_scorer INFO: Prefix 8/8 (end=98, n_frames=20/99): reward=-17.3750 (mean, 1 tok)
2026-04-30 15:21:01,006 mme_vla_suite.pseudo_labeling.topreward_qwen_scorer INFO: Prefix 1/8 (end=10, n_frames=4/11): reward=-24.0000 (mean, 1 tok)
2026-04-30 15:21:05,699 mme_vla_suite.pseudo_labeling.topreward_qwen_scorer INFO: Prefix 2/8 (end=23, n_frames=5/24): reward=-23.2500 (mean, 1 tok)
2026-04-30 15:21:10,424 mme_vla_suite.pseudo_labeling.topreward_qwen_scorer INFO: Prefix 3/8 (end=37, n_frames=8/38): reward=-23.8750 (mean, 1 tok)
2026-04-30 15:21:15,123 mme_vla_suite.pseudo_labeling.topreward_qwen_scorer INFO: Prefix 4/8 (end=51, n_frames=10/52): reward=-23.5000 (mean, 1 tok)
2026-04-30 15:21:19,789 mme_vla_suite.pseudo_labeling.topreward_qwen_scorer INFO: Prefix 5/8 (end=64, n_frames=13/65): reward=-22.6250 (mean, 1 tok)
2026-04-30 15:21:24,469 mme_vla_suite.pseudo_labeling.topreward_qwen_scorer INFO: Prefix 6/8 (end=78, n_frames=16/79): reward=-22.8750 (mean, 1 tok)
2026-04-30 15:21:29,164 mme_vla_suite.pseudo_labeling.topreward_qwen_scorer INFO: Prefix 7/8 (end=92, n_frames=19/93): reward=-17.7500 (mean, 1 tok)
2026-04-30 15:21:33,859 mme_vla_suite.pseudo_labeling.topreward_qwen_scorer INFO: Prefix 8/8 (end=106, n_frames=21/107): reward=-17.2500 (mean, 1 tok)
2026-04-30 15:21:39,275 mme_vla_suite.pseudo_labeling.topreward_qwen_scorer INFO: Prefix 1/8 (end=11, n_frames=4/12): reward=-23.3750 (mean, 1 tok)
2026-04-30 15:21:43,851 mme_vla_suite.pseudo_labeling.topreward_qwen_scorer INFO: Prefix 2/8 (end=25, n_frames=5/26): reward=-23.2500 (mean, 1 tok)
2026-04-30 15:21:48,436 mme_vla_suite.pseudo_labeling.topreward_qwen_scorer INFO: Prefix 3/8 (end=39, n_frames=8/40): reward=-22.6250 (mean, 1 tok)
2026-04-30 15:21:53,055 mme_vla_suite.pseudo_labeling.topreward_qwen_scorer INFO: Prefix 4/8 (end=54, n_frames=11/55): reward=-22.0000 (mean, 1 tok)
2026-04-30 15:21:57,728 mme_vla_suite.pseudo_labeling.topreward_qwen_scorer INFO: Prefix 5/8 (end=68, n_frames=14/69): reward=-21.3750 (mean, 1 tok)
2026-04-30 15:22:02,365 mme_vla_suite.pseudo_labeling.topreward_qwen_scorer INFO: Prefix 6/8 (end=83, n_frames=17/84): reward=-21.8750 (mean, 1 tok)
2026-04-30 15:22:07,140 mme_vla_suite.pseudo_labeling.topreward_qwen_scorer INFO: Prefix 7/8 (end=97, n_frames=20/98): reward=-19.3750 (mean, 1 tok)
2026-04-30 15:22:11,925 mme_vla_suite.pseudo_labeling.topreward_qwen_scorer INFO: Prefix 8/8 (end=112, n_frames=23/113): reward=-19.7500 (mean, 1 tok)
2026-04-30 15:22:17,677 mme_vla_suite.pseudo_labeling.topreward_qwen_scorer INFO: Prefix 1/8 (end=4, n_frames=4/5): reward=-21.1250 (mean, 1 tok)
2026-04-30 15:22:22,307 mme_vla_suite.pseudo_labeling.topreward_qwen_scorer INFO: Prefix 2/8 (end=10, n_frames=4/11): reward=-20.3750 (mean, 1 tok)
2026-04-30 15:22:26,954 mme_vla_suite.pseudo_labeling.topreward_qwen_scorer INFO: Prefix 3/8 (end=16, n_frames=4/17): reward=-20.7500 (mean, 1 tok)
2026-04-30 15:22:31,746 mme_vla_suite.pseudo_labeling.topreward_qwen_scorer INFO: Prefix 4/8 (end=22, n_frames=5/23): reward=-19.8750 (mean, 1 tok)
2026-04-30 15:22:36,495 mme_vla_suite.pseudo_labeling.topreward_qwen_scorer INFO: Prefix 5/8 (end=28, n_frames=6/29): reward=-19.1250 (mean, 1 tok)
2026-04-30 15:22:41,235 mme_vla_suite.pseudo_labeling.topreward_qwen_scorer INFO: Prefix 6/8 (end=34, n_frames=7/35): reward=-18.1250 (mean, 1 tok)
2026-04-30 15:22:45,992 mme_vla_suite.pseudo_labeling.topreward_qwen_scorer INFO: Prefix 7/8 (end=40, n_frames=8/41): reward=-18.8750 (mean, 1 tok)
2026-04-30 15:22:50,745 mme_vla_suite.pseudo_labeling.topreward_qwen_scorer INFO: Prefix 8/8 (end=46, n_frames=9/47): reward=-18.1250 (mean, 1 tok)
2026-04-30 15:22:56,311 mme_vla_suite.pseudo_labeling.topreward_qwen_scorer INFO: Prefix 1/8 (end=9, n_frames=4/10): reward=-23.3750 (mean, 1 tok)
2026-04-30 15:23:01,029 mme_vla_suite.pseudo_labeling.topreward_qwen_scorer INFO: Prefix 2/8 (end=20, n_frames=4/21): reward=-22.8750 (mean, 1 tok)
2026-04-30 15:23:05,694 mme_vla_suite.pseudo_labeling.topreward_qwen_scorer INFO: Prefix 3/8 (end=32, n_frames=7/33): reward=-22.6250 (mean, 1 tok)
2026-04-30 15:23:10,392 mme_vla_suite.pseudo_labeling.topreward_qwen_scorer INFO: Prefix 4/8 (end=43, n_frames=9/44): reward=-21.6250 (mean, 1 tok)
2026-04-30 15:23:15,099 mme_vla_suite.pseudo_labeling.topreward_qwen_scorer INFO: Prefix 5/8 (end=55, n_frames=11/56): reward=-22.1250 (mean, 1 tok)
2026-04-30 15:23:19,826 mme_vla_suite.pseudo_labeling.topreward_qwen_scorer INFO: Prefix 6/8 (end=66, n_frames=13/67): reward=-21.1250 (mean, 1 tok)
2026-04-30 15:23:24,567 mme_vla_suite.pseudo_labeling.topreward_qwen_scorer INFO: Prefix 7/8 (end=78, n_frames=16/79): reward=-21.7500 (mean, 1 tok)
2026-04-30 15:23:29,607 mme_vla_suite.pseudo_labeling.topreward_qwen_scorer INFO: Prefix 8/8 (end=90, n_frames=18/91): reward=-16.7500 (mean, 1 tok)
2026-04-30 15:23:35,025 mme_vla_suite.pseudo_labeling.topreward_qwen_scorer INFO: Prefix 1/8 (end=9, n_frames=4/10): reward=-23.3750 (mean, 1 tok)
2026-04-30 15:23:39,716 mme_vla_suite.pseudo_labeling.topreward_qwen_scorer INFO: Prefix 2/8 (end=21, n_frames=4/22): reward=-22.6250 (mean, 1 tok)
2026-04-30 15:23:44,431 mme_vla_suite.pseudo_labeling.topreward_qwen_scorer INFO: Prefix 3/8 (end=34, n_frames=7/35): reward=-22.2500 (mean, 1 tok)
2026-04-30 15:23:49,113 mme_vla_suite.pseudo_labeling.topreward_qwen_scorer INFO: Prefix 4/8 (end=46, n_frames=9/47): reward=-22.1250 (mean, 1 tok)
2026-04-30 15:23:53,897 mme_vla_suite.pseudo_labeling.topreward_qwen_scorer INFO: Prefix 5/8 (end=59, n_frames=12/60): reward=-22.5000 (mean, 1 tok)
2026-04-30 15:23:58,632 mme_vla_suite.pseudo_labeling.topreward_qwen_scorer INFO: Prefix 6/8 (end=71, n_frames=14/72): reward=-21.8750 (mean, 1 tok)
2026-04-30 15:24:03,362 mme_vla_suite.pseudo_labeling.topreward_qwen_scorer INFO: Prefix 7/8 (end=84, n_frames=17/85): reward=-18.8750 (mean, 1 tok)
2026-04-30 15:24:08,189 mme_vla_suite.pseudo_labeling.topreward_qwen_scorer INFO: Prefix 8/8 (end=97, n_frames=20/98): reward=-17.6250 (mean, 1 tok)
2026-04-30 15:24:13,875 mme_vla_suite.pseudo_labeling.topreward_qwen_scorer INFO: Prefix 1/8 (end=10, n_frames=4/11): reward=-24.2500 (mean, 1 tok)
2026-04-30 15:24:18,561 mme_vla_suite.pseudo_labeling.topreward_qwen_scorer INFO: Prefix 2/8 (end=23, n_frames=5/24): reward=-24.3750 (mean, 1 tok)
2026-04-30 15:24:23,277 mme_vla_suite.pseudo_labeling.topreward_qwen_scorer INFO: Prefix 3/8 (end=36, n_frames=7/37): reward=-23.8750 (mean, 1 tok)
2026-04-30 15:24:28,000 mme_vla_suite.pseudo_labeling.topreward_qwen_scorer INFO: Prefix 4/8 (end=49, n_frames=10/50): reward=-22.7500 (mean, 1 tok)
2026-04-30 15:24:32,765 mme_vla_suite.pseudo_labeling.topreward_qwen_scorer INFO: Prefix 5/8 (end=62, n_frames=13/63): reward=-23.5000 (mean, 1 tok)
2026-04-30 15:24:37,506 mme_vla_suite.pseudo_labeling.topreward_qwen_scorer INFO: Prefix 6/8 (end=75, n_frames=15/76): reward=-23.7500 (mean, 1 tok)
2026-04-30 15:24:42,252 mme_vla_suite.pseudo_labeling.topreward_qwen_scorer INFO: Prefix 7/8 (end=88, n_frames=18/89): reward=-23.2500 (mean, 1 tok)
2026-04-30 15:24:47,015 mme_vla_suite.pseudo_labeling.topreward_qwen_scorer INFO: Prefix 8/8 (end=101, n_frames=20/102): reward=-18.2500 (mean, 1 tok)
2026-04-30 15:24:52,521 mme_vla_suite.pseudo_labeling.topreward_qwen_scorer INFO: Prefix 1/8 (end=4, n_frames=4/5): reward=-22.5000 (mean, 1 tok)
2026-04-30 15:24:57,260 mme_vla_suite.pseudo_labeling.topreward_qwen_scorer INFO: Prefix 2/8 (end=9, n_frames=4/10): reward=-22.5000 (mean, 1 tok)
2026-04-30 15:25:01,960 mme_vla_suite.pseudo_labeling.topreward_qwen_scorer INFO: Prefix 3/8 (end=14, n_frames=4/15): reward=-22.5000 (mean, 1 tok)
2026-04-30 15:25:06,639 mme_vla_suite.pseudo_labeling.topreward_qwen_scorer INFO: Prefix 4/8 (end=19, n_frames=4/20): reward=-22.5000 (mean, 1 tok)
2026-04-30 15:25:11,315 mme_vla_suite.pseudo_labeling.topreward_qwen_scorer INFO: Prefix 5/8 (end=24, n_frames=5/25): reward=-21.0000 (mean, 1 tok)
2026-04-30 15:25:16,025 mme_vla_suite.pseudo_labeling.topreward_qwen_scorer INFO: Prefix 6/8 (end=29, n_frames=6/30): reward=-21.6250 (mean, 1 tok)
2026-04-30 15:25:20,722 mme_vla_suite.pseudo_labeling.topreward_qwen_scorer INFO: Prefix 7/8 (end=34, n_frames=7/35): reward=-21.5000 (mean, 1 tok)
2026-04-30 15:25:25,434 mme_vla_suite.pseudo_labeling.topreward_qwen_scorer INFO: Prefix 8/8 (end=40, n_frames=8/41): reward=-21.2500 (mean, 1 tok)
2026-04-30 15:25:31,031 mme_vla_suite.pseudo_labeling.topreward_qwen_scorer INFO: Prefix 1/8 (end=10, n_frames=4/11): reward=-25.6250 (mean, 1 tok)
2026-04-30 15:25:35,761 mme_vla_suite.pseudo_labeling.topreward_qwen_scorer INFO: Prefix 2/8 (end=22, n_frames=5/23): reward=-24.2500 (mean, 1 tok)
2026-04-30 15:25:40,470 mme_vla_suite.pseudo_labeling.topreward_qwen_scorer INFO: Prefix 3/8 (end=35, n_frames=7/36): reward=-24.2500 (mean, 1 tok)
2026-04-30 15:25:45,304 mme_vla_suite.pseudo_labeling.topreward_qwen_scorer INFO: Prefix 4/8 (end=48, n_frames=10/49): reward=-25.1250 (mean, 1 tok)
2026-04-30 15:25:50,076 mme_vla_suite.pseudo_labeling.topreward_qwen_scorer INFO: Prefix 5/8 (end=60, n_frames=12/61): reward=-24.7500 (mean, 1 tok)
2026-04-30 15:25:54,879 mme_vla_suite.pseudo_labeling.topreward_qwen_scorer INFO: Prefix 6/8 (end=73, n_frames=15/74): reward=-23.3750 (mean, 1 tok)
2026-04-30 15:25:59,629 mme_vla_suite.pseudo_labeling.topreward_qwen_scorer INFO: Prefix 7/8 (end=86, n_frames=17/87): reward=-23.8750 (mean, 1 tok)
2026-04-30 15:26:04,436 mme_vla_suite.pseudo_labeling.topreward_qwen_scorer INFO: Prefix 8/8 (end=99, n_frames=20/100): reward=-19.0000 (mean, 1 tok)
2026-04-30 15:26:09,848 mme_vla_suite.pseudo_labeling.topreward_qwen_scorer INFO: Prefix 1/8 (end=10, n_frames=4/11): reward=-25.6250 (mean, 1 tok)
2026-04-30 15:26:14,543 mme_vla_suite.pseudo_labeling.topreward_qwen_scorer INFO: Prefix 2/8 (end=24, n_frames=5/25): reward=-24.8750 (mean, 1 tok)
2026-04-30 15:26:19,294 mme_vla_suite.pseudo_labeling.topreward_qwen_scorer INFO: Prefix 3/8 (end=38, n_frames=8/39): reward=-24.6250 (mean, 1 tok)
2026-04-30 15:26:24,019 mme_vla_suite.pseudo_labeling.topreward_qwen_scorer INFO: Prefix 4/8 (end=52, n_frames=11/53): reward=-24.2500 (mean, 1 tok)
2026-04-30 15:26:28,799 mme_vla_suite.pseudo_labeling.topreward_qwen_scorer INFO: Prefix 5/8 (end=66, n_frames=13/67): reward=-24.6250 (mean, 1 tok)
2026-04-30 15:26:33,694 mme_vla_suite.pseudo_labeling.topreward_qwen_scorer INFO: Prefix 6/8 (end=80, n_frames=16/81): reward=-23.2500 (mean, 1 tok)
2026-04-30 15:26:38,646 mme_vla_suite.pseudo_labeling.topreward_qwen_scorer INFO: Prefix 7/8 (end=94, n_frames=19/95): reward=-17.8750 (mean, 1 tok)
2026-04-30 15:26:43,460 mme_vla_suite.pseudo_labeling.topreward_qwen_scorer INFO: Prefix 8/8 (end=108, n_frames=22/109): reward=-18.5000 (mean, 1 tok)
2026-04-30 15:26:49,018 mme_vla_suite.pseudo_labeling.topreward_qwen_scorer INFO: Prefix 1/8 (end=9, n_frames=4/10): reward=-23.7500 (mean, 1 tok)
2026-04-30 15:26:53,690 mme_vla_suite.pseudo_labeling.topreward_qwen_scorer INFO: Prefix 2/8 (end=21, n_frames=4/22): reward=-23.8750 (mean, 1 tok)
2026-04-30 15:26:58,371 mme_vla_suite.pseudo_labeling.topreward_qwen_scorer INFO: Prefix 3/8 (end=34, n_frames=7/35): reward=-23.5000 (mean, 1 tok)
2026-04-30 15:27:03,073 mme_vla_suite.pseudo_labeling.topreward_qwen_scorer INFO: Prefix 4/8 (end=46, n_frames=9/47): reward=-22.3750 (mean, 1 tok)
2026-04-30 15:27:07,974 mme_vla_suite.pseudo_labeling.topreward_qwen_scorer INFO: Prefix 5/8 (end=59, n_frames=12/60): reward=-21.8750 (mean, 1 tok)
2026-04-30 15:27:12,801 mme_vla_suite.pseudo_labeling.topreward_qwen_scorer INFO: Prefix 6/8 (end=71, n_frames=14/72): reward=-23.5000 (mean, 1 tok)
2026-04-30 15:27:17,696 mme_vla_suite.pseudo_labeling.topreward_qwen_scorer INFO: Prefix 7/8 (end=84, n_frames=17/85): reward=-22.3750 (mean, 1 tok)
2026-04-30 15:27:22,341 mme_vla_suite.pseudo_labeling.topreward_qwen_scorer INFO: Prefix 8/8 (end=97, n_frames=20/98): reward=-20.1250 (mean, 1 tok)
2026-04-30 15:27:27,912 mme_vla_suite.pseudo_labeling.topreward_qwen_scorer INFO: Prefix 1/8 (end=11, n_frames=4/12): reward=-23.7500 (mean, 1 tok)
2026-04-30 15:27:32,533 mme_vla_suite.pseudo_labeling.topreward_qwen_scorer INFO: Prefix 2/8 (end=25, n_frames=5/26): reward=-23.8750 (mean, 1 tok)
2026-04-30 15:27:37,137 mme_vla_suite.pseudo_labeling.topreward_qwen_scorer INFO: Prefix 3/8 (end=39, n_frames=8/40): reward=-22.7500 (mean, 1 tok)
2026-04-30 15:27:41,792 mme_vla_suite.pseudo_labeling.topreward_qwen_scorer INFO: Prefix 4/8 (end=53, n_frames=11/54): reward=-23.6250 (mean, 1 tok)
2026-04-30 15:27:46,400 mme_vla_suite.pseudo_labeling.topreward_qwen_scorer INFO: Prefix 5/8 (end=67, n_frames=14/68): reward=-23.0000 (mean, 1 tok)
2026-04-30 15:27:51,083 mme_vla_suite.pseudo_labeling.topreward_qwen_scorer INFO: Prefix 6/8 (end=81, n_frames=16/82): reward=-23.2500 (mean, 1 tok)
2026-04-30 15:27:55,753 mme_vla_suite.pseudo_labeling.topreward_qwen_scorer INFO: Prefix 7/8 (end=95, n_frames=19/96): reward=-19.3750 (mean, 1 tok)
2026-04-30 15:28:00,456 mme_vla_suite.pseudo_labeling.topreward_qwen_scorer INFO: Prefix 8/8 (end=109, n_frames=22/110): reward=-18.6250 (mean, 1 tok)
2026-04-30 15:28:05,722 mme_vla_suite.pseudo_labeling.topreward_qwen_scorer INFO: Prefix 1/8 (end=10, n_frames=4/11): reward=-24.3750 (mean, 1 tok)
2026-04-30 15:28:10,295 mme_vla_suite.pseudo_labeling.topreward_qwen_scorer INFO: Prefix 2/8 (end=22, n_frames=5/23): reward=-24.3750 (mean, 1 tok)
2026-04-30 15:28:14,846 mme_vla_suite.pseudo_labeling.topreward_qwen_scorer INFO: Prefix 3/8 (end=35, n_frames=7/36): reward=-23.6250 (mean, 1 tok)
2026-04-30 15:28:19,406 mme_vla_suite.pseudo_labeling.topreward_qwen_scorer INFO: Prefix 4/8 (end=48, n_frames=10/49): reward=-22.0000 (mean, 1 tok)
2026-04-30 15:28:24,036 mme_vla_suite.pseudo_labeling.topreward_qwen_scorer INFO: Prefix 5/8 (end=60, n_frames=12/61): reward=-22.8750 (mean, 1 tok)
2026-04-30 15:28:28,762 mme_vla_suite.pseudo_labeling.topreward_qwen_scorer INFO: Prefix 6/8 (end=73, n_frames=15/74): reward=-23.8750 (mean, 1 tok)
2026-04-30 15:28:33,508 mme_vla_suite.pseudo_labeling.topreward_qwen_scorer INFO: Prefix 7/8 (end=86, n_frames=17/87): reward=-24.6250 (mean, 1 tok)
2026-04-30 15:28:38,277 mme_vla_suite.pseudo_labeling.topreward_qwen_scorer INFO: Prefix 8/8 (end=99, n_frames=20/100): reward=-19.8750 (mean, 1 tok)
2026-04-30 15:28:43,689 mme_vla_suite.pseudo_labeling.topreward_qwen_scorer INFO: Prefix 1/8 (end=5, n_frames=4/6): reward=-21.7500 (mean, 1 tok)
2026-04-30 15:28:48,317 mme_vla_suite.pseudo_labeling.topreward_qwen_scorer INFO: Prefix 2/8 (end=11, n_frames=4/12): reward=-21.3750 (mean, 1 tok)
2026-04-30 15:28:52,985 mme_vla_suite.pseudo_labeling.topreward_qwen_scorer INFO: Prefix 3/8 (end=17, n_frames=4/18): reward=-22.0000 (mean, 1 tok)
2026-04-30 15:28:57,659 mme_vla_suite.pseudo_labeling.topreward_qwen_scorer INFO: Prefix 4/8 (end=23, n_frames=5/24): reward=-21.8750 (mean, 1 tok)
2026-04-30 15:29:02,325 mme_vla_suite.pseudo_labeling.topreward_qwen_scorer INFO: Prefix 5/8 (end=30, n_frames=6/31): reward=-22.0000 (mean, 1 tok)
2026-04-30 15:29:06,932 mme_vla_suite.pseudo_labeling.topreward_qwen_scorer INFO: Prefix 6/8 (end=36, n_frames=7/37): reward=-21.7500 (mean, 1 tok)
2026-04-30 15:29:11,608 mme_vla_suite.pseudo_labeling.topreward_qwen_scorer INFO: Prefix 7/8 (end=42, n_frames=9/43): reward=-21.8750 (mean, 1 tok)
2026-04-30 15:29:16,447 mme_vla_suite.pseudo_labeling.topreward_qwen_scorer INFO: Prefix 8/8 (end=49, n_frames=10/50): reward=-21.2500 (mean, 1 tok)
2026-04-30 15:29:22,093 mme_vla_suite.pseudo_labeling.topreward_qwen_scorer INFO: Prefix 1/8 (end=10, n_frames=4/11): reward=-25.5000 (mean, 1 tok)
2026-04-30 15:29:26,769 mme_vla_suite.pseudo_labeling.topreward_qwen_scorer INFO: Prefix 2/8 (end=23, n_frames=5/24): reward=-24.3750 (mean, 1 tok)
2026-04-30 15:29:31,639 mme_vla_suite.pseudo_labeling.topreward_qwen_scorer INFO: Prefix 3/8 (end=36, n_frames=7/37): reward=-23.2500 (mean, 1 tok)
2026-04-30 15:29:36,463 mme_vla_suite.pseudo_labeling.topreward_qwen_scorer INFO: Prefix 4/8 (end=49, n_frames=10/50): reward=-23.5000 (mean, 1 tok)
2026-04-30 15:29:41,282 mme_vla_suite.pseudo_labeling.topreward_qwen_scorer INFO: Prefix 5/8 (end=63, n_frames=13/64): reward=-24.5000 (mean, 1 tok)
2026-04-30 15:29:46,095 mme_vla_suite.pseudo_labeling.topreward_qwen_scorer INFO: Prefix 6/8 (end=76, n_frames=15/77): reward=-24.3750 (mean, 1 tok)
2026-04-30 15:29:51,037 mme_vla_suite.pseudo_labeling.topreward_qwen_scorer INFO: Prefix 7/8 (end=89, n_frames=18/90): reward=-24.1250 (mean, 1 tok)
2026-04-30 15:29:55,887 mme_vla_suite.pseudo_labeling.topreward_qwen_scorer INFO: Prefix 8/8 (end=103, n_frames=21/104): reward=-18.5000 (mean, 1 tok)
2026-04-30 15:30:01,409 mme_vla_suite.pseudo_labeling.topreward_qwen_scorer INFO: Prefix 1/8 (end=11, n_frames=4/12): reward=-25.5000 (mean, 1 tok)
2026-04-30 15:30:06,172 mme_vla_suite.pseudo_labeling.topreward_qwen_scorer INFO: Prefix 2/8 (end=25, n_frames=5/26): reward=-24.0000 (mean, 1 tok)
2026-04-30 15:30:10,944 mme_vla_suite.pseudo_labeling.topreward_qwen_scorer INFO: Prefix 3/8 (end=40, n_frames=8/41): reward=-24.2500 (mean, 1 tok)
2026-04-30 15:30:15,793 mme_vla_suite.pseudo_labeling.topreward_qwen_scorer INFO: Prefix 4/8 (end=54, n_frames=11/55): reward=-23.7500 (mean, 1 tok)
2026-04-30 15:30:20,612 mme_vla_suite.pseudo_labeling.topreward_qwen_scorer INFO: Prefix 5/8 (end=69, n_frames=14/70): reward=-24.3750 (mean, 1 tok)
2026-04-30 15:30:25,503 mme_vla_suite.pseudo_labeling.topreward_qwen_scorer INFO: Prefix 6/8 (end=83, n_frames=17/84): reward=-24.3750 (mean, 1 tok)
2026-04-30 15:30:30,355 mme_vla_suite.pseudo_labeling.topreward_qwen_scorer INFO: Prefix 7/8 (end=98, n_frames=20/99): reward=-18.7500 (mean, 1 tok)
2026-04-30 15:30:35,224 mme_vla_suite.pseudo_labeling.topreward_qwen_scorer INFO: Prefix 8/8 (end=113, n_frames=23/114): reward=-19.3750 (mean, 1 tok)
2026-04-30 15:30:41,183 mme_vla_suite.pseudo_labeling.topreward_qwen_scorer INFO: Prefix 1/8 (end=9, n_frames=4/10): reward=-23.6250 (mean, 1 tok)
2026-04-30 15:30:46,153 mme_vla_suite.pseudo_labeling.topreward_qwen_scorer INFO: Prefix 2/8 (end=21, n_frames=4/22): reward=-23.1250 (mean, 1 tok)
2026-04-30 15:30:50,928 mme_vla_suite.pseudo_labeling.topreward_qwen_scorer INFO: Prefix 3/8 (end=34, n_frames=7/35): reward=-22.0000 (mean, 1 tok)
2026-04-30 15:30:55,705 mme_vla_suite.pseudo_labeling.topreward_qwen_scorer INFO: Prefix 4/8 (end=47, n_frames=10/48): reward=-21.3750 (mean, 1 tok)
2026-04-30 15:31:00,486 mme_vla_suite.pseudo_labeling.topreward_qwen_scorer INFO: Prefix 5/8 (end=59, n_frames=12/60): reward=-22.0000 (mean, 1 tok)
2026-04-30 15:31:05,282 mme_vla_suite.pseudo_labeling.topreward_qwen_scorer INFO: Prefix 6/8 (end=72, n_frames=15/73): reward=-21.5000 (mean, 1 tok)
2026-04-30 15:31:10,081 mme_vla_suite.pseudo_labeling.topreward_qwen_scorer INFO: Prefix 7/8 (end=85, n_frames=17/86): reward=-20.7500 (mean, 1 tok)
2026-04-30 15:31:14,963 mme_vla_suite.pseudo_labeling.topreward_qwen_scorer INFO: Prefix 8/8 (end=98, n_frames=20/99): reward=-18.6250 (mean, 1 tok)
2026-04-30 15:31:20,409 mme_vla_suite.pseudo_labeling.topreward_qwen_scorer INFO: Prefix 1/8 (end=10, n_frames=4/11): reward=-23.6250 (mean, 1 tok)
2026-04-30 15:31:25,134 mme_vla_suite.pseudo_labeling.topreward_qwen_scorer INFO: Prefix 2/8 (end=24, n_frames=5/25): reward=-23.2500 (mean, 1 tok)
2026-04-30 15:31:29,880 mme_vla_suite.pseudo_labeling.topreward_qwen_scorer INFO: Prefix 3/8 (end=38, n_frames=8/39): reward=-22.0000 (mean, 1 tok)
2026-04-30 15:31:34,636 mme_vla_suite.pseudo_labeling.topreward_qwen_scorer INFO: Prefix 4/8 (end=52, n_frames=11/53): reward=-21.7500 (mean, 1 tok)
2026-04-30 15:31:39,423 mme_vla_suite.pseudo_labeling.topreward_qwen_scorer INFO: Prefix 5/8 (end=66, n_frames=13/67): reward=-21.3750 (mean, 1 tok)
2026-04-30 15:31:44,221 mme_vla_suite.pseudo_labeling.topreward_qwen_scorer INFO: Prefix 6/8 (end=80, n_frames=16/81): reward=-22.3750 (mean, 1 tok)
2026-04-30 15:31:49,028 mme_vla_suite.pseudo_labeling.topreward_qwen_scorer INFO: Prefix 7/8 (end=94, n_frames=19/95): reward=-18.0000 (mean, 1 tok)
2026-04-30 15:31:53,859 mme_vla_suite.pseudo_labeling.topreward_qwen_scorer INFO: Prefix 8/8 (end=108, n_frames=22/109): reward=-18.3750 (mean, 1 tok)
2026-04-30 15:31:59,524 mme_vla_suite.pseudo_labeling.topreward_qwen_scorer INFO: Prefix 1/8 (end=9, n_frames=4/10): reward=-23.8750 (mean, 1 tok)
2026-04-30 15:32:04,202 mme_vla_suite.pseudo_labeling.topreward_qwen_scorer INFO: Prefix 2/8 (end=20, n_frames=4/21): reward=-23.6250 (mean, 1 tok)
2026-04-30 15:32:08,945 mme_vla_suite.pseudo_labeling.topreward_qwen_scorer INFO: Prefix 3/8 (end=32, n_frames=7/33): reward=-22.8750 (mean, 1 tok)
2026-04-30 15:32:13,702 mme_vla_suite.pseudo_labeling.topreward_qwen_scorer INFO: Prefix 4/8 (end=43, n_frames=9/44): reward=-22.6250 (mean, 1 tok)
2026-04-30 15:32:18,480 mme_vla_suite.pseudo_labeling.topreward_qwen_scorer INFO: Prefix 5/8 (end=55, n_frames=11/56): reward=-22.2500 (mean, 1 tok)
2026-04-30 15:32:23,241 mme_vla_suite.pseudo_labeling.topreward_qwen_scorer INFO: Prefix 6/8 (end=66, n_frames=13/67): reward=-22.3750 (mean, 1 tok)
2026-04-30 15:32:28,029 mme_vla_suite.pseudo_labeling.topreward_qwen_scorer INFO: Prefix 7/8 (end=78, n_frames=16/79): reward=-23.1250 (mean, 1 tok)
2026-04-30 15:32:32,814 mme_vla_suite.pseudo_labeling.topreward_qwen_scorer INFO: Prefix 8/8 (end=90, n_frames=18/91): reward=-18.6250 (mean, 1 tok)
2026-04-30 15:32:38,430 mme_vla_suite.pseudo_labeling.topreward_qwen_scorer INFO: Prefix 1/8 (end=9, n_frames=4/10): reward=-23.8750 (mean, 1 tok)
2026-04-30 15:32:43,162 mme_vla_suite.pseudo_labeling.topreward_qwen_scorer INFO: Prefix 2/8 (end=21, n_frames=4/22): reward=-23.6250 (mean, 1 tok)
2026-04-30 15:32:47,921 mme_vla_suite.pseudo_labeling.topreward_qwen_scorer INFO: Prefix 3/8 (end=34, n_frames=7/35): reward=-22.7500 (mean, 1 tok)
2026-04-30 15:32:52,671 mme_vla_suite.pseudo_labeling.topreward_qwen_scorer INFO: Prefix 4/8 (end=46, n_frames=9/47): reward=-22.7500 (mean, 1 tok)
2026-04-30 15:32:57,444 mme_vla_suite.pseudo_labeling.topreward_qwen_scorer INFO: Prefix 5/8 (end=59, n_frames=12/60): reward=-23.0000 (mean, 1 tok)
2026-04-30 15:33:02,225 mme_vla_suite.pseudo_labeling.topreward_qwen_scorer INFO: Prefix 6/8 (end=71, n_frames=14/72): reward=-22.7500 (mean, 1 tok)
2026-04-30 15:33:07,029 mme_vla_suite.pseudo_labeling.topreward_qwen_scorer INFO: Prefix 7/8 (end=84, n_frames=17/85): reward=-22.5000 (mean, 1 tok)
2026-04-30 15:33:11,781 mme_vla_suite.pseudo_labeling.topreward_qwen_scorer INFO: Prefix 8/8 (end=97, n_frames=20/98): reward=-19.0000 (mean, 1 tok)
2026-04-30 15:33:17,447 mme_vla_suite.pseudo_labeling.topreward_qwen_scorer INFO: Prefix 1/8 (end=9, n_frames=4/10): reward=-23.8750 (mean, 1 tok)
2026-04-30 15:33:22,065 mme_vla_suite.pseudo_labeling.topreward_qwen_scorer INFO: Prefix 2/8 (end=21, n_frames=4/22): reward=-24.1250 (mean, 1 tok)
2026-04-30 15:33:26,759 mme_vla_suite.pseudo_labeling.topreward_qwen_scorer INFO: Prefix 3/8 (end=33, n_frames=7/34): reward=-23.6250 (mean, 1 tok)
2026-04-30 15:33:31,374 mme_vla_suite.pseudo_labeling.topreward_qwen_scorer INFO: Prefix 4/8 (end=45, n_frames=9/46): reward=-23.0000 (mean, 1 tok)
2026-04-30 15:33:36,100 mme_vla_suite.pseudo_labeling.topreward_qwen_scorer INFO: Prefix 5/8 (end=57, n_frames=12/58): reward=-22.7500 (mean, 1 tok)
2026-04-30 15:33:40,778 mme_vla_suite.pseudo_labeling.topreward_qwen_scorer INFO: Prefix 6/8 (end=69, n_frames=14/70): reward=-23.7500 (mean, 1 tok)
2026-04-30 15:33:45,397 mme_vla_suite.pseudo_labeling.topreward_qwen_scorer INFO: Prefix 7/8 (end=81, n_frames=16/82): reward=-24.0000 (mean, 1 tok)
2026-04-30 15:33:50,129 mme_vla_suite.pseudo_labeling.topreward_qwen_scorer INFO: Prefix 8/8 (end=94, n_frames=19/95): reward=-19.7500 (mean, 1 tok)
2026-04-30 15:33:55,505 mme_vla_suite.pseudo_labeling.topreward_qwen_scorer INFO: Prefix 1/8 (end=10, n_frames=4/11): reward=-23.8750 (mean, 1 tok)
2026-04-30 15:34:00,081 mme_vla_suite.pseudo_labeling.topreward_qwen_scorer INFO: Prefix 2/8 (end=22, n_frames=5/23): reward=-23.7500 (mean, 1 tok)
2026-04-30 15:34:04,711 mme_vla_suite.pseudo_labeling.topreward_qwen_scorer INFO: Prefix 3/8 (end=35, n_frames=7/36): reward=-23.3750 (mean, 1 tok)
2026-04-30 15:34:09,307 mme_vla_suite.pseudo_labeling.topreward_qwen_scorer INFO: Prefix 4/8 (end=48, n_frames=10/49): reward=-22.8750 (mean, 1 tok)
2026-04-30 15:34:13,888 mme_vla_suite.pseudo_labeling.topreward_qwen_scorer INFO: Prefix 5/8 (end=61, n_frames=12/62): reward=-22.7500 (mean, 1 tok)
2026-04-30 15:34:18,531 mme_vla_suite.pseudo_labeling.topreward_qwen_scorer INFO: Prefix 6/8 (end=74, n_frames=15/75): reward=-24.1250 (mean, 1 tok)
2026-04-30 15:34:23,175 mme_vla_suite.pseudo_labeling.topreward_qwen_scorer INFO: Prefix 7/8 (end=87, n_frames=18/88): reward=-23.6250 (mean, 1 tok)
2026-04-30 15:34:27,819 mme_vla_suite.pseudo_labeling.topreward_qwen_scorer INFO: Prefix 8/8 (end=100, n_frames=20/101): reward=-18.8750 (mean, 1 tok)
2026-04-30 15:34:33,469 mme_vla_suite.pseudo_labeling.topreward_qwen_scorer INFO: Prefix 1/8 (end=11, n_frames=4/12): reward=-24.0000 (mean, 1 tok)
2026-04-30 15:34:38,190 mme_vla_suite.pseudo_labeling.topreward_qwen_scorer INFO: Prefix 2/8 (end=25, n_frames=5/26): reward=-24.0000 (mean, 1 tok)
2026-04-30 15:34:42,934 mme_vla_suite.pseudo_labeling.topreward_qwen_scorer INFO: Prefix 3/8 (end=39, n_frames=8/40): reward=-23.1250 (mean, 1 tok)
2026-04-30 15:34:47,706 mme_vla_suite.pseudo_labeling.topreward_qwen_scorer INFO: Prefix 4/8 (end=54, n_frames=11/55): reward=-22.3750 (mean, 1 tok)
2026-04-30 15:34:52,484 mme_vla_suite.pseudo_labeling.topreward_qwen_scorer INFO: Prefix 5/8 (end=68, n_frames=14/69): reward=-23.0000 (mean, 1 tok)
2026-04-30 15:34:57,285 mme_vla_suite.pseudo_labeling.topreward_qwen_scorer INFO: Prefix 6/8 (end=83, n_frames=17/84): reward=-21.3750 (mean, 1 tok)
2026-04-30 15:35:02,123 mme_vla_suite.pseudo_labeling.topreward_qwen_scorer INFO: Prefix 7/8 (end=97, n_frames=20/98): reward=-19.2500 (mean, 1 tok)
2026-04-30 15:35:06,983 mme_vla_suite.pseudo_labeling.topreward_qwen_scorer INFO: Prefix 8/8 (end=112, n_frames=23/113): reward=-18.8750 (mean, 1 tok)
2026-04-30 15:35:12,468 mme_vla_suite.pseudo_labeling.topreward_qwen_scorer INFO: Prefix 1/8 (end=5, n_frames=4/6): reward=-20.7500 (mean, 1 tok)
2026-04-30 15:35:17,188 mme_vla_suite.pseudo_labeling.topreward_qwen_scorer INFO: Prefix 2/8 (end=11, n_frames=4/12): reward=-20.8750 (mean, 1 tok)
2026-04-30 15:35:21,912 mme_vla_suite.pseudo_labeling.topreward_qwen_scorer INFO: Prefix 3/8 (end=18, n_frames=4/19): reward=-21.2500 (mean, 1 tok)
2026-04-30 15:35:26,633 mme_vla_suite.pseudo_labeling.topreward_qwen_scorer INFO: Prefix 4/8 (end=24, n_frames=5/25): reward=-20.5000 (mean, 1 tok)
2026-04-30 15:35:31,373 mme_vla_suite.pseudo_labeling.topreward_qwen_scorer INFO: Prefix 5/8 (end=31, n_frames=6/32): reward=-20.3750 (mean, 1 tok)
2026-04-30 15:35:36,125 mme_vla_suite.pseudo_labeling.topreward_qwen_scorer INFO: Prefix 6/8 (end=37, n_frames=8/38): reward=-21.0000 (mean, 1 tok)
2026-04-30 15:35:40,868 mme_vla_suite.pseudo_labeling.topreward_qwen_scorer INFO: Prefix 7/8 (end=44, n_frames=9/45): reward=-19.0000 (mean, 1 tok)
2026-04-30 15:35:45,696 mme_vla_suite.pseudo_labeling.topreward_qwen_scorer INFO: Prefix 8/8 (end=51, n_frames=10/52): reward=-18.6250 (mean, 1 tok)
2026-04-30 15:35:51,391 mme_vla_suite.pseudo_labeling.topreward_qwen_scorer INFO: Prefix 1/8 (end=10, n_frames=4/11): reward=-24.2500 (mean, 1 tok)
2026-04-30 15:35:56,184 mme_vla_suite.pseudo_labeling.topreward_qwen_scorer INFO: Prefix 2/8 (end=23, n_frames=5/24): reward=-23.5000 (mean, 1 tok)
2026-04-30 15:36:00,923 mme_vla_suite.pseudo_labeling.topreward_qwen_scorer INFO: Prefix 3/8 (end=37, n_frames=8/38): reward=-24.0000 (mean, 1 tok)
2026-04-30 15:36:05,713 mme_vla_suite.pseudo_labeling.topreward_qwen_scorer INFO: Prefix 4/8 (end=51, n_frames=10/52): reward=-22.8750 (mean, 1 tok)
2026-04-30 15:36:10,553 mme_vla_suite.pseudo_labeling.topreward_qwen_scorer INFO: Prefix 5/8 (end=64, n_frames=13/65): reward=-24.3750 (mean, 1 tok)
2026-04-30 15:36:15,335 mme_vla_suite.pseudo_labeling.topreward_qwen_scorer INFO: Prefix 6/8 (end=78, n_frames=16/79): reward=-24.1250 (mean, 1 tok)
2026-04-30 15:36:20,124 mme_vla_suite.pseudo_labeling.topreward_qwen_scorer INFO: Prefix 7/8 (end=92, n_frames=19/93): reward=-24.0000 (mean, 1 tok)
2026-04-30 15:36:25,065 mme_vla_suite.pseudo_labeling.topreward_qwen_scorer INFO: Prefix 8/8 (end=106, n_frames=21/107): reward=-21.1250 (mean, 1 tok)
2026-04-30 15:36:30,578 mme_vla_suite.pseudo_labeling.topreward_qwen_scorer INFO: Prefix 1/8 (end=11, n_frames=4/12): reward=-24.2500 (mean, 1 tok)
2026-04-30 15:36:35,281 mme_vla_suite.pseudo_labeling.topreward_qwen_scorer INFO: Prefix 2/8 (end=26, n_frames=5/27): reward=-23.6250 (mean, 1 tok)
2026-04-30 15:36:40,041 mme_vla_suite.pseudo_labeling.topreward_qwen_scorer INFO: Prefix 3/8 (end=41, n_frames=8/42): reward=-23.2500 (mean, 1 tok)
2026-04-30 15:36:44,826 mme_vla_suite.pseudo_labeling.topreward_qwen_scorer INFO: Prefix 4/8 (end=56, n_frames=11/57): reward=-24.0000 (mean, 1 tok)
2026-04-30 15:36:49,616 mme_vla_suite.pseudo_labeling.topreward_qwen_scorer INFO: Prefix 5/8 (end=72, n_frames=15/73): reward=-24.3750 (mean, 1 tok)
2026-04-30 15:36:54,442 mme_vla_suite.pseudo_labeling.topreward_qwen_scorer INFO: Prefix 6/8 (end=87, n_frames=18/88): reward=-24.1250 (mean, 1 tok)
2026-04-30 15:36:59,242 mme_vla_suite.pseudo_labeling.topreward_qwen_scorer INFO: Prefix 7/8 (end=102, n_frames=21/103): reward=-24.6250 (mean, 1 tok)
2026-04-30 15:37:04,089 mme_vla_suite.pseudo_labeling.topreward_qwen_scorer INFO: Prefix 8/8 (end=118, n_frames=24/119): reward=-20.5000 (mean, 1 tok)
2026-04-30 15:37:09,764 mme_vla_suite.pseudo_labeling.topreward_qwen_scorer INFO: Prefix 1/8 (end=9, n_frames=4/10): reward=-24.0000 (mean, 1 tok)
2026-04-30 15:37:14,473 mme_vla_suite.pseudo_labeling.topreward_qwen_scorer INFO: Prefix 2/8 (end=21, n_frames=4/22): reward=-23.8750 (mean, 1 tok)
2026-04-30 15:37:19,212 mme_vla_suite.pseudo_labeling.topreward_qwen_scorer INFO: Prefix 3/8 (end=33, n_frames=7/34): reward=-23.1250 (mean, 1 tok)
2026-04-30 15:37:23,983 mme_vla_suite.pseudo_labeling.topreward_qwen_scorer INFO: Prefix 4/8 (end=46, n_frames=9/47): reward=-23.1250 (mean, 1 tok)
2026-04-30 15:37:28,774 mme_vla_suite.pseudo_labeling.topreward_qwen_scorer INFO: Prefix 5/8 (end=58, n_frames=12/59): reward=-24.8750 (mean, 1 tok)
2026-04-30 15:37:33,558 mme_vla_suite.pseudo_labeling.topreward_qwen_scorer INFO: Prefix 6/8 (end=71, n_frames=14/72): reward=-24.5000 (mean, 1 tok)
2026-04-30 15:37:38,336 mme_vla_suite.pseudo_labeling.topreward_qwen_scorer INFO: Prefix 7/8 (end=83, n_frames=17/84): reward=-24.0000 (mean, 1 tok)
2026-04-30 15:37:43,139 mme_vla_suite.pseudo_labeling.topreward_qwen_scorer INFO: Prefix 8/8 (end=96, n_frames=19/97): reward=-18.1250 (mean, 1 tok)
2026-04-30 15:37:48,640 mme_vla_suite.pseudo_labeling.topreward_qwen_scorer INFO: Prefix 1/8 (end=10, n_frames=4/11): reward=-24.0000 (mean, 1 tok)
2026-04-30 15:37:53,379 mme_vla_suite.pseudo_labeling.topreward_qwen_scorer INFO: Prefix 2/8 (end=23, n_frames=5/24): reward=-24.0000 (mean, 1 tok)
2026-04-30 15:37:58,129 mme_vla_suite.pseudo_labeling.topreward_qwen_scorer INFO: Prefix 3/8 (end=36, n_frames=7/37): reward=-24.1250 (mean, 1 tok)
2026-04-30 15:38:02,898 mme_vla_suite.pseudo_labeling.topreward_qwen_scorer INFO: Prefix 4/8 (end=49, n_frames=10/50): reward=-23.0000 (mean, 1 tok)
2026-04-30 15:38:07,643 mme_vla_suite.pseudo_labeling.topreward_qwen_scorer INFO: Prefix 5/8 (end=63, n_frames=13/64): reward=-24.8750 (mean, 1 tok)
2026-04-30 15:38:12,384 mme_vla_suite.pseudo_labeling.topreward_qwen_scorer INFO: Prefix 6/8 (end=76, n_frames=15/77): reward=-24.2500 (mean, 1 tok)
2026-04-30 15:38:17,181 mme_vla_suite.pseudo_labeling.topreward_qwen_scorer INFO: Prefix 7/8 (end=89, n_frames=18/90): reward=-24.0000 (mean, 1 tok)
2026-04-30 15:38:21,974 mme_vla_suite.pseudo_labeling.topreward_qwen_scorer INFO: Prefix 8/8 (end=103, n_frames=21/104): reward=-19.2500 (mean, 1 tok)
2026-04-30 15:38:27,556 mme_vla_suite.pseudo_labeling.topreward_qwen_scorer INFO: Prefix 1/8 (end=10, n_frames=4/11): reward=-24.0000 (mean, 1 tok)
2026-04-30 15:38:32,299 mme_vla_suite.pseudo_labeling.topreward_qwen_scorer INFO: Prefix 2/8 (end=23, n_frames=5/24): reward=-23.6250 (mean, 1 tok)
2026-04-30 15:38:37,081 mme_vla_suite.pseudo_labeling.topreward_qwen_scorer INFO: Prefix 3/8 (end=37, n_frames=8/38): reward=-23.8750 (mean, 1 tok)
2026-04-30 15:38:41,857 mme_vla_suite.pseudo_labeling.topreward_qwen_scorer INFO: Prefix 4/8 (end=51, n_frames=10/52): reward=-22.2500 (mean, 1 tok)
2026-04-30 15:38:46,627 mme_vla_suite.pseudo_labeling.topreward_qwen_scorer INFO: Prefix 5/8 (end=64, n_frames=13/65): reward=-23.3750 (mean, 1 tok)
2026-04-30 15:38:51,407 mme_vla_suite.pseudo_labeling.topreward_qwen_scorer INFO: Prefix 6/8 (end=78, n_frames=16/79): reward=-22.3750 (mean, 1 tok)
2026-04-30 15:38:56,217 mme_vla_suite.pseudo_labeling.topreward_qwen_scorer INFO: Prefix 7/8 (end=92, n_frames=19/93): reward=-23.1250 (mean, 1 tok)
2026-04-30 15:39:01,051 mme_vla_suite.pseudo_labeling.topreward_qwen_scorer INFO: Prefix 8/8 (end=106, n_frames=21/107): reward=-18.7500 (mean, 1 tok)
2026-04-30 15:39:06,881 mme_vla_suite.pseudo_labeling.topreward_qwen_scorer INFO: Prefix 1/8 (end=11, n_frames=4/12): reward=-24.0000 (mean, 1 tok)
2026-04-30 15:39:11,627 mme_vla_suite.pseudo_labeling.topreward_qwen_scorer INFO: Prefix 2/8 (end=25, n_frames=5/26): reward=-23.6250 (mean, 1 tok)
2026-04-30 15:39:16,423 mme_vla_suite.pseudo_labeling.topreward_qwen_scorer INFO: Prefix 3/8 (end=40, n_frames=8/41): reward=-23.2500 (mean, 1 tok)
2026-04-30 15:39:21,283 mme_vla_suite.pseudo_labeling.topreward_qwen_scorer INFO: Prefix 4/8 (end=55, n_frames=11/56): reward=-22.5000 (mean, 1 tok)
2026-04-30 15:39:26,087 mme_vla_suite.pseudo_labeling.topreward_qwen_scorer INFO: Prefix 5/8 (end=69, n_frames=14/70): reward=-23.0000 (mean, 1 tok)
2026-04-30 15:39:30,842 mme_vla_suite.pseudo_labeling.topreward_qwen_scorer INFO: Prefix 6/8 (end=84, n_frames=17/85): reward=-22.3750 (mean, 1 tok)
2026-04-30 15:39:35,612 mme_vla_suite.pseudo_labeling.topreward_qwen_scorer INFO: Prefix 7/8 (end=99, n_frames=20/100): reward=-22.3750 (mean, 1 tok)
2026-04-30 15:39:40,316 mme_vla_suite.pseudo_labeling.topreward_qwen_scorer INFO: Prefix 8/8 (end=114, n_frames=23/115): reward=-19.2500 (mean, 1 tok)
2026-04-30 15:39:45,679 mme_vla_suite.pseudo_labeling.topreward_qwen_scorer INFO: Prefix 1/8 (end=9, n_frames=4/10): reward=-24.1250 (mean, 1 tok)
2026-04-30 15:39:50,318 mme_vla_suite.pseudo_labeling.topreward_qwen_scorer INFO: Prefix 2/8 (end=20, n_frames=4/21): reward=-24.0000 (mean, 1 tok)
2026-04-30 15:39:54,925 mme_vla_suite.pseudo_labeling.topreward_qwen_scorer INFO: Prefix 3/8 (end=32, n_frames=7/33): reward=-23.2500 (mean, 1 tok)
2026-04-30 15:39:59,465 mme_vla_suite.pseudo_labeling.topreward_qwen_scorer INFO: Prefix 4/8 (end=43, n_frames=9/44): reward=-22.6250 (mean, 1 tok)
2026-04-30 15:40:04,064 mme_vla_suite.pseudo_labeling.topreward_qwen_scorer INFO: Prefix 5/8 (end=55, n_frames=11/56): reward=-23.6250 (mean, 1 tok)
2026-04-30 15:40:08,685 mme_vla_suite.pseudo_labeling.topreward_qwen_scorer INFO: Prefix 6/8 (end=66, n_frames=13/67): reward=-23.5000 (mean, 1 tok)
2026-04-30 15:40:13,359 mme_vla_suite.pseudo_labeling.topreward_qwen_scorer INFO: Prefix 7/8 (end=78, n_frames=16/79): reward=-23.5000 (mean, 1 tok)
2026-04-30 15:40:18,028 mme_vla_suite.pseudo_labeling.topreward_qwen_scorer INFO: Prefix 8/8 (end=90, n_frames=18/91): reward=-19.0000 (mean, 1 tok)
2026-04-30 15:40:23,355 mme_vla_suite.pseudo_labeling.topreward_qwen_scorer INFO: Prefix 1/8 (end=10, n_frames=4/11): reward=-24.1250 (mean, 1 tok)
2026-04-30 15:40:27,943 mme_vla_suite.pseudo_labeling.topreward_qwen_scorer INFO: Prefix 2/8 (end=22, n_frames=5/23): reward=-24.0000 (mean, 1 tok)
2026-04-30 15:40:32,670 mme_vla_suite.pseudo_labeling.topreward_qwen_scorer INFO: Prefix 3/8 (end=35, n_frames=7/36): reward=-22.6250 (mean, 1 tok)
2026-04-30 15:40:37,458 mme_vla_suite.pseudo_labeling.topreward_qwen_scorer INFO: Prefix 4/8 (end=48, n_frames=10/49): reward=-22.7500 (mean, 1 tok)
2026-04-30 15:40:42,256 mme_vla_suite.pseudo_labeling.topreward_qwen_scorer INFO: Prefix 5/8 (end=60, n_frames=12/61): reward=-23.6250 (mean, 1 tok)
2026-04-30 15:40:47,087 mme_vla_suite.pseudo_labeling.topreward_qwen_scorer INFO: Prefix 6/8 (end=73, n_frames=15/74): reward=-23.3750 (mean, 1 tok)
2026-04-30 15:40:51,924 mme_vla_suite.pseudo_labeling.topreward_qwen_scorer INFO: Prefix 7/8 (end=86, n_frames=17/87): reward=-24.5000 (mean, 1 tok)
2026-04-30 15:40:56,758 mme_vla_suite.pseudo_labeling.topreward_qwen_scorer INFO: Prefix 8/8 (end=99, n_frames=20/100): reward=-18.8750 (mean, 1 tok)
2026-04-30 15:41:02,399 mme_vla_suite.pseudo_labeling.topreward_qwen_scorer INFO: Prefix 1/8 (end=12, n_frames=4/13): reward=-23.8750 (mean, 1 tok)
2026-04-30 15:41:07,146 mme_vla_suite.pseudo_labeling.topreward_qwen_scorer INFO: Prefix 2/8 (end=28, n_frames=6/29): reward=-23.2500 (mean, 1 tok)
2026-04-30 15:41:11,924 mme_vla_suite.pseudo_labeling.topreward_qwen_scorer INFO: Prefix 3/8 (end=44, n_frames=9/45): reward=-22.6250 (mean, 1 tok)
2026-04-30 15:41:16,611 mme_vla_suite.pseudo_labeling.topreward_qwen_scorer INFO: Prefix 4/8 (end=60, n_frames=12/61): reward=-22.6250 (mean, 1 tok)
2026-04-30 15:41:21,448 mme_vla_suite.pseudo_labeling.topreward_qwen_scorer INFO: Prefix 5/8 (end=77, n_frames=16/78): reward=-22.3750 (mean, 1 tok)
2026-04-30 15:41:26,297 mme_vla_suite.pseudo_labeling.topreward_qwen_scorer INFO: Prefix 6/8 (end=93, n_frames=19/94): reward=-22.0000 (mean, 1 tok)
2026-04-30 15:41:31,139 mme_vla_suite.pseudo_labeling.topreward_qwen_scorer INFO: Prefix 7/8 (end=109, n_frames=22/110): reward=-18.6250 (mean, 1 tok)
2026-04-30 15:41:36,213 mme_vla_suite.pseudo_labeling.topreward_qwen_scorer INFO: Prefix 8/8 (end=126, n_frames=25/127): reward=-19.0000 (mean, 1 tok)
2026-04-30 15:41:41,829 mme_vla_suite.pseudo_labeling.topreward_qwen_scorer INFO: Prefix 1/8 (end=5, n_frames=4/6): reward=-20.0000 (mean, 1 tok)
2026-04-30 15:41:46,557 mme_vla_suite.pseudo_labeling.topreward_qwen_scorer INFO: Prefix 2/8 (end=11, n_frames=4/12): reward=-20.2500 (mean, 1 tok)
2026-04-30 15:41:51,247 mme_vla_suite.pseudo_labeling.topreward_qwen_scorer INFO: Prefix 3/8 (end=17, n_frames=4/18): reward=-19.5000 (mean, 1 tok)
2026-04-30 15:41:56,009 mme_vla_suite.pseudo_labeling.topreward_qwen_scorer INFO: Prefix 4/8 (end=23, n_frames=5/24): reward=-19.0000 (mean, 1 tok)
2026-04-30 15:42:00,754 mme_vla_suite.pseudo_labeling.topreward_qwen_scorer INFO: Prefix 5/8 (end=30, n_frames=6/31): reward=-19.3750 (mean, 1 tok)
2026-04-30 15:42:05,504 mme_vla_suite.pseudo_labeling.topreward_qwen_scorer INFO: Prefix 6/8 (end=36, n_frames=7/37): reward=-19.6250 (mean, 1 tok)
2026-04-30 15:42:10,273 mme_vla_suite.pseudo_labeling.topreward_qwen_scorer INFO: Prefix 7/8 (end=42, n_frames=9/43): reward=-19.6250 (mean, 1 tok)
2026-04-30 15:42:15,030 mme_vla_suite.pseudo_labeling.topreward_qwen_scorer INFO: Prefix 8/8 (end=49, n_frames=10/50): reward=-18.0000 (mean, 1 tok)
2026-04-30 15:42:20,645 mme_vla_suite.pseudo_labeling.topreward_qwen_scorer INFO: Prefix 1/8 (end=9, n_frames=4/10): reward=-24.0000 (mean, 1 tok)
2026-04-30 15:42:25,346 mme_vla_suite.pseudo_labeling.topreward_qwen_scorer INFO: Prefix 2/8 (end=20, n_frames=4/21): reward=-23.6250 (mean, 1 tok)
2026-04-30 15:42:30,113 mme_vla_suite.pseudo_labeling.topreward_qwen_scorer INFO: Prefix 3/8 (end=32, n_frames=7/33): reward=-23.8750 (mean, 1 tok)
2026-04-30 15:42:34,906 mme_vla_suite.pseudo_labeling.topreward_qwen_scorer INFO: Prefix 4/8 (end=44, n_frames=9/45): reward=-23.1250 (mean, 1 tok)
2026-04-30 15:42:39,980 mme_vla_suite.pseudo_labeling.topreward_qwen_scorer INFO: Prefix 5/8 (end=55, n_frames=11/56): reward=-23.3750 (mean, 1 tok)
2026-04-30 15:42:44,775 mme_vla_suite.pseudo_labeling.topreward_qwen_scorer INFO: Prefix 6/8 (end=67, n_frames=14/68): reward=-22.1250 (mean, 1 tok)
2026-04-30 15:42:49,584 mme_vla_suite.pseudo_labeling.topreward_qwen_scorer INFO: Prefix 7/8 (end=79, n_frames=16/80): reward=-23.0000 (mean, 1 tok)
2026-04-30 15:42:54,400 mme_vla_suite.pseudo_labeling.topreward_qwen_scorer INFO: Prefix 8/8 (end=91, n_frames=18/92): reward=-17.3750 (mean, 1 tok)
2026-04-30 15:42:59,894 mme_vla_suite.pseudo_labeling.topreward_qwen_scorer INFO: Prefix 1/8 (end=10, n_frames=4/11): reward=-24.2500 (mean, 1 tok)
2026-04-30 15:43:04,631 mme_vla_suite.pseudo_labeling.topreward_qwen_scorer INFO: Prefix 2/8 (end=23, n_frames=5/24): reward=-23.8750 (mean, 1 tok)
2026-04-30 15:43:09,331 mme_vla_suite.pseudo_labeling.topreward_qwen_scorer INFO: Prefix 3/8 (end=36, n_frames=7/37): reward=-23.6250 (mean, 1 tok)
2026-04-30 15:43:14,096 mme_vla_suite.pseudo_labeling.topreward_qwen_scorer INFO: Prefix 4/8 (end=49, n_frames=10/50): reward=-23.1250 (mean, 1 tok)
2026-04-30 15:43:18,919 mme_vla_suite.pseudo_labeling.topreward_qwen_scorer INFO: Prefix 5/8 (end=62, n_frames=13/63): reward=-22.5000 (mean, 1 tok)
2026-04-30 15:43:23,718 mme_vla_suite.pseudo_labeling.topreward_qwen_scorer INFO: Prefix 6/8 (end=75, n_frames=15/76): reward=-22.3750 (mean, 1 tok)
2026-04-30 15:43:28,471 mme_vla_suite.pseudo_labeling.topreward_qwen_scorer INFO: Prefix 7/8 (end=88, n_frames=18/89): reward=-17.3750 (mean, 1 tok)
2026-04-30 15:43:33,286 mme_vla_suite.pseudo_labeling.topreward_qwen_scorer INFO: Prefix 8/8 (end=101, n_frames=20/102): reward=-18.5000 (mean, 1 tok)
2026-04-30 15:43:38,889 mme_vla_suite.pseudo_labeling.topreward_qwen_scorer INFO: Prefix 1/8 (end=9, n_frames=4/10): reward=-24.1250 (mean, 1 tok)
2026-04-30 15:43:43,624 mme_vla_suite.pseudo_labeling.topreward_qwen_scorer INFO: Prefix 2/8 (end=21, n_frames=4/22): reward=-24.3750 (mean, 1 tok)
2026-04-30 15:43:48,378 mme_vla_suite.pseudo_labeling.topreward_qwen_scorer INFO: Prefix 3/8 (end=33, n_frames=7/34): reward=-22.8750 (mean, 1 tok)
2026-04-30 15:43:53,162 mme_vla_suite.pseudo_labeling.topreward_qwen_scorer INFO: Prefix 4/8 (end=45, n_frames=9/46): reward=-23.1250 (mean, 1 tok)
2026-04-30 15:43:57,897 mme_vla_suite.pseudo_labeling.topreward_qwen_scorer INFO: Prefix 5/8 (end=57, n_frames=12/58): reward=-22.8750 (mean, 1 tok)
2026-04-30 15:44:02,686 mme_vla_suite.pseudo_labeling.topreward_qwen_scorer INFO: Prefix 6/8 (end=69, n_frames=14/70): reward=-24.7500 (mean, 1 tok)
2026-04-30 15:44:07,474 mme_vla_suite.pseudo_labeling.topreward_qwen_scorer INFO: Prefix 7/8 (end=81, n_frames=16/82): reward=-24.2500 (mean, 1 tok)
2026-04-30 15:44:12,279 mme_vla_suite.pseudo_labeling.topreward_qwen_scorer INFO: Prefix 8/8 (end=94, n_frames=19/95): reward=-21.1250 (mean, 1 tok)
2026-04-30 15:44:17,780 mme_vla_suite.pseudo_labeling.topreward_qwen_scorer INFO: Prefix 1/8 (end=10, n_frames=4/11): reward=-24.1250 (mean, 1 tok)
2026-04-30 15:44:22,520 mme_vla_suite.pseudo_labeling.topreward_qwen_scorer INFO: Prefix 2/8 (end=23, n_frames=5/24): reward=-24.0000 (mean, 1 tok)
2026-04-30 15:44:27,251 mme_vla_suite.pseudo_labeling.topreward_qwen_scorer INFO: Prefix 3/8 (end=36, n_frames=7/37): reward=-23.0000 (mean, 1 tok)
2026-04-30 15:44:32,003 mme_vla_suite.pseudo_labeling.topreward_qwen_scorer INFO: Prefix 4/8 (end=49, n_frames=10/50): reward=-22.8750 (mean, 1 tok)
2026-04-30 15:44:36,810 mme_vla_suite.pseudo_labeling.topreward_qwen_scorer INFO: Prefix 5/8 (end=62, n_frames=13/63): reward=-23.6250 (mean, 1 tok)
2026-04-30 15:44:41,565 mme_vla_suite.pseudo_labeling.topreward_qwen_scorer INFO: Prefix 6/8 (end=75, n_frames=15/76): reward=-24.3750 (mean, 1 tok)
2026-04-30 15:44:46,373 mme_vla_suite.pseudo_labeling.topreward_qwen_scorer INFO: Prefix 7/8 (end=88, n_frames=18/89): reward=-24.3750 (mean, 1 tok)
2026-04-30 15:44:51,193 mme_vla_suite.pseudo_labeling.topreward_qwen_scorer INFO: Prefix 8/8 (end=102, n_frames=21/103): reward=-20.7500 (mean, 1 tok)
2026-04-30 15:44:57,081 mme_vla_suite.pseudo_labeling.topreward_qwen_scorer INFO: Prefix 1/8 (end=10, n_frames=4/11): reward=-23.5000 (mean, 1 tok)
2026-04-30 15:45:01,822 mme_vla_suite.pseudo_labeling.topreward_qwen_scorer INFO: Prefix 2/8 (end=23, n_frames=5/24): reward=-23.3750 (mean, 1 tok)
2026-04-30 15:45:06,566 mme_vla_suite.pseudo_labeling.topreward_qwen_scorer INFO: Prefix 3/8 (end=37, n_frames=8/38): reward=-22.7500 (mean, 1 tok)
2026-04-30 15:45:11,324 mme_vla_suite.pseudo_labeling.topreward_qwen_scorer INFO: Prefix 4/8 (end=51, n_frames=10/52): reward=-21.5000 (mean, 1 tok)
2026-04-30 15:45:16,079 mme_vla_suite.pseudo_labeling.topreward_qwen_scorer INFO: Prefix 5/8 (end=65, n_frames=13/66): reward=-21.8750 (mean, 1 tok)
2026-04-30 15:45:20,866 mme_vla_suite.pseudo_labeling.topreward_qwen_scorer INFO: Prefix 6/8 (end=79, n_frames=16/80): reward=-21.5000 (mean, 1 tok)
2026-04-30 15:45:25,691 mme_vla_suite.pseudo_labeling.topreward_qwen_scorer INFO: Prefix 7/8 (end=93, n_frames=19/94): reward=-19.3750 (mean, 1 tok)
2026-04-30 15:45:30,441 mme_vla_suite.pseudo_labeling.topreward_qwen_scorer INFO: Prefix 8/8 (end=107, n_frames=22/108): reward=-18.8750 (mean, 1 tok)
2026-04-30 15:45:35,819 mme_vla_suite.pseudo_labeling.topreward_qwen_scorer INFO: Prefix 1/8 (end=5, n_frames=4/6): reward=-20.3750 (mean, 1 tok)
2026-04-30 15:45:40,371 mme_vla_suite.pseudo_labeling.topreward_qwen_scorer INFO: Prefix 2/8 (end=11, n_frames=4/12): reward=-20.6250 (mean, 1 tok)
2026-04-30 15:45:44,943 mme_vla_suite.pseudo_labeling.topreward_qwen_scorer INFO: Prefix 3/8 (end=18, n_frames=4/19): reward=-20.1250 (mean, 1 tok)
2026-04-30 15:45:49,481 mme_vla_suite.pseudo_labeling.topreward_qwen_scorer INFO: Prefix 4/8 (end=24, n_frames=5/25): reward=-18.6250 (mean, 1 tok)
2026-04-30 15:45:54,065 mme_vla_suite.pseudo_labeling.topreward_qwen_scorer INFO: Prefix 5/8 (end=31, n_frames=6/32): reward=-18.7500 (mean, 1 tok)
2026-04-30 15:45:58,691 mme_vla_suite.pseudo_labeling.topreward_qwen_scorer INFO: Prefix 6/8 (end=37, n_frames=8/38): reward=-19.0000 (mean, 1 tok)
2026-04-30 15:46:03,288 mme_vla_suite.pseudo_labeling.topreward_qwen_scorer INFO: Prefix 7/8 (end=44, n_frames=9/45): reward=-17.3750 (mean, 1 tok)
2026-04-30 15:46:08,028 mme_vla_suite.pseudo_labeling.topreward_qwen_scorer INFO: Prefix 8/8 (end=51, n_frames=10/52): reward=-17.8750 (mean, 1 tok)
2026-04-30 15:46:13,710 mme_vla_suite.pseudo_labeling.topreward_qwen_scorer INFO: Prefix 1/8 (end=10, n_frames=4/11): reward=-22.2500 (mean, 1 tok)
2026-04-30 15:46:18,310 mme_vla_suite.pseudo_labeling.topreward_qwen_scorer INFO: Prefix 2/8 (end=23, n_frames=5/24): reward=-22.2500 (mean, 1 tok)
2026-04-30 15:46:22,971 mme_vla_suite.pseudo_labeling.topreward_qwen_scorer INFO: Prefix 3/8 (end=36, n_frames=7/37): reward=-22.8750 (mean, 1 tok)
2026-04-30 15:46:27,562 mme_vla_suite.pseudo_labeling.topreward_qwen_scorer INFO: Prefix 4/8 (end=49, n_frames=10/50): reward=-21.2500 (mean, 1 tok)
2026-04-30 15:46:32,283 mme_vla_suite.pseudo_labeling.topreward_qwen_scorer INFO: Prefix 5/8 (end=62, n_frames=13/63): reward=-22.3750 (mean, 1 tok)
2026-04-30 15:46:37,164 mme_vla_suite.pseudo_labeling.topreward_qwen_scorer INFO: Prefix 6/8 (end=75, n_frames=15/76): reward=-20.7500 (mean, 1 tok)
2026-04-30 15:46:42,006 mme_vla_suite.pseudo_labeling.topreward_qwen_scorer INFO: Prefix 7/8 (end=88, n_frames=18/89): reward=-20.6250 (mean, 1 tok)
2026-04-30 15:46:46,891 mme_vla_suite.pseudo_labeling.topreward_qwen_scorer INFO: Prefix 8/8 (end=102, n_frames=21/103): reward=-17.6250 (mean, 1 tok)
2026-04-30 15:46:52,698 mme_vla_suite.pseudo_labeling.topreward_qwen_scorer INFO: Prefix 1/8 (end=11, n_frames=4/12): reward=-22.5000 (mean, 1 tok)
2026-04-30 15:46:57,380 mme_vla_suite.pseudo_labeling.topreward_qwen_scorer INFO: Prefix 2/8 (end=25, n_frames=5/26): reward=-22.2500 (mean, 1 tok)
2026-04-30 15:47:01,905 mme_vla_suite.pseudo_labeling.topreward_qwen_scorer INFO: Prefix 3/8 (end=40, n_frames=8/41): reward=-21.7500 (mean, 1 tok)
2026-04-30 15:47:06,495 mme_vla_suite.pseudo_labeling.topreward_qwen_scorer INFO: Prefix 4/8 (end=54, n_frames=11/55): reward=-21.7500 (mean, 1 tok)
2026-04-30 15:47:11,383 mme_vla_suite.pseudo_labeling.topreward_qwen_scorer INFO: Prefix 5/8 (end=69, n_frames=14/70): reward=-22.2500 (mean, 1 tok)
2026-04-30 15:47:16,230 mme_vla_suite.pseudo_labeling.topreward_qwen_scorer INFO: Prefix 6/8 (end=83, n_frames=17/84): reward=-19.8750 (mean, 1 tok)
2026-04-30 15:47:21,067 mme_vla_suite.pseudo_labeling.topreward_qwen_scorer INFO: Prefix 7/8 (end=98, n_frames=20/99): reward=-22.1250 (mean, 1 tok)
2026-04-30 15:47:25,865 mme_vla_suite.pseudo_labeling.topreward_qwen_scorer INFO: Prefix 8/8 (end=113, n_frames=23/114): reward=-18.8750 (mean, 1 tok)
2026-04-30 15:47:31,463 mme_vla_suite.pseudo_labeling.topreward_qwen_scorer INFO: Prefix 1/8 (end=10, n_frames=4/11): reward=-23.8750 (mean, 1 tok)
2026-04-30 15:47:36,184 mme_vla_suite.pseudo_labeling.topreward_qwen_scorer INFO: Prefix 2/8 (end=23, n_frames=5/24): reward=-23.5000 (mean, 1 tok)
2026-04-30 15:47:40,967 mme_vla_suite.pseudo_labeling.topreward_qwen_scorer INFO: Prefix 3/8 (end=36, n_frames=7/37): reward=-22.8750 (mean, 1 tok)
2026-04-30 15:47:45,749 mme_vla_suite.pseudo_labeling.topreward_qwen_scorer INFO: Prefix 4/8 (end=49, n_frames=10/50): reward=-22.0000 (mean, 1 tok)
2026-04-30 15:47:50,533 mme_vla_suite.pseudo_labeling.topreward_qwen_scorer INFO: Prefix 5/8 (end=62, n_frames=13/63): reward=-22.5000 (mean, 1 tok)
2026-04-30 15:47:55,339 mme_vla_suite.pseudo_labeling.topreward_qwen_scorer INFO: Prefix 6/8 (end=75, n_frames=15/76): reward=-22.6250 (mean, 1 tok)
2026-04-30 15:48:00,159 mme_vla_suite.pseudo_labeling.topreward_qwen_scorer INFO: Prefix 7/8 (end=88, n_frames=18/89): reward=-22.8750 (mean, 1 tok)
2026-04-30 15:48:05,000 mme_vla_suite.pseudo_labeling.topreward_qwen_scorer INFO: Prefix 8/8 (end=102, n_frames=21/103): reward=-19.2500 (mean, 1 tok)
2026-04-30 15:48:10,564 mme_vla_suite.pseudo_labeling.topreward_qwen_scorer INFO: Prefix 1/8 (end=11, n_frames=4/12): reward=-23.8750 (mean, 1 tok)
2026-04-30 15:48:15,255 mme_vla_suite.pseudo_labeling.topreward_qwen_scorer INFO: Prefix 2/8 (end=25, n_frames=5/26): reward=-23.5000 (mean, 1 tok)
2026-04-30 15:48:20,034 mme_vla_suite.pseudo_labeling.topreward_qwen_scorer INFO: Prefix 3/8 (end=40, n_frames=8/41): reward=-22.2500 (mean, 1 tok)
2026-04-30 15:48:24,792 mme_vla_suite.pseudo_labeling.topreward_qwen_scorer INFO: Prefix 4/8 (end=54, n_frames=11/55): reward=-22.3750 (mean, 1 tok)
2026-04-30 15:48:29,582 mme_vla_suite.pseudo_labeling.topreward_qwen_scorer INFO: Prefix 5/8 (end=69, n_frames=14/70): reward=-22.8750 (mean, 1 tok)
2026-04-30 15:48:34,409 mme_vla_suite.pseudo_labeling.topreward_qwen_scorer INFO: Prefix 6/8 (end=83, n_frames=17/84): reward=-22.5000 (mean, 1 tok)
2026-04-30 15:48:39,260 mme_vla_suite.pseudo_labeling.topreward_qwen_scorer INFO: Prefix 7/8 (end=98, n_frames=20/99): reward=-18.2500 (mean, 1 tok)
2026-04-30 15:48:44,158 mme_vla_suite.pseudo_labeling.topreward_qwen_scorer INFO: Prefix 8/8 (end=113, n_frames=23/114): reward=-19.3750 (mean, 1 tok)
2026-04-30 15:48:49,926 mme_vla_suite.pseudo_labeling.topreward_qwen_scorer INFO: Prefix 1/8 (end=11, n_frames=4/12): reward=-23.8750 (mean, 1 tok)
2026-04-30 15:48:54,697 mme_vla_suite.pseudo_labeling.topreward_qwen_scorer INFO: Prefix 2/8 (end=25, n_frames=5/26): reward=-24.0000 (mean, 1 tok)
2026-04-30 15:48:59,504 mme_vla_suite.pseudo_labeling.topreward_qwen_scorer INFO: Prefix 3/8 (end=39, n_frames=8/40): reward=-23.2500 (mean, 1 tok)
2026-04-30 15:49:04,683 mme_vla_suite.pseudo_labeling.topreward_qwen_scorer INFO: Prefix 4/8 (end=53, n_frames=11/54): reward=-23.5000 (mean, 1 tok)
2026-04-30 15:49:09,503 mme_vla_suite.pseudo_labeling.topreward_qwen_scorer INFO: Prefix 5/8 (end=67, n_frames=14/68): reward=-24.2500 (mean, 1 tok)
2026-04-30 15:49:14,355 mme_vla_suite.pseudo_labeling.topreward_qwen_scorer INFO: Prefix 6/8 (end=81, n_frames=16/82): reward=-24.2500 (mean, 1 tok)
2026-04-30 15:49:19,286 mme_vla_suite.pseudo_labeling.topreward_qwen_scorer INFO: Prefix 7/8 (end=95, n_frames=19/96): reward=-24.7500 (mean, 1 tok)
2026-04-30 15:49:24,152 mme_vla_suite.pseudo_labeling.topreward_qwen_scorer INFO: Prefix 8/8 (end=110, n_frames=22/111): reward=-18.7500 (mean, 1 tok)
2026-04-30 15:49:29,633 mme_vla_suite.pseudo_labeling.topreward_qwen_scorer INFO: Prefix 1/8 (end=4, n_frames=4/5): reward=-21.8750 (mean, 1 tok)
2026-04-30 15:49:34,437 mme_vla_suite.pseudo_labeling.topreward_qwen_scorer INFO: Prefix 2/8 (end=9, n_frames=4/10): reward=-21.8750 (mean, 1 tok)
2026-04-30 15:49:39,188 mme_vla_suite.pseudo_labeling.topreward_qwen_scorer INFO: Prefix 3/8 (end=14, n_frames=4/15): reward=-22.1250 (mean, 1 tok)
2026-04-30 15:49:43,957 mme_vla_suite.pseudo_labeling.topreward_qwen_scorer INFO: Prefix 4/8 (end=19, n_frames=4/20): reward=-22.5000 (mean, 1 tok)
2026-04-30 15:49:48,746 mme_vla_suite.pseudo_labeling.topreward_qwen_scorer INFO: Prefix 5/8 (end=24, n_frames=5/25): reward=-21.8750 (mean, 1 tok)
2026-04-30 15:49:53,578 mme_vla_suite.pseudo_labeling.topreward_qwen_scorer INFO: Prefix 6/8 (end=29, n_frames=6/30): reward=-21.7500 (mean, 1 tok)
2026-04-30 15:49:58,341 mme_vla_suite.pseudo_labeling.topreward_qwen_scorer INFO: Prefix 7/8 (end=34, n_frames=7/35): reward=-22.0000 (mean, 1 tok)
2026-04-30 15:50:03,152 mme_vla_suite.pseudo_labeling.topreward_qwen_scorer INFO: Prefix 8/8 (end=40, n_frames=8/41): reward=-22.0000 (mean, 1 tok)
2026-04-30 15:50:09,087 mme_vla_suite.pseudo_labeling.topreward_qwen_scorer INFO: Prefix 1/8 (end=10, n_frames=4/11): reward=-25.1250 (mean, 1 tok)
2026-04-30 15:50:14,110 mme_vla_suite.pseudo_labeling.topreward_qwen_scorer INFO: Prefix 2/8 (end=22, n_frames=5/23): reward=-24.8750 (mean, 1 tok)
2026-04-30 15:50:19,272 mme_vla_suite.pseudo_labeling.topreward_qwen_scorer INFO: Prefix 3/8 (end=35, n_frames=7/36): reward=-24.0000 (mean, 1 tok)
2026-04-30 15:50:24,437 mme_vla_suite.pseudo_labeling.topreward_qwen_scorer INFO: Prefix 4/8 (end=48, n_frames=10/49): reward=-23.7500 (mean, 1 tok)
2026-04-30 15:50:29,567 mme_vla_suite.pseudo_labeling.topreward_qwen_scorer INFO: Prefix 5/8 (end=61, n_frames=12/62): reward=-24.5000 (mean, 1 tok)
2026-04-30 15:50:34,472 mme_vla_suite.pseudo_labeling.topreward_qwen_scorer INFO: Prefix 6/8 (end=74, n_frames=15/75): reward=-23.7500 (mean, 1 tok)
2026-04-30 15:50:39,303 mme_vla_suite.pseudo_labeling.topreward_qwen_scorer INFO: Prefix 7/8 (end=87, n_frames=18/88): reward=-23.8750 (mean, 1 tok)
2026-04-30 15:50:44,175 mme_vla_suite.pseudo_labeling.topreward_qwen_scorer INFO: Prefix 8/8 (end=100, n_frames=20/101): reward=-18.3750 (mean, 1 tok)
2026-04-30 15:50:49,623 mme_vla_suite.pseudo_labeling.topreward_qwen_scorer INFO: Prefix 1/8 (end=10, n_frames=4/11): reward=-25.1250 (mean, 1 tok)
2026-04-30 15:50:54,456 mme_vla_suite.pseudo_labeling.topreward_qwen_scorer INFO: Prefix 2/8 (end=24, n_frames=5/25): reward=-23.7500 (mean, 1 tok)
2026-04-30 15:50:59,288 mme_vla_suite.pseudo_labeling.topreward_qwen_scorer INFO: Prefix 3/8 (end=38, n_frames=8/39): reward=-24.7500 (mean, 1 tok)
2026-04-30 15:51:04,096 mme_vla_suite.pseudo_labeling.topreward_qwen_scorer INFO: Prefix 4/8 (end=52, n_frames=11/53): reward=-24.2500 (mean, 1 tok)
2026-04-30 15:51:08,941 mme_vla_suite.pseudo_labeling.topreward_qwen_scorer INFO: Prefix 5/8 (end=66, n_frames=13/67): reward=-24.1250 (mean, 1 tok)
2026-04-30 15:51:13,800 mme_vla_suite.pseudo_labeling.topreward_qwen_scorer INFO: Prefix 6/8 (end=80, n_frames=16/81): reward=-23.8750 (mean, 1 tok)
2026-04-30 15:51:18,787 mme_vla_suite.pseudo_labeling.topreward_qwen_scorer INFO: Prefix 7/8 (end=94, n_frames=19/95): reward=-18.3750 (mean, 1 tok)
2026-04-30 15:51:23,944 mme_vla_suite.pseudo_labeling.topreward_qwen_scorer INFO: Prefix 8/8 (end=108, n_frames=22/109): reward=-19.1250 (mean, 1 tok)
2026-04-30 15:51:30,473 mme_vla_suite.pseudo_labeling.topreward_qwen_scorer INFO: Prefix 1/8 (end=11, n_frames=4/12): reward=-23.0000 (mean, 1 tok)
2026-04-30 15:51:35,456 mme_vla_suite.pseudo_labeling.topreward_qwen_scorer INFO: Prefix 2/8 (end=26, n_frames=5/27): reward=-22.7500 (mean, 1 tok)
2026-04-30 15:51:40,111 mme_vla_suite.pseudo_labeling.topreward_qwen_scorer INFO: Prefix 3/8 (end=41, n_frames=8/42): reward=-23.1250 (mean, 1 tok)
2026-04-30 15:51:44,783 mme_vla_suite.pseudo_labeling.topreward_qwen_scorer INFO: Prefix 4/8 (end=56, n_frames=11/57): reward=-22.3750 (mean, 1 tok)
2026-04-30 15:51:49,540 mme_vla_suite.pseudo_labeling.topreward_qwen_scorer INFO: Prefix 5/8 (end=71, n_frames=14/72): reward=-21.3750 (mean, 1 tok)
2026-04-30 15:51:54,347 mme_vla_suite.pseudo_labeling.topreward_qwen_scorer INFO: Prefix 6/8 (end=86, n_frames=17/87): reward=-21.5000 (mean, 1 tok)
2026-04-30 15:51:59,096 mme_vla_suite.pseudo_labeling.topreward_qwen_scorer INFO: Prefix 7/8 (end=101, n_frames=20/102): reward=-18.1250 (mean, 1 tok)
2026-04-30 15:52:03,883 mme_vla_suite.pseudo_labeling.topreward_qwen_scorer INFO: Prefix 8/8 (end=117, n_frames=24/118): reward=-18.3750 (mean, 1 tok)
2026-04-30 15:52:09,326 mme_vla_suite.pseudo_labeling.topreward_qwen_scorer INFO: Prefix 1/8 (end=5, n_frames=4/6): reward=-19.7500 (mean, 1 tok)
2026-04-30 15:52:14,063 mme_vla_suite.pseudo_labeling.topreward_qwen_scorer INFO: Prefix 2/8 (end=12, n_frames=4/13): reward=-19.3750 (mean, 1 tok)
2026-04-30 15:52:18,825 mme_vla_suite.pseudo_labeling.topreward_qwen_scorer INFO: Prefix 3/8 (end=20, n_frames=4/21): reward=-20.2500 (mean, 1 tok)
2026-04-30 15:52:23,513 mme_vla_suite.pseudo_labeling.topreward_qwen_scorer INFO: Prefix 4/8 (end=27, n_frames=6/28): reward=-20.6250 (mean, 1 tok)
2026-04-30 15:52:28,286 mme_vla_suite.pseudo_labeling.topreward_qwen_scorer INFO: Prefix 5/8 (end=35, n_frames=7/36): reward=-20.0000 (mean, 1 tok)
2026-04-30 15:52:32,934 mme_vla_suite.pseudo_labeling.topreward_qwen_scorer INFO: Prefix 6/8 (end=42, n_frames=9/43): reward=-19.0000 (mean, 1 tok)
2026-04-30 15:52:37,557 mme_vla_suite.pseudo_labeling.topreward_qwen_scorer INFO: Prefix 7/8 (end=50, n_frames=10/51): reward=-18.2500 (mean, 1 tok)
2026-04-30 15:52:42,503 mme_vla_suite.pseudo_labeling.topreward_qwen_scorer INFO: Prefix 8/8 (end=58, n_frames=12/59): reward=-18.0000 (mean, 1 tok)
2026-04-30 15:52:48,416 mme_vla_suite.pseudo_labeling.topreward_qwen_scorer INFO: Prefix 1/8 (end=11, n_frames=4/12): reward=-23.1250 (mean, 1 tok)
2026-04-30 15:52:53,317 mme_vla_suite.pseudo_labeling.topreward_qwen_scorer INFO: Prefix 2/8 (end=25, n_frames=5/26): reward=-23.1250 (mean, 1 tok)
2026-04-30 15:52:58,339 mme_vla_suite.pseudo_labeling.topreward_qwen_scorer INFO: Prefix 3/8 (end=39, n_frames=8/40): reward=-22.2500 (mean, 1 tok)
2026-04-30 15:53:03,261 mme_vla_suite.pseudo_labeling.topreward_qwen_scorer INFO: Prefix 4/8 (end=53, n_frames=11/54): reward=-22.1250 (mean, 1 tok)
2026-04-30 15:53:08,119 mme_vla_suite.pseudo_labeling.topreward_qwen_scorer INFO: Prefix 5/8 (end=67, n_frames=14/68): reward=-22.8750 (mean, 1 tok)
2026-04-30 15:53:12,972 mme_vla_suite.pseudo_labeling.topreward_qwen_scorer INFO: Prefix 6/8 (end=81, n_frames=16/82): reward=-21.7500 (mean, 1 tok)
2026-04-30 15:53:17,923 mme_vla_suite.pseudo_labeling.topreward_qwen_scorer INFO: Prefix 7/8 (end=95, n_frames=19/96): reward=-18.7500 (mean, 1 tok)
2026-04-30 15:53:22,831 mme_vla_suite.pseudo_labeling.topreward_qwen_scorer INFO: Prefix 8/8 (end=109, n_frames=22/110): reward=-18.3750 (mean, 1 tok)
2026-04-30 15:53:28,271 mme_vla_suite.pseudo_labeling.topreward_qwen_scorer INFO: Prefix 1/8 (end=11, n_frames=4/12): reward=-23.1250 (mean, 1 tok)
2026-04-30 15:53:33,048 mme_vla_suite.pseudo_labeling.topreward_qwen_scorer INFO: Prefix 2/8 (end=25, n_frames=5/26): reward=-23.1250 (mean, 1 tok)
2026-04-30 15:53:37,863 mme_vla_suite.pseudo_labeling.topreward_qwen_scorer INFO: Prefix 3/8 (end=40, n_frames=8/41): reward=-22.1250 (mean, 1 tok)
2026-04-30 15:53:42,712 mme_vla_suite.pseudo_labeling.topreward_qwen_scorer INFO: Prefix 4/8 (end=55, n_frames=11/56): reward=-21.1250 (mean, 1 tok)
2026-04-30 15:53:47,537 mme_vla_suite.pseudo_labeling.topreward_qwen_scorer INFO: Prefix 5/8 (end=70, n_frames=14/71): reward=-22.7500 (mean, 1 tok)
2026-04-30 15:53:52,736 mme_vla_suite.pseudo_labeling.topreward_qwen_scorer INFO: Prefix 6/8 (end=85, n_frames=17/86): reward=-19.5000 (mean, 1 tok)
2026-04-30 15:53:57,794 mme_vla_suite.pseudo_labeling.topreward_qwen_scorer INFO: Prefix 7/8 (end=100, n_frames=20/101): reward=-19.1250 (mean, 1 tok)
2026-04-30 15:54:02,756 mme_vla_suite.pseudo_labeling.topreward_qwen_scorer INFO: Prefix 8/8 (end=115, n_frames=23/116): reward=-18.8750 (mean, 1 tok)
2026-04-30 15:54:08,491 mme_vla_suite.pseudo_labeling.topreward_qwen_scorer INFO: Prefix 1/8 (end=10, n_frames=4/11): reward=-23.6250 (mean, 1 tok)
2026-04-30 15:54:13,715 mme_vla_suite.pseudo_labeling.topreward_qwen_scorer INFO: Prefix 2/8 (end=24, n_frames=5/25): reward=-23.6250 (mean, 1 tok)
2026-04-30 15:54:18,649 mme_vla_suite.pseudo_labeling.topreward_qwen_scorer INFO: Prefix 3/8 (end=38, n_frames=8/39): reward=-22.8750 (mean, 1 tok)
2026-04-30 15:54:23,608 mme_vla_suite.pseudo_labeling.topreward_qwen_scorer INFO: Prefix 4/8 (end=52, n_frames=11/53): reward=-21.7500 (mean, 1 tok)
2026-04-30 15:54:28,678 mme_vla_suite.pseudo_labeling.topreward_qwen_scorer INFO: Prefix 5/8 (end=66, n_frames=13/67): reward=-22.3750 (mean, 1 tok)
2026-04-30 15:54:33,585 mme_vla_suite.pseudo_labeling.topreward_qwen_scorer INFO: Prefix 6/8 (end=80, n_frames=16/81): reward=-22.6250 (mean, 1 tok)
2026-04-30 15:54:38,509 mme_vla_suite.pseudo_labeling.topreward_qwen_scorer INFO: Prefix 7/8 (end=94, n_frames=19/95): reward=-18.6250 (mean, 1 tok)
2026-04-30 15:54:43,343 mme_vla_suite.pseudo_labeling.topreward_qwen_scorer INFO: Prefix 8/8 (end=108, n_frames=22/109): reward=-18.6250 (mean, 1 tok)
2026-04-30 15:54:48,940 mme_vla_suite.pseudo_labeling.topreward_qwen_scorer INFO: Prefix 1/8 (end=5, n_frames=4/6): reward=-20.1250 (mean, 1 tok)
2026-04-30 15:54:53,692 mme_vla_suite.pseudo_labeling.topreward_qwen_scorer INFO: Prefix 2/8 (end=11, n_frames=4/12): reward=-20.0000 (mean, 1 tok)
2026-04-30 15:54:58,458 mme_vla_suite.pseudo_labeling.topreward_qwen_scorer INFO: Prefix 3/8 (end=18, n_frames=4/19): reward=-19.6250 (mean, 1 tok)
2026-04-30 15:55:03,346 mme_vla_suite.pseudo_labeling.topreward_qwen_scorer INFO: Prefix 4/8 (end=25, n_frames=5/26): reward=-20.3750 (mean, 1 tok)
2026-04-30 15:55:08,063 mme_vla_suite.pseudo_labeling.topreward_qwen_scorer INFO: Prefix 5/8 (end=31, n_frames=6/32): reward=-19.1250 (mean, 1 tok)
2026-04-30 15:55:12,800 mme_vla_suite.pseudo_labeling.topreward_qwen_scorer INFO: Prefix 6/8 (end=38, n_frames=8/39): reward=-20.2500 (mean, 1 tok)
2026-04-30 15:55:17,555 mme_vla_suite.pseudo_labeling.topreward_qwen_scorer INFO: Prefix 7/8 (end=45, n_frames=9/46): reward=-19.6250 (mean, 1 tok)
2026-04-30 15:55:22,289 mme_vla_suite.pseudo_labeling.topreward_qwen_scorer INFO: Prefix 8/8 (end=52, n_frames=11/53): reward=-17.6250 (mean, 1 tok)
2026-04-30 15:55:27,782 mme_vla_suite.pseudo_labeling.topreward_qwen_scorer INFO: Prefix 1/8 (end=8, n_frames=4/9): reward=-23.6250 (mean, 1 tok)
2026-04-30 15:55:32,467 mme_vla_suite.pseudo_labeling.topreward_qwen_scorer INFO: Prefix 2/8 (end=18, n_frames=4/19): reward=-23.2500 (mean, 1 tok)
2026-04-30 15:55:37,446 mme_vla_suite.pseudo_labeling.topreward_qwen_scorer INFO: Prefix 3/8 (end=28, n_frames=6/29): reward=-23.1250 (mean, 1 tok)
2026-04-30 15:55:42,153 mme_vla_suite.pseudo_labeling.topreward_qwen_scorer INFO: Prefix 4/8 (end=39, n_frames=8/40): reward=-23.0000 (mean, 1 tok)
2026-04-30 15:55:46,856 mme_vla_suite.pseudo_labeling.topreward_qwen_scorer INFO: Prefix 5/8 (end=49, n_frames=10/50): reward=-21.2500 (mean, 1 tok)
2026-04-30 15:55:51,565 mme_vla_suite.pseudo_labeling.topreward_qwen_scorer INFO: Prefix 6/8 (end=60, n_frames=12/61): reward=-22.5000 (mean, 1 tok)
2026-04-30 15:55:56,300 mme_vla_suite.pseudo_labeling.topreward_qwen_scorer INFO: Prefix 7/8 (end=70, n_frames=14/71): reward=-22.6250 (mean, 1 tok)
2026-04-30 15:56:01,023 mme_vla_suite.pseudo_labeling.topreward_qwen_scorer INFO: Prefix 8/8 (end=81, n_frames=16/82): reward=-19.6250 (mean, 1 tok)
2026-04-30 15:56:06,422 mme_vla_suite.pseudo_labeling.topreward_qwen_scorer INFO: Prefix 1/8 (end=8, n_frames=4/9): reward=-23.6250 (mean, 1 tok)
2026-04-30 15:56:11,258 mme_vla_suite.pseudo_labeling.topreward_qwen_scorer INFO: Prefix 2/8 (end=19, n_frames=4/20): reward=-23.2500 (mean, 1 tok)
2026-04-30 15:56:15,941 mme_vla_suite.pseudo_labeling.topreward_qwen_scorer INFO: Prefix 3/8 (end=30, n_frames=6/31): reward=-22.8750 (mean, 1 tok)
2026-04-30 15:56:20,654 mme_vla_suite.pseudo_labeling.topreward_qwen_scorer INFO: Prefix 4/8 (end=42, n_frames=9/43): reward=-23.2500 (mean, 1 tok)
2026-04-30 15:56:25,379 mme_vla_suite.pseudo_labeling.topreward_qwen_scorer INFO: Prefix 5/8 (end=53, n_frames=11/54): reward=-22.2500 (mean, 1 tok)
2026-04-30 15:56:30,108 mme_vla_suite.pseudo_labeling.topreward_qwen_scorer INFO: Prefix 6/8 (end=65, n_frames=13/66): reward=-22.8750 (mean, 1 tok)
2026-04-30 15:56:34,842 mme_vla_suite.pseudo_labeling.topreward_qwen_scorer INFO: Prefix 7/8 (end=76, n_frames=15/77): reward=-19.0000 (mean, 1 tok)
2026-04-30 15:56:39,578 mme_vla_suite.pseudo_labeling.topreward_qwen_scorer INFO: Prefix 8/8 (end=88, n_frames=18/89): reward=-19.5000 (mean, 1 tok)
2026-04-30 15:56:45,722 mme_vla_suite.pseudo_labeling.topreward_qwen_scorer INFO: Prefix 1/8 (end=9, n_frames=4/10): reward=-24.3750 (mean, 1 tok)
2026-04-30 15:56:50,405 mme_vla_suite.pseudo_labeling.topreward_qwen_scorer INFO: Prefix 2/8 (end=21, n_frames=4/22): reward=-24.3750 (mean, 1 tok)
2026-04-30 15:56:55,118 mme_vla_suite.pseudo_labeling.topreward_qwen_scorer INFO: Prefix 3/8 (end=33, n_frames=7/34): reward=-22.8750 (mean, 1 tok)
2026-04-30 15:56:59,843 mme_vla_suite.pseudo_labeling.topreward_qwen_scorer INFO: Prefix 4/8 (end=46, n_frames=9/47): reward=-23.6250 (mean, 1 tok)
2026-04-30 15:57:04,608 mme_vla_suite.pseudo_labeling.topreward_qwen_scorer INFO: Prefix 5/8 (end=58, n_frames=12/59): reward=-23.7500 (mean, 1 tok)
2026-04-30 15:57:09,370 mme_vla_suite.pseudo_labeling.topreward_qwen_scorer INFO: Prefix 6/8 (end=71, n_frames=14/72): reward=-24.2500 (mean, 1 tok)
2026-04-30 15:57:14,157 mme_vla_suite.pseudo_labeling.topreward_qwen_scorer INFO: Prefix 7/8 (end=83, n_frames=17/84): reward=-24.1250 (mean, 1 tok)
2026-04-30 15:57:18,899 mme_vla_suite.pseudo_labeling.topreward_qwen_scorer INFO: Prefix 8/8 (end=96, n_frames=19/97): reward=-20.6250 (mean, 1 tok)
2026-04-30 15:57:24,349 mme_vla_suite.pseudo_labeling.topreward_qwen_scorer INFO: Prefix 1/8 (end=10, n_frames=4/11): reward=-24.3750 (mean, 1 tok)
2026-04-30 15:57:29,047 mme_vla_suite.pseudo_labeling.topreward_qwen_scorer INFO: Prefix 2/8 (end=23, n_frames=5/24): reward=-24.3750 (mean, 1 tok)
2026-04-30 15:57:33,759 mme_vla_suite.pseudo_labeling.topreward_qwen_scorer INFO: Prefix 3/8 (end=37, n_frames=8/38): reward=-23.0000 (mean, 1 tok)
2026-04-30 15:57:38,412 mme_vla_suite.pseudo_labeling.topreward_qwen_scorer INFO: Prefix 4/8 (end=50, n_frames=10/51): reward=-23.6250 (mean, 1 tok)
2026-04-30 15:57:42,954 mme_vla_suite.pseudo_labeling.topreward_qwen_scorer INFO: Prefix 5/8 (end=64, n_frames=13/65): reward=-24.5000 (mean, 1 tok)
2026-04-30 15:57:47,552 mme_vla_suite.pseudo_labeling.topreward_qwen_scorer INFO: Prefix 6/8 (end=77, n_frames=16/78): reward=-24.0000 (mean, 1 tok)
2026-04-30 15:57:52,217 mme_vla_suite.pseudo_labeling.topreward_qwen_scorer INFO: Prefix 7/8 (end=91, n_frames=18/92): reward=-24.0000 (mean, 1 tok)
2026-04-30 15:57:56,869 mme_vla_suite.pseudo_labeling.topreward_qwen_scorer INFO: Prefix 8/8 (end=105, n_frames=21/106): reward=-20.6250 (mean, 1 tok)
2026-04-30 15:58:02,211 mme_vla_suite.pseudo_labeling.topreward_qwen_scorer INFO: Prefix 1/8 (end=10, n_frames=4/11): reward=-23.5000 (mean, 1 tok)
2026-04-30 15:58:06,765 mme_vla_suite.pseudo_labeling.topreward_qwen_scorer INFO: Prefix 2/8 (end=23, n_frames=5/24): reward=-23.5000 (mean, 1 tok)
2026-04-30 15:58:11,374 mme_vla_suite.pseudo_labeling.topreward_qwen_scorer INFO: Prefix 3/8 (end=36, n_frames=7/37): reward=-22.6250 (mean, 1 tok)
2026-04-30 15:58:15,972 mme_vla_suite.pseudo_labeling.topreward_qwen_scorer INFO: Prefix 4/8 (end=49, n_frames=10/50): reward=-22.1250 (mean, 1 tok)
2026-04-30 15:58:20,596 mme_vla_suite.pseudo_labeling.topreward_qwen_scorer INFO: Prefix 5/8 (end=62, n_frames=13/63): reward=-22.7500 (mean, 1 tok)
2026-04-30 15:58:25,269 mme_vla_suite.pseudo_labeling.topreward_qwen_scorer INFO: Prefix 6/8 (end=75, n_frames=15/76): reward=-22.6250 (mean, 1 tok)
2026-04-30 15:58:29,904 mme_vla_suite.pseudo_labeling.topreward_qwen_scorer INFO: Prefix 7/8 (end=88, n_frames=18/89): reward=-22.3750 (mean, 1 tok)
2026-04-30 15:58:34,583 mme_vla_suite.pseudo_labeling.topreward_qwen_scorer INFO: Prefix 8/8 (end=102, n_frames=21/103): reward=-18.1250 (mean, 1 tok)
2026-04-30 15:58:39,928 mme_vla_suite.pseudo_labeling.topreward_qwen_scorer INFO: Prefix 1/8 (end=5, n_frames=4/6): reward=-20.3750 (mean, 1 tok)
2026-04-30 15:58:44,644 mme_vla_suite.pseudo_labeling.topreward_qwen_scorer INFO: Prefix 2/8 (end=11, n_frames=4/12): reward=-20.0000 (mean, 1 tok)
2026-04-30 15:58:49,331 mme_vla_suite.pseudo_labeling.topreward_qwen_scorer INFO: Prefix 3/8 (end=17, n_frames=4/18): reward=-20.5000 (mean, 1 tok)
2026-04-30 15:58:54,067 mme_vla_suite.pseudo_labeling.topreward_qwen_scorer INFO: Prefix 4/8 (end=24, n_frames=5/25): reward=-20.3750 (mean, 1 tok)
2026-04-30 15:58:58,518 mme_vla_suite.pseudo_labeling.topreward_qwen_scorer INFO: Prefix 5/8 (end=30, n_frames=6/31): reward=-20.0000 (mean, 1 tok)
2026-04-30 15:59:03,272 mme_vla_suite.pseudo_labeling.topreward_qwen_scorer INFO: Prefix 6/8 (end=37, n_frames=8/38): reward=-19.2500 (mean, 1 tok)
2026-04-30 15:59:08,035 mme_vla_suite.pseudo_labeling.topreward_qwen_scorer INFO: Prefix 7/8 (end=43, n_frames=9/44): reward=-18.1250 (mean, 1 tok)
2026-04-30 15:59:12,772 mme_vla_suite.pseudo_labeling.topreward_qwen_scorer INFO: Prefix 8/8 (end=50, n_frames=10/51): reward=-18.1250 (mean, 1 tok)
2026-04-30 15:59:18,369 mme_vla_suite.pseudo_labeling.topreward_qwen_scorer INFO: Prefix 1/8 (end=9, n_frames=4/10): reward=-24.2500 (mean, 1 tok)
2026-04-30 15:59:23,090 mme_vla_suite.pseudo_labeling.topreward_qwen_scorer INFO: Prefix 2/8 (end=20, n_frames=4/21): reward=-23.7500 (mean, 1 tok)
2026-04-30 15:59:27,818 mme_vla_suite.pseudo_labeling.topreward_qwen_scorer INFO: Prefix 3/8 (end=31, n_frames=6/32): reward=-23.8750 (mean, 1 tok)
2026-04-30 15:59:32,567 mme_vla_suite.pseudo_labeling.topreward_qwen_scorer INFO: Prefix 4/8 (end=43, n_frames=9/44): reward=-22.6250 (mean, 1 tok)
2026-04-30 15:59:37,361 mme_vla_suite.pseudo_labeling.topreward_qwen_scorer INFO: Prefix 5/8 (end=54, n_frames=11/55): reward=-22.3750 (mean, 1 tok)
2026-04-30 15:59:42,203 mme_vla_suite.pseudo_labeling.topreward_qwen_scorer INFO: Prefix 6/8 (end=66, n_frames=13/67): reward=-23.1250 (mean, 1 tok)
2026-04-30 15:59:47,027 mme_vla_suite.pseudo_labeling.topreward_qwen_scorer INFO: Prefix 7/8 (end=77, n_frames=16/78): reward=-22.8750 (mean, 1 tok)
2026-04-30 15:59:51,937 mme_vla_suite.pseudo_labeling.topreward_qwen_scorer INFO: Prefix 8/8 (end=89, n_frames=18/90): reward=-20.3750 (mean, 1 tok)
2026-04-30 15:59:57,731 mme_vla_suite.pseudo_labeling.topreward_qwen_scorer INFO: Prefix 1/8 (end=10, n_frames=4/11): reward=-24.5000 (mean, 1 tok)
2026-04-30 16:00:02,468 mme_vla_suite.pseudo_labeling.topreward_qwen_scorer INFO: Prefix 2/8 (end=23, n_frames=5/24): reward=-24.2500 (mean, 1 tok)
2026-04-30 16:00:07,164 mme_vla_suite.pseudo_labeling.topreward_qwen_scorer INFO: Prefix 3/8 (end=36, n_frames=7/37): reward=-23.5000 (mean, 1 tok)
2026-04-30 16:00:11,920 mme_vla_suite.pseudo_labeling.topreward_qwen_scorer INFO: Prefix 4/8 (end=49, n_frames=10/50): reward=-22.6250 (mean, 1 tok)
2026-04-30 16:00:16,747 mme_vla_suite.pseudo_labeling.topreward_qwen_scorer INFO: Prefix 5/8 (end=62, n_frames=13/63): reward=-23.7500 (mean, 1 tok)
2026-04-30 16:00:21,540 mme_vla_suite.pseudo_labeling.topreward_qwen_scorer INFO: Prefix 6/8 (end=75, n_frames=15/76): reward=-23.3750 (mean, 1 tok)
2026-04-30 16:00:26,356 mme_vla_suite.pseudo_labeling.topreward_qwen_scorer INFO: Prefix 7/8 (end=88, n_frames=18/89): reward=-20.1250 (mean, 1 tok)
2026-04-30 16:00:31,285 mme_vla_suite.pseudo_labeling.topreward_qwen_scorer INFO: Prefix 8/8 (end=101, n_frames=20/102): reward=-20.6250 (mean, 1 tok)
2026-04-30 16:00:36,974 mme_vla_suite.pseudo_labeling.topreward_qwen_scorer INFO: Prefix 1/8 (end=9, n_frames=4/10): reward=-23.8750 (mean, 1 tok)
2026-04-30 16:00:41,822 mme_vla_suite.pseudo_labeling.topreward_qwen_scorer INFO: Prefix 2/8 (end=20, n_frames=4/21): reward=-23.8750 (mean, 1 tok)
2026-04-30 16:00:46,554 mme_vla_suite.pseudo_labeling.topreward_qwen_scorer INFO: Prefix 3/8 (end=32, n_frames=7/33): reward=-23.0000 (mean, 1 tok)
2026-04-30 16:00:51,308 mme_vla_suite.pseudo_labeling.topreward_qwen_scorer INFO: Prefix 4/8 (end=44, n_frames=9/45): reward=-22.3750 (mean, 1 tok)
2026-04-30 16:00:56,090 mme_vla_suite.pseudo_labeling.topreward_qwen_scorer INFO: Prefix 5/8 (end=55, n_frames=11/56): reward=-23.0000 (mean, 1 tok)
2026-04-30 16:01:00,818 mme_vla_suite.pseudo_labeling.topreward_qwen_scorer INFO: Prefix 6/8 (end=67, n_frames=14/68): reward=-24.3750 (mean, 1 tok)
2026-04-30 16:01:05,608 mme_vla_suite.pseudo_labeling.topreward_qwen_scorer INFO: Prefix 7/8 (end=79, n_frames=16/80): reward=-24.1250 (mean, 1 tok)
2026-04-30 16:01:10,402 mme_vla_suite.pseudo_labeling.topreward_qwen_scorer INFO: Prefix 8/8 (end=91, n_frames=18/92): reward=-18.6250 (mean, 1 tok)
2026-04-30 16:01:15,970 mme_vla_suite.pseudo_labeling.topreward_qwen_scorer INFO: Prefix 1/8 (end=9, n_frames=4/10): reward=-23.8750 (mean, 1 tok)
2026-04-30 16:01:20,659 mme_vla_suite.pseudo_labeling.topreward_qwen_scorer INFO: Prefix 2/8 (end=21, n_frames=4/22): reward=-23.8750 (mean, 1 tok)
2026-04-30 16:01:25,437 mme_vla_suite.pseudo_labeling.topreward_qwen_scorer INFO: Prefix 3/8 (end=34, n_frames=7/35): reward=-22.8750 (mean, 1 tok)
2026-04-30 16:01:30,189 mme_vla_suite.pseudo_labeling.topreward_qwen_scorer INFO: Prefix 4/8 (end=47, n_frames=10/48): reward=-22.1250 (mean, 1 tok)
2026-04-30 16:01:34,975 mme_vla_suite.pseudo_labeling.topreward_qwen_scorer INFO: Prefix 5/8 (end=59, n_frames=12/60): reward=-22.5000 (mean, 1 tok)
2026-04-30 16:01:39,757 mme_vla_suite.pseudo_labeling.topreward_qwen_scorer INFO: Prefix 6/8 (end=72, n_frames=15/73): reward=-24.0000 (mean, 1 tok)
2026-04-30 16:01:44,529 mme_vla_suite.pseudo_labeling.topreward_qwen_scorer INFO: Prefix 7/8 (end=85, n_frames=17/86): reward=-24.2500 (mean, 1 tok)
2026-04-30 16:01:49,440 mme_vla_suite.pseudo_labeling.topreward_qwen_scorer INFO: Prefix 8/8 (end=98, n_frames=20/99): reward=-20.2500 (mean, 1 tok)
2026-04-30 16:01:55,087 mme_vla_suite.pseudo_labeling.topreward_qwen_scorer INFO: Prefix 1/8 (end=10, n_frames=4/11): reward=-23.5000 (mean, 1 tok)
2026-04-30 16:01:59,902 mme_vla_suite.pseudo_labeling.topreward_qwen_scorer INFO: Prefix 2/8 (end=23, n_frames=5/24): reward=-23.7500 (mean, 1 tok)
2026-04-30 16:02:04,716 mme_vla_suite.pseudo_labeling.topreward_qwen_scorer INFO: Prefix 3/8 (end=36, n_frames=7/37): reward=-23.2500 (mean, 1 tok)
2026-04-30 16:02:09,469 mme_vla_suite.pseudo_labeling.topreward_qwen_scorer INFO: Prefix 4/8 (end=50, n_frames=10/51): reward=-22.1250 (mean, 1 tok)
2026-04-30 16:02:14,243 mme_vla_suite.pseudo_labeling.topreward_qwen_scorer INFO: Prefix 5/8 (end=63, n_frames=13/64): reward=-22.8750 (mean, 1 tok)
2026-04-30 16:02:19,069 mme_vla_suite.pseudo_labeling.topreward_qwen_scorer INFO: Prefix 6/8 (end=77, n_frames=16/78): reward=-23.6250 (mean, 1 tok)
2026-04-30 16:02:24,058 mme_vla_suite.pseudo_labeling.topreward_qwen_scorer INFO: Prefix 7/8 (end=90, n_frames=18/91): reward=-23.7500 (mean, 1 tok)
2026-04-30 16:02:28,993 mme_vla_suite.pseudo_labeling.topreward_qwen_scorer INFO: Prefix 8/8 (end=104, n_frames=21/105): reward=-19.5000 (mean, 1 tok)
2026-04-30 16:02:34,694 mme_vla_suite.pseudo_labeling.topreward_qwen_scorer INFO: Prefix 1/8 (end=11, n_frames=4/12): reward=-23.6250 (mean, 1 tok)
2026-04-30 16:02:39,422 mme_vla_suite.pseudo_labeling.topreward_qwen_scorer INFO: Prefix 2/8 (end=25, n_frames=5/26): reward=-23.7500 (mean, 1 tok)
2026-04-30 16:02:44,170 mme_vla_suite.pseudo_labeling.topreward_qwen_scorer INFO: Prefix 3/8 (end=40, n_frames=8/41): reward=-22.5000 (mean, 1 tok)
2026-04-30 16:02:48,935 mme_vla_suite.pseudo_labeling.topreward_qwen_scorer INFO: Prefix 4/8 (end=55, n_frames=11/56): reward=-22.5000 (mean, 1 tok)
2026-04-30 16:02:53,724 mme_vla_suite.pseudo_labeling.topreward_qwen_scorer INFO: Prefix 5/8 (end=70, n_frames=14/71): reward=-22.7500 (mean, 1 tok)
2026-04-30 16:02:58,512 mme_vla_suite.pseudo_labeling.topreward_qwen_scorer INFO: Prefix 6/8 (end=85, n_frames=17/86): reward=-23.6250 (mean, 1 tok)
2026-04-30 16:03:03,348 mme_vla_suite.pseudo_labeling.topreward_qwen_scorer INFO: Prefix 7/8 (end=100, n_frames=20/101): reward=-20.1250 (mean, 1 tok)
2026-04-30 16:03:08,207 mme_vla_suite.pseudo_labeling.topreward_qwen_scorer INFO: Prefix 8/8 (end=115, n_frames=23/116): reward=-19.7500 (mean, 1 tok)
2026-04-30 16:03:13,819 mme_vla_suite.pseudo_labeling.topreward_qwen_scorer INFO: Prefix 1/8 (end=9, n_frames=4/10): reward=-24.5000 (mean, 1 tok)
2026-04-30 16:03:18,766 mme_vla_suite.pseudo_labeling.topreward_qwen_scorer INFO: Prefix 2/8 (end=21, n_frames=4/22): reward=-24.2500 (mean, 1 tok)
2026-04-30 16:03:23,523 mme_vla_suite.pseudo_labeling.topreward_qwen_scorer INFO: Prefix 3/8 (end=33, n_frames=7/34): reward=-23.6250 (mean, 1 tok)
2026-04-30 16:03:28,248 mme_vla_suite.pseudo_labeling.topreward_qwen_scorer INFO: Prefix 4/8 (end=45, n_frames=9/46): reward=-23.1250 (mean, 1 tok)
2026-04-30 16:03:32,989 mme_vla_suite.pseudo_labeling.topreward_qwen_scorer INFO: Prefix 5/8 (end=57, n_frames=12/58): reward=-24.0000 (mean, 1 tok)
2026-04-30 16:03:37,756 mme_vla_suite.pseudo_labeling.topreward_qwen_scorer INFO: Prefix 6/8 (end=69, n_frames=14/70): reward=-23.3750 (mean, 1 tok)
2026-04-30 16:03:42,501 mme_vla_suite.pseudo_labeling.topreward_qwen_scorer INFO: Prefix 7/8 (end=81, n_frames=16/82): reward=-23.8750 (mean, 1 tok)
2026-04-30 16:03:47,116 mme_vla_suite.pseudo_labeling.topreward_qwen_scorer INFO: Prefix 8/8 (end=94, n_frames=19/95): reward=-18.2500 (mean, 1 tok)
2026-04-30 16:03:52,312 mme_vla_suite.pseudo_labeling.topreward_qwen_scorer INFO: Prefix 1/8 (end=10, n_frames=4/11): reward=-24.5000 (mean, 1 tok)
2026-04-30 16:03:56,890 mme_vla_suite.pseudo_labeling.topreward_qwen_scorer INFO: Prefix 2/8 (end=23, n_frames=5/24): reward=-24.1250 (mean, 1 tok)
2026-04-30 16:04:01,519 mme_vla_suite.pseudo_labeling.topreward_qwen_scorer INFO: Prefix 3/8 (end=36, n_frames=7/37): reward=-23.0000 (mean, 1 tok)
2026-04-30 16:04:06,075 mme_vla_suite.pseudo_labeling.topreward_qwen_scorer INFO: Prefix 4/8 (end=50, n_frames=10/51): reward=-23.3750 (mean, 1 tok)
2026-04-30 16:04:10,644 mme_vla_suite.pseudo_labeling.topreward_qwen_scorer INFO: Prefix 5/8 (end=63, n_frames=13/64): reward=-24.0000 (mean, 1 tok)
2026-04-30 16:04:15,266 mme_vla_suite.pseudo_labeling.topreward_qwen_scorer INFO: Prefix 6/8 (end=77, n_frames=16/78): reward=-24.0000 (mean, 1 tok)
2026-04-30 16:04:19,856 mme_vla_suite.pseudo_labeling.topreward_qwen_scorer INFO: Prefix 7/8 (end=90, n_frames=18/91): reward=-23.1250 (mean, 1 tok)
2026-04-30 16:04:24,494 mme_vla_suite.pseudo_labeling.topreward_qwen_scorer INFO: Prefix 8/8 (end=104, n_frames=21/105): reward=-18.8750 (mean, 1 tok)
2026-04-30 16:04:29,980 mme_vla_suite.pseudo_labeling.topreward_qwen_scorer INFO: Prefix 1/8 (end=12, n_frames=4/13): reward=-23.5000 (mean, 1 tok)
2026-04-30 16:04:34,683 mme_vla_suite.pseudo_labeling.topreward_qwen_scorer INFO: Prefix 2/8 (end=27, n_frames=6/28): reward=-23.1250 (mean, 1 tok)
2026-04-30 16:04:39,345 mme_vla_suite.pseudo_labeling.topreward_qwen_scorer INFO: Prefix 3/8 (end=42, n_frames=9/43): reward=-22.7500 (mean, 1 tok)
2026-04-30 16:04:43,898 mme_vla_suite.pseudo_labeling.topreward_qwen_scorer INFO: Prefix 4/8 (end=58, n_frames=12/59): reward=-22.2500 (mean, 1 tok)
2026-04-30 16:04:48,562 mme_vla_suite.pseudo_labeling.topreward_qwen_scorer INFO: Prefix 5/8 (end=73, n_frames=15/74): reward=-21.6250 (mean, 1 tok)
2026-04-30 16:04:53,352 mme_vla_suite.pseudo_labeling.topreward_qwen_scorer INFO: Prefix 6/8 (end=89, n_frames=18/90): reward=-22.7500 (mean, 1 tok)
2026-04-30 16:04:58,226 mme_vla_suite.pseudo_labeling.topreward_qwen_scorer INFO: Prefix 7/8 (end=104, n_frames=21/105): reward=-19.1250 (mean, 1 tok)
2026-04-30 16:05:03,061 mme_vla_suite.pseudo_labeling.topreward_qwen_scorer INFO: Prefix 8/8 (end=120, n_frames=24/121): reward=-19.8750 (mean, 1 tok)
2026-04-30 16:05:08,635 mme_vla_suite.pseudo_labeling.topreward_qwen_scorer INFO: Prefix 1/8 (end=5, n_frames=4/6): reward=-19.7500 (mean, 1 tok)
2026-04-30 16:05:13,338 mme_vla_suite.pseudo_labeling.topreward_qwen_scorer INFO: Prefix 2/8 (end=11, n_frames=4/12): reward=-19.3750 (mean, 1 tok)
2026-04-30 16:05:18,037 mme_vla_suite.pseudo_labeling.topreward_qwen_scorer INFO: Prefix 3/8 (end=17, n_frames=4/18): reward=-19.2500 (mean, 1 tok)
2026-04-30 16:05:22,693 mme_vla_suite.pseudo_labeling.topreward_qwen_scorer INFO: Prefix 4/8 (end=23, n_frames=5/24): reward=-18.6250 (mean, 1 tok)
2026-04-30 16:05:27,373 mme_vla_suite.pseudo_labeling.topreward_qwen_scorer INFO: Prefix 5/8 (end=30, n_frames=6/31): reward=-18.7500 (mean, 1 tok)
2026-04-30 16:05:32,064 mme_vla_suite.pseudo_labeling.topreward_qwen_scorer INFO: Prefix 6/8 (end=36, n_frames=7/37): reward=-18.0000 (mean, 1 tok)
2026-04-30 16:05:36,793 mme_vla_suite.pseudo_labeling.topreward_qwen_scorer INFO: Prefix 7/8 (end=42, n_frames=9/43): reward=-19.2500 (mean, 1 tok)
2026-04-30 16:05:41,498 mme_vla_suite.pseudo_labeling.topreward_qwen_scorer INFO: Prefix 8/8 (end=49, n_frames=10/50): reward=-19.6250 (mean, 1 tok)
2026-04-30 16:05:47,064 mme_vla_suite.pseudo_labeling.topreward_qwen_scorer INFO: Prefix 1/8 (end=9, n_frames=4/10): reward=-24.2500 (mean, 1 tok)
2026-04-30 16:05:51,747 mme_vla_suite.pseudo_labeling.topreward_qwen_scorer INFO: Prefix 2/8 (end=21, n_frames=4/22): reward=-23.7500 (mean, 1 tok)
2026-04-30 16:05:56,481 mme_vla_suite.pseudo_labeling.topreward_qwen_scorer INFO: Prefix 3/8 (end=33, n_frames=7/34): reward=-23.5000 (mean, 1 tok)
2026-04-30 16:06:01,309 mme_vla_suite.pseudo_labeling.topreward_qwen_scorer INFO: Prefix 4/8 (end=46, n_frames=9/47): reward=-23.8750 (mean, 1 tok)
2026-04-30 16:06:06,073 mme_vla_suite.pseudo_labeling.topreward_qwen_scorer INFO: Prefix 5/8 (end=58, n_frames=12/59): reward=-23.7500 (mean, 1 tok)
2026-04-30 16:06:10,819 mme_vla_suite.pseudo_labeling.topreward_qwen_scorer INFO: Prefix 6/8 (end=71, n_frames=14/72): reward=-23.0000 (mean, 1 tok)
2026-04-30 16:06:15,652 mme_vla_suite.pseudo_labeling.topreward_qwen_scorer INFO: Prefix 7/8 (end=83, n_frames=17/84): reward=-22.7500 (mean, 1 tok)
2026-04-30 16:06:20,523 mme_vla_suite.pseudo_labeling.topreward_qwen_scorer INFO: Prefix 8/8 (end=96, n_frames=19/97): reward=-18.8750 (mean, 1 tok)
2026-04-30 16:06:25,781 mme_vla_suite.pseudo_labeling.topreward_qwen_scorer INFO: Prefix 1/8 (end=10, n_frames=4/11): reward=-24.2500 (mean, 1 tok)
2026-04-30 16:06:30,482 mme_vla_suite.pseudo_labeling.topreward_qwen_scorer INFO: Prefix 2/8 (end=23, n_frames=5/24): reward=-23.3750 (mean, 1 tok)
2026-04-30 16:06:35,189 mme_vla_suite.pseudo_labeling.topreward_qwen_scorer INFO: Prefix 3/8 (end=37, n_frames=8/38): reward=-23.3750 (mean, 1 tok)
2026-04-30 16:06:39,895 mme_vla_suite.pseudo_labeling.topreward_qwen_scorer INFO: Prefix 4/8 (end=50, n_frames=10/51): reward=-23.6250 (mean, 1 tok)
2026-04-30 16:06:44,647 mme_vla_suite.pseudo_labeling.topreward_qwen_scorer INFO: Prefix 5/8 (end=64, n_frames=13/65): reward=-23.6250 (mean, 1 tok)
2026-04-30 16:06:49,403 mme_vla_suite.pseudo_labeling.topreward_qwen_scorer INFO: Prefix 6/8 (end=77, n_frames=16/78): reward=-23.2500 (mean, 1 tok)
2026-04-30 16:06:54,208 mme_vla_suite.pseudo_labeling.topreward_qwen_scorer INFO: Prefix 7/8 (end=91, n_frames=18/92): reward=-18.5000 (mean, 1 tok)
2026-04-30 16:06:59,147 mme_vla_suite.pseudo_labeling.topreward_qwen_scorer INFO: Prefix 8/8 (end=105, n_frames=21/106): reward=-18.5000 (mean, 1 tok)
2026-04-30 16:07:05,031 mme_vla_suite.pseudo_labeling.topreward_qwen_scorer INFO: Prefix 1/8 (end=10, n_frames=4/11): reward=-24.2500 (mean, 1 tok)
2026-04-30 16:07:09,753 mme_vla_suite.pseudo_labeling.topreward_qwen_scorer INFO: Prefix 2/8 (end=23, n_frames=5/24): reward=-24.2500 (mean, 1 tok)
2026-04-30 16:07:14,482 mme_vla_suite.pseudo_labeling.topreward_qwen_scorer INFO: Prefix 3/8 (end=36, n_frames=7/37): reward=-23.5000 (mean, 1 tok)
2026-04-30 16:07:19,200 mme_vla_suite.pseudo_labeling.topreward_qwen_scorer INFO: Prefix 4/8 (end=49, n_frames=10/50): reward=-23.3750 (mean, 1 tok)
2026-04-30 16:07:23,932 mme_vla_suite.pseudo_labeling.topreward_qwen_scorer INFO: Prefix 5/8 (end=62, n_frames=13/63): reward=-24.5000 (mean, 1 tok)
2026-04-30 16:07:28,687 mme_vla_suite.pseudo_labeling.topreward_qwen_scorer INFO: Prefix 6/8 (end=75, n_frames=15/76): reward=-24.2500 (mean, 1 tok)
2026-04-30 16:07:33,543 mme_vla_suite.pseudo_labeling.topreward_qwen_scorer INFO: Prefix 7/8 (end=88, n_frames=18/89): reward=-24.3750 (mean, 1 tok)
2026-04-30 16:07:38,315 mme_vla_suite.pseudo_labeling.topreward_qwen_scorer INFO: Prefix 8/8 (end=102, n_frames=21/103): reward=-18.1250 (mean, 1 tok)
2026-04-30 16:07:43,657 mme_vla_suite.pseudo_labeling.topreward_qwen_scorer INFO: Prefix 1/8 (end=11, n_frames=4/12): reward=-24.0000 (mean, 1 tok)
2026-04-30 16:07:48,371 mme_vla_suite.pseudo_labeling.topreward_qwen_scorer INFO: Prefix 2/8 (end=25, n_frames=5/26): reward=-24.2500 (mean, 1 tok)
2026-04-30 16:07:53,092 mme_vla_suite.pseudo_labeling.topreward_qwen_scorer INFO: Prefix 3/8 (end=40, n_frames=8/41): reward=-23.1250 (mean, 1 tok)
2026-04-30 16:07:57,826 mme_vla_suite.pseudo_labeling.topreward_qwen_scorer INFO: Prefix 4/8 (end=55, n_frames=11/56): reward=-23.1250 (mean, 1 tok)
2026-04-30 16:08:02,590 mme_vla_suite.pseudo_labeling.topreward_qwen_scorer INFO: Prefix 5/8 (end=69, n_frames=14/70): reward=-24.6250 (mean, 1 tok)
2026-04-30 16:08:07,351 mme_vla_suite.pseudo_labeling.topreward_qwen_scorer INFO: Prefix 6/8 (end=84, n_frames=17/85): reward=-24.2500 (mean, 1 tok)
2026-04-30 16:08:12,163 mme_vla_suite.pseudo_labeling.topreward_qwen_scorer INFO: Prefix 7/8 (end=99, n_frames=20/100): reward=-18.5000 (mean, 1 tok)
2026-04-30 16:08:17,039 mme_vla_suite.pseudo_labeling.topreward_qwen_scorer INFO: Prefix 8/8 (end=114, n_frames=23/115): reward=-19.0000 (mean, 1 tok)
2026-04-30 16:08:22,672 mme_vla_suite.pseudo_labeling.topreward_qwen_scorer INFO: Prefix 1/8 (end=12, n_frames=4/13): reward=-24.0000 (mean, 1 tok)
2026-04-30 16:08:27,428 mme_vla_suite.pseudo_labeling.topreward_qwen_scorer INFO: Prefix 2/8 (end=27, n_frames=6/28): reward=-24.0000 (mean, 1 tok)
2026-04-30 16:08:32,515 mme_vla_suite.pseudo_labeling.topreward_qwen_scorer INFO: Prefix 3/8 (end=42, n_frames=9/43): reward=-24.0000 (mean, 1 tok)
2026-04-30 16:08:37,284 mme_vla_suite.pseudo_labeling.topreward_qwen_scorer INFO: Prefix 4/8 (end=58, n_frames=12/59): reward=-22.6250 (mean, 1 tok)
2026-04-30 16:08:42,112 mme_vla_suite.pseudo_labeling.topreward_qwen_scorer INFO: Prefix 5/8 (end=73, n_frames=15/74): reward=-23.1250 (mean, 1 tok)
2026-04-30 16:08:46,920 mme_vla_suite.pseudo_labeling.topreward_qwen_scorer INFO: Prefix 6/8 (end=89, n_frames=18/90): reward=-23.3750 (mean, 1 tok)
2026-04-30 16:08:51,800 mme_vla_suite.pseudo_labeling.topreward_qwen_scorer INFO: Prefix 7/8 (end=104, n_frames=21/105): reward=-19.3750 (mean, 1 tok)
2026-04-30 16:08:56,649 mme_vla_suite.pseudo_labeling.topreward_qwen_scorer INFO: Prefix 8/8 (end=120, n_frames=24/121): reward=-19.3750 (mean, 1 tok)
2026-04-30 16:09:02,537 mme_vla_suite.pseudo_labeling.topreward_qwen_scorer INFO: Prefix 1/8 (end=5, n_frames=4/6): reward=-20.7500 (mean, 1 tok)
2026-04-30 16:09:07,089 mme_vla_suite.pseudo_labeling.topreward_qwen_scorer INFO: Prefix 2/8 (end=11, n_frames=4/12): reward=-20.5000 (mean, 1 tok)
2026-04-30 16:09:11,678 mme_vla_suite.pseudo_labeling.topreward_qwen_scorer INFO: Prefix 3/8 (end=17, n_frames=4/18): reward=-20.1250 (mean, 1 tok)
2026-04-30 16:09:16,374 mme_vla_suite.pseudo_labeling.topreward_qwen_scorer INFO: Prefix 4/8 (end=23, n_frames=5/24): reward=-21.0000 (mean, 1 tok)
2026-04-30 16:09:21,048 mme_vla_suite.pseudo_labeling.topreward_qwen_scorer INFO: Prefix 5/8 (end=30, n_frames=6/31): reward=-20.3750 (mean, 1 tok)
2026-04-30 16:09:25,722 mme_vla_suite.pseudo_labeling.topreward_qwen_scorer INFO: Prefix 6/8 (end=36, n_frames=7/37): reward=-21.0000 (mean, 1 tok)
2026-04-30 16:09:30,315 mme_vla_suite.pseudo_labeling.topreward_qwen_scorer INFO: Prefix 7/8 (end=42, n_frames=9/43): reward=-21.1250 (mean, 1 tok)
2026-04-30 16:09:34,879 mme_vla_suite.pseudo_labeling.topreward_qwen_scorer INFO: Prefix 8/8 (end=49, n_frames=10/50): reward=-19.8750 (mean, 1 tok)
2026-04-30 16:09:40,356 mme_vla_suite.pseudo_labeling.topreward_qwen_scorer INFO: Prefix 1/8 (end=10, n_frames=4/11): reward=-25.1250 (mean, 1 tok)
2026-04-30 16:09:44,932 mme_vla_suite.pseudo_labeling.topreward_qwen_scorer INFO: Prefix 2/8 (end=24, n_frames=5/25): reward=-24.7500 (mean, 1 tok)
2026-04-30 16:09:49,544 mme_vla_suite.pseudo_labeling.topreward_qwen_scorer INFO: Prefix 3/8 (end=38, n_frames=8/39): reward=-24.8750 (mean, 1 tok)
2026-04-30 16:09:54,245 mme_vla_suite.pseudo_labeling.topreward_qwen_scorer INFO: Prefix 4/8 (end=52, n_frames=11/53): reward=-24.7500 (mean, 1 tok)
2026-04-30 16:09:58,862 mme_vla_suite.pseudo_labeling.topreward_qwen_scorer INFO: Prefix 5/8 (end=66, n_frames=13/67): reward=-25.0000 (mean, 1 tok)
2026-04-30 16:10:03,500 mme_vla_suite.pseudo_labeling.topreward_qwen_scorer INFO: Prefix 6/8 (end=80, n_frames=16/81): reward=-24.7500 (mean, 1 tok)
2026-04-30 16:10:08,144 mme_vla_suite.pseudo_labeling.topreward_qwen_scorer INFO: Prefix 7/8 (end=94, n_frames=19/95): reward=-24.2500 (mean, 1 tok)
2026-04-30 16:10:12,791 mme_vla_suite.pseudo_labeling.topreward_qwen_scorer INFO: Prefix 8/8 (end=108, n_frames=22/109): reward=-20.0000 (mean, 1 tok)
2026-04-30 16:10:18,018 mme_vla_suite.pseudo_labeling.topreward_qwen_scorer INFO: Prefix 1/8 (end=11, n_frames=4/12): reward=-25.2500 (mean, 1 tok)
2026-04-30 16:10:22,611 mme_vla_suite.pseudo_labeling.topreward_qwen_scorer INFO: Prefix 2/8 (end=25, n_frames=5/26): reward=-24.8750 (mean, 1 tok)
2026-04-30 16:10:27,261 mme_vla_suite.pseudo_labeling.topreward_qwen_scorer INFO: Prefix 3/8 (end=40, n_frames=8/41): reward=-24.3750 (mean, 1 tok)
2026-04-30 16:10:31,851 mme_vla_suite.pseudo_labeling.topreward_qwen_scorer INFO: Prefix 4/8 (end=55, n_frames=11/56): reward=-24.7500 (mean, 1 tok)
2026-04-30 16:10:36,458 mme_vla_suite.pseudo_labeling.topreward_qwen_scorer INFO: Prefix 5/8 (end=69, n_frames=14/70): reward=-25.0000 (mean, 1 tok)
2026-04-30 16:10:41,114 mme_vla_suite.pseudo_labeling.topreward_qwen_scorer INFO: Prefix 6/8 (end=84, n_frames=17/85): reward=-23.7500 (mean, 1 tok)
2026-04-30 16:10:45,775 mme_vla_suite.pseudo_labeling.topreward_qwen_scorer INFO: Prefix 7/8 (end=99, n_frames=20/100): reward=-23.2500 (mean, 1 tok)
2026-04-30 16:10:50,445 mme_vla_suite.pseudo_labeling.topreward_qwen_scorer INFO: Prefix 8/8 (end=114, n_frames=23/115): reward=-21.0000 (mean, 1 tok)
2026-04-30 16:10:55,870 mme_vla_suite.pseudo_labeling.topreward_qwen_scorer INFO: Prefix 1/8 (end=11, n_frames=4/12): reward=-24.0000 (mean, 1 tok)
2026-04-30 16:11:00,744 mme_vla_suite.pseudo_labeling.topreward_qwen_scorer INFO: Prefix 2/8 (end=25, n_frames=5/26): reward=-24.0000 (mean, 1 tok)
2026-04-30 16:11:05,714 mme_vla_suite.pseudo_labeling.topreward_qwen_scorer INFO: Prefix 3/8 (end=39, n_frames=8/40): reward=-24.0000 (mean, 1 tok)
2026-04-30 16:11:10,513 mme_vla_suite.pseudo_labeling.topreward_qwen_scorer INFO: Prefix 4/8 (end=53, n_frames=11/54): reward=-23.8750 (mean, 1 tok)
2026-04-30 16:11:15,318 mme_vla_suite.pseudo_labeling.topreward_qwen_scorer INFO: Prefix 5/8 (end=68, n_frames=14/69): reward=-23.2500 (mean, 1 tok)
2026-04-30 16:11:20,135 mme_vla_suite.pseudo_labeling.topreward_qwen_scorer INFO: Prefix 6/8 (end=82, n_frames=17/83): reward=-22.3750 (mean, 1 tok)
2026-04-30 16:11:24,984 mme_vla_suite.pseudo_labeling.topreward_qwen_scorer INFO: Prefix 7/8 (end=96, n_frames=19/97): reward=-22.0000 (mean, 1 tok)
2026-04-30 16:11:29,807 mme_vla_suite.pseudo_labeling.topreward_qwen_scorer INFO: Prefix 8/8 (end=111, n_frames=22/112): reward=-18.8750 (mean, 1 tok)
2026-04-30 16:11:35,392 mme_vla_suite.pseudo_labeling.topreward_qwen_scorer INFO: Prefix 1/8 (end=12, n_frames=4/13): reward=-24.0000 (mean, 1 tok)
2026-04-30 16:11:40,296 mme_vla_suite.pseudo_labeling.topreward_qwen_scorer INFO: Prefix 2/8 (end=27, n_frames=6/28): reward=-24.0000 (mean, 1 tok)
2026-04-30 16:11:45,058 mme_vla_suite.pseudo_labeling.topreward_qwen_scorer INFO: Prefix 3/8 (end=42, n_frames=9/43): reward=-23.7500 (mean, 1 tok)
2026-04-30 16:11:49,879 mme_vla_suite.pseudo_labeling.topreward_qwen_scorer INFO: Prefix 4/8 (end=58, n_frames=12/59): reward=-23.7500 (mean, 1 tok)
2026-04-30 16:11:54,687 mme_vla_suite.pseudo_labeling.topreward_qwen_scorer INFO: Prefix 5/8 (end=73, n_frames=15/74): reward=-23.0000 (mean, 1 tok)
2026-04-30 16:11:59,521 mme_vla_suite.pseudo_labeling.topreward_qwen_scorer INFO: Prefix 6/8 (end=89, n_frames=18/90): reward=-21.7500 (mean, 1 tok)
2026-04-30 16:12:04,398 mme_vla_suite.pseudo_labeling.topreward_qwen_scorer INFO: Prefix 7/8 (end=104, n_frames=21/105): reward=-18.8750 (mean, 1 tok)
2026-04-30 16:12:09,322 mme_vla_suite.pseudo_labeling.topreward_qwen_scorer INFO: Prefix 8/8 (end=120, n_frames=24/121): reward=-19.8750 (mean, 1 tok)
2026-04-30 16:12:15,016 mme_vla_suite.pseudo_labeling.topreward_qwen_scorer INFO: Prefix 1/8 (end=11, n_frames=4/12): reward=-24.2500 (mean, 1 tok)
2026-04-30 16:12:19,766 mme_vla_suite.pseudo_labeling.topreward_qwen_scorer INFO: Prefix 2/8 (end=25, n_frames=5/26): reward=-24.2500 (mean, 1 tok)
2026-04-30 16:12:24,521 mme_vla_suite.pseudo_labeling.topreward_qwen_scorer INFO: Prefix 3/8 (end=40, n_frames=8/41): reward=-23.2500 (mean, 1 tok)
2026-04-30 16:12:29,266 mme_vla_suite.pseudo_labeling.topreward_qwen_scorer INFO: Prefix 4/8 (end=54, n_frames=11/55): reward=-23.0000 (mean, 1 tok)
2026-04-30 16:12:34,090 mme_vla_suite.pseudo_labeling.topreward_qwen_scorer INFO: Prefix 5/8 (end=69, n_frames=14/70): reward=-23.0000 (mean, 1 tok)
2026-04-30 16:12:38,872 mme_vla_suite.pseudo_labeling.topreward_qwen_scorer INFO: Prefix 6/8 (end=83, n_frames=17/84): reward=-22.8750 (mean, 1 tok)
2026-04-30 16:12:43,667 mme_vla_suite.pseudo_labeling.topreward_qwen_scorer INFO: Prefix 7/8 (end=98, n_frames=20/99): reward=-19.2500 (mean, 1 tok)
2026-04-30 16:12:48,525 mme_vla_suite.pseudo_labeling.topreward_qwen_scorer INFO: Prefix 8/8 (end=113, n_frames=23/114): reward=-19.7500 (mean, 1 tok)
2026-04-30 16:12:53,978 mme_vla_suite.pseudo_labeling.topreward_qwen_scorer INFO: Prefix 1/8 (end=4, n_frames=4/5): reward=-21.6250 (mean, 1 tok)
2026-04-30 16:12:58,704 mme_vla_suite.pseudo_labeling.topreward_qwen_scorer INFO: Prefix 2/8 (end=10, n_frames=4/11): reward=-21.1250 (mean, 1 tok)
2026-04-30 16:13:03,421 mme_vla_suite.pseudo_labeling.topreward_qwen_scorer INFO: Prefix 3/8 (end=16, n_frames=4/17): reward=-21.2500 (mean, 1 tok)
2026-04-30 16:13:08,163 mme_vla_suite.pseudo_labeling.topreward_qwen_scorer INFO: Prefix 4/8 (end=22, n_frames=5/23): reward=-20.8750 (mean, 1 tok)
2026-04-30 16:13:12,901 mme_vla_suite.pseudo_labeling.topreward_qwen_scorer INFO: Prefix 5/8 (end=28, n_frames=6/29): reward=-21.1250 (mean, 1 tok)
2026-04-30 16:13:17,655 mme_vla_suite.pseudo_labeling.topreward_qwen_scorer INFO: Prefix 6/8 (end=34, n_frames=7/35): reward=-21.3750 (mean, 1 tok)
2026-04-30 16:13:22,397 mme_vla_suite.pseudo_labeling.topreward_qwen_scorer INFO: Prefix 7/8 (end=40, n_frames=8/41): reward=-21.0000 (mean, 1 tok)
2026-04-30 16:13:27,110 mme_vla_suite.pseudo_labeling.topreward_qwen_scorer INFO: Prefix 8/8 (end=46, n_frames=9/47): reward=-19.8750 (mean, 1 tok)
2026-04-30 16:13:32,751 mme_vla_suite.pseudo_labeling.topreward_qwen_scorer INFO: Prefix 1/8 (end=7, n_frames=4/8): reward=-24.1250 (mean, 1 tok)
2026-04-30 16:13:37,428 mme_vla_suite.pseudo_labeling.topreward_qwen_scorer INFO: Prefix 2/8 (end=16, n_frames=4/17): reward=-23.7500 (mean, 1 tok)
2026-04-30 16:13:42,125 mme_vla_suite.pseudo_labeling.topreward_qwen_scorer INFO: Prefix 3/8 (end=26, n_frames=5/27): reward=-23.0000 (mean, 1 tok)
2026-04-30 16:13:46,840 mme_vla_suite.pseudo_labeling.topreward_qwen_scorer INFO: Prefix 4/8 (end=36, n_frames=7/37): reward=-23.5000 (mean, 1 tok)
2026-04-30 16:13:51,558 mme_vla_suite.pseudo_labeling.topreward_qwen_scorer INFO: Prefix 5/8 (end=46, n_frames=9/47): reward=-23.3750 (mean, 1 tok)
2026-04-30 16:13:56,351 mme_vla_suite.pseudo_labeling.topreward_qwen_scorer INFO: Prefix 6/8 (end=56, n_frames=11/57): reward=-23.3750 (mean, 1 tok)
2026-04-30 16:14:01,154 mme_vla_suite.pseudo_labeling.topreward_qwen_scorer INFO: Prefix 7/8 (end=66, n_frames=13/67): reward=-23.5000 (mean, 1 tok)
2026-04-30 16:14:06,148 mme_vla_suite.pseudo_labeling.topreward_qwen_scorer INFO: Prefix 8/8 (end=76, n_frames=15/77): reward=-19.3750 (mean, 1 tok)
2026-04-30 16:14:11,666 mme_vla_suite.pseudo_labeling.topreward_qwen_scorer INFO: Prefix 1/8 (end=8, n_frames=4/9): reward=-24.2500 (mean, 1 tok)
2026-04-30 16:14:16,344 mme_vla_suite.pseudo_labeling.topreward_qwen_scorer INFO: Prefix 2/8 (end=18, n_frames=4/19): reward=-24.0000 (mean, 1 tok)
2026-04-30 16:14:21,033 mme_vla_suite.pseudo_labeling.topreward_qwen_scorer INFO: Prefix 3/8 (end=29, n_frames=6/30): reward=-24.1250 (mean, 1 tok)
2026-04-30 16:14:25,759 mme_vla_suite.pseudo_labeling.topreward_qwen_scorer INFO: Prefix 4/8 (end=40, n_frames=8/41): reward=-24.2500 (mean, 1 tok)
2026-04-30 16:14:30,515 mme_vla_suite.pseudo_labeling.topreward_qwen_scorer INFO: Prefix 5/8 (end=50, n_frames=10/51): reward=-22.7500 (mean, 1 tok)
2026-04-30 16:14:35,294 mme_vla_suite.pseudo_labeling.topreward_qwen_scorer INFO: Prefix 6/8 (end=61, n_frames=12/62): reward=-23.6250 (mean, 1 tok)
2026-04-30 16:14:40,125 mme_vla_suite.pseudo_labeling.topreward_qwen_scorer INFO: Prefix 7/8 (end=72, n_frames=15/73): reward=-20.0000 (mean, 1 tok)
2026-04-30 16:14:44,902 mme_vla_suite.pseudo_labeling.topreward_qwen_scorer INFO: Prefix 8/8 (end=83, n_frames=17/84): reward=-19.6250 (mean, 1 tok)
2026-04-30 16:14:50,497 mme_vla_suite.pseudo_labeling.topreward_qwen_scorer INFO: Prefix 1/8 (end=10, n_frames=4/11): reward=-24.0000 (mean, 1 tok)
2026-04-30 16:14:55,228 mme_vla_suite.pseudo_labeling.topreward_qwen_scorer INFO: Prefix 2/8 (end=23, n_frames=5/24): reward=-23.8750 (mean, 1 tok)
2026-04-30 16:15:00,252 mme_vla_suite.pseudo_labeling.topreward_qwen_scorer INFO: Prefix 3/8 (end=37, n_frames=8/38): reward=-23.5000 (mean, 1 tok)
2026-04-30 16:15:04,988 mme_vla_suite.pseudo_labeling.topreward_qwen_scorer INFO: Prefix 4/8 (end=51, n_frames=10/52): reward=-22.3750 (mean, 1 tok)
2026-04-30 16:15:09,768 mme_vla_suite.pseudo_labeling.topreward_qwen_scorer INFO: Prefix 5/8 (end=65, n_frames=13/66): reward=-23.1250 (mean, 1 tok)
2026-04-30 16:15:14,916 mme_vla_suite.pseudo_labeling.topreward_qwen_scorer INFO: Prefix 6/8 (end=79, n_frames=16/80): reward=-22.6250 (mean, 1 tok)
2026-04-30 16:15:19,715 mme_vla_suite.pseudo_labeling.topreward_qwen_scorer INFO: Prefix 7/8 (end=93, n_frames=19/94): reward=-20.3750 (mean, 1 tok)
2026-04-30 16:15:24,508 mme_vla_suite.pseudo_labeling.topreward_qwen_scorer INFO: Prefix 8/8 (end=107, n_frames=22/108): reward=-19.2500 (mean, 1 tok)
2026-04-30 16:15:29,945 mme_vla_suite.pseudo_labeling.topreward_qwen_scorer INFO: Prefix 1/8 (end=4, n_frames=4/5): reward=-21.5000 (mean, 1 tok)
2026-04-30 16:15:34,661 mme_vla_suite.pseudo_labeling.topreward_qwen_scorer INFO: Prefix 2/8 (end=10, n_frames=4/11): reward=-21.1250 (mean, 1 tok)
2026-04-30 16:15:39,428 mme_vla_suite.pseudo_labeling.topreward_qwen_scorer INFO: Prefix 3/8 (end=16, n_frames=4/17): reward=-20.7500 (mean, 1 tok)
2026-04-30 16:15:44,128 mme_vla_suite.pseudo_labeling.topreward_qwen_scorer INFO: Prefix 4/8 (end=22, n_frames=5/23): reward=-22.1250 (mean, 1 tok)
2026-04-30 16:15:48,932 mme_vla_suite.pseudo_labeling.topreward_qwen_scorer INFO: Prefix 5/8 (end=28, n_frames=6/29): reward=-22.0000 (mean, 1 tok)
2026-04-30 16:15:53,634 mme_vla_suite.pseudo_labeling.topreward_qwen_scorer INFO: Prefix 6/8 (end=34, n_frames=7/35): reward=-21.8750 (mean, 1 tok)
2026-04-30 16:15:58,317 mme_vla_suite.pseudo_labeling.topreward_qwen_scorer INFO: Prefix 7/8 (end=40, n_frames=8/41): reward=-21.2500 (mean, 1 tok)
2026-04-30 16:16:02,938 mme_vla_suite.pseudo_labeling.topreward_qwen_scorer INFO: Prefix 8/8 (end=46, n_frames=9/47): reward=-19.2500 (mean, 1 tok)
2026-04-30 16:16:08,320 mme_vla_suite.pseudo_labeling.topreward_qwen_scorer INFO: Prefix 1/8 (end=8, n_frames=4/9): reward=-24.0000 (mean, 1 tok)
2026-04-30 16:16:12,856 mme_vla_suite.pseudo_labeling.topreward_qwen_scorer INFO: Prefix 2/8 (end=18, n_frames=4/19): reward=-24.3750 (mean, 1 tok)
2026-04-30 16:16:17,464 mme_vla_suite.pseudo_labeling.topreward_qwen_scorer INFO: Prefix 3/8 (end=29, n_frames=6/30): reward=-22.8750 (mean, 1 tok)
2026-04-30 16:16:22,043 mme_vla_suite.pseudo_labeling.topreward_qwen_scorer INFO: Prefix 4/8 (end=40, n_frames=8/41): reward=-23.5000 (mean, 1 tok)
2026-04-30 16:16:26,789 mme_vla_suite.pseudo_labeling.topreward_qwen_scorer INFO: Prefix 5/8 (end=51, n_frames=10/52): reward=-23.0000 (mean, 1 tok)
2026-04-30 16:16:31,415 mme_vla_suite.pseudo_labeling.topreward_qwen_scorer INFO: Prefix 6/8 (end=62, n_frames=13/63): reward=-21.7500 (mean, 1 tok)
2026-04-30 16:16:36,034 mme_vla_suite.pseudo_labeling.topreward_qwen_scorer INFO: Prefix 7/8 (end=73, n_frames=15/74): reward=-23.0000 (mean, 1 tok)
2026-04-30 16:16:40,694 mme_vla_suite.pseudo_labeling.topreward_qwen_scorer INFO: Prefix 8/8 (end=84, n_frames=17/85): reward=-20.2500 (mean, 1 tok)
2026-04-30 16:16:46,066 mme_vla_suite.pseudo_labeling.topreward_qwen_scorer INFO: Prefix 1/8 (end=9, n_frames=4/10): reward=-24.0000 (mean, 1 tok)
2026-04-30 16:16:50,629 mme_vla_suite.pseudo_labeling.topreward_qwen_scorer INFO: Prefix 2/8 (end=20, n_frames=4/21): reward=-24.1250 (mean, 1 tok)
2026-04-30 16:16:55,213 mme_vla_suite.pseudo_labeling.topreward_qwen_scorer INFO: Prefix 3/8 (end=32, n_frames=7/33): reward=-23.8750 (mean, 1 tok)
2026-04-30 16:16:59,932 mme_vla_suite.pseudo_labeling.topreward_qwen_scorer INFO: Prefix 4/8 (end=44, n_frames=9/45): reward=-24.1250 (mean, 1 tok)
2026-04-30 16:17:04,566 mme_vla_suite.pseudo_labeling.topreward_qwen_scorer INFO: Prefix 5/8 (end=55, n_frames=11/56): reward=-22.3750 (mean, 1 tok)
2026-04-30 16:17:09,283 mme_vla_suite.pseudo_labeling.topreward_qwen_scorer INFO: Prefix 6/8 (end=67, n_frames=14/68): reward=-21.8750 (mean, 1 tok)
2026-04-30 16:17:14,103 mme_vla_suite.pseudo_labeling.topreward_qwen_scorer INFO: Prefix 7/8 (end=79, n_frames=16/80): reward=-22.3750 (mean, 1 tok)
2026-04-30 16:17:18,927 mme_vla_suite.pseudo_labeling.topreward_qwen_scorer INFO: Prefix 8/8 (end=91, n_frames=18/92): reward=-19.7500 (mean, 1 tok)
2026-04-30 16:17:24,494 mme_vla_suite.pseudo_labeling.topreward_qwen_scorer INFO: Prefix 1/8 (end=10, n_frames=4/11): reward=-23.8750 (mean, 1 tok)
2026-04-30 16:17:29,240 mme_vla_suite.pseudo_labeling.topreward_qwen_scorer INFO: Prefix 2/8 (end=24, n_frames=5/25): reward=-23.6250 (mean, 1 tok)
2026-04-30 16:17:33,999 mme_vla_suite.pseudo_labeling.topreward_qwen_scorer INFO: Prefix 3/8 (end=38, n_frames=8/39): reward=-22.8750 (mean, 1 tok)
2026-04-30 16:17:38,923 mme_vla_suite.pseudo_labeling.topreward_qwen_scorer INFO: Prefix 4/8 (end=52, n_frames=11/53): reward=-22.2500 (mean, 1 tok)
2026-04-30 16:17:43,712 mme_vla_suite.pseudo_labeling.topreward_qwen_scorer INFO: Prefix 5/8 (end=66, n_frames=13/67): reward=-22.8750 (mean, 1 tok)
2026-04-30 16:17:48,519 mme_vla_suite.pseudo_labeling.topreward_qwen_scorer INFO: Prefix 6/8 (end=80, n_frames=16/81): reward=-22.7500 (mean, 1 tok)
2026-04-30 16:17:53,348 mme_vla_suite.pseudo_labeling.topreward_qwen_scorer INFO: Prefix 7/8 (end=94, n_frames=19/95): reward=-18.7500 (mean, 1 tok)
2026-04-30 16:17:58,247 mme_vla_suite.pseudo_labeling.topreward_qwen_scorer INFO: Prefix 8/8 (end=108, n_frames=22/109): reward=-20.0000 (mean, 1 tok)
2026-04-30 16:18:03,783 mme_vla_suite.pseudo_labeling.topreward_qwen_scorer INFO: Prefix 1/8 (end=5, n_frames=4/6): reward=-21.7500 (mean, 1 tok)
2026-04-30 16:18:08,516 mme_vla_suite.pseudo_labeling.topreward_qwen_scorer INFO: Prefix 2/8 (end=11, n_frames=4/12): reward=-20.7500 (mean, 1 tok)
2026-04-30 16:18:13,249 mme_vla_suite.pseudo_labeling.topreward_qwen_scorer INFO: Prefix 3/8 (end=17, n_frames=4/18): reward=-20.7500 (mean, 1 tok)
2026-04-30 16:18:18,024 mme_vla_suite.pseudo_labeling.topreward_qwen_scorer INFO: Prefix 4/8 (end=24, n_frames=5/25): reward=-20.8750 (mean, 1 tok)
2026-04-30 16:18:22,941 mme_vla_suite.pseudo_labeling.topreward_qwen_scorer INFO: Prefix 5/8 (end=30, n_frames=6/31): reward=-20.7500 (mean, 1 tok)
2026-04-30 16:18:27,662 mme_vla_suite.pseudo_labeling.topreward_qwen_scorer INFO: Prefix 6/8 (end=37, n_frames=8/38): reward=-21.3750 (mean, 1 tok)
2026-04-30 16:18:32,402 mme_vla_suite.pseudo_labeling.topreward_qwen_scorer INFO: Prefix 7/8 (end=43, n_frames=9/44): reward=-18.6250 (mean, 1 tok)
2026-04-30 16:18:37,165 mme_vla_suite.pseudo_labeling.topreward_qwen_scorer INFO: Prefix 8/8 (end=50, n_frames=10/51): reward=-18.7500 (mean, 1 tok)
2026-04-30 16:18:42,779 mme_vla_suite.pseudo_labeling.topreward_qwen_scorer INFO: Prefix 1/8 (end=8, n_frames=4/9): reward=-24.2500 (mean, 1 tok)
2026-04-30 16:18:47,520 mme_vla_suite.pseudo_labeling.topreward_qwen_scorer INFO: Prefix 2/8 (end=18, n_frames=4/19): reward=-23.8750 (mean, 1 tok)
2026-04-30 16:18:52,256 mme_vla_suite.pseudo_labeling.topreward_qwen_scorer INFO: Prefix 3/8 (end=29, n_frames=6/30): reward=-23.2500 (mean, 1 tok)
2026-04-30 16:18:57,032 mme_vla_suite.pseudo_labeling.topreward_qwen_scorer INFO: Prefix 4/8 (end=39, n_frames=8/40): reward=-23.3750 (mean, 1 tok)
2026-04-30 16:19:01,788 mme_vla_suite.pseudo_labeling.topreward_qwen_scorer INFO: Prefix 5/8 (end=50, n_frames=10/51): reward=-22.5000 (mean, 1 tok)
2026-04-30 16:19:06,570 mme_vla_suite.pseudo_labeling.topreward_qwen_scorer INFO: Prefix 6/8 (end=60, n_frames=12/61): reward=-21.6250 (mean, 1 tok)
2026-04-30 16:19:11,341 mme_vla_suite.pseudo_labeling.topreward_qwen_scorer INFO: Prefix 7/8 (end=71, n_frames=14/72): reward=-22.8750 (mean, 1 tok)
2026-04-30 16:19:16,153 mme_vla_suite.pseudo_labeling.topreward_qwen_scorer INFO: Prefix 8/8 (end=82, n_frames=17/83): reward=-18.2500 (mean, 1 tok)
2026-04-30 16:19:21,797 mme_vla_suite.pseudo_labeling.topreward_qwen_scorer INFO: Prefix 1/8 (end=9, n_frames=4/10): reward=-24.3750 (mean, 1 tok)
2026-04-30 16:19:26,525 mme_vla_suite.pseudo_labeling.topreward_qwen_scorer INFO: Prefix 2/8 (end=20, n_frames=4/21): reward=-23.7500 (mean, 1 tok)
2026-04-30 16:19:31,263 mme_vla_suite.pseudo_labeling.topreward_qwen_scorer INFO: Prefix 3/8 (end=31, n_frames=6/32): reward=-22.3750 (mean, 1 tok)
2026-04-30 16:19:36,024 mme_vla_suite.pseudo_labeling.topreward_qwen_scorer INFO: Prefix 4/8 (end=43, n_frames=9/44): reward=-22.0000 (mean, 1 tok)
2026-04-30 16:19:40,793 mme_vla_suite.pseudo_labeling.topreward_qwen_scorer INFO: Prefix 5/8 (end=54, n_frames=11/55): reward=-22.2500 (mean, 1 tok)
2026-04-30 16:19:45,602 mme_vla_suite.pseudo_labeling.topreward_qwen_scorer INFO: Prefix 6/8 (end=66, n_frames=13/67): reward=-23.0000 (mean, 1 tok)
2026-04-30 16:19:50,391 mme_vla_suite.pseudo_labeling.topreward_qwen_scorer INFO: Prefix 7/8 (end=77, n_frames=16/78): reward=-18.5000 (mean, 1 tok)
2026-04-30 16:19:55,228 mme_vla_suite.pseudo_labeling.topreward_qwen_scorer INFO: Prefix 8/8 (end=89, n_frames=18/90): reward=-17.8750 (mean, 1 tok)
2026-04-30 16:20:00,822 mme_vla_suite.pseudo_labeling.topreward_qwen_scorer INFO: Prefix 1/8 (end=10, n_frames=4/11): reward=-24.3750 (mean, 1 tok)
2026-04-30 16:20:05,632 mme_vla_suite.pseudo_labeling.topreward_qwen_scorer INFO: Prefix 2/8 (end=23, n_frames=5/24): reward=-24.5000 (mean, 1 tok)
2026-04-30 16:20:10,634 mme_vla_suite.pseudo_labeling.topreward_qwen_scorer INFO: Prefix 3/8 (end=36, n_frames=7/37): reward=-24.1250 (mean, 1 tok)
2026-04-30 16:20:15,522 mme_vla_suite.pseudo_labeling.topreward_qwen_scorer INFO: Prefix 4/8 (end=49, n_frames=10/50): reward=-23.2500 (mean, 1 tok)
2026-04-30 16:20:20,462 mme_vla_suite.pseudo_labeling.topreward_qwen_scorer INFO: Prefix 5/8 (end=62, n_frames=13/63): reward=-23.7500 (mean, 1 tok)
2026-04-30 16:20:25,277 mme_vla_suite.pseudo_labeling.topreward_qwen_scorer INFO: Prefix 6/8 (end=75, n_frames=15/76): reward=-24.1250 (mean, 1 tok)
2026-04-30 16:20:30,095 mme_vla_suite.pseudo_labeling.topreward_qwen_scorer INFO: Prefix 7/8 (end=88, n_frames=18/89): reward=-23.5000 (mean, 1 tok)
2026-04-30 16:20:34,920 mme_vla_suite.pseudo_labeling.topreward_qwen_scorer INFO: Prefix 8/8 (end=101, n_frames=20/102): reward=-19.2500 (mean, 1 tok)
2026-04-30 16:20:40,479 mme_vla_suite.pseudo_labeling.topreward_qwen_scorer INFO: Prefix 1/8 (end=11, n_frames=4/12): reward=-24.3750 (mean, 1 tok)
2026-04-30 16:20:45,226 mme_vla_suite.pseudo_labeling.topreward_qwen_scorer INFO: Prefix 2/8 (end=25, n_frames=5/26): reward=-24.5000 (mean, 1 tok)
2026-04-30 16:20:49,977 mme_vla_suite.pseudo_labeling.topreward_qwen_scorer INFO: Prefix 3/8 (end=39, n_frames=8/40): reward=-24.2500 (mean, 1 tok)
2026-04-30 16:20:54,752 mme_vla_suite.pseudo_labeling.topreward_qwen_scorer INFO: Prefix 4/8 (end=53, n_frames=11/54): reward=-23.1250 (mean, 1 tok)
2026-04-30 16:20:59,539 mme_vla_suite.pseudo_labeling.topreward_qwen_scorer INFO: Prefix 5/8 (end=67, n_frames=14/68): reward=-23.5000 (mean, 1 tok)
2026-04-30 16:21:04,355 mme_vla_suite.pseudo_labeling.topreward_qwen_scorer INFO: Prefix 6/8 (end=81, n_frames=16/82): reward=-24.0000 (mean, 1 tok)
2026-04-30 16:21:09,174 mme_vla_suite.pseudo_labeling.topreward_qwen_scorer INFO: Prefix 7/8 (end=95, n_frames=19/96): reward=-19.0000 (mean, 1 tok)
2026-04-30 16:21:13,972 mme_vla_suite.pseudo_labeling.topreward_qwen_scorer INFO: Prefix 8/8 (end=109, n_frames=22/110): reward=-19.3750 (mean, 1 tok)
2026-04-30 16:21:19,802 mme_vla_suite.pseudo_labeling.topreward_qwen_scorer INFO: Prefix 1/8 (end=10, n_frames=4/11): reward=-23.7500 (mean, 1 tok)
2026-04-30 16:21:24,537 mme_vla_suite.pseudo_labeling.topreward_qwen_scorer INFO: Prefix 2/8 (end=23, n_frames=5/24): reward=-23.7500 (mean, 1 tok)
2026-04-30 16:21:29,275 mme_vla_suite.pseudo_labeling.topreward_qwen_scorer INFO: Prefix 3/8 (end=36, n_frames=7/37): reward=-23.0000 (mean, 1 tok)
2026-04-30 16:21:34,034 mme_vla_suite.pseudo_labeling.topreward_qwen_scorer INFO: Prefix 4/8 (end=50, n_frames=10/51): reward=-21.8750 (mean, 1 tok)
2026-04-30 16:21:38,823 mme_vla_suite.pseudo_labeling.topreward_qwen_scorer INFO: Prefix 5/8 (end=63, n_frames=13/64): reward=-23.2500 (mean, 1 tok)
2026-04-30 16:21:43,646 mme_vla_suite.pseudo_labeling.topreward_qwen_scorer INFO: Prefix 6/8 (end=77, n_frames=16/78): reward=-23.6250 (mean, 1 tok)
2026-04-30 16:21:48,457 mme_vla_suite.pseudo_labeling.topreward_qwen_scorer INFO: Prefix 7/8 (end=90, n_frames=18/91): reward=-23.2500 (mean, 1 tok)
2026-04-30 16:21:53,602 mme_vla_suite.pseudo_labeling.topreward_qwen_scorer INFO: Prefix 8/8 (end=104, n_frames=21/105): reward=-19.2500 (mean, 1 tok)
2026-04-30 16:21:59,084 mme_vla_suite.pseudo_labeling.topreward_qwen_scorer INFO: Prefix 1/8 (end=5, n_frames=4/6): reward=-21.1250 (mean, 1 tok)
2026-04-30 16:22:03,721 mme_vla_suite.pseudo_labeling.topreward_qwen_scorer INFO: Prefix 2/8 (end=11, n_frames=4/12): reward=-21.6250 (mean, 1 tok)
2026-04-30 16:22:08,301 mme_vla_suite.pseudo_labeling.topreward_qwen_scorer INFO: Prefix 3/8 (end=17, n_frames=4/18): reward=-22.0000 (mean, 1 tok)
2026-04-30 16:22:12,859 mme_vla_suite.pseudo_labeling.topreward_qwen_scorer INFO: Prefix 4/8 (end=23, n_frames=5/24): reward=-22.3750 (mean, 1 tok)
2026-04-30 16:22:17,437 mme_vla_suite.pseudo_labeling.topreward_qwen_scorer INFO: Prefix 5/8 (end=30, n_frames=6/31): reward=-21.3750 (mean, 1 tok)
2026-04-30 16:22:22,065 mme_vla_suite.pseudo_labeling.topreward_qwen_scorer INFO: Prefix 6/8 (end=36, n_frames=7/37): reward=-21.5000 (mean, 1 tok)
2026-04-30 16:22:26,796 mme_vla_suite.pseudo_labeling.topreward_qwen_scorer INFO: Prefix 7/8 (end=42, n_frames=9/43): reward=-20.7500 (mean, 1 tok)
2026-04-30 16:22:31,381 mme_vla_suite.pseudo_labeling.topreward_qwen_scorer INFO: Prefix 8/8 (end=49, n_frames=10/50): reward=-19.2500 (mean, 1 tok)
2026-04-30 16:22:36,704 mme_vla_suite.pseudo_labeling.topreward_qwen_scorer INFO: Prefix 1/8 (end=9, n_frames=4/10): reward=-24.5000 (mean, 1 tok)
2026-04-30 16:22:41,225 mme_vla_suite.pseudo_labeling.topreward_qwen_scorer INFO: Prefix 2/8 (end=21, n_frames=4/22): reward=-24.6250 (mean, 1 tok)
2026-04-30 16:22:45,803 mme_vla_suite.pseudo_labeling.topreward_qwen_scorer INFO: Prefix 3/8 (end=33, n_frames=7/34): reward=-24.0000 (mean, 1 tok)
2026-04-30 16:22:50,387 mme_vla_suite.pseudo_labeling.topreward_qwen_scorer INFO: Prefix 4/8 (end=45, n_frames=9/46): reward=-23.2500 (mean, 1 tok)
2026-04-30 16:22:55,003 mme_vla_suite.pseudo_labeling.topreward_qwen_scorer INFO: Prefix 5/8 (end=58, n_frames=12/59): reward=-23.6250 (mean, 1 tok)
2026-04-30 16:22:59,643 mme_vla_suite.pseudo_labeling.topreward_qwen_scorer INFO: Prefix 6/8 (end=70, n_frames=14/71): reward=-23.6250 (mean, 1 tok)
2026-04-30 16:23:04,298 mme_vla_suite.pseudo_labeling.topreward_qwen_scorer INFO: Prefix 7/8 (end=82, n_frames=17/83): reward=-22.3750 (mean, 1 tok)
2026-04-30 16:23:08,993 mme_vla_suite.pseudo_labeling.topreward_qwen_scorer INFO: Prefix 8/8 (end=95, n_frames=19/96): reward=-19.0000 (mean, 1 tok)
2026-04-30 16:23:14,296 mme_vla_suite.pseudo_labeling.topreward_qwen_scorer INFO: Prefix 1/8 (end=10, n_frames=4/11): reward=-24.8750 (mean, 1 tok)
2026-04-30 16:23:18,997 mme_vla_suite.pseudo_labeling.topreward_qwen_scorer INFO: Prefix 2/8 (end=23, n_frames=5/24): reward=-24.3750 (mean, 1 tok)
2026-04-30 16:23:23,736 mme_vla_suite.pseudo_labeling.topreward_qwen_scorer INFO: Prefix 3/8 (end=37, n_frames=8/38): reward=-23.8750 (mean, 1 tok)
2026-04-30 16:23:28,451 mme_vla_suite.pseudo_labeling.topreward_qwen_scorer INFO: Prefix 4/8 (end=51, n_frames=10/52): reward=-23.1250 (mean, 1 tok)
2026-04-30 16:23:33,241 mme_vla_suite.pseudo_labeling.topreward_qwen_scorer INFO: Prefix 5/8 (end=65, n_frames=13/66): reward=-22.8750 (mean, 1 tok)
2026-04-30 16:23:37,998 mme_vla_suite.pseudo_labeling.topreward_qwen_scorer INFO: Prefix 6/8 (end=79, n_frames=16/80): reward=-23.2500 (mean, 1 tok)
2026-04-30 16:23:43,222 mme_vla_suite.pseudo_labeling.topreward_qwen_scorer INFO: Prefix 7/8 (end=93, n_frames=19/94): reward=-20.6250 (mean, 1 tok)
2026-04-30 16:23:48,187 mme_vla_suite.pseudo_labeling.topreward_qwen_scorer INFO: Prefix 8/8 (end=107, n_frames=22/108): reward=-18.1250 (mean, 1 tok)
2026-04-30 16:23:53,806 mme_vla_suite.pseudo_labeling.topreward_qwen_scorer INFO: Prefix 1/8 (end=11, n_frames=4/12): reward=-23.2500 (mean, 1 tok)
2026-04-30 16:23:58,573 mme_vla_suite.pseudo_labeling.topreward_qwen_scorer INFO: Prefix 2/8 (end=25, n_frames=5/26): reward=-23.1250 (mean, 1 tok)
2026-04-30 16:24:03,346 mme_vla_suite.pseudo_labeling.topreward_qwen_scorer INFO: Prefix 3/8 (end=39, n_frames=8/40): reward=-21.3750 (mean, 1 tok)
2026-04-30 16:24:08,104 mme_vla_suite.pseudo_labeling.topreward_qwen_scorer INFO: Prefix 4/8 (end=54, n_frames=11/55): reward=-22.0000 (mean, 1 tok)
2026-04-30 16:24:12,927 mme_vla_suite.pseudo_labeling.topreward_qwen_scorer INFO: Prefix 5/8 (end=68, n_frames=14/69): reward=-22.3750 (mean, 1 tok)
2026-04-30 16:24:17,740 mme_vla_suite.pseudo_labeling.topreward_qwen_scorer INFO: Prefix 6/8 (end=83, n_frames=17/84): reward=-22.6250 (mean, 1 tok)
2026-04-30 16:24:22,544 mme_vla_suite.pseudo_labeling.topreward_qwen_scorer INFO: Prefix 7/8 (end=97, n_frames=20/98): reward=-18.7500 (mean, 1 tok)
2026-04-30 16:24:27,369 mme_vla_suite.pseudo_labeling.topreward_qwen_scorer INFO: Prefix 8/8 (end=112, n_frames=23/113): reward=-18.5000 (mean, 1 tok)
2026-04-30 16:24:32,816 mme_vla_suite.pseudo_labeling.topreward_qwen_scorer INFO: Prefix 1/8 (end=4, n_frames=4/5): reward=-19.3750 (mean, 1 tok)
2026-04-30 16:24:37,497 mme_vla_suite.pseudo_labeling.topreward_qwen_scorer INFO: Prefix 2/8 (end=10, n_frames=4/11): reward=-18.8750 (mean, 1 tok)
2026-04-30 16:24:42,191 mme_vla_suite.pseudo_labeling.topreward_qwen_scorer INFO: Prefix 3/8 (end=16, n_frames=4/17): reward=-19.1250 (mean, 1 tok)
2026-04-30 16:24:46,936 mme_vla_suite.pseudo_labeling.topreward_qwen_scorer INFO: Prefix 4/8 (end=22, n_frames=5/23): reward=-19.1250 (mean, 1 tok)
2026-04-30 16:24:51,697 mme_vla_suite.pseudo_labeling.topreward_qwen_scorer INFO: Prefix 5/8 (end=28, n_frames=6/29): reward=-19.0000 (mean, 1 tok)
2026-04-30 16:24:56,401 mme_vla_suite.pseudo_labeling.topreward_qwen_scorer INFO: Prefix 6/8 (end=34, n_frames=7/35): reward=-20.0000 (mean, 1 tok)
2026-04-30 16:25:01,107 mme_vla_suite.pseudo_labeling.topreward_qwen_scorer INFO: Prefix 7/8 (end=40, n_frames=8/41): reward=-19.5000 (mean, 1 tok)
2026-04-30 16:25:05,826 mme_vla_suite.pseudo_labeling.topreward_qwen_scorer INFO: Prefix 8/8 (end=47, n_frames=10/48): reward=-19.1250 (mean, 1 tok)
2026-04-30 16:25:11,595 mme_vla_suite.pseudo_labeling.topreward_qwen_scorer INFO: Prefix 1/8 (end=9, n_frames=4/10): reward=-22.8750 (mean, 1 tok)
2026-04-30 16:25:16,317 mme_vla_suite.pseudo_labeling.topreward_qwen_scorer INFO: Prefix 2/8 (end=21, n_frames=4/22): reward=-22.3750 (mean, 1 tok)
2026-04-30 16:25:21,090 mme_vla_suite.pseudo_labeling.topreward_qwen_scorer INFO: Prefix 3/8 (end=34, n_frames=7/35): reward=-22.1250 (mean, 1 tok)
2026-04-30 16:25:25,830 mme_vla_suite.pseudo_labeling.topreward_qwen_scorer INFO: Prefix 4/8 (end=47, n_frames=10/48): reward=-20.1250 (mean, 1 tok)
2026-04-30 16:25:30,765 mme_vla_suite.pseudo_labeling.topreward_qwen_scorer INFO: Prefix 5/8 (end=59, n_frames=12/60): reward=-21.2500 (mean, 1 tok)
2026-04-30 16:25:35,523 mme_vla_suite.pseudo_labeling.topreward_qwen_scorer INFO: Prefix 6/8 (end=72, n_frames=15/73): reward=-19.6250 (mean, 1 tok)
2026-04-30 16:25:40,327 mme_vla_suite.pseudo_labeling.topreward_qwen_scorer INFO: Prefix 7/8 (end=85, n_frames=17/86): reward=-19.5000 (mean, 1 tok)
2026-04-30 16:25:45,156 mme_vla_suite.pseudo_labeling.topreward_qwen_scorer INFO: Prefix 8/8 (end=98, n_frames=20/99): reward=-17.6250 (mean, 1 tok)
2026-04-30 16:25:50,929 mme_vla_suite.pseudo_labeling.topreward_qwen_scorer INFO: Prefix 1/8 (end=10, n_frames=4/11): reward=-23.0000 (mean, 1 tok)
2026-04-30 16:25:55,632 mme_vla_suite.pseudo_labeling.topreward_qwen_scorer INFO: Prefix 2/8 (end=23, n_frames=5/24): reward=-21.7500 (mean, 1 tok)
2026-04-30 16:26:00,396 mme_vla_suite.pseudo_labeling.topreward_qwen_scorer INFO: Prefix 3/8 (end=36, n_frames=7/37): reward=-21.7500 (mean, 1 tok)
2026-04-30 16:26:05,183 mme_vla_suite.pseudo_labeling.topreward_qwen_scorer INFO: Prefix 4/8 (end=50, n_frames=10/51): reward=-20.6250 (mean, 1 tok)
2026-04-30 16:26:10,004 mme_vla_suite.pseudo_labeling.topreward_qwen_scorer INFO: Prefix 5/8 (end=63, n_frames=13/64): reward=-21.7500 (mean, 1 tok)
2026-04-30 16:26:14,904 mme_vla_suite.pseudo_labeling.topreward_qwen_scorer INFO: Prefix 6/8 (end=77, n_frames=16/78): reward=-20.2500 (mean, 1 tok)
2026-04-30 16:26:19,719 mme_vla_suite.pseudo_labeling.topreward_qwen_scorer INFO: Prefix 7/8 (end=90, n_frames=18/91): reward=-19.7500 (mean, 1 tok)
2026-04-30 16:26:24,584 mme_vla_suite.pseudo_labeling.topreward_qwen_scorer INFO: Prefix 8/8 (end=104, n_frames=21/105): reward=-17.7500 (mean, 1 tok)
2026-04-30 16:26:30,155 mme_vla_suite.pseudo_labeling.topreward_qwen_scorer INFO: Prefix 1/8 (end=9, n_frames=4/10): reward=-23.8750 (mean, 1 tok)
2026-04-30 16:26:34,892 mme_vla_suite.pseudo_labeling.topreward_qwen_scorer INFO: Prefix 2/8 (end=21, n_frames=4/22): reward=-24.2500 (mean, 1 tok)
2026-04-30 16:26:39,651 mme_vla_suite.pseudo_labeling.topreward_qwen_scorer INFO: Prefix 3/8 (end=33, n_frames=7/34): reward=-23.0000 (mean, 1 tok)
2026-04-30 16:26:44,434 mme_vla_suite.pseudo_labeling.topreward_qwen_scorer INFO: Prefix 4/8 (end=46, n_frames=9/47): reward=-23.2500 (mean, 1 tok)
2026-04-30 16:26:49,201 mme_vla_suite.pseudo_labeling.topreward_qwen_scorer INFO: Prefix 5/8 (end=58, n_frames=12/59): reward=-24.0000 (mean, 1 tok)
2026-04-30 16:26:53,995 mme_vla_suite.pseudo_labeling.topreward_qwen_scorer INFO: Prefix 6/8 (end=71, n_frames=14/72): reward=-24.3750 (mean, 1 tok)
2026-04-30 16:26:58,824 mme_vla_suite.pseudo_labeling.topreward_qwen_scorer INFO: Prefix 7/8 (end=83, n_frames=17/84): reward=-23.8750 (mean, 1 tok)
2026-04-30 16:27:03,681 mme_vla_suite.pseudo_labeling.topreward_qwen_scorer INFO: Prefix 8/8 (end=96, n_frames=19/97): reward=-18.8750 (mean, 1 tok)
2026-04-30 16:27:09,072 mme_vla_suite.pseudo_labeling.topreward_qwen_scorer INFO: Prefix 1/8 (end=10, n_frames=4/11): reward=-23.8750 (mean, 1 tok)
2026-04-30 16:27:13,819 mme_vla_suite.pseudo_labeling.topreward_qwen_scorer INFO: Prefix 2/8 (end=23, n_frames=5/24): reward=-24.2500 (mean, 1 tok)
2026-04-30 16:27:18,534 mme_vla_suite.pseudo_labeling.topreward_qwen_scorer INFO: Prefix 3/8 (end=36, n_frames=7/37): reward=-23.3750 (mean, 1 tok)
2026-04-30 16:27:23,293 mme_vla_suite.pseudo_labeling.topreward_qwen_scorer INFO: Prefix 4/8 (end=50, n_frames=10/51): reward=-23.0000 (mean, 1 tok)
2026-04-30 16:27:28,125 mme_vla_suite.pseudo_labeling.topreward_qwen_scorer INFO: Prefix 5/8 (end=63, n_frames=13/64): reward=-24.1250 (mean, 1 tok)
2026-04-30 16:27:32,934 mme_vla_suite.pseudo_labeling.topreward_qwen_scorer INFO: Prefix 6/8 (end=77, n_frames=16/78): reward=-24.2500 (mean, 1 tok)
2026-04-30 16:27:37,764 mme_vla_suite.pseudo_labeling.topreward_qwen_scorer INFO: Prefix 7/8 (end=90, n_frames=18/91): reward=-24.3750 (mean, 1 tok)
2026-04-30 16:27:42,620 mme_vla_suite.pseudo_labeling.topreward_qwen_scorer INFO: Prefix 8/8 (end=104, n_frames=21/105): reward=-20.0000 (mean, 1 tok)
2026-04-30 16:27:48,198 mme_vla_suite.pseudo_labeling.topreward_qwen_scorer INFO: Prefix 1/8 (end=10, n_frames=4/11): reward=-24.2500 (mean, 1 tok)
2026-04-30 16:27:52,960 mme_vla_suite.pseudo_labeling.topreward_qwen_scorer INFO: Prefix 2/8 (end=23, n_frames=5/24): reward=-24.1250 (mean, 1 tok)
2026-04-30 16:27:57,728 mme_vla_suite.pseudo_labeling.topreward_qwen_scorer INFO: Prefix 3/8 (end=36, n_frames=7/37): reward=-23.6250 (mean, 1 tok)
2026-04-30 16:28:02,483 mme_vla_suite.pseudo_labeling.topreward_qwen_scorer INFO: Prefix 4/8 (end=49, n_frames=10/50): reward=-22.8750 (mean, 1 tok)
2026-04-30 16:28:07,264 mme_vla_suite.pseudo_labeling.topreward_qwen_scorer INFO: Prefix 5/8 (end=62, n_frames=13/63): reward=-22.8750 (mean, 1 tok)
2026-04-30 16:28:12,071 mme_vla_suite.pseudo_labeling.topreward_qwen_scorer INFO: Prefix 6/8 (end=75, n_frames=15/76): reward=-22.8750 (mean, 1 tok)
2026-04-30 16:28:16,817 mme_vla_suite.pseudo_labeling.topreward_qwen_scorer INFO: Prefix 7/8 (end=88, n_frames=18/89): reward=-21.6250 (mean, 1 tok)
2026-04-30 16:28:21,763 mme_vla_suite.pseudo_labeling.topreward_qwen_scorer INFO: Prefix 8/8 (end=101, n_frames=20/102): reward=-18.8750 (mean, 1 tok)
2026-04-30 16:28:27,025 mme_vla_suite.pseudo_labeling.topreward_qwen_scorer INFO: Prefix 1/8 (end=10, n_frames=4/11): reward=-24.2500 (mean, 1 tok)
2026-04-30 16:28:31,592 mme_vla_suite.pseudo_labeling.topreward_qwen_scorer INFO: Prefix 2/8 (end=23, n_frames=5/24): reward=-24.1250 (mean, 1 tok)
2026-04-30 16:28:36,157 mme_vla_suite.pseudo_labeling.topreward_qwen_scorer INFO: Prefix 3/8 (end=37, n_frames=8/38): reward=-22.3750 (mean, 1 tok)
2026-04-30 16:28:40,760 mme_vla_suite.pseudo_labeling.topreward_qwen_scorer INFO: Prefix 4/8 (end=51, n_frames=10/52): reward=-22.8750 (mean, 1 tok)
2026-04-30 16:28:45,413 mme_vla_suite.pseudo_labeling.topreward_qwen_scorer INFO: Prefix 5/8 (end=65, n_frames=13/66): reward=-23.2500 (mean, 1 tok)
2026-04-30 16:28:50,047 mme_vla_suite.pseudo_labeling.topreward_qwen_scorer INFO: Prefix 6/8 (end=79, n_frames=16/80): reward=-23.1250 (mean, 1 tok)
2026-04-30 16:28:54,694 mme_vla_suite.pseudo_labeling.topreward_qwen_scorer INFO: Prefix 7/8 (end=93, n_frames=19/94): reward=-22.1250 (mean, 1 tok)
2026-04-30 16:28:59,361 mme_vla_suite.pseudo_labeling.topreward_qwen_scorer INFO: Prefix 8/8 (end=107, n_frames=22/108): reward=-20.2500 (mean, 1 tok)
2026-04-30 16:29:04,809 mme_vla_suite.pseudo_labeling.topreward_qwen_scorer INFO: Prefix 1/8 (end=10, n_frames=4/11): reward=-23.8750 (mean, 1 tok)
2026-04-30 16:29:09,421 mme_vla_suite.pseudo_labeling.topreward_qwen_scorer INFO: Prefix 2/8 (end=24, n_frames=5/25): reward=-23.7500 (mean, 1 tok)
2026-04-30 16:29:14,078 mme_vla_suite.pseudo_labeling.topreward_qwen_scorer INFO: Prefix 3/8 (end=38, n_frames=8/39): reward=-23.1250 (mean, 1 tok)
2026-04-30 16:29:18,699 mme_vla_suite.pseudo_labeling.topreward_qwen_scorer INFO: Prefix 4/8 (end=52, n_frames=11/53): reward=-22.3750 (mean, 1 tok)
2026-04-30 16:29:23,396 mme_vla_suite.pseudo_labeling.topreward_qwen_scorer INFO: Prefix 5/8 (end=66, n_frames=13/67): reward=-22.7500 (mean, 1 tok)
2026-04-30 16:29:28,247 mme_vla_suite.pseudo_labeling.topreward_qwen_scorer INFO: Prefix 6/8 (end=80, n_frames=16/81): reward=-23.0000 (mean, 1 tok)
2026-04-30 16:29:33,100 mme_vla_suite.pseudo_labeling.topreward_qwen_scorer INFO: Prefix 7/8 (end=94, n_frames=19/95): reward=-18.3750 (mean, 1 tok)
2026-04-30 16:29:38,014 mme_vla_suite.pseudo_labeling.topreward_qwen_scorer INFO: Prefix 8/8 (end=108, n_frames=22/109): reward=-18.8750 (mean, 1 tok)
2026-04-30 16:29:43,616 mme_vla_suite.pseudo_labeling.topreward_qwen_scorer INFO: Prefix 1/8 (end=5, n_frames=4/6): reward=-20.6250 (mean, 1 tok)
2026-04-30 16:29:48,369 mme_vla_suite.pseudo_labeling.topreward_qwen_scorer INFO: Prefix 2/8 (end=11, n_frames=4/12): reward=-21.5000 (mean, 1 tok)
2026-04-30 16:29:53,123 mme_vla_suite.pseudo_labeling.topreward_qwen_scorer INFO: Prefix 3/8 (end=18, n_frames=4/19): reward=-20.8750 (mean, 1 tok)
2026-04-30 16:29:57,922 mme_vla_suite.pseudo_labeling.topreward_qwen_scorer INFO: Prefix 4/8 (end=24, n_frames=5/25): reward=-20.6250 (mean, 1 tok)
2026-04-30 16:30:02,639 mme_vla_suite.pseudo_labeling.topreward_qwen_scorer INFO: Prefix 5/8 (end=31, n_frames=6/32): reward=-19.7500 (mean, 1 tok)
2026-04-30 16:30:07,369 mme_vla_suite.pseudo_labeling.topreward_qwen_scorer INFO: Prefix 6/8 (end=37, n_frames=8/38): reward=-21.1250 (mean, 1 tok)
2026-04-30 16:30:12,109 mme_vla_suite.pseudo_labeling.topreward_qwen_scorer INFO: Prefix 7/8 (end=44, n_frames=9/45): reward=-19.1250 (mean, 1 tok)
2026-04-30 16:30:16,890 mme_vla_suite.pseudo_labeling.topreward_qwen_scorer INFO: Prefix 8/8 (end=51, n_frames=10/52): reward=-19.7500 (mean, 1 tok)
2026-04-30 16:30:22,692 mme_vla_suite.pseudo_labeling.topreward_qwen_scorer INFO: Prefix 1/8 (end=9, n_frames=4/10): reward=-23.6250 (mean, 1 tok)
2026-04-30 16:30:27,450 mme_vla_suite.pseudo_labeling.topreward_qwen_scorer INFO: Prefix 2/8 (end=21, n_frames=4/22): reward=-23.3750 (mean, 1 tok)
2026-04-30 16:30:32,229 mme_vla_suite.pseudo_labeling.topreward_qwen_scorer INFO: Prefix 3/8 (end=34, n_frames=7/35): reward=-22.8750 (mean, 1 tok)
2026-04-30 16:30:37,011 mme_vla_suite.pseudo_labeling.topreward_qwen_scorer INFO: Prefix 4/8 (end=46, n_frames=9/47): reward=-21.5000 (mean, 1 tok)
2026-04-30 16:30:41,816 mme_vla_suite.pseudo_labeling.topreward_qwen_scorer INFO: Prefix 5/8 (end=59, n_frames=12/60): reward=-22.6250 (mean, 1 tok)
2026-04-30 16:30:46,658 mme_vla_suite.pseudo_labeling.topreward_qwen_scorer INFO: Prefix 6/8 (end=71, n_frames=14/72): reward=-22.8750 (mean, 1 tok)
2026-04-30 16:30:51,489 mme_vla_suite.pseudo_labeling.topreward_qwen_scorer INFO: Prefix 7/8 (end=84, n_frames=17/85): reward=-23.6250 (mean, 1 tok)
2026-04-30 16:30:56,287 mme_vla_suite.pseudo_labeling.topreward_qwen_scorer INFO: Prefix 8/8 (end=97, n_frames=20/98): reward=-18.3750 (mean, 1 tok)
2026-04-30 16:31:01,826 mme_vla_suite.pseudo_labeling.topreward_qwen_scorer INFO: Prefix 1/8 (end=10, n_frames=4/11): reward=-23.7500 (mean, 1 tok)
2026-04-30 16:31:06,696 mme_vla_suite.pseudo_labeling.topreward_qwen_scorer INFO: Prefix 2/8 (end=23, n_frames=5/24): reward=-23.1250 (mean, 1 tok)
2026-04-30 16:31:11,454 mme_vla_suite.pseudo_labeling.topreward_qwen_scorer INFO: Prefix 3/8 (end=36, n_frames=7/37): reward=-23.3750 (mean, 1 tok)
2026-04-30 16:31:16,227 mme_vla_suite.pseudo_labeling.topreward_qwen_scorer INFO: Prefix 4/8 (end=49, n_frames=10/50): reward=-21.3750 (mean, 1 tok)
2026-04-30 16:31:21,008 mme_vla_suite.pseudo_labeling.topreward_qwen_scorer INFO: Prefix 5/8 (end=63, n_frames=13/64): reward=-22.6250 (mean, 1 tok)
2026-04-30 16:31:25,823 mme_vla_suite.pseudo_labeling.topreward_qwen_scorer INFO: Prefix 6/8 (end=76, n_frames=15/77): reward=-23.0000 (mean, 1 tok)
2026-04-30 16:31:30,633 mme_vla_suite.pseudo_labeling.topreward_qwen_scorer INFO: Prefix 7/8 (end=89, n_frames=18/90): reward=-23.3750 (mean, 1 tok)
2026-04-30 16:31:35,472 mme_vla_suite.pseudo_labeling.topreward_qwen_scorer INFO: Prefix 8/8 (end=103, n_frames=21/104): reward=-19.6250 (mean, 1 tok)
2026-04-30 16:31:41,478 mme_vla_suite.pseudo_labeling.topreward_qwen_scorer INFO: Prefix 1/8 (end=11, n_frames=4/12): reward=-24.7500 (mean, 1 tok)
2026-04-30 16:31:46,239 mme_vla_suite.pseudo_labeling.topreward_qwen_scorer INFO: Prefix 2/8 (end=25, n_frames=5/26): reward=-24.5000 (mean, 1 tok)
2026-04-30 16:31:51,009 mme_vla_suite.pseudo_labeling.topreward_qwen_scorer INFO: Prefix 3/8 (end=39, n_frames=8/40): reward=-24.0000 (mean, 1 tok)
2026-04-30 16:31:55,757 mme_vla_suite.pseudo_labeling.topreward_qwen_scorer INFO: Prefix 4/8 (end=53, n_frames=11/54): reward=-23.6250 (mean, 1 tok)
2026-04-30 16:32:00,547 mme_vla_suite.pseudo_labeling.topreward_qwen_scorer INFO: Prefix 5/8 (end=67, n_frames=14/68): reward=-24.6250 (mean, 1 tok)
2026-04-30 16:32:05,355 mme_vla_suite.pseudo_labeling.topreward_qwen_scorer INFO: Prefix 6/8 (end=81, n_frames=16/82): reward=-24.6250 (mean, 1 tok)
2026-04-30 16:32:10,370 mme_vla_suite.pseudo_labeling.topreward_qwen_scorer INFO: Prefix 7/8 (end=95, n_frames=19/96): reward=-21.1250 (mean, 1 tok)
2026-04-30 16:32:15,251 mme_vla_suite.pseudo_labeling.topreward_qwen_scorer INFO: Prefix 8/8 (end=110, n_frames=22/111): reward=-19.6250 (mean, 1 tok)
2026-04-30 16:32:20,664 mme_vla_suite.pseudo_labeling.topreward_qwen_scorer INFO: Prefix 1/8 (end=4, n_frames=4/5): reward=-21.6250 (mean, 1 tok)
2026-04-30 16:32:25,393 mme_vla_suite.pseudo_labeling.topreward_qwen_scorer INFO: Prefix 2/8 (end=10, n_frames=4/11): reward=-21.0000 (mean, 1 tok)
2026-04-30 16:32:30,117 mme_vla_suite.pseudo_labeling.topreward_qwen_scorer INFO: Prefix 3/8 (end=16, n_frames=4/17): reward=-21.5000 (mean, 1 tok)
2026-04-30 16:32:34,872 mme_vla_suite.pseudo_labeling.topreward_qwen_scorer INFO: Prefix 4/8 (end=22, n_frames=5/23): reward=-21.3750 (mean, 1 tok)
2026-04-30 16:32:39,606 mme_vla_suite.pseudo_labeling.topreward_qwen_scorer INFO: Prefix 5/8 (end=28, n_frames=6/29): reward=-22.5000 (mean, 1 tok)
2026-04-30 16:32:44,339 mme_vla_suite.pseudo_labeling.topreward_qwen_scorer INFO: Prefix 6/8 (end=34, n_frames=7/35): reward=-21.8750 (mean, 1 tok)
2026-04-30 16:32:49,303 mme_vla_suite.pseudo_labeling.topreward_qwen_scorer INFO: Prefix 7/8 (end=40, n_frames=8/41): reward=-21.8750 (mean, 1 tok)
2026-04-30 16:32:54,077 mme_vla_suite.pseudo_labeling.topreward_qwen_scorer INFO: Prefix 8/8 (end=46, n_frames=9/47): reward=-21.1250 (mean, 1 tok)
2026-04-30 16:32:59,638 mme_vla_suite.pseudo_labeling.topreward_qwen_scorer INFO: Prefix 1/8 (end=9, n_frames=4/10): reward=-23.8750 (mean, 1 tok)
2026-04-30 16:33:04,360 mme_vla_suite.pseudo_labeling.topreward_qwen_scorer INFO: Prefix 2/8 (end=21, n_frames=4/22): reward=-23.5000 (mean, 1 tok)
2026-04-30 16:33:09,077 mme_vla_suite.pseudo_labeling.topreward_qwen_scorer INFO: Prefix 3/8 (end=33, n_frames=7/34): reward=-23.8750 (mean, 1 tok)
2026-04-30 16:33:13,880 mme_vla_suite.pseudo_labeling.topreward_qwen_scorer INFO: Prefix 4/8 (end=46, n_frames=9/47): reward=-23.8750 (mean, 1 tok)
2026-04-30 16:33:18,648 mme_vla_suite.pseudo_labeling.topreward_qwen_scorer INFO: Prefix 5/8 (end=58, n_frames=12/59): reward=-23.8750 (mean, 1 tok)
2026-04-30 16:33:23,415 mme_vla_suite.pseudo_labeling.topreward_qwen_scorer INFO: Prefix 6/8 (end=71, n_frames=14/72): reward=-25.0000 (mean, 1 tok)
2026-04-30 16:33:28,440 mme_vla_suite.pseudo_labeling.topreward_qwen_scorer INFO: Prefix 7/8 (end=83, n_frames=17/84): reward=-24.1250 (mean, 1 tok)
2026-04-30 16:33:33,295 mme_vla_suite.pseudo_labeling.topreward_qwen_scorer INFO: Prefix 8/8 (end=96, n_frames=19/97): reward=-18.3750 (mean, 1 tok)
2026-04-30 16:33:38,626 mme_vla_suite.pseudo_labeling.topreward_qwen_scorer INFO: Prefix 1/8 (end=10, n_frames=4/11): reward=-24.1250 (mean, 1 tok)
2026-04-30 16:33:43,433 mme_vla_suite.pseudo_labeling.topreward_qwen_scorer INFO: Prefix 2/8 (end=23, n_frames=5/24): reward=-23.8750 (mean, 1 tok)
2026-04-30 16:33:48,263 mme_vla_suite.pseudo_labeling.topreward_qwen_scorer INFO: Prefix 3/8 (end=37, n_frames=8/38): reward=-23.7500 (mean, 1 tok)
2026-04-30 16:33:53,032 mme_vla_suite.pseudo_labeling.topreward_qwen_scorer INFO: Prefix 4/8 (end=51, n_frames=10/52): reward=-23.7500 (mean, 1 tok)
2026-04-30 16:33:57,852 mme_vla_suite.pseudo_labeling.topreward_qwen_scorer INFO: Prefix 5/8 (end=65, n_frames=13/66): reward=-24.8750 (mean, 1 tok)
2026-04-30 16:34:02,955 mme_vla_suite.pseudo_labeling.topreward_qwen_scorer INFO: Prefix 6/8 (end=79, n_frames=16/80): reward=-24.6250 (mean, 1 tok)
2026-04-30 16:34:07,804 mme_vla_suite.pseudo_labeling.topreward_qwen_scorer INFO: Prefix 7/8 (end=93, n_frames=19/94): reward=-21.3750 (mean, 1 tok)
2026-04-30 16:34:12,632 mme_vla_suite.pseudo_labeling.topreward_qwen_scorer INFO: Prefix 8/8 (end=107, n_frames=22/108): reward=-19.8750 (mean, 1 tok)
2026-04-30 16:34:18,135 mme_vla_suite.pseudo_labeling.topreward_qwen_scorer INFO: Prefix 1/8 (end=10, n_frames=4/11): reward=-23.6250 (mean, 1 tok)
2026-04-30 16:34:22,905 mme_vla_suite.pseudo_labeling.topreward_qwen_scorer INFO: Prefix 2/8 (end=23, n_frames=5/24): reward=-23.3750 (mean, 1 tok)
2026-04-30 16:34:27,605 mme_vla_suite.pseudo_labeling.topreward_qwen_scorer INFO: Prefix 3/8 (end=37, n_frames=8/38): reward=-22.2500 (mean, 1 tok)
2026-04-30 16:34:32,228 mme_vla_suite.pseudo_labeling.topreward_qwen_scorer INFO: Prefix 4/8 (end=51, n_frames=10/52): reward=-22.0000 (mean, 1 tok)
2026-04-30 16:34:36,974 mme_vla_suite.pseudo_labeling.topreward_qwen_scorer INFO: Prefix 5/8 (end=64, n_frames=13/65): reward=-23.2500 (mean, 1 tok)
2026-04-30 16:34:41,652 mme_vla_suite.pseudo_labeling.topreward_qwen_scorer INFO: Prefix 6/8 (end=78, n_frames=16/79): reward=-22.0000 (mean, 1 tok)
2026-04-30 16:34:46,311 mme_vla_suite.pseudo_labeling.topreward_qwen_scorer INFO: Prefix 7/8 (end=92, n_frames=19/93): reward=-22.2500 (mean, 1 tok)
2026-04-30 16:34:51,026 mme_vla_suite.pseudo_labeling.topreward_qwen_scorer INFO: Prefix 8/8 (end=106, n_frames=21/107): reward=-19.6250 (mean, 1 tok)
2026-04-30 16:34:56,338 mme_vla_suite.pseudo_labeling.topreward_qwen_scorer INFO: Prefix 1/8 (end=4, n_frames=4/5): reward=-20.2500 (mean, 1 tok)
2026-04-30 16:35:00,909 mme_vla_suite.pseudo_labeling.topreward_qwen_scorer INFO: Prefix 2/8 (end=10, n_frames=4/11): reward=-21.1250 (mean, 1 tok)
2026-04-30 16:35:05,455 mme_vla_suite.pseudo_labeling.topreward_qwen_scorer INFO: Prefix 3/8 (end=16, n_frames=4/17): reward=-20.7500 (mean, 1 tok)
2026-04-30 16:35:10,073 mme_vla_suite.pseudo_labeling.topreward_qwen_scorer INFO: Prefix 4/8 (end=22, n_frames=5/23): reward=-21.2500 (mean, 1 tok)
2026-04-30 16:35:14,795 mme_vla_suite.pseudo_labeling.topreward_qwen_scorer INFO: Prefix 5/8 (end=28, n_frames=6/29): reward=-20.6250 (mean, 1 tok)
2026-04-30 16:35:19,428 mme_vla_suite.pseudo_labeling.topreward_qwen_scorer INFO: Prefix 6/8 (end=34, n_frames=7/35): reward=-20.0000 (mean, 1 tok)
2026-04-30 16:35:24,016 mme_vla_suite.pseudo_labeling.topreward_qwen_scorer INFO: Prefix 7/8 (end=40, n_frames=8/41): reward=-19.2500 (mean, 1 tok)
2026-04-30 16:35:28,655 mme_vla_suite.pseudo_labeling.topreward_qwen_scorer INFO: Prefix 8/8 (end=47, n_frames=10/48): reward=-19.0000 (mean, 1 tok)
2026-04-30 16:35:34,275 mme_vla_suite.pseudo_labeling.topreward_qwen_scorer INFO: Prefix 1/8 (end=10, n_frames=4/11): reward=-23.3750 (mean, 1 tok)
2026-04-30 16:35:38,998 mme_vla_suite.pseudo_labeling.topreward_qwen_scorer INFO: Prefix 2/8 (end=22, n_frames=5/23): reward=-21.8750 (mean, 1 tok)
2026-04-30 16:35:43,773 mme_vla_suite.pseudo_labeling.topreward_qwen_scorer INFO: Prefix 3/8 (end=35, n_frames=7/36): reward=-22.8750 (mean, 1 tok)
2026-04-30 16:35:48,558 mme_vla_suite.pseudo_labeling.topreward_qwen_scorer INFO: Prefix 4/8 (end=48, n_frames=10/49): reward=-21.8750 (mean, 1 tok)
2026-04-30 16:35:53,345 mme_vla_suite.pseudo_labeling.topreward_qwen_scorer INFO: Prefix 5/8 (end=61, n_frames=12/62): reward=-22.3750 (mean, 1 tok)
2026-04-30 16:35:58,177 mme_vla_suite.pseudo_labeling.topreward_qwen_scorer INFO: Prefix 6/8 (end=74, n_frames=15/75): reward=-22.1250 (mean, 1 tok)
2026-04-30 16:36:03,005 mme_vla_suite.pseudo_labeling.topreward_qwen_scorer INFO: Prefix 7/8 (end=87, n_frames=18/88): reward=-22.3750 (mean, 1 tok)
2026-04-30 16:36:07,839 mme_vla_suite.pseudo_labeling.topreward_qwen_scorer INFO: Prefix 8/8 (end=100, n_frames=20/101): reward=-17.7500 (mean, 1 tok)
2026-04-30 16:36:13,365 mme_vla_suite.pseudo_labeling.topreward_qwen_scorer INFO: Prefix 1/8 (end=11, n_frames=4/12): reward=-23.7500 (mean, 1 tok)
2026-04-30 16:36:18,127 mme_vla_suite.pseudo_labeling.topreward_qwen_scorer INFO: Prefix 2/8 (end=25, n_frames=5/26): reward=-22.5000 (mean, 1 tok)
2026-04-30 16:36:22,886 mme_vla_suite.pseudo_labeling.topreward_qwen_scorer INFO: Prefix 3/8 (end=39, n_frames=8/40): reward=-22.6250 (mean, 1 tok)
2026-04-30 16:36:27,673 mme_vla_suite.pseudo_labeling.topreward_qwen_scorer INFO: Prefix 4/8 (end=53, n_frames=11/54): reward=-22.5000 (mean, 1 tok)
2026-04-30 16:36:32,462 mme_vla_suite.pseudo_labeling.topreward_qwen_scorer INFO: Prefix 5/8 (end=67, n_frames=14/68): reward=-22.3750 (mean, 1 tok)
2026-04-30 16:36:37,278 mme_vla_suite.pseudo_labeling.topreward_qwen_scorer INFO: Prefix 6/8 (end=81, n_frames=16/82): reward=-22.2500 (mean, 1 tok)
2026-04-30 16:36:42,066 mme_vla_suite.pseudo_labeling.topreward_qwen_scorer INFO: Prefix 7/8 (end=95, n_frames=19/96): reward=-17.2500 (mean, 1 tok)
2026-04-30 16:36:46,889 mme_vla_suite.pseudo_labeling.topreward_qwen_scorer INFO: Prefix 8/8 (end=109, n_frames=22/110): reward=-18.2500 (mean, 1 tok)
2026-04-30 16:36:52,489 mme_vla_suite.pseudo_labeling.topreward_qwen_scorer INFO: Prefix 1/8 (end=10, n_frames=4/11): reward=-23.5000 (mean, 1 tok)
2026-04-30 16:36:57,239 mme_vla_suite.pseudo_labeling.topreward_qwen_scorer INFO: Prefix 2/8 (end=23, n_frames=5/24): reward=-23.6250 (mean, 1 tok)
2026-04-30 16:37:01,991 mme_vla_suite.pseudo_labeling.topreward_qwen_scorer INFO: Prefix 3/8 (end=36, n_frames=7/37): reward=-22.5000 (mean, 1 tok)
2026-04-30 16:37:06,727 mme_vla_suite.pseudo_labeling.topreward_qwen_scorer INFO: Prefix 4/8 (end=49, n_frames=10/50): reward=-21.5000 (mean, 1 tok)
2026-04-30 16:37:11,503 mme_vla_suite.pseudo_labeling.topreward_qwen_scorer INFO: Prefix 5/8 (end=62, n_frames=13/63): reward=-22.8750 (mean, 1 tok)
2026-04-30 16:37:16,281 mme_vla_suite.pseudo_labeling.topreward_qwen_scorer INFO: Prefix 6/8 (end=75, n_frames=15/76): reward=-22.5000 (mean, 1 tok)
2026-04-30 16:37:21,088 mme_vla_suite.pseudo_labeling.topreward_qwen_scorer INFO: Prefix 7/8 (end=88, n_frames=18/89): reward=-21.6250 (mean, 1 tok)
2026-04-30 16:37:25,911 mme_vla_suite.pseudo_labeling.topreward_qwen_scorer INFO: Prefix 8/8 (end=101, n_frames=20/102): reward=-19.7500 (mean, 1 tok)
2026-04-30 16:37:31,446 mme_vla_suite.pseudo_labeling.topreward_qwen_scorer INFO: Prefix 1/8 (end=11, n_frames=4/12): reward=-23.6250 (mean, 1 tok)
2026-04-30 16:37:36,172 mme_vla_suite.pseudo_labeling.topreward_qwen_scorer INFO: Prefix 2/8 (end=25, n_frames=5/26): reward=-23.6250 (mean, 1 tok)
2026-04-30 16:37:40,945 mme_vla_suite.pseudo_labeling.topreward_qwen_scorer INFO: Prefix 3/8 (end=40, n_frames=8/41): reward=-22.5000 (mean, 1 tok)
2026-04-30 16:37:45,772 mme_vla_suite.pseudo_labeling.topreward_qwen_scorer INFO: Prefix 4/8 (end=55, n_frames=11/56): reward=-22.8750 (mean, 1 tok)
2026-04-30 16:37:50,567 mme_vla_suite.pseudo_labeling.topreward_qwen_scorer INFO: Prefix 5/8 (end=69, n_frames=14/70): reward=-21.7500 (mean, 1 tok)
2026-04-30 16:37:55,383 mme_vla_suite.pseudo_labeling.topreward_qwen_scorer INFO: Prefix 6/8 (end=84, n_frames=17/85): reward=-21.8750 (mean, 1 tok)
2026-04-30 16:38:00,208 mme_vla_suite.pseudo_labeling.topreward_qwen_scorer INFO: Prefix 7/8 (end=99, n_frames=20/100): reward=-19.3750 (mean, 1 tok)
2026-04-30 16:38:05,024 mme_vla_suite.pseudo_labeling.topreward_qwen_scorer INFO: Prefix 8/8 (end=114, n_frames=23/115): reward=-18.8750 (mean, 1 tok)
2026-04-30 16:38:10,801 mme_vla_suite.pseudo_labeling.topreward_qwen_scorer INFO: Prefix 1/8 (end=10, n_frames=4/11): reward=-24.0000 (mean, 1 tok)
2026-04-30 16:38:15,611 mme_vla_suite.pseudo_labeling.topreward_qwen_scorer INFO: Prefix 2/8 (end=23, n_frames=5/24): reward=-23.7500 (mean, 1 tok)
2026-04-30 16:38:20,442 mme_vla_suite.pseudo_labeling.topreward_qwen_scorer INFO: Prefix 3/8 (end=37, n_frames=8/38): reward=-22.8750 (mean, 1 tok)
2026-04-30 16:38:25,268 mme_vla_suite.pseudo_labeling.topreward_qwen_scorer INFO: Prefix 4/8 (end=50, n_frames=10/51): reward=-22.0000 (mean, 1 tok)
2026-04-30 16:38:30,112 mme_vla_suite.pseudo_labeling.topreward_qwen_scorer INFO: Prefix 5/8 (end=64, n_frames=13/65): reward=-22.6250 (mean, 1 tok)
2026-04-30 16:38:34,973 mme_vla_suite.pseudo_labeling.topreward_qwen_scorer INFO: Prefix 6/8 (end=77, n_frames=16/78): reward=-22.3750 (mean, 1 tok)
2026-04-30 16:38:39,839 mme_vla_suite.pseudo_labeling.topreward_qwen_scorer INFO: Prefix 7/8 (end=91, n_frames=18/92): reward=-22.5000 (mean, 1 tok)
2026-04-30 16:38:44,732 mme_vla_suite.pseudo_labeling.topreward_qwen_scorer INFO: Prefix 8/8 (end=105, n_frames=21/106): reward=-19.0000 (mean, 1 tok)
2026-04-30 16:38:50,239 mme_vla_suite.pseudo_labeling.topreward_qwen_scorer INFO: Prefix 1/8 (end=4, n_frames=4/5): reward=-21.1250 (mean, 1 tok)
2026-04-30 16:38:54,946 mme_vla_suite.pseudo_labeling.topreward_qwen_scorer INFO: Prefix 2/8 (end=10, n_frames=4/11): reward=-19.8750 (mean, 1 tok)
2026-04-30 16:38:59,687 mme_vla_suite.pseudo_labeling.topreward_qwen_scorer INFO: Prefix 3/8 (end=16, n_frames=4/17): reward=-19.6250 (mean, 1 tok)
2026-04-30 16:39:04,435 mme_vla_suite.pseudo_labeling.topreward_qwen_scorer INFO: Prefix 4/8 (end=22, n_frames=5/23): reward=-19.5000 (mean, 1 tok)
2026-04-30 16:39:09,173 mme_vla_suite.pseudo_labeling.topreward_qwen_scorer INFO: Prefix 5/8 (end=28, n_frames=6/29): reward=-20.7500 (mean, 1 tok)
2026-04-30 16:39:14,085 mme_vla_suite.pseudo_labeling.topreward_qwen_scorer INFO: Prefix 6/8 (end=34, n_frames=7/35): reward=-19.5000 (mean, 1 tok)
2026-04-30 16:39:18,823 mme_vla_suite.pseudo_labeling.topreward_qwen_scorer INFO: Prefix 7/8 (end=40, n_frames=8/41): reward=-20.0000 (mean, 1 tok)
2026-04-30 16:39:23,582 mme_vla_suite.pseudo_labeling.topreward_qwen_scorer INFO: Prefix 8/8 (end=47, n_frames=10/48): reward=-19.0000 (mean, 1 tok)
2026-04-30 16:39:29,156 mme_vla_suite.pseudo_labeling.topreward_qwen_scorer INFO: Prefix 1/8 (end=8, n_frames=4/9): reward=-25.0000 (mean, 1 tok)
2026-04-30 16:39:33,907 mme_vla_suite.pseudo_labeling.topreward_qwen_scorer INFO: Prefix 2/8 (end=18, n_frames=4/19): reward=-24.1250 (mean, 1 tok)
2026-04-30 16:39:38,629 mme_vla_suite.pseudo_labeling.topreward_qwen_scorer INFO: Prefix 3/8 (end=29, n_frames=6/30): reward=-23.5000 (mean, 1 tok)
2026-04-30 16:39:43,394 mme_vla_suite.pseudo_labeling.topreward_qwen_scorer INFO: Prefix 4/8 (end=40, n_frames=8/41): reward=-23.7500 (mean, 1 tok)
2026-04-30 16:39:48,179 mme_vla_suite.pseudo_labeling.topreward_qwen_scorer INFO: Prefix 5/8 (end=51, n_frames=10/52): reward=-23.8750 (mean, 1 tok)
2026-04-30 16:39:52,970 mme_vla_suite.pseudo_labeling.topreward_qwen_scorer INFO: Prefix 6/8 (end=62, n_frames=13/63): reward=-24.1250 (mean, 1 tok)
2026-04-30 16:39:57,801 mme_vla_suite.pseudo_labeling.topreward_qwen_scorer INFO: Prefix 7/8 (end=73, n_frames=15/74): reward=-24.0000 (mean, 1 tok)
2026-04-30 16:40:02,628 mme_vla_suite.pseudo_labeling.topreward_qwen_scorer INFO: Prefix 8/8 (end=84, n_frames=17/85): reward=-18.2500 (mean, 1 tok)
2026-04-30 16:40:07,999 mme_vla_suite.pseudo_labeling.topreward_qwen_scorer INFO: Prefix 1/8 (end=9, n_frames=4/10): reward=-24.7500 (mean, 1 tok)
2026-04-30 16:40:12,741 mme_vla_suite.pseudo_labeling.topreward_qwen_scorer INFO: Prefix 2/8 (end=21, n_frames=4/22): reward=-23.5000 (mean, 1 tok)
2026-04-30 16:40:17,489 mme_vla_suite.pseudo_labeling.topreward_qwen_scorer INFO: Prefix 3/8 (end=33, n_frames=7/34): reward=-24.0000 (mean, 1 tok)
2026-04-30 16:40:22,260 mme_vla_suite.pseudo_labeling.topreward_qwen_scorer INFO: Prefix 4/8 (end=45, n_frames=9/46): reward=-23.2500 (mean, 1 tok)
2026-04-30 16:40:27,036 mme_vla_suite.pseudo_labeling.topreward_qwen_scorer INFO: Prefix 5/8 (end=57, n_frames=12/58): reward=-23.6250 (mean, 1 tok)
2026-04-30 16:40:31,785 mme_vla_suite.pseudo_labeling.topreward_qwen_scorer INFO: Prefix 6/8 (end=69, n_frames=14/70): reward=-23.6250 (mean, 1 tok)
2026-04-30 16:40:36,506 mme_vla_suite.pseudo_labeling.topreward_qwen_scorer INFO: Prefix 7/8 (end=81, n_frames=16/82): reward=-19.3750 (mean, 1 tok)
2026-04-30 16:40:41,210 mme_vla_suite.pseudo_labeling.topreward_qwen_scorer INFO: Prefix 8/8 (end=94, n_frames=19/95): reward=-19.1250 (mean, 1 tok)
2026-04-30 16:40:46,558 mme_vla_suite.pseudo_labeling.topreward_qwen_scorer INFO: Prefix 1/8 (end=9, n_frames=4/10): reward=-24.1250 (mean, 1 tok)
2026-04-30 16:40:51,129 mme_vla_suite.pseudo_labeling.topreward_qwen_scorer INFO: Prefix 2/8 (end=21, n_frames=4/22): reward=-23.8750 (mean, 1 tok)
2026-04-30 16:40:55,758 mme_vla_suite.pseudo_labeling.topreward_qwen_scorer INFO: Prefix 3/8 (end=34, n_frames=7/35): reward=-23.0000 (mean, 1 tok)
2026-04-30 16:41:00,338 mme_vla_suite.pseudo_labeling.topreward_qwen_scorer INFO: Prefix 4/8 (end=47, n_frames=10/48): reward=-23.6250 (mean, 1 tok)
2026-04-30 16:41:04,954 mme_vla_suite.pseudo_labeling.topreward_qwen_scorer INFO: Prefix 5/8 (end=59, n_frames=12/60): reward=-24.1250 (mean, 1 tok)
2026-04-30 16:41:09,639 mme_vla_suite.pseudo_labeling.topreward_qwen_scorer INFO: Prefix 6/8 (end=72, n_frames=15/73): reward=-23.7500 (mean, 1 tok)
2026-04-30 16:41:14,312 mme_vla_suite.pseudo_labeling.topreward_qwen_scorer INFO: Prefix 7/8 (end=85, n_frames=17/86): reward=-23.7500 (mean, 1 tok)
2026-04-30 16:41:18,998 mme_vla_suite.pseudo_labeling.topreward_qwen_scorer INFO: Prefix 8/8 (end=98, n_frames=20/99): reward=-19.8750 (mean, 1 tok)
2026-04-30 16:41:24,370 mme_vla_suite.pseudo_labeling.topreward_qwen_scorer INFO: Prefix 1/8 (end=5, n_frames=4/6): reward=-19.1250 (mean, 1 tok)
2026-04-30 16:41:28,947 mme_vla_suite.pseudo_labeling.topreward_qwen_scorer INFO: Prefix 2/8 (end=11, n_frames=4/12): reward=-18.8750 (mean, 1 tok)
2026-04-30 16:41:33,555 mme_vla_suite.pseudo_labeling.topreward_qwen_scorer INFO: Prefix 3/8 (end=17, n_frames=4/18): reward=-20.5000 (mean, 1 tok)
2026-04-30 16:41:38,157 mme_vla_suite.pseudo_labeling.topreward_qwen_scorer INFO: Prefix 4/8 (end=24, n_frames=5/25): reward=-19.3750 (mean, 1 tok)
2026-04-30 16:41:42,895 mme_vla_suite.pseudo_labeling.topreward_qwen_scorer INFO: Prefix 5/8 (end=30, n_frames=6/31): reward=-19.1250 (mean, 1 tok)
2026-04-30 16:41:47,657 mme_vla_suite.pseudo_labeling.topreward_qwen_scorer INFO: Prefix 6/8 (end=37, n_frames=8/38): reward=-18.5000 (mean, 1 tok)
2026-04-30 16:41:52,435 mme_vla_suite.pseudo_labeling.topreward_qwen_scorer INFO: Prefix 7/8 (end=43, n_frames=9/44): reward=-17.5000 (mean, 1 tok)
2026-04-30 16:41:57,204 mme_vla_suite.pseudo_labeling.topreward_qwen_scorer INFO: Prefix 8/8 (end=50, n_frames=10/51): reward=-18.2500 (mean, 1 tok)
2026-04-30 16:42:02,915 mme_vla_suite.pseudo_labeling.topreward_qwen_scorer INFO: Prefix 1/8 (end=9, n_frames=4/10): reward=-24.6250 (mean, 1 tok)
2026-04-30 16:42:07,635 mme_vla_suite.pseudo_labeling.topreward_qwen_scorer INFO: Prefix 2/8 (end=21, n_frames=4/22): reward=-24.7500 (mean, 1 tok)
2026-04-30 16:42:12,353 mme_vla_suite.pseudo_labeling.topreward_qwen_scorer INFO: Prefix 3/8 (end=33, n_frames=7/34): reward=-24.5000 (mean, 1 tok)
2026-04-30 16:42:17,125 mme_vla_suite.pseudo_labeling.topreward_qwen_scorer INFO: Prefix 4/8 (end=45, n_frames=9/46): reward=-23.8750 (mean, 1 tok)
2026-04-30 16:42:21,883 mme_vla_suite.pseudo_labeling.topreward_qwen_scorer INFO: Prefix 5/8 (end=57, n_frames=12/58): reward=-23.3750 (mean, 1 tok)
2026-04-30 16:42:26,606 mme_vla_suite.pseudo_labeling.topreward_qwen_scorer INFO: Prefix 6/8 (end=69, n_frames=14/70): reward=-24.0000 (mean, 1 tok)
2026-04-30 16:42:31,393 mme_vla_suite.pseudo_labeling.topreward_qwen_scorer INFO: Prefix 7/8 (end=81, n_frames=16/82): reward=-24.2500 (mean, 1 tok)
2026-04-30 16:42:36,222 mme_vla_suite.pseudo_labeling.topreward_qwen_scorer INFO: Prefix 8/8 (end=93, n_frames=19/94): reward=-19.3750 (mean, 1 tok)
2026-04-30 16:42:41,712 mme_vla_suite.pseudo_labeling.topreward_qwen_scorer INFO: Prefix 1/8 (end=10, n_frames=4/11): reward=-24.7500 (mean, 1 tok)
2026-04-30 16:42:46,458 mme_vla_suite.pseudo_labeling.topreward_qwen_scorer INFO: Prefix 2/8 (end=23, n_frames=5/24): reward=-24.2500 (mean, 1 tok)
2026-04-30 16:42:51,215 mme_vla_suite.pseudo_labeling.topreward_qwen_scorer INFO: Prefix 3/8 (end=36, n_frames=7/37): reward=-24.2500 (mean, 1 tok)
2026-04-30 16:42:55,992 mme_vla_suite.pseudo_labeling.topreward_qwen_scorer INFO: Prefix 4/8 (end=49, n_frames=10/50): reward=-23.5000 (mean, 1 tok)
2026-04-30 16:43:00,794 mme_vla_suite.pseudo_labeling.topreward_qwen_scorer INFO: Prefix 5/8 (end=62, n_frames=13/63): reward=-24.1250 (mean, 1 tok)
2026-04-30 16:43:05,505 mme_vla_suite.pseudo_labeling.topreward_qwen_scorer INFO: Prefix 6/8 (end=75, n_frames=15/76): reward=-24.5000 (mean, 1 tok)
2026-04-30 16:43:10,251 mme_vla_suite.pseudo_labeling.topreward_qwen_scorer INFO: Prefix 7/8 (end=88, n_frames=18/89): reward=-20.7500 (mean, 1 tok)
2026-04-30 16:43:14,976 mme_vla_suite.pseudo_labeling.topreward_qwen_scorer INFO: Prefix 8/8 (end=101, n_frames=20/102): reward=-19.1250 (mean, 1 tok)
2026-04-30 16:43:20,709 mme_vla_suite.pseudo_labeling.topreward_qwen_scorer INFO: Prefix 1/8 (end=9, n_frames=4/10): reward=-24.0000 (mean, 1 tok)
2026-04-30 16:43:25,454 mme_vla_suite.pseudo_labeling.topreward_qwen_scorer INFO: Prefix 2/8 (end=21, n_frames=4/22): reward=-24.0000 (mean, 1 tok)
2026-04-30 16:43:30,189 mme_vla_suite.pseudo_labeling.topreward_qwen_scorer INFO: Prefix 3/8 (end=34, n_frames=7/35): reward=-22.3750 (mean, 1 tok)
2026-04-30 16:43:34,970 mme_vla_suite.pseudo_labeling.topreward_qwen_scorer INFO: Prefix 4/8 (end=47, n_frames=10/48): reward=-23.2500 (mean, 1 tok)
2026-04-30 16:43:39,716 mme_vla_suite.pseudo_labeling.topreward_qwen_scorer INFO: Prefix 5/8 (end=59, n_frames=12/60): reward=-23.6250 (mean, 1 tok)
2026-04-30 16:43:44,543 mme_vla_suite.pseudo_labeling.topreward_qwen_scorer INFO: Prefix 6/8 (end=72, n_frames=15/73): reward=-23.6250 (mean, 1 tok)
2026-04-30 16:43:49,374 mme_vla_suite.pseudo_labeling.topreward_qwen_scorer INFO: Prefix 7/8 (end=85, n_frames=17/86): reward=-22.8750 (mean, 1 tok)
2026-04-30 16:43:54,216 mme_vla_suite.pseudo_labeling.topreward_qwen_scorer INFO: Prefix 8/8 (end=98, n_frames=20/99): reward=-19.1250 (mean, 1 tok)
2026-04-30 16:43:59,739 mme_vla_suite.pseudo_labeling.topreward_qwen_scorer INFO: Prefix 1/8 (end=4, n_frames=4/5): reward=-20.5000 (mean, 1 tok)
2026-04-30 16:44:04,469 mme_vla_suite.pseudo_labeling.topreward_qwen_scorer INFO: Prefix 2/8 (end=9, n_frames=4/10): reward=-19.2500 (mean, 1 tok)
2026-04-30 16:44:09,219 mme_vla_suite.pseudo_labeling.topreward_qwen_scorer INFO: Prefix 3/8 (end=14, n_frames=4/15): reward=-20.1250 (mean, 1 tok)
2026-04-30 16:44:13,950 mme_vla_suite.pseudo_labeling.topreward_qwen_scorer INFO: Prefix 4/8 (end=19, n_frames=4/20): reward=-21.5000 (mean, 1 tok)
2026-04-30 16:44:18,742 mme_vla_suite.pseudo_labeling.topreward_qwen_scorer INFO: Prefix 5/8 (end=24, n_frames=5/25): reward=-20.2500 (mean, 1 tok)
2026-04-30 16:44:23,481 mme_vla_suite.pseudo_labeling.topreward_qwen_scorer INFO: Prefix 6/8 (end=29, n_frames=6/30): reward=-21.2500 (mean, 1 tok)
2026-04-30 16:44:28,294 mme_vla_suite.pseudo_labeling.topreward_qwen_scorer INFO: Prefix 7/8 (end=34, n_frames=7/35): reward=-21.1250 (mean, 1 tok)
2026-04-30 16:44:33,087 mme_vla_suite.pseudo_labeling.topreward_qwen_scorer INFO: Prefix 8/8 (end=40, n_frames=8/41): reward=-21.3750 (mean, 1 tok)
2026-04-30 16:44:38,696 mme_vla_suite.pseudo_labeling.topreward_qwen_scorer INFO: Prefix 1/8 (end=9, n_frames=4/10): reward=-23.3750 (mean, 1 tok)
2026-04-30 16:44:43,485 mme_vla_suite.pseudo_labeling.topreward_qwen_scorer INFO: Prefix 2/8 (end=20, n_frames=4/21): reward=-22.6250 (mean, 1 tok)
2026-04-30 16:44:48,423 mme_vla_suite.pseudo_labeling.topreward_qwen_scorer INFO: Prefix 3/8 (end=32, n_frames=7/33): reward=-23.3750 (mean, 1 tok)
2026-04-30 16:44:53,391 mme_vla_suite.pseudo_labeling.topreward_qwen_scorer INFO: Prefix 4/8 (end=44, n_frames=9/45): reward=-23.2500 (mean, 1 tok)
2026-04-30 16:44:58,265 mme_vla_suite.pseudo_labeling.topreward_qwen_scorer INFO: Prefix 5/8 (end=56, n_frames=11/57): reward=-23.0000 (mean, 1 tok)
2026-04-30 16:45:03,074 mme_vla_suite.pseudo_labeling.topreward_qwen_scorer INFO: Prefix 6/8 (end=68, n_frames=14/69): reward=-23.2500 (mean, 1 tok)
2026-04-30 16:45:07,912 mme_vla_suite.pseudo_labeling.topreward_qwen_scorer INFO: Prefix 7/8 (end=80, n_frames=16/81): reward=-22.5000 (mean, 1 tok)
2026-04-30 16:45:12,771 mme_vla_suite.pseudo_labeling.topreward_qwen_scorer INFO: Prefix 8/8 (end=92, n_frames=19/93): reward=-17.7500 (mean, 1 tok)
2026-04-30 16:45:18,102 mme_vla_suite.pseudo_labeling.topreward_qwen_scorer INFO: Prefix 1/8 (end=10, n_frames=4/11): reward=-23.6250 (mean, 1 tok)
2026-04-30 16:45:22,859 mme_vla_suite.pseudo_labeling.topreward_qwen_scorer INFO: Prefix 2/8 (end=22, n_frames=5/23): reward=-22.8750 (mean, 1 tok)
2026-04-30 16:45:27,607 mme_vla_suite.pseudo_labeling.topreward_qwen_scorer INFO: Prefix 3/8 (end=35, n_frames=7/36): reward=-23.8750 (mean, 1 tok)
2026-04-30 16:45:32,370 mme_vla_suite.pseudo_labeling.topreward_qwen_scorer INFO: Prefix 4/8 (end=48, n_frames=10/49): reward=-22.8750 (mean, 1 tok)
2026-04-30 16:45:37,094 mme_vla_suite.pseudo_labeling.topreward_qwen_scorer INFO: Prefix 5/8 (end=60, n_frames=12/61): reward=-23.0000 (mean, 1 tok)
2026-04-30 16:45:41,916 mme_vla_suite.pseudo_labeling.topreward_qwen_scorer INFO: Prefix 6/8 (end=73, n_frames=15/74): reward=-22.6250 (mean, 1 tok)
2026-04-30 16:45:46,724 mme_vla_suite.pseudo_labeling.topreward_qwen_scorer INFO: Prefix 7/8 (end=86, n_frames=17/87): reward=-18.3750 (mean, 1 tok)
2026-04-30 16:45:51,559 mme_vla_suite.pseudo_labeling.topreward_qwen_scorer INFO: Prefix 8/8 (end=99, n_frames=20/100): reward=-17.5000 (mean, 1 tok)
2026-04-30 16:45:57,015 mme_vla_suite.pseudo_labeling.topreward_qwen_scorer INFO: Prefix 1/8 (end=9, n_frames=4/10): reward=-23.8750 (mean, 1 tok)
2026-04-30 16:46:01,703 mme_vla_suite.pseudo_labeling.topreward_qwen_scorer INFO: Prefix 2/8 (end=20, n_frames=4/21): reward=-23.7500 (mean, 1 tok)
2026-04-30 16:46:06,423 mme_vla_suite.pseudo_labeling.topreward_qwen_scorer INFO: Prefix 3/8 (end=32, n_frames=7/33): reward=-22.8750 (mean, 1 tok)
2026-04-30 16:46:11,145 mme_vla_suite.pseudo_labeling.topreward_qwen_scorer INFO: Prefix 4/8 (end=44, n_frames=9/45): reward=-23.8750 (mean, 1 tok)
2026-04-30 16:46:16,009 mme_vla_suite.pseudo_labeling.topreward_qwen_scorer INFO: Prefix 5/8 (end=55, n_frames=11/56): reward=-23.8750 (mean, 1 tok)
2026-04-30 16:46:20,804 mme_vla_suite.pseudo_labeling.topreward_qwen_scorer INFO: Prefix 6/8 (end=67, n_frames=14/68): reward=-23.7500 (mean, 1 tok)
2026-04-30 16:46:25,610 mme_vla_suite.pseudo_labeling.topreward_qwen_scorer INFO: Prefix 7/8 (end=79, n_frames=16/80): reward=-23.5000 (mean, 1 tok)
2026-04-30 16:46:30,419 mme_vla_suite.pseudo_labeling.topreward_qwen_scorer INFO: Prefix 8/8 (end=91, n_frames=18/92): reward=-19.7500 (mean, 1 tok)
2026-04-30 16:46:35,708 mme_vla_suite.pseudo_labeling.topreward_qwen_scorer INFO: Prefix 1/8 (end=10, n_frames=4/11): reward=-23.8750 (mean, 1 tok)
2026-04-30 16:46:40,387 mme_vla_suite.pseudo_labeling.topreward_qwen_scorer INFO: Prefix 2/8 (end=23, n_frames=5/24): reward=-23.8750 (mean, 1 tok)
2026-04-30 16:46:44,966 mme_vla_suite.pseudo_labeling.topreward_qwen_scorer INFO: Prefix 3/8 (end=36, n_frames=7/37): reward=-22.7500 (mean, 1 tok)
2026-04-30 16:46:49,491 mme_vla_suite.pseudo_labeling.topreward_qwen_scorer INFO: Prefix 4/8 (end=49, n_frames=10/50): reward=-23.3750 (mean, 1 tok)
2026-04-30 16:46:54,111 mme_vla_suite.pseudo_labeling.topreward_qwen_scorer INFO: Prefix 5/8 (end=62, n_frames=13/63): reward=-23.6250 (mean, 1 tok)
2026-04-30 16:46:58,702 mme_vla_suite.pseudo_labeling.topreward_qwen_scorer INFO: Prefix 6/8 (end=75, n_frames=15/76): reward=-23.3750 (mean, 1 tok)
2026-04-30 16:47:03,300 mme_vla_suite.pseudo_labeling.topreward_qwen_scorer INFO: Prefix 7/8 (end=88, n_frames=18/89): reward=-20.0000 (mean, 1 tok)
2026-04-30 16:47:07,959 mme_vla_suite.pseudo_labeling.topreward_qwen_scorer INFO: Prefix 8/8 (end=101, n_frames=20/102): reward=-19.6250 (mean, 1 tok)
2026-04-30 16:47:13,369 mme_vla_suite.pseudo_labeling.topreward_qwen_scorer INFO: Prefix 1/8 (end=10, n_frames=4/11): reward=-23.7500 (mean, 1 tok)
2026-04-30 16:47:17,885 mme_vla_suite.pseudo_labeling.topreward_qwen_scorer INFO: Prefix 2/8 (end=23, n_frames=5/24): reward=-23.7500 (mean, 1 tok)
2026-04-30 16:47:22,427 mme_vla_suite.pseudo_labeling.topreward_qwen_scorer INFO: Prefix 3/8 (end=36, n_frames=7/37): reward=-22.8750 (mean, 1 tok)
2026-04-30 16:47:26,951 mme_vla_suite.pseudo_labeling.topreward_qwen_scorer INFO: Prefix 4/8 (end=49, n_frames=10/50): reward=-23.6250 (mean, 1 tok)
2026-04-30 16:47:31,557 mme_vla_suite.pseudo_labeling.topreward_qwen_scorer INFO: Prefix 5/8 (end=62, n_frames=13/63): reward=-24.8750 (mean, 1 tok)
2026-04-30 16:47:36,145 mme_vla_suite.pseudo_labeling.topreward_qwen_scorer INFO: Prefix 6/8 (end=75, n_frames=15/76): reward=-23.3750 (mean, 1 tok)
2026-04-30 16:47:40,754 mme_vla_suite.pseudo_labeling.topreward_qwen_scorer INFO: Prefix 7/8 (end=88, n_frames=18/89): reward=-23.8750 (mean, 1 tok)
2026-04-30 16:47:45,375 mme_vla_suite.pseudo_labeling.topreward_qwen_scorer INFO: Prefix 8/8 (end=102, n_frames=21/103): reward=-19.1250 (mean, 1 tok)
2026-04-30 16:47:50,836 mme_vla_suite.pseudo_labeling.topreward_qwen_scorer INFO: Prefix 1/8 (end=4, n_frames=4/5): reward=-20.8750 (mean, 1 tok)
2026-04-30 16:47:55,565 mme_vla_suite.pseudo_labeling.topreward_qwen_scorer INFO: Prefix 2/8 (end=10, n_frames=4/11): reward=-21.2500 (mean, 1 tok)
2026-04-30 16:48:00,292 mme_vla_suite.pseudo_labeling.topreward_qwen_scorer INFO: Prefix 3/8 (end=16, n_frames=4/17): reward=-21.6250 (mean, 1 tok)
2026-04-30 16:48:05,055 mme_vla_suite.pseudo_labeling.topreward_qwen_scorer INFO: Prefix 4/8 (end=22, n_frames=5/23): reward=-21.7500 (mean, 1 tok)
2026-04-30 16:48:09,586 mme_vla_suite.pseudo_labeling.topreward_qwen_scorer INFO: Prefix 5/8 (end=28, n_frames=6/29): reward=-21.1250 (mean, 1 tok)
2026-04-30 16:48:14,193 mme_vla_suite.pseudo_labeling.topreward_qwen_scorer INFO: Prefix 6/8 (end=34, n_frames=7/35): reward=-21.0000 (mean, 1 tok)
2026-04-30 16:48:19,118 mme_vla_suite.pseudo_labeling.topreward_qwen_scorer INFO: Prefix 7/8 (end=40, n_frames=8/41): reward=-21.1250 (mean, 1 tok)
2026-04-30 16:48:23,670 mme_vla_suite.pseudo_labeling.topreward_qwen_scorer INFO: Prefix 8/8 (end=46, n_frames=9/47): reward=-19.6250 (mean, 1 tok)
2026-04-30 16:48:29,251 mme_vla_suite.pseudo_labeling.topreward_qwen_scorer INFO: Prefix 1/8 (end=10, n_frames=4/11): reward=-25.5000 (mean, 1 tok)
2026-04-30 16:48:33,861 mme_vla_suite.pseudo_labeling.topreward_qwen_scorer INFO: Prefix 2/8 (end=22, n_frames=5/23): reward=-24.6250 (mean, 1 tok)
2026-04-30 16:48:38,405 mme_vla_suite.pseudo_labeling.topreward_qwen_scorer INFO: Prefix 3/8 (end=35, n_frames=7/36): reward=-25.1250 (mean, 1 tok)
2026-04-30 16:48:43,019 mme_vla_suite.pseudo_labeling.topreward_qwen_scorer INFO: Prefix 4/8 (end=48, n_frames=10/49): reward=-24.5000 (mean, 1 tok)
2026-04-30 16:48:47,642 mme_vla_suite.pseudo_labeling.topreward_qwen_scorer INFO: Prefix 5/8 (end=61, n_frames=12/62): reward=-24.3750 (mean, 1 tok)
2026-04-30 16:48:52,330 mme_vla_suite.pseudo_labeling.topreward_qwen_scorer INFO: Prefix 6/8 (end=74, n_frames=15/75): reward=-23.6250 (mean, 1 tok)
2026-04-30 16:48:57,013 mme_vla_suite.pseudo_labeling.topreward_qwen_scorer INFO: Prefix 7/8 (end=87, n_frames=18/88): reward=-24.2500 (mean, 1 tok)
2026-04-30 16:49:01,615 mme_vla_suite.pseudo_labeling.topreward_qwen_scorer INFO: Prefix 8/8 (end=100, n_frames=20/101): reward=-19.8750 (mean, 1 tok)
2026-04-30 16:49:06,839 mme_vla_suite.pseudo_labeling.topreward_qwen_scorer INFO: Prefix 1/8 (end=10, n_frames=4/11): reward=-25.5000 (mean, 1 tok)
2026-04-30 16:49:11,301 mme_vla_suite.pseudo_labeling.topreward_qwen_scorer INFO: Prefix 2/8 (end=23, n_frames=5/24): reward=-24.8750 (mean, 1 tok)
2026-04-30 16:49:15,752 mme_vla_suite.pseudo_labeling.topreward_qwen_scorer INFO: Prefix 3/8 (end=37, n_frames=8/38): reward=-25.3750 (mean, 1 tok)
2026-04-30 16:49:20,500 mme_vla_suite.pseudo_labeling.topreward_qwen_scorer INFO: Prefix 4/8 (end=51, n_frames=10/52): reward=-24.8750 (mean, 1 tok)
2026-04-30 16:49:25,263 mme_vla_suite.pseudo_labeling.topreward_qwen_scorer INFO: Prefix 5/8 (end=65, n_frames=13/66): reward=-24.7500 (mean, 1 tok)
2026-04-30 16:49:30,060 mme_vla_suite.pseudo_labeling.topreward_qwen_scorer INFO: Prefix 6/8 (end=79, n_frames=16/80): reward=-23.1250 (mean, 1 tok)
2026-04-30 16:49:34,888 mme_vla_suite.pseudo_labeling.topreward_qwen_scorer INFO: Prefix 7/8 (end=93, n_frames=19/94): reward=-24.3750 (mean, 1 tok)
2026-04-30 16:49:39,747 mme_vla_suite.pseudo_labeling.topreward_qwen_scorer INFO: Prefix 8/8 (end=107, n_frames=22/108): reward=-18.5000 (mean, 1 tok)
2026-04-30 16:49:45,607 mme_vla_suite.pseudo_labeling.topreward_qwen_scorer INFO: Prefix 1/8 (end=10, n_frames=4/11): reward=-23.2500 (mean, 1 tok)
2026-04-30 16:49:50,369 mme_vla_suite.pseudo_labeling.topreward_qwen_scorer INFO: Prefix 2/8 (end=22, n_frames=5/23): reward=-22.8750 (mean, 1 tok)
2026-04-30 16:49:55,131 mme_vla_suite.pseudo_labeling.topreward_qwen_scorer INFO: Prefix 3/8 (end=35, n_frames=7/36): reward=-23.0000 (mean, 1 tok)
2026-04-30 16:49:59,925 mme_vla_suite.pseudo_labeling.topreward_qwen_scorer INFO: Prefix 4/8 (end=48, n_frames=10/49): reward=-21.5000 (mean, 1 tok)
2026-04-30 16:50:04,670 mme_vla_suite.pseudo_labeling.topreward_qwen_scorer INFO: Prefix 5/8 (end=61, n_frames=12/62): reward=-22.2500 (mean, 1 tok)
2026-04-30 16:50:09,429 mme_vla_suite.pseudo_labeling.topreward_qwen_scorer INFO: Prefix 6/8 (end=74, n_frames=15/75): reward=-21.8750 (mean, 1 tok)
2026-04-30 16:50:14,180 mme_vla_suite.pseudo_labeling.topreward_qwen_scorer INFO: Prefix 7/8 (end=87, n_frames=18/88): reward=-21.3750 (mean, 1 tok)
2026-04-30 16:50:18,976 mme_vla_suite.pseudo_labeling.topreward_qwen_scorer INFO: Prefix 8/8 (end=100, n_frames=20/101): reward=-18.5000 (mean, 1 tok)
2026-04-30 16:50:24,408 mme_vla_suite.pseudo_labeling.topreward_qwen_scorer INFO: Prefix 1/8 (end=10, n_frames=4/11): reward=-23.2500 (mean, 1 tok)
2026-04-30 16:50:29,158 mme_vla_suite.pseudo_labeling.topreward_qwen_scorer INFO: Prefix 2/8 (end=24, n_frames=5/25): reward=-22.8750 (mean, 1 tok)
2026-04-30 16:50:33,934 mme_vla_suite.pseudo_labeling.topreward_qwen_scorer INFO: Prefix 3/8 (end=38, n_frames=8/39): reward=-22.6250 (mean, 1 tok)
2026-04-30 16:50:38,702 mme_vla_suite.pseudo_labeling.topreward_qwen_scorer INFO: Prefix 4/8 (end=52, n_frames=11/53): reward=-21.6250 (mean, 1 tok)
2026-04-30 16:50:43,478 mme_vla_suite.pseudo_labeling.topreward_qwen_scorer INFO: Prefix 5/8 (end=66, n_frames=13/67): reward=-21.6250 (mean, 1 tok)
2026-04-30 16:50:48,276 mme_vla_suite.pseudo_labeling.topreward_qwen_scorer INFO: Prefix 6/8 (end=80, n_frames=16/81): reward=-21.0000 (mean, 1 tok)
2026-04-30 16:50:53,131 mme_vla_suite.pseudo_labeling.topreward_qwen_scorer INFO: Prefix 7/8 (end=94, n_frames=19/95): reward=-20.0000 (mean, 1 tok)
2026-04-30 16:50:57,977 mme_vla_suite.pseudo_labeling.topreward_qwen_scorer INFO: Prefix 8/8 (end=108, n_frames=22/109): reward=-18.3750 (mean, 1 tok)
2026-04-30 16:51:03,446 mme_vla_suite.pseudo_labeling.topreward_qwen_scorer INFO: Prefix 1/8 (end=10, n_frames=4/11): reward=-23.6250 (mean, 1 tok)
2026-04-30 16:51:08,165 mme_vla_suite.pseudo_labeling.topreward_qwen_scorer INFO: Prefix 2/8 (end=24, n_frames=5/25): reward=-23.6250 (mean, 1 tok)
2026-04-30 16:51:12,886 mme_vla_suite.pseudo_labeling.topreward_qwen_scorer INFO: Prefix 3/8 (end=38, n_frames=8/39): reward=-22.6250 (mean, 1 tok)
2026-04-30 16:51:17,631 mme_vla_suite.pseudo_labeling.topreward_qwen_scorer INFO: Prefix 4/8 (end=52, n_frames=11/53): reward=-21.7500 (mean, 1 tok)
2026-04-30 16:51:22,375 mme_vla_suite.pseudo_labeling.topreward_qwen_scorer INFO: Prefix 5/8 (end=66, n_frames=13/67): reward=-23.1250 (mean, 1 tok)
2026-04-30 16:51:27,211 mme_vla_suite.pseudo_labeling.topreward_qwen_scorer INFO: Prefix 6/8 (end=80, n_frames=16/81): reward=-21.8750 (mean, 1 tok)
2026-04-30 16:51:32,015 mme_vla_suite.pseudo_labeling.topreward_qwen_scorer INFO: Prefix 7/8 (end=94, n_frames=19/95): reward=-18.2500 (mean, 1 tok)
2026-04-30 16:51:36,835 mme_vla_suite.pseudo_labeling.topreward_qwen_scorer INFO: Prefix 8/8 (end=108, n_frames=22/109): reward=-18.8750 (mean, 1 tok)
2026-04-30 16:51:42,338 mme_vla_suite.pseudo_labeling.topreward_qwen_scorer INFO: Prefix 1/8 (end=4, n_frames=4/5): reward=-20.5000 (mean, 1 tok)
2026-04-30 16:51:47,051 mme_vla_suite.pseudo_labeling.topreward_qwen_scorer INFO: Prefix 2/8 (end=10, n_frames=4/11): reward=-20.6250 (mean, 1 tok)
2026-04-30 16:51:51,745 mme_vla_suite.pseudo_labeling.topreward_qwen_scorer INFO: Prefix 3/8 (end=16, n_frames=4/17): reward=-20.1250 (mean, 1 tok)
2026-04-30 16:51:56,448 mme_vla_suite.pseudo_labeling.topreward_qwen_scorer INFO: Prefix 4/8 (end=22, n_frames=5/23): reward=-19.6250 (mean, 1 tok)
2026-04-30 16:52:01,115 mme_vla_suite.pseudo_labeling.topreward_qwen_scorer INFO: Prefix 5/8 (end=28, n_frames=6/29): reward=-19.5000 (mean, 1 tok)
2026-04-30 16:52:05,839 mme_vla_suite.pseudo_labeling.topreward_qwen_scorer INFO: Prefix 6/8 (end=34, n_frames=7/35): reward=-19.3750 (mean, 1 tok)
2026-04-30 16:52:10,560 mme_vla_suite.pseudo_labeling.topreward_qwen_scorer INFO: Prefix 7/8 (end=40, n_frames=8/41): reward=-18.6250 (mean, 1 tok)
2026-04-30 16:52:15,287 mme_vla_suite.pseudo_labeling.topreward_qwen_scorer INFO: Prefix 8/8 (end=46, n_frames=9/47): reward=-17.8750 (mean, 1 tok)
2026-04-30 16:52:20,655 mme_vla_suite.pseudo_labeling.topreward_qwen_scorer INFO: Prefix 1/8 (end=10, n_frames=4/11): reward=-23.1250 (mean, 1 tok)
2026-04-30 16:52:25,405 mme_vla_suite.pseudo_labeling.topreward_qwen_scorer INFO: Prefix 2/8 (end=23, n_frames=5/24): reward=-22.6250 (mean, 1 tok)
2026-04-30 16:52:30,126 mme_vla_suite.pseudo_labeling.topreward_qwen_scorer INFO: Prefix 3/8 (end=36, n_frames=7/37): reward=-21.8750 (mean, 1 tok)
2026-04-30 16:52:34,903 mme_vla_suite.pseudo_labeling.topreward_qwen_scorer INFO: Prefix 4/8 (end=49, n_frames=10/50): reward=-21.5000 (mean, 1 tok)
2026-04-30 16:52:39,681 mme_vla_suite.pseudo_labeling.topreward_qwen_scorer INFO: Prefix 5/8 (end=63, n_frames=13/64): reward=-22.0000 (mean, 1 tok)
2026-04-30 16:52:44,407 mme_vla_suite.pseudo_labeling.topreward_qwen_scorer INFO: Prefix 6/8 (end=76, n_frames=15/77): reward=-20.5000 (mean, 1 tok)
2026-04-30 16:52:49,026 mme_vla_suite.pseudo_labeling.topreward_qwen_scorer INFO: Prefix 7/8 (end=89, n_frames=18/90): reward=-21.0000 (mean, 1 tok)
2026-04-30 16:52:53,657 mme_vla_suite.pseudo_labeling.topreward_qwen_scorer INFO: Prefix 8/8 (end=103, n_frames=21/104): reward=-17.6250 (mean, 1 tok)
2026-04-30 16:52:59,000 mme_vla_suite.pseudo_labeling.topreward_qwen_scorer INFO: Prefix 1/8 (end=11, n_frames=4/12): reward=-22.8750 (mean, 1 tok)
2026-04-30 16:53:03,532 mme_vla_suite.pseudo_labeling.topreward_qwen_scorer INFO: Prefix 2/8 (end=25, n_frames=5/26): reward=-22.3750 (mean, 1 tok)
2026-04-30 16:53:08,112 mme_vla_suite.pseudo_labeling.topreward_qwen_scorer INFO: Prefix 3/8 (end=39, n_frames=8/40): reward=-22.5000 (mean, 1 tok)
2026-04-30 16:53:12,675 mme_vla_suite.pseudo_labeling.topreward_qwen_scorer INFO: Prefix 4/8 (end=53, n_frames=11/54): reward=-21.6250 (mean, 1 tok)
2026-04-30 16:53:17,260 mme_vla_suite.pseudo_labeling.topreward_qwen_scorer INFO: Prefix 5/8 (end=67, n_frames=14/68): reward=-22.0000 (mean, 1 tok)
2026-04-30 16:53:21,863 mme_vla_suite.pseudo_labeling.topreward_qwen_scorer INFO: Prefix 6/8 (end=81, n_frames=16/82): reward=-20.6250 (mean, 1 tok)
2026-04-30 16:53:26,529 mme_vla_suite.pseudo_labeling.topreward_qwen_scorer INFO: Prefix 7/8 (end=95, n_frames=19/96): reward=-19.3750 (mean, 1 tok)
2026-04-30 16:53:31,156 mme_vla_suite.pseudo_labeling.topreward_qwen_scorer INFO: Prefix 8/8 (end=110, n_frames=22/111): reward=-18.5000 (mean, 1 tok)
2026-04-30 16:53:36,485 mme_vla_suite.pseudo_labeling.topreward_qwen_scorer INFO: Prefix 1/8 (end=9, n_frames=4/10): reward=-23.2500 (mean, 1 tok)
2026-04-30 16:53:40,972 mme_vla_suite.pseudo_labeling.topreward_qwen_scorer INFO: Prefix 2/8 (end=21, n_frames=4/22): reward=-23.2500 (mean, 1 tok)
2026-04-30 16:53:45,523 mme_vla_suite.pseudo_labeling.topreward_qwen_scorer INFO: Prefix 3/8 (end=33, n_frames=7/34): reward=-21.6250 (mean, 1 tok)
2026-04-30 16:53:50,098 mme_vla_suite.pseudo_labeling.topreward_qwen_scorer INFO: Prefix 4/8 (end=45, n_frames=9/46): reward=-19.7500 (mean, 1 tok)
2026-04-30 16:53:54,728 mme_vla_suite.pseudo_labeling.topreward_qwen_scorer INFO: Prefix 5/8 (end=57, n_frames=12/58): reward=-21.1250 (mean, 1 tok)
2026-04-30 16:53:59,486 mme_vla_suite.pseudo_labeling.topreward_qwen_scorer INFO: Prefix 6/8 (end=69, n_frames=14/70): reward=-22.3750 (mean, 1 tok)
2026-04-30 16:54:04,161 mme_vla_suite.pseudo_labeling.topreward_qwen_scorer INFO: Prefix 7/8 (end=81, n_frames=16/82): reward=-22.1250 (mean, 1 tok)
2026-04-30 16:54:08,779 mme_vla_suite.pseudo_labeling.topreward_qwen_scorer INFO: Prefix 8/8 (end=94, n_frames=19/95): reward=-17.8750 (mean, 1 tok)
2026-04-30 16:54:14,194 mme_vla_suite.pseudo_labeling.topreward_qwen_scorer INFO: Prefix 1/8 (end=10, n_frames=4/11): reward=-23.2500 (mean, 1 tok)
2026-04-30 16:54:18,945 mme_vla_suite.pseudo_labeling.topreward_qwen_scorer INFO: Prefix 2/8 (end=23, n_frames=5/24): reward=-23.0000 (mean, 1 tok)
2026-04-30 16:54:23,698 mme_vla_suite.pseudo_labeling.topreward_qwen_scorer INFO: Prefix 3/8 (end=37, n_frames=8/38): reward=-21.3750 (mean, 1 tok)
2026-04-30 16:54:28,458 mme_vla_suite.pseudo_labeling.topreward_qwen_scorer INFO: Prefix 4/8 (end=50, n_frames=10/51): reward=-20.3750 (mean, 1 tok)
2026-04-30 16:54:33,239 mme_vla_suite.pseudo_labeling.topreward_qwen_scorer INFO: Prefix 5/8 (end=64, n_frames=13/65): reward=-22.3750 (mean, 1 tok)
2026-04-30 16:54:38,015 mme_vla_suite.pseudo_labeling.topreward_qwen_scorer INFO: Prefix 6/8 (end=77, n_frames=16/78): reward=-22.7500 (mean, 1 tok)
2026-04-30 16:54:42,813 mme_vla_suite.pseudo_labeling.topreward_qwen_scorer INFO: Prefix 7/8 (end=91, n_frames=18/92): reward=-21.6250 (mean, 1 tok)
2026-04-30 16:54:47,634 mme_vla_suite.pseudo_labeling.topreward_qwen_scorer INFO: Prefix 8/8 (end=105, n_frames=21/106): reward=-18.6250 (mean, 1 tok)
2026-04-30 16:54:53,266 mme_vla_suite.pseudo_labeling.topreward_qwen_scorer INFO: Prefix 1/8 (end=10, n_frames=4/11): reward=-24.0000 (mean, 1 tok)
2026-04-30 16:54:57,988 mme_vla_suite.pseudo_labeling.topreward_qwen_scorer INFO: Prefix 2/8 (end=22, n_frames=5/23): reward=-23.8750 (mean, 1 tok)
2026-04-30 16:55:02,745 mme_vla_suite.pseudo_labeling.topreward_qwen_scorer INFO: Prefix 3/8 (end=35, n_frames=7/36): reward=-23.3750 (mean, 1 tok)
2026-04-30 16:55:07,515 mme_vla_suite.pseudo_labeling.topreward_qwen_scorer INFO: Prefix 4/8 (end=48, n_frames=10/49): reward=-23.2500 (mean, 1 tok)
2026-04-30 16:55:12,288 mme_vla_suite.pseudo_labeling.topreward_qwen_scorer INFO: Prefix 5/8 (end=60, n_frames=12/61): reward=-23.1250 (mean, 1 tok)
2026-04-30 16:55:17,087 mme_vla_suite.pseudo_labeling.topreward_qwen_scorer INFO: Prefix 6/8 (end=73, n_frames=15/74): reward=-23.8750 (mean, 1 tok)
2026-04-30 16:55:21,885 mme_vla_suite.pseudo_labeling.topreward_qwen_scorer INFO: Prefix 7/8 (end=86, n_frames=17/87): reward=-25.0000 (mean, 1 tok)
2026-04-30 16:55:26,697 mme_vla_suite.pseudo_labeling.topreward_qwen_scorer INFO: Prefix 8/8 (end=99, n_frames=20/100): reward=-20.1250 (mean, 1 tok)
2026-04-30 16:55:32,411 mme_vla_suite.pseudo_labeling.topreward_qwen_scorer INFO: Prefix 1/8 (end=5, n_frames=4/6): reward=-22.5000 (mean, 1 tok)
2026-04-30 16:55:37,145 mme_vla_suite.pseudo_labeling.topreward_qwen_scorer INFO: Prefix 2/8 (end=11, n_frames=4/12): reward=-22.2500 (mean, 1 tok)
2026-04-30 16:55:41,875 mme_vla_suite.pseudo_labeling.topreward_qwen_scorer INFO: Prefix 3/8 (end=17, n_frames=4/18): reward=-21.8750 (mean, 1 tok)
2026-04-30 16:55:46,633 mme_vla_suite.pseudo_labeling.topreward_qwen_scorer INFO: Prefix 4/8 (end=23, n_frames=5/24): reward=-22.2500 (mean, 1 tok)
2026-04-30 16:55:51,372 mme_vla_suite.pseudo_labeling.topreward_qwen_scorer INFO: Prefix 5/8 (end=30, n_frames=6/31): reward=-22.7500 (mean, 1 tok)
2026-04-30 16:55:56,121 mme_vla_suite.pseudo_labeling.topreward_qwen_scorer INFO: Prefix 6/8 (end=36, n_frames=7/37): reward=-22.8750 (mean, 1 tok)
2026-04-30 16:56:00,872 mme_vla_suite.pseudo_labeling.topreward_qwen_scorer INFO: Prefix 7/8 (end=42, n_frames=9/43): reward=-21.1250 (mean, 1 tok)
2026-04-30 16:56:05,630 mme_vla_suite.pseudo_labeling.topreward_qwen_scorer INFO: Prefix 8/8 (end=49, n_frames=10/50): reward=-21.2500 (mean, 1 tok)
2026-04-30 16:56:11,294 mme_vla_suite.pseudo_labeling.topreward_qwen_scorer INFO: Prefix 1/8 (end=8, n_frames=4/9): reward=-25.0000 (mean, 1 tok)
2026-04-30 16:56:16,023 mme_vla_suite.pseudo_labeling.topreward_qwen_scorer INFO: Prefix 2/8 (end=18, n_frames=4/19): reward=-24.6250 (mean, 1 tok)
2026-04-30 16:56:20,766 mme_vla_suite.pseudo_labeling.topreward_qwen_scorer INFO: Prefix 3/8 (end=29, n_frames=6/30): reward=-24.1250 (mean, 1 tok)
2026-04-30 16:56:25,514 mme_vla_suite.pseudo_labeling.topreward_qwen_scorer INFO: Prefix 4/8 (end=39, n_frames=8/40): reward=-23.8750 (mean, 1 tok)
2026-04-30 16:56:30,281 mme_vla_suite.pseudo_labeling.topreward_qwen_scorer INFO: Prefix 5/8 (end=50, n_frames=10/51): reward=-24.0000 (mean, 1 tok)
2026-04-30 16:56:35,043 mme_vla_suite.pseudo_labeling.topreward_qwen_scorer INFO: Prefix 6/8 (end=60, n_frames=12/61): reward=-24.0000 (mean, 1 tok)
2026-04-30 16:56:39,826 mme_vla_suite.pseudo_labeling.topreward_qwen_scorer INFO: Prefix 7/8 (end=71, n_frames=14/72): reward=-23.8750 (mean, 1 tok)
2026-04-30 16:56:44,635 mme_vla_suite.pseudo_labeling.topreward_qwen_scorer INFO: Prefix 8/8 (end=82, n_frames=17/83): reward=-18.5000 (mean, 1 tok)
2026-04-30 16:56:50,005 mme_vla_suite.pseudo_labeling.topreward_qwen_scorer INFO: Prefix 1/8 (end=9, n_frames=4/10): reward=-24.7500 (mean, 1 tok)
2026-04-30 16:56:54,741 mme_vla_suite.pseudo_labeling.topreward_qwen_scorer INFO: Prefix 2/8 (end=20, n_frames=4/21): reward=-24.6250 (mean, 1 tok)
2026-04-30 16:56:59,492 mme_vla_suite.pseudo_labeling.topreward_qwen_scorer INFO: Prefix 3/8 (end=32, n_frames=7/33): reward=-24.2500 (mean, 1 tok)
2026-04-30 16:57:04,310 mme_vla_suite.pseudo_labeling.topreward_qwen_scorer INFO: Prefix 4/8 (end=44, n_frames=9/45): reward=-24.2500 (mean, 1 tok)
2026-04-30 16:57:09,079 mme_vla_suite.pseudo_labeling.topreward_qwen_scorer INFO: Prefix 5/8 (end=55, n_frames=11/56): reward=-23.1250 (mean, 1 tok)
2026-04-30 16:57:13,947 mme_vla_suite.pseudo_labeling.topreward_qwen_scorer INFO: Prefix 6/8 (end=67, n_frames=14/68): reward=-24.1250 (mean, 1 tok)
2026-04-30 16:57:18,819 mme_vla_suite.pseudo_labeling.topreward_qwen_scorer INFO: Prefix 7/8 (end=79, n_frames=16/80): reward=-18.8750 (mean, 1 tok)
2026-04-30 16:57:23,648 mme_vla_suite.pseudo_labeling.topreward_qwen_scorer INFO: Prefix 8/8 (end=91, n_frames=18/92): reward=-18.8750 (mean, 1 tok)
2026-04-30 16:57:29,413 mme_vla_suite.pseudo_labeling.topreward_qwen_scorer INFO: Prefix 1/8 (end=11, n_frames=4/12): reward=-24.1250 (mean, 1 tok)
2026-04-30 16:57:34,157 mme_vla_suite.pseudo_labeling.topreward_qwen_scorer INFO: Prefix 2/8 (end=25, n_frames=5/26): reward=-24.3750 (mean, 1 tok)
2026-04-30 16:57:38,915 mme_vla_suite.pseudo_labeling.topreward_qwen_scorer INFO: Prefix 3/8 (end=39, n_frames=8/40): reward=-22.6250 (mean, 1 tok)
2026-04-30 16:57:43,671 mme_vla_suite.pseudo_labeling.topreward_qwen_scorer INFO: Prefix 4/8 (end=53, n_frames=11/54): reward=-23.0000 (mean, 1 tok)
2026-04-30 16:57:48,464 mme_vla_suite.pseudo_labeling.topreward_qwen_scorer INFO: Prefix 5/8 (end=67, n_frames=14/68): reward=-24.1250 (mean, 1 tok)
2026-04-30 16:57:53,305 mme_vla_suite.pseudo_labeling.topreward_qwen_scorer INFO: Prefix 6/8 (end=81, n_frames=16/82): reward=-24.0000 (mean, 1 tok)
2026-04-30 16:57:58,140 mme_vla_suite.pseudo_labeling.topreward_qwen_scorer INFO: Prefix 7/8 (end=95, n_frames=19/96): reward=-19.2500 (mean, 1 tok)
2026-04-30 16:58:03,007 mme_vla_suite.pseudo_labeling.topreward_qwen_scorer INFO: Prefix 8/8 (end=109, n_frames=22/110): reward=-19.3750 (mean, 1 tok)
2026-04-30 16:58:08,573 mme_vla_suite.pseudo_labeling.topreward_qwen_scorer INFO: Prefix 1/8 (end=4, n_frames=4/5): reward=-22.7500 (mean, 1 tok)
2026-04-30 16:58:13,323 mme_vla_suite.pseudo_labeling.topreward_qwen_scorer INFO: Prefix 2/8 (end=10, n_frames=4/11): reward=-22.8750 (mean, 1 tok)
2026-04-30 16:58:18,084 mme_vla_suite.pseudo_labeling.topreward_qwen_scorer INFO: Prefix 3/8 (end=16, n_frames=4/17): reward=-23.1250 (mean, 1 tok)
2026-04-30 16:58:22,829 mme_vla_suite.pseudo_labeling.topreward_qwen_scorer INFO: Prefix 4/8 (end=22, n_frames=5/23): reward=-22.6250 (mean, 1 tok)
2026-04-30 16:58:27,592 mme_vla_suite.pseudo_labeling.topreward_qwen_scorer INFO: Prefix 5/8 (end=28, n_frames=6/29): reward=-22.6250 (mean, 1 tok)
2026-04-30 16:58:32,334 mme_vla_suite.pseudo_labeling.topreward_qwen_scorer INFO: Prefix 6/8 (end=34, n_frames=7/35): reward=-23.1250 (mean, 1 tok)
2026-04-30 16:58:37,056 mme_vla_suite.pseudo_labeling.topreward_qwen_scorer INFO: Prefix 7/8 (end=40, n_frames=8/41): reward=-23.1250 (mean, 1 tok)
2026-04-30 16:58:41,822 mme_vla_suite.pseudo_labeling.topreward_qwen_scorer INFO: Prefix 8/8 (end=47, n_frames=10/48): reward=-20.6250 (mean, 1 tok)
2026-04-30 16:58:47,237 mme_vla_suite.pseudo_labeling.topreward_qwen_scorer INFO: Prefix 1/8 (end=11, n_frames=4/12): reward=-24.2500 (mean, 1 tok)
2026-04-30 16:58:51,824 mme_vla_suite.pseudo_labeling.topreward_qwen_scorer INFO: Prefix 2/8 (end=25, n_frames=5/26): reward=-24.6250 (mean, 1 tok)
2026-04-30 16:58:56,431 mme_vla_suite.pseudo_labeling.topreward_qwen_scorer INFO: Prefix 3/8 (end=40, n_frames=8/41): reward=-25.1250 (mean, 1 tok)
2026-04-30 16:59:01,052 mme_vla_suite.pseudo_labeling.topreward_qwen_scorer INFO: Prefix 4/8 (end=55, n_frames=11/56): reward=-24.3750 (mean, 1 tok)
2026-04-30 16:59:05,672 mme_vla_suite.pseudo_labeling.topreward_qwen_scorer INFO: Prefix 5/8 (end=69, n_frames=14/70): reward=-24.3750 (mean, 1 tok)
2026-04-30 16:59:10,336 mme_vla_suite.pseudo_labeling.topreward_qwen_scorer INFO: Prefix 6/8 (end=84, n_frames=17/85): reward=-24.6250 (mean, 1 tok)
2026-04-30 16:59:15,012 mme_vla_suite.pseudo_labeling.topreward_qwen_scorer INFO: Prefix 7/8 (end=99, n_frames=20/100): reward=-24.6250 (mean, 1 tok)
2026-04-30 16:59:19,712 mme_vla_suite.pseudo_labeling.topreward_qwen_scorer INFO: Prefix 8/8 (end=114, n_frames=23/115): reward=-19.6250 (mean, 1 tok)
2026-04-30 16:59:24,979 mme_vla_suite.pseudo_labeling.topreward_qwen_scorer INFO: Prefix 1/8 (end=12, n_frames=4/13): reward=-24.3750 (mean, 1 tok)
2026-04-30 16:59:29,545 mme_vla_suite.pseudo_labeling.topreward_qwen_scorer INFO: Prefix 2/8 (end=28, n_frames=6/29): reward=-24.3750 (mean, 1 tok)
2026-04-30 16:59:34,164 mme_vla_suite.pseudo_labeling.topreward_qwen_scorer INFO: Prefix 3/8 (end=44, n_frames=9/45): reward=-24.7500 (mean, 1 tok)
2026-04-30 16:59:38,787 mme_vla_suite.pseudo_labeling.topreward_qwen_scorer INFO: Prefix 4/8 (end=60, n_frames=12/61): reward=-24.7500 (mean, 1 tok)
2026-04-30 16:59:43,383 mme_vla_suite.pseudo_labeling.topreward_qwen_scorer INFO: Prefix 5/8 (end=77, n_frames=16/78): reward=-25.3750 (mean, 1 tok)
2026-04-30 16:59:48,053 mme_vla_suite.pseudo_labeling.topreward_qwen_scorer INFO: Prefix 6/8 (end=93, n_frames=19/94): reward=-25.1250 (mean, 1 tok)
2026-04-30 16:59:52,749 mme_vla_suite.pseudo_labeling.topreward_qwen_scorer INFO: Prefix 7/8 (end=109, n_frames=22/110): reward=-20.7500 (mean, 1 tok)
2026-04-30 16:59:57,621 mme_vla_suite.pseudo_labeling.topreward_qwen_scorer INFO: Prefix 8/8 (end=126, n_frames=25/127): reward=-20.2500 (mean, 1 tok)
2026-04-30 17:00:03,155 mme_vla_suite.pseudo_labeling.topreward_qwen_scorer INFO: Prefix 1/8 (end=11, n_frames=4/12): reward=-23.3750 (mean, 1 tok)
2026-04-30 17:00:07,894 mme_vla_suite.pseudo_labeling.topreward_qwen_scorer INFO: Prefix 2/8 (end=25, n_frames=5/26): reward=-23.3750 (mean, 1 tok)
2026-04-30 17:00:12,626 mme_vla_suite.pseudo_labeling.topreward_qwen_scorer INFO: Prefix 3/8 (end=39, n_frames=8/40): reward=-23.2500 (mean, 1 tok)
2026-04-30 17:00:17,357 mme_vla_suite.pseudo_labeling.topreward_qwen_scorer INFO: Prefix 4/8 (end=53, n_frames=11/54): reward=-22.5000 (mean, 1 tok)
2026-04-30 17:00:22,133 mme_vla_suite.pseudo_labeling.topreward_qwen_scorer INFO: Prefix 5/8 (end=67, n_frames=14/68): reward=-21.8750 (mean, 1 tok)
2026-04-30 17:00:26,938 mme_vla_suite.pseudo_labeling.topreward_qwen_scorer INFO: Prefix 6/8 (end=81, n_frames=16/82): reward=-22.7500 (mean, 1 tok)
2026-04-30 17:00:31,748 mme_vla_suite.pseudo_labeling.topreward_qwen_scorer INFO: Prefix 7/8 (end=95, n_frames=19/96): reward=-18.6250 (mean, 1 tok)
2026-04-30 17:00:36,560 mme_vla_suite.pseudo_labeling.topreward_qwen_scorer INFO: Prefix 8/8 (end=110, n_frames=22/111): reward=-18.6250 (mean, 1 tok)
2026-04-30 17:00:42,338 mme_vla_suite.pseudo_labeling.topreward_qwen_scorer INFO: Prefix 1/8 (end=4, n_frames=4/5): reward=-22.2500 (mean, 1 tok)
2026-04-30 17:00:47,047 mme_vla_suite.pseudo_labeling.topreward_qwen_scorer INFO: Prefix 2/8 (end=10, n_frames=4/11): reward=-22.3750 (mean, 1 tok)
2026-04-30 17:00:51,764 mme_vla_suite.pseudo_labeling.topreward_qwen_scorer INFO: Prefix 3/8 (end=16, n_frames=4/17): reward=-21.7500 (mean, 1 tok)
2026-04-30 17:00:56,479 mme_vla_suite.pseudo_labeling.topreward_qwen_scorer INFO: Prefix 4/8 (end=22, n_frames=5/23): reward=-21.5000 (mean, 1 tok)
2026-04-30 17:01:01,189 mme_vla_suite.pseudo_labeling.topreward_qwen_scorer INFO: Prefix 5/8 (end=28, n_frames=6/29): reward=-20.8750 (mean, 1 tok)
2026-04-30 17:01:05,914 mme_vla_suite.pseudo_labeling.topreward_qwen_scorer INFO: Prefix 6/8 (end=34, n_frames=7/35): reward=-21.7500 (mean, 1 tok)
2026-04-30 17:01:10,634 mme_vla_suite.pseudo_labeling.topreward_qwen_scorer INFO: Prefix 7/8 (end=40, n_frames=8/41): reward=-21.8750 (mean, 1 tok)
2026-04-30 17:01:15,360 mme_vla_suite.pseudo_labeling.topreward_qwen_scorer INFO: Prefix 8/8 (end=46, n_frames=9/47): reward=-21.1250 (mean, 1 tok)
2026-04-30 17:01:20,873 mme_vla_suite.pseudo_labeling.topreward_qwen_scorer INFO: Prefix 1/8 (end=8, n_frames=4/9): reward=-23.6250 (mean, 1 tok)
2026-04-30 17:01:25,600 mme_vla_suite.pseudo_labeling.topreward_qwen_scorer INFO: Prefix 2/8 (end=18, n_frames=4/19): reward=-24.1250 (mean, 1 tok)
2026-04-30 17:01:30,332 mme_vla_suite.pseudo_labeling.topreward_qwen_scorer INFO: Prefix 3/8 (end=28, n_frames=6/29): reward=-23.5000 (mean, 1 tok)
2026-04-30 17:01:35,066 mme_vla_suite.pseudo_labeling.topreward_qwen_scorer INFO: Prefix 4/8 (end=38, n_frames=8/39): reward=-24.0000 (mean, 1 tok)
2026-04-30 17:01:39,809 mme_vla_suite.pseudo_labeling.topreward_qwen_scorer INFO: Prefix 5/8 (end=48, n_frames=10/49): reward=-23.3750 (mean, 1 tok)
2026-04-30 17:01:44,555 mme_vla_suite.pseudo_labeling.topreward_qwen_scorer INFO: Prefix 6/8 (end=58, n_frames=12/59): reward=-22.2500 (mean, 1 tok)
2026-04-30 17:01:49,312 mme_vla_suite.pseudo_labeling.topreward_qwen_scorer INFO: Prefix 7/8 (end=68, n_frames=14/69): reward=-22.5000 (mean, 1 tok)
2026-04-30 17:01:54,111 mme_vla_suite.pseudo_labeling.topreward_qwen_scorer INFO: Prefix 8/8 (end=79, n_frames=16/80): reward=-17.6250 (mean, 1 tok)
2026-04-30 17:01:59,410 mme_vla_suite.pseudo_labeling.topreward_qwen_scorer INFO: Prefix 1/8 (end=8, n_frames=4/9): reward=-23.6250 (mean, 1 tok)
2026-04-30 17:02:03,976 mme_vla_suite.pseudo_labeling.topreward_qwen_scorer INFO: Prefix 2/8 (end=19, n_frames=4/20): reward=-23.5000 (mean, 1 tok)
2026-04-30 17:02:08,597 mme_vla_suite.pseudo_labeling.topreward_qwen_scorer INFO: Prefix 3/8 (end=30, n_frames=6/31): reward=-23.0000 (mean, 1 tok)
2026-04-30 17:02:13,344 mme_vla_suite.pseudo_labeling.topreward_qwen_scorer INFO: Prefix 4/8 (end=41, n_frames=8/42): reward=-23.0000 (mean, 1 tok)
2026-04-30 17:02:18,108 mme_vla_suite.pseudo_labeling.topreward_qwen_scorer INFO: Prefix 5/8 (end=52, n_frames=11/53): reward=-22.8750 (mean, 1 tok)
2026-04-30 17:02:22,932 mme_vla_suite.pseudo_labeling.topreward_qwen_scorer INFO: Prefix 6/8 (end=63, n_frames=13/64): reward=-23.0000 (mean, 1 tok)
2026-04-30 17:02:27,768 mme_vla_suite.pseudo_labeling.topreward_qwen_scorer INFO: Prefix 7/8 (end=74, n_frames=15/75): reward=-19.3750 (mean, 1 tok)
2026-04-30 17:02:32,542 mme_vla_suite.pseudo_labeling.topreward_qwen_scorer INFO: Prefix 8/8 (end=86, n_frames=17/87): reward=-18.3750 (mean, 1 tok)
2026-04-30 17:02:38,089 mme_vla_suite.pseudo_labeling.topreward_qwen_scorer INFO: Prefix 1/8 (end=9, n_frames=4/10): reward=-23.3750 (mean, 1 tok)
2026-04-30 17:02:42,833 mme_vla_suite.pseudo_labeling.topreward_qwen_scorer INFO: Prefix 2/8 (end=21, n_frames=4/22): reward=-23.6250 (mean, 1 tok)
2026-04-30 17:02:47,600 mme_vla_suite.pseudo_labeling.topreward_qwen_scorer INFO: Prefix 3/8 (end=33, n_frames=7/34): reward=-22.2500 (mean, 1 tok)
2026-04-30 17:02:52,352 mme_vla_suite.pseudo_labeling.topreward_qwen_scorer INFO: Prefix 4/8 (end=45, n_frames=9/46): reward=-22.3750 (mean, 1 tok)
2026-04-30 17:02:57,132 mme_vla_suite.pseudo_labeling.topreward_qwen_scorer INFO: Prefix 5/8 (end=58, n_frames=12/59): reward=-22.7500 (mean, 1 tok)
2026-04-30 17:03:01,916 mme_vla_suite.pseudo_labeling.topreward_qwen_scorer INFO: Prefix 6/8 (end=70, n_frames=14/71): reward=-24.0000 (mean, 1 tok)
2026-04-30 17:03:06,739 mme_vla_suite.pseudo_labeling.topreward_qwen_scorer INFO: Prefix 7/8 (end=82, n_frames=17/83): reward=-24.1250 (mean, 1 tok)
2026-04-30 17:03:11,573 mme_vla_suite.pseudo_labeling.topreward_qwen_scorer INFO: Prefix 8/8 (end=95, n_frames=19/96): reward=-18.3750 (mean, 1 tok)
2026-04-30 17:03:17,032 mme_vla_suite.pseudo_labeling.topreward_qwen_scorer INFO: Prefix 1/8 (end=10, n_frames=4/11): reward=-23.3750 (mean, 1 tok)
2026-04-30 17:03:21,734 mme_vla_suite.pseudo_labeling.topreward_qwen_scorer INFO: Prefix 2/8 (end=23, n_frames=5/24): reward=-23.6250 (mean, 1 tok)
2026-04-30 17:03:26,511 mme_vla_suite.pseudo_labeling.topreward_qwen_scorer INFO: Prefix 3/8 (end=37, n_frames=8/38): reward=-22.5000 (mean, 1 tok)
2026-04-30 17:03:31,268 mme_vla_suite.pseudo_labeling.topreward_qwen_scorer INFO: Prefix 4/8 (end=51, n_frames=10/52): reward=-23.3750 (mean, 1 tok)
2026-04-30 17:03:36,066 mme_vla_suite.pseudo_labeling.topreward_qwen_scorer INFO: Prefix 5/8 (end=64, n_frames=13/65): reward=-23.7500 (mean, 1 tok)
2026-04-30 17:03:40,950 mme_vla_suite.pseudo_labeling.topreward_qwen_scorer INFO: Prefix 6/8 (end=78, n_frames=16/79): reward=-24.1250 (mean, 1 tok)
2026-04-30 17:03:45,820 mme_vla_suite.pseudo_labeling.topreward_qwen_scorer INFO: Prefix 7/8 (end=92, n_frames=19/93): reward=-21.2500 (mean, 1 tok)
2026-04-30 17:03:50,688 mme_vla_suite.pseudo_labeling.topreward_qwen_scorer INFO: Prefix 8/8 (end=106, n_frames=21/107): reward=-19.2500 (mean, 1 tok)
2026-04-30 17:03:56,369 mme_vla_suite.pseudo_labeling.topreward_qwen_scorer INFO: Prefix 1/8 (end=10, n_frames=4/11): reward=-23.8750 (mean, 1 tok)
2026-04-30 17:04:01,112 mme_vla_suite.pseudo_labeling.topreward_qwen_scorer INFO: Prefix 2/8 (end=23, n_frames=5/24): reward=-24.1250 (mean, 1 tok)
2026-04-30 17:04:05,855 mme_vla_suite.pseudo_labeling.topreward_qwen_scorer INFO: Prefix 3/8 (end=37, n_frames=8/38): reward=-23.7500 (mean, 1 tok)
2026-04-30 17:04:10,627 mme_vla_suite.pseudo_labeling.topreward_qwen_scorer INFO: Prefix 4/8 (end=51, n_frames=10/52): reward=-22.6250 (mean, 1 tok)
2026-04-30 17:04:15,431 mme_vla_suite.pseudo_labeling.topreward_qwen_scorer INFO: Prefix 5/8 (end=65, n_frames=13/66): reward=-23.0000 (mean, 1 tok)
2026-04-30 17:04:20,208 mme_vla_suite.pseudo_labeling.topreward_qwen_scorer INFO: Prefix 6/8 (end=79, n_frames=16/80): reward=-23.5000 (mean, 1 tok)
2026-04-30 17:04:25,026 mme_vla_suite.pseudo_labeling.topreward_qwen_scorer INFO: Prefix 7/8 (end=93, n_frames=19/94): reward=-24.7500 (mean, 1 tok)
2026-04-30 17:04:29,860 mme_vla_suite.pseudo_labeling.topreward_qwen_scorer INFO: Prefix 8/8 (end=107, n_frames=22/108): reward=-19.7500 (mean, 1 tok)
2026-04-30 17:04:35,396 mme_vla_suite.pseudo_labeling.topreward_qwen_scorer INFO: Prefix 1/8 (end=4, n_frames=4/5): reward=-21.1250 (mean, 1 tok)
2026-04-30 17:04:40,135 mme_vla_suite.pseudo_labeling.topreward_qwen_scorer INFO: Prefix 2/8 (end=10, n_frames=4/11): reward=-21.3750 (mean, 1 tok)
2026-04-30 17:04:44,874 mme_vla_suite.pseudo_labeling.topreward_qwen_scorer INFO: Prefix 3/8 (end=16, n_frames=4/17): reward=-20.8750 (mean, 1 tok)
2026-04-30 17:04:49,495 mme_vla_suite.pseudo_labeling.topreward_qwen_scorer INFO: Prefix 4/8 (end=22, n_frames=5/23): reward=-21.2500 (mean, 1 tok)
2026-04-30 17:04:54,095 mme_vla_suite.pseudo_labeling.topreward_qwen_scorer INFO: Prefix 5/8 (end=28, n_frames=6/29): reward=-21.5000 (mean, 1 tok)
2026-04-30 17:04:58,659 mme_vla_suite.pseudo_labeling.topreward_qwen_scorer INFO: Prefix 6/8 (end=34, n_frames=7/35): reward=-20.8750 (mean, 1 tok)
2026-04-30 17:05:03,248 mme_vla_suite.pseudo_labeling.topreward_qwen_scorer INFO: Prefix 7/8 (end=40, n_frames=8/41): reward=-21.7500 (mean, 1 tok)
2026-04-30 17:05:07,761 mme_vla_suite.pseudo_labeling.topreward_qwen_scorer INFO: Prefix 8/8 (end=47, n_frames=10/48): reward=-20.6250 (mean, 1 tok)
2026-04-30 17:05:13,315 mme_vla_suite.pseudo_labeling.topreward_qwen_scorer INFO: Prefix 1/8 (end=7, n_frames=4/8): reward=-24.6250 (mean, 1 tok)
2026-04-30 17:05:17,904 mme_vla_suite.pseudo_labeling.topreward_qwen_scorer INFO: Prefix 2/8 (end=16, n_frames=4/17): reward=-24.5000 (mean, 1 tok)
2026-04-30 17:05:22,509 mme_vla_suite.pseudo_labeling.topreward_qwen_scorer INFO: Prefix 3/8 (end=26, n_frames=5/27): reward=-23.8750 (mean, 1 tok)
2026-04-30 17:05:27,092 mme_vla_suite.pseudo_labeling.topreward_qwen_scorer INFO: Prefix 4/8 (end=36, n_frames=7/37): reward=-24.2500 (mean, 1 tok)
2026-04-30 17:05:31,706 mme_vla_suite.pseudo_labeling.topreward_qwen_scorer INFO: Prefix 5/8 (end=45, n_frames=9/46): reward=-23.7500 (mean, 1 tok)
2026-04-30 17:05:36,352 mme_vla_suite.pseudo_labeling.topreward_qwen_scorer INFO: Prefix 6/8 (end=55, n_frames=11/56): reward=-23.6250 (mean, 1 tok)
2026-04-30 17:05:40,971 mme_vla_suite.pseudo_labeling.topreward_qwen_scorer INFO: Prefix 7/8 (end=65, n_frames=13/66): reward=-23.1250 (mean, 1 tok)
2026-04-30 17:05:45,642 mme_vla_suite.pseudo_labeling.topreward_qwen_scorer INFO: Prefix 8/8 (end=75, n_frames=15/76): reward=-19.2500 (mean, 1 tok)
2026-04-30 17:05:50,842 mme_vla_suite.pseudo_labeling.topreward_qwen_scorer INFO: Prefix 1/8 (end=8, n_frames=4/9): reward=-24.6250 (mean, 1 tok)
2026-04-30 17:05:55,533 mme_vla_suite.pseudo_labeling.topreward_qwen_scorer INFO: Prefix 2/8 (end=18, n_frames=4/19): reward=-24.1250 (mean, 1 tok)
2026-04-30 17:06:00,297 mme_vla_suite.pseudo_labeling.topreward_qwen_scorer INFO: Prefix 3/8 (end=29, n_frames=6/30): reward=-23.5000 (mean, 1 tok)
2026-04-30 17:06:05,064 mme_vla_suite.pseudo_labeling.topreward_qwen_scorer INFO: Prefix 4/8 (end=39, n_frames=8/40): reward=-24.2500 (mean, 1 tok)
2026-04-30 17:06:09,779 mme_vla_suite.pseudo_labeling.topreward_qwen_scorer INFO: Prefix 5/8 (end=50, n_frames=10/51): reward=-23.7500 (mean, 1 tok)
2026-04-30 17:06:14,548 mme_vla_suite.pseudo_labeling.topreward_qwen_scorer INFO: Prefix 6/8 (end=60, n_frames=12/61): reward=-23.8750 (mean, 1 tok)
2026-04-30 17:06:19,325 mme_vla_suite.pseudo_labeling.topreward_qwen_scorer INFO: Prefix 7/8 (end=71, n_frames=14/72): reward=-19.8750 (mean, 1 tok)
2026-04-30 17:06:24,087 mme_vla_suite.pseudo_labeling.topreward_qwen_scorer INFO: Prefix 8/8 (end=82, n_frames=17/83): reward=-18.7500 (mean, 1 tok)
2026-04-30 17:06:29,669 mme_vla_suite.pseudo_labeling.topreward_qwen_scorer INFO: Prefix 1/8 (end=9, n_frames=4/10): reward=-23.7500 (mean, 1 tok)
2026-04-30 17:06:34,408 mme_vla_suite.pseudo_labeling.topreward_qwen_scorer INFO: Prefix 2/8 (end=21, n_frames=4/22): reward=-24.0000 (mean, 1 tok)
2026-04-30 17:06:39,159 mme_vla_suite.pseudo_labeling.topreward_qwen_scorer INFO: Prefix 3/8 (end=34, n_frames=7/35): reward=-22.3750 (mean, 1 tok)
2026-04-30 17:06:43,968 mme_vla_suite.pseudo_labeling.topreward_qwen_scorer INFO: Prefix 4/8 (end=46, n_frames=9/47): reward=-23.0000 (mean, 1 tok)
2026-04-30 17:06:48,755 mme_vla_suite.pseudo_labeling.topreward_qwen_scorer INFO: Prefix 5/8 (end=59, n_frames=12/60): reward=-22.2500 (mean, 1 tok)
2026-04-30 17:06:53,545 mme_vla_suite.pseudo_labeling.topreward_qwen_scorer INFO: Prefix 6/8 (end=71, n_frames=14/72): reward=-23.3750 (mean, 1 tok)
2026-04-30 17:06:58,329 mme_vla_suite.pseudo_labeling.topreward_qwen_scorer INFO: Prefix 7/8 (end=84, n_frames=17/85): reward=-20.3750 (mean, 1 tok)
2026-04-30 17:07:03,140 mme_vla_suite.pseudo_labeling.topreward_qwen_scorer INFO: Prefix 8/8 (end=97, n_frames=20/98): reward=-21.7500 (mean, 1 tok)
2026-04-30 17:07:09,110 mme_vla_suite.pseudo_labeling.topreward_qwen_scorer INFO: Prefix 1/8 (end=5, n_frames=4/6): reward=-21.7500 (mean, 1 tok)
2026-04-30 17:07:13,922 mme_vla_suite.pseudo_labeling.topreward_qwen_scorer INFO: Prefix 2/8 (end=11, n_frames=4/12): reward=-21.8750 (mean, 1 tok)
2026-04-30 17:07:18,653 mme_vla_suite.pseudo_labeling.topreward_qwen_scorer INFO: Prefix 3/8 (end=17, n_frames=4/18): reward=-22.3750 (mean, 1 tok)
2026-04-30 17:07:23,461 mme_vla_suite.pseudo_labeling.topreward_qwen_scorer INFO: Prefix 4/8 (end=24, n_frames=5/25): reward=-19.3750 (mean, 1 tok)
2026-04-30 17:07:28,267 mme_vla_suite.pseudo_labeling.topreward_qwen_scorer INFO: Prefix 5/8 (end=30, n_frames=6/31): reward=-18.6250 (mean, 1 tok)
2026-04-30 17:07:33,096 mme_vla_suite.pseudo_labeling.topreward_qwen_scorer INFO: Prefix 6/8 (end=37, n_frames=8/38): reward=-20.3750 (mean, 1 tok)
2026-04-30 17:07:37,941 mme_vla_suite.pseudo_labeling.topreward_qwen_scorer INFO: Prefix 7/8 (end=43, n_frames=9/44): reward=-19.0000 (mean, 1 tok)
2026-04-30 17:07:42,698 mme_vla_suite.pseudo_labeling.topreward_qwen_scorer INFO: Prefix 8/8 (end=50, n_frames=10/51): reward=-19.0000 (mean, 1 tok)
2026-04-30 17:07:48,433 mme_vla_suite.pseudo_labeling.topreward_qwen_scorer INFO: Prefix 1/8 (end=10, n_frames=4/11): reward=-24.3750 (mean, 1 tok)
2026-04-30 17:07:53,184 mme_vla_suite.pseudo_labeling.topreward_qwen_scorer INFO: Prefix 2/8 (end=23, n_frames=5/24): reward=-23.7500 (mean, 1 tok)
2026-04-30 17:07:57,944 mme_vla_suite.pseudo_labeling.topreward_qwen_scorer INFO: Prefix 3/8 (end=36, n_frames=7/37): reward=-23.8750 (mean, 1 tok)
2026-04-30 17:08:02,709 mme_vla_suite.pseudo_labeling.topreward_qwen_scorer INFO: Prefix 4/8 (end=49, n_frames=10/50): reward=-23.1250 (mean, 1 tok)
2026-04-30 17:08:07,502 mme_vla_suite.pseudo_labeling.topreward_qwen_scorer INFO: Prefix 5/8 (end=62, n_frames=13/63): reward=-23.8750 (mean, 1 tok)
2026-04-30 17:08:12,291 mme_vla_suite.pseudo_labeling.topreward_qwen_scorer INFO: Prefix 6/8 (end=75, n_frames=15/76): reward=-23.6250 (mean, 1 tok)
2026-04-30 17:08:17,107 mme_vla_suite.pseudo_labeling.topreward_qwen_scorer INFO: Prefix 7/8 (end=88, n_frames=18/89): reward=-24.7500 (mean, 1 tok)
2026-04-30 17:08:21,995 mme_vla_suite.pseudo_labeling.topreward_qwen_scorer INFO: Prefix 8/8 (end=102, n_frames=21/103): reward=-19.6250 (mean, 1 tok)
2026-04-30 17:08:27,492 mme_vla_suite.pseudo_labeling.topreward_qwen_scorer INFO: Prefix 1/8 (end=11, n_frames=4/12): reward=-24.5000 (mean, 1 tok)
2026-04-30 17:08:32,228 mme_vla_suite.pseudo_labeling.topreward_qwen_scorer INFO: Prefix 2/8 (end=25, n_frames=5/26): reward=-23.8750 (mean, 1 tok)
2026-04-30 17:08:36,936 mme_vla_suite.pseudo_labeling.topreward_qwen_scorer INFO: Prefix 3/8 (end=39, n_frames=8/40): reward=-23.3750 (mean, 1 tok)
2026-04-30 17:08:41,697 mme_vla_suite.pseudo_labeling.topreward_qwen_scorer INFO: Prefix 4/8 (end=54, n_frames=11/55): reward=-24.5000 (mean, 1 tok)
2026-04-30 17:08:46,517 mme_vla_suite.pseudo_labeling.topreward_qwen_scorer INFO: Prefix 5/8 (end=68, n_frames=14/69): reward=-23.6250 (mean, 1 tok)
2026-04-30 17:08:51,318 mme_vla_suite.pseudo_labeling.topreward_qwen_scorer INFO: Prefix 6/8 (end=83, n_frames=17/84): reward=-24.7500 (mean, 1 tok)
2026-04-30 17:08:56,152 mme_vla_suite.pseudo_labeling.topreward_qwen_scorer INFO: Prefix 7/8 (end=97, n_frames=20/98): reward=-19.2500 (mean, 1 tok)
2026-04-30 17:09:01,065 mme_vla_suite.pseudo_labeling.topreward_qwen_scorer INFO: Prefix 8/8 (end=112, n_frames=23/113): reward=-20.6250 (mean, 1 tok)
2026-04-30 17:09:06,744 mme_vla_suite.pseudo_labeling.topreward_qwen_scorer INFO: Prefix 1/8 (end=10, n_frames=4/11): reward=-24.0000 (mean, 1 tok)
2026-04-30 17:09:11,491 mme_vla_suite.pseudo_labeling.topreward_qwen_scorer INFO: Prefix 2/8 (end=22, n_frames=5/23): reward=-23.7500 (mean, 1 tok)
2026-04-30 17:09:16,241 mme_vla_suite.pseudo_labeling.topreward_qwen_scorer INFO: Prefix 3/8 (end=35, n_frames=7/36): reward=-22.8750 (mean, 1 tok)
2026-04-30 17:09:21,012 mme_vla_suite.pseudo_labeling.topreward_qwen_scorer INFO: Prefix 4/8 (end=48, n_frames=10/49): reward=-22.3750 (mean, 1 tok)
2026-04-30 17:09:25,817 mme_vla_suite.pseudo_labeling.topreward_qwen_scorer INFO: Prefix 5/8 (end=61, n_frames=12/62): reward=-22.1250 (mean, 1 tok)
2026-04-30 17:09:30,644 mme_vla_suite.pseudo_labeling.topreward_qwen_scorer INFO: Prefix 6/8 (end=74, n_frames=15/75): reward=-23.2500 (mean, 1 tok)
2026-04-30 17:09:35,468 mme_vla_suite.pseudo_labeling.topreward_qwen_scorer INFO: Prefix 7/8 (end=87, n_frames=18/88): reward=-22.5000 (mean, 1 tok)
2026-04-30 17:09:40,295 mme_vla_suite.pseudo_labeling.topreward_qwen_scorer INFO: Prefix 8/8 (end=100, n_frames=20/101): reward=-21.2500 (mean, 1 tok)
2026-04-30 17:09:45,816 mme_vla_suite.pseudo_labeling.topreward_qwen_scorer INFO: Prefix 1/8 (end=10, n_frames=4/11): reward=-24.0000 (mean, 1 tok)
2026-04-30 17:09:50,567 mme_vla_suite.pseudo_labeling.topreward_qwen_scorer INFO: Prefix 2/8 (end=23, n_frames=5/24): reward=-23.7500 (mean, 1 tok)
2026-04-30 17:09:55,321 mme_vla_suite.pseudo_labeling.topreward_qwen_scorer INFO: Prefix 3/8 (end=37, n_frames=8/38): reward=-22.1250 (mean, 1 tok)
2026-04-30 17:10:00,087 mme_vla_suite.pseudo_labeling.topreward_qwen_scorer INFO: Prefix 4/8 (end=51, n_frames=10/52): reward=-22.2500 (mean, 1 tok)
2026-04-30 17:10:04,877 mme_vla_suite.pseudo_labeling.topreward_qwen_scorer INFO: Prefix 5/8 (end=65, n_frames=13/66): reward=-22.0000 (mean, 1 tok)
2026-04-30 17:10:09,678 mme_vla_suite.pseudo_labeling.topreward_qwen_scorer INFO: Prefix 6/8 (end=79, n_frames=16/80): reward=-23.2500 (mean, 1 tok)
2026-04-30 17:10:14,500 mme_vla_suite.pseudo_labeling.topreward_qwen_scorer INFO: Prefix 7/8 (end=93, n_frames=19/94): reward=-24.5000 (mean, 1 tok)
2026-04-30 17:10:19,334 mme_vla_suite.pseudo_labeling.topreward_qwen_scorer INFO: Prefix 8/8 (end=107, n_frames=22/108): reward=-18.8750 (mean, 1 tok)
2026-04-30 17:10:24,867 mme_vla_suite.pseudo_labeling.topreward_qwen_scorer INFO: Prefix 1/8 (end=9, n_frames=4/10): reward=-24.0000 (mean, 1 tok)
2026-04-30 17:10:29,603 mme_vla_suite.pseudo_labeling.topreward_qwen_scorer INFO: Prefix 2/8 (end=20, n_frames=4/21): reward=-24.0000 (mean, 1 tok)
2026-04-30 17:10:34,344 mme_vla_suite.pseudo_labeling.topreward_qwen_scorer INFO: Prefix 3/8 (end=32, n_frames=7/33): reward=-22.7500 (mean, 1 tok)
2026-04-30 17:10:39,095 mme_vla_suite.pseudo_labeling.topreward_qwen_scorer INFO: Prefix 4/8 (end=44, n_frames=9/45): reward=-23.2500 (mean, 1 tok)
2026-04-30 17:10:43,845 mme_vla_suite.pseudo_labeling.topreward_qwen_scorer INFO: Prefix 5/8 (end=55, n_frames=11/56): reward=-22.8750 (mean, 1 tok)
2026-04-30 17:10:48,551 mme_vla_suite.pseudo_labeling.topreward_qwen_scorer INFO: Prefix 6/8 (end=67, n_frames=14/68): reward=-24.1250 (mean, 1 tok)
2026-04-30 17:10:53,190 mme_vla_suite.pseudo_labeling.topreward_qwen_scorer INFO: Prefix 7/8 (end=79, n_frames=16/80): reward=-23.7500 (mean, 1 tok)
2026-04-30 17:10:57,865 mme_vla_suite.pseudo_labeling.topreward_qwen_scorer INFO: Prefix 8/8 (end=91, n_frames=18/92): reward=-18.8750 (mean, 1 tok)
2026-04-30 17:11:03,192 mme_vla_suite.pseudo_labeling.topreward_qwen_scorer INFO: Prefix 1/8 (end=10, n_frames=4/11): reward=-24.0000 (mean, 1 tok)
2026-04-30 17:11:07,737 mme_vla_suite.pseudo_labeling.topreward_qwen_scorer INFO: Prefix 2/8 (end=22, n_frames=5/23): reward=-23.8750 (mean, 1 tok)
2026-04-30 17:11:12,330 mme_vla_suite.pseudo_labeling.topreward_qwen_scorer INFO: Prefix 3/8 (end=35, n_frames=7/36): reward=-22.6250 (mean, 1 tok)
2026-04-30 17:11:16,906 mme_vla_suite.pseudo_labeling.topreward_qwen_scorer INFO: Prefix 4/8 (end=48, n_frames=10/49): reward=-22.3750 (mean, 1 tok)
2026-04-30 17:11:21,447 mme_vla_suite.pseudo_labeling.topreward_qwen_scorer INFO: Prefix 5/8 (end=61, n_frames=12/62): reward=-23.6250 (mean, 1 tok)
2026-04-30 17:11:26,096 mme_vla_suite.pseudo_labeling.topreward_qwen_scorer INFO: Prefix 6/8 (end=74, n_frames=15/75): reward=-23.3750 (mean, 1 tok)
2026-04-30 17:11:30,651 mme_vla_suite.pseudo_labeling.topreward_qwen_scorer INFO: Prefix 7/8 (end=87, n_frames=18/88): reward=-18.5000 (mean, 1 tok)
2026-04-30 17:11:35,278 mme_vla_suite.pseudo_labeling.topreward_qwen_scorer INFO: Prefix 8/8 (end=100, n_frames=20/101): reward=-18.8750 (mean, 1 tok)
2026-04-30 17:11:40,827 mme_vla_suite.pseudo_labeling.topreward_qwen_scorer INFO: Prefix 1/8 (end=10, n_frames=4/11): reward=-24.1250 (mean, 1 tok)
2026-04-30 17:11:45,440 mme_vla_suite.pseudo_labeling.topreward_qwen_scorer INFO: Prefix 2/8 (end=23, n_frames=5/24): reward=-23.6250 (mean, 1 tok)
2026-04-30 17:11:50,012 mme_vla_suite.pseudo_labeling.topreward_qwen_scorer INFO: Prefix 3/8 (end=37, n_frames=8/38): reward=-23.1250 (mean, 1 tok)
2026-04-30 17:11:54,582 mme_vla_suite.pseudo_labeling.topreward_qwen_scorer INFO: Prefix 4/8 (end=51, n_frames=10/52): reward=-22.5000 (mean, 1 tok)
2026-04-30 17:11:59,214 mme_vla_suite.pseudo_labeling.topreward_qwen_scorer INFO: Prefix 5/8 (end=65, n_frames=13/66): reward=-23.5000 (mean, 1 tok)
2026-04-30 17:12:03,845 mme_vla_suite.pseudo_labeling.topreward_qwen_scorer INFO: Prefix 6/8 (end=79, n_frames=16/80): reward=-23.1250 (mean, 1 tok)
2026-04-30 17:12:08,548 mme_vla_suite.pseudo_labeling.topreward_qwen_scorer INFO: Prefix 7/8 (end=93, n_frames=19/94): reward=-23.1250 (mean, 1 tok)
2026-04-30 17:12:13,461 mme_vla_suite.pseudo_labeling.topreward_qwen_scorer INFO: Prefix 8/8 (end=107, n_frames=22/108): reward=-20.2500 (mean, 1 tok)
2026-04-30 17:12:19,420 mme_vla_suite.pseudo_labeling.topreward_qwen_scorer INFO: Prefix 1/8 (end=5, n_frames=4/6): reward=-20.2500 (mean, 1 tok)
2026-04-30 17:12:24,170 mme_vla_suite.pseudo_labeling.topreward_qwen_scorer INFO: Prefix 2/8 (end=11, n_frames=4/12): reward=-21.1250 (mean, 1 tok)
2026-04-30 17:12:28,900 mme_vla_suite.pseudo_labeling.topreward_qwen_scorer INFO: Prefix 3/8 (end=17, n_frames=4/18): reward=-21.0000 (mean, 1 tok)
2026-04-30 17:12:33,626 mme_vla_suite.pseudo_labeling.topreward_qwen_scorer INFO: Prefix 4/8 (end=23, n_frames=5/24): reward=-21.2500 (mean, 1 tok)
2026-04-30 17:12:38,371 mme_vla_suite.pseudo_labeling.topreward_qwen_scorer INFO: Prefix 5/8 (end=30, n_frames=6/31): reward=-21.8750 (mean, 1 tok)
2026-04-30 17:12:43,142 mme_vla_suite.pseudo_labeling.topreward_qwen_scorer INFO: Prefix 6/8 (end=36, n_frames=7/37): reward=-21.6250 (mean, 1 tok)
2026-04-30 17:12:47,920 mme_vla_suite.pseudo_labeling.topreward_qwen_scorer INFO: Prefix 7/8 (end=42, n_frames=9/43): reward=-20.2500 (mean, 1 tok)
2026-04-30 17:12:52,701 mme_vla_suite.pseudo_labeling.topreward_qwen_scorer INFO: Prefix 8/8 (end=49, n_frames=10/50): reward=-20.5000 (mean, 1 tok)
2026-04-30 17:12:58,455 mme_vla_suite.pseudo_labeling.topreward_qwen_scorer INFO: Prefix 1/8 (end=9, n_frames=4/10): reward=-24.5000 (mean, 1 tok)
2026-04-30 17:13:03,212 mme_vla_suite.pseudo_labeling.topreward_qwen_scorer INFO: Prefix 2/8 (end=21, n_frames=4/22): reward=-24.1250 (mean, 1 tok)
2026-04-30 17:13:07,989 mme_vla_suite.pseudo_labeling.topreward_qwen_scorer INFO: Prefix 3/8 (end=33, n_frames=7/34): reward=-22.8750 (mean, 1 tok)
2026-04-30 17:13:12,792 mme_vla_suite.pseudo_labeling.topreward_qwen_scorer INFO: Prefix 4/8 (end=45, n_frames=9/46): reward=-23.3750 (mean, 1 tok)
2026-04-30 17:13:17,590 mme_vla_suite.pseudo_labeling.topreward_qwen_scorer INFO: Prefix 5/8 (end=57, n_frames=12/58): reward=-24.2500 (mean, 1 tok)
2026-04-30 17:13:22,416 mme_vla_suite.pseudo_labeling.topreward_qwen_scorer INFO: Prefix 6/8 (end=69, n_frames=14/70): reward=-23.1250 (mean, 1 tok)
2026-04-30 17:13:27,245 mme_vla_suite.pseudo_labeling.topreward_qwen_scorer INFO: Prefix 7/8 (end=81, n_frames=16/82): reward=-24.0000 (mean, 1 tok)
2026-04-30 17:13:32,108 mme_vla_suite.pseudo_labeling.topreward_qwen_scorer INFO: Prefix 8/8 (end=93, n_frames=19/94): reward=-20.5000 (mean, 1 tok)
2026-04-30 17:13:37,686 mme_vla_suite.pseudo_labeling.topreward_qwen_scorer INFO: Prefix 1/8 (end=10, n_frames=4/11): reward=-24.2500 (mean, 1 tok)
2026-04-30 17:13:42,458 mme_vla_suite.pseudo_labeling.topreward_qwen_scorer INFO: Prefix 2/8 (end=22, n_frames=5/23): reward=-23.2500 (mean, 1 tok)
2026-04-30 17:13:47,175 mme_vla_suite.pseudo_labeling.topreward_qwen_scorer INFO: Prefix 3/8 (end=35, n_frames=7/36): reward=-22.6250 (mean, 1 tok)
2026-04-30 17:13:51,953 mme_vla_suite.pseudo_labeling.topreward_qwen_scorer INFO: Prefix 4/8 (end=48, n_frames=10/49): reward=-23.0000 (mean, 1 tok)
2026-04-30 17:13:56,733 mme_vla_suite.pseudo_labeling.topreward_qwen_scorer INFO: Prefix 5/8 (end=61, n_frames=12/62): reward=-24.5000 (mean, 1 tok)
2026-04-30 17:14:01,541 mme_vla_suite.pseudo_labeling.topreward_qwen_scorer INFO: Prefix 6/8 (end=74, n_frames=15/75): reward=-23.3750 (mean, 1 tok)
2026-04-30 17:14:06,397 mme_vla_suite.pseudo_labeling.topreward_qwen_scorer INFO: Prefix 7/8 (end=87, n_frames=18/88): reward=-21.3750 (mean, 1 tok)
2026-04-30 17:14:11,274 mme_vla_suite.pseudo_labeling.topreward_qwen_scorer INFO: Prefix 8/8 (end=100, n_frames=20/101): reward=-19.0000 (mean, 1 tok)
2026-04-30 17:14:16,996 mme_vla_suite.pseudo_labeling.topreward_qwen_scorer INFO: Prefix 1/8 (end=10, n_frames=4/11): reward=-23.7500 (mean, 1 tok)
2026-04-30 17:14:21,764 mme_vla_suite.pseudo_labeling.topreward_qwen_scorer INFO: Prefix 2/8 (end=22, n_frames=5/23): reward=-23.8750 (mean, 1 tok)
2026-04-30 17:14:26,540 mme_vla_suite.pseudo_labeling.topreward_qwen_scorer INFO: Prefix 3/8 (end=35, n_frames=7/36): reward=-22.8750 (mean, 1 tok)
2026-04-30 17:14:31,324 mme_vla_suite.pseudo_labeling.topreward_qwen_scorer INFO: Prefix 4/8 (end=48, n_frames=10/49): reward=-23.3750 (mean, 1 tok)
2026-04-30 17:14:36,124 mme_vla_suite.pseudo_labeling.topreward_qwen_scorer INFO: Prefix 5/8 (end=60, n_frames=12/61): reward=-23.2500 (mean, 1 tok)
2026-04-30 17:14:40,965 mme_vla_suite.pseudo_labeling.topreward_qwen_scorer INFO: Prefix 6/8 (end=73, n_frames=15/74): reward=-23.8750 (mean, 1 tok)
2026-04-30 17:14:45,784 mme_vla_suite.pseudo_labeling.topreward_qwen_scorer INFO: Prefix 7/8 (end=86, n_frames=17/87): reward=-23.2500 (mean, 1 tok)
2026-04-30 17:14:50,655 mme_vla_suite.pseudo_labeling.topreward_qwen_scorer INFO: Prefix 8/8 (end=99, n_frames=20/100): reward=-18.6250 (mean, 1 tok)
2026-04-30 17:14:56,051 mme_vla_suite.pseudo_labeling.topreward_qwen_scorer INFO: Prefix 1/8 (end=11, n_frames=4/12): reward=-23.7500 (mean, 1 tok)
2026-04-30 17:15:00,837 mme_vla_suite.pseudo_labeling.topreward_qwen_scorer INFO: Prefix 2/8 (end=25, n_frames=5/26): reward=-23.8750 (mean, 1 tok)
2026-04-30 17:15:05,622 mme_vla_suite.pseudo_labeling.topreward_qwen_scorer INFO: Prefix 3/8 (end=39, n_frames=8/40): reward=-22.3750 (mean, 1 tok)
2026-04-30 17:15:10,412 mme_vla_suite.pseudo_labeling.topreward_qwen_scorer INFO: Prefix 4/8 (end=53, n_frames=11/54): reward=-23.2500 (mean, 1 tok)
2026-04-30 17:15:15,174 mme_vla_suite.pseudo_labeling.topreward_qwen_scorer INFO: Prefix 5/8 (end=67, n_frames=14/68): reward=-24.0000 (mean, 1 tok)
2026-04-30 17:15:20,019 mme_vla_suite.pseudo_labeling.topreward_qwen_scorer INFO: Prefix 6/8 (end=81, n_frames=16/82): reward=-23.7500 (mean, 1 tok)
2026-04-30 17:15:24,868 mme_vla_suite.pseudo_labeling.topreward_qwen_scorer INFO: Prefix 7/8 (end=95, n_frames=19/96): reward=-20.7500 (mean, 1 tok)
2026-04-30 17:15:29,738 mme_vla_suite.pseudo_labeling.topreward_qwen_scorer INFO: Prefix 8/8 (end=109, n_frames=22/110): reward=-19.0000 (mean, 1 tok)
2026-04-30 17:15:35,278 mme_vla_suite.pseudo_labeling.topreward_qwen_scorer INFO: Prefix 1/8 (end=10, n_frames=4/11): reward=-23.2500 (mean, 1 tok)
2026-04-30 17:15:40,060 mme_vla_suite.pseudo_labeling.topreward_qwen_scorer INFO: Prefix 2/8 (end=23, n_frames=5/24): reward=-23.1250 (mean, 1 tok)
2026-04-30 17:15:44,821 mme_vla_suite.pseudo_labeling.topreward_qwen_scorer INFO: Prefix 3/8 (end=36, n_frames=7/37): reward=-22.8750 (mean, 1 tok)
2026-04-30 17:15:49,603 mme_vla_suite.pseudo_labeling.topreward_qwen_scorer INFO: Prefix 4/8 (end=49, n_frames=10/50): reward=-21.7500 (mean, 1 tok)
2026-04-30 17:15:54,374 mme_vla_suite.pseudo_labeling.topreward_qwen_scorer INFO: Prefix 5/8 (end=62, n_frames=13/63): reward=-22.7500 (mean, 1 tok)
2026-04-30 17:15:59,200 mme_vla_suite.pseudo_labeling.topreward_qwen_scorer INFO: Prefix 6/8 (end=75, n_frames=15/76): reward=-22.0000 (mean, 1 tok)
2026-04-30 17:16:04,025 mme_vla_suite.pseudo_labeling.topreward_qwen_scorer INFO: Prefix 7/8 (end=88, n_frames=18/89): reward=-21.5000 (mean, 1 tok)
2026-04-30 17:16:08,913 mme_vla_suite.pseudo_labeling.topreward_qwen_scorer INFO: Prefix 8/8 (end=102, n_frames=21/103): reward=-18.1250 (mean, 1 tok)
2026-04-30 17:16:14,513 mme_vla_suite.pseudo_labeling.topreward_qwen_scorer INFO: Prefix 1/8 (end=5, n_frames=4/6): reward=-20.6250 (mean, 1 tok)
2026-04-30 17:16:19,292 mme_vla_suite.pseudo_labeling.topreward_qwen_scorer INFO: Prefix 2/8 (end=11, n_frames=4/12): reward=-21.7500 (mean, 1 tok)
2026-04-30 17:16:24,060 mme_vla_suite.pseudo_labeling.topreward_qwen_scorer INFO: Prefix 3/8 (end=17, n_frames=4/18): reward=-22.2500 (mean, 1 tok)
2026-04-30 17:16:28,823 mme_vla_suite.pseudo_labeling.topreward_qwen_scorer INFO: Prefix 4/8 (end=24, n_frames=5/25): reward=-19.7500 (mean, 1 tok)
2026-04-30 17:16:33,610 mme_vla_suite.pseudo_labeling.topreward_qwen_scorer INFO: Prefix 5/8 (end=30, n_frames=6/31): reward=-19.1250 (mean, 1 tok)
2026-04-30 17:16:38,396 mme_vla_suite.pseudo_labeling.topreward_qwen_scorer INFO: Prefix 6/8 (end=37, n_frames=8/38): reward=-18.8750 (mean, 1 tok)
2026-04-30 17:16:43,170 mme_vla_suite.pseudo_labeling.topreward_qwen_scorer INFO: Prefix 7/8 (end=43, n_frames=9/44): reward=-17.2500 (mean, 1 tok)
2026-04-30 17:16:47,952 mme_vla_suite.pseudo_labeling.topreward_qwen_scorer INFO: Prefix 8/8 (end=50, n_frames=10/51): reward=-17.1250 (mean, 1 tok)
2026-04-30 17:16:53,528 mme_vla_suite.pseudo_labeling.topreward_qwen_scorer INFO: Prefix 1/8 (end=9, n_frames=4/10): reward=-23.2500 (mean, 1 tok)
2026-04-30 17:16:58,133 mme_vla_suite.pseudo_labeling.topreward_qwen_scorer INFO: Prefix 2/8 (end=20, n_frames=4/21): reward=-22.7500 (mean, 1 tok)
2026-04-30 17:17:02,748 mme_vla_suite.pseudo_labeling.topreward_qwen_scorer INFO: Prefix 3/8 (end=32, n_frames=7/33): reward=-22.0000 (mean, 1 tok)
2026-04-30 17:17:07,272 mme_vla_suite.pseudo_labeling.topreward_qwen_scorer INFO: Prefix 4/8 (end=43, n_frames=9/44): reward=-21.0000 (mean, 1 tok)
2026-04-30 17:17:11,878 mme_vla_suite.pseudo_labeling.topreward_qwen_scorer INFO: Prefix 5/8 (end=55, n_frames=11/56): reward=-20.8750 (mean, 1 tok)
2026-04-30 17:17:16,632 mme_vla_suite.pseudo_labeling.topreward_qwen_scorer INFO: Prefix 6/8 (end=66, n_frames=13/67): reward=-21.2500 (mean, 1 tok)
2026-04-30 17:17:21,299 mme_vla_suite.pseudo_labeling.topreward_qwen_scorer INFO: Prefix 7/8 (end=78, n_frames=16/79): reward=-22.0000 (mean, 1 tok)
2026-04-30 17:17:25,946 mme_vla_suite.pseudo_labeling.topreward_qwen_scorer INFO: Prefix 8/8 (end=90, n_frames=18/91): reward=-18.1250 (mean, 1 tok)
2026-04-30 17:17:31,350 mme_vla_suite.pseudo_labeling.topreward_qwen_scorer INFO: Prefix 1/8 (end=9, n_frames=4/10): reward=-23.2500 (mean, 1 tok)
2026-04-30 17:17:35,942 mme_vla_suite.pseudo_labeling.topreward_qwen_scorer INFO: Prefix 2/8 (end=21, n_frames=4/22): reward=-23.1250 (mean, 1 tok)
2026-04-30 17:17:40,589 mme_vla_suite.pseudo_labeling.topreward_qwen_scorer INFO: Prefix 3/8 (end=34, n_frames=7/35): reward=-22.5000 (mean, 1 tok)
2026-04-30 17:17:45,222 mme_vla_suite.pseudo_labeling.topreward_qwen_scorer INFO: Prefix 4/8 (end=46, n_frames=9/47): reward=-20.8750 (mean, 1 tok)
2026-04-30 17:17:49,842 mme_vla_suite.pseudo_labeling.topreward_qwen_scorer INFO: Prefix 5/8 (end=59, n_frames=12/60): reward=-20.5000 (mean, 1 tok)
2026-04-30 17:17:54,480 mme_vla_suite.pseudo_labeling.topreward_qwen_scorer INFO: Prefix 6/8 (end=71, n_frames=14/72): reward=-20.5000 (mean, 1 tok)
2026-04-30 17:17:59,139 mme_vla_suite.pseudo_labeling.topreward_qwen_scorer INFO: Prefix 7/8 (end=84, n_frames=17/85): reward=-18.0000 (mean, 1 tok)
2026-04-30 17:18:03,918 mme_vla_suite.pseudo_labeling.topreward_qwen_scorer INFO: Prefix 8/8 (end=97, n_frames=20/98): reward=-17.2500 (mean, 1 tok)
2026-04-30 17:18:09,724 mme_vla_suite.pseudo_labeling.topreward_qwen_scorer INFO: Prefix 1/8 (end=10, n_frames=4/11): reward=-23.7500 (mean, 1 tok)
2026-04-30 17:18:14,491 mme_vla_suite.pseudo_labeling.topreward_qwen_scorer INFO: Prefix 2/8 (end=22, n_frames=5/23): reward=-23.6250 (mean, 1 tok)
2026-04-30 17:18:19,237 mme_vla_suite.pseudo_labeling.topreward_qwen_scorer INFO: Prefix 3/8 (end=35, n_frames=7/36): reward=-23.3750 (mean, 1 tok)
2026-04-30 17:18:24,030 mme_vla_suite.pseudo_labeling.topreward_qwen_scorer INFO: Prefix 4/8 (end=48, n_frames=10/49): reward=-22.2500 (mean, 1 tok)
2026-04-30 17:18:28,859 mme_vla_suite.pseudo_labeling.topreward_qwen_scorer INFO: Prefix 5/8 (end=60, n_frames=12/61): reward=-23.6250 (mean, 1 tok)
2026-04-30 17:18:33,672 mme_vla_suite.pseudo_labeling.topreward_qwen_scorer INFO: Prefix 6/8 (end=73, n_frames=15/74): reward=-22.8750 (mean, 1 tok)
2026-04-30 17:18:38,514 mme_vla_suite.pseudo_labeling.topreward_qwen_scorer INFO: Prefix 7/8 (end=86, n_frames=17/87): reward=-23.2500 (mean, 1 tok)
2026-04-30 17:18:43,371 mme_vla_suite.pseudo_labeling.topreward_qwen_scorer INFO: Prefix 8/8 (end=99, n_frames=20/100): reward=-19.2500 (mean, 1 tok)
2026-04-30 17:18:48,800 mme_vla_suite.pseudo_labeling.topreward_qwen_scorer INFO: Prefix 1/8 (end=11, n_frames=4/12): reward=-23.7500 (mean, 1 tok)
2026-04-30 17:18:53,575 mme_vla_suite.pseudo_labeling.topreward_qwen_scorer INFO: Prefix 2/8 (end=25, n_frames=5/26): reward=-23.6250 (mean, 1 tok)
2026-04-30 17:18:58,308 mme_vla_suite.pseudo_labeling.topreward_qwen_scorer INFO: Prefix 3/8 (end=39, n_frames=8/40): reward=-22.8750 (mean, 1 tok)
2026-04-30 17:19:03,029 mme_vla_suite.pseudo_labeling.topreward_qwen_scorer INFO: Prefix 4/8 (end=53, n_frames=11/54): reward=-23.7500 (mean, 1 tok)
2026-04-30 17:19:07,817 mme_vla_suite.pseudo_labeling.topreward_qwen_scorer INFO: Prefix 5/8 (end=67, n_frames=14/68): reward=-23.7500 (mean, 1 tok)
2026-04-30 17:19:12,613 mme_vla_suite.pseudo_labeling.topreward_qwen_scorer INFO: Prefix 6/8 (end=81, n_frames=16/82): reward=-23.7500 (mean, 1 tok)
2026-04-30 17:19:17,433 mme_vla_suite.pseudo_labeling.topreward_qwen_scorer INFO: Prefix 7/8 (end=95, n_frames=19/96): reward=-20.0000 (mean, 1 tok)
2026-04-30 17:19:22,272 mme_vla_suite.pseudo_labeling.topreward_qwen_scorer INFO: Prefix 8/8 (end=109, n_frames=22/110): reward=-19.2500 (mean, 1 tok)
2026-04-30 17:19:27,893 mme_vla_suite.pseudo_labeling.topreward_qwen_scorer INFO: Prefix 1/8 (end=10, n_frames=4/11): reward=-24.1250 (mean, 1 tok)
2026-04-30 17:19:32,711 mme_vla_suite.pseudo_labeling.topreward_qwen_scorer INFO: Prefix 2/8 (end=23, n_frames=5/24): reward=-24.0000 (mean, 1 tok)
2026-04-30 17:19:37,464 mme_vla_suite.pseudo_labeling.topreward_qwen_scorer INFO: Prefix 3/8 (end=36, n_frames=7/37): reward=-23.2500 (mean, 1 tok)
2026-04-30 17:19:42,231 mme_vla_suite.pseudo_labeling.topreward_qwen_scorer INFO: Prefix 4/8 (end=49, n_frames=10/50): reward=-23.1250 (mean, 1 tok)
2026-04-30 17:19:47,053 mme_vla_suite.pseudo_labeling.topreward_qwen_scorer INFO: Prefix 5/8 (end=63, n_frames=13/64): reward=-23.7500 (mean, 1 tok)
2026-04-30 17:19:51,900 mme_vla_suite.pseudo_labeling.topreward_qwen_scorer INFO: Prefix 6/8 (end=76, n_frames=15/77): reward=-23.3750 (mean, 1 tok)
2026-04-30 17:19:56,825 mme_vla_suite.pseudo_labeling.topreward_qwen_scorer INFO: Prefix 7/8 (end=89, n_frames=18/90): reward=-19.0000 (mean, 1 tok)
2026-04-30 17:20:01,654 mme_vla_suite.pseudo_labeling.topreward_qwen_scorer INFO: Prefix 8/8 (end=103, n_frames=21/104): reward=-19.2500 (mean, 1 tok)
2026-04-30 17:20:07,143 mme_vla_suite.pseudo_labeling.topreward_qwen_scorer INFO: Prefix 1/8 (end=4, n_frames=4/5): reward=-20.6250 (mean, 1 tok)
2026-04-30 17:20:11,825 mme_vla_suite.pseudo_labeling.topreward_qwen_scorer INFO: Prefix 2/8 (end=10, n_frames=4/11): reward=-20.2500 (mean, 1 tok)
2026-04-30 17:20:16,549 mme_vla_suite.pseudo_labeling.topreward_qwen_scorer INFO: Prefix 3/8 (end=16, n_frames=4/17): reward=-20.8750 (mean, 1 tok)
2026-04-30 17:20:21,316 mme_vla_suite.pseudo_labeling.topreward_qwen_scorer INFO: Prefix 4/8 (end=22, n_frames=5/23): reward=-21.1250 (mean, 1 tok)
2026-04-30 17:20:26,064 mme_vla_suite.pseudo_labeling.topreward_qwen_scorer INFO: Prefix 5/8 (end=28, n_frames=6/29): reward=-21.0000 (mean, 1 tok)
2026-04-30 17:20:30,832 mme_vla_suite.pseudo_labeling.topreward_qwen_scorer INFO: Prefix 6/8 (end=34, n_frames=7/35): reward=-20.3750 (mean, 1 tok)
2026-04-30 17:20:35,573 mme_vla_suite.pseudo_labeling.topreward_qwen_scorer INFO: Prefix 7/8 (end=40, n_frames=8/41): reward=-20.5000 (mean, 1 tok)
2026-04-30 17:20:40,309 mme_vla_suite.pseudo_labeling.topreward_qwen_scorer INFO: Prefix 8/8 (end=46, n_frames=9/47): reward=-18.6250 (mean, 1 tok)
2026-04-30 17:20:45,846 mme_vla_suite.pseudo_labeling.topreward_qwen_scorer INFO: Prefix 1/8 (end=10, n_frames=4/11): reward=-23.6250 (mean, 1 tok)
2026-04-30 17:20:50,583 mme_vla_suite.pseudo_labeling.topreward_qwen_scorer INFO: Prefix 2/8 (end=22, n_frames=5/23): reward=-22.5000 (mean, 1 tok)
2026-04-30 17:20:55,381 mme_vla_suite.pseudo_labeling.topreward_qwen_scorer INFO: Prefix 3/8 (end=35, n_frames=7/36): reward=-23.2500 (mean, 1 tok)
2026-04-30 17:21:00,172 mme_vla_suite.pseudo_labeling.topreward_qwen_scorer INFO: Prefix 4/8 (end=48, n_frames=10/49): reward=-21.8750 (mean, 1 tok)
2026-04-30 17:21:04,819 mme_vla_suite.pseudo_labeling.topreward_qwen_scorer INFO: Prefix 5/8 (end=60, n_frames=12/61): reward=-23.0000 (mean, 1 tok)
2026-04-30 17:21:09,513 mme_vla_suite.pseudo_labeling.topreward_qwen_scorer INFO: Prefix 6/8 (end=73, n_frames=15/74): reward=-22.8750 (mean, 1 tok)
2026-04-30 17:21:14,204 mme_vla_suite.pseudo_labeling.topreward_qwen_scorer INFO: Prefix 7/8 (end=86, n_frames=17/87): reward=-23.8750 (mean, 1 tok)
2026-04-30 17:21:18,851 mme_vla_suite.pseudo_labeling.topreward_qwen_scorer INFO: Prefix 8/8 (end=99, n_frames=20/100): reward=-16.8750 (mean, 1 tok)
2026-04-30 17:21:24,252 mme_vla_suite.pseudo_labeling.topreward_qwen_scorer INFO: Prefix 1/8 (end=11, n_frames=4/12): reward=-23.7500 (mean, 1 tok)
2026-04-30 17:21:28,933 mme_vla_suite.pseudo_labeling.topreward_qwen_scorer INFO: Prefix 2/8 (end=25, n_frames=5/26): reward=-22.5000 (mean, 1 tok)
2026-04-30 17:21:33,618 mme_vla_suite.pseudo_labeling.topreward_qwen_scorer INFO: Prefix 3/8 (end=39, n_frames=8/40): reward=-23.6250 (mean, 1 tok)
2026-04-30 17:21:38,329 mme_vla_suite.pseudo_labeling.topreward_qwen_scorer INFO: Prefix 4/8 (end=53, n_frames=11/54): reward=-22.7500 (mean, 1 tok)
2026-04-30 17:21:43,055 mme_vla_suite.pseudo_labeling.topreward_qwen_scorer INFO: Prefix 5/8 (end=67, n_frames=14/68): reward=-23.7500 (mean, 1 tok)
2026-04-30 17:21:47,851 mme_vla_suite.pseudo_labeling.topreward_qwen_scorer INFO: Prefix 6/8 (end=81, n_frames=16/82): reward=-23.0000 (mean, 1 tok)
2026-04-30 17:21:52,706 mme_vla_suite.pseudo_labeling.topreward_qwen_scorer INFO: Prefix 7/8 (end=95, n_frames=19/96): reward=-18.5000 (mean, 1 tok)
2026-04-30 17:21:57,553 mme_vla_suite.pseudo_labeling.topreward_qwen_scorer INFO: Prefix 8/8 (end=109, n_frames=22/110): reward=-18.1250 (mean, 1 tok)
