===== TOPReward Labeling =====
SLURM_JOB_ID:       3035678
SLURM_ARRAY_TASK_ID: 7
TASK:                PickXtimes
HOSTNAME:            kitt.cc.gatech.edu
GPU:                 NVIDIA A40
STARTED:             Thu Apr 30 02:01:37 PM EDT 2026
==============================
============================================================
Step 1: Sampling episodes
============================================================
  Task: PickXtimes, sampling 100 episodes
  H5: data/robomme_data_h5/record_dataset_PickXtimes.h5
  Sampled episodes: [0, 1, 2, 3, 4, 5, 6, 7, 8, 9, 10, 11, 12, 13, 14, 15, 16, 17, 18, 19, 20, 21, 22, 23, 24, 25, 26, 27, 28, 29, 30, 31, 32, 33, 34, 35, 36, 37, 38, 39, 40, 41, 42, 43, 44, 45, 46, 47, 48, 49, 50, 51, 52, 53, 54, 55, 56, 57, 58, 59, 60, 61, 62, 63, 64, 65, 66, 67, 68, 69, 70, 71, 72, 73, 74, 75, 76, 77, 78, 79, 80, 81, 82, 83, 84, 85, 86, 87, 88, 89, 90, 91, 92, 93, 94, 95, 96, 97, 98, 99]
  Found 734 subtask segments

============================================================
Step 2: Loading Qwen VL model
============================================================
  Model: Qwen/Qwen3-VL-8B-Instruct
  Device: cuda, dtype: auto

============================================================
Step 3: Processing 734 segments
============================================================

--- Segment 1/734 ---

============================================================
Segment: PickXtimes_ep0_f0-114
  Subtask: pick up the red cube for the first time
  Frames: 0 - 114
============================================================
  Loaded 115 frames
  Prefix scoring: 57.9s
  Rewards: [0.02, 0.0, 0.45, 0.69, 0.67, 0.74, 0.88, 1.0]
  Failed regions: []
  Successful interval: 64-114
  Keyframes: [3, 64, 66, 114]
  Success detected: True
  Confidence: 0.62

--- Segment 2/734 ---

============================================================
Segment: PickXtimes_ep0_f115-200
  Subtask: place the red cube onto the target
  Frames: 115 - 200
============================================================
  Loaded 86 frames
  Prefix scoring: 56.9s
  Rewards: [0.0, 0.41, 0.63, 0.7, 0.89, 1.0, 0.93, 0.81]
  Failed regions: []
  Successful interval: 4-63
  Keyframes: [0, 4, 34, 63, 84]
  Success detected: True
  Confidence: 0.87

--- Segment 3/734 ---

============================================================
Segment: PickXtimes_ep0_f201-342
  Subtask: pick up the red cube for the second time
  Frames: 201 - 342
============================================================
  Loaded 142 frames
  Prefix scoring: 57.2s
  Rewards: [0.0, 0.36, 0.79, 0.75, 0.75, 0.89, 0.93, 1.0]
  Failed regions: []
  Successful interval: 79-141
  Keyframes: [28, 79, 100, 141]
  Success detected: True
  Confidence: 0.56

--- Segment 4/734 ---

============================================================
Segment: PickXtimes_ep0_f343-414
  Subtask: place the red cube onto the target
  Frames: 343 - 414
============================================================
  Loaded 72 frames
  Prefix scoring: 56.3s
  Rewards: [0.0, 0.06, 0.71, 0.86, 1.0, 0.71, 0.6, 0.8]
  Failed regions: [[43, 71]]
  Successful interval: 58-71
  Keyframes: [14, 58, 59, 71]
  Success detected: True
  Confidence: 0.44

--- Segment 5/734 ---

============================================================
Segment: PickXtimes_ep0_f415-489
  Subtask: press the button to stop
  Frames: 415 - 489
============================================================
  Loaded 75 frames
  Prefix scoring: 56.7s
  Rewards: [0.0, 0.11, 1.0, 0.78, 1.0, 0.56, 0.56, 0.33]
  Failed regions: [[26, 45]]
  Successful interval: 32-45
  Keyframes: [0, 32, 33, 45, 74]
  Success detected: True
  Confidence: 0.58

--- Segment 6/734 ---

============================================================
Segment: PickXtimes_ep0_f415-528
  Subtask: press the button to stop
  Frames: 415 - 528
============================================================
  Loaded 114 frames
  Prefix scoring: 57.3s
  Rewards: [0.0, 0.42, 0.42, 0.17, 0.33, 0.58, 0.83, 1.0]
  Failed regions: [[40, 69]]
  Successful interval: 49-113
  Keyframes: [0, 49, 71, 113]
  Success detected: True
  Confidence: 0.84

--- Segment 7/734 ---

============================================================
Segment: PickXtimes_ep1_f0-114
  Subtask: pick up the blue cube for the first time
  Frames: 0 - 114
============================================================
  Loaded 115 frames
  Prefix scoring: 56.6s
  Rewards: [0.11, 0.0, 0.72, 0.7, 0.87, 0.85, 0.96, 1.0]
  Failed regions: []
  Successful interval: 79-114
  Keyframes: [2, 79, 102, 114]
  Success detected: True
  Confidence: 0.53

--- Segment 8/734 ---

============================================================
Segment: PickXtimes_ep1_f115-206
  Subtask: place the blue cube onto the target
  Frames: 115 - 206
============================================================
  Loaded 92 frames
  Prefix scoring: 56.3s
  Rewards: [0.0, 0.17, 0.45, 0.98, 1.0, 1.0, 0.79, 1.0]
  Failed regions: [[67, 91]]
  Successful interval: 75-91
  Keyframes: [9, 75, 76, 91]
  Success detected: True
  Confidence: 0.55

--- Segment 9/734 ---

============================================================
Segment: PickXtimes_ep1_f207-334
  Subtask: pick up the blue cube for the second time
  Frames: 207 - 334
============================================================
  Loaded 128 frames
  Prefix scoring: 57.7s
  Rewards: [0.0, 0.05, 0.6, 0.8, 0.4, 0.55, 0.55, 1.0]
  Failed regions: [[61, 94]]
  Successful interval: 104-127
  Keyframes: [0, 104, 119, 127]
  Success detected: True
  Confidence: 0.68

--- Segment 10/734 ---

============================================================
Segment: PickXtimes_ep1_f335-400
  Subtask: place the blue cube onto the target
  Frames: 335 - 400
============================================================
  Loaded 66 frames
  Prefix scoring: 56.3s
  Rewards: [0.0, 0.18, 0.68, 0.82, 0.91, 1.0, 1.0, 0.77]
  Failed regions: []
  Successful interval: 3-48
  Keyframes: [2, 3, 17, 48, 65]
  Success detected: True
  Confidence: 0.87

--- Segment 11/734 ---

============================================================
Segment: PickXtimes_ep1_f401-470
  Subtask: pick up the blue cube for the third time
  Frames: 401 - 470
============================================================
  Loaded 70 frames
  Prefix scoring: 56.4s
  Rewards: [0.05, 0.0, 0.15, 0.2, 0.85, 0.9, 1.0, 0.95]
  Failed regions: []
  Successful interval: 12-60
  Keyframes: [11, 12, 31, 60, 69]
  Success detected: True
  Confidence: 0.90

--- Segment 12/734 ---

============================================================
Segment: PickXtimes_ep1_f471-536
  Subtask: place the blue cube onto the target
  Frames: 471 - 536
============================================================
  Loaded 66 frames
  Prefix scoring: 56.2s
  Rewards: [0.0, 0.24, 0.71, 0.71, 0.81, 0.81, 1.0, 0.81]
  Failed regions: []
  Successful interval: 45-56
  Keyframes: [3, 45, 53, 56, 65]
  Success detected: True
  Confidence: 0.55

--- Segment 13/734 ---

============================================================
Segment: PickXtimes_ep1_f537-593
  Subtask: press the button to stop
  Frames: 537 - 593
============================================================
  Loaded 57 frames
  Prefix scoring: 56.2s
  Rewards: [0.38, 0.0, 0.0, 0.62, 0.5, 0.5, 0.62, 1.0]
  Failed regions: [[5, 26], [5, 26], [26, 41], [26, 48]]
  Successful interval: 39-56
  Keyframes: [1, 39, 53, 56]
  Success detected: True
  Confidence: 0.71

--- Segment 14/734 ---

============================================================
Segment: PickXtimes_ep1_f537-627
  Subtask: press the button to stop
  Frames: 537 - 627
============================================================
  Loaded 91 frames
  Prefix scoring: 56.3s
  Rewards: [0.0, 0.62, 0.5, 1.0, 0.38, 0.0, 0.0, 0.75]
  Failed regions: [[20, 43]]
  Successful interval: 28-43
  Keyframes: [0, 28, 43, 44, 65]
  Success detected: True
  Confidence: 0.72

--- Segment 15/734 ---

============================================================
Segment: PickXtimes_ep2_f0-168
  Subtask: pick up the red cube for the first time
  Frames: 0 - 168
============================================================
  Loaded 169 frames
  Prefix scoring: 57.9s
  Rewards: [0.0, 0.49, 0.64, 0.64, 0.85, 0.79, 1.0, 0.95]
  Failed regions: []
  Successful interval: 116-146
  Keyframes: [0, 116, 125, 146, 168]
  Success detected: True
  Confidence: 0.55

--- Segment 16/734 ---

============================================================
Segment: PickXtimes_ep2_f169-255
  Subtask: place the red cube onto the target
  Frames: 169 - 255
============================================================
  Loaded 87 frames
  Prefix scoring: 56.6s
  Rewards: [0.42, 0.4, 0.07, 0.0, 0.62, 1.0, 0.55, 0.57]
  Failed regions: [[8, 52]]
  Successful interval: 37-63
  Keyframes: [2, 37, 38, 63, 84]
  Success detected: True
  Confidence: 0.91

--- Segment 17/734 ---

============================================================
Segment: PickXtimes_ep2_f256-326
  Subtask: pick up the red cube for the second time
  Frames: 256 - 326
============================================================
  Loaded 71 frames
  Prefix scoring: 58.5s
  Rewards: [0.0, 0.21, 0.14, 0.34, 0.76, 0.86, 1.0, 0.86]
  Failed regions: []
  Successful interval: 22-61
  Keyframes: [14, 22, 32, 61, 70]
  Success detected: True
  Confidence: 0.84

--- Segment 18/734 ---

============================================================
Segment: PickXtimes_ep2_f327-382
  Subtask: place the red cube onto the target
  Frames: 327 - 382
============================================================
  Loaded 56 frames
  Prefix scoring: 56.7s
  Rewards: [0.0, 0.0, 0.31, 0.76, 1.0, 0.9, 0.76, 0.59]
  Failed regions: []
  Successful interval: 10-33
  Keyframes: [4, 10, 16, 33, 55]
  Success detected: True
  Confidence: 0.89

--- Segment 19/734 ---

============================================================
Segment: PickXtimes_ep2_f383-440
  Subtask: press the button to stop
  Frames: 383 - 440
============================================================
  Loaded 58 frames
  Prefix scoring: 56.4s
  Rewards: [0.0, 0.2, 0.36, 0.48, 0.76, 0.72, 0.68, 1.0]
  Failed regions: []
  Successful interval: 47-57
  Keyframes: [0, 47, 54, 57]
  Success detected: True
  Confidence: 0.62

--- Segment 20/734 ---

============================================================
Segment: PickXtimes_ep2_f383-477
  Subtask: press the button to stop
  Frames: 383 - 477
============================================================
  Loaded 95 frames
  Prefix scoring: 56.6s
  Rewards: [0.0, 0.36, 0.68, 0.59, 1.0, 0.45, 0.95, 0.91]
  Failed regions: [[33, 57], [57, 81]]
  Successful interval: 65-81
  Keyframes: [0, 65, 80, 81, 94]
  Success detected: True
  Confidence: 0.65

--- Segment 21/734 ---

============================================================
Segment: PickXtimes_ep3_f0-118
  Subtask: pick up the green cube for the first time
  Frames: 0 - 118
============================================================
  Loaded 119 frames
  Prefix scoring: 56.5s
  Rewards: [0.03, 0.0, 0.53, 0.61, 0.61, 0.61, 0.69, 1.0]
  Failed regions: []
  Successful interval: 82-118
  Keyframes: [7, 82, 109, 118]
  Success detected: True
  Confidence: 0.65

--- Segment 22/734 ---

============================================================
Segment: PickXtimes_ep3_f119-206
  Subtask: place the green cube onto the target
  Frames: 119 - 206
============================================================
  Loaded 88 frames
  Prefix scoring: 57.8s
  Rewards: [0.0, 0.56, 0.22, 0.94, 0.67, 0.89, 0.39, 1.0]
  Failed regions: [[19, 41], [41, 64], [64, 87]]
  Successful interval: 71-87
  Keyframes: [0, 71, 72, 87]
  Success detected: True
  Confidence: 0.73

--- Segment 23/734 ---

============================================================
Segment: PickXtimes_ep3_f207-366
  Subtask: pick up the green cube for the second time
  Frames: 207 - 366
============================================================
  Loaded 160 frames
  Prefix scoring: 57.6s
  Rewards: [0.0, 0.24, 0.64, 0.52, 0.4, 0.68, 0.72, 1.0]
  Failed regions: [[56, 118]]
  Successful interval: 89-159
  Keyframes: [27, 89, 122, 159]
  Success detected: True
  Confidence: 0.73

--- Segment 24/734 ---

============================================================
Segment: PickXtimes_ep3_f367-433
  Subtask: place the green cube onto the target
  Frames: 367 - 433
============================================================
  Loaded 67 frames
  Prefix scoring: 56.8s
  Rewards: [0.54, 0.0, 0.72, 0.08, 0.92, 1.0, 0.56, 0.72]
  Failed regions: [[6, 23], [23, 40]]
  Successful interval: 28-48
  Keyframes: [5, 28, 48, 49, 64]
  Success detected: True
  Confidence: 0.86

--- Segment 25/734 ---

============================================================
Segment: PickXtimes_ep3_f434-503
  Subtask: pick up the green cube for the third time
  Frames: 434 - 503
============================================================
  Loaded 70 frames
  Prefix scoring: 56.4s
  Rewards: [0.0, 0.24, 0.36, 0.28, 0.88, 0.64, 1.0, 0.76]
  Failed regions: [[42, 60]]
  Successful interval: 48-60
  Keyframes: [13, 48, 60, 61, 69]
  Success detected: True
  Confidence: 0.64

--- Segment 26/734 ---

============================================================
Segment: PickXtimes_ep3_f504-570
  Subtask: place the green cube onto the target
  Frames: 504 - 570
============================================================
  Loaded 67 frames
  Prefix scoring: 56.3s
  Rewards: [0.32, 0.0, 0.74, 0.39, 0.94, 1.0, 0.77, 0.71]
  Failed regions: [[6, 23], [23, 40]]
  Successful interval: 28-48
  Keyframes: [5, 28, 48, 49, 66]
  Success detected: True
  Confidence: 0.72

--- Segment 27/734 ---

============================================================
Segment: PickXtimes_ep3_f571-639
  Subtask: pick up the green cube for the fourth time
  Frames: 571 - 639
============================================================
  Loaded 69 frames
  Prefix scoring: 56.3s
  Rewards: [0.0, 0.08, 0.23, 0.38, 0.27, 0.46, 1.0, 0.54]
  Failed regions: [[32, 50]]
  Successful interval: 38-59
  Keyframes: [13, 38, 59, 60, 68]
  Success detected: True
  Confidence: 0.82

--- Segment 28/734 ---

============================================================
Segment: PickXtimes_ep3_f640-705
  Subtask: place the green cube onto the target
  Frames: 640 - 705
============================================================
  Loaded 66 frames
  Prefix scoring: 56.8s
  Rewards: [0.3, 0.0, 0.78, 0.78, 1.0, 0.96, 0.96, 0.43]
  Failed regions: [[6, 22]]
  Successful interval: 28-39
  Keyframes: [3, 28, 32, 39, 63]
  Success detected: True
  Confidence: 0.56

--- Segment 29/734 ---

============================================================
Segment: PickXtimes_ep3_f706-769
  Subtask: press the button to stop
  Frames: 706 - 769
============================================================
  Loaded 64 frames
  Prefix scoring: 56.5s
  Rewards: [0.0, 0.36, 1.0, 0.86, 0.94, 0.69, 0.83, 0.44]
  Failed regions: [[22, 38], [38, 54]]
  Successful interval: 43-54
  Keyframes: [2, 43, 54, 55, 63]
  Success detected: True
  Confidence: 0.43

--- Segment 30/734 ---

============================================================
Segment: PickXtimes_ep3_f706-813
  Subtask: press the button to stop
  Frames: 706 - 813
============================================================
  Loaded 108 frames
  Prefix scoring: 56.3s
  Rewards: [0.0, 1.0, 1.0, 0.91, 0.78, 0.78, 0.5, 0.28]
  Failed regions: []
  Successful interval: 5-23
  Keyframes: [2, 5, 17, 23, 71]
  Success detected: True
  Confidence: 0.87

--- Segment 31/734 ---

============================================================
Segment: PickXtimes_ep4_f0-113
  Subtask: pick up the blue cube for the first time
  Frames: 0 - 113
============================================================
  Loaded 114 frames
  Prefix scoring: 58.0s
  Rewards: [0.11, 0.0, 0.53, 0.55, 0.6, 0.76, 0.76, 1.0]
  Failed regions: []
  Successful interval: 93-113
  Keyframes: [1, 93, 102, 113]
  Success detected: True
  Confidence: 0.59

--- Segment 32/734 ---

============================================================
Segment: PickXtimes_ep4_f114-191
  Subtask: place the blue cube onto the target
  Frames: 114 - 191
============================================================
  Loaded 78 frames
  Prefix scoring: 56.5s
  Rewards: [0.0, 0.35, 0.15, 0.69, 0.67, 0.79, 1.0, 0.94]
  Failed regions: [[17, 37]]
  Successful interval: 44-67
  Keyframes: [0, 44, 67, 68, 77]
  Success detected: True
  Confidence: 0.62

--- Segment 33/734 ---

============================================================
Segment: PickXtimes_ep4_f192-263
  Subtask: pick up the blue cube for the second time
  Frames: 192 - 263
============================================================
  Loaded 72 frames
  Prefix scoring: 56.4s
  Rewards: [0.0, 0.0, 0.2, 0.3, 0.7, 0.93, 1.0, 0.77]
  Failed regions: []
  Successful interval: 13-61
  Keyframes: [12, 13, 31, 61, 71]
  Success detected: True
  Confidence: 0.90

--- Segment 34/734 ---

============================================================
Segment: PickXtimes_ep4_f264-316
  Subtask: place the blue cube onto the target
  Frames: 264 - 316
============================================================
  Loaded 53 frames
  Prefix scoring: 56.3s
  Rewards: [0.0, 0.09, 0.52, 1.0, 0.91, 0.83, 0.96, 0.83]
  Failed regions: [[25, 45]]
  Successful interval: 36-45
  Keyframes: [2, 36, 44, 45, 52]
  Success detected: True
  Confidence: 0.50

--- Segment 35/734 ---

============================================================
Segment: PickXtimes_ep4_f317-489
  Subtask: pick up the blue cube for the third time
  Frames: 317 - 489
============================================================
  Loaded 173 frames
  Prefix scoring: 56.9s
  Rewards: [0.0, 0.14, 1.0, 0.97, 0.93, 0.69, 0.93, 0.76]
  Failed regions: [[61, 149]]
  Successful interval: 119-149
  Keyframes: [31, 119, 131, 149, 172]
  Success detected: True
  Confidence: 0.52

--- Segment 36/734 ---

============================================================
Segment: PickXtimes_ep4_f490-543
  Subtask: place the blue cube onto the target
  Frames: 490 - 543
============================================================
  Loaded 54 frames
  Prefix scoring: 56.8s
  Rewards: [0.0, 0.1, 0.45, 0.9, 0.6, 0.9, 1.0, 0.8]
  Failed regions: [[25, 39]]
  Successful interval: 30-46
  Keyframes: [0, 30, 45, 46, 53]
  Success detected: True
  Confidence: 0.64

--- Segment 37/734 ---

============================================================
Segment: PickXtimes_ep4_f544-609
  Subtask: press the button to stop
  Frames: 544 - 609
============================================================
  Loaded 66 frames
  Prefix scoring: 57.5s
  Rewards: [0.0, 0.29, 0.57, 0.43, 0.93, 0.79, 0.64, 1.0]
  Failed regions: [[22, 39], [39, 65]]
  Successful interval: 53-65
  Keyframes: [0, 53, 61, 65]
  Success detected: True
  Confidence: 0.63

--- Segment 38/734 ---

============================================================
Segment: PickXtimes_ep4_f544-644
  Subtask: press the button to stop
  Frames: 544 - 644
============================================================
  Loaded 101 frames
  Prefix scoring: 56.4s
  Rewards: [0.0, 0.67, 0.6, 0.87, 1.0, 1.0, 0.93, 0.87]
  Failed regions: []
  Successful interval: 30-61
  Keyframes: [0, 30, 61, 62, 99]
  Success detected: True
  Confidence: 0.61

--- Segment 39/734 ---

============================================================
Segment: PickXtimes_ep5_f0-129
  Subtask: pick up the red cube for the first time
  Frames: 0 - 129
============================================================
  Loaded 130 frames
  Prefix scoring: 57.6s
  Rewards: [0.12, 0.0, 0.55, 0.62, 0.75, 1.0, 0.72, 0.8]
  Failed regions: [[95, 129]]
  Successful interval: 106-129
  Keyframes: [3, 106, 117, 129]
  Success detected: True
  Confidence: 0.40

--- Segment 40/734 ---

============================================================
Segment: PickXtimes_ep5_f130-219
  Subtask: place the red cube onto the target
  Frames: 130 - 219
============================================================
  Loaded 90 frames
  Prefix scoring: 56.4s
  Rewards: [0.08, 0.0, 0.25, 0.67, 0.83, 0.75, 1.0, 1.0]
  Failed regions: [[54, 77]]
  Successful interval: 62-77
  Keyframes: [4, 62, 76, 77, 89]
  Success detected: True
  Confidence: 0.59

--- Segment 41/734 ---

============================================================
Segment: PickXtimes_ep5_f220-405
  Subtask: pick up the red cube for the second time
  Frames: 220 - 405
============================================================
  Loaded 186 frames
  Prefix scoring: 57.1s
  Rewards: [0.0, 0.1, 0.72, 0.64, 0.38, 0.44, 0.54, 1.0]
  Failed regions: [[65, 137]]
  Successful interval: 104-185
  Keyframes: [37, 104, 171, 185]
  Success detected: True
  Confidence: 0.75

--- Segment 42/734 ---

============================================================
Segment: PickXtimes_ep5_f406-480
  Subtask: place the red cube onto the target
  Frames: 406 - 480
============================================================
  Loaded 75 frames
  Prefix scoring: 56.6s
  Rewards: [0.0, 0.61, 0.86, 0.95, 1.0, 1.0, 1.0, 0.84]
  Failed regions: []
  Successful interval: 4-45
  Keyframes: [2, 4, 23, 45, 74]
  Success detected: True
  Confidence: 0.84

--- Segment 43/734 ---

============================================================
Segment: PickXtimes_ep5_f481-537
  Subtask: press the button to stop
  Frames: 481 - 537
============================================================
  Loaded 57 frames
  Prefix scoring: 56.2s
  Rewards: [0.18, 0.0, 0.68, 0.41, 0.55, 0.41, 0.64, 1.0]
  Failed regions: [[19, 34], [34, 48]]
  Successful interval: 39-56
  Keyframes: [11, 39, 52, 56]
  Success detected: True
  Confidence: 0.74

--- Segment 44/734 ---

============================================================
Segment: PickXtimes_ep5_f481-575
  Subtask: press the button to stop
  Frames: 481 - 575
============================================================
  Loaded 95 frames
  Prefix scoring: 56.4s
  Rewards: [0.0, 0.26, 0.37, 1.0, 0.84, 0.74, 1.0, 0.74]
  Failed regions: [[45, 81]]
  Successful interval: 65-81
  Keyframes: [11, 65, 79, 81, 94]
  Success detected: True
  Confidence: 0.58

--- Segment 45/734 ---

============================================================
Segment: PickXtimes_ep6_f0-134
  Subtask: pick up the green cube for the first time
  Frames: 0 - 134
============================================================
  Loaded 135 frames
  Prefix scoring: 56.6s
  Rewards: [0.06, 0.0, 0.32, 0.14, 0.5, 0.52, 0.76, 1.0]
  Failed regions: [[47, 82]]
  Successful interval: 58-134
  Keyframes: [0, 58, 83, 134]
  Success detected: True
  Confidence: 0.86

--- Segment 46/734 ---

============================================================
Segment: PickXtimes_ep6_f135-229
  Subtask: place the green cube onto the target
  Frames: 135 - 229
============================================================
  Loaded 95 frames
  Prefix scoring: 56.2s
  Rewards: [0.0, 0.53, 0.86, 0.67, 1.0, 0.69, 0.69, 0.61]
  Failed regions: [[33, 57]]
  Successful interval: 41-57
  Keyframes: [1, 41, 48, 57, 93]
  Success detected: True
  Confidence: 0.61

--- Segment 47/734 ---

============================================================
Segment: PickXtimes_ep6_f230-299
  Subtask: pick up the green cube for the second time
  Frames: 230 - 299
============================================================
  Loaded 70 frames
  Prefix scoring: 56.5s
  Rewards: [0.0, 0.12, 0.27, 0.52, 0.88, 1.0, 0.82, 0.85]
  Failed regions: [[51, 69]]
  Successful interval: 57-69
  Keyframes: [6, 57, 61, 69]
  Success detected: True
  Confidence: 0.41

--- Segment 48/734 ---

============================================================
Segment: PickXtimes_ep6_f300-363
  Subtask: place the green cube onto the target
  Frames: 300 - 363
============================================================
  Loaded 64 frames
  Prefix scoring: 56.2s
  Rewards: [0.0, 0.54, 0.89, 0.79, 0.46, 1.0, 0.68, 0.46]
  Failed regions: [[22, 46]]
  Successful interval: 35-46
  Keyframes: [2, 35, 46, 47, 63]
  Success detected: True
  Confidence: 0.69

--- Segment 49/734 ---

============================================================
Segment: PickXtimes_ep6_f364-428
  Subtask: press the button to stop
  Frames: 364 - 428
============================================================
  Loaded 65 frames
  Prefix scoring: 56.2s
  Rewards: [0.0, 0.29, 0.25, 0.12, 0.42, 0.46, 0.79, 1.0]
  Failed regions: [[14, 39]]
  Successful interval: 27-64
  Keyframes: [0, 27, 61, 64]
  Success detected: True
  Confidence: 0.87

--- Segment 50/734 ---

============================================================
Segment: PickXtimes_ep6_f364-469
  Subtask: press the button to stop
  Frames: 364 - 469
============================================================
  Loaded 106 frames
  Prefix scoring: 56.6s
  Rewards: [0.2, 0.0, 0.2, 0.05, 1.0, 0.5, 0.35, 0.75]
  Failed regions: []
  Successful interval: 45-64
  Keyframes: [0, 45, 61, 64, 102]
  Success detected: True
  Confidence: 0.90

--- Segment 51/734 ---

============================================================
Segment: PickXtimes_ep7_f0-118
  Subtask: pick up the green cube for the first time
  Frames: 0 - 118
============================================================
  Loaded 119 frames
  Prefix scoring: 56.6s
  Rewards: [0.15, 0.0, 0.39, 0.52, 0.76, 0.83, 0.78, 1.0]
  Failed regions: []
  Successful interval: 97-118
  Keyframes: [0, 97, 109, 118]
  Success detected: True
  Confidence: 0.58

--- Segment 52/734 ---

============================================================
Segment: PickXtimes_ep7_f119-221
  Subtask: place the green cube onto the target
  Frames: 119 - 221
============================================================
  Loaded 103 frames
  Prefix scoring: 57.5s
  Rewards: [0.23, 0.0, 0.36, 0.44, 0.77, 0.87, 0.92, 1.0]
  Failed regions: []
  Successful interval: 18-102
  Keyframes: [0, 18, 49, 102]
  Success detected: True
  Confidence: 0.89

--- Segment 53/734 ---

============================================================
Segment: PickXtimes_ep7_f222-297
  Subtask: pick up the green cube for the second time
  Frames: 222 - 297
============================================================
  Loaded 76 frames
  Prefix scoring: 56.9s
  Rewards: [0.0, 0.07, 0.17, 0.21, 0.0, 0.17, 0.38, 1.0]
  Failed regions: []
  Successful interval: 42-75
  Keyframes: [6, 42, 64, 75]
  Success detected: True
  Confidence: 0.95

--- Segment 54/734 ---

============================================================
Segment: PickXtimes_ep7_f298-368
  Subtask: place the green cube onto the target
  Frames: 298 - 368
============================================================
  Loaded 71 frames
  Prefix scoring: 56.8s
  Rewards: [0.0, 0.75, 0.71, 0.68, 1.0, 0.82, 0.96, 0.93]
  Failed regions: [[43, 61]]
  Successful interval: 49-61
  Keyframes: [4, 49, 56, 61, 70]
  Success detected: True
  Confidence: 0.49

--- Segment 55/734 ---

============================================================
Segment: PickXtimes_ep7_f369-445
  Subtask: pick up the green cube for the third time
  Frames: 369 - 445
============================================================
  Loaded 77 frames
  Prefix scoring: 57.2s
  Rewards: [0.0, 0.1, 0.3, 0.4, 0.15, 0.2, 1.0, 0.85]
  Failed regions: [[36, 56]]
  Successful interval: 43-66
  Keyframes: [5, 43, 65, 66, 76]
  Success detected: True
  Confidence: 0.86

--- Segment 56/734 ---

============================================================
Segment: PickXtimes_ep7_f446-511
  Subtask: place the green cube onto the target
  Frames: 446 - 511
============================================================
  Loaded 66 frames
  Prefix scoring: 56.7s
  Rewards: [0.0, 0.38, 0.67, 0.76, 0.67, 0.86, 1.0, 0.81]
  Failed regions: [[31, 48]]
  Successful interval: 36-56
  Keyframes: [4, 36, 54, 56, 65]
  Success detected: True
  Confidence: 0.60

--- Segment 57/734 ---

============================================================
Segment: PickXtimes_ep7_f512-587
  Subtask: pick up the green cube for the fourth time
  Frames: 512 - 587
============================================================
  Loaded 76 frames
  Prefix scoring: 56.4s
  Rewards: [0.0, 0.05, 0.29, 0.19, 0.1, 0.1, 0.81, 1.0]
  Failed regions: [[26, 55], [26, 65]]
  Successful interval: 52-75
  Keyframes: [0, 52, 64, 75]
  Success detected: True
  Confidence: 0.90

--- Segment 58/734 ---

============================================================
Segment: PickXtimes_ep7_f588-653
  Subtask: place the green cube onto the target
  Frames: 588 - 653
============================================================
  Loaded 66 frames
  Prefix scoring: 58.3s
  Rewards: [0.0, 0.65, 0.92, 1.0, 0.88, 1.0, 1.0, 0.85]
  Failed regions: [[31, 48]]
  Successful interval: 36-48
  Keyframes: [4, 36, 48, 49, 65]
  Success detected: True
  Confidence: 0.49

--- Segment 59/734 ---

============================================================
Segment: PickXtimes_ep7_f654-733
  Subtask: pick up the green cube for the fifth time
  Frames: 654 - 733
============================================================
  Loaded 80 frames
  Prefix scoring: 56.5s
  Rewards: [0.0, 0.12, 0.41, 0.53, 0.24, 0.35, 0.82, 1.0]
  Failed regions: [[38, 58]]
  Successful interval: 44-79
  Keyframes: [0, 44, 68, 79]
  Success detected: True
  Confidence: 0.82

--- Segment 60/734 ---

============================================================
Segment: PickXtimes_ep7_f734-800
  Subtask: place the green cube onto the target
  Frames: 734 - 800
============================================================
  Loaded 67 frames
  Prefix scoring: 56.3s
  Rewards: [0.0, 0.33, 0.71, 0.79, 0.5, 0.88, 1.0, 0.5]
  Failed regions: [[31, 48]]
  Successful interval: 37-57
  Keyframes: [4, 37, 55, 57, 66]
  Success detected: True
  Confidence: 0.68

--- Segment 61/734 ---

============================================================
Segment: PickXtimes_ep7_f801-859
  Subtask: press the button to stop
  Frames: 801 - 859
============================================================
  Loaded 59 frames
  Prefix scoring: 56.3s
  Rewards: [0.0, 0.11, 0.11, 0.72, 0.39, 0.78, 1.0, 0.72]
  Failed regions: [[27, 42]]
  Successful interval: 33-50
  Keyframes: [0, 33, 50, 51, 58]
  Success detected: True
  Confidence: 0.75

--- Segment 62/734 ---

============================================================
Segment: PickXtimes_ep7_f801-896
  Subtask: press the button to stop
  Frames: 801 - 896
============================================================
  Loaded 96 frames
  Prefix scoring: 56.4s
  Rewards: [0.0, 0.07, 0.33, 0.44, 0.41, 0.33, 1.0, 0.41]
  Failed regions: [[45, 82]]
  Successful interval: 66-82
  Keyframes: [0, 66, 82, 83, 95]
  Success detected: True
  Confidence: 0.79

--- Segment 63/734 ---

============================================================
Segment: PickXtimes_ep8_f0-143
  Subtask: pick up the red cube for the first time
  Frames: 0 - 143
============================================================
  Loaded 144 frames
  Prefix scoring: 57.5s
  Rewards: [0.08, 0.0, 0.31, 0.6, 0.67, 0.71, 0.77, 1.0]
  Failed regions: []
  Successful interval: 25-143
  Keyframes: [0, 25, 89, 143]
  Success detected: True
  Confidence: 0.90

--- Segment 64/734 ---

============================================================
Segment: PickXtimes_ep8_f144-237
  Subtask: place the red cube onto the target
  Frames: 144 - 237
============================================================
  Loaded 94 frames
  Prefix scoring: 56.3s
  Rewards: [0.0, 0.34, 0.87, 0.8, 0.97, 0.95, 0.95, 1.0]
  Failed regions: []
  Successful interval: 77-93
  Keyframes: [2, 77, 82, 93]
  Success detected: True
  Confidence: 0.47

--- Segment 65/734 ---

============================================================
Segment: PickXtimes_ep8_f238-291
  Subtask: press the button to stop
  Frames: 238 - 291
============================================================
  Loaded 54 frames
  Prefix scoring: 56.2s
  Rewards: [0.08, 0.0, 0.5, 1.0, 0.83, 0.92, 0.67, 0.5]
  Failed regions: [[25, 39]]
  Successful interval: 30-39
  Keyframes: [0, 30, 39, 40, 53]
  Success detected: True
  Confidence: 0.47

--- Segment 66/734 ---

============================================================
Segment: PickXtimes_ep8_f238-331
  Subtask: press the button to stop
  Frames: 238 - 331
============================================================
  Loaded 94 frames
  Prefix scoring: 56.3s
  Rewards: [0.0, 0.2, 0.7, 0.9, 1.0, 0.4, 0.8, 0.9]
  Failed regions: [[57, 81]]
  Successful interval: 65-93
  Keyframes: [0, 65, 81, 93]
  Success detected: True
  Confidence: 0.62

--- Segment 67/734 ---

============================================================
Segment: PickXtimes_ep9_f0-112
  Subtask: pick up the green cube for the first time
  Frames: 0 - 112
============================================================
  Loaded 113 frames
  Prefix scoring: 56.6s
  Rewards: [0.08, 0.0, 0.58, 0.82, 0.89, 0.76, 1.0, 0.97]
  Failed regions: [[68, 97]]
  Successful interval: 78-97
  Keyframes: [0, 78, 97, 98, 112]
  Success detected: True
  Confidence: 0.57

--- Segment 68/734 ---

============================================================
Segment: PickXtimes_ep9_f113-198
  Subtask: place the green cube onto the target
  Frames: 113 - 198
============================================================
  Loaded 86 frames
  Prefix scoring: 56.3s
  Rewards: [0.0, 0.31, 0.24, 0.59, 0.82, 0.92, 1.0, 0.94]
  Failed regions: []
  Successful interval: 26-74
  Keyframes: [2, 26, 40, 74, 85]
  Success detected: True
  Confidence: 0.79

--- Segment 69/734 ---

============================================================
Segment: PickXtimes_ep9_f199-268
  Subtask: pick up the green cube for the second time
  Frames: 199 - 268
============================================================
  Loaded 70 frames
  Prefix scoring: 56.9s
  Rewards: [0.0, 0.06, 0.06, 0.18, 0.76, 0.94, 0.88, 1.0]
  Failed regions: []
  Successful interval: 57-69
  Keyframes: [8, 57, 61, 69]
  Success detected: True
  Confidence: 0.55

--- Segment 70/734 ---

============================================================
Segment: PickXtimes_ep9_f269-332
  Subtask: place the green cube onto the target
  Frames: 269 - 332
============================================================
  Loaded 64 frames
  Prefix scoring: 57.9s
  Rewards: [0.0, 0.43, 1.0, 0.8, 0.83, 0.91, 0.77, 0.6]
  Failed regions: [[22, 38]]
  Successful interval: 27-46
  Keyframes: [6, 27, 46, 47, 63]
  Success detected: True
  Confidence: 0.46

--- Segment 71/734 ---

============================================================
Segment: PickXtimes_ep9_f333-402
  Subtask: pick up the green cube for the third time
  Frames: 333 - 402
============================================================
  Loaded 70 frames
  Prefix scoring: 56.4s
  Rewards: [0.13, 0.0, 0.0, 0.33, 0.87, 0.6, 1.0, 0.8]
  Failed regions: [[42, 60]]
  Successful interval: 48-60
  Keyframes: [13, 48, 60, 61, 69]
  Success detected: True
  Confidence: 0.67

--- Segment 72/734 ---

============================================================
Segment: PickXtimes_ep9_f403-465
  Subtask: place the green cube onto the target
  Frames: 403 - 465
============================================================
  Loaded 63 frames
  Prefix scoring: 56.4s
  Rewards: [0.0, 0.36, 0.96, 0.79, 0.82, 1.0, 0.89, 0.82]
  Failed regions: [[22, 38]]
  Successful interval: 27-46
  Keyframes: [0, 27, 46, 47, 62]
  Success detected: True
  Confidence: 0.54

--- Segment 73/734 ---

============================================================
Segment: PickXtimes_ep9_f466-532
  Subtask: press the button to stop
  Frames: 466 - 532
============================================================
  Loaded 67 frames
  Prefix scoring: 56.3s
  Rewards: [0.06, 0.0, 0.06, 0.39, 0.44, 0.78, 0.61, 1.0]
  Failed regions: [[48, 66]]
  Successful interval: 54-66
  Keyframes: [0, 54, 61, 66]
  Success detected: True
  Confidence: 0.67

--- Segment 74/734 ---

============================================================
Segment: PickXtimes_ep9_f466-573
  Subtask: press the button to stop
  Frames: 466 - 573
============================================================
  Loaded 108 frames
  Prefix scoring: 56.8s
  Rewards: [0.0, 0.05, 0.18, 0.59, 0.95, 0.27, 1.0, 0.59]
  Failed regions: [[65, 93]]
  Successful interval: 74-93
  Keyframes: [0, 74, 92, 93, 107]
  Success detected: True
  Confidence: 0.80

--- Segment 75/734 ---

============================================================
Segment: PickXtimes_ep10_f0-127
  Subtask: pick up the red cube for the first time
  Frames: 0 - 127
============================================================
  Loaded 128 frames
  Prefix scoring: 57.8s
  Rewards: [0.06, 0.0, 0.29, 0.43, 0.61, 0.92, 0.71, 1.0]
  Failed regions: [[94, 127]]
  Successful interval: 104-127
  Keyframes: [0, 104, 115, 127]
  Success detected: True
  Confidence: 0.62

--- Segment 76/734 ---

============================================================
Segment: PickXtimes_ep10_f128-211
  Subtask: place the red cube onto the target
  Frames: 128 - 211
============================================================
  Loaded 84 frames
  Prefix scoring: 56.4s
  Rewards: [0.0, 0.56, 0.79, 0.68, 0.85, 0.74, 0.82, 1.0]
  Failed regions: [[29, 50], [50, 72]]
  Successful interval: 57-83
  Keyframes: [0, 57, 73, 83]
  Success detected: True
  Confidence: 0.57

--- Segment 77/734 ---

============================================================
Segment: PickXtimes_ep10_f212-286
  Subtask: pick up the red cube for the second time
  Frames: 212 - 286
============================================================
  Loaded 75 frames
  Prefix scoring: 56.4s
  Rewards: [0.0, 0.1, 0.17, 0.03, 0.28, 0.34, 0.28, 1.0]
  Failed regions: []
  Successful interval: 61-74
  Keyframes: [0, 61, 65, 74]
  Success detected: True
  Confidence: 0.83

--- Segment 78/734 ---

============================================================
Segment: PickXtimes_ep10_f287-344
  Subtask: place the red cube onto the target
  Frames: 287 - 344
============================================================
  Loaded 58 frames
  Prefix scoring: 56.1s
  Rewards: [0.05, 0.05, 0.0, 0.7, 0.85, 1.0, 0.6, 0.35]
  Failed regions: []
  Successful interval: 17-42
  Keyframes: [1, 17, 18, 42, 57]
  Success detected: True
  Confidence: 0.91

--- Segment 79/734 ---

============================================================
Segment: PickXtimes_ep10_f345-405
  Subtask: press the button to stop
  Frames: 345 - 405
============================================================
  Loaded 61 frames
  Prefix scoring: 56.3s
  Rewards: [0.0, 0.05, 0.0, 0.89, 0.79, 0.74, 0.74, 1.0]
  Failed regions: [[29, 52], [29, 60]]
  Successful interval: 49-60
  Keyframes: [1, 49, 57, 60]
  Success detected: True
  Confidence: 0.60

--- Segment 80/734 ---

============================================================
Segment: PickXtimes_ep10_f345-446
  Subtask: press the button to stop
  Frames: 345 - 446
============================================================
  Loaded 102 frames
  Prefix scoring: 56.3s
  Rewards: [0.0, 0.55, 0.7, 0.8, 0.8, 0.9, 0.95, 1.0]
  Failed regions: []
  Successful interval: 57-101
  Keyframes: [0, 57, 58, 101]
  Success detected: True
  Confidence: 0.54

--- Segment 81/734 ---

============================================================
Segment: PickXtimes_ep11_f0-107
  Subtask: pick up the green cube for the first time
  Frames: 0 - 107
============================================================
  Loaded 108 frames
  Prefix scoring: 56.6s
  Rewards: [0.04, 0.0, 0.8, 0.84, 0.84, 0.86, 1.0, 1.0]
  Failed regions: []
  Successful interval: 60-93
  Keyframes: [1, 60, 69, 93, 107]
  Success detected: True
  Confidence: 0.53

--- Segment 82/734 ---

============================================================
Segment: PickXtimes_ep11_f108-187
  Subtask: place the green cube onto the target
  Frames: 108 - 187
============================================================
  Loaded 80 frames
  Prefix scoring: 56.3s
  Rewards: [0.0, 0.36, 0.68, 0.61, 0.93, 0.86, 0.54, 1.0]
  Failed regions: [[48, 79]]
  Successful interval: 64-79
  Keyframes: [0, 64, 65, 79]
  Success detected: True
  Confidence: 0.66

--- Segment 83/734 ---

============================================================
Segment: PickXtimes_ep11_f188-257
  Subtask: pick up the green cube for the second time
  Frames: 188 - 257
============================================================
  Loaded 70 frames
  Prefix scoring: 56.8s
  Rewards: [0.0, 0.12, 0.28, 0.32, 0.56, 0.76, 0.76, 1.0]
  Failed regions: []
  Successful interval: 57-69
  Keyframes: [6, 57, 62, 69]
  Success detected: True
  Confidence: 0.60

--- Segment 84/734 ---

============================================================
Segment: PickXtimes_ep11_f258-325
  Subtask: place the green cube onto the target
  Frames: 258 - 325
============================================================
  Loaded 68 frames
  Prefix scoring: 57.3s
  Rewards: [0.0, 0.44, 0.88, 1.0, 0.91, 0.78, 0.69, 0.56]
  Failed regions: []
  Successful interval: 3-32
  Keyframes: [2, 3, 17, 32, 66]
  Success detected: True
  Confidence: 0.87

--- Segment 85/734 ---

============================================================
Segment: PickXtimes_ep11_f326-394
  Subtask: pick up the green cube for the third time
  Frames: 326 - 394
============================================================
  Loaded 69 frames
  Prefix scoring: 56.3s
  Rewards: [0.04, 0.0, 0.32, 0.25, 0.36, 0.61, 0.71, 1.0]
  Failed regions: []
  Successful interval: 29-68
  Keyframes: [0, 29, 30, 68]
  Success detected: True
  Confidence: 0.82

--- Segment 86/734 ---

============================================================
Segment: PickXtimes_ep11_f395-450
  Subtask: place the green cube onto the target
  Frames: 395 - 450
============================================================
  Loaded 56 frames
  Prefix scoring: 56.2s
  Rewards: [0.0, 0.16, 0.28, 1.0, 0.88, 0.96, 0.72, 0.68]
  Failed regions: [[26, 40]]
  Successful interval: 31-40
  Keyframes: [5, 31, 40, 41, 55]
  Success detected: True
  Confidence: 0.49

--- Segment 87/734 ---

============================================================
Segment: PickXtimes_ep11_f451-519
  Subtask: pick up the green cube for the fourth time
  Frames: 451 - 519
============================================================
  Loaded 69 frames
  Prefix scoring: 56.3s
  Rewards: [0.0, 0.08, 0.24, 0.24, 0.2, 0.6, 0.72, 1.0]
  Failed regions: []
  Successful interval: 38-68
  Keyframes: [0, 38, 61, 68]
  Success detected: True
  Confidence: 0.84

--- Segment 88/734 ---

============================================================
Segment: PickXtimes_ep11_f520-587
  Subtask: place the green cube onto the target
  Frames: 520 - 587
============================================================
  Loaded 68 frames
  Prefix scoring: 56.5s
  Rewards: [0.0, 0.3, 0.83, 0.96, 0.96, 1.0, 0.61, 0.52]
  Failed regions: []
  Successful interval: 37-49
  Keyframes: [5, 37, 49, 50, 66]
  Success detected: True
  Confidence: 0.49

--- Segment 89/734 ---

============================================================
Segment: PickXtimes_ep11_f588-656
  Subtask: pick up the green cube for the fifth time
  Frames: 588 - 656
============================================================
  Loaded 69 frames
  Prefix scoring: 56.5s
  Rewards: [0.0, 0.12, 0.23, 0.35, 0.46, 0.92, 0.92, 1.0]
  Failed regions: []
  Successful interval: 56-68
  Keyframes: [6, 56, 61, 68]
  Success detected: True
  Confidence: 0.53

--- Segment 90/734 ---

============================================================
Segment: PickXtimes_ep11_f657-724
  Subtask: place the green cube onto the target
  Frames: 657 - 724
============================================================
  Loaded 68 frames
  Prefix scoring: 56.4s
  Rewards: [0.0, 0.57, 0.77, 0.77, 0.77, 1.0, 0.69, 0.57]
  Failed regions: []
  Successful interval: 37-49
  Keyframes: [6, 37, 49, 50, 67]
  Success detected: True
  Confidence: 0.56

--- Segment 91/734 ---

============================================================
Segment: PickXtimes_ep11_f725-784
  Subtask: press the button to stop
  Frames: 725 - 784
============================================================
  Loaded 60 frames
  Prefix scoring: 56.2s
  Rewards: [0.0, 0.42, 0.56, 0.69, 0.86, 0.61, 0.83, 1.0]
  Failed regions: [[36, 51]]
  Successful interval: 40-59
  Keyframes: [1, 40, 55, 59]
  Success detected: True
  Confidence: 0.63

--- Segment 92/734 ---

============================================================
Segment: PickXtimes_ep11_f725-821
  Subtask: press the button to stop
  Frames: 725 - 821
============================================================
  Loaded 97 frames
  Prefix scoring: 56.4s
  Rewards: [0.0, 0.54, 0.81, 0.51, 0.92, 0.59, 1.0, 0.57]
  Failed regions: [[33, 58], [58, 83]]
  Successful interval: 67-83
  Keyframes: [0, 67, 83, 84, 96]
  Success detected: True
  Confidence: 0.64

--- Segment 93/734 ---

============================================================
Segment: PickXtimes_ep12_f0-132
  Subtask: pick up the green cube for the first time
  Frames: 0 - 132
============================================================
  Loaded 133 frames
  Prefix scoring: 57.1s
  Rewards: [0.02, 0.0, 0.1, 0.04, 0.67, 0.84, 1.0, 0.92]
  Failed regions: []
  Successful interval: 58-115
  Keyframes: [0, 58, 115, 116, 132]
  Success detected: True
  Confidence: 0.89

--- Segment 94/734 ---

============================================================
Segment: PickXtimes_ep12_f133-227
  Subtask: place the green cube onto the target
  Frames: 133 - 227
============================================================
  Loaded 95 frames
  Prefix scoring: 56.4s
  Rewards: [0.0, 0.56, 0.82, 0.86, 1.0, 0.91, 0.84, 0.93]
  Failed regions: [[57, 94]]
  Successful interval: 77-94
  Keyframes: [1, 77, 84, 94]
  Success detected: True
  Confidence: 0.44

--- Segment 95/734 ---

============================================================
Segment: PickXtimes_ep12_f228-287
  Subtask: press the button to stop
  Frames: 228 - 287
============================================================
  Loaded 60 frames
  Prefix scoring: 56.3s
  Rewards: [0.0, 0.38, 0.25, 0.5, 0.31, 0.5, 0.62, 1.0]
  Failed regions: [[13, 28], [28, 43]]
  Successful interval: 33-59
  Keyframes: [1, 33, 55, 59]
  Success detected: True
  Confidence: 0.79

--- Segment 96/734 ---

============================================================
Segment: PickXtimes_ep12_f228-322
  Subtask: press the button to stop
  Frames: 228 - 322
============================================================
  Loaded 95 frames
  Prefix scoring: 56.5s
  Rewards: [0.0, 0.18, 0.36, 0.18, 1.0, 0.27, 0.32, 0.36]
  Failed regions: [[33, 57]]
  Successful interval: 41-57
  Keyframes: [1, 41, 55, 57, 93]
  Success detected: True
  Confidence: 0.86

--- Segment 97/734 ---

============================================================
Segment: PickXtimes_ep13_f0-133
  Subtask: pick up the blue cube for the first time
  Frames: 0 - 133
============================================================
  Loaded 134 frames
  Prefix scoring: 57.6s
  Rewards: [0.12, 0.0, 0.48, 0.81, 0.75, 0.87, 0.94, 1.0]
  Failed regions: []
  Successful interval: 75-133
  Keyframes: [0, 75, 116, 133]
  Success detected: True
  Confidence: 0.58

--- Segment 98/734 ---

============================================================
Segment: PickXtimes_ep13_f134-222
  Subtask: place the blue cube onto the target
  Frames: 134 - 222
============================================================
  Loaded 89 frames
  Prefix scoring: 56.3s
  Rewards: [0.0, 0.65, 0.88, 0.88, 0.98, 0.98, 0.98, 1.0]
  Failed regions: []
  Successful interval: 72-88
  Keyframes: [0, 72, 80, 88]
  Success detected: True
  Confidence: 0.45

--- Segment 99/734 ---

============================================================
Segment: PickXtimes_ep13_f223-291
  Subtask: pick up the blue cube for the second time
  Frames: 223 - 291
============================================================
  Loaded 69 frames
  Prefix scoring: 56.3s
  Rewards: [0.0, 0.14, 0.14, 0.27, 0.55, 0.59, 0.82, 1.0]
  Failed regions: []
  Successful interval: 20-68
  Keyframes: [1, 20, 60, 68]
  Success detected: True
  Confidence: 0.86

--- Segment 100/734 ---

============================================================
Segment: PickXtimes_ep13_f292-343
  Subtask: place the blue cube onto the target
  Frames: 292 - 343
============================================================
  Loaded 52 frames
  Prefix scoring: 56.3s
  Rewards: [0.0, 0.17, 0.61, 0.94, 1.0, 1.0, 0.67, 0.72]
  Failed regions: []
  Successful interval: 3-31
  Keyframes: [2, 3, 13, 31, 51]
  Success detected: True
  Confidence: 0.87

--- Segment 101/734 ---

============================================================
Segment: PickXtimes_ep13_f344-413
  Subtask: pick up the blue cube for the third time
  Frames: 344 - 413
============================================================
  Loaded 70 frames
  Prefix scoring: 56.3s
  Rewards: [0.1, 0.0, 0.24, 0.62, 0.67, 0.67, 0.81, 1.0]
  Failed regions: []
  Successful interval: 48-69
  Keyframes: [1, 48, 62, 69]
  Success detected: True
  Confidence: 0.63

--- Segment 102/734 ---

============================================================
Segment: PickXtimes_ep13_f414-466
  Subtask: place the blue cube onto the target
  Frames: 414 - 466
============================================================
  Loaded 53 frames
  Prefix scoring: 57.8s
  Rewards: [0.0, 0.3, 0.26, 0.96, 1.0, 0.74, 0.65, 0.52]
  Failed regions: []
  Successful interval: 16-31
  Keyframes: [3, 16, 17, 31, 52]
  Success detected: True
  Confidence: 0.78

--- Segment 103/734 ---

============================================================
Segment: PickXtimes_ep13_f467-530
  Subtask: press the button to stop
  Frames: 467 - 530
============================================================
  Loaded 64 frames
  Prefix scoring: 56.4s
  Rewards: [0.0, 0.5, 0.77, 1.0, 0.69, 0.92, 0.62, 0.69]
  Failed regions: [[30, 46]]
  Successful interval: 35-46
  Keyframes: [0, 35, 38, 46, 63]
  Success detected: True
  Confidence: 0.52

--- Segment 104/734 ---

============================================================
Segment: PickXtimes_ep13_f467-567
  Subtask: press the button to stop
  Frames: 467 - 567
============================================================
  Loaded 101 frames
  Prefix scoring: 56.7s
  Rewards: [0.0, 1.0, 0.88, 0.94, 0.71, 0.59, 0.82, 0.53]
  Failed regions: [[22, 48], [48, 87]]
  Successful interval: 69-87
  Keyframes: [0, 69, 87, 88, 100]
  Success detected: True
  Confidence: 0.45

--- Segment 105/734 ---

============================================================
Segment: PickXtimes_ep14_f0-117
  Subtask: pick up the blue cube for the first time
  Frames: 0 - 117
============================================================
  Loaded 118 frames
  Prefix scoring: 56.8s
  Rewards: [0.12, 0.0, 0.29, 0.82, 0.94, 0.79, 0.74, 1.0]
  Failed regions: [[71, 117]]
  Successful interval: 96-117
  Keyframes: [1, 96, 107, 117]
  Success detected: True
  Confidence: 0.59

--- Segment 106/734 ---

============================================================
Segment: PickXtimes_ep14_f118-205
  Subtask: place the blue cube onto the target
  Frames: 118 - 205
============================================================
  Loaded 88 frames
  Prefix scoring: 56.3s
  Rewards: [0.0, 0.68, 0.73, 0.41, 0.41, 1.0, 0.91, 0.68]
  Failed regions: [[30, 53], [30, 64]]
  Successful interval: 49-64
  Keyframes: [3, 49, 50, 64, 87]
  Success detected: True
  Confidence: 0.72

--- Segment 107/734 ---

============================================================
Segment: PickXtimes_ep14_f206-277
  Subtask: pick up the blue cube for the second time
  Frames: 206 - 277
============================================================
  Loaded 72 frames
  Prefix scoring: 56.5s
  Rewards: [0.0, 0.08, 0.08, 0.31, 0.77, 1.0, 0.92, 0.69]
  Failed regions: []
  Successful interval: 22-52
  Keyframes: [14, 22, 31, 52, 71]
  Success detected: True
  Confidence: 0.87

--- Segment 108/734 ---

============================================================
Segment: PickXtimes_ep14_f278-330
  Subtask: place the blue cube onto the target
  Frames: 278 - 330
============================================================
  Loaded 53 frames
  Prefix scoring: 56.4s
  Rewards: [0.11, 0.0, 0.21, 1.0, 0.84, 0.95, 1.0, 0.92]
  Failed regions: [[25, 38]]
  Successful interval: 29-45
  Keyframes: [0, 29, 45, 46, 52]
  Success detected: True
  Confidence: 0.54

--- Segment 109/734 ---

============================================================
Segment: PickXtimes_ep14_f331-404
  Subtask: pick up the blue cube for the third time
  Frames: 331 - 404
============================================================
  Loaded 74 frames
  Prefix scoring: 56.5s
  Rewards: [0.0, 0.0, 0.17, 0.09, 0.78, 0.61, 0.87, 1.0]
  Failed regions: [[44, 63]]
  Successful interval: 51-73
  Keyframes: [1, 51, 64, 73]
  Success detected: True
  Confidence: 0.67

--- Segment 110/734 ---

============================================================
Segment: PickXtimes_ep14_f405-459
  Subtask: place the blue cube onto the target
  Frames: 405 - 459
============================================================
  Loaded 55 frames
  Prefix scoring: 56.3s
  Rewards: [0.0, 0.08, 0.22, 0.69, 1.0, 0.97, 1.0, 0.56]
  Failed regions: []
  Successful interval: 38-47
  Keyframes: [5, 38, 47, 48, 54]
  Success detected: True
  Confidence: 0.50

--- Segment 111/734 ---

============================================================
Segment: PickXtimes_ep14_f460-520
  Subtask: press the button to stop
  Frames: 460 - 520
============================================================
  Loaded 61 frames
  Prefix scoring: 57.7s
  Rewards: [0.0, 0.1, 0.51, 0.97, 0.9, 0.97, 1.0, 0.59]
  Failed regions: []
  Successful interval: 33-52
  Keyframes: [0, 33, 52, 53, 60]
  Success detected: True
  Confidence: 0.51

--- Segment 112/734 ---

============================================================
Segment: PickXtimes_ep14_f460-555
  Subtask: press the button to stop
  Frames: 460 - 555
============================================================
  Loaded 96 frames
  Prefix scoring: 57.0s
  Rewards: [0.0, 0.55, 1.0, 0.98, 0.62, 0.71, 0.64, 0.74]
  Failed regions: []
  Successful interval: 5-33
  Keyframes: [0, 5, 19, 33, 69]
  Success detected: True
  Confidence: 0.87

--- Segment 113/734 ---

============================================================
Segment: PickXtimes_ep15_f0-113
  Subtask: pick up the blue cube for the first time
  Frames: 0 - 113
============================================================
  Loaded 114 frames
  Prefix scoring: 56.7s
  Rewards: [0.04, 0.0, 0.57, 0.81, 0.79, 0.87, 0.81, 1.0]
  Failed regions: []
  Successful interval: 93-113
  Keyframes: [0, 93, 104, 113]
  Success detected: True
  Confidence: 0.55

--- Segment 114/734 ---

============================================================
Segment: PickXtimes_ep15_f114-196
  Subtask: place the blue cube onto the target
  Frames: 114 - 196
============================================================
  Loaded 83 frames
  Prefix scoring: 56.6s
  Rewards: [0.0, 0.31, 0.53, 0.75, 1.0, 0.94, 0.84, 1.0]
  Failed regions: [[50, 82]]
  Successful interval: 67-82
  Keyframes: [1, 67, 74, 82]
  Success detected: True
  Confidence: 0.53

--- Segment 115/734 ---

============================================================
Segment: PickXtimes_ep15_f197-270
  Subtask: pick up the blue cube for the second time
  Frames: 197 - 270
============================================================
  Loaded 74 frames
  Prefix scoring: 56.6s
  Rewards: [0.0, 0.08, 0.12, 0.32, 0.4, 0.6, 0.56, 1.0]
  Failed regions: []
  Successful interval: 60-73
  Keyframes: [0, 60, 64, 73]
  Success detected: True
  Confidence: 0.70

--- Segment 116/734 ---

============================================================
Segment: PickXtimes_ep15_f271-325
  Subtask: place the blue cube onto the target
  Frames: 271 - 325
============================================================
  Loaded 55 frames
  Prefix scoring: 56.7s
  Rewards: [0.0, 0.31, 0.44, 1.0, 0.38, 0.88, 0.88, 0.69]
  Failed regions: [[26, 40]]
  Successful interval: 31-40
  Keyframes: [3, 31, 40, 41, 54]
  Success detected: True
  Confidence: 0.61

--- Segment 117/734 ---

============================================================
Segment: PickXtimes_ep15_f326-399
  Subtask: pick up the blue cube for the third time
  Frames: 326 - 399
============================================================
  Loaded 74 frames
  Prefix scoring: 56.3s
  Rewards: [0.0, 0.0, 0.17, 0.42, 0.17, 0.5, 0.25, 1.0]
  Failed regions: [[35, 54], [54, 73]]
  Successful interval: 60-73
  Keyframes: [2, 60, 64, 73]
  Success detected: True
  Confidence: 0.84

--- Segment 118/734 ---

============================================================
Segment: PickXtimes_ep15_f400-453
  Subtask: place the blue cube onto the target
  Frames: 400 - 453
============================================================
  Loaded 54 frames
  Prefix scoring: 56.2s
  Rewards: [0.0, 0.18, 0.24, 1.0, 0.59, 0.88, 0.76, 0.88]
  Failed regions: [[25, 39], [39, 53]]
  Successful interval: 44-53
  Keyframes: [10, 44, 45, 53]
  Success detected: True
  Confidence: 0.46

--- Segment 119/734 ---

============================================================
Segment: PickXtimes_ep15_f454-527
  Subtask: pick up the blue cube for the fourth time
  Frames: 454 - 527
============================================================
  Loaded 74 frames
  Prefix scoring: 57.5s
  Rewards: [0.0, 0.12, 0.12, 0.31, 0.25, 0.56, 0.25, 1.0]
  Failed regions: [[54, 73]]
  Successful interval: 60-73
  Keyframes: [0, 60, 64, 73]
  Success detected: True
  Confidence: 0.83

--- Segment 120/734 ---

============================================================
Segment: PickXtimes_ep15_f528-581
  Subtask: place the blue cube onto the target
  Frames: 528 - 581
============================================================
  Loaded 54 frames
  Prefix scoring: 56.6s
  Rewards: [0.0, 0.3, 0.4, 1.0, 0.7, 0.9, 0.8, 0.75]
  Failed regions: [[25, 39]]
  Successful interval: 30-39
  Keyframes: [3, 30, 39, 40, 53]
  Success detected: True
  Confidence: 0.50

--- Segment 121/734 ---

============================================================
Segment: PickXtimes_ep15_f582-650
  Subtask: press the button to stop
  Frames: 582 - 650
============================================================
  Loaded 69 frames
  Prefix scoring: 56.3s
  Rewards: [0.5, 0.8, 0.75, 0.0, 0.55, 0.55, 0.6, 1.0]
  Failed regions: [[14, 41]]
  Successful interval: 47-68
  Keyframes: [0, 47, 65, 68]
  Success detected: True
  Confidence: 0.66

--- Segment 122/734 ---

============================================================
Segment: PickXtimes_ep15_f582-690
  Subtask: press the button to stop
  Frames: 582 - 690
============================================================
  Loaded 109 frames
  Prefix scoring: 56.6s
  Rewards: [0.4, 0.53, 0.0, 0.27, 0.93, 0.67, 1.0, 0.6]
  Failed regions: [[24, 66], [66, 94]]
  Successful interval: 75-94
  Keyframes: [0, 75, 93, 94, 108]
  Success detected: True
  Confidence: 0.62

--- Segment 123/734 ---

============================================================
Segment: PickXtimes_ep16_f0-147
  Subtask: pick up the green cube for the first time
  Frames: 0 - 147
============================================================
  Loaded 148 frames
  Prefix scoring: 56.9s
  Rewards: [0.08, 0.0, 0.27, 0.57, 0.9, 0.96, 0.98, 1.0]
  Failed regions: []
  Successful interval: 26-147
  Keyframes: [0, 26, 86, 147]
  Success detected: True
  Confidence: 0.88

--- Segment 124/734 ---

============================================================
Segment: PickXtimes_ep16_f148-242
  Subtask: place the green cube onto the target
  Frames: 148 - 242
============================================================
  Loaded 95 frames
  Prefix scoring: 56.3s
  Rewards: [0.0, 0.63, 0.81, 0.88, 0.92, 0.93, 0.86, 1.0]
  Failed regions: []
  Successful interval: 77-94
  Keyframes: [0, 77, 86, 94]
  Success detected: True
  Confidence: 0.50

--- Segment 125/734 ---

============================================================
Segment: PickXtimes_ep16_f243-310
  Subtask: press the button to stop
  Frames: 243 - 310
============================================================
  Loaded 68 frames
  Prefix scoring: 56.3s
  Rewards: [0.0, 0.27, 0.73, 0.09, 0.27, 0.45, 0.18, 1.0]
  Failed regions: [[23, 49], [49, 67]]
  Successful interval: 55-67
  Keyframes: [0, 55, 63, 67]
  Success detected: True
  Confidence: 0.85

--- Segment 126/734 ---

============================================================
Segment: PickXtimes_ep16_f243-347
  Subtask: press the button to stop
  Frames: 243 - 347
============================================================
  Loaded 105 frames
  Prefix scoring: 57.3s
  Rewards: [0.0, 0.67, 0.25, 0.33, 0.58, 0.0, 1.0, 0.25]
  Failed regions: [[23, 63], [63, 90]]
  Successful interval: 72-90
  Keyframes: [1, 72, 90, 91, 104]
  Success detected: True
  Confidence: 0.92

--- Segment 127/734 ---

============================================================
Segment: PickXtimes_ep17_f0-134
  Subtask: pick up the red cube for the first time
  Frames: 0 - 134
============================================================
  Loaded 135 frames
  Prefix scoring: 58.1s
  Rewards: [0.15, 0.0, 0.23, 0.25, 0.75, 0.95, 0.95, 1.0]
  Failed regions: []
  Successful interval: 110-134
  Keyframes: [0, 110, 121, 134]
  Success detected: True
  Confidence: 0.51

--- Segment 128/734 ---

============================================================
Segment: PickXtimes_ep17_f135-228
  Subtask: place the red cube onto the target
  Frames: 135 - 228
============================================================
  Loaded 94 frames
  Prefix scoring: 56.8s
  Rewards: [0.0, 0.75, 0.89, 0.85, 0.96, 1.0, 1.0, 1.0]
  Failed regions: []
  Successful interval: 41-69
  Keyframes: [1, 41, 56, 69, 93]
  Success detected: True
  Confidence: 0.50

--- Segment 129/734 ---

============================================================
Segment: PickXtimes_ep17_f229-300
  Subtask: pick up the red cube for the second time
  Frames: 229 - 300
============================================================
  Loaded 72 frames
  Prefix scoring: 56.4s
  Rewards: [0.09, 0.27, 0.0, 0.36, 0.59, 0.95, 0.77, 1.0]
  Failed regions: [[16, 52], [52, 71]]
  Successful interval: 58-71
  Keyframes: [1, 58, 62, 71]
  Success detected: True
  Confidence: 0.59

--- Segment 130/734 ---

============================================================
Segment: PickXtimes_ep17_f301-353
  Subtask: place the red cube onto the target
  Frames: 301 - 353
============================================================
  Loaded 53 frames
  Prefix scoring: 56.3s
  Rewards: [0.0, 0.2, 0.44, 0.68, 0.72, 1.0, 0.84, 0.76]
  Failed regions: []
  Successful interval: 3-38
  Keyframes: [0, 3, 14, 38, 52]
  Success detected: True
  Confidence: 0.88

--- Segment 131/734 ---

============================================================
Segment: PickXtimes_ep17_f354-426
  Subtask: press the button to stop
  Frames: 354 - 426
============================================================
  Loaded 73 frames
  Prefix scoring: 56.3s
  Rewards: [0.0, 0.42, 1.0, 0.5, 0.75, 0.33, 0.5, 0.42]
  Failed regions: []
  Successful interval: 4-25
  Keyframes: [0, 4, 22, 25, 43]
  Success detected: True
  Confidence: 0.90

--- Segment 132/734 ---

============================================================
Segment: PickXtimes_ep17_f354-464
  Subtask: press the button to stop
  Frames: 354 - 464
============================================================
  Loaded 111 frames
  Prefix scoring: 57.7s
  Rewards: [0.0, 1.0, 0.14, 0.43, 0.79, 0.0, 0.79, 0.57]
  Failed regions: []
  Successful interval: 6-25
  Keyframes: [0, 6, 22, 25, 81]
  Success detected: True
  Confidence: 0.91

--- Segment 133/734 ---

============================================================
Segment: PickXtimes_ep18_f0-115
  Subtask: pick up the green cube for the first time
  Frames: 0 - 115
============================================================
  Loaded 116 frames
  Prefix scoring: 56.5s
  Rewards: [0.06, 0.0, 0.31, 0.71, 0.79, 0.96, 0.81, 1.0]
  Failed regions: [[85, 115]]
  Successful interval: 95-115
  Keyframes: [2, 95, 105, 115]
  Success detected: True
  Confidence: 0.56

--- Segment 134/734 ---

============================================================
Segment: PickXtimes_ep18_f116-200
  Subtask: place the green cube onto the target
  Frames: 116 - 200
============================================================
  Loaded 85 frames
  Prefix scoring: 56.4s
  Rewards: [0.0, 0.31, 0.34, 0.41, 1.0, 0.76, 0.72, 0.55]
  Failed regions: []
  Successful interval: 4-51
  Keyframes: [0, 4, 35, 51, 81]
  Success detected: True
  Confidence: 0.90

--- Segment 135/734 ---

============================================================
Segment: PickXtimes_ep18_f201-265
  Subtask: press the button to stop
  Frames: 201 - 265
============================================================
  Loaded 65 frames
  Prefix scoring: 56.3s
  Rewards: [0.0, 0.21, 0.26, 0.26, 0.53, 0.68, 0.37, 1.0]
  Failed regions: [[47, 64]]
  Successful interval: 52-64
  Keyframes: [0, 52, 59, 64]
  Success detected: True
  Confidence: 0.77

--- Segment 136/734 ---

============================================================
Segment: PickXtimes_ep18_f201-301
  Subtask: press the button to stop
  Frames: 201 - 301
============================================================
  Loaded 101 frames
  Prefix scoring: 56.5s
  Rewards: [0.0, 0.13, 0.09, 0.35, 1.0, 0.3, 0.74, 0.65]
  Failed regions: []
  Successful interval: 30-61
  Keyframes: [0, 30, 59, 61, 100]
  Success detected: True
  Confidence: 0.88

--- Segment 137/734 ---

============================================================
Segment: PickXtimes_ep19_f0-104
  Subtask: pick up the red cube for the first time
  Frames: 0 - 104
============================================================
  Loaded 105 frames
  Prefix scoring: 56.6s
  Rewards: [0.13, 0.0, 0.51, 0.6, 0.62, 0.6, 0.87, 1.0]
  Failed regions: []
  Successful interval: 72-104
  Keyframes: [0, 72, 96, 104]
  Success detected: True
  Confidence: 0.65

--- Segment 138/734 ---

============================================================
Segment: PickXtimes_ep19_f105-174
  Subtask: place the red cube onto the target
  Frames: 105 - 174
============================================================
  Loaded 70 frames
  Prefix scoring: 56.2s
  Rewards: [0.0, 0.33, 0.31, 0.77, 1.0, 0.97, 1.0, 0.85]
  Failed regions: []
  Successful interval: 48-60
  Keyframes: [4, 48, 60, 61, 69]
  Success detected: True
  Confidence: 0.48

--- Segment 139/734 ---

============================================================
Segment: PickXtimes_ep19_f175-248
  Subtask: pick up the red cube for the second time
  Frames: 175 - 248
============================================================
  Loaded 74 frames
  Prefix scoring: 56.4s
  Rewards: [0.0, 0.04, 0.0, 0.38, 0.83, 0.71, 0.5, 1.0]
  Failed regions: [[44, 73]]
  Successful interval: 60-73
  Keyframes: [1, 60, 64, 73]
  Success detected: True
  Confidence: 0.71

--- Segment 140/734 ---

============================================================
Segment: PickXtimes_ep19_f249-301
  Subtask: place the red cube onto the target
  Frames: 249 - 301
============================================================
  Loaded 53 frames
  Prefix scoring: 56.3s
  Rewards: [0.0, 0.06, 0.62, 0.82, 0.79, 0.82, 0.85, 1.0]
  Failed regions: []
  Successful interval: 29-52
  Keyframes: [10, 29, 44, 52]
  Success detected: True
  Confidence: 0.56

--- Segment 141/734 ---

============================================================
Segment: PickXtimes_ep19_f302-375
  Subtask: pick up the red cube for the third time
  Frames: 302 - 375
============================================================
  Loaded 74 frames
  Prefix scoring: 57.8s
  Rewards: [0.0, 0.19, 0.24, 0.62, 1.0, 0.62, 0.62, 0.95]
  Failed regions: [[44, 63], [44, 73]]
  Successful interval: 60-73
  Keyframes: [1, 60, 64, 73]
  Success detected: True
  Confidence: 0.60

--- Segment 142/734 ---

============================================================
Segment: PickXtimes_ep19_f376-428
  Subtask: place the red cube onto the target
  Frames: 376 - 428
============================================================
  Loaded 53 frames
  Prefix scoring: 56.3s
  Rewards: [0.0, 0.03, 0.56, 0.85, 0.76, 0.76, 0.79, 1.0]
  Failed regions: [[25, 38], [25, 45]]
  Successful interval: 36-52
  Keyframes: [10, 36, 44, 52]
  Success detected: True
  Confidence: 0.57

--- Segment 143/734 ---

============================================================
Segment: PickXtimes_ep19_f429-502
  Subtask: pick up the red cube for the fourth time
  Frames: 429 - 502
============================================================
  Loaded 74 frames
  Prefix scoring: 56.5s
  Rewards: [0.0, 0.13, 0.35, 0.52, 0.7, 0.43, 0.43, 1.0]
  Failed regions: [[44, 63], [44, 73]]
  Successful interval: 60-73
  Keyframes: [0, 60, 64, 73]
  Success detected: True
  Confidence: 0.74

--- Segment 144/734 ---

============================================================
Segment: PickXtimes_ep19_f503-556
  Subtask: place the red cube onto the target
  Frames: 503 - 556
============================================================
  Loaded 54 frames
  Prefix scoring: 56.2s
  Rewards: [0.0, 0.07, 0.47, 0.77, 0.6, 0.83, 0.9, 1.0]
  Failed regions: [[25, 39]]
  Successful interval: 30-53
  Keyframes: [10, 30, 45, 53]
  Success detected: True
  Confidence: 0.64

--- Segment 145/734 ---

============================================================
Segment: PickXtimes_ep19_f557-630
  Subtask: pick up the red cube for the fifth time
  Frames: 557 - 630
============================================================
  Loaded 74 frames
  Prefix scoring: 57.0s
  Rewards: [0.0, 0.16, 0.32, 0.56, 0.84, 0.52, 0.52, 1.0]
  Failed regions: [[44, 63], [44, 73]]
  Successful interval: 60-73
  Keyframes: [0, 60, 64, 73]
  Success detected: True
  Confidence: 0.69

--- Segment 146/734 ---

============================================================
Segment: PickXtimes_ep19_f631-683
  Subtask: place the red cube onto the target
  Frames: 631 - 683
============================================================
  Loaded 53 frames
  Prefix scoring: 57.1s
  Rewards: [0.0, 0.15, 0.68, 0.91, 0.82, 0.82, 0.94, 1.0]
  Failed regions: [[25, 38], [25, 45]]
  Successful interval: 36-52
  Keyframes: [10, 36, 44, 52]
  Success detected: True
  Confidence: 0.54

--- Segment 147/734 ---

============================================================
Segment: PickXtimes_ep19_f684-748
  Subtask: press the button to stop
  Frames: 684 - 748
============================================================
  Loaded 65 frames
  Prefix scoring: 57.3s
  Rewards: [0.0, 0.22, 0.3, 0.56, 0.96, 1.0, 0.67, 0.41]
  Failed regions: []
  Successful interval: 3-47
  Keyframes: [0, 3, 19, 47, 64]
  Success detected: True
  Confidence: 0.90

--- Segment 148/734 ---

============================================================
Segment: PickXtimes_ep19_f684-787
  Subtask: press the button to stop
  Frames: 684 - 787
============================================================
  Loaded 104 frames
  Prefix scoring: 57.4s
  Rewards: [0.0, 0.08, 1.0, 1.0, 0.23, 0.38, 0.08, 0.46]
  Failed regions: []
  Successful interval: 5-36
  Keyframes: [0, 5, 21, 36, 77]
  Success detected: True
  Confidence: 0.92

--- Segment 149/734 ---

============================================================
Segment: PickXtimes_ep20_f0-124
  Subtask: pick up the red cube for the first time
  Frames: 0 - 124
============================================================
  Loaded 125 frames
  Prefix scoring: 56.8s
  Rewards: [0.18, 0.0, 0.46, 0.54, 0.77, 0.77, 0.79, 1.0]
  Failed regions: []
  Successful interval: 86-124
  Keyframes: [2, 86, 111, 124]
  Success detected: True
  Confidence: 0.58

--- Segment 150/734 ---

============================================================
Segment: PickXtimes_ep20_f125-205
  Subtask: place the red cube onto the target
  Frames: 125 - 205
============================================================
  Loaded 81 frames
  Prefix scoring: 56.4s
  Rewards: [0.0, 0.55, 0.53, 0.75, 0.96, 1.0, 0.66, 0.58]
  Failed regions: []
  Successful interval: 24-59
  Keyframes: [1, 24, 39, 59, 80]
  Success detected: True
  Confidence: 0.66

--- Segment 151/734 ---

============================================================
Segment: PickXtimes_ep20_f206-280
  Subtask: pick up the red cube for the second time
  Frames: 206 - 280
============================================================
  Loaded 75 frames
  Prefix scoring: 57.0s
  Rewards: [0.0, 0.07, 0.1, 0.34, 0.72, 0.79, 0.72, 1.0]
  Failed regions: []
  Successful interval: 61-74
  Keyframes: [0, 61, 64, 74]
  Success detected: True
  Confidence: 0.62

--- Segment 152/734 ---

============================================================
Segment: PickXtimes_ep20_f281-340
  Subtask: place the red cube onto the target
  Frames: 281 - 340
============================================================
  Loaded 60 frames
  Prefix scoring: 58.0s
  Rewards: [0.0, 0.44, 0.67, 1.0, 0.87, 0.82, 0.9, 0.51]
  Failed regions: [[28, 51]]
  Successful interval: 40-51
  Keyframes: [3, 40, 49, 51, 59]
  Success detected: True
  Confidence: 0.44

--- Segment 153/734 ---

============================================================
Segment: PickXtimes_ep20_f341-386
  Subtask: press the button to stop
  Frames: 341 - 386
============================================================
  Loaded 46 frames
  Prefix scoring: 56.1s
  Rewards: [0.11, 0.17, 0.0, 0.39, 0.28, 0.72, 0.72, 1.0]
  Failed regions: [[21, 33]]
  Successful interval: 37-45
  Keyframes: [0, 37, 41, 45]
  Success detected: True
  Confidence: 0.63

--- Segment 154/734 ---

============================================================
Segment: PickXtimes_ep20_f341-420
  Subtask: press the button to stop
  Frames: 341 - 420
============================================================
  Loaded 80 frames
  Prefix scoring: 56.4s
  Rewards: [0.0, 0.39, 0.22, 0.48, 0.83, 0.57, 1.0, 0.26]
  Failed regions: [[18, 48], [48, 68]]
  Successful interval: 54-68
  Keyframes: [0, 54, 67, 68, 79]
  Success detected: True
  Confidence: 0.68

--- Segment 155/734 ---

============================================================
Segment: PickXtimes_ep21_f0-111
  Subtask: pick up the green cube for the first time
  Frames: 0 - 111
============================================================
  Loaded 112 frames
  Prefix scoring: 56.7s
  Rewards: [0.13, 0.0, 0.51, 0.64, 0.76, 0.95, 0.95, 1.0]
  Failed regions: []
  Successful interval: 91-111
  Keyframes: [0, 91, 102, 111]
  Success detected: True
  Confidence: 0.50

--- Segment 156/734 ---

============================================================
Segment: PickXtimes_ep21_f112-216
  Subtask: place the green cube onto the target
  Frames: 112 - 216
============================================================
  Loaded 105 frames
  Prefix scoring: 56.6s
  Rewards: [0.0, 0.15, 0.0, 0.29, 0.82, 0.74, 1.0, 1.0]
  Failed regions: [[63, 90]]
  Successful interval: 72-90
  Keyframes: [0, 72, 90, 91, 104]
  Success detected: True
  Confidence: 0.61

--- Segment 157/734 ---

============================================================
Segment: PickXtimes_ep21_f217-296
  Subtask: pick up the green cube for the second time
  Frames: 217 - 296
============================================================
  Loaded 80 frames
  Prefix scoring: 56.3s
  Rewards: [0.06, 0.0, 0.09, 0.3, 0.82, 0.52, 0.67, 1.0]
  Failed regions: [[48, 68]]
  Successful interval: 54-79
  Keyframes: [15, 54, 66, 79]
  Success detected: True
  Confidence: 0.71

--- Segment 158/734 ---

============================================================
Segment: PickXtimes_ep21_f297-363
  Subtask: place the green cube onto the target
  Frames: 297 - 363
============================================================
  Loaded 67 frames
  Prefix scoring: 56.3s
  Rewards: [0.0, 0.1, 0.6, 0.67, 0.8, 0.77, 1.0, 0.6]
  Failed regions: []
  Successful interval: 45-57
  Keyframes: [0, 45, 54, 57, 66]
  Success detected: True
  Confidence: 0.58

--- Segment 159/734 ---

============================================================
Segment: PickXtimes_ep21_f364-446
  Subtask: pick up the green cube for the third time
  Frames: 364 - 446
============================================================
  Loaded 83 frames
  Prefix scoring: 56.5s
  Rewards: [0.1, 0.0, 0.19, 0.39, 0.48, 0.48, 0.61, 1.0]
  Failed regions: []
  Successful interval: 56-82
  Keyframes: [12, 56, 69, 82]
  Success detected: True
  Confidence: 0.72

--- Segment 160/734 ---

============================================================
Segment: PickXtimes_ep21_f447-512
  Subtask: place the green cube onto the target
  Frames: 447 - 512
============================================================
  Loaded 66 frames
  Prefix scoring: 56.3s
  Rewards: [0.0, 0.13, 0.52, 0.52, 0.83, 0.96, 1.0, 0.78]
  Failed regions: []
  Successful interval: 28-56
  Keyframes: [0, 28, 53, 56, 65]
  Success detected: True
  Confidence: 0.67

--- Segment 161/734 ---

============================================================
Segment: PickXtimes_ep21_f513-583
  Subtask: press the button to stop
  Frames: 513 - 583
============================================================
  Loaded 71 frames
  Prefix scoring: 57.9s
  Rewards: [0.0, 0.15, 0.26, 0.33, 0.19, 0.3, 0.52, 1.0]
  Failed regions: [[34, 52]]
  Successful interval: 40-70
  Keyframes: [14, 40, 65, 70]
  Success detected: True
  Confidence: 0.86

--- Segment 162/734 ---

============================================================
Segment: PickXtimes_ep21_f513-621
  Subtask: press the button to stop
  Frames: 513 - 621
============================================================
  Loaded 109 frames
  Prefix scoring: 56.9s
  Rewards: [0.0, 0.36, 0.18, 0.27, 0.82, 0.64, 0.77, 1.0]
  Failed regions: [[24, 66], [66, 94]]
  Successful interval: 75-108
  Keyframes: [3, 75, 97, 108]
  Success detected: True
  Confidence: 0.64

--- Segment 163/734 ---

============================================================
Segment: PickXtimes_ep22_f0-112
  Subtask: pick up the green cube for the first time
  Frames: 0 - 112
============================================================
  Loaded 113 frames
  Prefix scoring: 56.5s
  Rewards: [0.13, 0.0, 0.31, 0.52, 0.56, 0.33, 0.77, 1.0]
  Failed regions: [[68, 97]]
  Successful interval: 78-112
  Keyframes: [0, 78, 102, 112]
  Success detected: True
  Confidence: 0.78

--- Segment 164/734 ---

============================================================
Segment: PickXtimes_ep22_f113-186
  Subtask: place the green cube onto the target
  Frames: 113 - 186
============================================================
  Loaded 74 frames
  Prefix scoring: 57.1s
  Rewards: [0.0, 0.58, 0.65, 0.29, 1.0, 0.94, 0.84, 0.65]
  Failed regions: [[25, 44]]
  Successful interval: 32-44
  Keyframes: [1, 32, 33, 44, 73]
  Success detected: True
  Confidence: 0.76

--- Segment 165/734 ---

============================================================
Segment: PickXtimes_ep22_f187-269
  Subtask: pick up the green cube for the second time
  Frames: 187 - 269
============================================================
  Loaded 83 frames
  Prefix scoring: 56.5s
  Rewards: [0.0, 0.03, 0.08, 0.17, 0.36, 0.44, 0.44, 1.0]
  Failed regions: []
  Successful interval: 67-82
  Keyframes: [0, 67, 70, 82]
  Success detected: True
  Confidence: 0.76

--- Segment 166/734 ---

============================================================
Segment: PickXtimes_ep22_f270-329
  Subtask: place the green cube onto the target
  Frames: 270 - 329
============================================================
  Loaded 60 frames
  Prefix scoring: 56.2s
  Rewards: [0.0, 0.48, 0.57, 0.57, 0.95, 1.0, 0.79, 0.86]
  Failed regions: [[43, 59]]
  Successful interval: 48-59
  Keyframes: [12, 48, 49, 59]
  Success detected: True
  Confidence: 0.41

--- Segment 167/734 ---

============================================================
Segment: PickXtimes_ep22_f330-410
  Subtask: pick up the green cube for the third time
  Frames: 330 - 410
============================================================
  Loaded 81 frames
  Prefix scoring: 56.4s
  Rewards: [0.0, 0.05, 0.1, 0.19, 0.67, 0.81, 0.62, 1.0]
  Failed regions: [[59, 80]]
  Successful interval: 65-80
  Keyframes: [1, 65, 69, 80]
  Success detected: True
  Confidence: 0.67

--- Segment 168/734 ---

============================================================
Segment: PickXtimes_ep22_f411-469
  Subtask: place the green cube onto the target
  Frames: 411 - 469
============================================================
  Loaded 59 frames
  Prefix scoring: 56.1s
  Rewards: [0.0, 0.52, 0.5, 0.43, 0.79, 1.0, 0.83, 0.79]
  Failed regions: [[12, 35]]
  Successful interval: 25-42
  Keyframes: [5, 25, 42, 43, 58]
  Success detected: True
  Confidence: 0.71

--- Segment 169/734 ---

============================================================
Segment: PickXtimes_ep22_f470-529
  Subtask: press the button to stop
  Frames: 470 - 529
============================================================
  Loaded 60 frames
  Prefix scoring: 56.5s
  Rewards: [0.16, 0.0, 0.16, 0.48, 0.4, 0.56, 0.48, 1.0]
  Failed regions: [[43, 59]]
  Successful interval: 48-59
  Keyframes: [0, 48, 55, 59]
  Success detected: True
  Confidence: 0.73

--- Segment 170/734 ---

============================================================
Segment: PickXtimes_ep22_f470-567
  Subtask: press the button to stop
  Frames: 470 - 567
============================================================
  Loaded 98 frames
  Prefix scoring: 56.8s
  Rewards: [0.0, 0.09, 0.43, 0.3, 1.0, 0.3, 0.96, 0.39]
  Failed regions: [[34, 59], [59, 84]]
  Successful interval: 67-84
  Keyframes: [0, 67, 83, 84, 97]
  Success detected: True
  Confidence: 0.75

--- Segment 171/734 ---

============================================================
Segment: PickXtimes_ep23_f0-111
  Subtask: pick up the red cube for the first time
  Frames: 0 - 111
============================================================
  Loaded 112 frames
  Prefix scoring: 56.6s
  Rewards: [0.09, 0.0, 0.38, 0.64, 0.72, 0.81, 0.85, 1.0]
  Failed regions: []
  Successful interval: 20-111
  Keyframes: [0, 20, 101, 111]
  Success detected: True
  Confidence: 0.89

--- Segment 172/734 ---

============================================================
Segment: PickXtimes_ep23_f112-194
  Subtask: place the red cube onto the target
  Frames: 112 - 194
============================================================
  Loaded 83 frames
  Prefix scoring: 56.7s
  Rewards: [0.0, 0.0, 0.47, 0.5, 0.66, 1.0, 0.69, 0.84]
  Failed regions: [[60, 82]]
  Successful interval: 67-82
  Keyframes: [0, 67, 75, 82]
  Success detected: True
  Confidence: 0.46

--- Segment 173/734 ---

============================================================
Segment: PickXtimes_ep23_f195-269
  Subtask: pick up the red cube for the second time
  Frames: 195 - 269
============================================================
  Loaded 75 frames
  Prefix scoring: 56.4s
  Rewards: [0.0, 0.06, 0.16, 0.42, 0.71, 0.9, 0.77, 1.0]
  Failed regions: [[54, 74]]
  Successful interval: 61-74
  Keyframes: [1, 61, 64, 74]
  Success detected: True
  Confidence: 0.59

--- Segment 174/734 ---

============================================================
Segment: PickXtimes_ep23_f270-323
  Subtask: place the red cube onto the target
  Frames: 270 - 323
============================================================
  Loaded 54 frames
  Prefix scoring: 56.4s
  Rewards: [0.0, 0.03, 0.53, 0.88, 0.9, 1.0, 0.78, 0.75]
  Failed regions: []
  Successful interval: 3-39
  Keyframes: [0, 3, 15, 39, 53]
  Success detected: True
  Confidence: 0.88

--- Segment 175/734 ---

============================================================
Segment: PickXtimes_ep23_f324-398
  Subtask: pick up the red cube for the third time
  Frames: 324 - 398
============================================================
  Loaded 75 frames
  Prefix scoring: 56.4s
  Rewards: [0.0, 0.0, 0.26, 0.32, 0.97, 1.0, 0.71, 0.94]
  Failed regions: [[54, 74]]
  Successful interval: 61-74
  Keyframes: [0, 61, 65, 74]
  Success detected: True
  Confidence: 0.55

--- Segment 176/734 ---

============================================================
Segment: PickXtimes_ep23_f399-452
  Subtask: place the red cube onto the target
  Frames: 399 - 452
============================================================
  Loaded 54 frames
  Prefix scoring: 56.3s
  Rewards: [0.0, 0.07, 0.4, 0.98, 0.95, 1.0, 0.83, 0.71]
  Failed regions: []
  Successful interval: 30-39
  Keyframes: [4, 30, 39, 40, 53]
  Success detected: True
  Confidence: 0.50

--- Segment 177/734 ---

============================================================
Segment: PickXtimes_ep23_f453-526
  Subtask: pick up the red cube for the fourth time
  Frames: 453 - 526
============================================================
  Loaded 74 frames
  Prefix scoring: 56.3s
  Rewards: [0.0, 0.1, 0.23, 0.45, 0.94, 1.0, 0.68, 1.0]
  Failed regions: [[54, 73]]
  Successful interval: 60-73
  Keyframes: [1, 60, 64, 73]
  Success detected: True
  Confidence: 0.62

--- Segment 178/734 ---

============================================================
Segment: PickXtimes_ep23_f527-578
  Subtask: place the red cube onto the target
  Frames: 527 - 578
============================================================
  Loaded 52 frames
  Prefix scoring: 56.2s
  Rewards: [0.0, 0.02, 0.71, 0.91, 0.91, 1.0, 0.73, 0.8]
  Failed regions: [[37, 51]]
  Successful interval: 42-51
  Keyframes: [10, 42, 43, 51]
  Success detected: True
  Confidence: 0.38

--- Segment 179/734 ---

============================================================
Segment: PickXtimes_ep23_f579-652
  Subtask: pick up the red cube for the fifth time
  Frames: 579 - 652
============================================================
  Loaded 74 frames
  Prefix scoring: 56.4s
  Rewards: [0.0, 0.08, 0.19, 0.27, 0.92, 1.0, 0.46, 0.96]
  Failed regions: [[54, 73]]
  Successful interval: 60-73
  Keyframes: [1, 60, 64, 73]
  Success detected: True
  Confidence: 0.68

--- Segment 180/734 ---

============================================================
Segment: PickXtimes_ep23_f653-704
  Subtask: place the red cube onto the target
  Frames: 653 - 704
============================================================
  Loaded 52 frames
  Prefix scoring: 56.3s
  Rewards: [0.0, 0.26, 0.83, 0.91, 0.91, 1.0, 0.72, 0.85]
  Failed regions: [[37, 51]]
  Successful interval: 42-51
  Keyframes: [10, 42, 43, 51]
  Success detected: True
  Confidence: 0.42

--- Segment 181/734 ---

============================================================
Segment: PickXtimes_ep23_f705-773
  Subtask: press the button to stop
  Frames: 705 - 773
============================================================
  Loaded 69 frames
  Prefix scoring: 56.5s
  Rewards: [0.0, 0.26, 0.59, 0.85, 1.0, 0.79, 0.85, 0.47]
  Failed regions: [[41, 59]]
  Successful interval: 47-59
  Keyframes: [1, 47, 59, 60, 68]
  Success detected: True
  Confidence: 0.41

--- Segment 182/734 ---

============================================================
Segment: PickXtimes_ep23_f705-812
  Subtask: press the button to stop
  Frames: 705 - 812
============================================================
  Loaded 108 frames
  Prefix scoring: 56.6s
  Rewards: [0.0, 0.68, 1.0, 0.86, 0.75, 0.68, 0.39, 0.68]
  Failed regions: []
  Successful interval: 5-37
  Keyframes: [1, 5, 19, 37, 82]
  Success detected: True
  Confidence: 0.87

--- Segment 183/734 ---

============================================================
Segment: PickXtimes_ep24_f0-115
  Subtask: pick up the blue cube for the first time
  Frames: 0 - 115
============================================================
  Loaded 116 frames
  Prefix scoring: 56.8s
  Rewards: [0.08, 0.0, 0.51, 0.59, 0.57, 0.69, 0.82, 1.0]
  Failed regions: []
  Successful interval: 65-115
  Keyframes: [0, 65, 73, 115]
  Success detected: True
  Confidence: 0.66

--- Segment 184/734 ---

============================================================
Segment: PickXtimes_ep24_f116-218
  Subtask: place the blue cube onto the target
  Frames: 116 - 218
============================================================
  Loaded 103 frames
  Prefix scoring: 56.4s
  Rewards: [0.0, 0.1, 0.1, 0.55, 0.35, 0.55, 0.75, 1.0]
  Failed regions: [[49, 75]]
  Successful interval: 57-102
  Keyframes: [0, 57, 85, 102]
  Success detected: True
  Confidence: 0.78

--- Segment 185/734 ---

============================================================
Segment: PickXtimes_ep24_f219-298
  Subtask: pick up the blue cube for the second time
  Frames: 219 - 298
============================================================
  Loaded 80 frames
  Prefix scoring: 56.5s
  Rewards: [0.0, 0.03, 0.19, 0.45, 0.58, 0.55, 0.65, 1.0]
  Failed regions: []
  Successful interval: 54-79
  Keyframes: [6, 54, 66, 79]
  Success detected: True
  Confidence: 0.69

--- Segment 186/734 ---

============================================================
Segment: PickXtimes_ep24_f299-367
  Subtask: place the blue cube onto the target
  Frames: 299 - 367
============================================================
  Loaded 69 frames
  Prefix scoring: 56.3s
  Rewards: [0.0, 0.22, 0.67, 0.58, 0.64, 0.89, 1.0, 0.86]
  Failed regions: [[23, 41]]
  Successful interval: 29-59
  Keyframes: [4, 29, 55, 59, 68]
  Success detected: True
  Confidence: 0.65

--- Segment 187/734 ---

============================================================
Segment: PickXtimes_ep24_f368-418
  Subtask: press the button to stop
  Frames: 368 - 418
============================================================
  Loaded 51 frames
  Prefix scoring: 56.3s
  Rewards: [0.0, 0.0, 0.48, 0.32, 0.32, 0.32, 0.88, 1.0]
  Failed regions: [[17, 30], [17, 37]]
  Successful interval: 35-50
  Keyframes: [10, 35, 47, 50]
  Success detected: True
  Confidence: 0.79

--- Segment 188/734 ---

============================================================
Segment: PickXtimes_ep24_f368-461
  Subtask: press the button to stop
  Frames: 368 - 461
============================================================
  Loaded 94 frames
  Prefix scoring: 56.5s
  Rewards: [0.0, 0.22, 0.37, 0.89, 0.93, 1.0, 0.89, 0.85]
  Failed regions: []
  Successful interval: 5-69
  Keyframes: [4, 5, 47, 69, 93]
  Success detected: True
  Confidence: 0.87

--- Segment 189/734 ---

============================================================
Segment: PickXtimes_ep25_f0-112
  Subtask: pick up the green cube for the first time
  Frames: 0 - 112
============================================================
  Loaded 113 frames
  Prefix scoring: 56.6s
  Rewards: [0.09, 0.0, 0.33, 0.53, 0.63, 0.74, 0.77, 1.0]
  Failed regions: []
  Successful interval: 20-112
  Keyframes: [0, 20, 100, 112]
  Success detected: True
  Confidence: 0.90

--- Segment 190/734 ---

============================================================
Segment: PickXtimes_ep25_f113-196
  Subtask: place the green cube onto the target
  Frames: 113 - 196
============================================================
  Loaded 84 frames
  Prefix scoring: 56.4s
  Rewards: [0.0, 0.6, 0.75, 0.75, 0.98, 0.94, 0.98, 1.0]
  Failed regions: []
  Successful interval: 57-83
  Keyframes: [0, 57, 74, 83]
  Success detected: True
  Confidence: 0.47

--- Segment 191/734 ---

============================================================
Segment: PickXtimes_ep25_f197-274
  Subtask: pick up the green cube for the second time
  Frames: 197 - 274
============================================================
  Loaded 78 frames
  Prefix scoring: 56.5s
  Rewards: [0.11, 0.0, 0.11, 0.39, 0.86, 0.93, 0.93, 1.0]
  Failed regions: []
  Successful interval: 64-77
  Keyframes: [8, 64, 67, 77]
  Success detected: True
  Confidence: 0.52

--- Segment 192/734 ---

============================================================
Segment: PickXtimes_ep25_f275-332
  Subtask: place the green cube onto the target
  Frames: 275 - 332
============================================================
  Loaded 58 frames
  Prefix scoring: 56.3s
  Rewards: [0.0, 0.09, 0.62, 1.0, 0.94, 0.91, 0.97, 0.91]
  Failed regions: [[27, 49]]
  Successful interval: 40-49
  Keyframes: [2, 40, 48, 49, 57]
  Success detected: True
  Confidence: 0.47

--- Segment 193/734 ---

============================================================
Segment: PickXtimes_ep25_f333-393
  Subtask: press the button to stop
  Frames: 333 - 393
============================================================
  Loaded 61 frames
  Prefix scoring: 56.2s
  Rewards: [0.0, 0.25, 0.17, 0.67, 0.5, 0.67, 1.0, 1.0]
  Failed regions: [[13, 29], [29, 44]]
  Successful interval: 33-52
  Keyframes: [2, 33, 52, 53, 60]
  Success detected: True
  Confidence: 0.69

--- Segment 194/734 ---

============================================================
Segment: PickXtimes_ep25_f333-437
  Subtask: press the button to stop
  Frames: 333 - 437
============================================================
  Loaded 105 frames
  Prefix scoring: 56.6s
  Rewards: [0.1, 0.0, 0.2, 0.8, 0.1, 0.4, 1.0, 1.0]
  Failed regions: [[50, 77]]
  Successful interval: 58-90
  Keyframes: [2, 58, 90, 91, 104]
  Success detected: True
  Confidence: 0.87

--- Segment 195/734 ---

============================================================
Segment: PickXtimes_ep26_f0-126
  Subtask: pick up the green cube for the first time
  Frames: 0 - 126
============================================================
  Loaded 127 frames
  Prefix scoring: 56.7s
  Rewards: [0.11, 0.0, 0.31, 0.49, 0.62, 0.89, 0.8, 1.0]
  Failed regions: [[93, 126]]
  Successful interval: 103-126
  Keyframes: [1, 103, 114, 126]
  Success detected: True
  Confidence: 0.57

--- Segment 196/734 ---

============================================================
Segment: PickXtimes_ep26_f127-217
  Subtask: place the green cube onto the target
  Frames: 127 - 217
============================================================
  Loaded 91 frames
  Prefix scoring: 56.3s
  Rewards: [0.0, 0.19, 0.62, 0.62, 0.85, 0.73, 0.81, 1.0]
  Failed regions: [[55, 78]]
  Successful interval: 62-90
  Keyframes: [0, 62, 82, 90]
  Success detected: True
  Confidence: 0.59

--- Segment 197/734 ---

============================================================
Segment: PickXtimes_ep26_f218-287
  Subtask: pick up the green cube for the second time
  Frames: 218 - 287
============================================================
  Loaded 70 frames
  Prefix scoring: 56.3s
  Rewards: [0.0, 0.17, 0.0, 0.11, 0.61, 0.67, 0.61, 1.0]
  Failed regions: []
  Successful interval: 57-69
  Keyframes: [1, 57, 61, 69]
  Success detected: True
  Confidence: 0.68

--- Segment 198/734 ---

============================================================
Segment: PickXtimes_ep26_f288-342
  Subtask: place the green cube onto the target
  Frames: 288 - 342
============================================================
  Loaded 55 frames
  Prefix scoring: 56.2s
  Rewards: [0.0, 0.39, 0.61, 1.0, 0.83, 0.96, 0.96, 0.74]
  Failed regions: [[26, 40]]
  Successful interval: 31-40
  Keyframes: [4, 31, 40, 41, 54]
  Success detected: True
  Confidence: 0.49

--- Segment 199/734 ---

============================================================
Segment: PickXtimes_ep26_f343-414
  Subtask: pick up the green cube for the third time
  Frames: 343 - 414
============================================================
  Loaded 72 frames
  Prefix scoring: 56.3s
  Rewards: [0.0, 0.04, 0.09, 0.13, 0.83, 1.0, 0.96, 1.0]
  Failed regions: []
  Successful interval: 58-71
  Keyframes: [0, 58, 63, 71]
  Success detected: True
  Confidence: 0.52

--- Segment 200/734 ---

============================================================
Segment: PickXtimes_ep26_f415-471
  Subtask: place the green cube onto the target
  Frames: 415 - 471
============================================================
  Loaded 57 frames
  Prefix scoring: 56.2s
  Rewards: [0.0, 0.12, 0.65, 0.73, 0.81, 1.0, 0.65, 0.65]
  Failed regions: []
  Successful interval: 3-41
  Keyframes: [2, 3, 18, 41, 56]
  Success detected: True
  Confidence: 0.88

--- Segment 201/734 ---

============================================================
Segment: PickXtimes_ep26_f472-532
  Subtask: press the button to stop
  Frames: 472 - 532
============================================================
  Loaded 61 frames
  Prefix scoring: 56.2s
  Rewards: [0.0, 0.16, 0.68, 0.92, 0.8, 0.8, 1.0, 0.68]
  Failed regions: [[29, 44], [29, 52]]
  Successful interval: 41-52
  Keyframes: [0, 41, 52, 53, 60]
  Success detected: True
  Confidence: 0.55

--- Segment 202/734 ---

============================================================
Segment: PickXtimes_ep26_f472-564
  Subtask: press the button to stop
  Frames: 472 - 564
============================================================
  Loaded 93 frames
  Prefix scoring: 56.3s
  Rewards: [0.0, 0.5, 0.89, 0.69, 1.0, 0.67, 0.92, 0.86]
  Failed regions: [[32, 56], [56, 80]]
  Successful interval: 64-80
  Keyframes: [0, 64, 80, 81, 92]
  Success detected: True
  Confidence: 0.51

--- Segment 203/734 ---

============================================================
Segment: PickXtimes_ep27_f0-107
  Subtask: pick up the blue cube for the first time
  Frames: 0 - 107
============================================================
  Loaded 108 frames
  Prefix scoring: 56.4s
  Rewards: [0.07, 0.0, 0.73, 0.78, 0.68, 0.73, 0.9, 1.0]
  Failed regions: [[51, 79]]
  Successful interval: 60-107
  Keyframes: [0, 60, 99, 107]
  Success detected: True
  Confidence: 0.61

--- Segment 204/734 ---

============================================================
Segment: PickXtimes_ep27_f108-218
  Subtask: place the blue cube onto the target
  Frames: 108 - 218
============================================================
  Loaded 111 frames
  Prefix scoring: 56.6s
  Rewards: [0.0, 0.56, 0.56, 0.47, 0.56, 1.0, 0.78, 0.83]
  Failed regions: [[39, 81], [81, 110]]
  Successful interval: 90-110
  Keyframes: [0, 90, 91, 110]
  Success detected: True
  Confidence: 0.40

--- Segment 205/734 ---

============================================================
Segment: PickXtimes_ep27_f219-304
  Subtask: pick up the blue cube for the second time
  Frames: 219 - 304
============================================================
  Loaded 86 frames
  Prefix scoring: 56.4s
  Rewards: [0.04, 0.08, 0.0, 0.23, 0.23, 0.5, 1.0, 0.85]
  Failed regions: []
  Successful interval: 48-74
  Keyframes: [0, 48, 69, 74, 85]
  Success detected: True
  Confidence: 0.83

--- Segment 206/734 ---

============================================================
Segment: PickXtimes_ep27_f305-386
  Subtask: place the blue cube onto the target
  Frames: 305 - 386
============================================================
  Loaded 82 frames
  Prefix scoring: 56.5s
  Rewards: [0.0, 0.51, 0.84, 1.0, 1.0, 1.0, 0.86, 0.59]
  Failed regions: []
  Successful interval: 4-39
  Keyframes: [1, 4, 22, 39, 80]
  Success detected: True
  Confidence: 0.85

--- Segment 207/734 ---

============================================================
Segment: PickXtimes_ep27_f387-472
  Subtask: pick up the blue cube for the third time
  Frames: 387 - 472
============================================================
  Loaded 86 frames
  Prefix scoring: 56.5s
  Rewards: [0.0, 0.03, 0.07, 0.28, 0.1, 0.45, 0.59, 1.0]
  Failed regions: [[41, 63]]
  Successful interval: 48-85
  Keyframes: [7, 48, 72, 85]
  Success detected: True
  Confidence: 0.90

--- Segment 208/734 ---

============================================================
Segment: PickXtimes_ep27_f473-554
  Subtask: place the blue cube onto the target
  Frames: 473 - 554
============================================================
  Loaded 82 frames
  Prefix scoring: 56.3s
  Rewards: [0.0, 0.46, 0.97, 1.0, 0.89, 1.0, 0.92, 0.7]
  Failed regions: [[39, 60]]
  Successful interval: 45-60
  Keyframes: [4, 45, 60, 61, 81]
  Success detected: True
  Confidence: 0.49

--- Segment 209/734 ---

============================================================
Segment: PickXtimes_ep27_f555-647
  Subtask: pick up the blue cube for the fourth time
  Frames: 555 - 647
============================================================
  Loaded 93 frames
  Prefix scoring: 56.5s
  Rewards: [0.0, 0.0, 0.11, 0.61, 0.36, 0.57, 1.0, 0.61]
  Failed regions: [[44, 68]]
  Successful interval: 52-80
  Keyframes: [0, 52, 75, 80, 92]
  Success detected: True
  Confidence: 0.78

--- Segment 210/734 ---

============================================================
Segment: PickXtimes_ep27_f648-727
  Subtask: place the blue cube onto the target
  Frames: 648 - 727
============================================================
  Loaded 80 frames
  Prefix scoring: 56.4s
  Rewards: [0.0, 0.59, 0.93, 0.96, 0.89, 1.0, 0.81, 0.59]
  Failed regions: []
  Successful interval: 44-58
  Keyframes: [1, 44, 58, 59, 79]
  Success detected: True
  Confidence: 0.50

--- Segment 211/734 ---

============================================================
Segment: PickXtimes_ep27_f728-825
  Subtask: pick up the blue cube for the fifth time
  Frames: 728 - 825
============================================================
  Loaded 98 frames
  Prefix scoring: 56.6s
  Rewards: [0.0, 0.03, 0.0, 0.38, 0.1, 0.21, 0.83, 1.0]
  Failed regions: [[46, 71]]
  Successful interval: 55-97
  Keyframes: [0, 55, 78, 97]
  Success detected: True
  Confidence: 0.89

--- Segment 212/734 ---

============================================================
Segment: PickXtimes_ep27_f826-916
  Subtask: place the blue cube onto the target
  Frames: 826 - 916
============================================================
  Loaded 91 frames
  Prefix scoring: 56.4s
  Rewards: [0.0, 0.51, 0.77, 1.0, 0.85, 0.77, 0.79, 0.67]
  Failed regions: []
  Successful interval: 5-43
  Keyframes: [4, 5, 29, 43, 90]
  Success detected: True
  Confidence: 0.87

--- Segment 213/734 ---

============================================================
Segment: PickXtimes_ep27_f917-988
  Subtask: press the button to stop
  Frames: 917 - 988
============================================================
  Loaded 72 frames
  Prefix scoring: 57.5s
  Rewards: [0.0, 0.14, 0.05, 0.23, 0.55, 0.27, 0.32, 1.0]
  Failed regions: [[43, 61]]
  Successful interval: 49-71
  Keyframes: [14, 49, 67, 71]
  Success detected: True
  Confidence: 0.83

--- Segment 214/734 ---

============================================================
Segment: PickXtimes_ep27_f917-1024
  Subtask: press the button to stop
  Frames: 917 - 1024
============================================================
  Loaded 108 frames
  Prefix scoring: 60.0s
  Rewards: [0.0, 0.17, 0.1, 0.37, 0.9, 0.8, 0.87, 1.0]
  Failed regions: [[65, 93]]
  Successful interval: 74-107
  Keyframes: [21, 74, 93, 107]
  Success detected: True
  Confidence: 0.57

--- Segment 215/734 ---

============================================================
Segment: PickXtimes_ep28_f0-133
  Subtask: pick up the blue cube for the first time
  Frames: 0 - 133
============================================================
  Loaded 134 frames
  Prefix scoring: 57.3s
  Rewards: [0.19, 0.0, 0.56, 0.95, 0.95, 0.91, 0.95, 1.0]
  Failed regions: []
  Successful interval: 92-133
  Keyframes: [0, 92, 121, 133]
  Success detected: True
  Confidence: 0.50

--- Segment 216/734 ---

============================================================
Segment: PickXtimes_ep28_f134-220
  Subtask: place the blue cube onto the target
  Frames: 134 - 220
============================================================
  Loaded 87 frames
  Prefix scoring: 56.4s
  Rewards: [0.0, 0.4, 0.6, 0.56, 1.0, 0.94, 0.8, 0.96]
  Failed regions: [[52, 86]]
  Successful interval: 70-86
  Keyframes: [1, 70, 76, 86]
  Success detected: True
  Confidence: 0.51

--- Segment 217/734 ---

============================================================
Segment: PickXtimes_ep28_f221-299
  Subtask: pick up the blue cube for the second time
  Frames: 221 - 299
============================================================
  Loaded 79 frames
  Prefix scoring: 56.3s
  Rewards: [0.0, 0.03, 0.12, 0.38, 0.53, 0.68, 0.65, 1.0]
  Failed regions: []
  Successful interval: 64-78
  Keyframes: [10, 64, 69, 78]
  Success detected: True
  Confidence: 0.66

--- Segment 218/734 ---

============================================================
Segment: PickXtimes_ep28_f300-357
  Subtask: place the blue cube onto the target
  Frames: 300 - 357
============================================================
  Loaded 58 frames
  Prefix scoring: 57.5s
  Rewards: [0.0, 0.03, 0.45, 0.69, 0.69, 0.93, 1.0, 0.66]
  Failed regions: []
  Successful interval: 32-49
  Keyframes: [5, 32, 48, 49, 57]
  Success detected: True
  Confidence: 0.61

--- Segment 219/734 ---

============================================================
Segment: PickXtimes_ep28_f358-435
  Subtask: pick up the blue cube for the third time
  Frames: 358 - 435
============================================================
  Loaded 78 frames
  Prefix scoring: 59.4s
  Rewards: [0.12, 0.03, 0.0, 0.41, 0.62, 0.66, 0.84, 1.0]
  Failed regions: []
  Successful interval: 24-77
  Keyframes: [4, 24, 65, 77]
  Success detected: True
  Confidence: 0.91

--- Segment 220/734 ---

============================================================
Segment: PickXtimes_ep28_f436-493
  Subtask: place the blue cube onto the target
  Frames: 436 - 493
============================================================
  Loaded 58 frames
  Prefix scoring: 57.7s
  Rewards: [0.28, 0.0, 0.65, 0.75, 0.68, 1.0, 1.0, 0.5]
  Failed regions: [[5, 27]]
  Successful interval: 32-42
  Keyframes: [4, 32, 42, 43, 57]
  Success detected: True
  Confidence: 0.61

--- Segment 221/734 ---

============================================================
Segment: PickXtimes_ep28_f494-568
  Subtask: press the button to stop
  Frames: 494 - 568
============================================================
  Loaded 75 frames
  Prefix scoring: 56.3s
  Rewards: [0.0, 0.3, 0.8, 0.9, 1.0, 0.4, 0.7, 0.7]
  Failed regions: []
  Successful interval: 4-45
  Keyframes: [1, 4, 15, 45, 70]
  Success detected: True
  Confidence: 0.88

--- Segment 222/734 ---

============================================================
Segment: PickXtimes_ep28_f494-615
  Subtask: press the button to stop
  Frames: 494 - 615
============================================================
  Loaded 122 frames
  Prefix scoring: 56.5s
  Rewards: [0.0, 0.71, 0.71, 0.71, 0.5, 0.36, 1.0, 0.29]
  Failed regions: [[58, 105]]
  Successful interval: 83-105
  Keyframes: [0, 83, 101, 105, 121]
  Success detected: True
  Confidence: 0.75

--- Segment 223/734 ---

============================================================
Segment: PickXtimes_ep29_f0-119
  Subtask: pick up the red cube for the first time
  Frames: 0 - 119
============================================================
  Loaded 120 frames
  Prefix scoring: 56.9s
  Rewards: [0.12, 0.0, 0.57, 0.65, 0.8, 0.78, 1.0, 1.0]
  Failed regions: []
  Successful interval: 82-103
  Keyframes: [0, 82, 103, 104, 119]
  Success detected: True
  Confidence: 0.56

--- Segment 224/734 ---

============================================================
Segment: PickXtimes_ep29_f120-203
  Subtask: place the red cube onto the target
  Frames: 120 - 203
============================================================
  Loaded 84 frames
  Prefix scoring: 56.3s
  Rewards: [0.0, 0.38, 0.62, 0.72, 0.78, 0.78, 1.0, 0.97]
  Failed regions: []
  Successful interval: 57-72
  Keyframes: [0, 57, 72, 73, 83]
  Success detected: True
  Confidence: 0.56

--- Segment 225/734 ---

============================================================
Segment: PickXtimes_ep29_f204-265
  Subtask: press the button to stop
  Frames: 204 - 265
============================================================
  Loaded 62 frames
  Prefix scoring: 57.3s
  Rewards: [0.0, 0.16, 0.5, 0.22, 0.44, 0.31, 0.41, 1.0]
  Failed regions: [[21, 37], [37, 53]]
  Successful interval: 42-61
  Keyframes: [0, 42, 57, 61]
  Success detected: True
  Confidence: 0.80

--- Segment 226/734 ---

============================================================
Segment: PickXtimes_ep29_f204-303
  Subtask: press the button to stop
  Frames: 204 - 303
============================================================
  Loaded 100 frames
  Prefix scoring: 58.8s
  Rewards: [0.0, 0.39, 0.43, 0.43, 1.0, 0.87, 0.87, 0.65]
  Failed regions: []
  Successful interval: 43-60
  Keyframes: [0, 43, 57, 60, 95]
  Success detected: True
  Confidence: 0.71

--- Segment 227/734 ---

============================================================
Segment: PickXtimes_ep30_f0-109
  Subtask: pick up the blue cube for the first time
  Frames: 0 - 109
============================================================
  Loaded 110 frames
  Prefix scoring: 57.8s
  Rewards: [0.09, 0.0, 0.64, 0.7, 0.64, 0.74, 0.75, 1.0]
  Failed regions: []
  Successful interval: 62-109
  Keyframes: [1, 62, 102, 109]
  Success detected: True
  Confidence: 0.63

--- Segment 228/734 ---

============================================================
Segment: PickXtimes_ep30_f110-213
  Subtask: place the blue cube onto the target
  Frames: 110 - 213
============================================================
  Loaded 104 frames
  Prefix scoring: 56.4s
  Rewards: [0.0, 0.67, 0.96, 0.93, 0.89, 1.0, 0.48, 0.89]
  Failed regions: [[76, 103]]
  Successful interval: 84-103
  Keyframes: [1, 84, 85, 103]
  Success detected: True
  Confidence: 0.55

--- Segment 229/734 ---

============================================================
Segment: PickXtimes_ep30_f214-264
  Subtask: press the button to stop
  Frames: 214 - 264
============================================================
  Loaded 51 frames
  Prefix scoring: 56.3s
  Rewards: [0.03, 0.0, 0.09, 0.26, 0.21, 0.35, 0.62, 1.0]
  Failed regions: []
  Successful interval: 28-50
  Keyframes: [8, 28, 46, 50]
  Success detected: True
  Confidence: 0.85

--- Segment 230/734 ---

============================================================
Segment: PickXtimes_ep30_f214-300
  Subtask: press the button to stop
  Frames: 214 - 300
============================================================
  Loaded 87 frames
  Prefix scoring: 56.3s
  Rewards: [0.0, 0.14, 0.25, 0.56, 0.97, 1.0, 0.39, 0.78]
  Failed regions: []
  Successful interval: 4-63
  Keyframes: [3, 4, 46, 63, 85]
  Success detected: True
  Confidence: 0.90

--- Segment 231/734 ---

============================================================
Segment: PickXtimes_ep31_f0-113
  Subtask: pick up the blue cube for the first time
  Frames: 0 - 113
============================================================
  Loaded 114 frames
  Prefix scoring: 58.6s
  Rewards: [0.07, 0.0, 0.56, 0.7, 0.65, 0.79, 0.77, 1.0]
  Failed regions: []
  Successful interval: 93-113
  Keyframes: [0, 93, 102, 113]
  Success detected: True
  Confidence: 0.58

--- Segment 232/734 ---

============================================================
Segment: PickXtimes_ep31_f114-194
  Subtask: place the blue cube onto the target
  Frames: 114 - 194
============================================================
  Loaded 81 frames
  Prefix scoring: 57.4s
  Rewards: [0.0, 0.19, 0.5, 0.12, 0.75, 0.62, 1.0, 1.0]
  Failed regions: [[28, 49], [49, 69]]
  Successful interval: 55-69
  Keyframes: [0, 55, 69, 70, 80]
  Success detected: True
  Confidence: 0.65

--- Segment 233/734 ---

============================================================
Segment: PickXtimes_ep31_f195-269
  Subtask: pick up the blue cube for the second time
  Frames: 195 - 269
============================================================
  Loaded 75 frames
  Prefix scoring: 56.2s
  Rewards: [0.0, 0.04, 0.0, 0.18, 0.43, 0.54, 0.54, 1.0]
  Failed regions: []
  Successful interval: 61-74
  Keyframes: [6, 61, 65, 74]
  Success detected: True
  Confidence: 0.72

--- Segment 234/734 ---

============================================================
Segment: PickXtimes_ep31_f270-323
  Subtask: place the blue cube onto the target
  Frames: 270 - 323
============================================================
  Loaded 54 frames
  Prefix scoring: 57.2s
  Rewards: [0.0, 0.22, 0.17, 0.9, 0.15, 0.8, 1.0, 0.78]
  Failed regions: [[25, 39]]
  Successful interval: 30-46
  Keyframes: [0, 30, 46, 47, 53]
  Success detected: True
  Confidence: 0.84

--- Segment 235/734 ---

============================================================
Segment: PickXtimes_ep31_f324-400
  Subtask: pick up the blue cube for the third time
  Frames: 324 - 400
============================================================
  Loaded 77 frames
  Prefix scoring: 56.4s
  Rewards: [0.0, 0.04, 0.43, 0.7, 0.61, 0.91, 1.0, 1.0]
  Failed regions: [[36, 56]]
  Successful interval: 43-66
  Keyframes: [2, 43, 66, 67, 76]
  Success detected: True
  Confidence: 0.64

--- Segment 236/734 ---

============================================================
Segment: PickXtimes_ep31_f401-454
  Subtask: place the blue cube onto the target
  Frames: 401 - 454
============================================================
  Loaded 54 frames
  Prefix scoring: 56.4s
  Rewards: [0.29, 0.14, 0.22, 0.53, 0.0, 0.55, 1.0, 0.76]
  Failed regions: [[5, 25], [25, 39]]
  Successful interval: 30-46
  Keyframes: [0, 30, 46, 47, 53]
  Success detected: True
  Confidence: 0.91

--- Segment 237/734 ---

============================================================
Segment: PickXtimes_ep31_f455-530
  Subtask: pick up the blue cube for the fourth time
  Frames: 455 - 530
============================================================
  Loaded 76 frames
  Prefix scoring: 56.3s
  Rewards: [0.0, 0.11, 0.33, 0.3, 0.56, 0.56, 0.74, 1.0]
  Failed regions: []
  Successful interval: 52-75
  Keyframes: [1, 52, 66, 75]
  Success detected: True
  Confidence: 0.69

--- Segment 238/734 ---

============================================================
Segment: PickXtimes_ep31_f531-584
  Subtask: place the blue cube onto the target
  Frames: 531 - 584
============================================================
  Loaded 54 frames
  Prefix scoring: 56.5s
  Rewards: [0.32, 0.09, 0.02, 0.73, 0.0, 0.57, 1.0, 0.75]
  Failed regions: [[5, 25], [25, 39]]
  Successful interval: 30-46
  Keyframes: [1, 30, 46, 47, 53]
  Success detected: True
  Confidence: 0.91

--- Segment 239/734 ---

============================================================
Segment: PickXtimes_ep31_f585-650
  Subtask: press the button to stop
  Frames: 585 - 650
============================================================
  Loaded 66 frames
  Prefix scoring: 57.6s
  Rewards: [0.0, 0.02, 0.2, 0.32, 0.59, 0.95, 1.0, 0.8]
  Failed regions: []
  Successful interval: 3-56
  Keyframes: [0, 3, 18, 56, 65]
  Success detected: True
  Confidence: 0.90

--- Segment 240/734 ---

============================================================
Segment: PickXtimes_ep31_f585-685
  Subtask: press the button to stop
  Frames: 585 - 685
============================================================
  Loaded 101 frames
  Prefix scoring: 56.8s
  Rewards: [0.0, 0.17, 0.62, 1.0, 0.88, 0.6, 0.65, 0.9]
  Failed regions: [[48, 87]]
  Successful interval: 69-100
  Keyframes: [0, 69, 88, 100]
  Success detected: True
  Confidence: 0.54

--- Segment 241/734 ---

============================================================
Segment: PickXtimes_ep32_f0-106
  Subtask: pick up the green cube for the first time
  Frames: 0 - 106
============================================================
  Loaded 107 frames
  Prefix scoring: 57.3s
  Rewards: [0.1, 0.0, 0.5, 0.86, 0.68, 0.76, 0.92, 1.0]
  Failed regions: [[51, 78]]
  Successful interval: 59-106
  Keyframes: [0, 59, 68, 106]
  Success detected: True
  Confidence: 0.61

--- Segment 242/734 ---

============================================================
Segment: PickXtimes_ep32_f107-186
  Subtask: place the green cube onto the target
  Frames: 107 - 186
============================================================
  Loaded 80 frames
  Prefix scoring: 56.3s
  Rewards: [0.0, 0.33, 0.7, 0.7, 0.85, 1.0, 0.85, 0.82]
  Failed regions: []
  Successful interval: 34-58
  Keyframes: [5, 34, 35, 58, 79]
  Success detected: True
  Confidence: 0.59

--- Segment 243/734 ---

============================================================
Segment: PickXtimes_ep32_f187-256
  Subtask: pick up the green cube for the second time
  Frames: 187 - 256
============================================================
  Loaded 70 frames
  Prefix scoring: 56.6s
  Rewards: [0.04, 0.0, 0.12, 0.21, 0.79, 0.71, 0.88, 1.0]
  Failed regions: [[42, 60]]
  Successful interval: 48-69
  Keyframes: [1, 48, 62, 69]
  Success detected: True
  Confidence: 0.62

--- Segment 244/734 ---

============================================================
Segment: PickXtimes_ep32_f257-311
  Subtask: place the green cube onto the target
  Frames: 257 - 311
============================================================
  Loaded 55 frames
  Prefix scoring: 56.3s
  Rewards: [0.0, 0.13, 0.87, 1.0, 1.0, 1.0, 0.93, 1.0]
  Failed regions: []
  Successful interval: 45-54
  Keyframes: [11, 45, 46, 54]
  Success detected: True
  Confidence: 0.48

--- Segment 245/734 ---

============================================================
Segment: PickXtimes_ep32_f312-382
  Subtask: pick up the green cube for the third time
  Frames: 312 - 382
============================================================
  Loaded 71 frames
  Prefix scoring: 56.3s
  Rewards: [0.0, 0.15, 0.2, 0.45, 0.6, 0.85, 1.0, 1.0]
  Failed regions: []
  Successful interval: 4-61
  Keyframes: [2, 4, 32, 61, 70]
  Success detected: True
  Confidence: 0.89

--- Segment 246/734 ---

============================================================
Segment: PickXtimes_ep32_f383-437
  Subtask: place the green cube onto the target
  Frames: 383 - 437
============================================================
  Loaded 55 frames
  Prefix scoring: 56.2s
  Rewards: [0.16, 0.0, 0.53, 0.74, 0.95, 0.79, 0.95, 1.0]
  Failed regions: [[33, 47]]
  Successful interval: 38-54
  Keyframes: [11, 38, 46, 54]
  Success detected: True
  Confidence: 0.56

--- Segment 247/734 ---

============================================================
Segment: PickXtimes_ep32_f438-499
  Subtask: press the button to stop
  Frames: 438 - 499
============================================================
  Loaded 62 frames
  Prefix scoring: 56.3s
  Rewards: [0.0, 0.0, 0.0, 0.83, 0.75, 0.92, 0.75, 1.0]
  Failed regions: [[29, 45], [45, 61]]
  Successful interval: 50-61
  Keyframes: [0, 50, 57, 61]
  Success detected: True
  Confidence: 0.59

--- Segment 248/734 ---

============================================================
Segment: PickXtimes_ep32_f438-539
  Subtask: press the button to stop
  Frames: 438 - 539
============================================================
  Loaded 102 frames
  Prefix scoring: 56.3s
  Rewards: [0.0, 0.3, 1.0, 0.4, 0.7, 0.1, 0.5, 0.0]
  Failed regions: []
  Successful interval: 5-36
  Keyframes: [0, 5, 16, 36, 75]
  Success detected: True
  Confidence: 0.93

--- Segment 249/734 ---

============================================================
Segment: PickXtimes_ep33_f0-109
  Subtask: pick up the red cube for the first time
  Frames: 0 - 109
============================================================
  Loaded 110 frames
  Prefix scoring: 56.5s
  Rewards: [0.13, 0.0, 0.31, 0.6, 0.73, 0.73, 0.87, 1.0]
  Failed regions: []
  Successful interval: 76-109
  Keyframes: [0, 76, 101, 109]
  Success detected: True
  Confidence: 0.60

--- Segment 250/734 ---

============================================================
Segment: PickXtimes_ep33_f110-186
  Subtask: place the red cube onto the target
  Frames: 110 - 186
============================================================
  Loaded 77 frames
  Prefix scoring: 56.1s
  Rewards: [0.0, 0.06, 0.47, 0.47, 1.0, 0.94, 0.91, 0.84]
  Failed regions: []
  Successful interval: 33-46
  Keyframes: [10, 33, 38, 46, 76]
  Success detected: True
  Confidence: 0.70

--- Segment 251/734 ---

============================================================
Segment: PickXtimes_ep33_f187-258
  Subtask: pick up the red cube for the second time
  Frames: 187 - 258
============================================================
  Loaded 72 frames
  Prefix scoring: 56.3s
  Rewards: [0.0, 0.21, 0.11, 0.11, 0.58, 0.68, 0.84, 1.0]
  Failed regions: []
  Successful interval: 31-71
  Keyframes: [0, 31, 62, 71]
  Success detected: True
  Confidence: 0.87

--- Segment 252/734 ---

============================================================
Segment: PickXtimes_ep33_f259-311
  Subtask: place the red cube onto the target
  Frames: 259 - 311
============================================================
  Loaded 53 frames
  Prefix scoring: 56.3s
  Rewards: [0.0, 0.26, 0.37, 0.81, 0.89, 0.93, 0.96, 1.0]
  Failed regions: []
  Successful interval: 3-52
  Keyframes: [0, 3, 14, 52]
  Success detected: True
  Confidence: 0.87

--- Segment 253/734 ---

============================================================
Segment: PickXtimes_ep33_f312-381
  Subtask: press the button to stop
  Frames: 312 - 381
============================================================
  Loaded 70 frames
  Prefix scoring: 56.3s
  Rewards: [0.0, 0.18, 1.0, 0.55, 0.27, 0.18, 0.18, 0.18]
  Failed regions: []
  Successful interval: 4-24
  Keyframes: [0, 4, 21, 24, 49]
  Success detected: True
  Confidence: 0.94

--- Segment 254/734 ---

============================================================
Segment: PickXtimes_ep33_f312-419
  Subtask: press the button to stop
  Frames: 312 - 419
============================================================
  Loaded 108 frames
  Prefix scoring: 57.3s
  Rewards: [0.38, 1.0, 0.0, 0.46, 0.62, 0.0, 0.62, 0.62]
  Failed regions: []
  Successful interval: 5-23
  Keyframes: [0, 5, 21, 23, 83]
  Success detected: True
  Confidence: 0.75

--- Segment 255/734 ---

============================================================
Segment: PickXtimes_ep34_f0-111
  Subtask: pick up the red cube for the first time
  Frames: 0 - 111
============================================================
  Loaded 112 frames
  Prefix scoring: 58.0s
  Rewards: [0.21, 0.0, 0.89, 0.87, 0.92, 0.97, 0.97, 1.0]
  Failed regions: []
  Successful interval: 91-111
  Keyframes: [0, 91, 100, 111]
  Success detected: True
  Confidence: 0.46

--- Segment 256/734 ---

============================================================
Segment: PickXtimes_ep34_f112-192
  Subtask: place the red cube onto the target
  Frames: 112 - 192
============================================================
  Loaded 81 frames
  Prefix scoring: 56.4s
  Rewards: [0.0, 0.63, 0.53, 0.47, 0.87, 0.92, 0.95, 1.0]
  Failed regions: [[18, 49]]
  Successful interval: 34-80
  Keyframes: [1, 34, 41, 80]
  Success detected: True
  Confidence: 0.68

--- Segment 257/734 ---

============================================================
Segment: PickXtimes_ep34_f193-265
  Subtask: pick up the red cube for the second time
  Frames: 193 - 265
============================================================
  Loaded 73 frames
  Prefix scoring: 56.3s
  Rewards: [0.0, 0.0, 0.13, 0.3, 0.61, 0.65, 0.65, 1.0]
  Failed regions: []
  Successful interval: 59-72
  Keyframes: [1, 59, 64, 72]
  Success detected: True
  Confidence: 0.66

--- Segment 258/734 ---

============================================================
Segment: PickXtimes_ep34_f266-319
  Subtask: place the red cube onto the target
  Frames: 266 - 319
============================================================
  Loaded 54 frames
  Prefix scoring: 56.5s
  Rewards: [0.17, 0.0, 0.52, 0.69, 0.93, 0.93, 0.88, 1.0]
  Failed regions: []
  Successful interval: 44-53
  Keyframes: [10, 44, 45, 53]
  Success detected: True
  Confidence: 0.52

--- Segment 259/734 ---

============================================================
Segment: PickXtimes_ep34_f320-392
  Subtask: pick up the red cube for the third time
  Frames: 320 - 392
============================================================
  Loaded 73 frames
  Prefix scoring: 56.6s
  Rewards: [0.1, 0.05, 0.0, 0.14, 0.57, 0.62, 0.62, 1.0]
  Failed regions: []
  Successful interval: 59-72
  Keyframes: [1, 59, 64, 72]
  Success detected: True
  Confidence: 0.68

--- Segment 260/734 ---

============================================================
Segment: PickXtimes_ep34_f393-447
  Subtask: place the red cube onto the target
  Frames: 393 - 447
============================================================
  Loaded 55 frames
  Prefix scoring: 56.3s
  Rewards: [0.17, 0.0, 0.33, 0.75, 0.75, 0.81, 1.0, 0.81]
  Failed regions: []
  Successful interval: 31-47
  Keyframes: [4, 31, 47, 48, 54]
  Success detected: True
  Confidence: 0.58

--- Segment 261/734 ---

============================================================
Segment: PickXtimes_ep34_f448-516
  Subtask: press the button to stop
  Frames: 448 - 516
============================================================
  Loaded 69 frames
  Prefix scoring: 57.1s
  Rewards: [0.0, 0.14, 0.57, 0.9, 1.0, 0.9, 0.43, 0.14]
  Failed regions: []
  Successful interval: 3-41
  Keyframes: [0, 3, 19, 41, 68]
  Success detected: True
  Confidence: 0.90

--- Segment 262/734 ---

============================================================
Segment: PickXtimes_ep34_f448-557
  Subtask: press the button to stop
  Frames: 448 - 557
============================================================
  Loaded 110 frames
  Prefix scoring: 56.8s
  Rewards: [0.52, 0.74, 1.0, 0.74, 0.57, 0.35, 0.52, 0.0]
  Failed regions: []
  Successful interval: 6-39
  Keyframes: [0, 6, 19, 39, 77]
  Success detected: True
  Confidence: 0.68

--- Segment 263/734 ---

============================================================
Segment: PickXtimes_ep35_f0-103
  Subtask: pick up the red cube for the first time
  Frames: 0 - 103
============================================================
  Loaded 104 frames
  Prefix scoring: 56.8s
  Rewards: [0.04, 0.0, 0.54, 0.79, 0.81, 0.73, 1.0, 0.83]
  Failed regions: [[63, 89]]
  Successful interval: 71-89
  Keyframes: [0, 71, 89, 90, 103]
  Success detected: True
  Confidence: 0.59

--- Segment 264/734 ---

============================================================
Segment: PickXtimes_ep35_f104-194
  Subtask: place the red cube onto the target
  Frames: 104 - 194
============================================================
  Loaded 91 frames
  Prefix scoring: 58.4s
  Rewards: [0.0, 0.33, 0.31, 0.54, 0.75, 1.0, 0.79, 0.75]
  Failed regions: []
  Successful interval: 28-66
  Keyframes: [0, 28, 41, 66, 90]
  Success detected: True
  Confidence: 0.77

--- Segment 265/734 ---

============================================================
Segment: PickXtimes_ep35_f195-266
  Subtask: pick up the red cube for the second time
  Frames: 195 - 266
============================================================
  Loaded 72 frames
  Prefix scoring: 58.8s
  Rewards: [0.04, 0.0, 0.04, 0.15, 0.78, 0.67, 0.56, 1.0]
  Failed regions: [[43, 71]]
  Successful interval: 58-71
  Keyframes: [6, 58, 63, 71]
  Success detected: True
  Confidence: 0.70

--- Segment 266/734 ---

============================================================
Segment: PickXtimes_ep35_f267-334
  Subtask: place the red cube onto the target
  Frames: 267 - 334
============================================================
  Loaded 68 frames
  Prefix scoring: 58.6s
  Rewards: [0.0, 0.3, 0.78, 0.78, 0.72, 1.0, 0.76, 0.72]
  Failed regions: []
  Successful interval: 37-49
  Keyframes: [0, 37, 49, 50, 67]
  Success detected: True
  Confidence: 0.59

--- Segment 267/734 ---

============================================================
Segment: PickXtimes_ep35_f335-404
  Subtask: pick up the red cube for the third time
  Frames: 335 - 404
============================================================
  Loaded 70 frames
  Prefix scoring: 58.4s
  Rewards: [0.0, 0.1, 0.1, 0.21, 0.66, 0.79, 1.0, 0.69]
  Failed regions: []
  Successful interval: 21-60
  Keyframes: [13, 21, 31, 60, 69]
  Success detected: True
  Confidence: 0.87

--- Segment 268/734 ---

============================================================
Segment: PickXtimes_ep35_f405-471
  Subtask: place the red cube onto the target
  Frames: 405 - 471
============================================================
  Loaded 67 frames
  Prefix scoring: 58.2s
  Rewards: [0.0, 0.31, 0.88, 1.0, 0.76, 0.74, 0.86, 0.38]
  Failed regions: [[31, 57]]
  Successful interval: 45-57
  Keyframes: [4, 45, 54, 57, 66]
  Success detected: True
  Confidence: 0.44

--- Segment 269/734 ---

============================================================
Segment: PickXtimes_ep35_f472-540
  Subtask: pick up the red cube for the fourth time
  Frames: 472 - 540
============================================================
  Loaded 69 frames
  Prefix scoring: 58.5s
  Rewards: [0.04, 0.0, 0.09, 0.43, 0.43, 0.87, 1.0, 0.61]
  Failed regions: []
  Successful interval: 38-59
  Keyframes: [12, 38, 59, 60, 68]
  Success detected: True
  Confidence: 0.74

--- Segment 270/734 ---

============================================================
Segment: PickXtimes_ep35_f541-608
  Subtask: place the red cube onto the target
  Frames: 541 - 608
============================================================
  Loaded 68 frames
  Prefix scoring: 58.0s
  Rewards: [0.0, 0.26, 0.83, 0.81, 0.79, 1.0, 0.94, 0.74]
  Failed regions: []
  Successful interval: 37-49
  Keyframes: [7, 37, 49, 50, 66]
  Success detected: True
  Confidence: 0.55

--- Segment 271/734 ---

============================================================
Segment: PickXtimes_ep35_f609-667
  Subtask: press the button to stop
  Frames: 609 - 667
============================================================
  Loaded 59 frames
  Prefix scoring: 59.8s
  Rewards: [0.0, 0.21, 0.41, 0.17, 0.52, 0.59, 0.52, 1.0]
  Failed regions: [[20, 42]]
  Successful interval: 48-58
  Keyframes: [0, 48, 54, 58]
  Success detected: True
  Confidence: 0.71

--- Segment 272/734 ---

============================================================
Segment: PickXtimes_ep35_f609-705
  Subtask: press the button to stop
  Frames: 609 - 705
============================================================
  Loaded 97 frames
  Prefix scoring: 59.5s
  Rewards: [0.0, 0.0, 0.21, 0.1, 0.76, 0.66, 1.0, 0.45]
  Failed regions: [[58, 83]]
  Successful interval: 67-83
  Keyframes: [0, 67, 81, 83, 96]
  Success detected: True
  Confidence: 0.66

--- Segment 273/734 ---

============================================================
Segment: PickXtimes_ep36_f0-129
  Subtask: pick up the blue cube for the first time
  Frames: 0 - 129
============================================================
  Loaded 130 frames
  Prefix scoring: 60.0s
  Rewards: [0.05, 0.0, 0.56, 0.72, 0.59, 0.87, 0.9, 1.0]
  Failed regions: [[62, 95]]
  Successful interval: 73-129
  Keyframes: [0, 73, 117, 129]
  Success detected: True
  Confidence: 0.65

--- Segment 274/734 ---

============================================================
Segment: PickXtimes_ep36_f130-225
  Subtask: place the blue cube onto the target
  Frames: 130 - 225
============================================================
  Loaded 96 frames
  Prefix scoring: 58.5s
  Rewards: [0.3, 0.0, 0.41, 0.52, 1.0, 0.81, 0.44, 0.56]
  Failed regions: [[9, 33]]
  Successful interval: 17-58
  Keyframes: [2, 17, 40, 58, 95]
  Success detected: True
  Confidence: 0.90

--- Segment 275/734 ---

============================================================
Segment: PickXtimes_ep36_f226-301
  Subtask: pick up the blue cube for the second time
  Frames: 226 - 301
============================================================
  Loaded 76 frames
  Prefix scoring: 59.0s
  Rewards: [0.0, 0.0, 0.28, 0.53, 0.72, 0.75, 0.62, 1.0]
  Failed regions: [[55, 75]]
  Successful interval: 62-75
  Keyframes: [2, 62, 64, 75]
  Success detected: True
  Confidence: 0.65

--- Segment 276/734 ---

============================================================
Segment: PickXtimes_ep36_f302-368
  Subtask: place the blue cube onto the target
  Frames: 302 - 368
============================================================
  Loaded 67 frames
  Prefix scoring: 58.2s
  Rewards: [0.0, 0.41, 0.86, 0.77, 0.95, 1.0, 1.0, 0.82]
  Failed regions: [[23, 40]]
  Successful interval: 28-48
  Keyframes: [3, 28, 48, 49, 66]
  Success detected: True
  Confidence: 0.55

--- Segment 277/734 ---

============================================================
Segment: PickXtimes_ep36_f369-443
  Subtask: pick up the blue cube for the third time
  Frames: 369 - 443
============================================================
  Loaded 75 frames
  Prefix scoring: 59.7s
  Rewards: [0.0, 0.0, 0.19, 0.29, 0.55, 0.65, 0.48, 1.0]
  Failed regions: [[54, 74]]
  Successful interval: 61-74
  Keyframes: [2, 61, 64, 74]
  Success detected: True
  Confidence: 0.73

--- Segment 278/734 ---

============================================================
Segment: PickXtimes_ep36_f444-507
  Subtask: place the blue cube onto the target
  Frames: 444 - 507
============================================================
  Loaded 64 frames
  Prefix scoring: 58.6s
  Rewards: [0.19, 0.0, 1.0, 0.56, 0.88, 1.0, 0.69, 0.69]
  Failed regions: [[22, 38]]
  Successful interval: 27-46
  Keyframes: [5, 27, 46, 47, 63]
  Success detected: True
  Confidence: 0.65

--- Segment 279/734 ---

============================================================
Segment: PickXtimes_ep36_f508-571
  Subtask: press the button to stop
  Frames: 508 - 571
============================================================
  Loaded 64 frames
  Prefix scoring: 58.5s
  Rewards: [0.0, 0.16, 0.2, 0.28, 0.12, 0.4, 0.68, 1.0]
  Failed regions: [[30, 46]]
  Successful interval: 35-63
  Keyframes: [12, 35, 59, 63]
  Success detected: True
  Confidence: 0.88

--- Segment 280/734 ---

============================================================
Segment: PickXtimes_ep36_f508-608
  Subtask: press the button to stop
  Frames: 508 - 608
============================================================
  Loaded 101 frames
  Prefix scoring: 58.7s
  Rewards: [0.0, 0.09, 0.09, 0.38, 1.0, 0.68, 0.76, 0.91]
  Failed regions: [[61, 87]]
  Successful interval: 69-100
  Keyframes: [2, 69, 86, 100]
  Success detected: True
  Confidence: 0.54

--- Segment 281/734 ---

============================================================
Segment: PickXtimes_ep37_f0-115
  Subtask: pick up the blue cube for the first time
  Frames: 0 - 115
============================================================
  Loaded 116 frames
  Prefix scoring: 60.1s
  Rewards: [0.12, 0.0, 0.5, 0.58, 0.73, 0.69, 0.77, 1.0]
  Failed regions: []
  Successful interval: 80-115
  Keyframes: [3, 80, 104, 115]
  Success detected: True
  Confidence: 0.62

--- Segment 282/734 ---

============================================================
Segment: PickXtimes_ep37_f116-202
  Subtask: place the blue cube onto the target
  Frames: 116 - 202
============================================================
  Loaded 87 frames
  Prefix scoring: 61.9s
  Rewards: [0.0, 0.24, 0.29, 0.62, 1.0, 0.62, 0.76, 0.52]
  Failed regions: []
  Successful interval: 4-52
  Keyframes: [1, 4, 36, 52, 86]
  Success detected: True
  Confidence: 0.90

--- Segment 283/734 ---

============================================================
Segment: PickXtimes_ep37_f203-272
  Subtask: pick up the blue cube for the second time
  Frames: 203 - 272
============================================================
  Loaded 70 frames
  Prefix scoring: 61.3s
  Rewards: [0.0, 0.0, 0.19, 0.54, 0.85, 0.73, 0.85, 1.0]
  Failed regions: [[42, 60]]
  Successful interval: 48-69
  Keyframes: [2, 48, 61, 69]
  Success detected: True
  Confidence: 0.60

--- Segment 284/734 ---

============================================================
Segment: PickXtimes_ep37_f273-326
  Subtask: place the blue cube onto the target
  Frames: 273 - 326
============================================================
  Loaded 54 frames
  Prefix scoring: 61.4s
  Rewards: [0.0, 0.06, 0.69, 1.0, 0.94, 0.69, 1.0, 0.94]
  Failed regions: [[25, 46]]
  Successful interval: 37-46
  Keyframes: [3, 37, 45, 46, 53]
  Success detected: True
  Confidence: 0.59

--- Segment 285/734 ---

============================================================
Segment: PickXtimes_ep37_f327-383
  Subtask: press the button to stop
  Frames: 327 - 383
============================================================
  Loaded 57 frames
  Prefix scoring: 60.5s
  Rewards: [0.0, 0.19, 0.62, 0.52, 0.38, 0.24, 1.0, 0.67]
  Failed regions: [[19, 48]]
  Successful interval: 39-48
  Keyframes: [0, 39, 48, 49, 56]
  Success detected: True
  Confidence: 0.81

--- Segment 286/734 ---

============================================================
Segment: PickXtimes_ep37_f327-417
  Subtask: press the button to stop
  Frames: 327 - 417
============================================================
  Loaded 91 frames
  Prefix scoring: 62.0s
  Rewards: [0.0, 0.42, 0.16, 0.37, 1.0, 0.42, 0.58, 0.74]
  Failed regions: [[20, 43]]
  Successful interval: 28-55
  Keyframes: [0, 28, 52, 55, 89]
  Success detected: True
  Confidence: 0.84

--- Segment 287/734 ---

============================================================
Segment: PickXtimes_ep38_f0-102
  Subtask: pick up the red cube for the first time
  Frames: 0 - 102
============================================================
  Loaded 103 frames
  Prefix scoring: 61.5s
  Rewards: [0.14, 0.0, 0.49, 0.69, 0.68, 0.56, 0.8, 1.0]
  Failed regions: [[49, 88]]
  Successful interval: 70-102
  Keyframes: [0, 70, 93, 102]
  Success detected: True
  Confidence: 0.67

--- Segment 288/734 ---

============================================================
Segment: PickXtimes_ep38_f103-170
  Subtask: place the red cube onto the target
  Frames: 103 - 170
============================================================
  Loaded 68 frames
  Prefix scoring: 62.6s
  Rewards: [0.57, 0.0, 0.15, 0.46, 0.2, 0.91, 1.0, 0.54]
  Failed regions: [[6, 32], [32, 49]]
  Successful interval: 37-58
  Keyframes: [1, 37, 58, 59, 67]
  Success detected: True
  Confidence: 0.83

--- Segment 289/734 ---

============================================================
Segment: PickXtimes_ep38_f171-241
  Subtask: pick up the red cube for the second time
  Frames: 171 - 241
============================================================
  Loaded 71 frames
  Prefix scoring: 61.2s
  Rewards: [0.0, 0.07, 0.14, 0.36, 0.61, 0.75, 0.68, 1.0]
  Failed regions: []
  Successful interval: 58-70
  Keyframes: [0, 58, 62, 70]
  Success detected: True
  Confidence: 0.64

--- Segment 290/734 ---

============================================================
Segment: PickXtimes_ep38_f242-296
  Subtask: place the red cube onto the target
  Frames: 242 - 296
============================================================
  Loaded 55 frames
  Prefix scoring: 61.2s
  Rewards: [0.0, 0.11, 0.5, 0.73, 1.0, 0.98, 0.84, 0.82]
  Failed regions: []
  Successful interval: 3-33
  Keyframes: [1, 3, 16, 33, 54]
  Success detected: True
  Confidence: 0.88

--- Segment 291/734 ---

============================================================
Segment: PickXtimes_ep38_f297-362
  Subtask: press the button to stop
  Frames: 297 - 362
============================================================
  Loaded 66 frames
  Prefix scoring: 61.6s
  Rewards: [0.0, 0.2, 0.7, 1.0, 0.6, 0.65, 0.25, 0.25]
  Failed regions: []
  Successful interval: 3-31
  Keyframes: [0, 3, 19, 31, 65]
  Success detected: True
  Confidence: 0.91

--- Segment 292/734 ---

============================================================
Segment: PickXtimes_ep38_f297-400
  Subtask: press the button to stop
  Frames: 297 - 400
============================================================
  Loaded 104 frames
  Prefix scoring: 61.1s
  Rewards: [0.23, 0.85, 1.0, 1.0, 0.31, 0.31, 0.0, 0.46]
  Failed regions: []
  Successful interval: 5-36
  Keyframes: [0, 5, 19, 36, 74]
  Success detected: True
  Confidence: 0.80

--- Segment 293/734 ---

============================================================
Segment: PickXtimes_ep39_f0-111
  Subtask: pick up the green cube for the first time
  Frames: 0 - 111
============================================================
  Loaded 112 frames
  Prefix scoring: 62.2s
  Rewards: [0.07, 0.0, 0.48, 0.77, 0.75, 0.71, 0.86, 1.0]
  Failed regions: []
  Successful interval: 77-111
  Keyframes: [0, 77, 103, 111]
  Success detected: True
  Confidence: 0.60

--- Segment 294/734 ---

============================================================
Segment: PickXtimes_ep39_f112-187
  Subtask: place the green cube onto the target
  Frames: 112 - 187
============================================================
  Loaded 76 frames
  Prefix scoring: 58.5s
  Rewards: [0.0, 0.88, 0.74, 0.76, 0.9, 0.93, 0.81, 1.0]
  Failed regions: [[16, 55], [55, 75]]
  Successful interval: 62-75
  Keyframes: [0, 62, 63, 75]
  Success detected: True
  Confidence: 0.53

--- Segment 295/734 ---

============================================================
Segment: PickXtimes_ep39_f188-263
  Subtask: pick up the green cube for the second time
  Frames: 188 - 263
============================================================
  Loaded 76 frames
  Prefix scoring: 57.6s
  Rewards: [0.11, 0.0, 0.28, 0.11, 0.61, 1.0, 1.0, 1.0]
  Failed regions: [[26, 45]]
  Successful interval: 33-55
  Keyframes: [14, 33, 34, 55, 75]
  Success detected: True
  Confidence: 0.85

--- Segment 296/734 ---

============================================================
Segment: PickXtimes_ep39_f264-315
  Subtask: place the green cube onto the target
  Frames: 264 - 315
============================================================
  Loaded 52 frames
  Prefix scoring: 57.8s
  Rewards: [0.0, 0.32, 0.61, 0.84, 1.0, 1.0, 0.68, 0.65]
  Failed regions: []
  Successful interval: 3-31
  Keyframes: [0, 3, 16, 31, 45]
  Success detected: True
  Confidence: 0.87

--- Segment 297/734 ---

============================================================
Segment: PickXtimes_ep39_f316-391
  Subtask: pick up the green cube for the third time
  Frames: 316 - 391
============================================================
  Loaded 76 frames
  Prefix scoring: 57.6s
  Rewards: [0.0, 0.15, 0.45, 0.3, 0.6, 0.9, 0.45, 1.0]
  Failed regions: [[26, 55], [55, 75]]
  Successful interval: 62-75
  Keyframes: [1, 62, 65, 75]
  Success detected: True
  Confidence: 0.72

--- Segment 298/734 ---

============================================================
Segment: PickXtimes_ep39_f392-445
  Subtask: place the green cube onto the target
  Frames: 392 - 445
============================================================
  Loaded 54 frames
  Prefix scoring: 57.5s
  Rewards: [0.0, 0.34, 0.45, 1.0, 0.8, 0.84, 0.75, 0.5]
  Failed regions: [[25, 39]]
  Successful interval: 30-39
  Keyframes: [1, 30, 39, 40, 53]
  Success detected: True
  Confidence: 0.41

--- Segment 299/734 ---

============================================================
Segment: PickXtimes_ep39_f446-521
  Subtask: pick up the green cube for the fourth time
  Frames: 446 - 521
============================================================
  Loaded 76 frames
  Prefix scoring: 57.8s
  Rewards: [0.25, 0.0, 0.44, 0.5, 0.62, 1.0, 0.44, 0.94]
  Failed regions: [[7, 55], [55, 75]]
  Successful interval: 62-75
  Keyframes: [0, 62, 66, 75]
  Success detected: True
  Confidence: 0.66

--- Segment 300/734 ---

============================================================
Segment: PickXtimes_ep39_f522-575
  Subtask: place the green cube onto the target
  Frames: 522 - 575
============================================================
  Loaded 54 frames
  Prefix scoring: 57.0s
  Rewards: [0.0, 0.21, 0.41, 1.0, 0.62, 0.85, 0.79, 0.49]
  Failed regions: [[25, 39]]
  Successful interval: 30-39
  Keyframes: [0, 30, 39, 40, 53]
  Success detected: True
  Confidence: 0.49

--- Segment 301/734 ---

============================================================
Segment: PickXtimes_ep39_f576-651
  Subtask: pick up the green cube for the fifth time
  Frames: 576 - 651
============================================================
  Loaded 76 frames
  Prefix scoring: 57.0s
  Rewards: [0.24, 0.0, 0.38, 0.24, 0.57, 0.76, 0.52, 1.0]
  Failed regions: [[26, 55], [55, 75]]
  Successful interval: 62-75
  Keyframes: [2, 62, 66, 75]
  Success detected: True
  Confidence: 0.70

--- Segment 302/734 ---

============================================================
Segment: PickXtimes_ep39_f652-705
  Subtask: place the green cube onto the target
  Frames: 652 - 705
============================================================
  Loaded 54 frames
  Prefix scoring: 57.0s
  Rewards: [0.0, 0.36, 0.36, 1.0, 0.64, 0.86, 0.76, 0.64]
  Failed regions: [[25, 39]]
  Successful interval: 30-39
  Keyframes: [0, 30, 39, 40, 53]
  Success detected: True
  Confidence: 0.48

--- Segment 303/734 ---

============================================================
Segment: PickXtimes_ep39_f706-775
  Subtask: press the button to stop
  Frames: 706 - 775
============================================================
  Loaded 70 frames
  Prefix scoring: 57.4s
  Rewards: [0.0, 0.12, 0.38, 0.58, 0.79, 1.0, 0.5, 0.5]
  Failed regions: []
  Successful interval: 4-51
  Keyframes: [0, 4, 21, 51, 69]
  Success detected: True
  Confidence: 0.90

--- Segment 304/734 ---

============================================================
Segment: PickXtimes_ep39_f706-811
  Subtask: press the button to stop
  Frames: 706 - 811
============================================================
  Loaded 106 frames
  Prefix scoring: 60.2s
  Rewards: [0.0, 0.22, 0.49, 0.43, 0.7, 0.59, 1.0, 0.49]
  Failed regions: [[64, 91]]
  Successful interval: 72-91
  Keyframes: [0, 72, 91, 92, 105]
  Success detected: True
  Confidence: 0.66

--- Segment 305/734 ---

============================================================
Segment: PickXtimes_ep40_f0-114
  Subtask: pick up the green cube for the first time
  Frames: 0 - 114
============================================================
  Loaded 115 frames
  Prefix scoring: 57.3s
  Rewards: [0.05, 0.0, 0.39, 0.45, 0.48, 0.56, 0.61, 1.0]
  Failed regions: []
  Successful interval: 20-114
  Keyframes: [0, 20, 102, 114]
  Success detected: True
  Confidence: 0.91

--- Segment 306/734 ---

============================================================
Segment: PickXtimes_ep40_f115-191
  Subtask: place the green cube onto the target
  Frames: 115 - 191
============================================================
  Loaded 77 frames
  Prefix scoring: 56.9s
  Rewards: [0.0, 0.44, 0.31, 0.69, 1.0, 0.84, 0.97, 0.84]
  Failed regions: [[16, 46], [46, 66]]
  Successful interval: 53-66
  Keyframes: [11, 53, 66, 67, 76]
  Success detected: True
  Confidence: 0.50

--- Segment 307/734 ---

============================================================
Segment: PickXtimes_ep40_f192-251
  Subtask: press the button to stop
  Frames: 192 - 251
============================================================
  Loaded 60 frames
  Prefix scoring: 57.5s
  Rewards: [0.0, 0.25, 0.67, 0.92, 0.67, 0.5, 1.0, 0.67]
  Failed regions: [[28, 51]]
  Successful interval: 40-51
  Keyframes: [0, 40, 51, 52, 59]
  Success detected: True
  Confidence: 0.68

--- Segment 308/734 ---

============================================================
Segment: PickXtimes_ep40_f192-290
  Subtask: press the button to stop
  Frames: 192 - 290
============================================================
  Loaded 99 frames
  Prefix scoring: 57.0s
  Rewards: [0.0, 0.59, 0.65, 0.71, 0.59, 0.71, 1.0, 0.76]
  Failed regions: [[47, 72]]
  Successful interval: 55-85
  Keyframes: [0, 55, 84, 85, 98]
  Success detected: True
  Confidence: 0.64

--- Segment 309/734 ---

============================================================
Segment: PickXtimes_ep41_f0-102
  Subtask: pick up the blue cube for the first time
  Frames: 0 - 102
============================================================
  Loaded 103 frames
  Prefix scoring: 57.9s
  Rewards: [0.11, 0.0, 0.56, 0.75, 0.58, 0.71, 0.75, 1.0]
  Failed regions: [[49, 75]]
  Successful interval: 57-102
  Keyframes: [0, 57, 64, 102]
  Success detected: True
  Confidence: 0.66

--- Segment 310/734 ---

============================================================
Segment: PickXtimes_ep41_f103-174
  Subtask: place the blue cube onto the target
  Frames: 103 - 174
============================================================
  Loaded 72 frames
  Prefix scoring: 57.9s
  Rewards: [0.0, 0.24, 0.35, 0.82, 0.82, 0.94, 0.76, 1.0]
  Failed regions: [[52, 71]]
  Successful interval: 58-71
  Keyframes: [0, 58, 63, 71]
  Success detected: True
  Confidence: 0.57

--- Segment 311/734 ---

============================================================
Segment: PickXtimes_ep41_f175-232
  Subtask: press the button to stop
  Frames: 175 - 232
============================================================
  Loaded 58 frames
  Prefix scoring: 56.8s
  Rewards: [0.07, 0.14, 0.21, 0.0, 0.64, 0.5, 0.79, 1.0]
  Failed regions: [[34, 49]]
  Successful interval: 40-57
  Keyframes: [0, 40, 52, 57]
  Success detected: True
  Confidence: 0.72

--- Segment 312/734 ---

============================================================
Segment: PickXtimes_ep41_f175-265
  Subtask: press the button to stop
  Frames: 175 - 265
============================================================
  Loaded 91 frames
  Prefix scoring: 56.9s
  Rewards: [0.0, 0.19, 0.62, 1.0, 1.0, 0.75, 0.25, 0.38]
  Failed regions: []
  Successful interval: 5-43
  Keyframes: [0, 5, 16, 43, 65]
  Success detected: True
  Confidence: 0.90

--- Segment 313/734 ---

============================================================
Segment: PickXtimes_ep42_f0-114
  Subtask: pick up the blue cube for the first time
  Frames: 0 - 114
============================================================
  Loaded 115 frames
  Prefix scoring: 57.5s
  Rewards: [0.09, 0.0, 0.59, 0.48, 0.48, 0.59, 0.41, 1.0]
  Failed regions: [[40, 84], [40, 84], [84, 114]]
  Successful interval: 94-114
  Keyframes: [0, 94, 106, 114]
  Success detected: True
  Confidence: 0.74

--- Segment 314/734 ---

============================================================
Segment: PickXtimes_ep42_f115-189
  Subtask: place the blue cube onto the target
  Frames: 115 - 189
============================================================
  Loaded 75 frames
  Prefix scoring: 57.7s
  Rewards: [0.11, 0.0, 0.46, 0.59, 0.65, 1.0, 0.95, 0.78]
  Failed regions: []
  Successful interval: 13-54
  Keyframes: [0, 13, 14, 54, 74]
  Success detected: True
  Confidence: 0.89

--- Segment 315/734 ---

============================================================
Segment: PickXtimes_ep42_f190-259
  Subtask: pick up the blue cube for the second time
  Frames: 190 - 259
============================================================
  Loaded 70 frames
  Prefix scoring: 58.0s
  Rewards: [0.0, 0.0, 0.0, 0.31, 0.65, 0.81, 0.73, 1.0]
  Failed regions: []
  Successful interval: 57-69
  Keyframes: [0, 57, 61, 69]
  Success detected: True
  Confidence: 0.62

--- Segment 316/734 ---

============================================================
Segment: PickXtimes_ep42_f260-313
  Subtask: place the blue cube onto the target
  Frames: 260 - 313
============================================================
  Loaded 54 frames
  Prefix scoring: 56.3s
  Rewards: [0.0, 0.27, 0.36, 0.68, 0.93, 0.91, 1.0, 0.86]
  Failed regions: []
  Successful interval: 37-46
  Keyframes: [3, 37, 45, 46, 53]
  Success detected: True
  Confidence: 0.51

--- Segment 317/734 ---

============================================================
Segment: PickXtimes_ep42_f314-383
  Subtask: press the button to stop
  Frames: 314 - 383
============================================================
  Loaded 70 frames
  Prefix scoring: 56.6s
  Rewards: [0.0, 0.17, 0.09, 0.22, 0.35, 0.57, 0.48, 1.0]
  Failed regions: [[51, 69]]
  Successful interval: 57-69
  Keyframes: [0, 57, 65, 69]
  Success detected: True
  Confidence: 0.74

--- Segment 318/734 ---

============================================================
Segment: PickXtimes_ep42_f314-419
  Subtask: press the button to stop
  Frames: 314 - 419
============================================================
  Loaded 106 frames
  Prefix scoring: 56.6s
  Rewards: [0.0, 0.06, 0.35, 0.26, 0.94, 0.44, 1.0, 0.47]
  Failed regions: [[37, 64], [64, 91]]
  Successful interval: 72-91
  Keyframes: [0, 72, 91, 92, 105]
  Success detected: True
  Confidence: 0.74

--- Segment 319/734 ---

============================================================
Segment: PickXtimes_ep43_f0-100
  Subtask: pick up the blue cube for the first time
  Frames: 0 - 100
============================================================
  Loaded 101 frames
  Prefix scoring: 57.6s
  Rewards: [0.09, 0.0, 0.76, 0.96, 0.96, 1.0, 0.98, 1.0]
  Failed regions: []
  Successful interval: 82-100
  Keyframes: [0, 82, 92, 100]
  Success detected: True
  Confidence: 0.47

--- Segment 320/734 ---

============================================================
Segment: PickXtimes_ep43_f101-179
  Subtask: place the blue cube onto the target
  Frames: 101 - 179
============================================================
  Loaded 79 frames
  Prefix scoring: 56.4s
  Rewards: [0.0, 0.88, 0.81, 1.0, 1.0, 1.0, 1.0, 0.95]
  Failed regions: []
  Successful interval: 24-37
  Keyframes: [0, 24, 36, 37, 56]
  Success detected: True
  Confidence: 0.51

--- Segment 321/734 ---

============================================================
Segment: PickXtimes_ep43_f180-249
  Subtask: pick up the blue cube for the second time
  Frames: 180 - 249
============================================================
  Loaded 70 frames
  Prefix scoring: 56.5s
  Rewards: [0.0, 0.05, 0.18, 0.23, 0.95, 0.55, 1.0, 0.86]
  Failed regions: [[42, 60]]
  Successful interval: 48-60
  Keyframes: [2, 48, 60, 61, 69]
  Success detected: True
  Confidence: 0.69

--- Segment 322/734 ---

============================================================
Segment: PickXtimes_ep43_f250-309
  Subtask: place the blue cube onto the target
  Frames: 250 - 309
============================================================
  Loaded 60 frames
  Prefix scoring: 56.1s
  Rewards: [0.0, 0.48, 0.48, 0.23, 0.94, 1.0, 0.74, 0.39]
  Failed regions: [[21, 36]]
  Successful interval: 25-43
  Keyframes: [4, 25, 43, 44, 58]
  Success detected: True
  Confidence: 0.80

--- Segment 323/734 ---

============================================================
Segment: PickXtimes_ep43_f310-379
  Subtask: pick up the blue cube for the third time
  Frames: 310 - 379
============================================================
  Loaded 70 frames
  Prefix scoring: 56.4s
  Rewards: [0.0, 0.0, 0.06, 0.44, 0.75, 0.62, 1.0, 0.75]
  Failed regions: [[42, 60]]
  Successful interval: 48-60
  Keyframes: [0, 48, 60, 61, 69]
  Success detected: True
  Confidence: 0.66

--- Segment 324/734 ---

============================================================
Segment: PickXtimes_ep43_f380-438
  Subtask: place the blue cube onto the target
  Frames: 380 - 438
============================================================
  Loaded 59 frames
  Prefix scoring: 57.2s
  Rewards: [0.0, 0.46, 0.46, 0.56, 0.97, 1.0, 0.79, 0.59]
  Failed regions: []
  Successful interval: 18-42
  Keyframes: [4, 18, 19, 42, 58]
  Success detected: True
  Confidence: 0.69

--- Segment 325/734 ---

============================================================
Segment: PickXtimes_ep43_f439-508
  Subtask: pick up the blue cube for the fourth time
  Frames: 439 - 508
============================================================
  Loaded 70 frames
  Prefix scoring: 56.3s
  Rewards: [0.0, 0.09, 0.13, 0.48, 0.96, 0.74, 1.0, 0.83]
  Failed regions: [[42, 60]]
  Successful interval: 48-60
  Keyframes: [2, 48, 60, 61, 69]
  Success detected: True
  Confidence: 0.60

--- Segment 326/734 ---

============================================================
Segment: PickXtimes_ep43_f509-569
  Subtask: place the blue cube onto the target
  Frames: 509 - 569
============================================================
  Loaded 61 frames
  Prefix scoring: 56.3s
  Rewards: [0.0, 0.08, 0.58, 0.44, 0.92, 1.0, 0.81, 0.67]
  Failed regions: [[21, 36]]
  Successful interval: 26-44
  Keyframes: [7, 26, 44, 45, 60]
  Success detected: True
  Confidence: 0.71

--- Segment 327/734 ---

============================================================
Segment: PickXtimes_ep43_f570-639
  Subtask: pick up the blue cube for the fifth time
  Frames: 570 - 639
============================================================
  Loaded 70 frames
  Prefix scoring: 56.9s
  Rewards: [0.15, 0.0, 0.05, 0.4, 0.85, 0.8, 1.0, 0.95]
  Failed regions: []
  Successful interval: 48-60
  Keyframes: [0, 48, 60, 61, 69]
  Success detected: True
  Confidence: 0.57

--- Segment 328/734 ---

============================================================
Segment: PickXtimes_ep43_f640-699
  Subtask: place the blue cube onto the target
  Frames: 640 - 699
============================================================
  Loaded 60 frames
  Prefix scoring: 56.3s
  Rewards: [0.0, 0.61, 0.61, 0.26, 1.0, 0.92, 0.76, 0.42]
  Failed regions: [[21, 36]]
  Successful interval: 25-36
  Keyframes: [5, 25, 26, 36, 59]
  Success detected: True
  Confidence: 0.78

--- Segment 329/734 ---

============================================================
Segment: PickXtimes_ep43_f700-758
  Subtask: press the button to stop
  Frames: 700 - 758
============================================================
  Loaded 59 frames
  Prefix scoring: 56.3s
  Rewards: [0.0, 0.27, 0.8, 0.8, 0.67, 0.13, 0.33, 1.0]
  Failed regions: [[27, 50]]
  Successful interval: 40-58
  Keyframes: [0, 40, 53, 58]
  Success detected: True
  Confidence: 0.85

--- Segment 330/734 ---

============================================================
Segment: PickXtimes_ep43_f700-796
  Subtask: press the button to stop
  Frames: 700 - 796
============================================================
  Loaded 97 frames
  Prefix scoring: 56.5s
  Rewards: [0.0, 0.67, 0.67, 0.75, 1.0, 0.75, 1.0, 0.67]
  Failed regions: [[58, 83]]
  Successful interval: 67-83
  Keyframes: [1, 67, 83, 84, 96]
  Success detected: True
  Confidence: 0.56

--- Segment 331/734 ---

============================================================
Segment: PickXtimes_ep44_f0-111
  Subtask: pick up the red cube for the first time
  Frames: 0 - 111
============================================================
  Loaded 112 frames
  Prefix scoring: 56.6s
  Rewards: [0.1, 0.0, 0.46, 0.75, 0.79, 0.79, 0.83, 1.0]
  Failed regions: []
  Successful interval: 77-111
  Keyframes: [0, 77, 102, 111]
  Success detected: True
  Confidence: 0.57

--- Segment 332/734 ---

============================================================
Segment: PickXtimes_ep44_f112-200
  Subtask: place the red cube onto the target
  Frames: 112 - 200
============================================================
  Loaded 89 frames
  Prefix scoring: 56.4s
  Rewards: [0.23, 0.0, 0.41, 1.0, 0.92, 0.87, 0.95, 0.92]
  Failed regions: [[42, 76]]
  Successful interval: 61-76
  Keyframes: [2, 61, 76, 77, 88]
  Success detected: True
  Confidence: 0.47

--- Segment 333/734 ---

============================================================
Segment: PickXtimes_ep44_f201-264
  Subtask: press the button to stop
  Frames: 201 - 264
============================================================
  Loaded 64 frames
  Prefix scoring: 56.4s
  Rewards: [0.09, 0.0, 0.64, 0.0, 0.73, 1.0, 0.64, 0.45]
  Failed regions: [[22, 38]]
  Successful interval: 27-46
  Keyframes: [1, 27, 38, 46, 63]
  Success detected: True
  Confidence: 0.91

--- Segment 334/734 ---

============================================================
Segment: PickXtimes_ep44_f201-299
  Subtask: press the button to stop
  Frames: 201 - 299
============================================================
  Loaded 99 frames
  Prefix scoring: 56.4s
  Rewards: [0.0, 0.73, 0.18, 0.55, 0.91, 0.91, 1.0, 0.91]
  Failed regions: [[21, 59]]
  Successful interval: 68-85
  Keyframes: [0, 68, 85, 86, 98]
  Success detected: True
  Confidence: 0.51

--- Segment 335/734 ---

============================================================
Segment: PickXtimes_ep45_f0-118
  Subtask: pick up the green cube for the first time
  Frames: 0 - 118
============================================================
  Loaded 119 frames
  Prefix scoring: 56.6s
  Rewards: [0.08, 0.0, 0.41, 0.67, 0.7, 0.75, 0.76, 1.0]
  Failed regions: []
  Successful interval: 21-118
  Keyframes: [1, 21, 104, 118]
  Success detected: True
  Confidence: 0.89

--- Segment 336/734 ---

============================================================
Segment: PickXtimes_ep45_f119-208
  Subtask: place the green cube onto the target
  Frames: 119 - 208
============================================================
  Loaded 90 frames
  Prefix scoring: 56.7s
  Rewards: [0.0, 0.1, 0.56, 0.76, 0.82, 0.9, 1.0, 1.0]
  Failed regions: []
  Successful interval: 5-77
  Keyframes: [2, 5, 47, 77, 89]
  Success detected: True
  Confidence: 0.87

--- Segment 337/734 ---

============================================================
Segment: PickXtimes_ep45_f209-279
  Subtask: pick up the green cube for the second time
  Frames: 209 - 279
============================================================
  Loaded 71 frames
  Prefix scoring: 56.6s
  Rewards: [0.0, 0.0, 0.1, 0.48, 0.67, 0.86, 1.0, 0.86]
  Failed regions: []
  Successful interval: 13-61
  Keyframes: [12, 13, 31, 61, 70]
  Success detected: True
  Confidence: 0.90

--- Segment 338/734 ---

============================================================
Segment: PickXtimes_ep45_f280-339
  Subtask: place the green cube onto the target
  Frames: 280 - 339
============================================================
  Loaded 60 frames
  Prefix scoring: 56.4s
  Rewards: [0.0, 0.03, 0.28, 0.59, 0.28, 0.93, 1.0, 0.41]
  Failed regions: [[28, 43]]
  Successful interval: 33-51
  Keyframes: [4, 33, 49, 51, 59]
  Success detected: True
  Confidence: 0.80

--- Segment 339/734 ---

============================================================
Segment: PickXtimes_ep45_f340-410
  Subtask: pick up the green cube for the third time
  Frames: 340 - 410
============================================================
  Loaded 71 frames
  Prefix scoring: 56.4s
  Rewards: [0.0, 0.26, 0.37, 0.47, 0.95, 0.84, 0.79, 1.0]
  Failed regions: [[43, 70]]
  Successful interval: 58-70
  Keyframes: [13, 58, 61, 70]
  Success detected: True
  Confidence: 0.57

--- Segment 340/734 ---

============================================================
Segment: PickXtimes_ep45_f411-469
  Subtask: place the green cube onto the target
  Frames: 411 - 469
============================================================
  Loaded 59 frames
  Prefix scoring: 56.2s
  Rewards: [0.0, 0.04, 0.33, 0.81, 0.67, 0.96, 1.0, 0.41]
  Failed regions: [[27, 42]]
  Successful interval: 33-50
  Keyframes: [5, 33, 48, 50, 58]
  Success detected: True
  Confidence: 0.63

--- Segment 341/734 ---

============================================================
Segment: PickXtimes_ep45_f470-531
  Subtask: press the button to stop
  Frames: 470 - 531
============================================================
  Loaded 62 frames
  Prefix scoring: 56.3s
  Rewards: [0.0, 0.17, 0.33, 0.17, 0.42, 0.75, 0.75, 1.0]
  Failed regions: [[21, 45]]
  Successful interval: 50-61
  Keyframes: [0, 50, 57, 61]
  Success detected: True
  Confidence: 0.61

--- Segment 342/734 ---

============================================================
Segment: PickXtimes_ep45_f470-573
  Subtask: press the button to stop
  Frames: 470 - 573
============================================================
  Loaded 104 frames
  Prefix scoring: 56.4s
  Rewards: [0.0, 0.11, 0.44, 0.78, 0.22, 0.78, 1.0, 0.22]
  Failed regions: [[49, 76]]
  Successful interval: 58-89
  Keyframes: [0, 58, 59, 89, 103]
  Success detected: True
  Confidence: 0.82

--- Segment 343/734 ---

============================================================
Segment: PickXtimes_ep46_f0-120
  Subtask: pick up the red cube for the first time
  Frames: 0 - 120
============================================================
  Loaded 121 frames
  Prefix scoring: 57.2s
  Rewards: [0.18, 0.0, 0.39, 0.47, 0.75, 0.88, 0.88, 1.0]
  Failed regions: []
  Successful interval: 98-120
  Keyframes: [1, 98, 105, 120]
  Success detected: True
  Confidence: 0.53

--- Segment 344/734 ---

============================================================
Segment: PickXtimes_ep46_f121-208
  Subtask: place the red cube onto the target
  Frames: 121 - 208
============================================================
  Loaded 88 frames
  Prefix scoring: 56.8s
  Rewards: [0.0, 0.04, 0.16, 0.28, 0.52, 0.96, 1.0, 0.88]
  Failed regions: []
  Successful interval: 4-75
  Keyframes: [1, 4, 43, 75, 87]
  Success detected: True
  Confidence: 0.90

--- Segment 345/734 ---

============================================================
Segment: PickXtimes_ep46_f209-279
  Subtask: pick up the red cube for the second time
  Frames: 209 - 279
============================================================
  Loaded 71 frames
  Prefix scoring: 56.4s
  Rewards: [0.12, 0.0, 0.27, 0.27, 0.77, 0.81, 0.85, 1.0]
  Failed regions: []
  Successful interval: 31-70
  Keyframes: [2, 31, 62, 70]
  Success detected: True
  Confidence: 0.79

--- Segment 346/734 ---

============================================================
Segment: PickXtimes_ep46_f280-341
  Subtask: place the red cube onto the target
  Frames: 280 - 341
============================================================
  Loaded 62 frames
  Prefix scoring: 57.0s
  Rewards: [0.0, 0.07, 0.31, 0.52, 0.71, 0.95, 0.79, 1.0]
  Failed regions: [[45, 61]]
  Successful interval: 50-61
  Keyframes: [12, 50, 51, 61]
  Success detected: True
  Confidence: 0.58

--- Segment 347/734 ---

============================================================
Segment: PickXtimes_ep46_f342-401
  Subtask: press the button to stop
  Frames: 342 - 401
============================================================
  Loaded 60 frames
  Prefix scoring: 56.2s
  Rewards: [0.0, 0.83, 0.91, 0.87, 0.91, 0.87, 1.0, 0.74]
  Failed regions: []
  Successful interval: 40-51
  Keyframes: [0, 40, 51, 52, 59]
  Success detected: True
  Confidence: 0.50

--- Segment 348/734 ---

============================================================
Segment: PickXtimes_ep46_f342-438
  Subtask: press the button to stop
  Frames: 342 - 438
============================================================
  Loaded 97 frames
  Prefix scoring: 56.5s
  Rewards: [0.0, 1.0, 0.82, 0.88, 0.82, 0.88, 0.94, 0.59]
  Failed regions: [[21, 46]]
  Successful interval: 54-83
  Keyframes: [0, 54, 83, 84, 96]
  Success detected: True
  Confidence: 0.46

--- Segment 349/734 ---

============================================================
Segment: PickXtimes_ep47_f0-111
  Subtask: pick up the blue cube for the first time
  Frames: 0 - 111
============================================================
  Loaded 112 frames
  Prefix scoring: 56.9s
  Rewards: [0.06, 0.0, 0.66, 0.68, 0.85, 0.81, 0.94, 1.0]
  Failed regions: []
  Successful interval: 77-111
  Keyframes: [0, 77, 100, 111]
  Success detected: True
  Confidence: 0.55

--- Segment 350/734 ---

============================================================
Segment: PickXtimes_ep47_f112-204
  Subtask: place the blue cube onto the target
  Frames: 112 - 204
============================================================
  Loaded 93 frames
  Prefix scoring: 56.5s
  Rewards: [0.2, 0.0, 0.77, 0.9, 0.9, 0.93, 0.93, 1.0]
  Failed regions: []
  Successful interval: 76-92
  Keyframes: [0, 76, 77, 92]
  Success detected: True
  Confidence: 0.49

--- Segment 351/734 ---

============================================================
Segment: PickXtimes_ep47_f205-274
  Subtask: pick up the blue cube for the second time
  Frames: 205 - 274
============================================================
  Loaded 70 frames
  Prefix scoring: 56.3s
  Rewards: [0.0, 0.1, 0.26, 0.39, 0.42, 0.58, 1.0, 0.94]
  Failed regions: []
  Successful interval: 4-60
  Keyframes: [0, 4, 31, 60, 69]
  Success detected: True
  Confidence: 0.91

--- Segment 352/734 ---

============================================================
Segment: PickXtimes_ep47_f275-340
  Subtask: place the blue cube onto the target
  Frames: 275 - 340
============================================================
  Loaded 66 frames
  Prefix scoring: 58.0s
  Rewards: [0.0, 0.43, 0.57, 0.82, 1.0, 0.82, 0.79, 0.54]
  Failed regions: []
  Successful interval: 3-39
  Keyframes: [2, 3, 17, 39, 59]
  Success detected: True
  Confidence: 0.88

--- Segment 353/734 ---

============================================================
Segment: PickXtimes_ep47_f341-410
  Subtask: pick up the blue cube for the third time
  Frames: 341 - 410
============================================================
  Loaded 70 frames
  Prefix scoring: 56.3s
  Rewards: [0.0, 0.19, 0.19, 0.23, 0.69, 0.73, 1.0, 0.69]
  Failed regions: []
  Successful interval: 21-60
  Keyframes: [12, 21, 32, 60, 69]
  Success detected: True
  Confidence: 0.83

--- Segment 354/734 ---

============================================================
Segment: PickXtimes_ep47_f411-475
  Subtask: place the blue cube onto the target
  Frames: 411 - 475
============================================================
  Loaded 65 frames
  Prefix scoring: 56.4s
  Rewards: [0.0, 0.3, 0.74, 0.41, 1.0, 0.89, 0.48, 0.74]
  Failed regions: [[22, 39]]
  Successful interval: 27-39
  Keyframes: [7, 27, 28, 39, 58]
  Success detected: True
  Confidence: 0.72

--- Segment 355/734 ---

============================================================
Segment: PickXtimes_ep47_f476-546
  Subtask: pick up the blue cube for the fourth time
  Frames: 476 - 546
============================================================
  Loaded 71 frames
  Prefix scoring: 57.1s
  Rewards: [0.08, 0.0, 0.27, 0.42, 0.54, 0.92, 1.0, 0.81]
  Failed regions: []
  Successful interval: 13-61
  Keyframes: [12, 13, 32, 61, 70]
  Success detected: True
  Confidence: 0.90

--- Segment 356/734 ---

============================================================
Segment: PickXtimes_ep47_f547-612
  Subtask: place the blue cube onto the target
  Frames: 547 - 612
============================================================
  Loaded 66 frames
  Prefix scoring: 56.9s
  Rewards: [0.0, 0.35, 0.48, 0.52, 0.96, 1.0, 0.7, 0.26]
  Failed regions: []
  Successful interval: 3-48
  Keyframes: [2, 3, 17, 48, 64]
  Success detected: True
  Confidence: 0.89

--- Segment 357/734 ---

============================================================
Segment: PickXtimes_ep47_f613-666
  Subtask: press the button to stop
  Frames: 613 - 666
============================================================
  Loaded 54 frames
  Prefix scoring: 57.3s
  Rewards: [0.0, 0.04, 0.42, 0.54, 0.79, 0.71, 0.83, 1.0]
  Failed regions: [[32, 46]]
  Successful interval: 37-53
  Keyframes: [0, 37, 50, 53]
  Success detected: True
  Confidence: 0.61

--- Segment 358/734 ---

============================================================
Segment: PickXtimes_ep47_f613-702
  Subtask: press the button to stop
  Frames: 613 - 702
============================================================
  Loaded 90 frames
  Prefix scoring: 57.1s
  Rewards: [0.0, 0.71, 0.38, 0.67, 1.0, 0.67, 0.76, 0.81]
  Failed regions: [[20, 54], [54, 77]]
  Successful interval: 62-89
  Keyframes: [0, 62, 75, 89]
  Success detected: True
  Confidence: 0.42

--- Segment 359/734 ---

============================================================
Segment: PickXtimes_ep48_f0-115
  Subtask: pick up the red cube for the first time
  Frames: 0 - 115
============================================================
  Loaded 116 frames
  Prefix scoring: 56.5s
  Rewards: [0.13, 0.0, 0.56, 0.69, 0.69, 0.9, 0.81, 1.0]
  Failed regions: [[85, 115]]
  Successful interval: 95-115
  Keyframes: [0, 95, 107, 115]
  Success detected: True
  Confidence: 0.56

--- Segment 360/734 ---

============================================================
Segment: PickXtimes_ep48_f116-221
  Subtask: place the red cube onto the target
  Frames: 116 - 221
============================================================
  Loaded 106 frames
  Prefix scoring: 56.5s
  Rewards: [0.0, 0.58, 0.35, 0.42, 0.23, 0.45, 0.9, 1.0]
  Failed regions: [[23, 50], [50, 77]]
  Successful interval: 59-105
  Keyframes: [1, 59, 90, 105]
  Success detected: True
  Confidence: 0.81

--- Segment 361/734 ---

============================================================
Segment: PickXtimes_ep48_f222-305
  Subtask: pick up the red cube for the second time
  Frames: 222 - 305
============================================================
  Loaded 84 frames
  Prefix scoring: 56.8s
  Rewards: [0.17, 0.0, 0.43, 0.48, 0.7, 0.7, 0.74, 1.0]
  Failed regions: []
  Successful interval: 57-83
  Keyframes: [0, 57, 69, 83]
  Success detected: True
  Confidence: 0.62

--- Segment 362/734 ---

============================================================
Segment: PickXtimes_ep48_f306-379
  Subtask: place the red cube onto the target
  Frames: 306 - 379
============================================================
  Loaded 74 frames
  Prefix scoring: 56.9s
  Rewards: [0.0, 0.29, 0.91, 0.88, 0.88, 1.0, 0.91, 0.85]
  Failed regions: []
  Successful interval: 41-54
  Keyframes: [4, 41, 54, 55, 73]
  Success detected: True
  Confidence: 0.50

--- Segment 363/734 ---

============================================================
Segment: PickXtimes_ep48_f380-463
  Subtask: pick up the red cube for the third time
  Frames: 380 - 463
============================================================
  Loaded 84 frames
  Prefix scoring: 57.6s
  Rewards: [0.18, 0.0, 0.39, 0.29, 0.57, 0.46, 0.54, 1.0]
  Failed regions: [[29, 50], [50, 72]]
  Successful interval: 57-83
  Keyframes: [8, 57, 68, 83]
  Success detected: True
  Confidence: 0.73

--- Segment 364/734 ---

============================================================
Segment: PickXtimes_ep48_f464-543
  Subtask: place the red cube onto the target
  Frames: 464 - 543
============================================================
  Loaded 80 frames
  Prefix scoring: 56.8s
  Rewards: [0.0, 0.26, 0.81, 0.85, 0.85, 0.89, 1.0, 0.96]
  Failed regions: []
  Successful interval: 44-68
  Keyframes: [16, 44, 60, 68, 79]
  Success detected: True
  Confidence: 0.52

--- Segment 365/734 ---

============================================================
Segment: PickXtimes_ep48_f544-600
  Subtask: press the button to stop
  Frames: 544 - 600
============================================================
  Loaded 57 frames
  Prefix scoring: 56.7s
  Rewards: [0.0, 0.11, 0.21, 0.68, 0.32, 0.11, 1.0, 0.58]
  Failed regions: [[26, 48]]
  Successful interval: 39-48
  Keyframes: [4, 39, 48, 49, 56]
  Success detected: True
  Confidence: 0.88

--- Segment 366/734 ---

============================================================
Segment: PickXtimes_ep48_f544-638
  Subtask: press the button to stop
  Frames: 544 - 638
============================================================
  Loaded 95 frames
  Prefix scoring: 57.6s
  Rewards: [0.29, 0.0, 0.43, 1.0, 0.71, 0.57, 1.0, 0.67]
  Failed regions: [[9, 45], [45, 81]]
  Successful interval: 65-81
  Keyframes: [4, 65, 79, 81, 94]
  Success detected: True
  Confidence: 0.65

--- Segment 367/734 ---

============================================================
Segment: PickXtimes_ep49_f0-105
  Subtask: pick up the red cube for the first time
  Frames: 0 - 105
============================================================
  Loaded 106 frames
  Prefix scoring: 57.5s
  Rewards: [0.09, 0.0, 0.5, 0.76, 0.85, 0.8, 1.0, 0.98]
  Failed regions: []
  Successful interval: 72-91
  Keyframes: [1, 72, 91, 92, 105]
  Success detected: True
  Confidence: 0.55

--- Segment 368/734 ---

============================================================
Segment: PickXtimes_ep49_f106-198
  Subtask: place the red cube onto the target
  Frames: 106 - 198
============================================================
  Loaded 93 frames
  Prefix scoring: 56.4s
  Rewards: [0.0, 0.32, 0.11, 0.57, 0.54, 1.0, 0.82, 0.68]
  Failed regions: [[20, 44]]
  Successful interval: 52-68
  Keyframes: [1, 52, 53, 68, 92]
  Success detected: True
  Confidence: 0.68

--- Segment 369/734 ---

============================================================
Segment: PickXtimes_ep49_f199-267
  Subtask: pick up the red cube for the second time
  Frames: 199 - 267
============================================================
  Loaded 69 frames
  Prefix scoring: 56.3s
  Rewards: [0.0, 0.13, 0.22, 0.52, 0.61, 0.91, 0.87, 1.0]
  Failed regions: []
  Successful interval: 56-68
  Keyframes: [12, 56, 60, 68]
  Success detected: True
  Confidence: 0.55

--- Segment 370/734 ---

============================================================
Segment: PickXtimes_ep49_f268-332
  Subtask: place the red cube onto the target
  Frames: 268 - 332
============================================================
  Loaded 65 frames
  Prefix scoring: 57.1s
  Rewards: [0.0, 0.44, 0.76, 1.0, 0.88, 0.98, 0.63, 0.68]
  Failed regions: [[30, 47]]
  Successful interval: 36-47
  Keyframes: [5, 36, 47, 48, 64]
  Success detected: True
  Confidence: 0.49

--- Segment 371/734 ---

============================================================
Segment: PickXtimes_ep49_f333-401
  Subtask: pick up the red cube for the third time
  Frames: 333 - 401
============================================================
  Loaded 69 frames
  Prefix scoring: 56.3s
  Rewards: [0.0, 0.12, 0.25, 0.46, 0.42, 1.0, 0.79, 0.88]
  Failed regions: [[50, 68]]
  Successful interval: 56-68
  Keyframes: [13, 56, 60, 68]
  Success detected: True
  Confidence: 0.46

--- Segment 372/734 ---

============================================================
Segment: PickXtimes_ep49_f402-466
  Subtask: place the red cube onto the target
  Frames: 402 - 466
============================================================
  Loaded 65 frames
  Prefix scoring: 56.3s
  Rewards: [0.0, 0.32, 0.73, 1.0, 0.93, 0.93, 0.76, 0.66]
  Failed regions: []
  Successful interval: 3-30
  Keyframes: [2, 3, 17, 30, 62]
  Success detected: True
  Confidence: 0.87

--- Segment 373/734 ---

============================================================
Segment: PickXtimes_ep49_f467-541
  Subtask: press the button to stop
  Frames: 467 - 541
============================================================
  Loaded 75 frames
  Prefix scoring: 57.0s
  Rewards: [0.36, 0.45, 0.73, 0.64, 0.91, 0.0, 0.18, 1.0]
  Failed regions: [[26, 45], [45, 64]]
  Successful interval: 51-74
  Keyframes: [0, 51, 70, 74]
  Success detected: True
  Confidence: 0.89

--- Segment 374/734 ---

============================================================
Segment: PickXtimes_ep49_f467-583
  Subtask: press the button to stop
  Frames: 467 - 583
============================================================
  Loaded 117 frames
  Prefix scoring: 56.7s
  Rewards: [0.0, 0.62, 0.38, 0.12, 0.75, 0.62, 1.0, 0.25]
  Failed regions: [[26, 71], [71, 101]]
  Successful interval: 81-101
  Keyframes: [0, 81, 98, 101, 116]
  Success detected: True
  Confidence: 0.66

--- Segment 375/734 ---

============================================================
Segment: PickXtimes_ep50_f0-104
  Subtask: pick up the blue cube for the first time
  Frames: 0 - 104
============================================================
  Loaded 105 frames
  Prefix scoring: 56.5s
  Rewards: [0.13, 0.0, 0.6, 0.56, 0.56, 0.58, 0.85, 1.0]
  Failed regions: []
  Successful interval: 58-104
  Keyframes: [1, 58, 63, 104]
  Success detected: True
  Confidence: 0.67

--- Segment 376/734 ---

============================================================
Segment: PickXtimes_ep50_f105-196
  Subtask: place the blue cube onto the target
  Frames: 105 - 196
============================================================
  Loaded 92 frames
  Prefix scoring: 56.3s
  Rewards: [0.0, 0.46, 0.67, 0.44, 0.56, 0.49, 1.0, 0.59]
  Failed regions: [[32, 55]]
  Successful interval: 63-79
  Keyframes: [0, 63, 79, 80, 91]
  Success detected: True
  Confidence: 0.70

--- Segment 377/734 ---

============================================================
Segment: PickXtimes_ep50_f197-267
  Subtask: press the button to stop
  Frames: 197 - 267
============================================================
  Loaded 71 frames
  Prefix scoring: 56.2s
  Rewards: [0.08, 0.0, 0.25, 0.21, 0.29, 0.17, 0.33, 1.0]
  Failed regions: [[43, 61]]
  Successful interval: 49-70
  Keyframes: [1, 49, 65, 70]
  Success detected: True
  Confidence: 0.88

--- Segment 378/734 ---

============================================================
Segment: PickXtimes_ep50_f197-304
  Subtask: press the button to stop
  Frames: 197 - 304
============================================================
  Loaded 108 frames
  Prefix scoring: 56.4s
  Rewards: [0.0, 0.4, 0.29, 0.26, 0.71, 0.34, 0.6, 1.0]
  Failed regions: [[23, 65], [65, 93]]
  Successful interval: 74-107
  Keyframes: [1, 74, 97, 107]
  Success detected: True
  Confidence: 0.77

--- Segment 379/734 ---

============================================================
Segment: PickXtimes_ep51_f0-102
  Subtask: pick up the red cube for the first time
  Frames: 0 - 102
============================================================
  Loaded 103 frames
  Prefix scoring: 57.0s
  Rewards: [0.13, 0.0, 0.6, 0.62, 0.7, 0.81, 0.87, 1.0]
  Failed regions: []
  Successful interval: 18-102
  Keyframes: [1, 18, 37, 102]
  Success detected: True
  Confidence: 0.88

--- Segment 380/734 ---

============================================================
Segment: PickXtimes_ep51_f103-182
  Subtask: place the red cube onto the target
  Frames: 103 - 182
============================================================
  Loaded 80 frames
  Prefix scoring: 57.0s
  Rewards: [0.0, 0.49, 0.59, 0.76, 0.69, 0.86, 0.75, 1.0]
  Failed regions: [[58, 79]]
  Successful interval: 64-79
  Keyframes: [0, 64, 71, 79]
  Success detected: True
  Confidence: 0.57

--- Segment 381/734 ---

============================================================
Segment: PickXtimes_ep51_f183-258
  Subtask: pick up the red cube for the second time
  Frames: 183 - 258
============================================================
  Loaded 76 frames
  Prefix scoring: 56.8s
  Rewards: [0.04, 0.0, 0.26, 0.52, 0.7, 1.0, 0.78, 0.78]
  Failed regions: []
  Successful interval: 13-55
  Keyframes: [12, 13, 32, 55, 74]
  Success detected: True
  Confidence: 0.90

--- Segment 382/734 ---

============================================================
Segment: PickXtimes_ep51_f259-311
  Subtask: place the red cube onto the target
  Frames: 259 - 311
============================================================
  Loaded 53 frames
  Prefix scoring: 56.4s
  Rewards: [0.0, 0.1, 0.37, 1.0, 1.0, 0.83, 0.8, 0.8]
  Failed regions: []
  Successful interval: 3-25
  Keyframes: [0, 3, 14, 25, 52]
  Success detected: True
  Confidence: 0.88

--- Segment 383/734 ---

============================================================
Segment: PickXtimes_ep51_f312-386
  Subtask: pick up the red cube for the third time
  Frames: 312 - 386
============================================================
  Loaded 75 frames
  Prefix scoring: 56.7s
  Rewards: [0.14, 0.0, 0.18, 0.21, 0.79, 1.0, 0.71, 0.75]
  Failed regions: []
  Successful interval: 13-54
  Keyframes: [12, 13, 31, 54, 74]
  Success detected: True
  Confidence: 0.91

--- Segment 384/734 ---

============================================================
Segment: PickXtimes_ep51_f387-440
  Subtask: place the red cube onto the target
  Frames: 387 - 440
============================================================
  Loaded 54 frames
  Prefix scoring: 56.5s
  Rewards: [0.0, 0.03, 0.38, 1.0, 0.86, 0.76, 0.86, 0.86]
  Failed regions: [[25, 46]]
  Successful interval: 37-46
  Keyframes: [3, 37, 45, 46, 53]
  Success detected: True
  Confidence: 0.44

--- Segment 385/734 ---

============================================================
Segment: PickXtimes_ep51_f441-516
  Subtask: pick up the red cube for the fourth time
  Frames: 441 - 516
============================================================
  Loaded 76 frames
  Prefix scoring: 56.6s
  Rewards: [0.05, 0.0, 0.33, 0.57, 0.76, 0.95, 0.86, 1.0]
  Failed regions: [[55, 75]]
  Successful interval: 62-75
  Keyframes: [0, 62, 66, 75]
  Success detected: True
  Confidence: 0.54

--- Segment 386/734 ---

============================================================
Segment: PickXtimes_ep51_f517-569
  Subtask: place the red cube onto the target
  Frames: 517 - 569
============================================================
  Loaded 53 frames
  Prefix scoring: 56.5s
  Rewards: [0.0, 0.25, 0.31, 0.83, 0.75, 0.81, 1.0, 0.78]
  Failed regions: [[25, 38]]
  Successful interval: 29-45
  Keyframes: [3, 29, 45, 46, 52]
  Success detected: True
  Confidence: 0.58

--- Segment 387/734 ---

============================================================
Segment: PickXtimes_ep51_f570-653
  Subtask: press the button to stop
  Frames: 570 - 653
============================================================
  Loaded 84 frames
  Prefix scoring: 56.6s
  Rewards: [0.0, 0.11, 0.11, 0.22, 0.44, 0.33, 0.33, 1.0]
  Failed regions: [[50, 72], [50, 83]]
  Successful interval: 68-83
  Keyframes: [0, 68, 79, 83]
  Success detected: True
  Confidence: 0.80

--- Segment 388/734 ---

============================================================
Segment: PickXtimes_ep51_f570-691
  Subtask: press the button to stop
  Frames: 570 - 691
============================================================
  Loaded 122 frames
  Prefix scoring: 57.3s
  Rewards: [0.05, 0.0, 0.34, 0.21, 0.18, 0.37, 1.0, 0.95]
  Failed regions: [[43, 89]]
  Successful interval: 68-105
  Keyframes: [0, 68, 79, 105, 121]
  Success detected: True
  Confidence: 0.85

--- Segment 389/734 ---

============================================================
Segment: PickXtimes_ep52_f0-103
  Subtask: pick up the red cube for the first time
  Frames: 0 - 103
============================================================
  Loaded 104 frames
  Prefix scoring: 56.7s
  Rewards: [0.11, 0.0, 0.48, 0.77, 0.7, 0.75, 0.82, 1.0]
  Failed regions: []
  Successful interval: 58-103
  Keyframes: [1, 58, 66, 103]
  Success detected: True
  Confidence: 0.60

--- Segment 390/734 ---

============================================================
Segment: PickXtimes_ep52_f104-189
  Subtask: place the red cube onto the target
  Frames: 104 - 189
============================================================
  Loaded 86 frames
  Prefix scoring: 56.7s
  Rewards: [0.22, 0.47, 0.0, 0.64, 0.53, 0.59, 0.97, 1.0]
  Failed regions: [[19, 41], [41, 63]]
  Successful interval: 48-85
  Keyframes: [0, 48, 77, 85]
  Success detected: True
  Confidence: 0.68

--- Segment 391/734 ---

============================================================
Segment: PickXtimes_ep52_f190-250
  Subtask: press the button to stop
  Frames: 190 - 250
============================================================
  Loaded 61 frames
  Prefix scoring: 57.1s
  Rewards: [0.33, 0.22, 0.78, 0.0, 0.33, 0.22, 0.89, 1.0]
  Failed regions: [[6, 21], [21, 36], [36, 52]]
  Successful interval: 41-60
  Keyframes: [0, 41, 56, 60]
  Success detected: True
  Confidence: 0.82

--- Segment 392/734 ---

============================================================
Segment: PickXtimes_ep52_f190-285
  Subtask: press the button to stop
  Frames: 190 - 285
============================================================
  Loaded 96 frames
  Prefix scoring: 56.6s
  Rewards: [0.29, 0.86, 0.0, 0.14, 1.0, 0.14, 0.14, 0.14]
  Failed regions: [[21, 45]]
  Successful interval: 29-58
  Keyframes: [0, 29, 56, 58, 94]
  Success detected: True
  Confidence: 0.93

--- Segment 393/734 ---

============================================================
Segment: PickXtimes_ep53_f0-109
  Subtask: pick up the blue cube for the first time
  Frames: 0 - 109
============================================================
  Loaded 110 frames
  Prefix scoring: 56.8s
  Rewards: [0.16, 0.0, 0.36, 0.51, 0.51, 0.58, 0.71, 1.0]
  Failed regions: []
  Successful interval: 62-109
  Keyframes: [0, 62, 65, 109]
  Success detected: True
  Confidence: 0.70

--- Segment 394/734 ---

============================================================
Segment: PickXtimes_ep53_f110-184
  Subtask: place the blue cube onto the target
  Frames: 110 - 184
============================================================
  Loaded 75 frames
  Prefix scoring: 56.5s
  Rewards: [0.0, 0.68, 0.68, 0.77, 0.82, 0.82, 0.82, 1.0]
  Failed regions: []
  Successful interval: 61-74
  Keyframes: [2, 61, 62, 74]
  Success detected: True
  Confidence: 0.53

--- Segment 395/734 ---

============================================================
Segment: PickXtimes_ep53_f185-254
  Subtask: pick up the blue cube for the second time
  Frames: 185 - 254
============================================================
  Loaded 70 frames
  Prefix scoring: 56.9s
  Rewards: [0.05, 0.0, 0.14, 0.19, 0.81, 1.0, 0.76, 0.86]
  Failed regions: [[51, 69]]
  Successful interval: 57-69
  Keyframes: [1, 57, 61, 69]
  Success detected: True
  Confidence: 0.46

--- Segment 396/734 ---

============================================================
Segment: PickXtimes_ep53_f255-316
  Subtask: place the blue cube onto the target
  Frames: 255 - 316
============================================================
  Loaded 62 frames
  Prefix scoring: 57.2s
  Rewards: [0.0, 0.12, 0.5, 0.58, 1.0, 0.88, 0.92, 0.88]
  Failed regions: [[37, 53]]
  Successful interval: 42-53
  Keyframes: [3, 42, 50, 53, 61]
  Success detected: True
  Confidence: 0.45

--- Segment 397/734 ---

============================================================
Segment: PickXtimes_ep53_f317-369
  Subtask: press the button to stop
  Frames: 317 - 369
============================================================
  Loaded 53 frames
  Prefix scoring: 56.4s
  Rewards: [0.0, 0.56, 0.0, 0.67, 0.44, 0.89, 0.67, 1.0]
  Failed regions: [[11, 25], [25, 38], [38, 52]]
  Successful interval: 43-52
  Keyframes: [0, 43, 48, 52]
  Success detected: True
  Confidence: 0.63

--- Segment 398/734 ---

============================================================
Segment: PickXtimes_ep53_f317-404
  Subtask: press the button to stop
  Frames: 317 - 404
============================================================
  Loaded 88 frames
  Prefix scoring: 56.5s
  Rewards: [0.0, 0.0, 0.07, 0.57, 1.0, 0.86, 0.79, 0.71]
  Failed regions: []
  Successful interval: 15-53
  Keyframes: [0, 15, 48, 53, 87]
  Success detected: True
  Confidence: 0.90

--- Segment 399/734 ---

============================================================
Segment: PickXtimes_ep54_f0-106
  Subtask: pick up the green cube for the first time
  Frames: 0 - 106
============================================================
  Loaded 107 frames
  Prefix scoring: 57.0s
  Rewards: [0.03, 0.0, 0.63, 0.79, 0.75, 0.86, 0.84, 1.0]
  Failed regions: []
  Successful interval: 87-106
  Keyframes: [0, 87, 96, 106]
  Success detected: True
  Confidence: 0.54

--- Segment 400/734 ---

============================================================
Segment: PickXtimes_ep54_f107-183
  Subtask: place the green cube onto the target
  Frames: 107 - 183
============================================================
  Loaded 77 frames
  Prefix scoring: 56.9s
  Rewards: [0.0, 0.48, 0.38, 0.54, 0.83, 1.0, 0.79, 0.79]
  Failed regions: [[16, 36]]
  Successful interval: 23-56
  Keyframes: [0, 23, 38, 56, 76]
  Success detected: True
  Confidence: 0.73

--- Segment 401/734 ---

============================================================
Segment: PickXtimes_ep54_f184-249
  Subtask: press the button to stop
  Frames: 184 - 249
============================================================
  Loaded 66 frames
  Prefix scoring: 56.8s
  Rewards: [0.17, 0.0, 0.3, 0.17, 0.77, 0.87, 1.0, 0.67]
  Failed regions: [[22, 39]]
  Successful interval: 28-56
  Keyframes: [0, 28, 29, 56, 65]
  Success detected: True
  Confidence: 0.83

--- Segment 402/734 ---

============================================================
Segment: PickXtimes_ep54_f184-292
  Subtask: press the button to stop
  Frames: 184 - 292
============================================================
  Loaded 109 frames
  Prefix scoring: 57.1s
  Rewards: [0.0, 0.16, 0.68, 1.0, 0.64, 0.56, 0.24, 0.2]
  Failed regions: []
  Successful interval: 5-52
  Keyframes: [0, 5, 20, 52, 81]
  Success detected: True
  Confidence: 0.91

--- Segment 403/734 ---

============================================================
Segment: PickXtimes_ep55_f0-100
  Subtask: pick up the green cube for the first time
  Frames: 0 - 100
============================================================
  Loaded 101 frames
  Prefix scoring: 58.0s
  Rewards: [0.15, 0.0, 0.78, 0.59, 0.78, 0.89, 0.74, 1.0]
  Failed regions: [[35, 74], [74, 100]]
  Successful interval: 82-100
  Keyframes: [3, 82, 92, 100]
  Success detected: True
  Confidence: 0.58

--- Segment 404/734 ---

============================================================
Segment: PickXtimes_ep55_f101-186
  Subtask: place the green cube onto the target
  Frames: 101 - 186
============================================================
  Loaded 86 frames
  Prefix scoring: 57.9s
  Rewards: [0.05, 0.63, 0.53, 0.26, 1.0, 0.63, 0.37, 0.0]
  Failed regions: [[19, 52]]
  Successful interval: 37-52
  Keyframes: [1, 37, 43, 52, 85]
  Success detected: True
  Confidence: 0.81

--- Segment 405/734 ---

============================================================
Segment: PickXtimes_ep55_f187-262
  Subtask: pick up the green cube for the second time
  Frames: 187 - 262
============================================================
  Loaded 76 frames
  Prefix scoring: 57.7s
  Rewards: [0.07, 0.0, 0.14, 0.14, 0.57, 0.5, 0.57, 1.0]
  Failed regions: []
  Successful interval: 52-75
  Keyframes: [0, 52, 67, 75]
  Success detected: True
  Confidence: 0.72

--- Segment 406/734 ---

============================================================
Segment: PickXtimes_ep55_f263-322
  Subtask: place the green cube onto the target
  Frames: 263 - 322
============================================================
  Loaded 60 frames
  Prefix scoring: 57.4s
  Rewards: [0.07, 0.0, 0.27, 0.07, 0.53, 1.0, 0.67, 0.53]
  Failed regions: [[21, 36]]
  Successful interval: 25-43
  Keyframes: [5, 25, 43, 44, 59]
  Success detected: True
  Confidence: 0.90

--- Segment 407/734 ---

============================================================
Segment: PickXtimes_ep55_f323-398
  Subtask: pick up the green cube for the third time
  Frames: 323 - 398
============================================================
  Loaded 76 frames
  Prefix scoring: 57.1s
  Rewards: [0.0, 0.0, 0.07, 0.07, 0.29, 0.5, 1.0, 1.0]
  Failed regions: []
  Successful interval: 33-65
  Keyframes: [6, 33, 65, 66, 75]
  Success detected: True
  Confidence: 0.90

--- Segment 408/734 ---

============================================================
Segment: PickXtimes_ep55_f399-458
  Subtask: place the green cube onto the target
  Frames: 399 - 458
============================================================
  Loaded 60 frames
  Prefix scoring: 56.8s
  Rewards: [0.0, 0.35, 0.5, 0.5, 0.85, 1.0, 0.65, 0.75]
  Failed regions: []
  Successful interval: 25-43
  Keyframes: [2, 25, 43, 44, 58]
  Success detected: True
  Confidence: 0.69

--- Segment 409/734 ---

============================================================
Segment: PickXtimes_ep55_f459-531
  Subtask: pick up the green cube for the fourth time
  Frames: 459 - 531
============================================================
  Loaded 73 frames
  Prefix scoring: 57.0s
  Rewards: [0.06, 0.0, 0.17, 0.11, 0.33, 0.5, 0.61, 1.0]
  Failed regions: []
  Successful interval: 31-72
  Keyframes: [1, 31, 63, 72]
  Success detected: True
  Confidence: 0.89

--- Segment 410/734 ---

============================================================
Segment: PickXtimes_ep55_f532-602
  Subtask: place the green cube onto the target
  Frames: 532 - 602
============================================================
  Loaded 71 frames
  Prefix scoring: 56.9s
  Rewards: [0.0, 0.4, 0.68, 0.52, 1.0, 0.64, 0.6, 0.48]
  Failed regions: [[25, 43]]
  Successful interval: 31-43
  Keyframes: [6, 31, 43, 44, 66]
  Success detected: True
  Confidence: 0.68

--- Segment 411/734 ---

============================================================
Segment: PickXtimes_ep55_f603-675
  Subtask: pick up the green cube for the fifth time
  Frames: 603 - 675
============================================================
  Loaded 73 frames
  Prefix scoring: 58.0s
  Rewards: [0.0, 0.15, 0.0, 0.0, 0.45, 0.5, 0.65, 1.0]
  Failed regions: []
  Successful interval: 31-72
  Keyframes: [8, 31, 63, 72]
  Success detected: True
  Confidence: 0.93

--- Segment 412/734 ---

============================================================
Segment: PickXtimes_ep55_f676-744
  Subtask: place the green cube onto the target
  Frames: 676 - 744
============================================================
  Loaded 69 frames
  Prefix scoring: 59.1s
  Rewards: [0.11, 0.26, 0.79, 0.32, 0.42, 1.0, 0.84, 0.0]
  Failed regions: [[23, 41]]
  Successful interval: 29-50
  Keyframes: [2, 29, 50, 51, 67]
  Success detected: True
  Confidence: 0.78

--- Segment 413/734 ---

============================================================
Segment: PickXtimes_ep55_f745-801
  Subtask: press the button to stop
  Frames: 745 - 801
============================================================
  Loaded 57 frames
  Prefix scoring: 57.8s
  Rewards: [0.0, 0.13, 0.19, 0.23, 0.29, 0.39, 0.23, 1.0]
  Failed regions: [[41, 56]]
  Successful interval: 46-56
  Keyframes: [0, 46, 53, 56]
  Success detected: True
  Confidence: 0.85

--- Segment 414/734 ---

============================================================
Segment: PickXtimes_ep55_f745-840
  Subtask: press the button to stop
  Frames: 745 - 840
============================================================
  Loaded 96 frames
  Prefix scoring: 58.1s
  Rewards: [0.0, 0.12, 0.19, 0.21, 0.45, 0.52, 1.0, 0.64]
  Failed regions: []
  Successful interval: 5-82
  Keyframes: [0, 5, 53, 82, 95]
  Success detected: True
  Confidence: 0.92

--- Segment 415/734 ---

============================================================
Segment: PickXtimes_ep56_f0-109
  Subtask: pick up the green cube for the first time
  Frames: 0 - 109
============================================================
  Loaded 110 frames
  Prefix scoring: 58.3s
  Rewards: [0.04, 0.0, 0.31, 0.53, 0.67, 0.64, 0.73, 1.0]
  Failed regions: []
  Successful interval: 76-109
  Keyframes: [0, 76, 101, 109]
  Success detected: True
  Confidence: 0.64

--- Segment 416/734 ---

============================================================
Segment: PickXtimes_ep56_f110-187
  Subtask: place the green cube onto the target
  Frames: 110 - 187
============================================================
  Loaded 78 frames
  Prefix scoring: 57.2s
  Rewards: [0.0, 0.51, 0.31, 0.6, 0.94, 1.0, 0.94, 0.83]
  Failed regions: [[17, 37]]
  Successful interval: 24-57
  Keyframes: [1, 24, 38, 57, 77]
  Success detected: True
  Confidence: 0.75

--- Segment 417/734 ---

============================================================
Segment: PickXtimes_ep56_f188-258
  Subtask: pick up the green cube for the second time
  Frames: 188 - 258
============================================================
  Loaded 71 frames
  Prefix scoring: 56.9s
  Rewards: [0.0, 0.0, 0.25, 0.5, 0.8, 0.75, 1.0, 0.9]
  Failed regions: []
  Successful interval: 49-61
  Keyframes: [12, 49, 61, 62, 70]
  Success detected: True
  Confidence: 0.59

--- Segment 418/734 ---

============================================================
Segment: PickXtimes_ep56_f259-310
  Subtask: place the green cube onto the target
  Frames: 259 - 310
============================================================
  Loaded 52 frames
  Prefix scoring: 59.9s
  Rewards: [0.0, 0.09, 0.59, 0.77, 0.77, 1.0, 0.86, 1.0]
  Failed regions: [[37, 51]]
  Successful interval: 42-51
  Keyframes: [10, 42, 43, 51]
  Success detected: True
  Confidence: 0.53

--- Segment 419/734 ---

============================================================
Segment: PickXtimes_ep56_f311-383
  Subtask: pick up the green cube for the third time
  Frames: 311 - 383
============================================================
  Loaded 73 frames
  Prefix scoring: 58.2s
  Rewards: [0.05, 0.0, 0.1, 0.33, 0.81, 0.67, 0.43, 1.0]
  Failed regions: [[44, 72]]
  Successful interval: 59-72
  Keyframes: [0, 59, 64, 72]
  Success detected: True
  Confidence: 0.74

--- Segment 420/734 ---

============================================================
Segment: PickXtimes_ep56_f384-438
  Subtask: place the green cube onto the target
  Frames: 384 - 438
============================================================
  Loaded 55 frames
  Prefix scoring: 57.1s
  Rewards: [0.0, 0.29, 0.19, 0.81, 0.86, 0.9, 1.0, 0.9]
  Failed regions: [[12, 26]]
  Successful interval: 17-47
  Keyframes: [0, 17, 47, 48, 54]
  Success detected: True
  Confidence: 0.80

--- Segment 421/734 ---

============================================================
Segment: PickXtimes_ep56_f439-496
  Subtask: press the button to stop
  Frames: 439 - 496
============================================================
  Loaded 58 frames
  Prefix scoring: 56.8s
  Rewards: [0.0, 0.14, 0.57, 0.86, 0.93, 0.71, 1.0, 0.57]
  Failed regions: [[34, 49]]
  Successful interval: 40-49
  Keyframes: [0, 40, 49, 50, 57]
  Success detected: True
  Confidence: 0.59

--- Segment 422/734 ---

============================================================
Segment: PickXtimes_ep56_f439-531
  Subtask: press the button to stop
  Frames: 439 - 531
============================================================
  Loaded 93 frames
  Prefix scoring: 57.0s
  Rewards: [0.5, 0.89, 0.72, 1.0, 0.83, 0.89, 0.61, 0.0]
  Failed regions: [[20, 44], [44, 68]]
  Successful interval: 52-68
  Keyframes: [1, 52, 53, 68, 92]
  Success detected: True
  Confidence: 0.42

--- Segment 423/734 ---

============================================================
Segment: PickXtimes_ep57_f0-108
  Subtask: pick up the blue cube for the first time
  Frames: 0 - 108
============================================================
  Loaded 109 frames
  Prefix scoring: 57.9s
  Rewards: [0.09, 0.0, 0.47, 0.65, 0.65, 0.73, 0.71, 1.0]
  Failed regions: []
  Successful interval: 89-108
  Keyframes: [0, 89, 100, 108]
  Success detected: True
  Confidence: 0.61

--- Segment 424/734 ---

============================================================
Segment: PickXtimes_ep57_f109-192
  Subtask: place the blue cube onto the target
  Frames: 109 - 192
============================================================
  Loaded 84 frames
  Prefix scoring: 57.3s
  Rewards: [0.22, 0.08, 0.0, 0.76, 0.51, 1.0, 0.88, 0.92]
  Failed regions: [[40, 61], [61, 83]]
  Successful interval: 68-83
  Keyframes: [2, 68, 71, 83]
  Success detected: True
  Confidence: 0.46

--- Segment 425/734 ---

============================================================
Segment: PickXtimes_ep57_f193-263
  Subtask: pick up the blue cube for the second time
  Frames: 193 - 263
============================================================
  Loaded 71 frames
  Prefix scoring: 57.0s
  Rewards: [0.03, 0.0, 0.26, 0.43, 0.54, 0.86, 0.71, 1.0]
  Failed regions: [[52, 70]]
  Successful interval: 58-70
  Keyframes: [1, 58, 63, 70]
  Success detected: True
  Confidence: 0.62

--- Segment 426/734 ---

============================================================
Segment: PickXtimes_ep57_f264-324
  Subtask: place the blue cube onto the target
  Frames: 264 - 324
============================================================
  Loaded 61 frames
  Prefix scoring: 58.6s
  Rewards: [0.0, 0.4, 0.6, 0.7, 0.8, 1.0, 0.8, 0.7]
  Failed regions: []
  Successful interval: 3-44
  Keyframes: [2, 3, 18, 44, 59]
  Success detected: True
  Confidence: 0.88

--- Segment 427/734 ---

============================================================
Segment: PickXtimes_ep57_f325-404
  Subtask: pick up the blue cube for the third time
  Frames: 325 - 404
============================================================
  Loaded 80 frames
  Prefix scoring: 56.8s
  Rewards: [0.0, 0.0, 0.27, 0.3, 0.55, 0.76, 0.82, 1.0]
  Failed regions: []
  Successful interval: 14-79
  Keyframes: [11, 14, 67, 79]
  Success detected: True
  Confidence: 0.91

--- Segment 428/734 ---

============================================================
Segment: PickXtimes_ep57_f405-465
  Subtask: place the blue cube onto the target
  Frames: 405 - 465
============================================================
  Loaded 61 frames
  Prefix scoring: 57.0s
  Rewards: [0.0, 0.36, 0.45, 0.45, 0.68, 1.0, 0.91, 0.68]
  Failed regions: []
  Successful interval: 26-44
  Keyframes: [0, 26, 44, 45, 60]
  Success detected: True
  Confidence: 0.70

--- Segment 429/734 ---

============================================================
Segment: PickXtimes_ep57_f466-542
  Subtask: press the button to stop
  Frames: 466 - 542
============================================================
  Loaded 77 frames
  Prefix scoring: 57.7s
  Rewards: [0.0, 0.09, 0.68, 0.41, 0.41, 0.32, 0.82, 1.0]
  Failed regions: [[26, 46], [46, 66]]
  Successful interval: 53-76
  Keyframes: [1, 53, 72, 76]
  Success detected: True
  Confidence: 0.78

--- Segment 430/734 ---

============================================================
Segment: PickXtimes_ep57_f466-580
  Subtask: press the button to stop
  Frames: 466 - 580
============================================================
  Loaded 115 frames
  Prefix scoring: 56.8s
  Rewards: [0.0, 0.36, 0.14, 0.25, 0.75, 0.75, 1.0, 0.75]
  Failed regions: [[25, 69]]
  Successful interval: 79-99
  Keyframes: [0, 79, 99, 100, 114]
  Success detected: True
  Confidence: 0.60

--- Segment 431/734 ---

============================================================
Segment: PickXtimes_ep58_f0-115
  Subtask: pick up the blue cube for the first time
  Frames: 0 - 115
============================================================
  Loaded 116 frames
  Prefix scoring: 57.1s
  Rewards: [0.08, 0.0, 0.56, 0.68, 0.72, 0.7, 0.76, 1.0]
  Failed regions: []
  Successful interval: 80-115
  Keyframes: [3, 80, 102, 115]
  Success detected: True
  Confidence: 0.61

--- Segment 432/734 ---

============================================================
Segment: PickXtimes_ep58_f116-209
  Subtask: place the blue cube onto the target
  Frames: 116 - 209
============================================================
  Loaded 94 frames
  Prefix scoring: 58.5s
  Rewards: [0.0, 0.53, 0.59, 1.0, 0.82, 0.59, 0.53, 0.47]
  Failed regions: []
  Successful interval: 5-45
  Keyframes: [0, 5, 41, 45, 92]
  Success detected: True
  Confidence: 0.89

--- Segment 433/734 ---

============================================================
Segment: PickXtimes_ep58_f210-274
  Subtask: press the button to stop
  Frames: 210 - 274
============================================================
  Loaded 65 frames
  Prefix scoring: 56.8s
  Rewards: [0.0, 0.12, 0.33, 0.42, 0.38, 0.5, 0.12, 1.0]
  Failed regions: [[47, 64]]
  Successful interval: 52-64
  Keyframes: [13, 52, 59, 64]
  Success detected: True
  Confidence: 0.88

--- Segment 434/734 ---

============================================================
Segment: PickXtimes_ep58_f210-315
  Subtask: press the button to stop
  Frames: 210 - 315
============================================================
  Loaded 106 frames
  Prefix scoring: 56.9s
  Rewards: [0.0, 0.19, 0.14, 0.24, 1.0, 0.24, 0.81, 0.29]
  Failed regions: [[64, 91]]
  Successful interval: 72-91
  Keyframes: [19, 72, 88, 91, 105]
  Success detected: True
  Confidence: 0.64

--- Segment 435/734 ---

============================================================
Segment: PickXtimes_ep59_f0-125
  Subtask: pick up the green cube for the first time
  Frames: 0 - 125
============================================================
  Loaded 126 frames
  Prefix scoring: 57.2s
  Rewards: [0.08, 0.0, 0.68, 0.58, 0.61, 0.79, 0.61, 1.0]
  Failed regions: [[44, 92], [92, 125]]
  Successful interval: 102-125
  Keyframes: [0, 102, 112, 125]
  Success detected: True
  Confidence: 0.65

--- Segment 436/734 ---

============================================================
Segment: PickXtimes_ep59_f126-214
  Subtask: place the green cube onto the target
  Frames: 126 - 214
============================================================
  Loaded 89 frames
  Prefix scoring: 58.4s
  Rewards: [0.0, 0.35, 0.6, 0.67, 0.88, 0.79, 0.86, 1.0]
  Failed regions: [[53, 76]]
  Successful interval: 61-88
  Keyframes: [0, 61, 78, 88]
  Success detected: True
  Confidence: 0.56

--- Segment 437/734 ---

============================================================
Segment: PickXtimes_ep59_f215-292
  Subtask: pick up the green cube for the second time
  Frames: 215 - 292
============================================================
  Loaded 78 frames
  Prefix scoring: 57.0s
  Rewards: [0.08, 0.0, 0.27, 0.19, 0.62, 0.65, 0.65, 1.0]
  Failed regions: []
  Successful interval: 64-77
  Keyframes: [0, 64, 67, 77]
  Success detected: True
  Confidence: 0.65

--- Segment 438/734 ---

============================================================
Segment: PickXtimes_ep59_f293-350
  Subtask: place the green cube onto the target
  Frames: 293 - 350
============================================================
  Loaded 58 frames
  Prefix scoring: 56.7s
  Rewards: [0.04, 0.0, 0.61, 0.71, 0.71, 1.0, 1.0, 0.82]
  Failed regions: []
  Successful interval: 32-42
  Keyframes: [10, 32, 42, 43, 57]
  Success detected: True
  Confidence: 0.59

--- Segment 439/734 ---

============================================================
Segment: PickXtimes_ep59_f351-428
  Subtask: pick up the green cube for the third time
  Frames: 351 - 428
============================================================
  Loaded 78 frames
  Prefix scoring: 57.8s
  Rewards: [0.0, 0.04, 0.07, 0.0, 0.33, 0.41, 0.48, 1.0]
  Failed regions: []
  Successful interval: 34-77
  Keyframes: [6, 34, 65, 77]
  Success detected: True
  Confidence: 0.94

--- Segment 440/734 ---

============================================================
Segment: PickXtimes_ep59_f429-486
  Subtask: place the green cube onto the target
  Frames: 429 - 486
============================================================
  Loaded 58 frames
  Prefix scoring: 57.3s
  Rewards: [0.0, 0.35, 0.81, 0.84, 0.84, 0.97, 1.0, 0.77]
  Failed regions: []
  Successful interval: 32-49
  Keyframes: [0, 32, 47, 49, 57]
  Success detected: True
  Confidence: 0.53

--- Segment 441/734 ---

============================================================
Segment: PickXtimes_ep59_f487-564
  Subtask: pick up the green cube for the fourth time
  Frames: 487 - 564
============================================================
  Loaded 78 frames
  Prefix scoring: 56.8s
  Rewards: [0.0, 0.08, 0.17, 0.17, 0.25, 0.54, 0.54, 1.0]
  Failed regions: []
  Successful interval: 64-77
  Keyframes: [0, 64, 67, 77]
  Success detected: True
  Confidence: 0.71

--- Segment 442/734 ---

============================================================
Segment: PickXtimes_ep59_f565-622
  Subtask: place the green cube onto the target
  Frames: 565 - 622
============================================================
  Loaded 58 frames
  Prefix scoring: 56.6s
  Rewards: [0.0, 0.21, 0.69, 0.86, 0.76, 0.93, 1.0, 0.83]
  Failed regions: [[27, 42]]
  Successful interval: 32-49
  Keyframes: [1, 32, 47, 49, 57]
  Success detected: True
  Confidence: 0.56

--- Segment 443/734 ---

============================================================
Segment: PickXtimes_ep59_f623-682
  Subtask: press the button to stop
  Frames: 623 - 682
============================================================
  Loaded 60 frames
  Prefix scoring: 56.6s
  Rewards: [0.0, 0.07, 0.14, 0.14, 0.93, 0.71, 1.0, 0.93]
  Failed regions: [[36, 51]]
  Successful interval: 40-51
  Keyframes: [1, 40, 51, 52, 59]
  Success detected: True
  Confidence: 0.62

--- Segment 444/734 ---

============================================================
Segment: PickXtimes_ep59_f623-719
  Subtask: press the button to stop
  Frames: 623 - 719
============================================================
  Loaded 97 frames
  Prefix scoring: 56.7s
  Rewards: [0.0, 0.04, 0.32, 0.68, 0.72, 0.68, 1.0, 0.96]
  Failed regions: []
  Successful interval: 67-83
  Keyframes: [3, 67, 82, 83, 96]
  Success detected: True
  Confidence: 0.62

--- Segment 445/734 ---

============================================================
Segment: PickXtimes_ep60_f0-112
  Subtask: pick up the blue cube for the first time
  Frames: 0 - 112
============================================================
  Loaded 113 frames
  Prefix scoring: 57.4s
  Rewards: [0.1, 0.0, 0.49, 0.51, 0.61, 0.59, 0.78, 1.0]
  Failed regions: []
  Successful interval: 78-112
  Keyframes: [0, 78, 100, 112]
  Success detected: True
  Confidence: 0.66

--- Segment 446/734 ---

============================================================
Segment: PickXtimes_ep60_f113-195
  Subtask: place the blue cube onto the target
  Frames: 113 - 195
============================================================
  Loaded 83 frames
  Prefix scoring: 56.4s
  Rewards: [0.0, 0.24, 0.3, 0.62, 0.92, 1.0, 0.86, 0.95]
  Failed regions: [[60, 82]]
  Successful interval: 67-82
  Keyframes: [1, 67, 68, 82]
  Success detected: True
  Confidence: 0.48

--- Segment 447/734 ---

============================================================
Segment: PickXtimes_ep60_f196-265
  Subtask: pick up the blue cube for the second time
  Frames: 196 - 265
============================================================
  Loaded 70 frames
  Prefix scoring: 56.5s
  Rewards: [0.0, 0.06, 0.11, 0.22, 0.83, 1.0, 0.83, 0.78]
  Failed regions: []
  Successful interval: 4-51
  Keyframes: [0, 4, 32, 51, 69]
  Success detected: True
  Confidence: 0.90

--- Segment 448/734 ---

============================================================
Segment: PickXtimes_ep60_f266-332
  Subtask: place the blue cube onto the target
  Frames: 266 - 332
============================================================
  Loaded 67 frames
  Prefix scoring: 57.2s
  Rewards: [0.0, 0.32, 0.75, 1.0, 0.89, 0.96, 0.79, 0.75]
  Failed regions: [[31, 48]]
  Successful interval: 37-48
  Keyframes: [4, 37, 48, 49, 66]
  Success detected: True
  Confidence: 0.47

--- Segment 449/734 ---

============================================================
Segment: PickXtimes_ep60_f333-400
  Subtask: press the button to stop
  Frames: 333 - 400
============================================================
  Loaded 68 frames
  Prefix scoring: 56.2s
  Rewards: [0.0, 0.5, 1.0, 0.75, 0.62, 1.0, 0.0, 1.0]
  Failed regions: [[23, 49], [49, 67]]
  Successful interval: 55-67
  Keyframes: [1, 55, 64, 67]
  Success detected: True
  Confidence: 0.88

--- Segment 450/734 ---

============================================================
Segment: PickXtimes_ep60_f333-438
  Subtask: press the button to stop
  Frames: 333 - 438
============================================================
  Loaded 106 frames
  Prefix scoring: 56.7s
  Rewards: [0.12, 1.0, 0.38, 0.75, 0.0, 0.12, 0.12, 0.62]
  Failed regions: []
  Successful interval: 5-23
  Keyframes: [0, 5, 18, 23, 78]
  Success detected: True
  Confidence: 0.87

--- Segment 451/734 ---

============================================================
Segment: PickXtimes_ep61_f0-103
  Subtask: pick up the blue cube for the first time
  Frames: 0 - 103
============================================================
  Loaded 104 frames
  Prefix scoring: 56.7s
  Rewards: [0.07, 0.0, 0.56, 0.66, 0.72, 0.72, 0.97, 1.0]
  Failed regions: []
  Successful interval: 71-103
  Keyframes: [1, 71, 93, 103]
  Success detected: True
  Confidence: 0.59

--- Segment 452/734 ---

============================================================
Segment: PickXtimes_ep61_f104-216
  Subtask: place the blue cube onto the target
  Frames: 104 - 216
============================================================
  Loaded 113 frames
  Prefix scoring: 56.5s
  Rewards: [0.0, 0.9, 0.72, 0.59, 0.44, 0.79, 1.0, 0.79]
  Failed regions: [[25, 83]]
  Successful interval: 63-97
  Keyframes: [0, 63, 64, 97, 112]
  Success detected: True
  Confidence: 0.69

--- Segment 453/734 ---

============================================================
Segment: PickXtimes_ep61_f217-281
  Subtask: press the button to stop
  Frames: 217 - 281
============================================================
  Loaded 65 frames
  Prefix scoring: 56.4s
  Rewards: [0.11, 0.0, 0.26, 0.05, 0.47, 0.42, 0.68, 1.0]
  Failed regions: [[22, 39]]
  Successful interval: 44-64
  Keyframes: [2, 44, 60, 64]
  Success detected: True
  Confidence: 0.76

--- Segment 454/734 ---

============================================================
Segment: PickXtimes_ep61_f217-314
  Subtask: press the button to stop
  Frames: 217 - 314
============================================================
  Loaded 98 frames
  Prefix scoring: 56.6s
  Rewards: [0.0, 0.08, 0.33, 0.71, 0.92, 0.62, 1.0, 0.83]
  Failed regions: [[59, 84]]
  Successful interval: 67-84
  Keyframes: [3, 67, 84, 85, 97]
  Success detected: True
  Confidence: 0.64

--- Segment 455/734 ---

============================================================
Segment: PickXtimes_ep62_f0-101
  Subtask: pick up the red cube for the first time
  Frames: 0 - 101
============================================================
  Loaded 102 frames
  Prefix scoring: 57.2s
  Rewards: [0.0, 0.04, 0.67, 0.76, 0.74, 0.69, 0.98, 1.0]
  Failed regions: []
  Successful interval: 70-101
  Keyframes: [0, 70, 94, 101]
  Success detected: True
  Confidence: 0.60

--- Segment 456/734 ---

============================================================
Segment: PickXtimes_ep62_f102-204
  Subtask: place the red cube onto the target
  Frames: 102 - 204
============================================================
  Loaded 103 frames
  Prefix scoring: 57.6s
  Rewards: [0.0, 0.87, 0.92, 0.92, 0.82, 0.66, 0.97, 1.0]
  Failed regions: [[49, 88]]
  Successful interval: 70-102
  Keyframes: [0, 70, 90, 102]
  Success detected: True
  Confidence: 0.58

--- Segment 457/734 ---

============================================================
Segment: PickXtimes_ep62_f205-283
  Subtask: pick up the red cube for the second time
  Frames: 205 - 283
============================================================
  Loaded 79 frames
  Prefix scoring: 56.6s
  Rewards: [0.0, 0.07, 0.17, 0.3, 0.47, 0.37, 0.53, 1.0]
  Failed regions: [[47, 67]]
  Successful interval: 54-78
  Keyframes: [0, 54, 66, 78]
  Success detected: True
  Confidence: 0.78

--- Segment 458/734 ---

============================================================
Segment: PickXtimes_ep62_f284-350
  Subtask: place the red cube onto the target
  Frames: 284 - 350
============================================================
  Loaded 67 frames
  Prefix scoring: 56.5s
  Rewards: [0.0, 0.28, 0.83, 1.0, 0.79, 1.0, 0.9, 0.41]
  Failed regions: [[31, 48]]
  Successful interval: 37-48
  Keyframes: [4, 37, 48, 49, 66]
  Success detected: True
  Confidence: 0.55

--- Segment 459/734 ---

============================================================
Segment: PickXtimes_ep62_f351-399
  Subtask: press the button to stop
  Frames: 351 - 399
============================================================
  Loaded 49 frames
  Prefix scoring: 56.4s
  Rewards: [0.05, 0.0, 0.4, 0.55, 0.55, 0.75, 0.65, 1.0]
  Failed regions: [[35, 48]]
  Successful interval: 39-48
  Keyframes: [7, 39, 44, 48]
  Success detected: True
  Confidence: 0.64

--- Segment 460/734 ---

============================================================
Segment: PickXtimes_ep62_f351-436
  Subtask: press the button to stop
  Frames: 351 - 436
============================================================
  Loaded 86 frames
  Prefix scoring: 56.5s
  Rewards: [0.0, 0.18, 0.32, 0.59, 0.55, 1.0, 1.0, 0.91]
  Failed regions: []
  Successful interval: 48-63
  Keyframes: [7, 48, 49, 63, 85]
  Success detected: True
  Confidence: 0.67

--- Segment 461/734 ---

============================================================
Segment: PickXtimes_ep63_f0-109
  Subtask: pick up the green cube for the first time
  Frames: 0 - 109
============================================================
  Loaded 110 frames
  Prefix scoring: 57.6s
  Rewards: [0.05, 0.0, 0.49, 0.65, 0.65, 0.6, 0.67, 1.0]
  Failed regions: []
  Successful interval: 76-109
  Keyframes: [0, 76, 101, 109]
  Success detected: True
  Confidence: 0.66

--- Segment 462/734 ---

============================================================
Segment: PickXtimes_ep63_f110-215
  Subtask: place the green cube onto the target
  Frames: 110 - 215
============================================================
  Loaded 106 frames
  Prefix scoring: 57.2s
  Rewards: [0.24, 0.9, 1.0, 1.0, 0.0, 1.0, 0.67, 0.62]
  Failed regions: [[50, 77]]
  Successful interval: 59-77
  Keyframes: [1, 59, 60, 77, 104]
  Success detected: True
  Confidence: 0.86

--- Segment 463/734 ---

============================================================
Segment: PickXtimes_ep63_f216-299
  Subtask: pick up the green cube for the second time
  Frames: 216 - 299
============================================================
  Loaded 84 frames
  Prefix scoring: 56.7s
  Rewards: [0.14, 0.0, 0.24, 0.29, 0.48, 0.67, 0.71, 1.0]
  Failed regions: []
  Successful interval: 14-83
  Keyframes: [0, 14, 70, 83]
  Success detected: True
  Confidence: 0.91

--- Segment 464/734 ---

============================================================
Segment: PickXtimes_ep63_f300-379
  Subtask: place the green cube onto the target
  Frames: 300 - 379
============================================================
  Loaded 80 frames
  Prefix scoring: 57.3s
  Rewards: [0.0, 0.33, 0.63, 0.73, 0.83, 1.0, 0.87, 0.67]
  Failed regions: []
  Successful interval: 4-58
  Keyframes: [1, 4, 23, 58, 78]
  Success detected: True
  Confidence: 0.87

--- Segment 465/734 ---

============================================================
Segment: PickXtimes_ep63_f380-465
  Subtask: pick up the green cube for the third time
  Frames: 380 - 465
============================================================
  Loaded 86 frames
  Prefix scoring: 56.7s
  Rewards: [0.15, 0.0, 0.15, 0.4, 0.6, 0.5, 0.75, 1.0]
  Failed regions: [[52, 74]]
  Successful interval: 59-85
  Keyframes: [3, 59, 70, 85]
  Success detected: True
  Confidence: 0.71

--- Segment 466/734 ---

============================================================
Segment: PickXtimes_ep63_f466-550
  Subtask: place the green cube onto the target
  Frames: 466 - 550
============================================================
  Loaded 85 frames
  Prefix scoring: 57.0s
  Rewards: [0.0, 0.7, 1.0, 0.97, 0.93, 0.93, 0.9, 0.67]
  Failed regions: []
  Successful interval: 4-29
  Keyframes: [3, 4, 26, 29, 84]
  Success detected: True
  Confidence: 0.85

--- Segment 467/734 ---

============================================================
Segment: PickXtimes_ep63_f551-646
  Subtask: pick up the green cube for the fourth time
  Frames: 551 - 646
============================================================
  Loaded 96 frames
  Prefix scoring: 57.2s
  Rewards: [0.07, 0.0, 0.27, 0.53, 0.4, 0.53, 1.0, 0.93]
  Failed regions: [[45, 70]]
  Successful interval: 54-82
  Keyframes: [10, 54, 74, 82, 95]
  Success detected: True
  Confidence: 0.75

--- Segment 468/734 ---

============================================================
Segment: PickXtimes_ep63_f647-735
  Subtask: place the green cube onto the target
  Frames: 647 - 735
============================================================
  Loaded 89 frames
  Prefix scoring: 56.8s
  Rewards: [0.0, 0.55, 0.82, 0.84, 1.0, 0.92, 0.74, 0.53]
  Failed regions: []
  Successful interval: 4-53
  Keyframes: [3, 4, 28, 53, 88]
  Success detected: True
  Confidence: 0.87

--- Segment 469/734 ---

============================================================
Segment: PickXtimes_ep63_f736-790
  Subtask: press the button to stop
  Frames: 736 - 790
============================================================
  Loaded 55 frames
  Prefix scoring: 56.6s
  Rewards: [0.0, 0.13, 0.27, 0.27, 0.2, 0.3, 0.5, 1.0]
  Failed regions: []
  Successful interval: 31-54
  Keyframes: [11, 31, 51, 54]
  Success detected: True
  Confidence: 0.85

--- Segment 470/734 ---

============================================================
Segment: PickXtimes_ep63_f736-832
  Subtask: press the button to stop
  Frames: 736 - 832
============================================================
  Loaded 97 frames
  Prefix scoring: 56.8s
  Rewards: [0.0, 0.19, 0.14, 0.57, 0.76, 0.95, 1.0, 1.0]
  Failed regions: []
  Successful interval: 29-83
  Keyframes: [3, 29, 51, 83, 96]
  Success detected: True
  Confidence: 0.83

--- Segment 471/734 ---

============================================================
Segment: PickXtimes_ep64_f0-112
  Subtask: pick up the blue cube for the first time
  Frames: 0 - 112
============================================================
  Loaded 113 frames
  Prefix scoring: 56.9s
  Rewards: [0.1, 0.0, 0.55, 0.69, 0.63, 0.88, 0.86, 1.0]
  Failed regions: []
  Successful interval: 92-112
  Keyframes: [0, 92, 104, 112]
  Success detected: True
  Confidence: 0.54

--- Segment 472/734 ---

============================================================
Segment: PickXtimes_ep64_f113-194
  Subtask: place the blue cube onto the target
  Frames: 113 - 194
============================================================
  Loaded 82 frames
  Prefix scoring: 56.6s
  Rewards: [0.25, 0.79, 0.0, 0.32, 0.82, 1.0, 1.0, 0.61]
  Failed regions: [[18, 39]]
  Successful interval: 24-60
  Keyframes: [5, 24, 42, 60, 81]
  Success detected: True
  Confidence: 0.88

--- Segment 473/734 ---

============================================================
Segment: PickXtimes_ep64_f195-266
  Subtask: pick up the blue cube for the second time
  Frames: 195 - 266
============================================================
  Loaded 72 frames
  Prefix scoring: 56.6s
  Rewards: [0.05, 0.0, 0.1, 0.38, 1.0, 1.0, 0.9, 0.86]
  Failed regions: []
  Successful interval: 13-43
  Keyframes: [12, 13, 30, 43, 71]
  Success detected: True
  Confidence: 0.89

--- Segment 474/734 ---

============================================================
Segment: PickXtimes_ep64_f267-320
  Subtask: place the blue cube onto the target
  Frames: 267 - 320
============================================================
  Loaded 54 frames
  Prefix scoring: 56.4s
  Rewards: [0.06, 0.0, 0.54, 0.83, 1.0, 0.83, 0.89, 0.71]
  Failed regions: [[32, 46]]
  Successful interval: 37-46
  Keyframes: [2, 37, 46, 47, 53]
  Success detected: True
  Confidence: 0.43

--- Segment 475/734 ---

============================================================
Segment: PickXtimes_ep64_f321-389
  Subtask: press the button to stop
  Frames: 321 - 389
============================================================
  Loaded 69 frames
  Prefix scoring: 56.9s
  Rewards: [0.0, 0.0, 0.81, 0.94, 0.81, 0.75, 0.5, 1.0]
  Failed regions: [[32, 68]]
  Successful interval: 56-68
  Keyframes: [0, 56, 65, 68]
  Success detected: True
  Confidence: 0.68

--- Segment 476/734 ---

============================================================
Segment: PickXtimes_ep64_f321-431
  Subtask: press the button to stop
  Frames: 321 - 431
============================================================
  Loaded 111 frames
  Prefix scoring: 56.9s
  Rewards: [0.0, 0.56, 1.0, 0.44, 0.69, 0.81, 0.75, 0.5]
  Failed regions: [[39, 67]]
  Successful interval: 48-81
  Keyframes: [0, 48, 65, 81, 108]
  Success detected: True
  Confidence: 0.52

--- Segment 477/734 ---

============================================================
Segment: PickXtimes_ep65_f0-101
  Subtask: pick up the red cube for the first time
  Frames: 0 - 101
============================================================
  Loaded 102 frames
  Prefix scoring: 56.7s
  Rewards: [0.06, 0.0, 0.56, 0.71, 0.77, 0.71, 0.9, 1.0]
  Failed regions: []
  Successful interval: 70-101
  Keyframes: [0, 70, 93, 101]
  Success detected: True
  Confidence: 0.60

--- Segment 478/734 ---

============================================================
Segment: PickXtimes_ep65_f102-196
  Subtask: place the red cube onto the target
  Frames: 102 - 196
============================================================
  Loaded 95 frames
  Prefix scoring: 56.5s
  Rewards: [0.0, 0.39, 0.43, 0.89, 0.89, 0.54, 1.0, 0.82]
  Failed regions: [[57, 81]]
  Successful interval: 65-81
  Keyframes: [1, 65, 81, 82, 94]
  Success detected: True
  Confidence: 0.66

--- Segment 479/734 ---

============================================================
Segment: PickXtimes_ep65_f197-276
  Subtask: pick up the red cube for the second time
  Frames: 197 - 276
============================================================
  Loaded 80 frames
  Prefix scoring: 56.6s
  Rewards: [0.14, 0.0, 0.14, 0.19, 0.52, 0.57, 0.52, 1.0]
  Failed regions: []
  Successful interval: 64-79
  Keyframes: [0, 64, 66, 79]
  Success detected: True
  Confidence: 0.71

--- Segment 480/734 ---

============================================================
Segment: PickXtimes_ep65_f277-348
  Subtask: place the red cube onto the target
  Frames: 277 - 348
============================================================
  Loaded 72 frames
  Prefix scoring: 56.4s
  Rewards: [0.0, 0.6, 1.0, 0.94, 1.0, 0.91, 0.8, 0.86]
  Failed regions: [[43, 71]]
  Successful interval: 58-71
  Keyframes: [14, 58, 59, 71]
  Success detected: True
  Confidence: 0.38

--- Segment 481/734 ---

============================================================
Segment: PickXtimes_ep65_f349-395
  Subtask: press the button to stop
  Frames: 349 - 395
============================================================
  Loaded 47 frames
  Prefix scoring: 56.4s
  Rewards: [0.0, 0.35, 0.65, 0.82, 0.82, 0.59, 1.0, 1.0]
  Failed regions: [[28, 40]]
  Successful interval: 32-40
  Keyframes: [1, 32, 40, 41, 46]
  Success detected: True
  Confidence: 0.63

--- Segment 482/734 ---

============================================================
Segment: PickXtimes_ep65_f349-430
  Subtask: press the button to stop
  Frames: 349 - 430
============================================================
  Loaded 82 frames
  Prefix scoring: 56.4s
  Rewards: [0.0, 0.3, 0.5, 0.8, 0.55, 0.9, 1.0, 0.5]
  Failed regions: [[39, 60]]
  Successful interval: 45-70
  Keyframes: [1, 45, 69, 70, 81]
  Success detected: True
  Confidence: 0.67

--- Segment 483/734 ---

============================================================
Segment: PickXtimes_ep66_f0-120
  Subtask: pick up the red cube for the first time
  Frames: 0 - 120
============================================================
  Loaded 121 frames
  Prefix scoring: 57.0s
  Rewards: [0.02, 0.0, 0.61, 0.69, 0.82, 0.88, 1.0, 0.9]
  Failed regions: []
  Successful interval: 21-104
  Keyframes: [0, 21, 74, 104, 120]
  Success detected: True
  Confidence: 0.88

--- Segment 484/734 ---

============================================================
Segment: PickXtimes_ep66_f121-206
  Subtask: place the red cube onto the target
  Frames: 121 - 206
============================================================
  Loaded 86 frames
  Prefix scoring: 57.0s
  Rewards: [0.0, 0.51, 0.38, 0.16, 0.89, 0.76, 1.0, 1.0]
  Failed regions: [[19, 52], [52, 74]]
  Successful interval: 59-74
  Keyframes: [11, 59, 73, 74, 85]
  Success detected: True
  Confidence: 0.58

--- Segment 485/734 ---

============================================================
Segment: PickXtimes_ep66_f207-280
  Subtask: pick up the red cube for the second time
  Frames: 207 - 280
============================================================
  Loaded 74 frames
  Prefix scoring: 56.7s
  Rewards: [0.0, 0.07, 0.1, 0.52, 1.0, 0.66, 0.69, 0.97]
  Failed regions: [[44, 63]]
  Successful interval: 51-73
  Keyframes: [3, 51, 64, 73]
  Success detected: True
  Confidence: 0.60

--- Segment 486/734 ---

============================================================
Segment: PickXtimes_ep66_f281-334
  Subtask: place the red cube onto the target
  Frames: 281 - 334
============================================================
  Loaded 54 frames
  Prefix scoring: 56.5s
  Rewards: [0.05, 0.0, 0.64, 0.9, 0.98, 0.9, 1.0, 0.57]
  Failed regions: []
  Successful interval: 37-46
  Keyframes: [8, 37, 45, 46, 53]
  Success detected: True
  Confidence: 0.51

--- Segment 487/734 ---

============================================================
Segment: PickXtimes_ep66_f335-410
  Subtask: pick up the red cube for the third time
  Frames: 335 - 410
============================================================
  Loaded 76 frames
  Prefix scoring: 56.4s
  Rewards: [0.0, 0.11, 0.41, 0.7, 0.89, 1.0, 0.85, 0.96]
  Failed regions: [[55, 75]]
  Successful interval: 62-75
  Keyframes: [3, 62, 66, 75]
  Success detected: True
  Confidence: 0.50

--- Segment 488/734 ---

============================================================
Segment: PickXtimes_ep66_f411-465
  Subtask: place the red cube onto the target
  Frames: 411 - 465
============================================================
  Loaded 55 frames
  Prefix scoring: 56.4s
  Rewards: [0.0, 0.3, 0.6, 0.95, 0.97, 0.97, 1.0, 0.85]
  Failed regions: []
  Successful interval: 38-47
  Keyframes: [0, 38, 47, 48, 54]
  Success detected: True
  Confidence: 0.47

--- Segment 489/734 ---

============================================================
Segment: PickXtimes_ep66_f466-533
  Subtask: press the button to stop
  Frames: 466 - 533
============================================================
  Loaded 68 frames
  Prefix scoring: 57.1s
  Rewards: [0.0, 0.08, 0.69, 1.0, 1.0, 1.0, 0.65, 0.46]
  Failed regions: []
  Successful interval: 3-32
  Keyframes: [0, 3, 20, 32, 67]
  Success detected: True
  Confidence: 0.88

--- Segment 490/734 ---

============================================================
Segment: PickXtimes_ep66_f466-572
  Subtask: press the button to stop
  Frames: 466 - 572
============================================================
  Loaded 107 frames
  Prefix scoring: 57.6s
  Rewards: [0.0, 0.67, 1.0, 0.81, 0.33, 0.11, 0.33, 0.59]
  Failed regions: []
  Successful interval: 5-37
  Keyframes: [0, 5, 20, 37, 77]
  Success detected: True
  Confidence: 0.90

--- Segment 491/734 ---

============================================================
Segment: PickXtimes_ep67_f0-138
  Subtask: pick up the blue cube for the first time
  Frames: 0 - 138
============================================================
  Loaded 139 frames
  Prefix scoring: 56.9s
  Rewards: [0.1, 0.0, 0.39, 0.41, 0.8, 0.85, 0.73, 1.0]
  Failed regions: [[102, 138]]
  Successful interval: 114-138
  Keyframes: [4, 114, 124, 138]
  Success detected: True
  Confidence: 0.60

--- Segment 492/734 ---

============================================================
Segment: PickXtimes_ep67_f139-241
  Subtask: place the blue cube onto the target
  Frames: 139 - 241
============================================================
  Loaded 103 frames
  Prefix scoring: 57.3s
  Rewards: [0.0, 0.94, 0.85, 0.97, 0.9, 1.0, 0.97, 0.94]
  Failed regions: [[23, 49]]
  Successful interval: 57-75
  Keyframes: [1, 57, 58, 75, 102]
  Success detected: True
  Confidence: 0.47

--- Segment 493/734 ---

============================================================
Segment: PickXtimes_ep67_f242-310
  Subtask: pick up the blue cube for the second time
  Frames: 242 - 310
============================================================
  Loaded 69 frames
  Prefix scoring: 56.9s
  Rewards: [0.0, 0.05, 0.25, 0.1, 0.15, 0.4, 0.65, 1.0]
  Failed regions: [[23, 41]]
  Successful interval: 29-68
  Keyframes: [7, 29, 30, 68]
  Success detected: True
  Confidence: 0.90

--- Segment 494/734 ---

============================================================
Segment: PickXtimes_ep67_f311-374
  Subtask: place the blue cube onto the target
  Frames: 311 - 374
============================================================
  Loaded 64 frames
  Prefix scoring: 56.6s
  Rewards: [0.0, 0.48, 0.86, 0.86, 1.0, 0.98, 0.48, 0.48]
  Failed regions: []
  Successful interval: 27-38
  Keyframes: [4, 27, 31, 38, 63]
  Success detected: True
  Confidence: 0.53

--- Segment 495/734 ---

============================================================
Segment: PickXtimes_ep67_f375-443
  Subtask: pick up the blue cube for the third time
  Frames: 375 - 443
============================================================
  Loaded 69 frames
  Prefix scoring: 56.6s
  Rewards: [0.0, 0.1, 0.24, 0.24, 0.33, 0.62, 0.81, 1.0]
  Failed regions: []
  Successful interval: 29-68
  Keyframes: [5, 29, 30, 68]
  Success detected: True
  Confidence: 0.82

--- Segment 496/734 ---

============================================================
Segment: PickXtimes_ep67_f444-507
  Subtask: place the blue cube onto the target
  Frames: 444 - 507
============================================================
  Loaded 64 frames
  Prefix scoring: 56.6s
  Rewards: [0.0, 0.53, 0.87, 0.85, 0.94, 1.0, 0.55, 0.57]
  Failed regions: []
  Successful interval: 27-46
  Keyframes: [2, 27, 46, 47, 63]
  Success detected: True
  Confidence: 0.53

--- Segment 497/734 ---

============================================================
Segment: PickXtimes_ep67_f508-578
  Subtask: pick up the blue cube for the fourth time
  Frames: 508 - 578
============================================================
  Loaded 71 frames
  Prefix scoring: 56.5s
  Rewards: [0.0, 0.11, 0.42, 0.21, 0.79, 0.89, 0.79, 1.0]
  Failed regions: [[25, 52], [52, 70]]
  Successful interval: 58-70
  Keyframes: [5, 58, 62, 70]
  Success detected: True
  Confidence: 0.58

--- Segment 498/734 ---

============================================================
Segment: PickXtimes_ep67_f579-644
  Subtask: place the blue cube onto the target
  Frames: 579 - 644
============================================================
  Loaded 66 frames
  Prefix scoring: 56.5s
  Rewards: [0.0, 0.23, 0.67, 0.75, 1.0, 1.0, 0.75, 0.61]
  Failed regions: []
  Successful interval: 3-39
  Keyframes: [2, 3, 17, 39, 63]
  Success detected: True
  Confidence: 0.87

--- Segment 499/734 ---

============================================================
Segment: PickXtimes_ep67_f645-713
  Subtask: pick up the blue cube for the fifth time
  Frames: 645 - 713
============================================================
  Loaded 69 frames
  Prefix scoring: 56.5s
  Rewards: [0.0, 0.05, 0.37, 0.42, 0.32, 0.47, 1.0, 1.0]
  Failed regions: [[32, 50]]
  Successful interval: 38-59
  Keyframes: [12, 38, 59, 60, 68]
  Success detected: True
  Confidence: 0.78

--- Segment 500/734 ---

============================================================
Segment: PickXtimes_ep67_f714-778
  Subtask: place the blue cube onto the target
  Frames: 714 - 778
============================================================
  Loaded 65 frames
  Prefix scoring: 57.1s
  Rewards: [0.0, 0.33, 0.79, 0.86, 0.91, 1.0, 0.74, 0.52]
  Failed regions: []
  Successful interval: 3-47
  Keyframes: [2, 3, 16, 47, 63]
  Success detected: True
  Confidence: 0.87

--- Segment 501/734 ---

============================================================
Segment: PickXtimes_ep67_f779-849
  Subtask: press the button to stop
  Frames: 779 - 849
============================================================
  Loaded 71 frames
  Prefix scoring: 56.4s
  Rewards: [0.0, 0.0, 0.62, 0.81, 0.76, 0.76, 0.67, 1.0]
  Failed regions: [[52, 70]]
  Successful interval: 58-70
  Keyframes: [0, 58, 66, 70]
  Success detected: True
  Confidence: 0.62

--- Segment 502/734 ---

============================================================
Segment: PickXtimes_ep67_f779-889
  Subtask: press the button to stop
  Frames: 779 - 889
============================================================
  Loaded 111 frames
  Prefix scoring: 57.5s
  Rewards: [0.0, 0.58, 0.68, 0.58, 1.0, 0.16, 0.0, 0.58]
  Failed regions: [[39, 67]]
  Successful interval: 48-67
  Keyframes: [0, 48, 66, 67, 109]
  Success detected: True
  Confidence: 0.68

--- Segment 503/734 ---

============================================================
Segment: PickXtimes_ep68_f0-104
  Subtask: pick up the blue cube for the first time
  Frames: 0 - 104
============================================================
  Loaded 105 frames
  Prefix scoring: 57.3s
  Rewards: [0.16, 0.0, 0.67, 0.77, 0.67, 0.7, 0.82, 1.0]
  Failed regions: [[50, 77]]
  Successful interval: 58-104
  Keyframes: [3, 58, 66, 104]
  Success detected: True
  Confidence: 0.61

--- Segment 504/734 ---

============================================================
Segment: PickXtimes_ep68_f105-195
  Subtask: place the blue cube onto the target
  Frames: 105 - 195
============================================================
  Loaded 91 frames
  Prefix scoring: 56.9s
  Rewards: [0.13, 0.29, 0.0, 0.55, 0.87, 1.0, 0.84, 0.66]
  Failed regions: [[20, 43]]
  Successful interval: 28-66
  Keyframes: [0, 28, 46, 66, 90]
  Success detected: True
  Confidence: 0.89

--- Segment 505/734 ---

============================================================
Segment: PickXtimes_ep68_f196-265
  Subtask: pick up the blue cube for the second time
  Frames: 196 - 265
============================================================
  Loaded 70 frames
  Prefix scoring: 56.6s
  Rewards: [0.06, 0.06, 0.0, 0.24, 0.65, 0.76, 0.59, 1.0]
  Failed regions: [[51, 69]]
  Successful interval: 57-69
  Keyframes: [0, 57, 61, 69]
  Success detected: True
  Confidence: 0.68

--- Segment 506/734 ---

============================================================
Segment: PickXtimes_ep68_f266-321
  Subtask: place the blue cube onto the target
  Frames: 266 - 321
============================================================
  Loaded 56 frames
  Prefix scoring: 56.4s
  Rewards: [0.0, 0.14, 0.38, 0.69, 0.86, 1.0, 0.83, 0.86]
  Failed regions: [[40, 55]]
  Successful interval: 45-55
  Keyframes: [11, 45, 46, 55]
  Success detected: True
  Confidence: 0.41

--- Segment 507/734 ---

============================================================
Segment: PickXtimes_ep68_f322-392
  Subtask: pick up the blue cube for the third time
  Frames: 322 - 392
============================================================
  Loaded 71 frames
  Prefix scoring: 56.4s
  Rewards: [0.18, 0.0, 0.18, 0.35, 0.88, 0.76, 0.59, 1.0]
  Failed regions: [[43, 70]]
  Successful interval: 58-70
  Keyframes: [0, 58, 62, 70]
  Success detected: True
  Confidence: 0.67

--- Segment 508/734 ---

============================================================
Segment: PickXtimes_ep68_f393-447
  Subtask: place the blue cube onto the target
  Frames: 393 - 447
============================================================
  Loaded 55 frames
  Prefix scoring: 56.9s
  Rewards: [0.0, 0.14, 0.54, 0.75, 0.82, 1.0, 0.79, 0.68]
  Failed regions: []
  Successful interval: 3-40
  Keyframes: [2, 3, 16, 40, 54]
  Success detected: True
  Confidence: 0.88

--- Segment 509/734 ---

============================================================
Segment: PickXtimes_ep68_f448-514
  Subtask: press the button to stop
  Frames: 448 - 514
============================================================
  Loaded 67 frames
  Prefix scoring: 56.3s
  Rewards: [0.0, 0.2, 0.6, 0.47, 0.67, 0.47, 0.8, 1.0]
  Failed regions: [[23, 40], [40, 57]]
  Successful interval: 45-66
  Keyframes: [1, 45, 63, 66]
  Success detected: True
  Confidence: 0.71

--- Segment 510/734 ---

============================================================
Segment: PickXtimes_ep68_f448-554
  Subtask: press the button to stop
  Frames: 448 - 554
============================================================
  Loaded 107 frames
  Prefix scoring: 57.9s
  Rewards: [0.0, 0.6, 0.47, 0.67, 0.93, 0.47, 1.0, 0.67]
  Failed regions: [[23, 64], [64, 92]]
  Successful interval: 73-92
  Keyframes: [1, 73, 92, 93, 106]
  Success detected: True
  Confidence: 0.69

--- Segment 511/734 ---

============================================================
Segment: PickXtimes_ep69_f0-133
  Subtask: pick up the blue cube for the first time
  Frames: 0 - 133
============================================================
  Loaded 134 frames
  Prefix scoring: 57.3s
  Rewards: [0.1, 0.0, 0.21, 0.26, 0.69, 0.79, 0.92, 1.0]
  Failed regions: []
  Successful interval: 24-133
  Keyframes: [1, 24, 117, 133]
  Success detected: True
  Confidence: 0.90

--- Segment 512/734 ---

============================================================
Segment: PickXtimes_ep69_f134-226
  Subtask: place the blue cube onto the target
  Frames: 134 - 226
============================================================
  Loaded 93 frames
  Prefix scoring: 56.5s
  Rewards: [0.0, 0.58, 0.7, 0.91, 0.96, 0.94, 0.98, 1.0]
  Failed regions: []
  Successful interval: 64-92
  Keyframes: [0, 64, 85, 92]
  Success detected: True
  Confidence: 0.47

--- Segment 513/734 ---

============================================================
Segment: PickXtimes_ep69_f227-298
  Subtask: pick up the blue cube for the second time
  Frames: 227 - 298
============================================================
  Loaded 72 frames
  Prefix scoring: 56.5s
  Rewards: [0.0, 0.14, 0.05, 0.5, 1.0, 0.91, 0.91, 0.95]
  Failed regions: [[43, 61], [43, 71]]
  Successful interval: 58-71
  Keyframes: [0, 58, 63, 71]
  Success detected: True
  Confidence: 0.48

--- Segment 514/734 ---

============================================================
Segment: PickXtimes_ep69_f299-352
  Subtask: place the blue cube onto the target
  Frames: 299 - 352
============================================================
  Loaded 54 frames
  Prefix scoring: 56.6s
  Rewards: [0.0, 0.05, 0.6, 1.0, 0.9, 0.8, 0.8, 0.8]
  Failed regions: []
  Successful interval: 3-25
  Keyframes: [2, 3, 15, 25, 53]
  Success detected: True
  Confidence: 0.88

--- Segment 515/734 ---

============================================================
Segment: PickXtimes_ep69_f353-424
  Subtask: pick up the blue cube for the third time
  Frames: 353 - 424
============================================================
  Loaded 72 frames
  Prefix scoring: 56.7s
  Rewards: [0.0, 0.13, 0.13, 0.26, 1.0, 0.91, 0.87, 0.96]
  Failed regions: [[43, 71]]
  Successful interval: 58-71
  Keyframes: [1, 58, 62, 71]
  Success detected: True
  Confidence: 0.50

--- Segment 516/734 ---

============================================================
Segment: PickXtimes_ep69_f425-477
  Subtask: place the blue cube onto the target
  Frames: 425 - 477
============================================================
  Loaded 53 frames
  Prefix scoring: 56.3s
  Rewards: [0.0, 0.53, 0.3, 1.0, 1.0, 0.83, 0.93, 0.73]
  Failed regions: [[11, 25], [31, 45]]
  Successful interval: 36-45
  Keyframes: [7, 36, 45, 46, 52]
  Success detected: True
  Confidence: 0.47

--- Segment 517/734 ---

============================================================
Segment: PickXtimes_ep69_f478-550
  Subtask: press the button to stop
  Frames: 478 - 550
============================================================
  Loaded 73 frames
  Prefix scoring: 56.9s
  Rewards: [0.0, 0.17, 1.0, 0.42, 0.08, 0.5, 0.17, 0.92]
  Failed regions: [[25, 53], [53, 72]]
  Successful interval: 59-72
  Keyframes: [0, 59, 68, 72]
  Success detected: True
  Confidence: 0.77

--- Segment 518/734 ---

============================================================
Segment: PickXtimes_ep69_f478-590
  Subtask: press the button to stop
  Frames: 478 - 590
============================================================
  Loaded 113 frames
  Prefix scoring: 56.7s
  Rewards: [0.0, 0.6, 0.13, 0.2, 0.87, 0.07, 1.0, 0.6]
  Failed regions: [[25, 68], [68, 97]]
  Successful interval: 78-97
  Keyframes: [0, 78, 97, 98, 112]
  Success detected: True
  Confidence: 0.89

--- Segment 519/734 ---

============================================================
Segment: PickXtimes_ep70_f0-116
  Subtask: pick up the red cube for the first time
  Frames: 0 - 116
============================================================
  Loaded 117 frames
  Prefix scoring: 56.9s
  Rewards: [0.09, 0.0, 0.61, 0.59, 0.68, 0.84, 0.86, 1.0]
  Failed regions: []
  Successful interval: 51-116
  Keyframes: [1, 51, 105, 116]
  Success detected: True
  Confidence: 0.65

--- Segment 520/734 ---

============================================================
Segment: PickXtimes_ep70_f117-197
  Subtask: place the red cube onto the target
  Frames: 117 - 197
============================================================
  Loaded 81 frames
  Prefix scoring: 56.4s
  Rewards: [0.24, 0.0, 0.38, 0.44, 1.0, 1.0, 0.97, 1.0]
  Failed regions: []
  Successful interval: 65-80
  Keyframes: [0, 65, 68, 80]
  Success detected: True
  Confidence: 0.49

--- Segment 521/734 ---

============================================================
Segment: PickXtimes_ep70_f198-265
  Subtask: press the button to stop
  Frames: 198 - 265
============================================================
  Loaded 68 frames
  Prefix scoring: 56.5s
  Rewards: [0.0, 0.2, 0.4, 0.6, 0.7, 0.93, 1.0, 0.67]
  Failed regions: []
  Successful interval: 3-58
  Keyframes: [1, 3, 19, 58, 67]
  Success detected: True
  Confidence: 0.89

--- Segment 522/734 ---

============================================================
Segment: PickXtimes_ep70_f198-302
  Subtask: press the button to stop
  Frames: 198 - 302
============================================================
  Loaded 105 frames
  Prefix scoring: 56.7s
  Rewards: [0.0, 0.28, 0.79, 0.79, 0.48, 0.69, 1.0, 0.76]
  Failed regions: [[50, 77]]
  Successful interval: 58-90
  Keyframes: [0, 58, 63, 90, 104]
  Success detected: True
  Confidence: 0.69

--- Segment 523/734 ---

============================================================
Segment: PickXtimes_ep71_f0-115
  Subtask: pick up the blue cube for the first time
  Frames: 0 - 115
============================================================
  Loaded 116 frames
  Prefix scoring: 57.2s
  Rewards: [0.11, 0.0, 0.73, 0.76, 0.73, 0.73, 0.93, 1.0]
  Failed regions: []
  Successful interval: 80-115
  Keyframes: [0, 80, 102, 115]
  Success detected: True
  Confidence: 0.58

--- Segment 524/734 ---

============================================================
Segment: PickXtimes_ep71_f116-220
  Subtask: place the blue cube onto the target
  Frames: 116 - 220
============================================================
  Loaded 105 frames
  Prefix scoring: 56.8s
  Rewards: [0.14, 0.45, 0.45, 1.0, 0.24, 0.38, 0.83, 0.0]
  Failed regions: [[50, 77]]
  Successful interval: 58-90
  Keyframes: [0, 58, 90, 91, 104]
  Success detected: True
  Confidence: 0.64

--- Segment 525/734 ---

============================================================
Segment: PickXtimes_ep71_f221-302
  Subtask: pick up the blue cube for the second time
  Frames: 221 - 302
============================================================
  Loaded 82 frames
  Prefix scoring: 56.5s
  Rewards: [0.06, 0.0, 0.35, 0.35, 0.47, 0.82, 0.82, 1.0]
  Failed regions: []
  Successful interval: 66-81
  Keyframes: [9, 66, 67, 81]
  Success detected: True
  Confidence: 0.57

--- Segment 526/734 ---

============================================================
Segment: PickXtimes_ep71_f303-376
  Subtask: place the blue cube onto the target
  Frames: 303 - 376
============================================================
  Loaded 74 frames
  Prefix scoring: 56.6s
  Rewards: [0.0, 0.19, 0.45, 0.43, 0.67, 0.64, 1.0, 0.38]
  Failed regions: []
  Successful interval: 51-63
  Keyframes: [7, 51, 59, 63, 73]
  Success detected: True
  Confidence: 0.65

--- Segment 527/734 ---

============================================================
Segment: PickXtimes_ep71_f377-465
  Subtask: pick up the blue cube for the third time
  Frames: 377 - 465
============================================================
  Loaded 89 frames
  Prefix scoring: 56.6s
  Rewards: [0.0, 0.11, 0.21, 0.47, 0.53, 0.42, 0.68, 1.0]
  Failed regions: [[53, 76]]
  Successful interval: 61-88
  Keyframes: [2, 61, 72, 88]
  Success detected: True
  Confidence: 0.75

--- Segment 528/734 ---

============================================================
Segment: PickXtimes_ep71_f466-543
  Subtask: place the blue cube onto the target
  Frames: 466 - 543
============================================================
  Loaded 78 frames
  Prefix scoring: 56.6s
  Rewards: [0.0, 0.09, 0.65, 0.65, 1.0, 0.78, 0.96, 0.57]
  Failed regions: [[47, 67]]
  Successful interval: 54-67
  Keyframes: [0, 54, 55, 67, 77]
  Success detected: True
  Confidence: 0.53

--- Segment 529/734 ---

============================================================
Segment: PickXtimes_ep71_f544-629
  Subtask: pick up the blue cube for the fourth time
  Frames: 544 - 629
============================================================
  Loaded 86 frames
  Prefix scoring: 56.7s
  Rewards: [0.0, 0.18, 0.35, 0.41, 0.53, 0.35, 1.0, 1.0]
  Failed regions: [[52, 74]]
  Successful interval: 59-74
  Keyframes: [3, 59, 70, 74, 85]
  Success detected: True
  Confidence: 0.76

--- Segment 530/734 ---

============================================================
Segment: PickXtimes_ep71_f630-712
  Subtask: place the blue cube onto the target
  Frames: 630 - 712
============================================================
  Loaded 83 frames
  Prefix scoring: 57.9s
  Rewards: [0.0, 0.09, 0.59, 0.45, 1.0, 0.91, 0.91, 0.23]
  Failed regions: [[29, 50]]
  Successful interval: 35-50
  Keyframes: [5, 35, 36, 50, 82]
  Success detected: True
  Confidence: 0.71

--- Segment 531/734 ---

============================================================
Segment: PickXtimes_ep71_f713-786
  Subtask: press the button to stop
  Frames: 713 - 786
============================================================
  Loaded 74 frames
  Prefix scoring: 56.4s
  Rewards: [0.0, 0.09, 0.09, 0.06, 0.23, 0.51, 0.37, 1.0]
  Failed regions: [[54, 73]]
  Successful interval: 60-73
  Keyframes: [6, 60, 68, 73]
  Success detected: True
  Confidence: 0.79

--- Segment 532/734 ---

============================================================
Segment: PickXtimes_ep71_f713-823
  Subtask: press the button to stop
  Frames: 713 - 823
============================================================
  Loaded 111 frames
  Prefix scoring: 56.7s
  Rewards: [0.06, 0.11, 0.0, 0.5, 0.58, 0.89, 0.83, 1.0]
  Failed regions: []
  Successful interval: 90-110
  Keyframes: [9, 90, 96, 110]
  Success detected: True
  Confidence: 0.57

--- Segment 533/734 ---

============================================================
Segment: PickXtimes_ep72_f0-109
  Subtask: pick up the blue cube for the first time
  Frames: 0 - 109
============================================================
  Loaded 110 frames
  Prefix scoring: 56.7s
  Rewards: [0.09, 0.0, 0.53, 0.63, 0.65, 0.79, 0.72, 1.0]
  Failed regions: []
  Successful interval: 90-109
  Keyframes: [0, 90, 101, 109]
  Success detected: True
  Confidence: 0.60

--- Segment 534/734 ---

============================================================
Segment: PickXtimes_ep72_f110-182
  Subtask: place the blue cube onto the target
  Frames: 110 - 182
============================================================
  Loaded 73 frames
  Prefix scoring: 57.1s
  Rewards: [0.0, 0.67, 0.52, 0.7, 1.0, 0.88, 0.82, 0.67]
  Failed regions: [[16, 34]]
  Successful interval: 22-44
  Keyframes: [2, 22, 33, 44, 72]
  Success detected: True
  Confidence: 0.66

--- Segment 535/734 ---

============================================================
Segment: PickXtimes_ep72_f183-241
  Subtask: press the button to stop
  Frames: 183 - 241
============================================================
  Loaded 59 frames
  Prefix scoring: 56.4s
  Rewards: [0.0, 0.36, 0.45, 1.0, 0.77, 0.73, 0.55, 0.55]
  Failed regions: []
  Successful interval: 3-27
  Keyframes: [1, 3, 11, 27, 56]
  Success detected: True
  Confidence: 0.89

--- Segment 536/734 ---

============================================================
Segment: PickXtimes_ep72_f183-278
  Subtask: press the button to stop
  Frames: 183 - 278
============================================================
  Loaded 96 frames
  Prefix scoring: 56.6s
  Rewards: [0.0, 0.76, 1.0, 0.76, 0.65, 0.35, 0.82, 0.53]
  Failed regions: [[33, 82]]
  Successful interval: 66-82
  Keyframes: [1, 66, 82, 83, 95]
  Success detected: True
  Confidence: 0.56

--- Segment 537/734 ---

============================================================
Segment: PickXtimes_ep73_f0-113
  Subtask: pick up the blue cube for the first time
  Frames: 0 - 113
============================================================
  Loaded 114 frames
  Prefix scoring: 57.0s
  Rewards: [0.09, 0.0, 0.33, 0.73, 0.8, 0.7, 0.86, 1.0]
  Failed regions: [[69, 98]]
  Successful interval: 78-113
  Keyframes: [1, 78, 99, 113]
  Success detected: True
  Confidence: 0.61

--- Segment 538/734 ---

============================================================
Segment: PickXtimes_ep73_f114-200
  Subtask: place the blue cube onto the target
  Frames: 114 - 200
============================================================
  Loaded 87 frames
  Prefix scoring: 57.8s
  Rewards: [0.0, 0.27, 0.12, 0.63, 0.84, 0.98, 0.92, 1.0]
  Failed regions: [[19, 63]]
  Successful interval: 70-86
  Keyframes: [1, 70, 74, 86]
  Success detected: True
  Confidence: 0.51

--- Segment 539/734 ---

============================================================
Segment: PickXtimes_ep73_f201-270
  Subtask: pick up the blue cube for the second time
  Frames: 201 - 270
============================================================
  Loaded 70 frames
  Prefix scoring: 57.7s
  Rewards: [0.08, 0.0, 0.24, 0.24, 0.8, 0.76, 0.96, 1.0]
  Failed regions: []
  Successful interval: 48-69
  Keyframes: [4, 48, 62, 69]
  Success detected: True
  Confidence: 0.59

--- Segment 540/734 ---

============================================================
Segment: PickXtimes_ep73_f271-332
  Subtask: place the blue cube onto the target
  Frames: 271 - 332
============================================================
  Loaded 62 frames
  Prefix scoring: 56.7s
  Rewards: [0.0, 0.11, 0.5, 1.0, 0.89, 1.0, 0.67, 0.94]
  Failed regions: [[29, 45], [45, 61]]
  Successful interval: 50-61
  Keyframes: [12, 50, 51, 61]
  Success detected: True
  Confidence: 0.55

--- Segment 541/734 ---

============================================================
Segment: PickXtimes_ep73_f333-402
  Subtask: pick up the blue cube for the third time
  Frames: 333 - 402
============================================================
  Loaded 70 frames
  Prefix scoring: 56.4s
  Rewards: [0.17, 0.21, 0.0, 0.38, 0.69, 0.72, 0.86, 1.0]
  Failed regions: []
  Successful interval: 21-69
  Keyframes: [8, 21, 32, 69]
  Success detected: True
  Confidence: 0.90

--- Segment 542/734 ---

============================================================
Segment: PickXtimes_ep73_f403-465
  Subtask: place the blue cube onto the target
  Frames: 403 - 465
============================================================
  Loaded 63 frames
  Prefix scoring: 56.2s
  Rewards: [0.0, 0.09, 0.68, 0.86, 0.55, 1.0, 0.55, 0.41]
  Failed regions: [[30, 46]]
  Successful interval: 35-46
  Keyframes: [11, 35, 46, 47, 62]
  Success detected: True
  Confidence: 0.68

--- Segment 543/734 ---

============================================================
Segment: PickXtimes_ep73_f466-519
  Subtask: press the button to stop
  Frames: 466 - 519
============================================================
  Loaded 54 frames
  Prefix scoring: 56.2s
  Rewards: [0.2, 0.0, 0.4, 0.8, 0.8, 1.0, 0.6, 0.4]
  Failed regions: []
  Successful interval: 30-39
  Keyframes: [0, 30, 39, 40, 53]
  Success detected: True
  Confidence: 0.57

--- Segment 544/734 ---

============================================================
Segment: PickXtimes_ep73_f466-559
  Subtask: press the button to stop
  Frames: 466 - 559
============================================================
  Loaded 94 frames
  Prefix scoring: 56.5s
  Rewards: [0.0, 0.38, 0.75, 0.88, 0.5, 0.75, 1.0, 0.25]
  Failed regions: [[45, 69]]
  Successful interval: 53-81
  Keyframes: [0, 53, 81, 82, 93]
  Success detected: True
  Confidence: 0.69

--- Segment 545/734 ---

============================================================
Segment: PickXtimes_ep74_f0-102
  Subtask: pick up the blue cube for the first time
  Frames: 0 - 102
============================================================
  Loaded 103 frames
  Prefix scoring: 56.8s
  Rewards: [0.17, 0.0, 0.79, 0.9, 0.79, 0.73, 0.88, 1.0]
  Failed regions: [[49, 88]]
  Successful interval: 70-102
  Keyframes: [0, 70, 94, 102]
  Success detected: True
  Confidence: 0.58

--- Segment 546/734 ---

============================================================
Segment: PickXtimes_ep74_f103-190
  Subtask: place the blue cube onto the target
  Frames: 103 - 190
============================================================
  Loaded 88 frames
  Prefix scoring: 56.2s
  Rewards: [0.0, 0.34, 0.52, 0.36, 1.0, 0.84, 0.76, 0.92]
  Failed regions: [[30, 53], [53, 87]]
  Successful interval: 71-87
  Keyframes: [0, 71, 72, 87]
  Success detected: True
  Confidence: 0.50

--- Segment 547/734 ---

============================================================
Segment: PickXtimes_ep74_f191-260
  Subtask: pick up the blue cube for the second time
  Frames: 191 - 260
============================================================
  Loaded 70 frames
  Prefix scoring: 56.4s
  Rewards: [0.0, 0.0, 0.41, 0.32, 0.73, 0.77, 0.95, 1.0]
  Failed regions: [[24, 42]]
  Successful interval: 30-69
  Keyframes: [0, 30, 31, 69]
  Success detected: True
  Confidence: 0.77

--- Segment 548/734 ---

============================================================
Segment: PickXtimes_ep74_f261-316
  Subtask: place the blue cube onto the target
  Frames: 261 - 316
============================================================
  Loaded 56 frames
  Prefix scoring: 56.2s
  Rewards: [0.0, 0.6, 0.3, 0.6, 1.0, 0.98, 0.7, 0.86]
  Failed regions: [[12, 33], [33, 55]]
  Successful interval: 45-55
  Keyframes: [11, 45, 46, 55]
  Success detected: True
  Confidence: 0.46

--- Segment 549/734 ---

============================================================
Segment: PickXtimes_ep74_f317-386
  Subtask: pick up the blue cube for the third time
  Frames: 317 - 386
============================================================
  Loaded 70 frames
  Prefix scoring: 56.4s
  Rewards: [0.0, 0.0, 0.22, 0.72, 0.78, 0.67, 1.0, 0.89]
  Failed regions: [[42, 60]]
  Successful interval: 48-60
  Keyframes: [13, 48, 60, 61, 69]
  Success detected: True
  Confidence: 0.63

--- Segment 550/734 ---

============================================================
Segment: PickXtimes_ep74_f387-453
  Subtask: place the blue cube onto the target
  Frames: 387 - 453
============================================================
  Loaded 67 frames
  Prefix scoring: 56.4s
  Rewards: [0.0, 0.02, 0.98, 0.85, 0.85, 1.0, 0.45, 0.55]
  Failed regions: [[23, 40], [23, 48]]
  Successful interval: 37-48
  Keyframes: [4, 37, 48, 49, 66]
  Success detected: True
  Confidence: 0.54

--- Segment 551/734 ---

============================================================
Segment: PickXtimes_ep74_f454-511
  Subtask: press the button to stop
  Frames: 454 - 511
============================================================
  Loaded 58 frames
  Prefix scoring: 56.8s
  Rewards: [0.0, 0.38, 0.56, 1.0, 0.91, 0.65, 0.53, 0.35]
  Failed regions: []
  Successful interval: 3-27
  Keyframes: [1, 3, 9, 27, 57]
  Success detected: True
  Confidence: 0.89

--- Segment 552/734 ---

============================================================
Segment: PickXtimes_ep74_f454-545
  Subtask: press the button to stop
  Frames: 454 - 545
============================================================
  Loaded 92 frames
  Prefix scoring: 56.5s
  Rewards: [0.0, 0.58, 1.0, 0.71, 0.81, 0.32, 0.77, 0.74]
  Failed regions: [[32, 55]]
  Successful interval: 40-55
  Keyframes: [1, 40, 53, 55, 91]
  Success detected: True
  Confidence: 0.40

--- Segment 553/734 ---

============================================================
Segment: PickXtimes_ep75_f0-112
  Subtask: pick up the red cube for the first time
  Frames: 0 - 112
============================================================
  Loaded 113 frames
  Prefix scoring: 56.6s
  Rewards: [0.14, 0.0, 0.47, 0.63, 0.75, 0.73, 0.84, 1.0]
  Failed regions: []
  Successful interval: 78-112
  Keyframes: [0, 78, 99, 112]
  Success detected: True
  Confidence: 0.60

--- Segment 554/734 ---

============================================================
Segment: PickXtimes_ep75_f113-200
  Subtask: place the red cube onto the target
  Frames: 113 - 200
============================================================
  Loaded 88 frames
  Prefix scoring: 56.3s
  Rewards: [0.04, 0.0, 0.04, 0.04, 0.58, 0.88, 0.83, 1.0]
  Failed regions: []
  Successful interval: 71-87
  Keyframes: [2, 71, 72, 87]
  Success detected: True
  Confidence: 0.58

--- Segment 555/734 ---

============================================================
Segment: PickXtimes_ep75_f201-271
  Subtask: pick up the red cube for the second time
  Frames: 201 - 271
============================================================
  Loaded 71 frames
  Prefix scoring: 56.4s
  Rewards: [0.0, 0.04, 0.22, 0.22, 0.48, 0.7, 1.0, 1.0]
  Failed regions: []
  Successful interval: 31-61
  Keyframes: [14, 31, 32, 61, 70]
  Success detected: True
  Confidence: 0.82

--- Segment 556/734 ---

============================================================
Segment: PickXtimes_ep75_f272-337
  Subtask: place the red cube onto the target
  Frames: 272 - 337
============================================================
  Loaded 66 frames
  Prefix scoring: 56.4s
  Rewards: [0.0, 0.51, 0.72, 0.77, 0.9, 1.0, 0.92, 0.77]
  Failed regions: []
  Successful interval: 3-48
  Keyframes: [2, 3, 17, 48, 65]
  Success detected: True
  Confidence: 0.86

--- Segment 557/734 ---

============================================================
Segment: PickXtimes_ep75_f338-406
  Subtask: pick up the red cube for the third time
  Frames: 338 - 406
============================================================
  Loaded 69 frames
  Prefix scoring: 57.5s
  Rewards: [0.05, 0.0, 0.32, 0.36, 0.27, 0.68, 1.0, 0.5]
  Failed regions: [[32, 50]]
  Successful interval: 38-59
  Keyframes: [9, 38, 59, 60, 68]
  Success detected: True
  Confidence: 0.81

--- Segment 558/734 ---

============================================================
Segment: PickXtimes_ep75_f407-474
  Subtask: place the red cube onto the target
  Frames: 407 - 474
============================================================
  Loaded 68 frames
  Prefix scoring: 56.4s
  Rewards: [0.13, 0.0, 0.87, 1.0, 0.9, 0.97, 1.0, 0.83]
  Failed regions: [[32, 49]]
  Successful interval: 37-58
  Keyframes: [6, 37, 54, 58, 67]
  Success detected: True
  Confidence: 0.50

--- Segment 559/734 ---

============================================================
Segment: PickXtimes_ep75_f475-545
  Subtask: pick up the red cube for the fourth time
  Frames: 475 - 545
============================================================
  Loaded 71 frames
  Prefix scoring: 56.2s
  Rewards: [0.08, 0.0, 0.24, 0.16, 0.6, 0.72, 1.0, 0.68]
  Failed regions: []
  Successful interval: 31-61
  Keyframes: [14, 31, 32, 61, 70]
  Success detected: True
  Confidence: 0.85

--- Segment 560/734 ---

============================================================
Segment: PickXtimes_ep75_f546-610
  Subtask: place the red cube onto the target
  Frames: 546 - 610
============================================================
  Loaded 65 frames
  Prefix scoring: 56.9s
  Rewards: [0.0, 0.18, 0.5, 0.68, 1.0, 0.77, 0.86, 0.73]
  Failed regions: [[39, 55]]
  Successful interval: 44-55
  Keyframes: [5, 44, 51, 55, 64]
  Success detected: True
  Confidence: 0.44

--- Segment 561/734 ---

============================================================
Segment: PickXtimes_ep75_f611-675
  Subtask: press the button to stop
  Frames: 611 - 675
============================================================
  Loaded 65 frames
  Prefix scoring: 56.4s
  Rewards: [0.0, 0.04, 0.22, 0.04, 0.26, 0.35, 0.35, 1.0]
  Failed regions: []
  Successful interval: 52-64
  Keyframes: [1, 52, 60, 64]
  Success detected: True
  Confidence: 0.80

--- Segment 562/734 ---

============================================================
Segment: PickXtimes_ep75_f611-714
  Subtask: press the button to stop
  Frames: 611 - 714
============================================================
  Loaded 104 frames
  Prefix scoring: 56.6s
  Rewards: [0.0, 0.18, 0.21, 0.36, 1.0, 0.36, 0.54, 0.61]
  Failed regions: []
  Successful interval: 5-63
  Keyframes: [1, 5, 18, 63, 98]
  Success detected: True
  Confidence: 0.92

--- Segment 563/734 ---

============================================================
Segment: PickXtimes_ep76_f0-110
  Subtask: pick up the blue cube for the first time
  Frames: 0 - 110
============================================================
  Loaded 111 frames
  Prefix scoring: 57.0s
  Rewards: [0.15, 0.0, 0.38, 0.65, 0.69, 0.75, 0.81, 1.0]
  Failed regions: []
  Successful interval: 20-110
  Keyframes: [1, 20, 99, 110]
  Success detected: True
  Confidence: 0.89

--- Segment 564/734 ---

============================================================
Segment: PickXtimes_ep76_f111-192
  Subtask: place the blue cube onto the target
  Frames: 111 - 192
============================================================
  Loaded 82 frames
  Prefix scoring: 56.5s
  Rewards: [0.0, 0.57, 0.68, 0.74, 0.98, 1.0, 0.83, 0.85]
  Failed regions: [[60, 81]]
  Successful interval: 66-81
  Keyframes: [0, 66, 69, 81]
  Success detected: True
  Confidence: 0.38

--- Segment 565/734 ---

============================================================
Segment: PickXtimes_ep76_f193-262
  Subtask: press the button to stop
  Frames: 193 - 262
============================================================
  Loaded 70 frames
  Prefix scoring: 56.3s
  Rewards: [0.11, 0.0, 1.0, 0.56, 0.61, 0.61, 0.56, 0.33]
  Failed regions: []
  Successful interval: 12-24
  Keyframes: [0, 12, 20, 24, 53]
  Success detected: True
  Confidence: 0.91

--- Segment 566/734 ---

============================================================
Segment: PickXtimes_ep76_f193-302
  Subtask: press the button to stop
  Frames: 193 - 302
============================================================
  Loaded 110 frames
  Prefix scoring: 56.6s
  Rewards: [0.0, 1.0, 0.81, 0.57, 0.52, 0.76, 0.62, 0.67]
  Failed regions: []
  Successful interval: 6-25
  Keyframes: [0, 6, 20, 25, 79]
  Success detected: True
  Confidence: 0.88

--- Segment 567/734 ---

============================================================
Segment: PickXtimes_ep77_f0-118
  Subtask: pick up the green cube for the first time
  Frames: 0 - 118
============================================================
  Loaded 119 frames
  Prefix scoring: 56.7s
  Rewards: [0.11, 0.0, 0.43, 0.7, 0.6, 0.79, 1.0, 0.94]
  Failed regions: [[56, 87]]
  Successful interval: 67-102
  Keyframes: [0, 67, 73, 102, 118]
  Success detected: True
  Confidence: 0.64

--- Segment 568/734 ---

============================================================
Segment: PickXtimes_ep77_f119-202
  Subtask: place the green cube onto the target
  Frames: 119 - 202
============================================================
  Loaded 84 frames
  Prefix scoring: 56.6s
  Rewards: [0.24, 0.58, 0.0, 0.56, 0.4, 0.64, 0.93, 1.0]
  Failed regions: [[18, 40], [40, 61]]
  Successful interval: 46-83
  Keyframes: [0, 46, 74, 83]
  Success detected: True
  Confidence: 0.73

--- Segment 569/734 ---

============================================================
Segment: PickXtimes_ep77_f203-282
  Subtask: pick up the green cube for the second time
  Frames: 203 - 282
============================================================
  Loaded 80 frames
  Prefix scoring: 57.7s
  Rewards: [0.03, 0.0, 0.23, 0.32, 0.71, 0.97, 0.87, 1.0]
  Failed regions: [[58, 79]]
  Successful interval: 64-79
  Keyframes: [6, 64, 67, 79]
  Success detected: True
  Confidence: 0.55

--- Segment 570/734 ---

============================================================
Segment: PickXtimes_ep77_f283-340
  Subtask: place the green cube onto the target
  Frames: 283 - 340
============================================================
  Loaded 58 frames
  Prefix scoring: 56.2s
  Rewards: [0.0, 0.44, 0.48, 0.56, 0.63, 1.0, 0.81, 0.74]
  Failed regions: []
  Successful interval: 3-42
  Keyframes: [0, 3, 15, 42, 57]
  Success detected: True
  Confidence: 0.88

--- Segment 571/734 ---

============================================================
Segment: PickXtimes_ep77_f341-399
  Subtask: press the button to stop
  Frames: 341 - 399
============================================================
  Loaded 59 frames
  Prefix scoring: 56.3s
  Rewards: [0.0, 0.17, 0.33, 0.33, 0.0, 0.28, 1.0, 0.89]
  Failed regions: [[27, 42]]
  Successful interval: 33-50
  Keyframes: [0, 33, 50, 51, 58]
  Success detected: True
  Confidence: 0.93

--- Segment 572/734 ---

============================================================
Segment: PickXtimes_ep77_f341-437
  Subtask: press the button to stop
  Frames: 341 - 437
============================================================
  Loaded 97 frames
  Prefix scoring: 56.4s
  Rewards: [0.05, 0.21, 0.0, 0.16, 0.63, 0.84, 1.0, 0.84]
  Failed regions: []
  Successful interval: 29-83
  Keyframes: [0, 29, 81, 83, 96]
  Success detected: True
  Confidence: 0.91

--- Segment 573/734 ---

============================================================
Segment: PickXtimes_ep78_f0-127
  Subtask: pick up the blue cube for the first time
  Frames: 0 - 127
============================================================
  Loaded 128 frames
  Prefix scoring: 57.3s
  Rewards: [0.04, 0.0, 0.88, 0.82, 0.82, 0.92, 0.84, 1.0]
  Failed regions: [[94, 127]]
  Successful interval: 104-127
  Keyframes: [0, 104, 111, 127]
  Success detected: True
  Confidence: 0.53

--- Segment 574/734 ---

============================================================
Segment: PickXtimes_ep78_f128-223
  Subtask: place the blue cube onto the target
  Frames: 128 - 223
============================================================
  Loaded 96 frames
  Prefix scoring: 56.4s
  Rewards: [0.0, 0.12, 0.69, 1.0, 0.81, 0.73, 0.69, 0.81]
  Failed regions: [[45, 95]]
  Successful interval: 78-95
  Keyframes: [0, 78, 79, 95]
  Success detected: True
  Confidence: 0.41

--- Segment 575/734 ---

============================================================
Segment: PickXtimes_ep78_f224-278
  Subtask: press the button to stop
  Frames: 224 - 278
============================================================
  Loaded 55 frames
  Prefix scoring: 56.3s
  Rewards: [0.0, 0.14, 0.21, 0.48, 0.52, 0.41, 0.69, 1.0]
  Failed regions: [[33, 47]]
  Successful interval: 38-54
  Keyframes: [3, 38, 51, 54]
  Success detected: True
  Confidence: 0.75

--- Segment 576/734 ---

============================================================
Segment: PickXtimes_ep78_f224-317
  Subtask: press the button to stop
  Frames: 224 - 317
============================================================
  Loaded 94 frames
  Prefix scoring: 56.4s
  Rewards: [0.0, 0.25, 0.54, 0.71, 0.86, 0.61, 0.64, 1.0]
  Failed regions: [[57, 81]]
  Successful interval: 65-93
  Keyframes: [3, 65, 77, 93]
  Success detected: True
  Confidence: 0.64

--- Segment 577/734 ---

============================================================
Segment: PickXtimes_ep79_f0-110
  Subtask: pick up the blue cube for the first time
  Frames: 0 - 110
============================================================
  Loaded 111 frames
  Prefix scoring: 58.6s
  Rewards: [0.06, 0.0, 0.56, 0.9, 0.69, 0.88, 0.85, 1.0]
  Failed regions: [[53, 81]]
  Successful interval: 90-110
  Keyframes: [0, 90, 102, 110]
  Success detected: True
  Confidence: 0.53

--- Segment 578/734 ---

============================================================
Segment: PickXtimes_ep79_f111-194
  Subtask: place the blue cube onto the target
  Frames: 111 - 194
============================================================
  Loaded 84 frames
  Prefix scoring: 58.1s
  Rewards: [0.0, 0.16, 0.52, 0.86, 0.68, 0.91, 0.91, 1.0]
  Failed regions: [[40, 61]]
  Successful interval: 68-83
  Keyframes: [0, 68, 69, 83]
  Success detected: True
  Confidence: 0.51

--- Segment 579/734 ---

============================================================
Segment: PickXtimes_ep79_f195-269
  Subtask: pick up the blue cube for the second time
  Frames: 195 - 269
============================================================
  Loaded 75 frames
  Prefix scoring: 56.5s
  Rewards: [0.0, 0.04, 0.04, 0.19, 0.44, 0.7, 0.52, 1.0]
  Failed regions: [[54, 74]]
  Successful interval: 61-74
  Keyframes: [1, 61, 66, 74]
  Success detected: True
  Confidence: 0.72

--- Segment 580/734 ---

============================================================
Segment: PickXtimes_ep79_f270-334
  Subtask: place the blue cube onto the target
  Frames: 270 - 334
============================================================
  Loaded 65 frames
  Prefix scoring: 56.6s
  Rewards: [0.03, 0.0, 0.67, 0.72, 0.89, 1.0, 0.89, 0.78]
  Failed regions: []
  Successful interval: 11-47
  Keyframes: [4, 11, 18, 47, 64]
  Success detected: True
  Confidence: 0.88

--- Segment 581/734 ---

============================================================
Segment: PickXtimes_ep79_f335-409
  Subtask: pick up the blue cube for the third time
  Frames: 335 - 409
============================================================
  Loaded 75 frames
  Prefix scoring: 56.6s
  Rewards: [0.0, 0.0, 0.05, 0.15, 0.55, 0.75, 0.7, 1.0]
  Failed regions: []
  Successful interval: 61-74
  Keyframes: [1, 61, 67, 74]
  Success detected: True
  Confidence: 0.64

--- Segment 582/734 ---

============================================================
Segment: PickXtimes_ep79_f410-472
  Subtask: place the blue cube onto the target
  Frames: 410 - 472
============================================================
  Loaded 63 frames
  Prefix scoring: 56.4s
  Rewards: [0.13, 0.0, 0.87, 0.77, 1.0, 0.97, 1.0, 0.85]
  Failed regions: [[22, 38]]
  Successful interval: 43-54
  Keyframes: [5, 43, 52, 54, 62]
  Success detected: True
  Confidence: 0.47

--- Segment 583/734 ---

============================================================
Segment: PickXtimes_ep79_f473-546
  Subtask: pick up the blue cube for the fourth time
  Frames: 473 - 546
============================================================
  Loaded 74 frames
  Prefix scoring: 56.3s
  Rewards: [0.04, 0.04, 0.0, 0.13, 0.43, 1.0, 0.48, 0.74]
  Failed regions: []
  Successful interval: 22-54
  Keyframes: [2, 22, 33, 54, 73]
  Success detected: True
  Confidence: 0.93

--- Segment 584/734 ---

============================================================
Segment: PickXtimes_ep79_f547-609
  Subtask: place the blue cube onto the target
  Frames: 547 - 609
============================================================
  Loaded 63 frames
  Prefix scoring: 56.3s
  Rewards: [0.0, 0.1, 0.57, 0.72, 0.72, 1.0, 0.8, 0.9]
  Failed regions: [[46, 62]]
  Successful interval: 51-62
  Keyframes: [12, 51, 52, 62]
  Success detected: True
  Confidence: 0.46

--- Segment 585/734 ---

============================================================
Segment: PickXtimes_ep79_f610-658
  Subtask: press the button to stop
  Frames: 610 - 658
============================================================
  Loaded 49 frames
  Prefix scoring: 56.2s
  Rewards: [0.04, 0.0, 0.13, 0.09, 0.17, 0.13, 0.22, 1.0]
  Failed regions: []
  Successful interval: 33-48
  Keyframes: [8, 33, 44, 48]
  Success detected: True
  Confidence: 0.90

--- Segment 586/734 ---

============================================================
Segment: PickXtimes_ep79_f610-695
  Subtask: press the button to stop
  Frames: 610 - 695
============================================================
  Loaded 86 frames
  Prefix scoring: 57.2s
  Rewards: [0.0, 0.13, 0.2, 0.2, 0.33, 0.6, 1.0, 0.6]
  Failed regions: []
  Successful interval: 37-74
  Keyframes: [0, 37, 44, 74, 85]
  Success detected: True
  Confidence: 0.84

--- Segment 587/734 ---

============================================================
Segment: PickXtimes_ep80_f0-113
  Subtask: pick up the blue cube for the first time
  Frames: 0 - 113
============================================================
  Loaded 114 frames
  Prefix scoring: 57.4s
  Rewards: [0.09, 0.0, 0.59, 0.45, 0.67, 0.72, 0.88, 1.0]
  Failed regions: [[40, 69]]
  Successful interval: 49-113
  Keyframes: [0, 49, 70, 113]
  Success detected: True
  Confidence: 0.71

--- Segment 588/734 ---

============================================================
Segment: PickXtimes_ep80_f114-209
  Subtask: place the blue cube onto the target
  Frames: 114 - 209
============================================================
  Loaded 96 frames
  Prefix scoring: 56.4s
  Rewards: [0.37, 0.48, 0.0, 0.7, 0.69, 0.8, 0.89, 1.0]
  Failed regions: [[21, 45]]
  Successful interval: 54-95
  Keyframes: [1, 54, 84, 95]
  Success detected: True
  Confidence: 0.60

--- Segment 589/734 ---

============================================================
Segment: PickXtimes_ep80_f210-288
  Subtask: press the button to stop
  Frames: 210 - 288
============================================================
  Loaded 79 frames
  Prefix scoring: 56.4s
  Rewards: [0.0, 0.24, 0.18, 0.29, 0.41, 0.41, 0.06, 1.0]
  Failed regions: [[57, 78]]
  Successful interval: 64-78
  Keyframes: [0, 64, 74, 78]
  Success detected: True
  Confidence: 0.91

--- Segment 590/734 ---

============================================================
Segment: PickXtimes_ep80_f210-322
  Subtask: press the button to stop
  Frames: 210 - 322
============================================================
  Loaded 113 frames
  Prefix scoring: 56.5s
  Rewards: [0.08, 0.23, 0.12, 0.12, 0.0, 0.42, 1.0, 0.62]
  Failed regions: []
  Successful interval: 63-97
  Keyframes: [6, 63, 74, 97, 112]
  Success detected: True
  Confidence: 0.94

--- Segment 591/734 ---

============================================================
Segment: PickXtimes_ep81_f0-114
  Subtask: pick up the blue cube for the first time
  Frames: 0 - 114
============================================================
  Loaded 115 frames
  Prefix scoring: 56.5s
  Rewards: [0.0, 0.0, 0.36, 0.7, 0.61, 0.73, 0.82, 1.0]
  Failed regions: [[55, 84]]
  Successful interval: 64-114
  Keyframes: [0, 64, 69, 114]
  Success detected: True
  Confidence: 0.65

--- Segment 592/734 ---

============================================================
Segment: PickXtimes_ep81_f115-197
  Subtask: place the blue cube onto the target
  Frames: 115 - 197
============================================================
  Loaded 83 frames
  Prefix scoring: 57.2s
  Rewards: [0.0, 0.61, 0.54, 0.71, 1.0, 0.96, 1.0, 0.57]
  Failed regions: []
  Successful interval: 56-71
  Keyframes: [1, 56, 69, 71, 82]
  Success detected: True
  Confidence: 0.48

--- Segment 593/734 ---

============================================================
Segment: PickXtimes_ep81_f198-267
  Subtask: pick up the blue cube for the second time
  Frames: 198 - 267
============================================================
  Loaded 70 frames
  Prefix scoring: 56.4s
  Rewards: [0.12, 0.0, 0.29, 0.5, 0.92, 0.88, 1.0, 0.83]
  Failed regions: []
  Successful interval: 48-60
  Keyframes: [8, 48, 60, 61, 69]
  Success detected: True
  Confidence: 0.54

--- Segment 594/734 ---

============================================================
Segment: PickXtimes_ep81_f268-323
  Subtask: place the blue cube onto the target
  Frames: 268 - 323
============================================================
  Loaded 56 frames
  Prefix scoring: 56.4s
  Rewards: [0.0, 0.48, 0.85, 0.74, 0.89, 0.85, 0.81, 1.0]
  Failed regions: [[19, 33]]
  Successful interval: 45-55
  Keyframes: [11, 45, 46, 55]
  Success detected: True
  Confidence: 0.53

--- Segment 595/734 ---

============================================================
Segment: PickXtimes_ep81_f324-393
  Subtask: pick up the blue cube for the third time
  Frames: 324 - 393
============================================================
  Loaded 70 frames
  Prefix scoring: 56.6s
  Rewards: [0.0, 0.25, 0.1, 0.35, 0.85, 0.95, 1.0, 0.95]
  Failed regions: [[15, 33]]
  Successful interval: 21-60
  Keyframes: [14, 21, 31, 60, 69]
  Success detected: True
  Confidence: 0.85

--- Segment 596/734 ---

============================================================
Segment: PickXtimes_ep81_f394-460
  Subtask: place the blue cube onto the target
  Frames: 394 - 460
============================================================
  Loaded 67 frames
  Prefix scoring: 56.6s
  Rewards: [0.0, 0.15, 0.92, 0.77, 0.88, 0.92, 1.0, 0.88]
  Failed regions: [[23, 40]]
  Successful interval: 28-57
  Keyframes: [5, 28, 53, 57, 66]
  Success detected: True
  Confidence: 0.55

--- Segment 597/734 ---

============================================================
Segment: PickXtimes_ep81_f461-525
  Subtask: press the button to stop
  Frames: 461 - 525
============================================================
  Loaded 65 frames
  Prefix scoring: 56.4s
  Rewards: [0.0, 0.0, 0.75, 0.58, 0.58, 0.75, 0.25, 1.0]
  Failed regions: [[22, 47], [22, 47], [47, 64]]
  Successful interval: 52-64
  Keyframes: [0, 52, 60, 64]
  Success detected: True
  Confidence: 0.80

--- Segment 598/734 ---

============================================================
Segment: PickXtimes_ep81_f461-563
  Subtask: press the button to stop
  Frames: 461 - 563
============================================================
  Loaded 103 frames
  Prefix scoring: 56.8s
  Rewards: [0.0, 0.8, 0.7, 1.0, 0.6, 0.6, 1.0, 0.9]
  Failed regions: [[23, 49], [49, 75], [49, 88]]
  Successful interval: 70-88
  Keyframes: [0, 70, 88, 89, 102]
  Success detected: True
  Confidence: 0.62

--- Segment 599/734 ---

============================================================
Segment: PickXtimes_ep82_f0-131
  Subtask: pick up the blue cube for the first time
  Frames: 0 - 131
============================================================
  Loaded 132 frames
  Prefix scoring: 58.0s
  Rewards: [0.17, 0.0, 0.85, 0.74, 0.98, 0.98, 0.91, 1.0]
  Failed regions: [[46, 80]]
  Successful interval: 108-131
  Keyframes: [0, 108, 116, 131]
  Success detected: True
  Confidence: 0.49

--- Segment 600/734 ---

============================================================
Segment: PickXtimes_ep82_f132-223
  Subtask: place the blue cube onto the target
  Frames: 132 - 223
============================================================
  Loaded 92 frames
  Prefix scoring: 56.8s
  Rewards: [0.0, 0.7, 0.74, 0.82, 0.95, 0.64, 1.0, 0.89]
  Failed regions: [[55, 79]]
  Successful interval: 63-79
  Keyframes: [0, 63, 79, 80, 91]
  Success detected: True
  Confidence: 0.60

--- Segment 601/734 ---

============================================================
Segment: PickXtimes_ep82_f224-296
  Subtask: pick up the blue cube for the second time
  Frames: 224 - 296
============================================================
  Loaded 73 frames
  Prefix scoring: 57.5s
  Rewards: [0.0, 0.11, 0.22, 0.41, 0.89, 0.78, 0.78, 1.0]
  Failed regions: [[44, 62], [44, 72]]
  Successful interval: 59-72
  Keyframes: [0, 59, 63, 72]
  Success detected: True
  Confidence: 0.58

--- Segment 602/734 ---

============================================================
Segment: PickXtimes_ep82_f297-350
  Subtask: place the blue cube onto the target
  Frames: 297 - 350
============================================================
  Loaded 54 frames
  Prefix scoring: 58.1s
  Rewards: [0.27, 0.0, 0.78, 0.72, 0.67, 1.0, 0.87, 0.87]
  Failed regions: [[5, 18], [18, 39]]
  Successful interval: 30-39
  Keyframes: [3, 30, 39, 40, 53]
  Success detected: True
  Confidence: 0.60

--- Segment 603/734 ---

============================================================
Segment: PickXtimes_ep82_f351-415
  Subtask: press the button to stop
  Frames: 351 - 415
============================================================
  Loaded 65 frames
  Prefix scoring: 56.9s
  Rewards: [0.03, 0.0, 0.54, 0.66, 0.8, 1.0, 0.83, 0.43]
  Failed regions: []
  Successful interval: 11-47
  Keyframes: [0, 11, 19, 47, 64]
  Success detected: True
  Confidence: 0.89

--- Segment 604/734 ---

============================================================
Segment: PickXtimes_ep82_f351-450
  Subtask: press the button to stop
  Frames: 351 - 450
============================================================
  Loaded 100 frames
  Prefix scoring: 57.7s
  Rewards: [0.0, 0.53, 0.68, 1.0, 0.94, 0.56, 0.5, 0.88]
  Failed regions: [[48, 99]]
  Successful interval: 81-99
  Keyframes: [0, 81, 88, 99]
  Success detected: True
  Confidence: 0.56

--- Segment 605/734 ---

============================================================
Segment: PickXtimes_ep83_f0-116
  Subtask: pick up the red cube for the first time
  Frames: 0 - 116
============================================================
  Loaded 117 frames
  Prefix scoring: 56.6s
  Rewards: [0.15, 0.0, 0.65, 0.8, 0.85, 0.96, 0.78, 1.0]
  Failed regions: [[86, 116]]
  Successful interval: 96-116
  Keyframes: [2, 96, 107, 116]
  Success detected: True
  Confidence: 0.56

--- Segment 606/734 ---

============================================================
Segment: PickXtimes_ep83_f117-204
  Subtask: place the red cube onto the target
  Frames: 117 - 204
============================================================
  Loaded 88 frames
  Prefix scoring: 56.3s
  Rewards: [0.0, 0.58, 0.31, 0.69, 0.31, 0.46, 0.54, 1.0]
  Failed regions: [[19, 41], [41, 64]]
  Successful interval: 49-87
  Keyframes: [0, 49, 74, 87]
  Success detected: True
  Confidence: 0.78

--- Segment 607/734 ---

============================================================
Segment: PickXtimes_ep83_f205-276
  Subtask: pick up the red cube for the second time
  Frames: 205 - 276
============================================================
  Loaded 72 frames
  Prefix scoring: 56.4s
  Rewards: [0.0, 0.11, 0.33, 0.22, 0.41, 0.74, 0.63, 1.0]
  Failed regions: [[25, 52], [52, 71]]
  Successful interval: 58-71
  Keyframes: [0, 58, 63, 71]
  Success detected: True
  Confidence: 0.66

--- Segment 608/734 ---

============================================================
Segment: PickXtimes_ep83_f277-343
  Subtask: place the red cube onto the target
  Frames: 277 - 343
============================================================
  Loaded 67 frames
  Prefix scoring: 56.2s
  Rewards: [0.0, 0.57, 0.57, 0.67, 0.76, 1.0, 0.74, 0.85]
  Failed regions: [[48, 66]]
  Successful interval: 54-66
  Keyframes: [13, 54, 55, 66]
  Success detected: True
  Confidence: 0.42

--- Segment 609/734 ---

============================================================
Segment: PickXtimes_ep83_f344-413
  Subtask: pick up the red cube for the third time
  Frames: 344 - 413
============================================================
  Loaded 70 frames
  Prefix scoring: 57.0s
  Rewards: [0.0, 0.06, 0.28, 0.22, 0.62, 0.69, 0.72, 1.0]
  Failed regions: []
  Successful interval: 30-69
  Keyframes: [4, 30, 31, 69]
  Success detected: True
  Confidence: 0.82

--- Segment 610/734 ---

============================================================
Segment: PickXtimes_ep83_f414-478
  Subtask: place the red cube onto the target
  Frames: 414 - 478
============================================================
  Loaded 65 frames
  Prefix scoring: 58.2s
  Rewards: [0.0, 0.17, 0.68, 0.93, 0.85, 1.0, 0.85, 0.28]
  Failed regions: []
  Successful interval: 36-47
  Keyframes: [7, 36, 47, 48, 64]
  Success detected: True
  Confidence: 0.54

--- Segment 611/734 ---

============================================================
Segment: PickXtimes_ep83_f479-548
  Subtask: pick up the red cube for the fourth time
  Frames: 479 - 548
============================================================
  Loaded 70 frames
