/coc/testnvme/shalbe3/miniconda/envs/robomme/lib/python3.11/site-packages/torch/cuda/__init__.py:63: FutureWarning: The pynvml package is deprecated. Please install nvidia-ml-py instead. If you did not install pynvml directly, please report this to the maintainers of the package that installed pynvml for you.
  import pynvml  # type: ignore[import]
`torch_dtype` is deprecated! Use `dtype` instead!
You are attempting to use Flash Attention 2 without specifying a torch dtype. This might lead to unexpected behaviour
2026-04-30 14:02:42,253 mme_vla_suite.pseudo_labeling.topreward_qwen_scorer WARNING: flash_attention_2 unavailable (/coc/testnvme/shalbe3/miniconda/envs/robomme/lib/python3.11/site-packages/flash_attn_2_cuda.cpython-311-x86_64-linux-gnu.so: undefined symbol: _ZNK3c106SymInt6sym_neERKS0_), using default attention
Loading checkpoint shards:   0%|          | 0/4 [00:00<?, ?it/s]Loading checkpoint shards:  25%|██▌       | 1/4 [00:00<00:02,  1.10it/s]Loading checkpoint shards:  50%|█████     | 2/4 [00:01<00:01,  1.06it/s]Loading checkpoint shards:  75%|███████▌  | 3/4 [00:02<00:00,  1.07it/s]Loading checkpoint shards: 100%|██████████| 4/4 [00:03<00:00,  1.28it/s]Loading checkpoint shards: 100%|██████████| 4/4 [00:03<00:00,  1.19it/s]
Asked to sample `fps` frames per second but no video metadata was provided which is required when sampling with `fps`. Defaulting to `fps=24`. Please provide `video_metadata` for more accurate results.
2026-04-30 14:02:52,107 mme_vla_suite.pseudo_labeling.topreward_qwen_scorer INFO: Prefix 1/8 (end=16, n_frames=4/17): reward=-23.3750 (mean, 1 tok)
2026-04-30 14:02:56,295 mme_vla_suite.pseudo_labeling.topreward_qwen_scorer INFO: Prefix 2/8 (end=36, n_frames=7/37): reward=-22.3750 (mean, 1 tok)
2026-04-30 14:03:00,479 mme_vla_suite.pseudo_labeling.topreward_qwen_scorer INFO: Prefix 3/8 (end=57, n_frames=12/58): reward=-20.7500 (mean, 1 tok)
2026-04-30 14:03:04,689 mme_vla_suite.pseudo_labeling.topreward_qwen_scorer INFO: Prefix 4/8 (end=77, n_frames=16/78): reward=-22.1250 (mean, 1 tok)
2026-04-30 14:03:08,912 mme_vla_suite.pseudo_labeling.topreward_qwen_scorer INFO: Prefix 5/8 (end=98, n_frames=20/99): reward=-20.3750 (mean, 1 tok)
2026-04-30 14:03:13,176 mme_vla_suite.pseudo_labeling.topreward_qwen_scorer INFO: Prefix 6/8 (end=118, n_frames=24/119): reward=-20.8750 (mean, 1 tok)
2026-04-30 14:03:17,481 mme_vla_suite.pseudo_labeling.topreward_qwen_scorer INFO: Prefix 7/8 (end=139, n_frames=28/140): reward=-20.1250 (mean, 1 tok)
2026-04-30 14:03:21,798 mme_vla_suite.pseudo_labeling.topreward_qwen_scorer INFO: Prefix 8/8 (end=160, n_frames=32/161): reward=-17.3750 (mean, 1 tok)
2026-04-30 14:03:26,767 mme_vla_suite.pseudo_labeling.topreward_qwen_scorer INFO: Prefix 1/8 (end=17, n_frames=4/18): reward=-23.3750 (mean, 1 tok)
2026-04-30 14:03:30,921 mme_vla_suite.pseudo_labeling.topreward_qwen_scorer INFO: Prefix 2/8 (end=39, n_frames=8/40): reward=-21.8750 (mean, 1 tok)
2026-04-30 14:03:35,097 mme_vla_suite.pseudo_labeling.topreward_qwen_scorer INFO: Prefix 3/8 (end=61, n_frames=12/62): reward=-20.8750 (mean, 1 tok)
2026-04-30 14:03:39,297 mme_vla_suite.pseudo_labeling.topreward_qwen_scorer INFO: Prefix 4/8 (end=83, n_frames=17/84): reward=-20.8750 (mean, 1 tok)
2026-04-30 14:03:43,538 mme_vla_suite.pseudo_labeling.topreward_qwen_scorer INFO: Prefix 5/8 (end=105, n_frames=21/106): reward=-22.2500 (mean, 1 tok)
2026-04-30 14:03:47,822 mme_vla_suite.pseudo_labeling.topreward_qwen_scorer INFO: Prefix 6/8 (end=127, n_frames=26/128): reward=-21.5000 (mean, 1 tok)
2026-04-30 14:03:52,112 mme_vla_suite.pseudo_labeling.topreward_qwen_scorer INFO: Prefix 7/8 (end=149, n_frames=30/150): reward=-19.8750 (mean, 1 tok)
2026-04-30 14:03:56,453 mme_vla_suite.pseudo_labeling.topreward_qwen_scorer INFO: Prefix 8/8 (end=172, n_frames=35/173): reward=-17.1250 (mean, 1 tok)
2026-04-30 14:04:01,506 mme_vla_suite.pseudo_labeling.topreward_qwen_scorer INFO: Prefix 1/8 (end=15, n_frames=4/16): reward=-23.6250 (mean, 1 tok)
2026-04-30 14:04:05,667 mme_vla_suite.pseudo_labeling.topreward_qwen_scorer INFO: Prefix 2/8 (end=34, n_frames=7/35): reward=-23.8750 (mean, 1 tok)
2026-04-30 14:04:09,841 mme_vla_suite.pseudo_labeling.topreward_qwen_scorer INFO: Prefix 3/8 (end=53, n_frames=11/54): reward=-23.0000 (mean, 1 tok)
2026-04-30 14:04:14,074 mme_vla_suite.pseudo_labeling.topreward_qwen_scorer INFO: Prefix 4/8 (end=73, n_frames=15/74): reward=-23.8750 (mean, 1 tok)
2026-04-30 14:04:18,302 mme_vla_suite.pseudo_labeling.topreward_qwen_scorer INFO: Prefix 5/8 (end=92, n_frames=19/93): reward=-23.2500 (mean, 1 tok)
2026-04-30 14:04:22,590 mme_vla_suite.pseudo_labeling.topreward_qwen_scorer INFO: Prefix 6/8 (end=112, n_frames=23/113): reward=-24.1250 (mean, 1 tok)
2026-04-30 14:04:26,888 mme_vla_suite.pseudo_labeling.topreward_qwen_scorer INFO: Prefix 7/8 (end=131, n_frames=26/132): reward=-22.8750 (mean, 1 tok)
2026-04-30 14:04:31,170 mme_vla_suite.pseudo_labeling.topreward_qwen_scorer INFO: Prefix 8/8 (end=151, n_frames=30/152): reward=-17.0000 (mean, 1 tok)
2026-04-30 14:04:36,004 mme_vla_suite.pseudo_labeling.topreward_qwen_scorer INFO: Prefix 1/8 (end=15, n_frames=4/16): reward=-23.6250 (mean, 1 tok)
2026-04-30 14:04:40,154 mme_vla_suite.pseudo_labeling.topreward_qwen_scorer INFO: Prefix 2/8 (end=35, n_frames=7/36): reward=-23.8750 (mean, 1 tok)
2026-04-30 14:04:44,321 mme_vla_suite.pseudo_labeling.topreward_qwen_scorer INFO: Prefix 3/8 (end=55, n_frames=11/56): reward=-22.5000 (mean, 1 tok)
2026-04-30 14:04:48,508 mme_vla_suite.pseudo_labeling.topreward_qwen_scorer INFO: Prefix 4/8 (end=76, n_frames=15/77): reward=-23.6250 (mean, 1 tok)
2026-04-30 14:04:52,715 mme_vla_suite.pseudo_labeling.topreward_qwen_scorer INFO: Prefix 5/8 (end=96, n_frames=19/97): reward=-23.7500 (mean, 1 tok)
2026-04-30 14:04:56,962 mme_vla_suite.pseudo_labeling.topreward_qwen_scorer INFO: Prefix 6/8 (end=117, n_frames=24/118): reward=-24.6250 (mean, 1 tok)
2026-04-30 14:05:01,252 mme_vla_suite.pseudo_labeling.topreward_qwen_scorer INFO: Prefix 7/8 (end=137, n_frames=28/138): reward=-23.5000 (mean, 1 tok)
2026-04-30 14:05:05,568 mme_vla_suite.pseudo_labeling.topreward_qwen_scorer INFO: Prefix 8/8 (end=158, n_frames=32/159): reward=-17.0000 (mean, 1 tok)
2026-04-30 14:05:10,617 mme_vla_suite.pseudo_labeling.topreward_qwen_scorer INFO: Prefix 1/8 (end=15, n_frames=4/16): reward=-24.2500 (mean, 1 tok)
2026-04-30 14:05:14,767 mme_vla_suite.pseudo_labeling.topreward_qwen_scorer INFO: Prefix 2/8 (end=34, n_frames=7/35): reward=-24.1250 (mean, 1 tok)
2026-04-30 14:05:18,928 mme_vla_suite.pseudo_labeling.topreward_qwen_scorer INFO: Prefix 3/8 (end=54, n_frames=11/55): reward=-23.3750 (mean, 1 tok)
2026-04-30 14:05:23,100 mme_vla_suite.pseudo_labeling.topreward_qwen_scorer INFO: Prefix 4/8 (end=74, n_frames=15/75): reward=-24.0000 (mean, 1 tok)
2026-04-30 14:05:27,316 mme_vla_suite.pseudo_labeling.topreward_qwen_scorer INFO: Prefix 5/8 (end=94, n_frames=19/95): reward=-23.5000 (mean, 1 tok)
2026-04-30 14:05:31,556 mme_vla_suite.pseudo_labeling.topreward_qwen_scorer INFO: Prefix 6/8 (end=114, n_frames=23/115): reward=-23.3750 (mean, 1 tok)
2026-04-30 14:05:35,864 mme_vla_suite.pseudo_labeling.topreward_qwen_scorer INFO: Prefix 7/8 (end=134, n_frames=27/135): reward=-23.5000 (mean, 1 tok)
2026-04-30 14:05:40,149 mme_vla_suite.pseudo_labeling.topreward_qwen_scorer INFO: Prefix 8/8 (end=154, n_frames=31/155): reward=-19.7500 (mean, 1 tok)
2026-04-30 14:05:44,989 mme_vla_suite.pseudo_labeling.topreward_qwen_scorer INFO: Prefix 1/8 (end=16, n_frames=4/17): reward=-24.2500 (mean, 1 tok)
2026-04-30 14:05:49,145 mme_vla_suite.pseudo_labeling.topreward_qwen_scorer INFO: Prefix 2/8 (end=36, n_frames=7/37): reward=-24.1250 (mean, 1 tok)
2026-04-30 14:05:53,310 mme_vla_suite.pseudo_labeling.topreward_qwen_scorer INFO: Prefix 3/8 (end=57, n_frames=12/58): reward=-23.2500 (mean, 1 tok)
2026-04-30 14:05:57,506 mme_vla_suite.pseudo_labeling.topreward_qwen_scorer INFO: Prefix 4/8 (end=78, n_frames=16/79): reward=-24.0000 (mean, 1 tok)
2026-04-30 14:06:01,725 mme_vla_suite.pseudo_labeling.topreward_qwen_scorer INFO: Prefix 5/8 (end=98, n_frames=20/99): reward=-23.1250 (mean, 1 tok)
2026-04-30 14:06:05,983 mme_vla_suite.pseudo_labeling.topreward_qwen_scorer INFO: Prefix 6/8 (end=119, n_frames=24/120): reward=-24.3750 (mean, 1 tok)
2026-04-30 14:06:10,282 mme_vla_suite.pseudo_labeling.topreward_qwen_scorer INFO: Prefix 7/8 (end=140, n_frames=28/141): reward=-23.3750 (mean, 1 tok)
2026-04-30 14:06:14,575 mme_vla_suite.pseudo_labeling.topreward_qwen_scorer INFO: Prefix 8/8 (end=161, n_frames=32/162): reward=-19.1250 (mean, 1 tok)
2026-04-30 14:06:19,580 mme_vla_suite.pseudo_labeling.topreward_qwen_scorer INFO: Prefix 1/8 (end=17, n_frames=4/18): reward=-24.7500 (mean, 1 tok)
2026-04-30 14:06:23,749 mme_vla_suite.pseudo_labeling.topreward_qwen_scorer INFO: Prefix 2/8 (end=40, n_frames=8/41): reward=-24.0000 (mean, 1 tok)
2026-04-30 14:06:27,919 mme_vla_suite.pseudo_labeling.topreward_qwen_scorer INFO: Prefix 3/8 (end=63, n_frames=13/64): reward=-24.5000 (mean, 1 tok)
2026-04-30 14:06:32,115 mme_vla_suite.pseudo_labeling.topreward_qwen_scorer INFO: Prefix 4/8 (end=86, n_frames=17/87): reward=-25.2500 (mean, 1 tok)
2026-04-30 14:06:36,341 mme_vla_suite.pseudo_labeling.topreward_qwen_scorer INFO: Prefix 5/8 (end=109, n_frames=22/110): reward=-24.5000 (mean, 1 tok)
2026-04-30 14:06:40,617 mme_vla_suite.pseudo_labeling.topreward_qwen_scorer INFO: Prefix 6/8 (end=132, n_frames=27/133): reward=-24.3750 (mean, 1 tok)
2026-04-30 14:06:44,894 mme_vla_suite.pseudo_labeling.topreward_qwen_scorer INFO: Prefix 7/8 (end=155, n_frames=31/156): reward=-22.2500 (mean, 1 tok)
2026-04-30 14:06:49,239 mme_vla_suite.pseudo_labeling.topreward_qwen_scorer INFO: Prefix 8/8 (end=178, n_frames=36/179): reward=-18.1250 (mean, 1 tok)
2026-04-30 14:06:54,080 mme_vla_suite.pseudo_labeling.topreward_qwen_scorer INFO: Prefix 1/8 (end=4, n_frames=4/5): reward=-20.6250 (mean, 1 tok)
2026-04-30 14:06:58,226 mme_vla_suite.pseudo_labeling.topreward_qwen_scorer INFO: Prefix 2/8 (end=10, n_frames=4/11): reward=-19.5000 (mean, 1 tok)
2026-04-30 14:07:02,371 mme_vla_suite.pseudo_labeling.topreward_qwen_scorer INFO: Prefix 3/8 (end=16, n_frames=4/17): reward=-21.2500 (mean, 1 tok)
2026-04-30 14:07:06,523 mme_vla_suite.pseudo_labeling.topreward_qwen_scorer INFO: Prefix 4/8 (end=22, n_frames=5/23): reward=-21.5000 (mean, 1 tok)
2026-04-30 14:07:10,681 mme_vla_suite.pseudo_labeling.topreward_qwen_scorer INFO: Prefix 5/8 (end=28, n_frames=6/29): reward=-21.0000 (mean, 1 tok)
2026-04-30 14:07:14,849 mme_vla_suite.pseudo_labeling.topreward_qwen_scorer INFO: Prefix 6/8 (end=34, n_frames=7/35): reward=-21.6250 (mean, 1 tok)
2026-04-30 14:07:19,020 mme_vla_suite.pseudo_labeling.topreward_qwen_scorer INFO: Prefix 7/8 (end=40, n_frames=8/41): reward=-22.0000 (mean, 1 tok)
2026-04-30 14:07:23,188 mme_vla_suite.pseudo_labeling.topreward_qwen_scorer INFO: Prefix 8/8 (end=46, n_frames=9/47): reward=-19.5000 (mean, 1 tok)
2026-04-30 14:07:28,318 mme_vla_suite.pseudo_labeling.topreward_qwen_scorer INFO: Prefix 1/8 (end=9, n_frames=4/10): reward=-25.7500 (mean, 1 tok)
2026-04-30 14:07:32,468 mme_vla_suite.pseudo_labeling.topreward_qwen_scorer INFO: Prefix 2/8 (end=21, n_frames=4/22): reward=-25.5000 (mean, 1 tok)
2026-04-30 14:07:36,628 mme_vla_suite.pseudo_labeling.topreward_qwen_scorer INFO: Prefix 3/8 (end=33, n_frames=7/34): reward=-25.0000 (mean, 1 tok)
2026-04-30 14:07:40,803 mme_vla_suite.pseudo_labeling.topreward_qwen_scorer INFO: Prefix 4/8 (end=46, n_frames=9/47): reward=-24.3750 (mean, 1 tok)
2026-04-30 14:07:44,986 mme_vla_suite.pseudo_labeling.topreward_qwen_scorer INFO: Prefix 5/8 (end=58, n_frames=12/59): reward=-24.0000 (mean, 1 tok)
2026-04-30 14:07:49,152 mme_vla_suite.pseudo_labeling.topreward_qwen_scorer INFO: Prefix 6/8 (end=71, n_frames=14/72): reward=-24.7500 (mean, 1 tok)
2026-04-30 14:07:53,378 mme_vla_suite.pseudo_labeling.topreward_qwen_scorer INFO: Prefix 7/8 (end=83, n_frames=17/84): reward=-23.5000 (mean, 1 tok)
2026-04-30 14:07:57,595 mme_vla_suite.pseudo_labeling.topreward_qwen_scorer INFO: Prefix 8/8 (end=96, n_frames=19/97): reward=-18.7500 (mean, 1 tok)
2026-04-30 14:08:02,463 mme_vla_suite.pseudo_labeling.topreward_qwen_scorer INFO: Prefix 1/8 (end=10, n_frames=4/11): reward=-25.8750 (mean, 1 tok)
2026-04-30 14:08:06,607 mme_vla_suite.pseudo_labeling.topreward_qwen_scorer INFO: Prefix 2/8 (end=23, n_frames=5/24): reward=-25.0000 (mean, 1 tok)
2026-04-30 14:08:10,752 mme_vla_suite.pseudo_labeling.topreward_qwen_scorer INFO: Prefix 3/8 (end=37, n_frames=8/38): reward=-25.3750 (mean, 1 tok)
2026-04-30 14:08:14,926 mme_vla_suite.pseudo_labeling.topreward_qwen_scorer INFO: Prefix 4/8 (end=51, n_frames=10/52): reward=-24.5000 (mean, 1 tok)
2026-04-30 14:08:19,111 mme_vla_suite.pseudo_labeling.topreward_qwen_scorer INFO: Prefix 5/8 (end=64, n_frames=13/65): reward=-24.6250 (mean, 1 tok)
2026-04-30 14:08:23,296 mme_vla_suite.pseudo_labeling.topreward_qwen_scorer INFO: Prefix 6/8 (end=78, n_frames=16/79): reward=-25.1250 (mean, 1 tok)
2026-04-30 14:08:27,525 mme_vla_suite.pseudo_labeling.topreward_qwen_scorer INFO: Prefix 7/8 (end=92, n_frames=19/93): reward=-17.8750 (mean, 1 tok)
2026-04-30 14:08:31,774 mme_vla_suite.pseudo_labeling.topreward_qwen_scorer INFO: Prefix 8/8 (end=106, n_frames=21/107): reward=-18.8750 (mean, 1 tok)
2026-04-30 14:08:36,923 mme_vla_suite.pseudo_labeling.topreward_qwen_scorer INFO: Prefix 1/8 (end=18, n_frames=4/19): reward=-23.3750 (mean, 1 tok)
2026-04-30 14:08:41,085 mme_vla_suite.pseudo_labeling.topreward_qwen_scorer INFO: Prefix 2/8 (end=41, n_frames=8/42): reward=-23.3750 (mean, 1 tok)
2026-04-30 14:08:45,279 mme_vla_suite.pseudo_labeling.topreward_qwen_scorer INFO: Prefix 3/8 (end=65, n_frames=13/66): reward=-22.5000 (mean, 1 tok)
2026-04-30 14:08:49,529 mme_vla_suite.pseudo_labeling.topreward_qwen_scorer INFO: Prefix 4/8 (end=89, n_frames=18/90): reward=-19.2500 (mean, 1 tok)
2026-04-30 14:08:53,798 mme_vla_suite.pseudo_labeling.topreward_qwen_scorer INFO: Prefix 5/8 (end=113, n_frames=23/114): reward=-20.7500 (mean, 1 tok)
2026-04-30 14:08:58,048 mme_vla_suite.pseudo_labeling.topreward_qwen_scorer INFO: Prefix 6/8 (end=137, n_frames=28/138): reward=-21.0000 (mean, 1 tok)
2026-04-30 14:09:02,329 mme_vla_suite.pseudo_labeling.topreward_qwen_scorer INFO: Prefix 7/8 (end=161, n_frames=32/162): reward=-19.8750 (mean, 1 tok)
2026-04-30 14:09:06,635 mme_vla_suite.pseudo_labeling.topreward_qwen_scorer INFO: Prefix 8/8 (end=185, n_frames=37/186): reward=-16.7500 (mean, 1 tok)
2026-04-30 14:09:11,531 mme_vla_suite.pseudo_labeling.topreward_qwen_scorer INFO: Prefix 1/8 (end=19, n_frames=4/20): reward=-23.3750 (mean, 1 tok)
2026-04-30 14:09:15,685 mme_vla_suite.pseudo_labeling.topreward_qwen_scorer INFO: Prefix 2/8 (end=44, n_frames=9/45): reward=-22.7500 (mean, 1 tok)
2026-04-30 14:09:19,864 mme_vla_suite.pseudo_labeling.topreward_qwen_scorer INFO: Prefix 3/8 (end=69, n_frames=14/70): reward=-21.1250 (mean, 1 tok)
2026-04-30 14:09:24,081 mme_vla_suite.pseudo_labeling.topreward_qwen_scorer INFO: Prefix 4/8 (end=94, n_frames=19/95): reward=-22.5000 (mean, 1 tok)
2026-04-30 14:09:28,290 mme_vla_suite.pseudo_labeling.topreward_qwen_scorer INFO: Prefix 5/8 (end=120, n_frames=24/121): reward=-21.7500 (mean, 1 tok)
2026-04-30 14:09:32,571 mme_vla_suite.pseudo_labeling.topreward_qwen_scorer INFO: Prefix 6/8 (end=145, n_frames=29/146): reward=-20.8750 (mean, 1 tok)
2026-04-30 14:09:36,865 mme_vla_suite.pseudo_labeling.topreward_qwen_scorer INFO: Prefix 7/8 (end=170, n_frames=34/171): reward=-19.8750 (mean, 1 tok)
2026-04-30 14:09:41,224 mme_vla_suite.pseudo_labeling.topreward_qwen_scorer INFO: Prefix 8/8 (end=196, n_frames=39/197): reward=-17.8750 (mean, 1 tok)
2026-04-30 14:09:46,340 mme_vla_suite.pseudo_labeling.topreward_qwen_scorer INFO: Prefix 1/8 (end=18, n_frames=4/19): reward=-23.6250 (mean, 1 tok)
2026-04-30 14:09:50,499 mme_vla_suite.pseudo_labeling.topreward_qwen_scorer INFO: Prefix 2/8 (end=41, n_frames=8/42): reward=-22.2500 (mean, 1 tok)
2026-04-30 14:09:54,670 mme_vla_suite.pseudo_labeling.topreward_qwen_scorer INFO: Prefix 3/8 (end=64, n_frames=13/65): reward=-22.5000 (mean, 1 tok)
2026-04-30 14:09:58,859 mme_vla_suite.pseudo_labeling.topreward_qwen_scorer INFO: Prefix 4/8 (end=87, n_frames=18/88): reward=-22.0000 (mean, 1 tok)
2026-04-30 14:10:03,086 mme_vla_suite.pseudo_labeling.topreward_qwen_scorer INFO: Prefix 5/8 (end=110, n_frames=22/111): reward=-21.3750 (mean, 1 tok)
2026-04-30 14:10:07,351 mme_vla_suite.pseudo_labeling.topreward_qwen_scorer INFO: Prefix 6/8 (end=133, n_frames=27/134): reward=-20.6250 (mean, 1 tok)
2026-04-30 14:10:11,640 mme_vla_suite.pseudo_labeling.topreward_qwen_scorer INFO: Prefix 7/8 (end=156, n_frames=31/157): reward=-21.0000 (mean, 1 tok)
2026-04-30 14:10:15,965 mme_vla_suite.pseudo_labeling.topreward_qwen_scorer INFO: Prefix 8/8 (end=179, n_frames=36/180): reward=-19.6250 (mean, 1 tok)
2026-04-30 14:10:20,833 mme_vla_suite.pseudo_labeling.topreward_qwen_scorer INFO: Prefix 1/8 (end=18, n_frames=4/19): reward=-23.6250 (mean, 1 tok)
2026-04-30 14:10:24,992 mme_vla_suite.pseudo_labeling.topreward_qwen_scorer INFO: Prefix 2/8 (end=41, n_frames=8/42): reward=-22.2500 (mean, 1 tok)
2026-04-30 14:10:29,160 mme_vla_suite.pseudo_labeling.topreward_qwen_scorer INFO: Prefix 3/8 (end=65, n_frames=13/66): reward=-22.1250 (mean, 1 tok)
2026-04-30 14:10:33,381 mme_vla_suite.pseudo_labeling.topreward_qwen_scorer INFO: Prefix 4/8 (end=89, n_frames=18/90): reward=-22.2500 (mean, 1 tok)
2026-04-30 14:10:37,601 mme_vla_suite.pseudo_labeling.topreward_qwen_scorer INFO: Prefix 5/8 (end=113, n_frames=23/114): reward=-21.0000 (mean, 1 tok)
2026-04-30 14:10:41,899 mme_vla_suite.pseudo_labeling.topreward_qwen_scorer INFO: Prefix 6/8 (end=137, n_frames=28/138): reward=-19.6250 (mean, 1 tok)
2026-04-30 14:10:46,213 mme_vla_suite.pseudo_labeling.topreward_qwen_scorer INFO: Prefix 7/8 (end=161, n_frames=32/162): reward=-20.5000 (mean, 1 tok)
2026-04-30 14:10:50,590 mme_vla_suite.pseudo_labeling.topreward_qwen_scorer INFO: Prefix 8/8 (end=185, n_frames=37/186): reward=-19.1250 (mean, 1 tok)
2026-04-30 14:10:55,536 mme_vla_suite.pseudo_labeling.topreward_qwen_scorer INFO: Prefix 1/8 (end=10, n_frames=4/11): reward=-24.0000 (mean, 1 tok)
2026-04-30 14:10:59,684 mme_vla_suite.pseudo_labeling.topreward_qwen_scorer INFO: Prefix 2/8 (end=22, n_frames=5/23): reward=-23.7500 (mean, 1 tok)
2026-04-30 14:11:03,844 mme_vla_suite.pseudo_labeling.topreward_qwen_scorer INFO: Prefix 3/8 (end=35, n_frames=7/36): reward=-23.1250 (mean, 1 tok)
2026-04-30 14:11:08,001 mme_vla_suite.pseudo_labeling.topreward_qwen_scorer INFO: Prefix 4/8 (end=48, n_frames=10/49): reward=-22.8750 (mean, 1 tok)
2026-04-30 14:11:12,175 mme_vla_suite.pseudo_labeling.topreward_qwen_scorer INFO: Prefix 5/8 (end=60, n_frames=12/61): reward=-23.0000 (mean, 1 tok)
2026-04-30 14:11:16,348 mme_vla_suite.pseudo_labeling.topreward_qwen_scorer INFO: Prefix 6/8 (end=73, n_frames=15/74): reward=-23.0000 (mean, 1 tok)
2026-04-30 14:11:20,528 mme_vla_suite.pseudo_labeling.topreward_qwen_scorer INFO: Prefix 7/8 (end=86, n_frames=17/87): reward=-22.6250 (mean, 1 tok)
2026-04-30 14:11:24,732 mme_vla_suite.pseudo_labeling.topreward_qwen_scorer INFO: Prefix 8/8 (end=99, n_frames=20/100): reward=-18.7500 (mean, 1 tok)
2026-04-30 14:11:29,449 mme_vla_suite.pseudo_labeling.topreward_qwen_scorer INFO: Prefix 1/8 (end=10, n_frames=4/11): reward=-24.0000 (mean, 1 tok)
2026-04-30 14:11:33,606 mme_vla_suite.pseudo_labeling.topreward_qwen_scorer INFO: Prefix 2/8 (end=23, n_frames=5/24): reward=-23.7500 (mean, 1 tok)
2026-04-30 14:11:37,749 mme_vla_suite.pseudo_labeling.topreward_qwen_scorer INFO: Prefix 3/8 (end=37, n_frames=8/38): reward=-23.1250 (mean, 1 tok)
2026-04-30 14:11:41,925 mme_vla_suite.pseudo_labeling.topreward_qwen_scorer INFO: Prefix 4/8 (end=51, n_frames=10/52): reward=-23.0000 (mean, 1 tok)
2026-04-30 14:11:46,108 mme_vla_suite.pseudo_labeling.topreward_qwen_scorer INFO: Prefix 5/8 (end=64, n_frames=13/65): reward=-24.1250 (mean, 1 tok)
2026-04-30 14:11:50,288 mme_vla_suite.pseudo_labeling.topreward_qwen_scorer INFO: Prefix 6/8 (end=78, n_frames=16/79): reward=-23.7500 (mean, 1 tok)
2026-04-30 14:11:54,487 mme_vla_suite.pseudo_labeling.topreward_qwen_scorer INFO: Prefix 7/8 (end=92, n_frames=19/93): reward=-23.1250 (mean, 1 tok)
2026-04-30 14:11:58,716 mme_vla_suite.pseudo_labeling.topreward_qwen_scorer INFO: Prefix 8/8 (end=106, n_frames=21/107): reward=-19.7500 (mean, 1 tok)
2026-04-30 14:12:03,747 mme_vla_suite.pseudo_labeling.topreward_qwen_scorer INFO: Prefix 1/8 (end=11, n_frames=4/12): reward=-24.2500 (mean, 1 tok)
2026-04-30 14:12:07,902 mme_vla_suite.pseudo_labeling.topreward_qwen_scorer INFO: Prefix 2/8 (end=25, n_frames=5/26): reward=-24.2500 (mean, 1 tok)
2026-04-30 14:12:12,064 mme_vla_suite.pseudo_labeling.topreward_qwen_scorer INFO: Prefix 3/8 (end=39, n_frames=8/40): reward=-23.7500 (mean, 1 tok)
2026-04-30 14:12:16,230 mme_vla_suite.pseudo_labeling.topreward_qwen_scorer INFO: Prefix 4/8 (end=53, n_frames=11/54): reward=-23.2500 (mean, 1 tok)
2026-04-30 14:12:20,408 mme_vla_suite.pseudo_labeling.topreward_qwen_scorer INFO: Prefix 5/8 (end=68, n_frames=14/69): reward=-24.6250 (mean, 1 tok)
2026-04-30 14:12:24,600 mme_vla_suite.pseudo_labeling.topreward_qwen_scorer INFO: Prefix 6/8 (end=82, n_frames=17/83): reward=-24.0000 (mean, 1 tok)
2026-04-30 14:12:28,797 mme_vla_suite.pseudo_labeling.topreward_qwen_scorer INFO: Prefix 7/8 (end=96, n_frames=19/97): reward=-20.1250 (mean, 1 tok)
2026-04-30 14:12:33,036 mme_vla_suite.pseudo_labeling.topreward_qwen_scorer INFO: Prefix 8/8 (end=111, n_frames=22/112): reward=-18.6250 (mean, 1 tok)
2026-04-30 14:12:38,059 mme_vla_suite.pseudo_labeling.topreward_qwen_scorer INFO: Prefix 1/8 (end=5, n_frames=4/6): reward=-22.1250 (mean, 1 tok)
2026-04-30 14:12:42,196 mme_vla_suite.pseudo_labeling.topreward_qwen_scorer INFO: Prefix 2/8 (end=11, n_frames=4/12): reward=-21.7500 (mean, 1 tok)
2026-04-30 14:12:46,345 mme_vla_suite.pseudo_labeling.topreward_qwen_scorer INFO: Prefix 3/8 (end=18, n_frames=4/19): reward=-21.7500 (mean, 1 tok)
2026-04-30 14:12:50,497 mme_vla_suite.pseudo_labeling.topreward_qwen_scorer INFO: Prefix 4/8 (end=24, n_frames=5/25): reward=-20.8750 (mean, 1 tok)
2026-04-30 14:12:54,655 mme_vla_suite.pseudo_labeling.topreward_qwen_scorer INFO: Prefix 5/8 (end=31, n_frames=6/32): reward=-21.5000 (mean, 1 tok)
2026-04-30 14:12:58,839 mme_vla_suite.pseudo_labeling.topreward_qwen_scorer INFO: Prefix 6/8 (end=37, n_frames=8/38): reward=-21.2500 (mean, 1 tok)
2026-04-30 14:13:03,005 mme_vla_suite.pseudo_labeling.topreward_qwen_scorer INFO: Prefix 7/8 (end=44, n_frames=9/45): reward=-19.0000 (mean, 1 tok)
2026-04-30 14:13:07,172 mme_vla_suite.pseudo_labeling.topreward_qwen_scorer INFO: Prefix 8/8 (end=51, n_frames=10/52): reward=-18.7500 (mean, 1 tok)
2026-04-30 14:13:12,037 mme_vla_suite.pseudo_labeling.topreward_qwen_scorer INFO: Prefix 1/8 (end=9, n_frames=4/10): reward=-25.3750 (mean, 1 tok)
2026-04-30 14:13:16,175 mme_vla_suite.pseudo_labeling.topreward_qwen_scorer INFO: Prefix 2/8 (end=21, n_frames=4/22): reward=-25.0000 (mean, 1 tok)
2026-04-30 14:13:20,323 mme_vla_suite.pseudo_labeling.topreward_qwen_scorer INFO: Prefix 3/8 (end=34, n_frames=7/35): reward=-23.8750 (mean, 1 tok)
2026-04-30 14:13:24,499 mme_vla_suite.pseudo_labeling.topreward_qwen_scorer INFO: Prefix 4/8 (end=46, n_frames=9/47): reward=-23.5000 (mean, 1 tok)
2026-04-30 14:13:28,690 mme_vla_suite.pseudo_labeling.topreward_qwen_scorer INFO: Prefix 5/8 (end=59, n_frames=12/60): reward=-23.8750 (mean, 1 tok)
2026-04-30 14:13:32,855 mme_vla_suite.pseudo_labeling.topreward_qwen_scorer INFO: Prefix 6/8 (end=71, n_frames=14/72): reward=-24.0000 (mean, 1 tok)
2026-04-30 14:13:37,069 mme_vla_suite.pseudo_labeling.topreward_qwen_scorer INFO: Prefix 7/8 (end=84, n_frames=17/85): reward=-24.1250 (mean, 1 tok)
2026-04-30 14:13:41,295 mme_vla_suite.pseudo_labeling.topreward_qwen_scorer INFO: Prefix 8/8 (end=97, n_frames=20/98): reward=-18.7500 (mean, 1 tok)
2026-04-30 14:13:46,196 mme_vla_suite.pseudo_labeling.topreward_qwen_scorer INFO: Prefix 1/8 (end=10, n_frames=4/11): reward=-25.1250 (mean, 1 tok)
2026-04-30 14:13:50,398 mme_vla_suite.pseudo_labeling.topreward_qwen_scorer INFO: Prefix 2/8 (end=23, n_frames=5/24): reward=-23.7500 (mean, 1 tok)
2026-04-30 14:13:54,549 mme_vla_suite.pseudo_labeling.topreward_qwen_scorer INFO: Prefix 3/8 (end=37, n_frames=8/38): reward=-24.6250 (mean, 1 tok)
2026-04-30 14:13:58,712 mme_vla_suite.pseudo_labeling.topreward_qwen_scorer INFO: Prefix 4/8 (end=51, n_frames=10/52): reward=-23.8750 (mean, 1 tok)
2026-04-30 14:14:02,919 mme_vla_suite.pseudo_labeling.topreward_qwen_scorer INFO: Prefix 5/8 (end=65, n_frames=13/66): reward=-24.1250 (mean, 1 tok)
2026-04-30 14:14:07,117 mme_vla_suite.pseudo_labeling.topreward_qwen_scorer INFO: Prefix 6/8 (end=79, n_frames=16/80): reward=-24.7500 (mean, 1 tok)
2026-04-30 14:14:11,332 mme_vla_suite.pseudo_labeling.topreward_qwen_scorer INFO: Prefix 7/8 (end=93, n_frames=19/94): reward=-18.8750 (mean, 1 tok)
2026-04-30 14:14:15,626 mme_vla_suite.pseudo_labeling.topreward_qwen_scorer INFO: Prefix 8/8 (end=107, n_frames=22/108): reward=-18.7500 (mean, 1 tok)
2026-04-30 14:14:20,394 mme_vla_suite.pseudo_labeling.topreward_qwen_scorer INFO: Prefix 1/8 (end=9, n_frames=4/10): reward=-24.3750 (mean, 1 tok)
2026-04-30 14:14:24,533 mme_vla_suite.pseudo_labeling.topreward_qwen_scorer INFO: Prefix 2/8 (end=20, n_frames=4/21): reward=-24.3750 (mean, 1 tok)
2026-04-30 14:14:28,692 mme_vla_suite.pseudo_labeling.topreward_qwen_scorer INFO: Prefix 3/8 (end=32, n_frames=7/33): reward=-23.2500 (mean, 1 tok)
2026-04-30 14:14:32,844 mme_vla_suite.pseudo_labeling.topreward_qwen_scorer INFO: Prefix 4/8 (end=44, n_frames=9/45): reward=-22.8750 (mean, 1 tok)
2026-04-30 14:14:37,016 mme_vla_suite.pseudo_labeling.topreward_qwen_scorer INFO: Prefix 5/8 (end=55, n_frames=11/56): reward=-22.5000 (mean, 1 tok)
2026-04-30 14:14:41,194 mme_vla_suite.pseudo_labeling.topreward_qwen_scorer INFO: Prefix 6/8 (end=67, n_frames=14/68): reward=-23.2500 (mean, 1 tok)
2026-04-30 14:14:45,411 mme_vla_suite.pseudo_labeling.topreward_qwen_scorer INFO: Prefix 7/8 (end=79, n_frames=16/80): reward=-22.1250 (mean, 1 tok)
2026-04-30 14:14:49,654 mme_vla_suite.pseudo_labeling.topreward_qwen_scorer INFO: Prefix 8/8 (end=91, n_frames=18/92): reward=-18.5000 (mean, 1 tok)
2026-04-30 14:14:54,525 mme_vla_suite.pseudo_labeling.topreward_qwen_scorer INFO: Prefix 1/8 (end=9, n_frames=4/10): reward=-24.3750 (mean, 1 tok)
2026-04-30 14:14:58,658 mme_vla_suite.pseudo_labeling.topreward_qwen_scorer INFO: Prefix 2/8 (end=21, n_frames=4/22): reward=-24.3750 (mean, 1 tok)
2026-04-30 14:15:02,813 mme_vla_suite.pseudo_labeling.topreward_qwen_scorer INFO: Prefix 3/8 (end=34, n_frames=7/35): reward=-23.3750 (mean, 1 tok)
2026-04-30 14:15:06,970 mme_vla_suite.pseudo_labeling.topreward_qwen_scorer INFO: Prefix 4/8 (end=47, n_frames=10/48): reward=-22.3750 (mean, 1 tok)
2026-04-30 14:15:11,140 mme_vla_suite.pseudo_labeling.topreward_qwen_scorer INFO: Prefix 5/8 (end=59, n_frames=12/60): reward=-22.6250 (mean, 1 tok)
2026-04-30 14:15:15,342 mme_vla_suite.pseudo_labeling.topreward_qwen_scorer INFO: Prefix 6/8 (end=72, n_frames=15/73): reward=-21.5000 (mean, 1 tok)
2026-04-30 14:15:19,558 mme_vla_suite.pseudo_labeling.topreward_qwen_scorer INFO: Prefix 7/8 (end=85, n_frames=17/86): reward=-24.0000 (mean, 1 tok)
2026-04-30 14:15:23,781 mme_vla_suite.pseudo_labeling.topreward_qwen_scorer INFO: Prefix 8/8 (end=98, n_frames=20/99): reward=-19.8750 (mean, 1 tok)
2026-04-30 14:15:28,766 mme_vla_suite.pseudo_labeling.topreward_qwen_scorer INFO: Prefix 1/8 (end=10, n_frames=4/11): reward=-24.0000 (mean, 1 tok)
2026-04-30 14:15:32,917 mme_vla_suite.pseudo_labeling.topreward_qwen_scorer INFO: Prefix 2/8 (end=23, n_frames=5/24): reward=-23.7500 (mean, 1 tok)
2026-04-30 14:15:37,068 mme_vla_suite.pseudo_labeling.topreward_qwen_scorer INFO: Prefix 3/8 (end=36, n_frames=7/37): reward=-22.8750 (mean, 1 tok)
2026-04-30 14:15:41,225 mme_vla_suite.pseudo_labeling.topreward_qwen_scorer INFO: Prefix 4/8 (end=49, n_frames=10/50): reward=-22.6250 (mean, 1 tok)
2026-04-30 14:15:45,406 mme_vla_suite.pseudo_labeling.topreward_qwen_scorer INFO: Prefix 5/8 (end=63, n_frames=13/64): reward=-23.6250 (mean, 1 tok)
2026-04-30 14:15:49,579 mme_vla_suite.pseudo_labeling.topreward_qwen_scorer INFO: Prefix 6/8 (end=76, n_frames=15/77): reward=-24.2500 (mean, 1 tok)
2026-04-30 14:15:53,760 mme_vla_suite.pseudo_labeling.topreward_qwen_scorer INFO: Prefix 7/8 (end=89, n_frames=18/90): reward=-22.6250 (mean, 1 tok)
2026-04-30 14:15:57,986 mme_vla_suite.pseudo_labeling.topreward_qwen_scorer INFO: Prefix 8/8 (end=103, n_frames=21/104): reward=-18.6250 (mean, 1 tok)
2026-04-30 14:16:02,825 mme_vla_suite.pseudo_labeling.topreward_qwen_scorer INFO: Prefix 1/8 (end=11, n_frames=4/12): reward=-24.0000 (mean, 1 tok)
2026-04-30 14:16:06,997 mme_vla_suite.pseudo_labeling.topreward_qwen_scorer INFO: Prefix 2/8 (end=26, n_frames=5/27): reward=-23.7500 (mean, 1 tok)
2026-04-30 14:16:11,222 mme_vla_suite.pseudo_labeling.topreward_qwen_scorer INFO: Prefix 3/8 (end=41, n_frames=8/42): reward=-23.0000 (mean, 1 tok)
2026-04-30 14:16:15,401 mme_vla_suite.pseudo_labeling.topreward_qwen_scorer INFO: Prefix 4/8 (end=56, n_frames=11/57): reward=-23.7500 (mean, 1 tok)
2026-04-30 14:16:19,586 mme_vla_suite.pseudo_labeling.topreward_qwen_scorer INFO: Prefix 5/8 (end=71, n_frames=14/72): reward=-23.3750 (mean, 1 tok)
2026-04-30 14:16:23,783 mme_vla_suite.pseudo_labeling.topreward_qwen_scorer INFO: Prefix 6/8 (end=86, n_frames=17/87): reward=-22.8750 (mean, 1 tok)
2026-04-30 14:16:27,988 mme_vla_suite.pseudo_labeling.topreward_qwen_scorer INFO: Prefix 7/8 (end=101, n_frames=20/102): reward=-18.8750 (mean, 1 tok)
2026-04-30 14:16:32,248 mme_vla_suite.pseudo_labeling.topreward_qwen_scorer INFO: Prefix 8/8 (end=116, n_frames=23/117): reward=-19.3750 (mean, 1 tok)
2026-04-30 14:16:37,180 mme_vla_suite.pseudo_labeling.topreward_qwen_scorer INFO: Prefix 1/8 (end=9, n_frames=4/10): reward=-23.8750 (mean, 1 tok)
2026-04-30 14:16:41,333 mme_vla_suite.pseudo_labeling.topreward_qwen_scorer INFO: Prefix 2/8 (end=21, n_frames=4/22): reward=-23.8750 (mean, 1 tok)
2026-04-30 14:16:45,506 mme_vla_suite.pseudo_labeling.topreward_qwen_scorer INFO: Prefix 3/8 (end=33, n_frames=7/34): reward=-22.7500 (mean, 1 tok)
2026-04-30 14:16:49,686 mme_vla_suite.pseudo_labeling.topreward_qwen_scorer INFO: Prefix 4/8 (end=45, n_frames=9/46): reward=-22.5000 (mean, 1 tok)
2026-04-30 14:16:53,878 mme_vla_suite.pseudo_labeling.topreward_qwen_scorer INFO: Prefix 5/8 (end=57, n_frames=12/58): reward=-23.1250 (mean, 1 tok)
2026-04-30 14:16:58,058 mme_vla_suite.pseudo_labeling.topreward_qwen_scorer INFO: Prefix 6/8 (end=69, n_frames=14/70): reward=-24.0000 (mean, 1 tok)
2026-04-30 14:17:02,236 mme_vla_suite.pseudo_labeling.topreward_qwen_scorer INFO: Prefix 7/8 (end=81, n_frames=16/82): reward=-24.0000 (mean, 1 tok)
2026-04-30 14:17:06,443 mme_vla_suite.pseudo_labeling.topreward_qwen_scorer INFO: Prefix 8/8 (end=94, n_frames=19/95): reward=-19.2500 (mean, 1 tok)
2026-04-30 14:17:11,390 mme_vla_suite.pseudo_labeling.topreward_qwen_scorer INFO: Prefix 1/8 (end=10, n_frames=4/11): reward=-23.8750 (mean, 1 tok)
2026-04-30 14:17:15,543 mme_vla_suite.pseudo_labeling.topreward_qwen_scorer INFO: Prefix 2/8 (end=23, n_frames=5/24): reward=-23.8750 (mean, 1 tok)
2026-04-30 14:17:19,700 mme_vla_suite.pseudo_labeling.topreward_qwen_scorer INFO: Prefix 3/8 (end=36, n_frames=7/37): reward=-23.3750 (mean, 1 tok)
2026-04-30 14:17:23,872 mme_vla_suite.pseudo_labeling.topreward_qwen_scorer INFO: Prefix 4/8 (end=49, n_frames=10/50): reward=-22.5000 (mean, 1 tok)
2026-04-30 14:17:28,051 mme_vla_suite.pseudo_labeling.topreward_qwen_scorer INFO: Prefix 5/8 (end=62, n_frames=13/63): reward=-23.3750 (mean, 1 tok)
2026-04-30 14:17:32,244 mme_vla_suite.pseudo_labeling.topreward_qwen_scorer INFO: Prefix 6/8 (end=75, n_frames=15/76): reward=-23.3750 (mean, 1 tok)
2026-04-30 14:17:36,424 mme_vla_suite.pseudo_labeling.topreward_qwen_scorer INFO: Prefix 7/8 (end=88, n_frames=18/89): reward=-22.8750 (mean, 1 tok)
2026-04-30 14:17:40,617 mme_vla_suite.pseudo_labeling.topreward_qwen_scorer INFO: Prefix 8/8 (end=101, n_frames=20/102): reward=-19.8750 (mean, 1 tok)
2026-04-30 14:17:45,770 mme_vla_suite.pseudo_labeling.topreward_qwen_scorer INFO: Prefix 1/8 (end=9, n_frames=4/10): reward=-24.2500 (mean, 1 tok)
2026-04-30 14:17:49,913 mme_vla_suite.pseudo_labeling.topreward_qwen_scorer INFO: Prefix 2/8 (end=21, n_frames=4/22): reward=-24.2500 (mean, 1 tok)
2026-04-30 14:17:54,065 mme_vla_suite.pseudo_labeling.topreward_qwen_scorer INFO: Prefix 3/8 (end=33, n_frames=7/34): reward=-23.1250 (mean, 1 tok)
2026-04-30 14:17:58,223 mme_vla_suite.pseudo_labeling.topreward_qwen_scorer INFO: Prefix 4/8 (end=46, n_frames=9/47): reward=-23.0000 (mean, 1 tok)
2026-04-30 14:18:02,395 mme_vla_suite.pseudo_labeling.topreward_qwen_scorer INFO: Prefix 5/8 (end=58, n_frames=12/59): reward=-23.7500 (mean, 1 tok)
2026-04-30 14:18:06,573 mme_vla_suite.pseudo_labeling.topreward_qwen_scorer INFO: Prefix 6/8 (end=71, n_frames=14/72): reward=-23.0000 (mean, 1 tok)
2026-04-30 14:18:10,785 mme_vla_suite.pseudo_labeling.topreward_qwen_scorer INFO: Prefix 7/8 (end=83, n_frames=17/84): reward=-21.8750 (mean, 1 tok)
2026-04-30 14:18:15,000 mme_vla_suite.pseudo_labeling.topreward_qwen_scorer INFO: Prefix 8/8 (end=96, n_frames=19/97): reward=-18.1250 (mean, 1 tok)
2026-04-30 14:18:19,731 mme_vla_suite.pseudo_labeling.topreward_qwen_scorer INFO: Prefix 1/8 (end=4, n_frames=4/5): reward=-20.7500 (mean, 1 tok)
2026-04-30 14:18:23,868 mme_vla_suite.pseudo_labeling.topreward_qwen_scorer INFO: Prefix 2/8 (end=9, n_frames=4/10): reward=-20.7500 (mean, 1 tok)
2026-04-30 14:18:28,012 mme_vla_suite.pseudo_labeling.topreward_qwen_scorer INFO: Prefix 3/8 (end=14, n_frames=4/15): reward=-20.2500 (mean, 1 tok)
2026-04-30 14:18:32,147 mme_vla_suite.pseudo_labeling.topreward_qwen_scorer INFO: Prefix 4/8 (end=19, n_frames=4/20): reward=-20.0000 (mean, 1 tok)
2026-04-30 14:18:36,280 mme_vla_suite.pseudo_labeling.topreward_qwen_scorer INFO: Prefix 5/8 (end=24, n_frames=5/25): reward=-18.1250 (mean, 1 tok)
2026-04-30 14:18:40,442 mme_vla_suite.pseudo_labeling.topreward_qwen_scorer INFO: Prefix 6/8 (end=29, n_frames=6/30): reward=-18.6250 (mean, 1 tok)
2026-04-30 14:18:44,598 mme_vla_suite.pseudo_labeling.topreward_qwen_scorer INFO: Prefix 7/8 (end=34, n_frames=7/35): reward=-18.3750 (mean, 1 tok)
2026-04-30 14:18:48,747 mme_vla_suite.pseudo_labeling.topreward_qwen_scorer INFO: Prefix 8/8 (end=40, n_frames=8/41): reward=-17.8750 (mean, 1 tok)
2026-04-30 14:18:53,702 mme_vla_suite.pseudo_labeling.topreward_qwen_scorer INFO: Prefix 1/8 (end=10, n_frames=4/11): reward=-24.0000 (mean, 1 tok)
2026-04-30 14:18:57,854 mme_vla_suite.pseudo_labeling.topreward_qwen_scorer INFO: Prefix 2/8 (end=22, n_frames=5/23): reward=-22.7500 (mean, 1 tok)
2026-04-30 14:19:02,016 mme_vla_suite.pseudo_labeling.topreward_qwen_scorer INFO: Prefix 3/8 (end=35, n_frames=7/36): reward=-22.5000 (mean, 1 tok)
2026-04-30 14:19:06,171 mme_vla_suite.pseudo_labeling.topreward_qwen_scorer INFO: Prefix 4/8 (end=48, n_frames=10/49): reward=-21.6250 (mean, 1 tok)
2026-04-30 14:19:10,340 mme_vla_suite.pseudo_labeling.topreward_qwen_scorer INFO: Prefix 5/8 (end=60, n_frames=12/61): reward=-22.7500 (mean, 1 tok)
2026-04-30 14:19:14,533 mme_vla_suite.pseudo_labeling.topreward_qwen_scorer INFO: Prefix 6/8 (end=73, n_frames=15/74): reward=-22.8750 (mean, 1 tok)
2026-04-30 14:19:18,749 mme_vla_suite.pseudo_labeling.topreward_qwen_scorer INFO: Prefix 7/8 (end=86, n_frames=17/87): reward=-22.7500 (mean, 1 tok)
2026-04-30 14:19:22,981 mme_vla_suite.pseudo_labeling.topreward_qwen_scorer INFO: Prefix 8/8 (end=99, n_frames=20/100): reward=-18.7500 (mean, 1 tok)
2026-04-30 14:19:27,780 mme_vla_suite.pseudo_labeling.topreward_qwen_scorer INFO: Prefix 1/8 (end=10, n_frames=4/11): reward=-24.0000 (mean, 1 tok)
2026-04-30 14:19:31,934 mme_vla_suite.pseudo_labeling.topreward_qwen_scorer INFO: Prefix 2/8 (end=24, n_frames=5/25): reward=-22.3750 (mean, 1 tok)
2026-04-30 14:19:36,096 mme_vla_suite.pseudo_labeling.topreward_qwen_scorer INFO: Prefix 3/8 (end=38, n_frames=8/39): reward=-21.8750 (mean, 1 tok)
2026-04-30 14:19:40,281 mme_vla_suite.pseudo_labeling.topreward_qwen_scorer INFO: Prefix 4/8 (end=52, n_frames=11/53): reward=-22.8750 (mean, 1 tok)
2026-04-30 14:19:44,453 mme_vla_suite.pseudo_labeling.topreward_qwen_scorer INFO: Prefix 5/8 (end=66, n_frames=13/67): reward=-23.8750 (mean, 1 tok)
2026-04-30 14:19:48,649 mme_vla_suite.pseudo_labeling.topreward_qwen_scorer INFO: Prefix 6/8 (end=80, n_frames=16/81): reward=-22.8750 (mean, 1 tok)
2026-04-30 14:19:52,886 mme_vla_suite.pseudo_labeling.topreward_qwen_scorer INFO: Prefix 7/8 (end=94, n_frames=19/95): reward=-18.6250 (mean, 1 tok)
2026-04-30 14:19:57,146 mme_vla_suite.pseudo_labeling.topreward_qwen_scorer INFO: Prefix 8/8 (end=108, n_frames=22/109): reward=-18.0000 (mean, 1 tok)
2026-04-30 14:20:02,088 mme_vla_suite.pseudo_labeling.topreward_qwen_scorer INFO: Prefix 1/8 (end=10, n_frames=4/11): reward=-23.6250 (mean, 1 tok)
2026-04-30 14:20:06,245 mme_vla_suite.pseudo_labeling.topreward_qwen_scorer INFO: Prefix 2/8 (end=23, n_frames=5/24): reward=-23.3750 (mean, 1 tok)
2026-04-30 14:20:10,407 mme_vla_suite.pseudo_labeling.topreward_qwen_scorer INFO: Prefix 3/8 (end=36, n_frames=7/37): reward=-22.2500 (mean, 1 tok)
2026-04-30 14:20:14,585 mme_vla_suite.pseudo_labeling.topreward_qwen_scorer INFO: Prefix 4/8 (end=49, n_frames=10/50): reward=-20.7500 (mean, 1 tok)
2026-04-30 14:20:18,763 mme_vla_suite.pseudo_labeling.topreward_qwen_scorer INFO: Prefix 5/8 (end=62, n_frames=13/63): reward=-21.1250 (mean, 1 tok)
2026-04-30 14:20:22,983 mme_vla_suite.pseudo_labeling.topreward_qwen_scorer INFO: Prefix 6/8 (end=75, n_frames=15/76): reward=-21.3750 (mean, 1 tok)
2026-04-30 14:20:27,208 mme_vla_suite.pseudo_labeling.topreward_qwen_scorer INFO: Prefix 7/8 (end=88, n_frames=18/89): reward=-21.1250 (mean, 1 tok)
2026-04-30 14:20:31,442 mme_vla_suite.pseudo_labeling.topreward_qwen_scorer INFO: Prefix 8/8 (end=101, n_frames=20/102): reward=-19.7500 (mean, 1 tok)
2026-04-30 14:20:36,344 mme_vla_suite.pseudo_labeling.topreward_qwen_scorer INFO: Prefix 1/8 (end=11, n_frames=4/12): reward=-23.6250 (mean, 1 tok)
2026-04-30 14:20:40,499 mme_vla_suite.pseudo_labeling.topreward_qwen_scorer INFO: Prefix 2/8 (end=25, n_frames=5/26): reward=-23.3750 (mean, 1 tok)
2026-04-30 14:20:44,655 mme_vla_suite.pseudo_labeling.topreward_qwen_scorer INFO: Prefix 3/8 (end=40, n_frames=8/41): reward=-22.1250 (mean, 1 tok)
2026-04-30 14:20:48,820 mme_vla_suite.pseudo_labeling.topreward_qwen_scorer INFO: Prefix 4/8 (end=55, n_frames=11/56): reward=-21.7500 (mean, 1 tok)
2026-04-30 14:20:53,005 mme_vla_suite.pseudo_labeling.topreward_qwen_scorer INFO: Prefix 5/8 (end=69, n_frames=14/70): reward=-20.1250 (mean, 1 tok)
2026-04-30 14:20:57,217 mme_vla_suite.pseudo_labeling.topreward_qwen_scorer INFO: Prefix 6/8 (end=84, n_frames=17/85): reward=-21.1250 (mean, 1 tok)
2026-04-30 14:21:01,457 mme_vla_suite.pseudo_labeling.topreward_qwen_scorer INFO: Prefix 7/8 (end=99, n_frames=20/100): reward=-19.3750 (mean, 1 tok)
2026-04-30 14:21:05,686 mme_vla_suite.pseudo_labeling.topreward_qwen_scorer INFO: Prefix 8/8 (end=114, n_frames=23/115): reward=-18.2500 (mean, 1 tok)
2026-04-30 14:21:10,612 mme_vla_suite.pseudo_labeling.topreward_qwen_scorer INFO: Prefix 1/8 (end=10, n_frames=4/11): reward=-24.3750 (mean, 1 tok)
2026-04-30 14:21:14,764 mme_vla_suite.pseudo_labeling.topreward_qwen_scorer INFO: Prefix 2/8 (end=22, n_frames=5/23): reward=-24.1250 (mean, 1 tok)
2026-04-30 14:21:18,921 mme_vla_suite.pseudo_labeling.topreward_qwen_scorer INFO: Prefix 3/8 (end=35, n_frames=7/36): reward=-24.1250 (mean, 1 tok)
2026-04-30 14:21:23,084 mme_vla_suite.pseudo_labeling.topreward_qwen_scorer INFO: Prefix 4/8 (end=48, n_frames=10/49): reward=-22.6250 (mean, 1 tok)
2026-04-30 14:21:27,246 mme_vla_suite.pseudo_labeling.topreward_qwen_scorer INFO: Prefix 5/8 (end=61, n_frames=12/62): reward=-23.3750 (mean, 1 tok)
2026-04-30 14:21:31,430 mme_vla_suite.pseudo_labeling.topreward_qwen_scorer INFO: Prefix 6/8 (end=74, n_frames=15/75): reward=-23.3750 (mean, 1 tok)
2026-04-30 14:21:35,617 mme_vla_suite.pseudo_labeling.topreward_qwen_scorer INFO: Prefix 7/8 (end=87, n_frames=18/88): reward=-23.2500 (mean, 1 tok)
2026-04-30 14:21:39,814 mme_vla_suite.pseudo_labeling.topreward_qwen_scorer INFO: Prefix 8/8 (end=100, n_frames=20/101): reward=-19.1250 (mean, 1 tok)
2026-04-30 14:21:44,798 mme_vla_suite.pseudo_labeling.topreward_qwen_scorer INFO: Prefix 1/8 (end=11, n_frames=4/12): reward=-24.3750 (mean, 1 tok)
2026-04-30 14:21:48,948 mme_vla_suite.pseudo_labeling.topreward_qwen_scorer INFO: Prefix 2/8 (end=25, n_frames=5/26): reward=-24.1250 (mean, 1 tok)
2026-04-30 14:21:53,097 mme_vla_suite.pseudo_labeling.topreward_qwen_scorer INFO: Prefix 3/8 (end=39, n_frames=8/40): reward=-23.1250 (mean, 1 tok)
2026-04-30 14:21:57,273 mme_vla_suite.pseudo_labeling.topreward_qwen_scorer INFO: Prefix 4/8 (end=53, n_frames=11/54): reward=-22.7500 (mean, 1 tok)
2026-04-30 14:22:01,462 mme_vla_suite.pseudo_labeling.topreward_qwen_scorer INFO: Prefix 5/8 (end=68, n_frames=14/69): reward=-23.6250 (mean, 1 tok)
2026-04-30 14:22:05,658 mme_vla_suite.pseudo_labeling.topreward_qwen_scorer INFO: Prefix 6/8 (end=82, n_frames=17/83): reward=-23.5000 (mean, 1 tok)
2026-04-30 14:22:09,870 mme_vla_suite.pseudo_labeling.topreward_qwen_scorer INFO: Prefix 7/8 (end=96, n_frames=19/97): reward=-18.7500 (mean, 1 tok)
2026-04-30 14:22:14,123 mme_vla_suite.pseudo_labeling.topreward_qwen_scorer INFO: Prefix 8/8 (end=111, n_frames=22/112): reward=-19.0000 (mean, 1 tok)
2026-04-30 14:22:19,175 mme_vla_suite.pseudo_labeling.topreward_qwen_scorer INFO: Prefix 1/8 (end=9, n_frames=4/10): reward=-24.5000 (mean, 1 tok)
2026-04-30 14:22:23,310 mme_vla_suite.pseudo_labeling.topreward_qwen_scorer INFO: Prefix 2/8 (end=21, n_frames=4/22): reward=-24.5000 (mean, 1 tok)
2026-04-30 14:22:27,478 mme_vla_suite.pseudo_labeling.topreward_qwen_scorer INFO: Prefix 3/8 (end=34, n_frames=7/35): reward=-23.7500 (mean, 1 tok)
2026-04-30 14:22:31,646 mme_vla_suite.pseudo_labeling.topreward_qwen_scorer INFO: Prefix 4/8 (end=47, n_frames=10/48): reward=-23.0000 (mean, 1 tok)
2026-04-30 14:22:35,817 mme_vla_suite.pseudo_labeling.topreward_qwen_scorer INFO: Prefix 5/8 (end=59, n_frames=12/60): reward=-23.3750 (mean, 1 tok)
2026-04-30 14:22:39,998 mme_vla_suite.pseudo_labeling.topreward_qwen_scorer INFO: Prefix 6/8 (end=72, n_frames=15/73): reward=-23.3750 (mean, 1 tok)
2026-04-30 14:22:44,192 mme_vla_suite.pseudo_labeling.topreward_qwen_scorer INFO: Prefix 7/8 (end=85, n_frames=17/86): reward=-23.6250 (mean, 1 tok)
2026-04-30 14:22:48,397 mme_vla_suite.pseudo_labeling.topreward_qwen_scorer INFO: Prefix 8/8 (end=98, n_frames=20/99): reward=-19.7500 (mean, 1 tok)
2026-04-30 14:22:53,304 mme_vla_suite.pseudo_labeling.topreward_qwen_scorer INFO: Prefix 1/8 (end=11, n_frames=4/12): reward=-24.5000 (mean, 1 tok)
2026-04-30 14:22:57,447 mme_vla_suite.pseudo_labeling.topreward_qwen_scorer INFO: Prefix 2/8 (end=25, n_frames=5/26): reward=-24.3750 (mean, 1 tok)
2026-04-30 14:23:01,601 mme_vla_suite.pseudo_labeling.topreward_qwen_scorer INFO: Prefix 3/8 (end=39, n_frames=8/40): reward=-23.5000 (mean, 1 tok)
2026-04-30 14:23:05,778 mme_vla_suite.pseudo_labeling.topreward_qwen_scorer INFO: Prefix 4/8 (end=53, n_frames=11/54): reward=-23.2500 (mean, 1 tok)
2026-04-30 14:23:09,962 mme_vla_suite.pseudo_labeling.topreward_qwen_scorer INFO: Prefix 5/8 (end=67, n_frames=14/68): reward=-23.3750 (mean, 1 tok)
2026-04-30 14:23:14,166 mme_vla_suite.pseudo_labeling.topreward_qwen_scorer INFO: Prefix 6/8 (end=81, n_frames=16/82): reward=-23.8750 (mean, 1 tok)
2026-04-30 14:23:18,395 mme_vla_suite.pseudo_labeling.topreward_qwen_scorer INFO: Prefix 7/8 (end=95, n_frames=19/96): reward=-20.0000 (mean, 1 tok)
2026-04-30 14:23:22,638 mme_vla_suite.pseudo_labeling.topreward_qwen_scorer INFO: Prefix 8/8 (end=110, n_frames=22/111): reward=-19.0000 (mean, 1 tok)
2026-04-30 14:23:27,469 mme_vla_suite.pseudo_labeling.topreward_qwen_scorer INFO: Prefix 1/8 (end=10, n_frames=4/11): reward=-23.6250 (mean, 1 tok)
2026-04-30 14:23:31,623 mme_vla_suite.pseudo_labeling.topreward_qwen_scorer INFO: Prefix 2/8 (end=24, n_frames=5/25): reward=-23.8750 (mean, 1 tok)
2026-04-30 14:23:35,777 mme_vla_suite.pseudo_labeling.topreward_qwen_scorer INFO: Prefix 3/8 (end=38, n_frames=8/39): reward=-21.8750 (mean, 1 tok)
2026-04-30 14:23:39,954 mme_vla_suite.pseudo_labeling.topreward_qwen_scorer INFO: Prefix 4/8 (end=52, n_frames=11/53): reward=-22.8750 (mean, 1 tok)
2026-04-30 14:23:44,134 mme_vla_suite.pseudo_labeling.topreward_qwen_scorer INFO: Prefix 5/8 (end=66, n_frames=13/67): reward=-23.2500 (mean, 1 tok)
2026-04-30 14:23:48,337 mme_vla_suite.pseudo_labeling.topreward_qwen_scorer INFO: Prefix 6/8 (end=80, n_frames=16/81): reward=-23.5000 (mean, 1 tok)
2026-04-30 14:23:52,556 mme_vla_suite.pseudo_labeling.topreward_qwen_scorer INFO: Prefix 7/8 (end=94, n_frames=19/95): reward=-25.2500 (mean, 1 tok)
2026-04-30 14:23:56,787 mme_vla_suite.pseudo_labeling.topreward_qwen_scorer INFO: Prefix 8/8 (end=108, n_frames=22/109): reward=-19.5000 (mean, 1 tok)
2026-04-30 14:24:01,617 mme_vla_suite.pseudo_labeling.topreward_qwen_scorer INFO: Prefix 1/8 (end=4, n_frames=4/5): reward=-20.0000 (mean, 1 tok)
2026-04-30 14:24:05,754 mme_vla_suite.pseudo_labeling.topreward_qwen_scorer INFO: Prefix 2/8 (end=10, n_frames=4/11): reward=-20.8750 (mean, 1 tok)
2026-04-30 14:24:09,904 mme_vla_suite.pseudo_labeling.topreward_qwen_scorer INFO: Prefix 3/8 (end=16, n_frames=4/17): reward=-20.3750 (mean, 1 tok)
2026-04-30 14:24:14,055 mme_vla_suite.pseudo_labeling.topreward_qwen_scorer INFO: Prefix 4/8 (end=22, n_frames=5/23): reward=-21.5000 (mean, 1 tok)
2026-04-30 14:24:18,190 mme_vla_suite.pseudo_labeling.topreward_qwen_scorer INFO: Prefix 5/8 (end=28, n_frames=6/29): reward=-21.0000 (mean, 1 tok)
2026-04-30 14:24:22,334 mme_vla_suite.pseudo_labeling.topreward_qwen_scorer INFO: Prefix 6/8 (end=34, n_frames=7/35): reward=-20.6250 (mean, 1 tok)
2026-04-30 14:24:26,475 mme_vla_suite.pseudo_labeling.topreward_qwen_scorer INFO: Prefix 7/8 (end=40, n_frames=8/41): reward=-21.2500 (mean, 1 tok)
2026-04-30 14:24:30,619 mme_vla_suite.pseudo_labeling.topreward_qwen_scorer INFO: Prefix 8/8 (end=46, n_frames=9/47): reward=-18.7500 (mean, 1 tok)
2026-04-30 14:24:35,662 mme_vla_suite.pseudo_labeling.topreward_qwen_scorer INFO: Prefix 1/8 (end=9, n_frames=4/10): reward=-24.7500 (mean, 1 tok)
2026-04-30 14:24:39,797 mme_vla_suite.pseudo_labeling.topreward_qwen_scorer INFO: Prefix 2/8 (end=21, n_frames=4/22): reward=-24.7500 (mean, 1 tok)
2026-04-30 14:24:43,944 mme_vla_suite.pseudo_labeling.topreward_qwen_scorer INFO: Prefix 3/8 (end=34, n_frames=7/35): reward=-25.3750 (mean, 1 tok)
2026-04-30 14:24:48,105 mme_vla_suite.pseudo_labeling.topreward_qwen_scorer INFO: Prefix 4/8 (end=46, n_frames=9/47): reward=-24.2500 (mean, 1 tok)
2026-04-30 14:24:52,269 mme_vla_suite.pseudo_labeling.topreward_qwen_scorer INFO: Prefix 5/8 (end=59, n_frames=12/60): reward=-23.7500 (mean, 1 tok)
2026-04-30 14:24:56,441 mme_vla_suite.pseudo_labeling.topreward_qwen_scorer INFO: Prefix 6/8 (end=71, n_frames=14/72): reward=-24.1250 (mean, 1 tok)
2026-04-30 14:25:00,661 mme_vla_suite.pseudo_labeling.topreward_qwen_scorer INFO: Prefix 7/8 (end=84, n_frames=17/85): reward=-23.5000 (mean, 1 tok)
2026-04-30 14:25:04,884 mme_vla_suite.pseudo_labeling.topreward_qwen_scorer INFO: Prefix 8/8 (end=97, n_frames=20/98): reward=-18.8750 (mean, 1 tok)
2026-04-30 14:25:09,619 mme_vla_suite.pseudo_labeling.topreward_qwen_scorer INFO: Prefix 1/8 (end=10, n_frames=4/11): reward=-25.1250 (mean, 1 tok)
2026-04-30 14:25:13,864 mme_vla_suite.pseudo_labeling.topreward_qwen_scorer INFO: Prefix 2/8 (end=23, n_frames=5/24): reward=-24.3750 (mean, 1 tok)
2026-04-30 14:25:18,015 mme_vla_suite.pseudo_labeling.topreward_qwen_scorer INFO: Prefix 3/8 (end=37, n_frames=8/38): reward=-25.0000 (mean, 1 tok)
2026-04-30 14:25:22,192 mme_vla_suite.pseudo_labeling.topreward_qwen_scorer INFO: Prefix 4/8 (end=51, n_frames=10/52): reward=-24.5000 (mean, 1 tok)
2026-04-30 14:25:26,391 mme_vla_suite.pseudo_labeling.topreward_qwen_scorer INFO: Prefix 5/8 (end=65, n_frames=13/66): reward=-24.0000 (mean, 1 tok)
2026-04-30 14:25:30,579 mme_vla_suite.pseudo_labeling.topreward_qwen_scorer INFO: Prefix 6/8 (end=79, n_frames=16/80): reward=-24.3750 (mean, 1 tok)
2026-04-30 14:25:34,792 mme_vla_suite.pseudo_labeling.topreward_qwen_scorer INFO: Prefix 7/8 (end=93, n_frames=19/94): reward=-17.6250 (mean, 1 tok)
2026-04-30 14:25:39,075 mme_vla_suite.pseudo_labeling.topreward_qwen_scorer INFO: Prefix 8/8 (end=107, n_frames=22/108): reward=-19.0000 (mean, 1 tok)
2026-04-30 14:25:43,972 mme_vla_suite.pseudo_labeling.topreward_qwen_scorer INFO: Prefix 1/8 (end=9, n_frames=4/10): reward=-24.0000 (mean, 1 tok)
2026-04-30 14:25:48,111 mme_vla_suite.pseudo_labeling.topreward_qwen_scorer INFO: Prefix 2/8 (end=21, n_frames=4/22): reward=-24.0000 (mean, 1 tok)
2026-04-30 14:25:52,248 mme_vla_suite.pseudo_labeling.topreward_qwen_scorer INFO: Prefix 3/8 (end=34, n_frames=7/35): reward=-23.1250 (mean, 1 tok)
2026-04-30 14:25:56,397 mme_vla_suite.pseudo_labeling.topreward_qwen_scorer INFO: Prefix 4/8 (end=47, n_frames=10/48): reward=-22.3750 (mean, 1 tok)
2026-04-30 14:26:00,563 mme_vla_suite.pseudo_labeling.topreward_qwen_scorer INFO: Prefix 5/8 (end=59, n_frames=12/60): reward=-22.5000 (mean, 1 tok)
2026-04-30 14:26:04,744 mme_vla_suite.pseudo_labeling.topreward_qwen_scorer INFO: Prefix 6/8 (end=72, n_frames=15/73): reward=-23.0000 (mean, 1 tok)
2026-04-30 14:26:08,950 mme_vla_suite.pseudo_labeling.topreward_qwen_scorer INFO: Prefix 7/8 (end=85, n_frames=17/86): reward=-21.7500 (mean, 1 tok)
2026-04-30 14:26:13,175 mme_vla_suite.pseudo_labeling.topreward_qwen_scorer INFO: Prefix 8/8 (end=98, n_frames=20/99): reward=-19.8750 (mean, 1 tok)
2026-04-30 14:26:18,075 mme_vla_suite.pseudo_labeling.topreward_qwen_scorer INFO: Prefix 1/8 (end=11, n_frames=4/12): reward=-24.0000 (mean, 1 tok)
2026-04-30 14:26:22,229 mme_vla_suite.pseudo_labeling.topreward_qwen_scorer INFO: Prefix 2/8 (end=25, n_frames=5/26): reward=-23.8750 (mean, 1 tok)
2026-04-30 14:26:26,380 mme_vla_suite.pseudo_labeling.topreward_qwen_scorer INFO: Prefix 3/8 (end=39, n_frames=8/40): reward=-22.6250 (mean, 1 tok)
2026-04-30 14:26:30,542 mme_vla_suite.pseudo_labeling.topreward_qwen_scorer INFO: Prefix 4/8 (end=53, n_frames=11/54): reward=-22.5000 (mean, 1 tok)
2026-04-30 14:26:34,723 mme_vla_suite.pseudo_labeling.topreward_qwen_scorer INFO: Prefix 5/8 (end=68, n_frames=14/69): reward=-22.6250 (mean, 1 tok)
2026-04-30 14:26:38,901 mme_vla_suite.pseudo_labeling.topreward_qwen_scorer INFO: Prefix 6/8 (end=82, n_frames=17/83): reward=-21.3750 (mean, 1 tok)
2026-04-30 14:26:43,104 mme_vla_suite.pseudo_labeling.topreward_qwen_scorer INFO: Prefix 7/8 (end=96, n_frames=19/97): reward=-20.2500 (mean, 1 tok)
2026-04-30 14:26:47,321 mme_vla_suite.pseudo_labeling.topreward_qwen_scorer INFO: Prefix 8/8 (end=111, n_frames=22/112): reward=-19.5000 (mean, 1 tok)
2026-04-30 14:26:52,123 mme_vla_suite.pseudo_labeling.topreward_qwen_scorer INFO: Prefix 1/8 (end=9, n_frames=4/10): reward=-23.6250 (mean, 1 tok)
2026-04-30 14:26:56,264 mme_vla_suite.pseudo_labeling.topreward_qwen_scorer INFO: Prefix 2/8 (end=21, n_frames=4/22): reward=-23.6250 (mean, 1 tok)
2026-04-30 14:27:00,417 mme_vla_suite.pseudo_labeling.topreward_qwen_scorer INFO: Prefix 3/8 (end=33, n_frames=7/34): reward=-23.0000 (mean, 1 tok)
2026-04-30 14:27:04,567 mme_vla_suite.pseudo_labeling.topreward_qwen_scorer INFO: Prefix 4/8 (end=45, n_frames=9/46): reward=-22.2500 (mean, 1 tok)
2026-04-30 14:27:08,731 mme_vla_suite.pseudo_labeling.topreward_qwen_scorer INFO: Prefix 5/8 (end=57, n_frames=12/58): reward=-22.3750 (mean, 1 tok)
2026-04-30 14:27:12,900 mme_vla_suite.pseudo_labeling.topreward_qwen_scorer INFO: Prefix 6/8 (end=69, n_frames=14/70): reward=-22.8750 (mean, 1 tok)
2026-04-30 14:27:17,075 mme_vla_suite.pseudo_labeling.topreward_qwen_scorer INFO: Prefix 7/8 (end=81, n_frames=16/82): reward=-22.3750 (mean, 1 tok)
2026-04-30 14:27:21,264 mme_vla_suite.pseudo_labeling.topreward_qwen_scorer INFO: Prefix 8/8 (end=94, n_frames=19/95): reward=-20.5000 (mean, 1 tok)
2026-04-30 14:27:26,152 mme_vla_suite.pseudo_labeling.topreward_qwen_scorer INFO: Prefix 1/8 (end=10, n_frames=4/11): reward=-23.6250 (mean, 1 tok)
2026-04-30 14:27:30,297 mme_vla_suite.pseudo_labeling.topreward_qwen_scorer INFO: Prefix 2/8 (end=23, n_frames=5/24): reward=-23.6250 (mean, 1 tok)
2026-04-30 14:27:34,470 mme_vla_suite.pseudo_labeling.topreward_qwen_scorer INFO: Prefix 3/8 (end=36, n_frames=7/37): reward=-22.3750 (mean, 1 tok)
2026-04-30 14:27:38,644 mme_vla_suite.pseudo_labeling.topreward_qwen_scorer INFO: Prefix 4/8 (end=49, n_frames=10/50): reward=-22.7500 (mean, 1 tok)
2026-04-30 14:27:42,813 mme_vla_suite.pseudo_labeling.topreward_qwen_scorer INFO: Prefix 5/8 (end=62, n_frames=13/63): reward=-22.8750 (mean, 1 tok)
2026-04-30 14:27:46,989 mme_vla_suite.pseudo_labeling.topreward_qwen_scorer INFO: Prefix 6/8 (end=75, n_frames=15/76): reward=-22.7500 (mean, 1 tok)
2026-04-30 14:27:51,181 mme_vla_suite.pseudo_labeling.topreward_qwen_scorer INFO: Prefix 7/8 (end=88, n_frames=18/89): reward=-22.1250 (mean, 1 tok)
2026-04-30 14:27:55,382 mme_vla_suite.pseudo_labeling.topreward_qwen_scorer INFO: Prefix 8/8 (end=101, n_frames=20/102): reward=-19.6250 (mean, 1 tok)
2026-04-30 14:28:00,569 mme_vla_suite.pseudo_labeling.topreward_qwen_scorer INFO: Prefix 1/8 (end=10, n_frames=4/11): reward=-24.2500 (mean, 1 tok)
2026-04-30 14:28:04,718 mme_vla_suite.pseudo_labeling.topreward_qwen_scorer INFO: Prefix 2/8 (end=23, n_frames=5/24): reward=-24.2500 (mean, 1 tok)
2026-04-30 14:28:08,880 mme_vla_suite.pseudo_labeling.topreward_qwen_scorer INFO: Prefix 3/8 (end=37, n_frames=8/38): reward=-24.2500 (mean, 1 tok)
2026-04-30 14:28:13,038 mme_vla_suite.pseudo_labeling.topreward_qwen_scorer INFO: Prefix 4/8 (end=51, n_frames=10/52): reward=-23.7500 (mean, 1 tok)
2026-04-30 14:28:17,226 mme_vla_suite.pseudo_labeling.topreward_qwen_scorer INFO: Prefix 5/8 (end=65, n_frames=13/66): reward=-23.2500 (mean, 1 tok)
2026-04-30 14:28:21,416 mme_vla_suite.pseudo_labeling.topreward_qwen_scorer INFO: Prefix 6/8 (end=79, n_frames=16/80): reward=-22.6250 (mean, 1 tok)
2026-04-30 14:28:25,647 mme_vla_suite.pseudo_labeling.topreward_qwen_scorer INFO: Prefix 7/8 (end=93, n_frames=19/94): reward=-23.3750 (mean, 1 tok)
2026-04-30 14:28:29,875 mme_vla_suite.pseudo_labeling.topreward_qwen_scorer INFO: Prefix 8/8 (end=107, n_frames=22/108): reward=-19.7500 (mean, 1 tok)
2026-04-30 14:28:34,681 mme_vla_suite.pseudo_labeling.topreward_qwen_scorer INFO: Prefix 1/8 (end=12, n_frames=4/13): reward=-24.2500 (mean, 1 tok)
2026-04-30 14:28:38,830 mme_vla_suite.pseudo_labeling.topreward_qwen_scorer INFO: Prefix 2/8 (end=27, n_frames=6/28): reward=-24.2500 (mean, 1 tok)
2026-04-30 14:28:42,992 mme_vla_suite.pseudo_labeling.topreward_qwen_scorer INFO: Prefix 3/8 (end=42, n_frames=9/43): reward=-23.7500 (mean, 1 tok)
2026-04-30 14:28:47,171 mme_vla_suite.pseudo_labeling.topreward_qwen_scorer INFO: Prefix 4/8 (end=57, n_frames=12/58): reward=-23.5000 (mean, 1 tok)
2026-04-30 14:28:51,376 mme_vla_suite.pseudo_labeling.topreward_qwen_scorer INFO: Prefix 5/8 (end=73, n_frames=15/74): reward=-23.0000 (mean, 1 tok)
2026-04-30 14:28:55,598 mme_vla_suite.pseudo_labeling.topreward_qwen_scorer INFO: Prefix 6/8 (end=88, n_frames=18/89): reward=-23.2500 (mean, 1 tok)
2026-04-30 14:28:59,827 mme_vla_suite.pseudo_labeling.topreward_qwen_scorer INFO: Prefix 7/8 (end=103, n_frames=21/104): reward=-18.8750 (mean, 1 tok)
2026-04-30 14:29:04,078 mme_vla_suite.pseudo_labeling.topreward_qwen_scorer INFO: Prefix 8/8 (end=119, n_frames=24/120): reward=-19.8750 (mean, 1 tok)
2026-04-30 14:29:08,972 mme_vla_suite.pseudo_labeling.topreward_qwen_scorer INFO: Prefix 1/8 (end=10, n_frames=4/11): reward=-24.3750 (mean, 1 tok)
2026-04-30 14:29:13,117 mme_vla_suite.pseudo_labeling.topreward_qwen_scorer INFO: Prefix 2/8 (end=22, n_frames=5/23): reward=-24.1250 (mean, 1 tok)
2026-04-30 14:29:17,262 mme_vla_suite.pseudo_labeling.topreward_qwen_scorer INFO: Prefix 3/8 (end=35, n_frames=7/36): reward=-23.2500 (mean, 1 tok)
2026-04-30 14:29:21,432 mme_vla_suite.pseudo_labeling.topreward_qwen_scorer INFO: Prefix 4/8 (end=48, n_frames=10/49): reward=-22.8750 (mean, 1 tok)
2026-04-30 14:29:25,591 mme_vla_suite.pseudo_labeling.topreward_qwen_scorer INFO: Prefix 5/8 (end=61, n_frames=12/62): reward=-23.6250 (mean, 1 tok)
2026-04-30 14:29:29,782 mme_vla_suite.pseudo_labeling.topreward_qwen_scorer INFO: Prefix 6/8 (end=74, n_frames=15/75): reward=-23.8750 (mean, 1 tok)
2026-04-30 14:29:34,009 mme_vla_suite.pseudo_labeling.topreward_qwen_scorer INFO: Prefix 7/8 (end=87, n_frames=18/88): reward=-24.1250 (mean, 1 tok)
2026-04-30 14:29:38,230 mme_vla_suite.pseudo_labeling.topreward_qwen_scorer INFO: Prefix 8/8 (end=100, n_frames=20/101): reward=-19.5000 (mean, 1 tok)
2026-04-30 14:29:43,118 mme_vla_suite.pseudo_labeling.topreward_qwen_scorer INFO: Prefix 1/8 (end=5, n_frames=4/6): reward=-19.5000 (mean, 1 tok)
2026-04-30 14:29:47,262 mme_vla_suite.pseudo_labeling.topreward_qwen_scorer INFO: Prefix 2/8 (end=11, n_frames=4/12): reward=-20.2500 (mean, 1 tok)
2026-04-30 14:29:51,401 mme_vla_suite.pseudo_labeling.topreward_qwen_scorer INFO: Prefix 3/8 (end=17, n_frames=4/18): reward=-21.6250 (mean, 1 tok)
2026-04-30 14:29:55,537 mme_vla_suite.pseudo_labeling.topreward_qwen_scorer INFO: Prefix 4/8 (end=24, n_frames=5/25): reward=-21.8750 (mean, 1 tok)
2026-04-30 14:29:59,667 mme_vla_suite.pseudo_labeling.topreward_qwen_scorer INFO: Prefix 5/8 (end=30, n_frames=6/31): reward=-21.8750 (mean, 1 tok)
2026-04-30 14:30:03,821 mme_vla_suite.pseudo_labeling.topreward_qwen_scorer INFO: Prefix 6/8 (end=37, n_frames=8/38): reward=-22.2500 (mean, 1 tok)
2026-04-30 14:30:07,970 mme_vla_suite.pseudo_labeling.topreward_qwen_scorer INFO: Prefix 7/8 (end=43, n_frames=9/44): reward=-21.6250 (mean, 1 tok)
2026-04-30 14:30:12,131 mme_vla_suite.pseudo_labeling.topreward_qwen_scorer INFO: Prefix 8/8 (end=50, n_frames=10/51): reward=-21.7500 (mean, 1 tok)
2026-04-30 14:30:17,168 mme_vla_suite.pseudo_labeling.topreward_qwen_scorer INFO: Prefix 1/8 (end=10, n_frames=4/11): reward=-25.2500 (mean, 1 tok)
2026-04-30 14:30:21,313 mme_vla_suite.pseudo_labeling.topreward_qwen_scorer INFO: Prefix 2/8 (end=23, n_frames=5/24): reward=-24.2500 (mean, 1 tok)
2026-04-30 14:30:25,465 mme_vla_suite.pseudo_labeling.topreward_qwen_scorer INFO: Prefix 3/8 (end=36, n_frames=7/37): reward=-24.5000 (mean, 1 tok)
2026-04-30 14:30:29,632 mme_vla_suite.pseudo_labeling.topreward_qwen_scorer INFO: Prefix 4/8 (end=49, n_frames=10/50): reward=-23.5000 (mean, 1 tok)
2026-04-30 14:30:33,834 mme_vla_suite.pseudo_labeling.topreward_qwen_scorer INFO: Prefix 5/8 (end=63, n_frames=13/64): reward=-24.2500 (mean, 1 tok)
2026-04-30 14:30:38,038 mme_vla_suite.pseudo_labeling.topreward_qwen_scorer INFO: Prefix 6/8 (end=76, n_frames=15/77): reward=-23.6250 (mean, 1 tok)
2026-04-30 14:30:42,225 mme_vla_suite.pseudo_labeling.topreward_qwen_scorer INFO: Prefix 7/8 (end=89, n_frames=18/90): reward=-23.6250 (mean, 1 tok)
2026-04-30 14:30:46,444 mme_vla_suite.pseudo_labeling.topreward_qwen_scorer INFO: Prefix 8/8 (end=103, n_frames=21/104): reward=-17.3750 (mean, 1 tok)
2026-04-30 14:30:51,249 mme_vla_suite.pseudo_labeling.topreward_qwen_scorer INFO: Prefix 1/8 (end=11, n_frames=4/12): reward=-25.2500 (mean, 1 tok)
2026-04-30 14:30:55,395 mme_vla_suite.pseudo_labeling.topreward_qwen_scorer INFO: Prefix 2/8 (end=25, n_frames=5/26): reward=-23.6250 (mean, 1 tok)
2026-04-30 14:30:59,550 mme_vla_suite.pseudo_labeling.topreward_qwen_scorer INFO: Prefix 3/8 (end=40, n_frames=8/41): reward=-24.6250 (mean, 1 tok)
2026-04-30 14:31:03,722 mme_vla_suite.pseudo_labeling.topreward_qwen_scorer INFO: Prefix 4/8 (end=54, n_frames=11/55): reward=-24.1250 (mean, 1 tok)
2026-04-30 14:31:07,897 mme_vla_suite.pseudo_labeling.topreward_qwen_scorer INFO: Prefix 5/8 (end=69, n_frames=14/70): reward=-24.5000 (mean, 1 tok)
2026-04-30 14:31:12,108 mme_vla_suite.pseudo_labeling.topreward_qwen_scorer INFO: Prefix 6/8 (end=83, n_frames=17/84): reward=-23.5000 (mean, 1 tok)
2026-04-30 14:31:16,318 mme_vla_suite.pseudo_labeling.topreward_qwen_scorer INFO: Prefix 7/8 (end=98, n_frames=20/99): reward=-18.3750 (mean, 1 tok)
2026-04-30 14:31:20,554 mme_vla_suite.pseudo_labeling.topreward_qwen_scorer INFO: Prefix 8/8 (end=113, n_frames=23/114): reward=-18.6250 (mean, 1 tok)
2026-04-30 14:31:25,448 mme_vla_suite.pseudo_labeling.topreward_qwen_scorer INFO: Prefix 1/8 (end=9, n_frames=4/10): reward=-24.1250 (mean, 1 tok)
2026-04-30 14:31:29,594 mme_vla_suite.pseudo_labeling.topreward_qwen_scorer INFO: Prefix 2/8 (end=20, n_frames=4/21): reward=-24.1250 (mean, 1 tok)
2026-04-30 14:31:33,768 mme_vla_suite.pseudo_labeling.topreward_qwen_scorer INFO: Prefix 3/8 (end=32, n_frames=7/33): reward=-23.1250 (mean, 1 tok)
2026-04-30 14:31:37,936 mme_vla_suite.pseudo_labeling.topreward_qwen_scorer INFO: Prefix 4/8 (end=43, n_frames=9/44): reward=-22.5000 (mean, 1 tok)
2026-04-30 14:31:42,106 mme_vla_suite.pseudo_labeling.topreward_qwen_scorer INFO: Prefix 5/8 (end=55, n_frames=11/56): reward=-24.0000 (mean, 1 tok)
2026-04-30 14:31:46,297 mme_vla_suite.pseudo_labeling.topreward_qwen_scorer INFO: Prefix 6/8 (end=66, n_frames=13/67): reward=-24.3750 (mean, 1 tok)
2026-04-30 14:31:50,481 mme_vla_suite.pseudo_labeling.topreward_qwen_scorer INFO: Prefix 7/8 (end=78, n_frames=16/79): reward=-23.5000 (mean, 1 tok)
2026-04-30 14:31:54,670 mme_vla_suite.pseudo_labeling.topreward_qwen_scorer INFO: Prefix 8/8 (end=90, n_frames=18/91): reward=-19.1250 (mean, 1 tok)
2026-04-30 14:31:59,519 mme_vla_suite.pseudo_labeling.topreward_qwen_scorer INFO: Prefix 1/8 (end=9, n_frames=4/10): reward=-24.1250 (mean, 1 tok)
2026-04-30 14:32:03,654 mme_vla_suite.pseudo_labeling.topreward_qwen_scorer INFO: Prefix 2/8 (end=21, n_frames=4/22): reward=-24.1250 (mean, 1 tok)
2026-04-30 14:32:07,811 mme_vla_suite.pseudo_labeling.topreward_qwen_scorer INFO: Prefix 3/8 (end=34, n_frames=7/35): reward=-23.5000 (mean, 1 tok)
2026-04-30 14:32:11,963 mme_vla_suite.pseudo_labeling.topreward_qwen_scorer INFO: Prefix 4/8 (end=46, n_frames=9/47): reward=-23.2500 (mean, 1 tok)
2026-04-30 14:32:16,123 mme_vla_suite.pseudo_labeling.topreward_qwen_scorer INFO: Prefix 5/8 (end=59, n_frames=12/60): reward=-23.5000 (mean, 1 tok)
2026-04-30 14:32:20,287 mme_vla_suite.pseudo_labeling.topreward_qwen_scorer INFO: Prefix 6/8 (end=71, n_frames=14/72): reward=-23.1250 (mean, 1 tok)
2026-04-30 14:32:24,471 mme_vla_suite.pseudo_labeling.topreward_qwen_scorer INFO: Prefix 7/8 (end=84, n_frames=17/85): reward=-20.3750 (mean, 1 tok)
2026-04-30 14:32:28,666 mme_vla_suite.pseudo_labeling.topreward_qwen_scorer INFO: Prefix 8/8 (end=97, n_frames=20/98): reward=-19.7500 (mean, 1 tok)
2026-04-30 14:32:33,542 mme_vla_suite.pseudo_labeling.topreward_qwen_scorer INFO: Prefix 1/8 (end=9, n_frames=4/10): reward=-23.7500 (mean, 1 tok)
2026-04-30 14:32:37,666 mme_vla_suite.pseudo_labeling.topreward_qwen_scorer INFO: Prefix 2/8 (end=21, n_frames=4/22): reward=-23.7500 (mean, 1 tok)
2026-04-30 14:32:41,832 mme_vla_suite.pseudo_labeling.topreward_qwen_scorer INFO: Prefix 3/8 (end=33, n_frames=7/34): reward=-23.5000 (mean, 1 tok)
2026-04-30 14:32:45,980 mme_vla_suite.pseudo_labeling.topreward_qwen_scorer INFO: Prefix 4/8 (end=45, n_frames=9/46): reward=-22.5000 (mean, 1 tok)
2026-04-30 14:32:50,131 mme_vla_suite.pseudo_labeling.topreward_qwen_scorer INFO: Prefix 5/8 (end=57, n_frames=12/58): reward=-22.5000 (mean, 1 tok)
2026-04-30 14:32:54,299 mme_vla_suite.pseudo_labeling.topreward_qwen_scorer INFO: Prefix 6/8 (end=69, n_frames=14/70): reward=-23.6250 (mean, 1 tok)
2026-04-30 14:32:58,470 mme_vla_suite.pseudo_labeling.topreward_qwen_scorer INFO: Prefix 7/8 (end=81, n_frames=16/82): reward=-23.2500 (mean, 1 tok)
2026-04-30 14:33:02,657 mme_vla_suite.pseudo_labeling.topreward_qwen_scorer INFO: Prefix 8/8 (end=94, n_frames=19/95): reward=-19.3750 (mean, 1 tok)
2026-04-30 14:33:07,649 mme_vla_suite.pseudo_labeling.topreward_qwen_scorer INFO: Prefix 1/8 (end=10, n_frames=4/11): reward=-23.7500 (mean, 1 tok)
2026-04-30 14:33:11,801 mme_vla_suite.pseudo_labeling.topreward_qwen_scorer INFO: Prefix 2/8 (end=23, n_frames=5/24): reward=-23.7500 (mean, 1 tok)
2026-04-30 14:33:15,958 mme_vla_suite.pseudo_labeling.topreward_qwen_scorer INFO: Prefix 3/8 (end=37, n_frames=8/38): reward=-23.1250 (mean, 1 tok)
2026-04-30 14:33:20,115 mme_vla_suite.pseudo_labeling.topreward_qwen_scorer INFO: Prefix 4/8 (end=50, n_frames=10/51): reward=-22.7500 (mean, 1 tok)
2026-04-30 14:33:24,295 mme_vla_suite.pseudo_labeling.topreward_qwen_scorer INFO: Prefix 5/8 (end=64, n_frames=13/65): reward=-23.7500 (mean, 1 tok)
2026-04-30 14:33:28,492 mme_vla_suite.pseudo_labeling.topreward_qwen_scorer INFO: Prefix 6/8 (end=77, n_frames=16/78): reward=-23.3750 (mean, 1 tok)
2026-04-30 14:33:32,708 mme_vla_suite.pseudo_labeling.topreward_qwen_scorer INFO: Prefix 7/8 (end=91, n_frames=18/92): reward=-18.1250 (mean, 1 tok)
2026-04-30 14:33:36,946 mme_vla_suite.pseudo_labeling.topreward_qwen_scorer INFO: Prefix 8/8 (end=105, n_frames=21/106): reward=-19.1250 (mean, 1 tok)
2026-04-30 14:33:41,911 mme_vla_suite.pseudo_labeling.topreward_qwen_scorer INFO: Prefix 1/8 (end=9, n_frames=4/10): reward=-24.0000 (mean, 1 tok)
2026-04-30 14:33:46,037 mme_vla_suite.pseudo_labeling.topreward_qwen_scorer INFO: Prefix 2/8 (end=21, n_frames=4/22): reward=-24.0000 (mean, 1 tok)
2026-04-30 14:33:50,217 mme_vla_suite.pseudo_labeling.topreward_qwen_scorer INFO: Prefix 3/8 (end=33, n_frames=7/34): reward=-22.7500 (mean, 1 tok)
2026-04-30 14:33:54,360 mme_vla_suite.pseudo_labeling.topreward_qwen_scorer INFO: Prefix 4/8 (end=46, n_frames=9/47): reward=-22.7500 (mean, 1 tok)
2026-04-30 14:33:58,514 mme_vla_suite.pseudo_labeling.topreward_qwen_scorer INFO: Prefix 5/8 (end=58, n_frames=12/59): reward=-22.1250 (mean, 1 tok)
2026-04-30 14:34:02,681 mme_vla_suite.pseudo_labeling.topreward_qwen_scorer INFO: Prefix 6/8 (end=71, n_frames=14/72): reward=-22.8750 (mean, 1 tok)
2026-04-30 14:34:06,875 mme_vla_suite.pseudo_labeling.topreward_qwen_scorer INFO: Prefix 7/8 (end=83, n_frames=17/84): reward=-22.2500 (mean, 1 tok)
2026-04-30 14:34:11,102 mme_vla_suite.pseudo_labeling.topreward_qwen_scorer INFO: Prefix 8/8 (end=96, n_frames=19/97): reward=-20.7500 (mean, 1 tok)
2026-04-30 14:34:15,953 mme_vla_suite.pseudo_labeling.topreward_qwen_scorer INFO: Prefix 1/8 (end=10, n_frames=4/11): reward=-24.0000 (mean, 1 tok)
2026-04-30 14:34:20,100 mme_vla_suite.pseudo_labeling.topreward_qwen_scorer INFO: Prefix 2/8 (end=24, n_frames=5/25): reward=-23.6250 (mean, 1 tok)
2026-04-30 14:34:24,234 mme_vla_suite.pseudo_labeling.topreward_qwen_scorer INFO: Prefix 3/8 (end=38, n_frames=8/39): reward=-22.3750 (mean, 1 tok)
2026-04-30 14:34:28,397 mme_vla_suite.pseudo_labeling.topreward_qwen_scorer INFO: Prefix 4/8 (end=52, n_frames=11/53): reward=-23.1250 (mean, 1 tok)
2026-04-30 14:34:32,557 mme_vla_suite.pseudo_labeling.topreward_qwen_scorer INFO: Prefix 5/8 (end=66, n_frames=13/67): reward=-22.7500 (mean, 1 tok)
2026-04-30 14:34:36,742 mme_vla_suite.pseudo_labeling.topreward_qwen_scorer INFO: Prefix 6/8 (end=80, n_frames=16/81): reward=-22.6250 (mean, 1 tok)
2026-04-30 14:34:40,960 mme_vla_suite.pseudo_labeling.topreward_qwen_scorer INFO: Prefix 7/8 (end=94, n_frames=19/95): reward=-22.5000 (mean, 1 tok)
2026-04-30 14:34:45,197 mme_vla_suite.pseudo_labeling.topreward_qwen_scorer INFO: Prefix 8/8 (end=108, n_frames=22/109): reward=-19.5000 (mean, 1 tok)
2026-04-30 14:34:50,099 mme_vla_suite.pseudo_labeling.topreward_qwen_scorer INFO: Prefix 1/8 (end=10, n_frames=4/11): reward=-24.6250 (mean, 1 tok)
2026-04-30 14:34:54,245 mme_vla_suite.pseudo_labeling.topreward_qwen_scorer INFO: Prefix 2/8 (end=22, n_frames=5/23): reward=-24.2500 (mean, 1 tok)
2026-04-30 14:34:58,405 mme_vla_suite.pseudo_labeling.topreward_qwen_scorer INFO: Prefix 3/8 (end=35, n_frames=7/36): reward=-23.7500 (mean, 1 tok)
2026-04-30 14:35:02,565 mme_vla_suite.pseudo_labeling.topreward_qwen_scorer INFO: Prefix 4/8 (end=48, n_frames=10/49): reward=-23.5000 (mean, 1 tok)
2026-04-30 14:35:06,739 mme_vla_suite.pseudo_labeling.topreward_qwen_scorer INFO: Prefix 5/8 (end=60, n_frames=12/61): reward=-23.0000 (mean, 1 tok)
2026-04-30 14:35:10,936 mme_vla_suite.pseudo_labeling.topreward_qwen_scorer INFO: Prefix 6/8 (end=73, n_frames=15/74): reward=-24.1250 (mean, 1 tok)
2026-04-30 14:35:15,159 mme_vla_suite.pseudo_labeling.topreward_qwen_scorer INFO: Prefix 7/8 (end=86, n_frames=17/87): reward=-25.1250 (mean, 1 tok)
2026-04-30 14:35:19,390 mme_vla_suite.pseudo_labeling.topreward_qwen_scorer INFO: Prefix 8/8 (end=99, n_frames=20/100): reward=-21.8750 (mean, 1 tok)
2026-04-30 14:35:24,284 mme_vla_suite.pseudo_labeling.topreward_qwen_scorer INFO: Prefix 1/8 (end=4, n_frames=4/5): reward=-21.1250 (mean, 1 tok)
2026-04-30 14:35:28,420 mme_vla_suite.pseudo_labeling.topreward_qwen_scorer INFO: Prefix 2/8 (end=10, n_frames=4/11): reward=-21.6250 (mean, 1 tok)
2026-04-30 14:35:32,549 mme_vla_suite.pseudo_labeling.topreward_qwen_scorer INFO: Prefix 3/8 (end=16, n_frames=4/17): reward=-21.0000 (mean, 1 tok)
2026-04-30 14:35:36,676 mme_vla_suite.pseudo_labeling.topreward_qwen_scorer INFO: Prefix 4/8 (end=22, n_frames=5/23): reward=-22.1250 (mean, 1 tok)
2026-04-30 14:35:40,816 mme_vla_suite.pseudo_labeling.topreward_qwen_scorer INFO: Prefix 5/8 (end=28, n_frames=6/29): reward=-22.1250 (mean, 1 tok)
2026-04-30 14:35:44,971 mme_vla_suite.pseudo_labeling.topreward_qwen_scorer INFO: Prefix 6/8 (end=34, n_frames=7/35): reward=-22.1250 (mean, 1 tok)
2026-04-30 14:35:49,123 mme_vla_suite.pseudo_labeling.topreward_qwen_scorer INFO: Prefix 7/8 (end=40, n_frames=8/41): reward=-22.3750 (mean, 1 tok)
2026-04-30 14:35:53,273 mme_vla_suite.pseudo_labeling.topreward_qwen_scorer INFO: Prefix 8/8 (end=47, n_frames=10/48): reward=-19.8750 (mean, 1 tok)
2026-04-30 14:35:58,638 mme_vla_suite.pseudo_labeling.topreward_qwen_scorer INFO: Prefix 1/8 (end=9, n_frames=4/10): reward=-24.8750 (mean, 1 tok)
2026-04-30 14:36:02,778 mme_vla_suite.pseudo_labeling.topreward_qwen_scorer INFO: Prefix 2/8 (end=21, n_frames=4/22): reward=-25.0000 (mean, 1 tok)
2026-04-30 14:36:06,925 mme_vla_suite.pseudo_labeling.topreward_qwen_scorer INFO: Prefix 3/8 (end=33, n_frames=7/34): reward=-24.1250 (mean, 1 tok)
2026-04-30 14:36:11,087 mme_vla_suite.pseudo_labeling.topreward_qwen_scorer INFO: Prefix 4/8 (end=46, n_frames=9/47): reward=-24.3750 (mean, 1 tok)
2026-04-30 14:36:15,258 mme_vla_suite.pseudo_labeling.topreward_qwen_scorer INFO: Prefix 5/8 (end=58, n_frames=12/59): reward=-24.7500 (mean, 1 tok)
2026-04-30 14:36:19,434 mme_vla_suite.pseudo_labeling.topreward_qwen_scorer INFO: Prefix 6/8 (end=71, n_frames=14/72): reward=-25.1250 (mean, 1 tok)
2026-04-30 14:36:23,660 mme_vla_suite.pseudo_labeling.topreward_qwen_scorer INFO: Prefix 7/8 (end=83, n_frames=17/84): reward=-24.7500 (mean, 1 tok)
2026-04-30 14:36:27,883 mme_vla_suite.pseudo_labeling.topreward_qwen_scorer INFO: Prefix 8/8 (end=96, n_frames=19/97): reward=-18.2500 (mean, 1 tok)
2026-04-30 14:36:32,622 mme_vla_suite.pseudo_labeling.topreward_qwen_scorer INFO: Prefix 1/8 (end=10, n_frames=4/11): reward=-25.0000 (mean, 1 tok)
2026-04-30 14:36:36,772 mme_vla_suite.pseudo_labeling.topreward_qwen_scorer INFO: Prefix 2/8 (end=23, n_frames=5/24): reward=-24.3750 (mean, 1 tok)
2026-04-30 14:36:41,013 mme_vla_suite.pseudo_labeling.topreward_qwen_scorer INFO: Prefix 3/8 (end=36, n_frames=7/37): reward=-24.8750 (mean, 1 tok)
2026-04-30 14:36:45,179 mme_vla_suite.pseudo_labeling.topreward_qwen_scorer INFO: Prefix 4/8 (end=50, n_frames=10/51): reward=-24.0000 (mean, 1 tok)
2026-04-30 14:36:49,362 mme_vla_suite.pseudo_labeling.topreward_qwen_scorer INFO: Prefix 5/8 (end=63, n_frames=13/64): reward=-25.1250 (mean, 1 tok)
2026-04-30 14:36:53,541 mme_vla_suite.pseudo_labeling.topreward_qwen_scorer INFO: Prefix 6/8 (end=77, n_frames=16/78): reward=-25.0000 (mean, 1 tok)
2026-04-30 14:36:57,721 mme_vla_suite.pseudo_labeling.topreward_qwen_scorer INFO: Prefix 7/8 (end=90, n_frames=18/91): reward=-19.3750 (mean, 1 tok)
2026-04-30 14:37:01,927 mme_vla_suite.pseudo_labeling.topreward_qwen_scorer INFO: Prefix 8/8 (end=104, n_frames=21/105): reward=-19.1250 (mean, 1 tok)
2026-04-30 14:37:06,758 mme_vla_suite.pseudo_labeling.topreward_qwen_scorer INFO: Prefix 1/8 (end=9, n_frames=4/10): reward=-23.7500 (mean, 1 tok)
2026-04-30 14:37:10,900 mme_vla_suite.pseudo_labeling.topreward_qwen_scorer INFO: Prefix 2/8 (end=20, n_frames=4/21): reward=-23.7500 (mean, 1 tok)
2026-04-30 14:37:15,066 mme_vla_suite.pseudo_labeling.topreward_qwen_scorer INFO: Prefix 3/8 (end=32, n_frames=7/33): reward=-22.8750 (mean, 1 tok)
2026-04-30 14:37:19,233 mme_vla_suite.pseudo_labeling.topreward_qwen_scorer INFO: Prefix 4/8 (end=44, n_frames=9/45): reward=-22.1250 (mean, 1 tok)
2026-04-30 14:37:23,401 mme_vla_suite.pseudo_labeling.topreward_qwen_scorer INFO: Prefix 5/8 (end=56, n_frames=11/57): reward=-21.3750 (mean, 1 tok)
2026-04-30 14:37:27,569 mme_vla_suite.pseudo_labeling.topreward_qwen_scorer INFO: Prefix 6/8 (end=68, n_frames=14/69): reward=-22.1250 (mean, 1 tok)
2026-04-30 14:37:31,729 mme_vla_suite.pseudo_labeling.topreward_qwen_scorer INFO: Prefix 7/8 (end=80, n_frames=16/81): reward=-22.6250 (mean, 1 tok)
2026-04-30 14:37:35,919 mme_vla_suite.pseudo_labeling.topreward_qwen_scorer INFO: Prefix 8/8 (end=92, n_frames=19/93): reward=-19.5000 (mean, 1 tok)
2026-04-30 14:37:40,794 mme_vla_suite.pseudo_labeling.topreward_qwen_scorer INFO: Prefix 1/8 (end=10, n_frames=4/11): reward=-23.7500 (mean, 1 tok)
2026-04-30 14:37:44,940 mme_vla_suite.pseudo_labeling.topreward_qwen_scorer INFO: Prefix 2/8 (end=22, n_frames=5/23): reward=-23.3750 (mean, 1 tok)
2026-04-30 14:37:49,101 mme_vla_suite.pseudo_labeling.topreward_qwen_scorer INFO: Prefix 3/8 (end=35, n_frames=7/36): reward=-22.2500 (mean, 1 tok)
2026-04-30 14:37:53,263 mme_vla_suite.pseudo_labeling.topreward_qwen_scorer INFO: Prefix 4/8 (end=48, n_frames=10/49): reward=-21.5000 (mean, 1 tok)
2026-04-30 14:37:57,427 mme_vla_suite.pseudo_labeling.topreward_qwen_scorer INFO: Prefix 5/8 (end=61, n_frames=12/62): reward=-21.1250 (mean, 1 tok)
2026-04-30 14:38:01,622 mme_vla_suite.pseudo_labeling.topreward_qwen_scorer INFO: Prefix 6/8 (end=74, n_frames=15/75): reward=-21.8750 (mean, 1 tok)
2026-04-30 14:38:05,795 mme_vla_suite.pseudo_labeling.topreward_qwen_scorer INFO: Prefix 7/8 (end=87, n_frames=18/88): reward=-20.5000 (mean, 1 tok)
2026-04-30 14:38:09,977 mme_vla_suite.pseudo_labeling.topreward_qwen_scorer INFO: Prefix 8/8 (end=100, n_frames=20/101): reward=-19.0000 (mean, 1 tok)
2026-04-30 14:38:15,088 mme_vla_suite.pseudo_labeling.topreward_qwen_scorer INFO: Prefix 1/8 (end=9, n_frames=4/10): reward=-23.7500 (mean, 1 tok)
2026-04-30 14:38:19,234 mme_vla_suite.pseudo_labeling.topreward_qwen_scorer INFO: Prefix 2/8 (end=21, n_frames=4/22): reward=-23.7500 (mean, 1 tok)
2026-04-30 14:38:23,381 mme_vla_suite.pseudo_labeling.topreward_qwen_scorer INFO: Prefix 3/8 (end=34, n_frames=7/35): reward=-23.1250 (mean, 1 tok)
2026-04-30 14:38:27,544 mme_vla_suite.pseudo_labeling.topreward_qwen_scorer INFO: Prefix 4/8 (end=46, n_frames=9/47): reward=-22.6250 (mean, 1 tok)
2026-04-30 14:38:31,725 mme_vla_suite.pseudo_labeling.topreward_qwen_scorer INFO: Prefix 5/8 (end=59, n_frames=12/60): reward=-23.2500 (mean, 1 tok)
2026-04-30 14:38:35,907 mme_vla_suite.pseudo_labeling.topreward_qwen_scorer INFO: Prefix 6/8 (end=71, n_frames=14/72): reward=-23.8750 (mean, 1 tok)
2026-04-30 14:38:40,117 mme_vla_suite.pseudo_labeling.topreward_qwen_scorer INFO: Prefix 7/8 (end=84, n_frames=17/85): reward=-23.0000 (mean, 1 tok)
2026-04-30 14:38:44,347 mme_vla_suite.pseudo_labeling.topreward_qwen_scorer INFO: Prefix 8/8 (end=97, n_frames=20/98): reward=-20.6250 (mean, 1 tok)
2026-04-30 14:38:49,099 mme_vla_suite.pseudo_labeling.topreward_qwen_scorer INFO: Prefix 1/8 (end=11, n_frames=4/12): reward=-23.7500 (mean, 1 tok)
2026-04-30 14:38:53,245 mme_vla_suite.pseudo_labeling.topreward_qwen_scorer INFO: Prefix 2/8 (end=25, n_frames=5/26): reward=-23.5000 (mean, 1 tok)
2026-04-30 14:38:57,393 mme_vla_suite.pseudo_labeling.topreward_qwen_scorer INFO: Prefix 3/8 (end=39, n_frames=8/40): reward=-22.5000 (mean, 1 tok)
2026-04-30 14:39:01,570 mme_vla_suite.pseudo_labeling.topreward_qwen_scorer INFO: Prefix 4/8 (end=53, n_frames=11/54): reward=-23.5000 (mean, 1 tok)
2026-04-30 14:39:05,751 mme_vla_suite.pseudo_labeling.topreward_qwen_scorer INFO: Prefix 5/8 (end=67, n_frames=14/68): reward=-24.0000 (mean, 1 tok)
2026-04-30 14:39:09,944 mme_vla_suite.pseudo_labeling.topreward_qwen_scorer INFO: Prefix 6/8 (end=81, n_frames=16/82): reward=-23.6250 (mean, 1 tok)
2026-04-30 14:39:14,177 mme_vla_suite.pseudo_labeling.topreward_qwen_scorer INFO: Prefix 7/8 (end=95, n_frames=19/96): reward=-22.5000 (mean, 1 tok)
2026-04-30 14:39:18,406 mme_vla_suite.pseudo_labeling.topreward_qwen_scorer INFO: Prefix 8/8 (end=109, n_frames=22/110): reward=-20.8750 (mean, 1 tok)
2026-04-30 14:39:23,282 mme_vla_suite.pseudo_labeling.topreward_qwen_scorer INFO: Prefix 1/8 (end=9, n_frames=4/10): reward=-24.0000 (mean, 1 tok)
2026-04-30 14:39:27,428 mme_vla_suite.pseudo_labeling.topreward_qwen_scorer INFO: Prefix 2/8 (end=20, n_frames=4/21): reward=-24.0000 (mean, 1 tok)
2026-04-30 14:39:31,586 mme_vla_suite.pseudo_labeling.topreward_qwen_scorer INFO: Prefix 3/8 (end=32, n_frames=7/33): reward=-23.3750 (mean, 1 tok)
2026-04-30 14:39:35,751 mme_vla_suite.pseudo_labeling.topreward_qwen_scorer INFO: Prefix 4/8 (end=44, n_frames=9/45): reward=-22.3750 (mean, 1 tok)
2026-04-30 14:39:39,915 mme_vla_suite.pseudo_labeling.topreward_qwen_scorer INFO: Prefix 5/8 (end=55, n_frames=11/56): reward=-22.3750 (mean, 1 tok)
2026-04-30 14:39:44,080 mme_vla_suite.pseudo_labeling.topreward_qwen_scorer INFO: Prefix 6/8 (end=67, n_frames=14/68): reward=-24.0000 (mean, 1 tok)
2026-04-30 14:39:48,274 mme_vla_suite.pseudo_labeling.topreward_qwen_scorer INFO: Prefix 7/8 (end=79, n_frames=16/80): reward=-23.7500 (mean, 1 tok)
2026-04-30 14:39:52,490 mme_vla_suite.pseudo_labeling.topreward_qwen_scorer INFO: Prefix 8/8 (end=91, n_frames=18/92): reward=-18.3750 (mean, 1 tok)
2026-04-30 14:39:57,366 mme_vla_suite.pseudo_labeling.topreward_qwen_scorer INFO: Prefix 1/8 (end=9, n_frames=4/10): reward=-24.0000 (mean, 1 tok)
2026-04-30 14:40:01,505 mme_vla_suite.pseudo_labeling.topreward_qwen_scorer INFO: Prefix 2/8 (end=21, n_frames=4/22): reward=-24.0000 (mean, 1 tok)
2026-04-30 14:40:05,668 mme_vla_suite.pseudo_labeling.topreward_qwen_scorer INFO: Prefix 3/8 (end=34, n_frames=7/35): reward=-23.1250 (mean, 1 tok)
2026-04-30 14:40:09,840 mme_vla_suite.pseudo_labeling.topreward_qwen_scorer INFO: Prefix 4/8 (end=47, n_frames=10/48): reward=-22.5000 (mean, 1 tok)
2026-04-30 14:40:14,013 mme_vla_suite.pseudo_labeling.topreward_qwen_scorer INFO: Prefix 5/8 (end=59, n_frames=12/60): reward=-22.7500 (mean, 1 tok)
2026-04-30 14:40:18,219 mme_vla_suite.pseudo_labeling.topreward_qwen_scorer INFO: Prefix 6/8 (end=72, n_frames=15/73): reward=-24.0000 (mean, 1 tok)
2026-04-30 14:40:22,451 mme_vla_suite.pseudo_labeling.topreward_qwen_scorer INFO: Prefix 7/8 (end=85, n_frames=17/86): reward=-19.2500 (mean, 1 tok)
2026-04-30 14:40:26,689 mme_vla_suite.pseudo_labeling.topreward_qwen_scorer INFO: Prefix 8/8 (end=98, n_frames=20/99): reward=-18.6250 (mean, 1 tok)
2026-04-30 14:40:31,693 mme_vla_suite.pseudo_labeling.topreward_qwen_scorer INFO: Prefix 1/8 (end=9, n_frames=4/10): reward=-24.1250 (mean, 1 tok)
2026-04-30 14:40:35,822 mme_vla_suite.pseudo_labeling.topreward_qwen_scorer INFO: Prefix 2/8 (end=21, n_frames=4/22): reward=-24.1250 (mean, 1 tok)
2026-04-30 14:40:39,978 mme_vla_suite.pseudo_labeling.topreward_qwen_scorer INFO: Prefix 3/8 (end=34, n_frames=7/35): reward=-23.0000 (mean, 1 tok)
2026-04-30 14:40:44,141 mme_vla_suite.pseudo_labeling.topreward_qwen_scorer INFO: Prefix 4/8 (end=46, n_frames=9/47): reward=-23.3750 (mean, 1 tok)
2026-04-30 14:40:48,305 mme_vla_suite.pseudo_labeling.topreward_qwen_scorer INFO: Prefix 5/8 (end=59, n_frames=12/60): reward=-23.5000 (mean, 1 tok)
2026-04-30 14:40:52,488 mme_vla_suite.pseudo_labeling.topreward_qwen_scorer INFO: Prefix 6/8 (end=71, n_frames=14/72): reward=-23.3750 (mean, 1 tok)
2026-04-30 14:40:56,707 mme_vla_suite.pseudo_labeling.topreward_qwen_scorer INFO: Prefix 7/8 (end=84, n_frames=17/85): reward=-24.5000 (mean, 1 tok)
2026-04-30 14:41:00,925 mme_vla_suite.pseudo_labeling.topreward_qwen_scorer INFO: Prefix 8/8 (end=97, n_frames=20/98): reward=-19.5000 (mean, 1 tok)
2026-04-30 14:41:05,805 mme_vla_suite.pseudo_labeling.topreward_qwen_scorer INFO: Prefix 1/8 (end=5, n_frames=4/6): reward=-20.8750 (mean, 1 tok)
2026-04-30 14:41:09,932 mme_vla_suite.pseudo_labeling.topreward_qwen_scorer INFO: Prefix 2/8 (end=11, n_frames=4/12): reward=-20.3750 (mean, 1 tok)
2026-04-30 14:41:14,063 mme_vla_suite.pseudo_labeling.topreward_qwen_scorer INFO: Prefix 3/8 (end=17, n_frames=4/18): reward=-21.1250 (mean, 1 tok)
2026-04-30 14:41:18,196 mme_vla_suite.pseudo_labeling.topreward_qwen_scorer INFO: Prefix 4/8 (end=23, n_frames=5/24): reward=-21.5000 (mean, 1 tok)
2026-04-30 14:41:22,336 mme_vla_suite.pseudo_labeling.topreward_qwen_scorer INFO: Prefix 5/8 (end=30, n_frames=6/31): reward=-21.5000 (mean, 1 tok)
2026-04-30 14:41:26,476 mme_vla_suite.pseudo_labeling.topreward_qwen_scorer INFO: Prefix 6/8 (end=36, n_frames=7/37): reward=-21.3750 (mean, 1 tok)
2026-04-30 14:41:30,613 mme_vla_suite.pseudo_labeling.topreward_qwen_scorer INFO: Prefix 7/8 (end=42, n_frames=9/43): reward=-20.7500 (mean, 1 tok)
2026-04-30 14:41:34,755 mme_vla_suite.pseudo_labeling.topreward_qwen_scorer INFO: Prefix 8/8 (end=49, n_frames=10/50): reward=-19.2500 (mean, 1 tok)
2026-04-30 14:41:39,768 mme_vla_suite.pseudo_labeling.topreward_qwen_scorer INFO: Prefix 1/8 (end=9, n_frames=4/10): reward=-24.6250 (mean, 1 tok)
2026-04-30 14:41:43,908 mme_vla_suite.pseudo_labeling.topreward_qwen_scorer INFO: Prefix 2/8 (end=21, n_frames=4/22): reward=-24.2500 (mean, 1 tok)
2026-04-30 14:41:48,056 mme_vla_suite.pseudo_labeling.topreward_qwen_scorer INFO: Prefix 3/8 (end=34, n_frames=7/35): reward=-23.0000 (mean, 1 tok)
2026-04-30 14:41:52,204 mme_vla_suite.pseudo_labeling.topreward_qwen_scorer INFO: Prefix 4/8 (end=47, n_frames=10/48): reward=-23.3750 (mean, 1 tok)
2026-04-30 14:41:56,370 mme_vla_suite.pseudo_labeling.topreward_qwen_scorer INFO: Prefix 5/8 (end=59, n_frames=12/60): reward=-24.3750 (mean, 1 tok)
2026-04-30 14:42:00,534 mme_vla_suite.pseudo_labeling.topreward_qwen_scorer INFO: Prefix 6/8 (end=72, n_frames=15/73): reward=-24.6250 (mean, 1 tok)
2026-04-30 14:42:04,711 mme_vla_suite.pseudo_labeling.topreward_qwen_scorer INFO: Prefix 7/8 (end=85, n_frames=17/86): reward=-23.6250 (mean, 1 tok)
2026-04-30 14:42:08,903 mme_vla_suite.pseudo_labeling.topreward_qwen_scorer INFO: Prefix 8/8 (end=98, n_frames=20/99): reward=-19.1250 (mean, 1 tok)
2026-04-30 14:42:13,742 mme_vla_suite.pseudo_labeling.topreward_qwen_scorer INFO: Prefix 1/8 (end=11, n_frames=4/12): reward=-24.7500 (mean, 1 tok)
2026-04-30 14:42:17,870 mme_vla_suite.pseudo_labeling.topreward_qwen_scorer INFO: Prefix 2/8 (end=25, n_frames=5/26): reward=-24.0000 (mean, 1 tok)
2026-04-30 14:42:22,104 mme_vla_suite.pseudo_labeling.topreward_qwen_scorer INFO: Prefix 3/8 (end=39, n_frames=8/40): reward=-24.2500 (mean, 1 tok)
2026-04-30 14:42:26,354 mme_vla_suite.pseudo_labeling.topreward_qwen_scorer INFO: Prefix 4/8 (end=53, n_frames=11/54): reward=-24.7500 (mean, 1 tok)
2026-04-30 14:42:30,624 mme_vla_suite.pseudo_labeling.topreward_qwen_scorer INFO: Prefix 5/8 (end=67, n_frames=14/68): reward=-24.7500 (mean, 1 tok)
2026-04-30 14:42:34,809 mme_vla_suite.pseudo_labeling.topreward_qwen_scorer INFO: Prefix 6/8 (end=81, n_frames=16/82): reward=-24.5000 (mean, 1 tok)
2026-04-30 14:42:39,024 mme_vla_suite.pseudo_labeling.topreward_qwen_scorer INFO: Prefix 7/8 (end=95, n_frames=19/96): reward=-18.6250 (mean, 1 tok)
2026-04-30 14:42:43,361 mme_vla_suite.pseudo_labeling.topreward_qwen_scorer INFO: Prefix 8/8 (end=109, n_frames=22/110): reward=-19.3750 (mean, 1 tok)
2026-04-30 14:42:48,448 mme_vla_suite.pseudo_labeling.topreward_qwen_scorer INFO: Prefix 1/8 (end=11, n_frames=4/12): reward=-24.6250 (mean, 1 tok)
2026-04-30 14:42:52,589 mme_vla_suite.pseudo_labeling.topreward_qwen_scorer INFO: Prefix 2/8 (end=25, n_frames=5/26): reward=-24.5000 (mean, 1 tok)
2026-04-30 14:42:56,730 mme_vla_suite.pseudo_labeling.topreward_qwen_scorer INFO: Prefix 3/8 (end=39, n_frames=8/40): reward=-24.6250 (mean, 1 tok)
2026-04-30 14:43:00,902 mme_vla_suite.pseudo_labeling.topreward_qwen_scorer INFO: Prefix 4/8 (end=54, n_frames=11/55): reward=-23.1250 (mean, 1 tok)
2026-04-30 14:43:05,076 mme_vla_suite.pseudo_labeling.topreward_qwen_scorer INFO: Prefix 5/8 (end=68, n_frames=14/69): reward=-24.0000 (mean, 1 tok)
2026-04-30 14:43:09,259 mme_vla_suite.pseudo_labeling.topreward_qwen_scorer INFO: Prefix 6/8 (end=83, n_frames=17/84): reward=-23.5000 (mean, 1 tok)
2026-04-30 14:43:13,465 mme_vla_suite.pseudo_labeling.topreward_qwen_scorer INFO: Prefix 7/8 (end=97, n_frames=20/98): reward=-23.5000 (mean, 1 tok)
2026-04-30 14:43:17,705 mme_vla_suite.pseudo_labeling.topreward_qwen_scorer INFO: Prefix 8/8 (end=112, n_frames=23/113): reward=-20.5000 (mean, 1 tok)
2026-04-30 14:43:22,859 mme_vla_suite.pseudo_labeling.topreward_qwen_scorer INFO: Prefix 1/8 (end=12, n_frames=4/13): reward=-24.6250 (mean, 1 tok)
2026-04-30 14:43:27,002 mme_vla_suite.pseudo_labeling.topreward_qwen_scorer INFO: Prefix 2/8 (end=28, n_frames=6/29): reward=-24.5000 (mean, 1 tok)
2026-04-30 14:43:31,157 mme_vla_suite.pseudo_labeling.topreward_qwen_scorer INFO: Prefix 3/8 (end=44, n_frames=9/45): reward=-23.5000 (mean, 1 tok)
2026-04-30 14:43:35,344 mme_vla_suite.pseudo_labeling.topreward_qwen_scorer INFO: Prefix 4/8 (end=60, n_frames=12/61): reward=-23.0000 (mean, 1 tok)
2026-04-30 14:43:39,538 mme_vla_suite.pseudo_labeling.topreward_qwen_scorer INFO: Prefix 5/8 (end=76, n_frames=15/77): reward=-23.6250 (mean, 1 tok)
2026-04-30 14:43:43,759 mme_vla_suite.pseudo_labeling.topreward_qwen_scorer INFO: Prefix 6/8 (end=92, n_frames=19/93): reward=-23.8750 (mean, 1 tok)
2026-04-30 14:43:48,000 mme_vla_suite.pseudo_labeling.topreward_qwen_scorer INFO: Prefix 7/8 (end=108, n_frames=22/109): reward=-20.2500 (mean, 1 tok)
2026-04-30 14:43:52,242 mme_vla_suite.pseudo_labeling.topreward_qwen_scorer INFO: Prefix 8/8 (end=124, n_frames=25/125): reward=-19.1250 (mean, 1 tok)
2026-04-30 14:43:57,316 mme_vla_suite.pseudo_labeling.topreward_qwen_scorer INFO: Prefix 1/8 (end=9, n_frames=4/10): reward=-23.6250 (mean, 1 tok)
2026-04-30 14:44:01,456 mme_vla_suite.pseudo_labeling.topreward_qwen_scorer INFO: Prefix 2/8 (end=21, n_frames=4/22): reward=-23.6250 (mean, 1 tok)
2026-04-30 14:44:05,617 mme_vla_suite.pseudo_labeling.topreward_qwen_scorer INFO: Prefix 3/8 (end=34, n_frames=7/35): reward=-22.6250 (mean, 1 tok)
2026-04-30 14:44:09,777 mme_vla_suite.pseudo_labeling.topreward_qwen_scorer INFO: Prefix 4/8 (end=47, n_frames=10/48): reward=-22.7500 (mean, 1 tok)
2026-04-30 14:44:13,949 mme_vla_suite.pseudo_labeling.topreward_qwen_scorer INFO: Prefix 5/8 (end=59, n_frames=12/60): reward=-23.3750 (mean, 1 tok)
2026-04-30 14:44:18,153 mme_vla_suite.pseudo_labeling.topreward_qwen_scorer INFO: Prefix 6/8 (end=72, n_frames=15/73): reward=-23.5000 (mean, 1 tok)
2026-04-30 14:44:22,369 mme_vla_suite.pseudo_labeling.topreward_qwen_scorer INFO: Prefix 7/8 (end=85, n_frames=17/86): reward=-23.2500 (mean, 1 tok)
2026-04-30 14:44:26,602 mme_vla_suite.pseudo_labeling.topreward_qwen_scorer INFO: Prefix 8/8 (end=98, n_frames=20/99): reward=-18.7500 (mean, 1 tok)
2026-04-30 14:44:31,391 mme_vla_suite.pseudo_labeling.topreward_qwen_scorer INFO: Prefix 1/8 (end=10, n_frames=4/11): reward=-23.6250 (mean, 1 tok)
2026-04-30 14:44:35,531 mme_vla_suite.pseudo_labeling.topreward_qwen_scorer INFO: Prefix 2/8 (end=23, n_frames=5/24): reward=-23.7500 (mean, 1 tok)
2026-04-30 14:44:39,788 mme_vla_suite.pseudo_labeling.topreward_qwen_scorer INFO: Prefix 3/8 (end=37, n_frames=8/38): reward=-22.2500 (mean, 1 tok)
2026-04-30 14:44:43,948 mme_vla_suite.pseudo_labeling.topreward_qwen_scorer INFO: Prefix 4/8 (end=51, n_frames=10/52): reward=-23.5000 (mean, 1 tok)
2026-04-30 14:44:48,125 mme_vla_suite.pseudo_labeling.topreward_qwen_scorer INFO: Prefix 5/8 (end=65, n_frames=13/66): reward=-23.5000 (mean, 1 tok)
2026-04-30 14:44:52,321 mme_vla_suite.pseudo_labeling.topreward_qwen_scorer INFO: Prefix 6/8 (end=79, n_frames=16/80): reward=-23.7500 (mean, 1 tok)
2026-04-30 14:44:56,541 mme_vla_suite.pseudo_labeling.topreward_qwen_scorer INFO: Prefix 7/8 (end=93, n_frames=19/94): reward=-22.0000 (mean, 1 tok)
2026-04-30 14:45:00,796 mme_vla_suite.pseudo_labeling.topreward_qwen_scorer INFO: Prefix 8/8 (end=107, n_frames=22/108): reward=-20.0000 (mean, 1 tok)
2026-04-30 14:45:05,728 mme_vla_suite.pseudo_labeling.topreward_qwen_scorer INFO: Prefix 1/8 (end=9, n_frames=4/10): reward=-24.3750 (mean, 1 tok)
2026-04-30 14:45:09,874 mme_vla_suite.pseudo_labeling.topreward_qwen_scorer INFO: Prefix 2/8 (end=21, n_frames=4/22): reward=-24.3750 (mean, 1 tok)
2026-04-30 14:45:14,018 mme_vla_suite.pseudo_labeling.topreward_qwen_scorer INFO: Prefix 3/8 (end=34, n_frames=7/35): reward=-24.2500 (mean, 1 tok)
2026-04-30 14:45:18,183 mme_vla_suite.pseudo_labeling.topreward_qwen_scorer INFO: Prefix 4/8 (end=47, n_frames=10/48): reward=-22.5000 (mean, 1 tok)
2026-04-30 14:45:22,357 mme_vla_suite.pseudo_labeling.topreward_qwen_scorer INFO: Prefix 5/8 (end=59, n_frames=12/60): reward=-23.7500 (mean, 1 tok)
2026-04-30 14:45:26,553 mme_vla_suite.pseudo_labeling.topreward_qwen_scorer INFO: Prefix 6/8 (end=72, n_frames=15/73): reward=-24.1250 (mean, 1 tok)
2026-04-30 14:45:30,762 mme_vla_suite.pseudo_labeling.topreward_qwen_scorer INFO: Prefix 7/8 (end=85, n_frames=17/86): reward=-22.6250 (mean, 1 tok)
2026-04-30 14:45:34,990 mme_vla_suite.pseudo_labeling.topreward_qwen_scorer INFO: Prefix 8/8 (end=98, n_frames=20/99): reward=-20.1250 (mean, 1 tok)
2026-04-30 14:45:39,842 mme_vla_suite.pseudo_labeling.topreward_qwen_scorer INFO: Prefix 1/8 (end=11, n_frames=4/12): reward=-24.3750 (mean, 1 tok)
2026-04-30 14:45:43,989 mme_vla_suite.pseudo_labeling.topreward_qwen_scorer INFO: Prefix 2/8 (end=25, n_frames=5/26): reward=-24.2500 (mean, 1 tok)
2026-04-30 14:45:48,218 mme_vla_suite.pseudo_labeling.topreward_qwen_scorer INFO: Prefix 3/8 (end=39, n_frames=8/40): reward=-22.5000 (mean, 1 tok)
2026-04-30 14:45:52,489 mme_vla_suite.pseudo_labeling.topreward_qwen_scorer INFO: Prefix 4/8 (end=53, n_frames=11/54): reward=-23.0000 (mean, 1 tok)
2026-04-30 14:45:56,661 mme_vla_suite.pseudo_labeling.topreward_qwen_scorer INFO: Prefix 5/8 (end=67, n_frames=14/68): reward=-24.5000 (mean, 1 tok)
2026-04-30 14:46:00,860 mme_vla_suite.pseudo_labeling.topreward_qwen_scorer INFO: Prefix 6/8 (end=81, n_frames=16/82): reward=-23.5000 (mean, 1 tok)
2026-04-30 14:46:05,093 mme_vla_suite.pseudo_labeling.topreward_qwen_scorer INFO: Prefix 7/8 (end=95, n_frames=19/96): reward=-19.2500 (mean, 1 tok)
2026-04-30 14:46:09,325 mme_vla_suite.pseudo_labeling.topreward_qwen_scorer INFO: Prefix 8/8 (end=109, n_frames=22/110): reward=-19.0000 (mean, 1 tok)
2026-04-30 14:46:14,345 mme_vla_suite.pseudo_labeling.topreward_qwen_scorer INFO: Prefix 1/8 (end=11, n_frames=4/12): reward=-24.1250 (mean, 1 tok)
2026-04-30 14:46:18,488 mme_vla_suite.pseudo_labeling.topreward_qwen_scorer INFO: Prefix 2/8 (end=25, n_frames=5/26): reward=-24.0000 (mean, 1 tok)
2026-04-30 14:46:22,647 mme_vla_suite.pseudo_labeling.topreward_qwen_scorer INFO: Prefix 3/8 (end=39, n_frames=8/40): reward=-23.6250 (mean, 1 tok)
2026-04-30 14:46:26,807 mme_vla_suite.pseudo_labeling.topreward_qwen_scorer INFO: Prefix 4/8 (end=53, n_frames=11/54): reward=-22.7500 (mean, 1 tok)
2026-04-30 14:46:30,970 mme_vla_suite.pseudo_labeling.topreward_qwen_scorer INFO: Prefix 5/8 (end=67, n_frames=14/68): reward=-22.8750 (mean, 1 tok)
2026-04-30 14:46:35,155 mme_vla_suite.pseudo_labeling.topreward_qwen_scorer INFO: Prefix 6/8 (end=81, n_frames=16/82): reward=-23.0000 (mean, 1 tok)
2026-04-30 14:46:39,372 mme_vla_suite.pseudo_labeling.topreward_qwen_scorer INFO: Prefix 7/8 (end=95, n_frames=19/96): reward=-19.2500 (mean, 1 tok)
2026-04-30 14:46:43,616 mme_vla_suite.pseudo_labeling.topreward_qwen_scorer INFO: Prefix 8/8 (end=110, n_frames=22/111): reward=-18.8750 (mean, 1 tok)
2026-04-30 14:46:48,341 mme_vla_suite.pseudo_labeling.topreward_qwen_scorer INFO: Prefix 1/8 (end=5, n_frames=4/6): reward=-20.2500 (mean, 1 tok)
2026-04-30 14:46:52,483 mme_vla_suite.pseudo_labeling.topreward_qwen_scorer INFO: Prefix 2/8 (end=11, n_frames=4/12): reward=-20.3750 (mean, 1 tok)
2026-04-30 14:46:56,621 mme_vla_suite.pseudo_labeling.topreward_qwen_scorer INFO: Prefix 3/8 (end=17, n_frames=4/18): reward=-21.1250 (mean, 1 tok)
2026-04-30 14:47:00,774 mme_vla_suite.pseudo_labeling.topreward_qwen_scorer INFO: Prefix 4/8 (end=23, n_frames=5/24): reward=-20.7500 (mean, 1 tok)
2026-04-30 14:47:04,921 mme_vla_suite.pseudo_labeling.topreward_qwen_scorer INFO: Prefix 5/8 (end=30, n_frames=6/31): reward=-20.1250 (mean, 1 tok)
2026-04-30 14:47:09,082 mme_vla_suite.pseudo_labeling.topreward_qwen_scorer INFO: Prefix 6/8 (end=36, n_frames=7/37): reward=-20.8750 (mean, 1 tok)
2026-04-30 14:47:13,241 mme_vla_suite.pseudo_labeling.topreward_qwen_scorer INFO: Prefix 7/8 (end=42, n_frames=9/43): reward=-19.6250 (mean, 1 tok)
2026-04-30 14:47:17,401 mme_vla_suite.pseudo_labeling.topreward_qwen_scorer INFO: Prefix 8/8 (end=49, n_frames=10/50): reward=-20.1250 (mean, 1 tok)
2026-04-30 14:47:22,495 mme_vla_suite.pseudo_labeling.topreward_qwen_scorer INFO: Prefix 1/8 (end=9, n_frames=4/10): reward=-24.5000 (mean, 1 tok)
2026-04-30 14:47:26,631 mme_vla_suite.pseudo_labeling.topreward_qwen_scorer INFO: Prefix 2/8 (end=21, n_frames=4/22): reward=-24.1250 (mean, 1 tok)
2026-04-30 14:47:30,768 mme_vla_suite.pseudo_labeling.topreward_qwen_scorer INFO: Prefix 3/8 (end=34, n_frames=7/35): reward=-24.1250 (mean, 1 tok)
2026-04-30 14:47:34,931 mme_vla_suite.pseudo_labeling.topreward_qwen_scorer INFO: Prefix 4/8 (end=46, n_frames=9/47): reward=-23.6250 (mean, 1 tok)
2026-04-30 14:47:39,094 mme_vla_suite.pseudo_labeling.topreward_qwen_scorer INFO: Prefix 5/8 (end=59, n_frames=12/60): reward=-24.0000 (mean, 1 tok)
2026-04-30 14:47:43,260 mme_vla_suite.pseudo_labeling.topreward_qwen_scorer INFO: Prefix 6/8 (end=71, n_frames=14/72): reward=-24.6250 (mean, 1 tok)
2026-04-30 14:47:47,437 mme_vla_suite.pseudo_labeling.topreward_qwen_scorer INFO: Prefix 7/8 (end=84, n_frames=17/85): reward=-24.3750 (mean, 1 tok)
2026-04-30 14:47:51,631 mme_vla_suite.pseudo_labeling.topreward_qwen_scorer INFO: Prefix 8/8 (end=97, n_frames=20/98): reward=-19.3750 (mean, 1 tok)
2026-04-30 14:47:56,283 mme_vla_suite.pseudo_labeling.topreward_qwen_scorer INFO: Prefix 1/8 (end=10, n_frames=4/11): reward=-24.0000 (mean, 1 tok)
2026-04-30 14:48:00,429 mme_vla_suite.pseudo_labeling.topreward_qwen_scorer INFO: Prefix 2/8 (end=24, n_frames=5/25): reward=-24.2500 (mean, 1 tok)
2026-04-30 14:48:04,575 mme_vla_suite.pseudo_labeling.topreward_qwen_scorer INFO: Prefix 3/8 (end=38, n_frames=8/39): reward=-24.1250 (mean, 1 tok)
2026-04-30 14:48:08,749 mme_vla_suite.pseudo_labeling.topreward_qwen_scorer INFO: Prefix 4/8 (end=52, n_frames=11/53): reward=-23.5000 (mean, 1 tok)
2026-04-30 14:48:12,912 mme_vla_suite.pseudo_labeling.topreward_qwen_scorer INFO: Prefix 5/8 (end=66, n_frames=13/67): reward=-24.2500 (mean, 1 tok)
2026-04-30 14:48:17,079 mme_vla_suite.pseudo_labeling.topreward_qwen_scorer INFO: Prefix 6/8 (end=80, n_frames=16/81): reward=-24.6250 (mean, 1 tok)
2026-04-30 14:48:21,267 mme_vla_suite.pseudo_labeling.topreward_qwen_scorer INFO: Prefix 7/8 (end=94, n_frames=19/95): reward=-21.6250 (mean, 1 tok)
2026-04-30 14:48:25,488 mme_vla_suite.pseudo_labeling.topreward_qwen_scorer INFO: Prefix 8/8 (end=108, n_frames=22/109): reward=-19.5000 (mean, 1 tok)
2026-04-30 14:48:30,513 mme_vla_suite.pseudo_labeling.topreward_qwen_scorer INFO: Prefix 1/8 (end=9, n_frames=4/10): reward=-23.7500 (mean, 1 tok)
2026-04-30 14:48:34,653 mme_vla_suite.pseudo_labeling.topreward_qwen_scorer INFO: Prefix 2/8 (end=21, n_frames=4/22): reward=-23.7500 (mean, 1 tok)
2026-04-30 14:48:38,801 mme_vla_suite.pseudo_labeling.topreward_qwen_scorer INFO: Prefix 3/8 (end=33, n_frames=7/34): reward=-23.0000 (mean, 1 tok)
2026-04-30 14:48:42,955 mme_vla_suite.pseudo_labeling.topreward_qwen_scorer INFO: Prefix 4/8 (end=45, n_frames=9/46): reward=-22.6250 (mean, 1 tok)
2026-04-30 14:48:47,128 mme_vla_suite.pseudo_labeling.topreward_qwen_scorer INFO: Prefix 5/8 (end=57, n_frames=12/58): reward=-22.7500 (mean, 1 tok)
2026-04-30 14:48:51,298 mme_vla_suite.pseudo_labeling.topreward_qwen_scorer INFO: Prefix 6/8 (end=69, n_frames=14/70): reward=-23.0000 (mean, 1 tok)
2026-04-30 14:48:55,485 mme_vla_suite.pseudo_labeling.topreward_qwen_scorer INFO: Prefix 7/8 (end=81, n_frames=16/82): reward=-22.3750 (mean, 1 tok)
2026-04-30 14:48:59,709 mme_vla_suite.pseudo_labeling.topreward_qwen_scorer INFO: Prefix 8/8 (end=93, n_frames=19/94): reward=-18.7500 (mean, 1 tok)
2026-04-30 14:49:04,343 mme_vla_suite.pseudo_labeling.topreward_qwen_scorer INFO: Prefix 1/8 (end=10, n_frames=4/11): reward=-23.7500 (mean, 1 tok)
2026-04-30 14:49:08,485 mme_vla_suite.pseudo_labeling.topreward_qwen_scorer INFO: Prefix 2/8 (end=22, n_frames=5/23): reward=-23.7500 (mean, 1 tok)
2026-04-30 14:49:12,634 mme_vla_suite.pseudo_labeling.topreward_qwen_scorer INFO: Prefix 3/8 (end=35, n_frames=7/36): reward=-22.5000 (mean, 1 tok)
2026-04-30 14:49:16,783 mme_vla_suite.pseudo_labeling.topreward_qwen_scorer INFO: Prefix 4/8 (end=48, n_frames=10/49): reward=-22.5000 (mean, 1 tok)
2026-04-30 14:49:20,958 mme_vla_suite.pseudo_labeling.topreward_qwen_scorer INFO: Prefix 5/8 (end=61, n_frames=12/62): reward=-22.7500 (mean, 1 tok)
2026-04-30 14:49:25,139 mme_vla_suite.pseudo_labeling.topreward_qwen_scorer INFO: Prefix 6/8 (end=74, n_frames=15/75): reward=-22.3750 (mean, 1 tok)
2026-04-30 14:49:29,371 mme_vla_suite.pseudo_labeling.topreward_qwen_scorer INFO: Prefix 7/8 (end=87, n_frames=18/88): reward=-22.0000 (mean, 1 tok)
2026-04-30 14:49:33,618 mme_vla_suite.pseudo_labeling.topreward_qwen_scorer INFO: Prefix 8/8 (end=100, n_frames=20/101): reward=-19.1250 (mean, 1 tok)
2026-04-30 14:49:38,531 mme_vla_suite.pseudo_labeling.topreward_qwen_scorer INFO: Prefix 1/8 (end=10, n_frames=4/11): reward=-23.2500 (mean, 1 tok)
2026-04-30 14:49:42,691 mme_vla_suite.pseudo_labeling.topreward_qwen_scorer INFO: Prefix 2/8 (end=23, n_frames=5/24): reward=-23.3750 (mean, 1 tok)
2026-04-30 14:49:46,856 mme_vla_suite.pseudo_labeling.topreward_qwen_scorer INFO: Prefix 3/8 (end=37, n_frames=8/38): reward=-23.0000 (mean, 1 tok)
2026-04-30 14:49:51,032 mme_vla_suite.pseudo_labeling.topreward_qwen_scorer INFO: Prefix 4/8 (end=51, n_frames=10/52): reward=-21.7500 (mean, 1 tok)
2026-04-30 14:49:55,228 mme_vla_suite.pseudo_labeling.topreward_qwen_scorer INFO: Prefix 5/8 (end=65, n_frames=13/66): reward=-22.1250 (mean, 1 tok)
2026-04-30 14:49:59,432 mme_vla_suite.pseudo_labeling.topreward_qwen_scorer INFO: Prefix 6/8 (end=79, n_frames=16/80): reward=-21.6250 (mean, 1 tok)
2026-04-30 14:50:03,670 mme_vla_suite.pseudo_labeling.topreward_qwen_scorer INFO: Prefix 7/8 (end=93, n_frames=19/94): reward=-22.8750 (mean, 1 tok)
2026-04-30 14:50:08,021 mme_vla_suite.pseudo_labeling.topreward_qwen_scorer INFO: Prefix 8/8 (end=107, n_frames=22/108): reward=-20.0000 (mean, 1 tok)
2026-04-30 14:50:12,974 mme_vla_suite.pseudo_labeling.topreward_qwen_scorer INFO: Prefix 1/8 (end=11, n_frames=4/12): reward=-23.2500 (mean, 1 tok)
2026-04-30 14:50:17,117 mme_vla_suite.pseudo_labeling.topreward_qwen_scorer INFO: Prefix 2/8 (end=25, n_frames=5/26): reward=-23.3750 (mean, 1 tok)
2026-04-30 14:50:21,251 mme_vla_suite.pseudo_labeling.topreward_qwen_scorer INFO: Prefix 3/8 (end=40, n_frames=8/41): reward=-22.8750 (mean, 1 tok)
2026-04-30 14:50:25,417 mme_vla_suite.pseudo_labeling.topreward_qwen_scorer INFO: Prefix 4/8 (end=55, n_frames=11/56): reward=-22.1250 (mean, 1 tok)
2026-04-30 14:50:29,579 mme_vla_suite.pseudo_labeling.topreward_qwen_scorer INFO: Prefix 5/8 (end=70, n_frames=14/71): reward=-21.6250 (mean, 1 tok)
2026-04-30 14:50:33,770 mme_vla_suite.pseudo_labeling.topreward_qwen_scorer INFO: Prefix 6/8 (end=85, n_frames=17/86): reward=-21.2500 (mean, 1 tok)
2026-04-30 14:50:37,986 mme_vla_suite.pseudo_labeling.topreward_qwen_scorer INFO: Prefix 7/8 (end=100, n_frames=20/101): reward=-21.3750 (mean, 1 tok)
2026-04-30 14:50:42,213 mme_vla_suite.pseudo_labeling.topreward_qwen_scorer INFO: Prefix 8/8 (end=115, n_frames=23/116): reward=-19.3750 (mean, 1 tok)
2026-04-30 14:50:47,001 mme_vla_suite.pseudo_labeling.topreward_qwen_scorer INFO: Prefix 1/8 (end=9, n_frames=4/10): reward=-23.8750 (mean, 1 tok)
2026-04-30 14:50:51,129 mme_vla_suite.pseudo_labeling.topreward_qwen_scorer INFO: Prefix 2/8 (end=20, n_frames=4/21): reward=-23.8750 (mean, 1 tok)
2026-04-30 14:50:55,274 mme_vla_suite.pseudo_labeling.topreward_qwen_scorer INFO: Prefix 3/8 (end=32, n_frames=7/33): reward=-23.0000 (mean, 1 tok)
2026-04-30 14:50:59,424 mme_vla_suite.pseudo_labeling.topreward_qwen_scorer INFO: Prefix 4/8 (end=43, n_frames=9/44): reward=-21.5000 (mean, 1 tok)
2026-04-30 14:51:03,577 mme_vla_suite.pseudo_labeling.topreward_qwen_scorer INFO: Prefix 5/8 (end=55, n_frames=11/56): reward=-21.0000 (mean, 1 tok)
2026-04-30 14:51:07,744 mme_vla_suite.pseudo_labeling.topreward_qwen_scorer INFO: Prefix 6/8 (end=66, n_frames=13/67): reward=-22.3750 (mean, 1 tok)
2026-04-30 14:51:11,928 mme_vla_suite.pseudo_labeling.topreward_qwen_scorer INFO: Prefix 7/8 (end=78, n_frames=16/79): reward=-22.6250 (mean, 1 tok)
2026-04-30 14:51:16,139 mme_vla_suite.pseudo_labeling.topreward_qwen_scorer INFO: Prefix 8/8 (end=90, n_frames=18/91): reward=-18.3750 (mean, 1 tok)
2026-04-30 14:51:21,021 mme_vla_suite.pseudo_labeling.topreward_qwen_scorer INFO: Prefix 1/8 (end=9, n_frames=4/10): reward=-23.8750 (mean, 1 tok)
2026-04-30 14:51:25,148 mme_vla_suite.pseudo_labeling.topreward_qwen_scorer INFO: Prefix 2/8 (end=21, n_frames=4/22): reward=-23.8750 (mean, 1 tok)
2026-04-30 14:51:29,284 mme_vla_suite.pseudo_labeling.topreward_qwen_scorer INFO: Prefix 3/8 (end=34, n_frames=7/35): reward=-22.2500 (mean, 1 tok)
2026-04-30 14:51:33,437 mme_vla_suite.pseudo_labeling.topreward_qwen_scorer INFO: Prefix 4/8 (end=47, n_frames=10/48): reward=-21.6250 (mean, 1 tok)
2026-04-30 14:51:37,600 mme_vla_suite.pseudo_labeling.topreward_qwen_scorer INFO: Prefix 5/8 (end=59, n_frames=12/60): reward=-23.0000 (mean, 1 tok)
2026-04-30 14:51:41,777 mme_vla_suite.pseudo_labeling.topreward_qwen_scorer INFO: Prefix 6/8 (end=72, n_frames=15/73): reward=-21.6250 (mean, 1 tok)
2026-04-30 14:51:45,981 mme_vla_suite.pseudo_labeling.topreward_qwen_scorer INFO: Prefix 7/8 (end=85, n_frames=17/86): reward=-19.8750 (mean, 1 tok)
2026-04-30 14:51:50,193 mme_vla_suite.pseudo_labeling.topreward_qwen_scorer INFO: Prefix 8/8 (end=98, n_frames=20/99): reward=-18.8750 (mean, 1 tok)
2026-04-30 14:51:55,150 mme_vla_suite.pseudo_labeling.topreward_qwen_scorer INFO: Prefix 1/8 (end=10, n_frames=4/11): reward=-24.0000 (mean, 1 tok)
2026-04-30 14:51:59,288 mme_vla_suite.pseudo_labeling.topreward_qwen_scorer INFO: Prefix 2/8 (end=23, n_frames=5/24): reward=-24.1250 (mean, 1 tok)
2026-04-30 14:52:03,431 mme_vla_suite.pseudo_labeling.topreward_qwen_scorer INFO: Prefix 3/8 (end=37, n_frames=8/38): reward=-22.5000 (mean, 1 tok)
2026-04-30 14:52:07,573 mme_vla_suite.pseudo_labeling.topreward_qwen_scorer INFO: Prefix 4/8 (end=50, n_frames=10/51): reward=-23.1250 (mean, 1 tok)
2026-04-30 14:52:11,725 mme_vla_suite.pseudo_labeling.topreward_qwen_scorer INFO: Prefix 5/8 (end=64, n_frames=13/65): reward=-23.6250 (mean, 1 tok)
2026-04-30 14:52:15,897 mme_vla_suite.pseudo_labeling.topreward_qwen_scorer INFO: Prefix 6/8 (end=77, n_frames=16/78): reward=-23.3750 (mean, 1 tok)
2026-04-30 14:52:20,064 mme_vla_suite.pseudo_labeling.topreward_qwen_scorer INFO: Prefix 7/8 (end=91, n_frames=18/92): reward=-18.8750 (mean, 1 tok)
2026-04-30 14:52:24,253 mme_vla_suite.pseudo_labeling.topreward_qwen_scorer INFO: Prefix 8/8 (end=105, n_frames=21/106): reward=-19.5000 (mean, 1 tok)
2026-04-30 14:52:29,168 mme_vla_suite.pseudo_labeling.topreward_qwen_scorer INFO: Prefix 1/8 (end=4, n_frames=4/5): reward=-22.8750 (mean, 1 tok)
2026-04-30 14:52:33,288 mme_vla_suite.pseudo_labeling.topreward_qwen_scorer INFO: Prefix 2/8 (end=10, n_frames=4/11): reward=-22.5000 (mean, 1 tok)
2026-04-30 14:52:37,402 mme_vla_suite.pseudo_labeling.topreward_qwen_scorer INFO: Prefix 3/8 (end=16, n_frames=4/17): reward=-22.5000 (mean, 1 tok)
2026-04-30 14:52:41,519 mme_vla_suite.pseudo_labeling.topreward_qwen_scorer INFO: Prefix 4/8 (end=22, n_frames=5/23): reward=-22.7500 (mean, 1 tok)
2026-04-30 14:52:45,648 mme_vla_suite.pseudo_labeling.topreward_qwen_scorer INFO: Prefix 5/8 (end=28, n_frames=6/29): reward=-22.7500 (mean, 1 tok)
2026-04-30 14:52:49,796 mme_vla_suite.pseudo_labeling.topreward_qwen_scorer INFO: Prefix 6/8 (end=34, n_frames=7/35): reward=-22.7500 (mean, 1 tok)
2026-04-30 14:52:53,929 mme_vla_suite.pseudo_labeling.topreward_qwen_scorer INFO: Prefix 7/8 (end=40, n_frames=8/41): reward=-21.8750 (mean, 1 tok)
2026-04-30 14:52:58,069 mme_vla_suite.pseudo_labeling.topreward_qwen_scorer INFO: Prefix 8/8 (end=47, n_frames=10/48): reward=-20.3750 (mean, 1 tok)
2026-04-30 14:53:02,892 mme_vla_suite.pseudo_labeling.topreward_qwen_scorer INFO: Prefix 1/8 (end=10, n_frames=4/11): reward=-24.7500 (mean, 1 tok)
2026-04-30 14:53:07,026 mme_vla_suite.pseudo_labeling.topreward_qwen_scorer INFO: Prefix 2/8 (end=22, n_frames=5/23): reward=-23.7500 (mean, 1 tok)
2026-04-30 14:53:11,161 mme_vla_suite.pseudo_labeling.topreward_qwen_scorer INFO: Prefix 3/8 (end=35, n_frames=7/36): reward=-23.3750 (mean, 1 tok)
2026-04-30 14:53:15,291 mme_vla_suite.pseudo_labeling.topreward_qwen_scorer INFO: Prefix 4/8 (end=48, n_frames=10/49): reward=-23.7500 (mean, 1 tok)
2026-04-30 14:53:19,443 mme_vla_suite.pseudo_labeling.topreward_qwen_scorer INFO: Prefix 5/8 (end=61, n_frames=12/62): reward=-24.1250 (mean, 1 tok)
2026-04-30 14:53:23,606 mme_vla_suite.pseudo_labeling.topreward_qwen_scorer INFO: Prefix 6/8 (end=74, n_frames=15/75): reward=-23.1250 (mean, 1 tok)
2026-04-30 14:53:27,765 mme_vla_suite.pseudo_labeling.topreward_qwen_scorer INFO: Prefix 7/8 (end=87, n_frames=18/88): reward=-21.5000 (mean, 1 tok)
2026-04-30 14:53:31,946 mme_vla_suite.pseudo_labeling.topreward_qwen_scorer INFO: Prefix 8/8 (end=100, n_frames=20/101): reward=-18.5000 (mean, 1 tok)
2026-04-30 14:53:36,705 mme_vla_suite.pseudo_labeling.topreward_qwen_scorer INFO: Prefix 1/8 (end=10, n_frames=4/11): reward=-24.7500 (mean, 1 tok)
2026-04-30 14:53:40,830 mme_vla_suite.pseudo_labeling.topreward_qwen_scorer INFO: Prefix 2/8 (end=24, n_frames=5/25): reward=-24.2500 (mean, 1 tok)
2026-04-30 14:53:44,978 mme_vla_suite.pseudo_labeling.topreward_qwen_scorer INFO: Prefix 3/8 (end=38, n_frames=8/39): reward=-24.5000 (mean, 1 tok)
2026-04-30 14:53:49,140 mme_vla_suite.pseudo_labeling.topreward_qwen_scorer INFO: Prefix 4/8 (end=52, n_frames=11/53): reward=-23.3750 (mean, 1 tok)
2026-04-30 14:53:53,291 mme_vla_suite.pseudo_labeling.topreward_qwen_scorer INFO: Prefix 5/8 (end=66, n_frames=13/67): reward=-23.8750 (mean, 1 tok)
2026-04-30 14:53:57,462 mme_vla_suite.pseudo_labeling.topreward_qwen_scorer INFO: Prefix 6/8 (end=80, n_frames=16/81): reward=-23.1250 (mean, 1 tok)
2026-04-30 14:54:01,650 mme_vla_suite.pseudo_labeling.topreward_qwen_scorer INFO: Prefix 7/8 (end=94, n_frames=19/95): reward=-17.5000 (mean, 1 tok)
2026-04-30 14:54:05,866 mme_vla_suite.pseudo_labeling.topreward_qwen_scorer INFO: Prefix 8/8 (end=108, n_frames=22/109): reward=-19.0000 (mean, 1 tok)
2026-04-30 14:54:10,830 mme_vla_suite.pseudo_labeling.topreward_qwen_scorer INFO: Prefix 1/8 (end=9, n_frames=4/10): reward=-23.6250 (mean, 1 tok)
2026-04-30 14:54:14,961 mme_vla_suite.pseudo_labeling.topreward_qwen_scorer INFO: Prefix 2/8 (end=21, n_frames=4/22): reward=-23.6250 (mean, 1 tok)
2026-04-30 14:54:19,102 mme_vla_suite.pseudo_labeling.topreward_qwen_scorer INFO: Prefix 3/8 (end=33, n_frames=7/34): reward=-22.8750 (mean, 1 tok)
2026-04-30 14:54:23,247 mme_vla_suite.pseudo_labeling.topreward_qwen_scorer INFO: Prefix 4/8 (end=45, n_frames=9/46): reward=-21.6250 (mean, 1 tok)
2026-04-30 14:54:27,388 mme_vla_suite.pseudo_labeling.topreward_qwen_scorer INFO: Prefix 5/8 (end=57, n_frames=12/58): reward=-22.3750 (mean, 1 tok)
2026-04-30 14:54:31,555 mme_vla_suite.pseudo_labeling.topreward_qwen_scorer INFO: Prefix 6/8 (end=69, n_frames=14/70): reward=-22.3750 (mean, 1 tok)
2026-04-30 14:54:35,711 mme_vla_suite.pseudo_labeling.topreward_qwen_scorer INFO: Prefix 7/8 (end=81, n_frames=16/82): reward=-22.3750 (mean, 1 tok)
2026-04-30 14:54:39,892 mme_vla_suite.pseudo_labeling.topreward_qwen_scorer INFO: Prefix 8/8 (end=94, n_frames=19/95): reward=-19.5000 (mean, 1 tok)
2026-04-30 14:54:45,034 mme_vla_suite.pseudo_labeling.topreward_qwen_scorer INFO: Prefix 1/8 (end=10, n_frames=4/11): reward=-23.6250 (mean, 1 tok)
2026-04-30 14:54:49,180 mme_vla_suite.pseudo_labeling.topreward_qwen_scorer INFO: Prefix 2/8 (end=23, n_frames=5/24): reward=-23.2500 (mean, 1 tok)
2026-04-30 14:54:53,337 mme_vla_suite.pseudo_labeling.topreward_qwen_scorer INFO: Prefix 3/8 (end=36, n_frames=7/37): reward=-22.6250 (mean, 1 tok)
2026-04-30 14:54:57,487 mme_vla_suite.pseudo_labeling.topreward_qwen_scorer INFO: Prefix 4/8 (end=49, n_frames=10/50): reward=-21.7500 (mean, 1 tok)
2026-04-30 14:55:01,653 mme_vla_suite.pseudo_labeling.topreward_qwen_scorer INFO: Prefix 5/8 (end=63, n_frames=13/64): reward=-22.6250 (mean, 1 tok)
2026-04-30 14:55:05,833 mme_vla_suite.pseudo_labeling.topreward_qwen_scorer INFO: Prefix 6/8 (end=76, n_frames=15/77): reward=-22.1250 (mean, 1 tok)
2026-04-30 14:55:10,025 mme_vla_suite.pseudo_labeling.topreward_qwen_scorer INFO: Prefix 7/8 (end=89, n_frames=18/90): reward=-19.7500 (mean, 1 tok)
2026-04-30 14:55:14,247 mme_vla_suite.pseudo_labeling.topreward_qwen_scorer INFO: Prefix 8/8 (end=103, n_frames=21/104): reward=-18.7500 (mean, 1 tok)
2026-04-30 14:55:19,151 mme_vla_suite.pseudo_labeling.topreward_qwen_scorer INFO: Prefix 1/8 (end=9, n_frames=4/10): reward=-23.7500 (mean, 1 tok)
2026-04-30 14:55:23,285 mme_vla_suite.pseudo_labeling.topreward_qwen_scorer INFO: Prefix 2/8 (end=21, n_frames=4/22): reward=-23.7500 (mean, 1 tok)
2026-04-30 14:55:27,420 mme_vla_suite.pseudo_labeling.topreward_qwen_scorer INFO: Prefix 3/8 (end=33, n_frames=7/34): reward=-22.0000 (mean, 1 tok)
2026-04-30 14:55:31,560 mme_vla_suite.pseudo_labeling.topreward_qwen_scorer INFO: Prefix 4/8 (end=45, n_frames=9/46): reward=-22.2500 (mean, 1 tok)
2026-04-30 14:55:35,718 mme_vla_suite.pseudo_labeling.topreward_qwen_scorer INFO: Prefix 5/8 (end=57, n_frames=12/58): reward=-21.8750 (mean, 1 tok)
2026-04-30 14:55:39,876 mme_vla_suite.pseudo_labeling.topreward_qwen_scorer INFO: Prefix 6/8 (end=69, n_frames=14/70): reward=-21.7500 (mean, 1 tok)
2026-04-30 14:55:44,051 mme_vla_suite.pseudo_labeling.topreward_qwen_scorer INFO: Prefix 7/8 (end=81, n_frames=16/82): reward=-22.0000 (mean, 1 tok)
2026-04-30 14:55:48,262 mme_vla_suite.pseudo_labeling.topreward_qwen_scorer INFO: Prefix 8/8 (end=94, n_frames=19/95): reward=-18.7500 (mean, 1 tok)
2026-04-30 14:55:52,907 mme_vla_suite.pseudo_labeling.topreward_qwen_scorer INFO: Prefix 1/8 (end=10, n_frames=4/11): reward=-23.7500 (mean, 1 tok)
2026-04-30 14:55:57,036 mme_vla_suite.pseudo_labeling.topreward_qwen_scorer INFO: Prefix 2/8 (end=22, n_frames=5/23): reward=-23.5000 (mean, 1 tok)
2026-04-30 14:56:01,168 mme_vla_suite.pseudo_labeling.topreward_qwen_scorer INFO: Prefix 3/8 (end=35, n_frames=7/36): reward=-22.2500 (mean, 1 tok)
2026-04-30 14:56:05,315 mme_vla_suite.pseudo_labeling.topreward_qwen_scorer INFO: Prefix 4/8 (end=48, n_frames=10/49): reward=-20.6250 (mean, 1 tok)
2026-04-30 14:56:09,480 mme_vla_suite.pseudo_labeling.topreward_qwen_scorer INFO: Prefix 5/8 (end=61, n_frames=12/62): reward=-22.3750 (mean, 1 tok)
2026-04-30 14:56:13,669 mme_vla_suite.pseudo_labeling.topreward_qwen_scorer INFO: Prefix 6/8 (end=74, n_frames=15/75): reward=-21.5000 (mean, 1 tok)
2026-04-30 14:56:17,876 mme_vla_suite.pseudo_labeling.topreward_qwen_scorer INFO: Prefix 7/8 (end=87, n_frames=18/88): reward=-20.5000 (mean, 1 tok)
2026-04-30 14:56:22,095 mme_vla_suite.pseudo_labeling.topreward_qwen_scorer INFO: Prefix 8/8 (end=100, n_frames=20/101): reward=-19.5000 (mean, 1 tok)
2026-04-30 14:56:27,090 mme_vla_suite.pseudo_labeling.topreward_qwen_scorer INFO: Prefix 1/8 (end=9, n_frames=4/10): reward=-24.3750 (mean, 1 tok)
2026-04-30 14:56:31,214 mme_vla_suite.pseudo_labeling.topreward_qwen_scorer INFO: Prefix 2/8 (end=21, n_frames=4/22): reward=-24.3750 (mean, 1 tok)
2026-04-30 14:56:35,356 mme_vla_suite.pseudo_labeling.topreward_qwen_scorer INFO: Prefix 3/8 (end=34, n_frames=7/35): reward=-23.5000 (mean, 1 tok)
2026-04-30 14:56:39,504 mme_vla_suite.pseudo_labeling.topreward_qwen_scorer INFO: Prefix 4/8 (end=46, n_frames=9/47): reward=-22.2500 (mean, 1 tok)
2026-04-30 14:56:43,665 mme_vla_suite.pseudo_labeling.topreward_qwen_scorer INFO: Prefix 5/8 (end=59, n_frames=12/60): reward=-23.0000 (mean, 1 tok)
2026-04-30 14:56:47,829 mme_vla_suite.pseudo_labeling.topreward_qwen_scorer INFO: Prefix 6/8 (end=71, n_frames=14/72): reward=-24.0000 (mean, 1 tok)
2026-04-30 14:56:52,034 mme_vla_suite.pseudo_labeling.topreward_qwen_scorer INFO: Prefix 7/8 (end=84, n_frames=17/85): reward=-23.5000 (mean, 1 tok)
2026-04-30 14:56:56,245 mme_vla_suite.pseudo_labeling.topreward_qwen_scorer INFO: Prefix 8/8 (end=97, n_frames=20/98): reward=-20.6250 (mean, 1 tok)
2026-04-30 14:57:01,124 mme_vla_suite.pseudo_labeling.topreward_qwen_scorer INFO: Prefix 1/8 (end=10, n_frames=4/11): reward=-24.3750 (mean, 1 tok)
2026-04-30 14:57:05,262 mme_vla_suite.pseudo_labeling.topreward_qwen_scorer INFO: Prefix 2/8 (end=23, n_frames=5/24): reward=-24.2500 (mean, 1 tok)
2026-04-30 14:57:09,408 mme_vla_suite.pseudo_labeling.topreward_qwen_scorer INFO: Prefix 3/8 (end=36, n_frames=7/37): reward=-24.0000 (mean, 1 tok)
2026-04-30 14:57:13,550 mme_vla_suite.pseudo_labeling.topreward_qwen_scorer INFO: Prefix 4/8 (end=49, n_frames=10/50): reward=-22.8750 (mean, 1 tok)
2026-04-30 14:57:17,718 mme_vla_suite.pseudo_labeling.topreward_qwen_scorer INFO: Prefix 5/8 (end=63, n_frames=13/64): reward=-23.3750 (mean, 1 tok)
2026-04-30 14:57:21,913 mme_vla_suite.pseudo_labeling.topreward_qwen_scorer INFO: Prefix 6/8 (end=76, n_frames=15/77): reward=-24.0000 (mean, 1 tok)
2026-04-30 14:57:26,133 mme_vla_suite.pseudo_labeling.topreward_qwen_scorer INFO: Prefix 7/8 (end=89, n_frames=18/90): reward=-23.2500 (mean, 1 tok)
2026-04-30 14:57:30,346 mme_vla_suite.pseudo_labeling.topreward_qwen_scorer INFO: Prefix 8/8 (end=103, n_frames=21/104): reward=-19.3750 (mean, 1 tok)
2026-04-30 14:57:35,333 mme_vla_suite.pseudo_labeling.topreward_qwen_scorer INFO: Prefix 1/8 (end=12, n_frames=4/13): reward=-24.0000 (mean, 1 tok)
2026-04-30 14:57:39,469 mme_vla_suite.pseudo_labeling.topreward_qwen_scorer INFO: Prefix 2/8 (end=28, n_frames=6/29): reward=-24.0000 (mean, 1 tok)
2026-04-30 14:57:43,618 mme_vla_suite.pseudo_labeling.topreward_qwen_scorer INFO: Prefix 3/8 (end=44, n_frames=9/45): reward=-23.2500 (mean, 1 tok)
2026-04-30 14:57:47,762 mme_vla_suite.pseudo_labeling.topreward_qwen_scorer INFO: Prefix 4/8 (end=60, n_frames=12/61): reward=-22.8750 (mean, 1 tok)
2026-04-30 14:57:51,925 mme_vla_suite.pseudo_labeling.topreward_qwen_scorer INFO: Prefix 5/8 (end=77, n_frames=16/78): reward=-22.7500 (mean, 1 tok)
2026-04-30 14:57:56,110 mme_vla_suite.pseudo_labeling.topreward_qwen_scorer INFO: Prefix 6/8 (end=93, n_frames=19/94): reward=-22.6250 (mean, 1 tok)
2026-04-30 14:58:00,326 mme_vla_suite.pseudo_labeling.topreward_qwen_scorer INFO: Prefix 7/8 (end=109, n_frames=22/110): reward=-18.6250 (mean, 1 tok)
2026-04-30 14:58:04,580 mme_vla_suite.pseudo_labeling.topreward_qwen_scorer INFO: Prefix 8/8 (end=126, n_frames=25/127): reward=-19.1250 (mean, 1 tok)
2026-04-30 14:58:09,439 mme_vla_suite.pseudo_labeling.topreward_qwen_scorer INFO: Prefix 1/8 (end=5, n_frames=4/6): reward=-20.0000 (mean, 1 tok)
2026-04-30 14:58:13,563 mme_vla_suite.pseudo_labeling.topreward_qwen_scorer INFO: Prefix 2/8 (end=11, n_frames=4/12): reward=-20.2500 (mean, 1 tok)
2026-04-30 14:58:17,692 mme_vla_suite.pseudo_labeling.topreward_qwen_scorer INFO: Prefix 3/8 (end=17, n_frames=4/18): reward=-19.8750 (mean, 1 tok)
2026-04-30 14:58:21,832 mme_vla_suite.pseudo_labeling.topreward_qwen_scorer INFO: Prefix 4/8 (end=23, n_frames=5/24): reward=-20.7500 (mean, 1 tok)
2026-04-30 14:58:25,957 mme_vla_suite.pseudo_labeling.topreward_qwen_scorer INFO: Prefix 5/8 (end=30, n_frames=6/31): reward=-19.3750 (mean, 1 tok)
2026-04-30 14:58:30,124 mme_vla_suite.pseudo_labeling.topreward_qwen_scorer INFO: Prefix 6/8 (end=36, n_frames=7/37): reward=-19.8750 (mean, 1 tok)
2026-04-30 14:58:34,292 mme_vla_suite.pseudo_labeling.topreward_qwen_scorer INFO: Prefix 7/8 (end=42, n_frames=9/43): reward=-18.8750 (mean, 1 tok)
2026-04-30 14:58:38,453 mme_vla_suite.pseudo_labeling.topreward_qwen_scorer INFO: Prefix 8/8 (end=49, n_frames=10/50): reward=-19.6250 (mean, 1 tok)
2026-04-30 14:58:43,521 mme_vla_suite.pseudo_labeling.topreward_qwen_scorer INFO: Prefix 1/8 (end=8, n_frames=4/9): reward=-24.0000 (mean, 1 tok)
2026-04-30 14:58:47,658 mme_vla_suite.pseudo_labeling.topreward_qwen_scorer INFO: Prefix 2/8 (end=19, n_frames=4/20): reward=-23.5000 (mean, 1 tok)
2026-04-30 14:58:51,811 mme_vla_suite.pseudo_labeling.topreward_qwen_scorer INFO: Prefix 3/8 (end=30, n_frames=6/31): reward=-23.8750 (mean, 1 tok)
2026-04-30 14:58:55,961 mme_vla_suite.pseudo_labeling.topreward_qwen_scorer INFO: Prefix 4/8 (end=41, n_frames=8/42): reward=-24.0000 (mean, 1 tok)
2026-04-30 14:59:00,128 mme_vla_suite.pseudo_labeling.topreward_qwen_scorer INFO: Prefix 5/8 (end=53, n_frames=11/54): reward=-23.8750 (mean, 1 tok)
2026-04-30 14:59:04,295 mme_vla_suite.pseudo_labeling.topreward_qwen_scorer INFO: Prefix 6/8 (end=64, n_frames=13/65): reward=-22.8750 (mean, 1 tok)
2026-04-30 14:59:08,485 mme_vla_suite.pseudo_labeling.topreward_qwen_scorer INFO: Prefix 7/8 (end=75, n_frames=15/76): reward=-23.6250 (mean, 1 tok)
2026-04-30 14:59:12,670 mme_vla_suite.pseudo_labeling.topreward_qwen_scorer INFO: Prefix 8/8 (end=87, n_frames=18/88): reward=-20.0000 (mean, 1 tok)
2026-04-30 14:59:17,644 mme_vla_suite.pseudo_labeling.topreward_qwen_scorer INFO: Prefix 1/8 (end=9, n_frames=4/10): reward=-23.8750 (mean, 1 tok)
2026-04-30 14:59:21,776 mme_vla_suite.pseudo_labeling.topreward_qwen_scorer INFO: Prefix 2/8 (end=21, n_frames=4/22): reward=-23.6250 (mean, 1 tok)
2026-04-30 14:59:25,928 mme_vla_suite.pseudo_labeling.topreward_qwen_scorer INFO: Prefix 3/8 (end=33, n_frames=7/34): reward=-23.6250 (mean, 1 tok)
2026-04-30 14:59:30,075 mme_vla_suite.pseudo_labeling.topreward_qwen_scorer INFO: Prefix 4/8 (end=45, n_frames=9/46): reward=-24.1250 (mean, 1 tok)
2026-04-30 14:59:34,241 mme_vla_suite.pseudo_labeling.topreward_qwen_scorer INFO: Prefix 5/8 (end=57, n_frames=12/58): reward=-22.3750 (mean, 1 tok)
2026-04-30 14:59:38,409 mme_vla_suite.pseudo_labeling.topreward_qwen_scorer INFO: Prefix 6/8 (end=69, n_frames=14/70): reward=-23.1250 (mean, 1 tok)
2026-04-30 14:59:42,596 mme_vla_suite.pseudo_labeling.topreward_qwen_scorer INFO: Prefix 7/8 (end=81, n_frames=16/82): reward=-23.5000 (mean, 1 tok)
2026-04-30 14:59:46,836 mme_vla_suite.pseudo_labeling.topreward_qwen_scorer INFO: Prefix 8/8 (end=94, n_frames=19/95): reward=-19.7500 (mean, 1 tok)
2026-04-30 14:59:51,797 mme_vla_suite.pseudo_labeling.topreward_qwen_scorer INFO: Prefix 1/8 (end=9, n_frames=4/10): reward=-23.3750 (mean, 1 tok)
2026-04-30 14:59:55,937 mme_vla_suite.pseudo_labeling.topreward_qwen_scorer INFO: Prefix 2/8 (end=20, n_frames=4/21): reward=-23.3750 (mean, 1 tok)
2026-04-30 15:00:00,094 mme_vla_suite.pseudo_labeling.topreward_qwen_scorer INFO: Prefix 3/8 (end=32, n_frames=7/33): reward=-22.8750 (mean, 1 tok)
2026-04-30 15:00:04,255 mme_vla_suite.pseudo_labeling.topreward_qwen_scorer INFO: Prefix 4/8 (end=44, n_frames=9/45): reward=-21.8750 (mean, 1 tok)
2026-04-30 15:00:08,434 mme_vla_suite.pseudo_labeling.topreward_qwen_scorer INFO: Prefix 5/8 (end=55, n_frames=11/56): reward=-22.5000 (mean, 1 tok)
2026-04-30 15:00:12,607 mme_vla_suite.pseudo_labeling.topreward_qwen_scorer INFO: Prefix 6/8 (end=67, n_frames=14/68): reward=-22.7500 (mean, 1 tok)
2026-04-30 15:00:16,795 mme_vla_suite.pseudo_labeling.topreward_qwen_scorer INFO: Prefix 7/8 (end=79, n_frames=16/80): reward=-22.8750 (mean, 1 tok)
2026-04-30 15:00:21,009 mme_vla_suite.pseudo_labeling.topreward_qwen_scorer INFO: Prefix 8/8 (end=91, n_frames=18/92): reward=-19.2500 (mean, 1 tok)
2026-04-30 15:00:25,887 mme_vla_suite.pseudo_labeling.topreward_qwen_scorer INFO: Prefix 1/8 (end=10, n_frames=4/11): reward=-23.3750 (mean, 1 tok)
2026-04-30 15:00:30,029 mme_vla_suite.pseudo_labeling.topreward_qwen_scorer INFO: Prefix 2/8 (end=22, n_frames=5/23): reward=-23.7500 (mean, 1 tok)
2026-04-30 15:00:34,197 mme_vla_suite.pseudo_labeling.topreward_qwen_scorer INFO: Prefix 3/8 (end=35, n_frames=7/36): reward=-22.5000 (mean, 1 tok)
2026-04-30 15:00:38,352 mme_vla_suite.pseudo_labeling.topreward_qwen_scorer INFO: Prefix 4/8 (end=48, n_frames=10/49): reward=-22.0000 (mean, 1 tok)
2026-04-30 15:00:42,536 mme_vla_suite.pseudo_labeling.topreward_qwen_scorer INFO: Prefix 5/8 (end=61, n_frames=12/62): reward=-22.1250 (mean, 1 tok)
2026-04-30 15:00:46,743 mme_vla_suite.pseudo_labeling.topreward_qwen_scorer INFO: Prefix 6/8 (end=74, n_frames=15/75): reward=-22.7500 (mean, 1 tok)
2026-04-30 15:00:50,972 mme_vla_suite.pseudo_labeling.topreward_qwen_scorer INFO: Prefix 7/8 (end=87, n_frames=18/88): reward=-19.6250 (mean, 1 tok)
2026-04-30 15:00:55,212 mme_vla_suite.pseudo_labeling.topreward_qwen_scorer INFO: Prefix 8/8 (end=100, n_frames=20/101): reward=-19.8750 (mean, 1 tok)
2026-04-30 15:01:00,295 mme_vla_suite.pseudo_labeling.topreward_qwen_scorer INFO: Prefix 1/8 (end=10, n_frames=4/11): reward=-24.0000 (mean, 1 tok)
2026-04-30 15:01:04,447 mme_vla_suite.pseudo_labeling.topreward_qwen_scorer INFO: Prefix 2/8 (end=22, n_frames=5/23): reward=-24.1250 (mean, 1 tok)
2026-04-30 15:01:08,603 mme_vla_suite.pseudo_labeling.topreward_qwen_scorer INFO: Prefix 3/8 (end=35, n_frames=7/36): reward=-22.7500 (mean, 1 tok)
2026-04-30 15:01:12,764 mme_vla_suite.pseudo_labeling.topreward_qwen_scorer INFO: Prefix 4/8 (end=48, n_frames=10/49): reward=-22.6250 (mean, 1 tok)
2026-04-30 15:01:16,922 mme_vla_suite.pseudo_labeling.topreward_qwen_scorer INFO: Prefix 5/8 (end=60, n_frames=12/61): reward=-22.7500 (mean, 1 tok)
2026-04-30 15:01:21,122 mme_vla_suite.pseudo_labeling.topreward_qwen_scorer INFO: Prefix 6/8 (end=73, n_frames=15/74): reward=-23.1250 (mean, 1 tok)
2026-04-30 15:01:25,332 mme_vla_suite.pseudo_labeling.topreward_qwen_scorer INFO: Prefix 7/8 (end=86, n_frames=17/87): reward=-23.2500 (mean, 1 tok)
2026-04-30 15:01:29,550 mme_vla_suite.pseudo_labeling.topreward_qwen_scorer INFO: Prefix 8/8 (end=99, n_frames=20/100): reward=-19.5000 (mean, 1 tok)
2026-04-30 15:01:34,430 mme_vla_suite.pseudo_labeling.topreward_qwen_scorer INFO: Prefix 1/8 (end=10, n_frames=4/11): reward=-24.0000 (mean, 1 tok)
2026-04-30 15:01:38,579 mme_vla_suite.pseudo_labeling.topreward_qwen_scorer INFO: Prefix 2/8 (end=23, n_frames=5/24): reward=-24.1250 (mean, 1 tok)
2026-04-30 15:01:42,738 mme_vla_suite.pseudo_labeling.topreward_qwen_scorer INFO: Prefix 3/8 (end=37, n_frames=8/38): reward=-22.8750 (mean, 1 tok)
2026-04-30 15:01:46,893 mme_vla_suite.pseudo_labeling.topreward_qwen_scorer INFO: Prefix 4/8 (end=51, n_frames=10/52): reward=-23.0000 (mean, 1 tok)
2026-04-30 15:01:51,161 mme_vla_suite.pseudo_labeling.topreward_qwen_scorer INFO: Prefix 5/8 (end=64, n_frames=13/65): reward=-23.3750 (mean, 1 tok)
2026-04-30 15:01:55,453 mme_vla_suite.pseudo_labeling.topreward_qwen_scorer INFO: Prefix 6/8 (end=78, n_frames=16/79): reward=-23.1250 (mean, 1 tok)
2026-04-30 15:01:59,778 mme_vla_suite.pseudo_labeling.topreward_qwen_scorer INFO: Prefix 7/8 (end=92, n_frames=19/93): reward=-22.0000 (mean, 1 tok)
2026-04-30 15:02:04,009 mme_vla_suite.pseudo_labeling.topreward_qwen_scorer INFO: Prefix 8/8 (end=106, n_frames=21/107): reward=-19.3750 (mean, 1 tok)
2026-04-30 15:02:09,011 mme_vla_suite.pseudo_labeling.topreward_qwen_scorer INFO: Prefix 1/8 (end=11, n_frames=4/12): reward=-23.6250 (mean, 1 tok)
2026-04-30 15:02:13,158 mme_vla_suite.pseudo_labeling.topreward_qwen_scorer INFO: Prefix 2/8 (end=25, n_frames=5/26): reward=-23.6250 (mean, 1 tok)
2026-04-30 15:02:17,311 mme_vla_suite.pseudo_labeling.topreward_qwen_scorer INFO: Prefix 3/8 (end=39, n_frames=8/40): reward=-23.6250 (mean, 1 tok)
2026-04-30 15:02:21,467 mme_vla_suite.pseudo_labeling.topreward_qwen_scorer INFO: Prefix 4/8 (end=53, n_frames=11/54): reward=-22.7500 (mean, 1 tok)
2026-04-30 15:02:25,630 mme_vla_suite.pseudo_labeling.topreward_qwen_scorer INFO: Prefix 5/8 (end=67, n_frames=14/68): reward=-23.1250 (mean, 1 tok)
2026-04-30 15:02:29,793 mme_vla_suite.pseudo_labeling.topreward_qwen_scorer INFO: Prefix 6/8 (end=81, n_frames=16/82): reward=-22.5000 (mean, 1 tok)
2026-04-30 15:02:33,982 mme_vla_suite.pseudo_labeling.topreward_qwen_scorer INFO: Prefix 7/8 (end=95, n_frames=19/96): reward=-22.6250 (mean, 1 tok)
2026-04-30 15:02:38,208 mme_vla_suite.pseudo_labeling.topreward_qwen_scorer INFO: Prefix 8/8 (end=109, n_frames=22/110): reward=-19.0000 (mean, 1 tok)
2026-04-30 15:02:42,931 mme_vla_suite.pseudo_labeling.topreward_qwen_scorer INFO: Prefix 1/8 (end=12, n_frames=4/13): reward=-23.6250 (mean, 1 tok)
2026-04-30 15:02:47,076 mme_vla_suite.pseudo_labeling.topreward_qwen_scorer INFO: Prefix 2/8 (end=27, n_frames=6/28): reward=-23.6250 (mean, 1 tok)
2026-04-30 15:02:51,229 mme_vla_suite.pseudo_labeling.topreward_qwen_scorer INFO: Prefix 3/8 (end=43, n_frames=9/44): reward=-23.3750 (mean, 1 tok)
2026-04-30 15:02:55,391 mme_vla_suite.pseudo_labeling.topreward_qwen_scorer INFO: Prefix 4/8 (end=59, n_frames=12/60): reward=-22.7500 (mean, 1 tok)
2026-04-30 15:02:59,548 mme_vla_suite.pseudo_labeling.topreward_qwen_scorer INFO: Prefix 5/8 (end=74, n_frames=15/75): reward=-22.8750 (mean, 1 tok)
2026-04-30 15:03:03,745 mme_vla_suite.pseudo_labeling.topreward_qwen_scorer INFO: Prefix 6/8 (end=90, n_frames=18/91): reward=-20.7500 (mean, 1 tok)
2026-04-30 15:03:07,968 mme_vla_suite.pseudo_labeling.topreward_qwen_scorer INFO: Prefix 7/8 (end=106, n_frames=21/107): reward=-19.0000 (mean, 1 tok)
2026-04-30 15:03:12,238 mme_vla_suite.pseudo_labeling.topreward_qwen_scorer INFO: Prefix 8/8 (end=122, n_frames=25/123): reward=-20.1250 (mean, 1 tok)
2026-04-30 15:03:17,176 mme_vla_suite.pseudo_labeling.topreward_qwen_scorer INFO: Prefix 1/8 (end=11, n_frames=4/12): reward=-23.8750 (mean, 1 tok)
2026-04-30 15:03:21,333 mme_vla_suite.pseudo_labeling.topreward_qwen_scorer INFO: Prefix 2/8 (end=25, n_frames=5/26): reward=-23.8750 (mean, 1 tok)
2026-04-30 15:03:25,501 mme_vla_suite.pseudo_labeling.topreward_qwen_scorer INFO: Prefix 3/8 (end=39, n_frames=8/40): reward=-23.3750 (mean, 1 tok)
2026-04-30 15:03:29,687 mme_vla_suite.pseudo_labeling.topreward_qwen_scorer INFO: Prefix 4/8 (end=54, n_frames=11/55): reward=-22.6250 (mean, 1 tok)
2026-04-30 15:03:33,878 mme_vla_suite.pseudo_labeling.topreward_qwen_scorer INFO: Prefix 5/8 (end=68, n_frames=14/69): reward=-22.6250 (mean, 1 tok)
2026-04-30 15:03:38,068 mme_vla_suite.pseudo_labeling.topreward_qwen_scorer INFO: Prefix 6/8 (end=83, n_frames=17/84): reward=-20.5000 (mean, 1 tok)
2026-04-30 15:03:42,281 mme_vla_suite.pseudo_labeling.topreward_qwen_scorer INFO: Prefix 7/8 (end=97, n_frames=20/98): reward=-22.5000 (mean, 1 tok)
2026-04-30 15:03:46,510 mme_vla_suite.pseudo_labeling.topreward_qwen_scorer INFO: Prefix 8/8 (end=112, n_frames=23/113): reward=-19.3750 (mean, 1 tok)
2026-04-30 15:03:51,338 mme_vla_suite.pseudo_labeling.topreward_qwen_scorer INFO: Prefix 1/8 (end=5, n_frames=4/6): reward=-20.7500 (mean, 1 tok)
2026-04-30 15:03:55,478 mme_vla_suite.pseudo_labeling.topreward_qwen_scorer INFO: Prefix 2/8 (end=11, n_frames=4/12): reward=-20.8750 (mean, 1 tok)
2026-04-30 15:03:59,611 mme_vla_suite.pseudo_labeling.topreward_qwen_scorer INFO: Prefix 3/8 (end=17, n_frames=4/18): reward=-20.3750 (mean, 1 tok)
2026-04-30 15:04:03,761 mme_vla_suite.pseudo_labeling.topreward_qwen_scorer INFO: Prefix 4/8 (end=24, n_frames=5/25): reward=-21.0000 (mean, 1 tok)
2026-04-30 15:04:07,907 mme_vla_suite.pseudo_labeling.topreward_qwen_scorer INFO: Prefix 5/8 (end=30, n_frames=6/31): reward=-21.1250 (mean, 1 tok)
2026-04-30 15:04:12,051 mme_vla_suite.pseudo_labeling.topreward_qwen_scorer INFO: Prefix 6/8 (end=37, n_frames=8/38): reward=-19.8750 (mean, 1 tok)
2026-04-30 15:04:16,196 mme_vla_suite.pseudo_labeling.topreward_qwen_scorer INFO: Prefix 7/8 (end=43, n_frames=9/44): reward=-19.0000 (mean, 1 tok)
2026-04-30 15:04:20,355 mme_vla_suite.pseudo_labeling.topreward_qwen_scorer INFO: Prefix 8/8 (end=50, n_frames=10/51): reward=-19.0000 (mean, 1 tok)
2026-04-30 15:04:25,665 mme_vla_suite.pseudo_labeling.topreward_qwen_scorer INFO: Prefix 1/8 (end=9, n_frames=4/10): reward=-24.0000 (mean, 1 tok)
2026-04-30 15:04:29,806 mme_vla_suite.pseudo_labeling.topreward_qwen_scorer INFO: Prefix 2/8 (end=21, n_frames=4/22): reward=-23.3750 (mean, 1 tok)
2026-04-30 15:04:33,963 mme_vla_suite.pseudo_labeling.topreward_qwen_scorer INFO: Prefix 3/8 (end=34, n_frames=7/35): reward=-23.1250 (mean, 1 tok)
2026-04-30 15:04:38,133 mme_vla_suite.pseudo_labeling.topreward_qwen_scorer INFO: Prefix 4/8 (end=46, n_frames=9/47): reward=-23.2500 (mean, 1 tok)
2026-04-30 15:04:42,309 mme_vla_suite.pseudo_labeling.topreward_qwen_scorer INFO: Prefix 5/8 (end=59, n_frames=12/60): reward=-23.3750 (mean, 1 tok)
2026-04-30 15:04:46,484 mme_vla_suite.pseudo_labeling.topreward_qwen_scorer INFO: Prefix 6/8 (end=71, n_frames=14/72): reward=-24.0000 (mean, 1 tok)
2026-04-30 15:04:50,687 mme_vla_suite.pseudo_labeling.topreward_qwen_scorer INFO: Prefix 7/8 (end=84, n_frames=17/85): reward=-22.1250 (mean, 1 tok)
2026-04-30 15:04:54,903 mme_vla_suite.pseudo_labeling.topreward_qwen_scorer INFO: Prefix 8/8 (end=97, n_frames=20/98): reward=-18.1250 (mean, 1 tok)
2026-04-30 15:04:59,642 mme_vla_suite.pseudo_labeling.topreward_qwen_scorer INFO: Prefix 1/8 (end=10, n_frames=4/11): reward=-24.0000 (mean, 1 tok)
2026-04-30 15:05:03,784 mme_vla_suite.pseudo_labeling.topreward_qwen_scorer INFO: Prefix 2/8 (end=24, n_frames=5/25): reward=-23.0000 (mean, 1 tok)
2026-04-30 15:05:07,931 mme_vla_suite.pseudo_labeling.topreward_qwen_scorer INFO: Prefix 3/8 (end=38, n_frames=8/39): reward=-23.0000 (mean, 1 tok)
2026-04-30 15:05:12,100 mme_vla_suite.pseudo_labeling.topreward_qwen_scorer INFO: Prefix 4/8 (end=52, n_frames=11/53): reward=-24.0000 (mean, 1 tok)
2026-04-30 15:05:16,269 mme_vla_suite.pseudo_labeling.topreward_qwen_scorer INFO: Prefix 5/8 (end=66, n_frames=13/67): reward=-23.6250 (mean, 1 tok)
2026-04-30 15:05:20,462 mme_vla_suite.pseudo_labeling.topreward_qwen_scorer INFO: Prefix 6/8 (end=80, n_frames=16/81): reward=-23.8750 (mean, 1 tok)
2026-04-30 15:05:24,705 mme_vla_suite.pseudo_labeling.topreward_qwen_scorer INFO: Prefix 7/8 (end=94, n_frames=19/95): reward=-18.8750 (mean, 1 tok)
2026-04-30 15:05:28,953 mme_vla_suite.pseudo_labeling.topreward_qwen_scorer INFO: Prefix 8/8 (end=108, n_frames=22/109): reward=-19.2500 (mean, 1 tok)
2026-04-30 15:05:33,859 mme_vla_suite.pseudo_labeling.topreward_qwen_scorer INFO: Prefix 1/8 (end=9, n_frames=4/10): reward=-24.2500 (mean, 1 tok)
2026-04-30 15:05:38,018 mme_vla_suite.pseudo_labeling.topreward_qwen_scorer INFO: Prefix 2/8 (end=20, n_frames=4/21): reward=-24.2500 (mean, 1 tok)
2026-04-30 15:05:42,184 mme_vla_suite.pseudo_labeling.topreward_qwen_scorer INFO: Prefix 3/8 (end=32, n_frames=7/33): reward=-23.1250 (mean, 1 tok)
2026-04-30 15:05:46,353 mme_vla_suite.pseudo_labeling.topreward_qwen_scorer INFO: Prefix 4/8 (end=44, n_frames=9/45): reward=-23.7500 (mean, 1 tok)
2026-04-30 15:05:50,534 mme_vla_suite.pseudo_labeling.topreward_qwen_scorer INFO: Prefix 5/8 (end=55, n_frames=11/56): reward=-23.8750 (mean, 1 tok)
2026-04-30 15:05:54,730 mme_vla_suite.pseudo_labeling.topreward_qwen_scorer INFO: Prefix 6/8 (end=67, n_frames=14/68): reward=-24.5000 (mean, 1 tok)
2026-04-30 15:05:58,942 mme_vla_suite.pseudo_labeling.topreward_qwen_scorer INFO: Prefix 7/8 (end=79, n_frames=16/80): reward=-24.5000 (mean, 1 tok)
2026-04-30 15:06:03,166 mme_vla_suite.pseudo_labeling.topreward_qwen_scorer INFO: Prefix 8/8 (end=91, n_frames=18/92): reward=-19.0000 (mean, 1 tok)
2026-04-30 15:06:08,042 mme_vla_suite.pseudo_labeling.topreward_qwen_scorer INFO: Prefix 1/8 (end=9, n_frames=4/10): reward=-24.2500 (mean, 1 tok)
2026-04-30 15:06:12,179 mme_vla_suite.pseudo_labeling.topreward_qwen_scorer INFO: Prefix 2/8 (end=21, n_frames=4/22): reward=-24.2500 (mean, 1 tok)
2026-04-30 15:06:16,332 mme_vla_suite.pseudo_labeling.topreward_qwen_scorer INFO: Prefix 3/8 (end=34, n_frames=7/35): reward=-23.2500 (mean, 1 tok)
2026-04-30 15:06:20,487 mme_vla_suite.pseudo_labeling.topreward_qwen_scorer INFO: Prefix 4/8 (end=46, n_frames=9/47): reward=-23.6250 (mean, 1 tok)
2026-04-30 15:06:24,643 mme_vla_suite.pseudo_labeling.topreward_qwen_scorer INFO: Prefix 5/8 (end=59, n_frames=12/60): reward=-23.2500 (mean, 1 tok)
2026-04-30 15:06:28,816 mme_vla_suite.pseudo_labeling.topreward_qwen_scorer INFO: Prefix 6/8 (end=71, n_frames=14/72): reward=-24.6250 (mean, 1 tok)
2026-04-30 15:06:33,015 mme_vla_suite.pseudo_labeling.topreward_qwen_scorer INFO: Prefix 7/8 (end=84, n_frames=17/85): reward=-22.6250 (mean, 1 tok)
2026-04-30 15:06:37,245 mme_vla_suite.pseudo_labeling.topreward_qwen_scorer INFO: Prefix 8/8 (end=97, n_frames=20/98): reward=-19.5000 (mean, 1 tok)
2026-04-30 15:06:42,160 mme_vla_suite.pseudo_labeling.topreward_qwen_scorer INFO: Prefix 1/8 (end=9, n_frames=4/10): reward=-23.6250 (mean, 1 tok)
2026-04-30 15:06:46,306 mme_vla_suite.pseudo_labeling.topreward_qwen_scorer INFO: Prefix 2/8 (end=21, n_frames=4/22): reward=-23.6250 (mean, 1 tok)
2026-04-30 15:06:50,460 mme_vla_suite.pseudo_labeling.topreward_qwen_scorer INFO: Prefix 3/8 (end=33, n_frames=7/34): reward=-22.5000 (mean, 1 tok)
2026-04-30 15:06:54,610 mme_vla_suite.pseudo_labeling.topreward_qwen_scorer INFO: Prefix 4/8 (end=45, n_frames=9/46): reward=-22.1250 (mean, 1 tok)
2026-04-30 15:06:58,773 mme_vla_suite.pseudo_labeling.topreward_qwen_scorer INFO: Prefix 5/8 (end=57, n_frames=12/58): reward=-21.8750 (mean, 1 tok)
2026-04-30 15:07:02,945 mme_vla_suite.pseudo_labeling.topreward_qwen_scorer INFO: Prefix 6/8 (end=69, n_frames=14/70): reward=-22.7500 (mean, 1 tok)
2026-04-30 15:07:07,136 mme_vla_suite.pseudo_labeling.topreward_qwen_scorer INFO: Prefix 7/8 (end=81, n_frames=16/82): reward=-22.3750 (mean, 1 tok)
2026-04-30 15:07:11,354 mme_vla_suite.pseudo_labeling.topreward_qwen_scorer INFO: Prefix 8/8 (end=93, n_frames=19/94): reward=-17.5000 (mean, 1 tok)
2026-04-30 15:07:16,209 mme_vla_suite.pseudo_labeling.topreward_qwen_scorer INFO: Prefix 1/8 (end=10, n_frames=4/11): reward=-23.6250 (mean, 1 tok)
2026-04-30 15:07:20,336 mme_vla_suite.pseudo_labeling.topreward_qwen_scorer INFO: Prefix 2/8 (end=23, n_frames=5/24): reward=-23.6250 (mean, 1 tok)
2026-04-30 15:07:24,508 mme_vla_suite.pseudo_labeling.topreward_qwen_scorer INFO: Prefix 3/8 (end=36, n_frames=7/37): reward=-22.2500 (mean, 1 tok)
2026-04-30 15:07:28,657 mme_vla_suite.pseudo_labeling.topreward_qwen_scorer INFO: Prefix 4/8 (end=49, n_frames=10/50): reward=-22.2500 (mean, 1 tok)
2026-04-30 15:07:32,818 mme_vla_suite.pseudo_labeling.topreward_qwen_scorer INFO: Prefix 5/8 (end=63, n_frames=13/64): reward=-23.2500 (mean, 1 tok)
2026-04-30 15:07:36,993 mme_vla_suite.pseudo_labeling.topreward_qwen_scorer INFO: Prefix 6/8 (end=76, n_frames=15/77): reward=-22.3750 (mean, 1 tok)
2026-04-30 15:07:41,183 mme_vla_suite.pseudo_labeling.topreward_qwen_scorer INFO: Prefix 7/8 (end=89, n_frames=18/90): reward=-19.1250 (mean, 1 tok)
2026-04-30 15:07:45,382 mme_vla_suite.pseudo_labeling.topreward_qwen_scorer INFO: Prefix 8/8 (end=103, n_frames=21/104): reward=-18.7500 (mean, 1 tok)
2026-04-30 15:07:50,395 mme_vla_suite.pseudo_labeling.topreward_qwen_scorer INFO: Prefix 1/8 (end=10, n_frames=4/11): reward=-24.8750 (mean, 1 tok)
2026-04-30 15:07:54,529 mme_vla_suite.pseudo_labeling.topreward_qwen_scorer INFO: Prefix 2/8 (end=23, n_frames=5/24): reward=-24.7500 (mean, 1 tok)
2026-04-30 15:07:58,670 mme_vla_suite.pseudo_labeling.topreward_qwen_scorer INFO: Prefix 3/8 (end=36, n_frames=7/37): reward=-24.7500 (mean, 1 tok)
2026-04-30 15:08:02,824 mme_vla_suite.pseudo_labeling.topreward_qwen_scorer INFO: Prefix 4/8 (end=49, n_frames=10/50): reward=-24.1250 (mean, 1 tok)
2026-04-30 15:08:06,982 mme_vla_suite.pseudo_labeling.topreward_qwen_scorer INFO: Prefix 5/8 (end=62, n_frames=13/63): reward=-24.7500 (mean, 1 tok)
2026-04-30 15:08:11,146 mme_vla_suite.pseudo_labeling.topreward_qwen_scorer INFO: Prefix 6/8 (end=75, n_frames=15/76): reward=-24.5000 (mean, 1 tok)
2026-04-30 15:08:15,316 mme_vla_suite.pseudo_labeling.topreward_qwen_scorer INFO: Prefix 7/8 (end=88, n_frames=18/89): reward=-25.0000 (mean, 1 tok)
2026-04-30 15:08:19,507 mme_vla_suite.pseudo_labeling.topreward_qwen_scorer INFO: Prefix 8/8 (end=101, n_frames=20/102): reward=-18.7500 (mean, 1 tok)
2026-04-30 15:08:24,287 mme_vla_suite.pseudo_labeling.topreward_qwen_scorer INFO: Prefix 1/8 (end=11, n_frames=4/12): reward=-24.8750 (mean, 1 tok)
2026-04-30 15:08:28,440 mme_vla_suite.pseudo_labeling.topreward_qwen_scorer INFO: Prefix 2/8 (end=25, n_frames=5/26): reward=-24.7500 (mean, 1 tok)
2026-04-30 15:08:32,579 mme_vla_suite.pseudo_labeling.topreward_qwen_scorer INFO: Prefix 3/8 (end=39, n_frames=8/40): reward=-24.7500 (mean, 1 tok)
2026-04-30 15:08:36,734 mme_vla_suite.pseudo_labeling.topreward_qwen_scorer INFO: Prefix 4/8 (end=53, n_frames=11/54): reward=-24.1250 (mean, 1 tok)
2026-04-30 15:08:40,906 mme_vla_suite.pseudo_labeling.topreward_qwen_scorer INFO: Prefix 5/8 (end=67, n_frames=14/68): reward=-24.8750 (mean, 1 tok)
2026-04-30 15:08:45,067 mme_vla_suite.pseudo_labeling.topreward_qwen_scorer INFO: Prefix 6/8 (end=81, n_frames=16/82): reward=-25.1250 (mean, 1 tok)
2026-04-30 15:08:49,246 mme_vla_suite.pseudo_labeling.topreward_qwen_scorer INFO: Prefix 7/8 (end=95, n_frames=19/96): reward=-21.1250 (mean, 1 tok)
2026-04-30 15:08:53,527 mme_vla_suite.pseudo_labeling.topreward_qwen_scorer INFO: Prefix 8/8 (end=109, n_frames=22/110): reward=-18.8750 (mean, 1 tok)
2026-04-30 15:08:58,325 mme_vla_suite.pseudo_labeling.topreward_qwen_scorer INFO: Prefix 1/8 (end=10, n_frames=4/11): reward=-24.1250 (mean, 1 tok)
2026-04-30 15:09:02,462 mme_vla_suite.pseudo_labeling.topreward_qwen_scorer INFO: Prefix 2/8 (end=23, n_frames=5/24): reward=-23.7500 (mean, 1 tok)
2026-04-30 15:09:06,603 mme_vla_suite.pseudo_labeling.topreward_qwen_scorer INFO: Prefix 3/8 (end=36, n_frames=7/37): reward=-22.8750 (mean, 1 tok)
2026-04-30 15:09:10,758 mme_vla_suite.pseudo_labeling.topreward_qwen_scorer INFO: Prefix 4/8 (end=50, n_frames=10/51): reward=-22.1250 (mean, 1 tok)
2026-04-30 15:09:14,913 mme_vla_suite.pseudo_labeling.topreward_qwen_scorer INFO: Prefix 5/8 (end=63, n_frames=13/64): reward=-22.8750 (mean, 1 tok)
2026-04-30 15:09:19,075 mme_vla_suite.pseudo_labeling.topreward_qwen_scorer INFO: Prefix 6/8 (end=77, n_frames=16/78): reward=-21.7500 (mean, 1 tok)
2026-04-30 15:09:23,245 mme_vla_suite.pseudo_labeling.topreward_qwen_scorer INFO: Prefix 7/8 (end=90, n_frames=18/91): reward=-22.3750 (mean, 1 tok)
2026-04-30 15:09:27,430 mme_vla_suite.pseudo_labeling.topreward_qwen_scorer INFO: Prefix 8/8 (end=104, n_frames=21/105): reward=-18.5000 (mean, 1 tok)
2026-04-30 15:09:32,488 mme_vla_suite.pseudo_labeling.topreward_qwen_scorer INFO: Prefix 1/8 (end=5, n_frames=4/6): reward=-20.6250 (mean, 1 tok)
2026-04-30 15:09:36,612 mme_vla_suite.pseudo_labeling.topreward_qwen_scorer INFO: Prefix 2/8 (end=11, n_frames=4/12): reward=-20.0000 (mean, 1 tok)
2026-04-30 15:09:40,741 mme_vla_suite.pseudo_labeling.topreward_qwen_scorer INFO: Prefix 3/8 (end=17, n_frames=4/18): reward=-19.5000 (mean, 1 tok)
2026-04-30 15:09:44,874 mme_vla_suite.pseudo_labeling.topreward_qwen_scorer INFO: Prefix 4/8 (end=24, n_frames=5/25): reward=-20.6250 (mean, 1 tok)
2026-04-30 15:09:49,009 mme_vla_suite.pseudo_labeling.topreward_qwen_scorer INFO: Prefix 5/8 (end=30, n_frames=6/31): reward=-20.8750 (mean, 1 tok)
2026-04-30 15:09:53,150 mme_vla_suite.pseudo_labeling.topreward_qwen_scorer INFO: Prefix 6/8 (end=37, n_frames=8/38): reward=-20.8750 (mean, 1 tok)
2026-04-30 15:09:57,290 mme_vla_suite.pseudo_labeling.topreward_qwen_scorer INFO: Prefix 7/8 (end=43, n_frames=9/44): reward=-19.3750 (mean, 1 tok)
2026-04-30 15:10:01,433 mme_vla_suite.pseudo_labeling.topreward_qwen_scorer INFO: Prefix 8/8 (end=50, n_frames=10/51): reward=-18.8750 (mean, 1 tok)
2026-04-30 15:10:06,413 mme_vla_suite.pseudo_labeling.topreward_qwen_scorer INFO: Prefix 1/8 (end=9, n_frames=4/10): reward=-23.2500 (mean, 1 tok)
2026-04-30 15:10:10,540 mme_vla_suite.pseudo_labeling.topreward_qwen_scorer INFO: Prefix 2/8 (end=21, n_frames=4/22): reward=-23.1250 (mean, 1 tok)
2026-04-30 15:10:14,688 mme_vla_suite.pseudo_labeling.topreward_qwen_scorer INFO: Prefix 3/8 (end=33, n_frames=7/34): reward=-23.0000 (mean, 1 tok)
2026-04-30 15:10:18,829 mme_vla_suite.pseudo_labeling.topreward_qwen_scorer INFO: Prefix 4/8 (end=45, n_frames=9/46): reward=-22.5000 (mean, 1 tok)
2026-04-30 15:10:22,999 mme_vla_suite.pseudo_labeling.topreward_qwen_scorer INFO: Prefix 5/8 (end=58, n_frames=12/59): reward=-22.5000 (mean, 1 tok)
2026-04-30 15:10:27,165 mme_vla_suite.pseudo_labeling.topreward_qwen_scorer INFO: Prefix 6/8 (end=70, n_frames=14/71): reward=-22.1250 (mean, 1 tok)
2026-04-30 15:10:31,352 mme_vla_suite.pseudo_labeling.topreward_qwen_scorer INFO: Prefix 7/8 (end=82, n_frames=17/83): reward=-21.0000 (mean, 1 tok)
2026-04-30 15:10:35,563 mme_vla_suite.pseudo_labeling.topreward_qwen_scorer INFO: Prefix 8/8 (end=95, n_frames=19/96): reward=-18.0000 (mean, 1 tok)
2026-04-30 15:10:40,219 mme_vla_suite.pseudo_labeling.topreward_qwen_scorer INFO: Prefix 1/8 (end=10, n_frames=4/11): reward=-23.6250 (mean, 1 tok)
2026-04-30 15:10:44,359 mme_vla_suite.pseudo_labeling.topreward_qwen_scorer INFO: Prefix 2/8 (end=23, n_frames=5/24): reward=-22.8750 (mean, 1 tok)
2026-04-30 15:10:48,489 mme_vla_suite.pseudo_labeling.topreward_qwen_scorer INFO: Prefix 3/8 (end=36, n_frames=7/37): reward=-23.5000 (mean, 1 tok)
2026-04-30 15:10:52,633 mme_vla_suite.pseudo_labeling.topreward_qwen_scorer INFO: Prefix 4/8 (end=49, n_frames=10/50): reward=-22.5000 (mean, 1 tok)
2026-04-30 15:10:56,807 mme_vla_suite.pseudo_labeling.topreward_qwen_scorer INFO: Prefix 5/8 (end=63, n_frames=13/64): reward=-22.3750 (mean, 1 tok)
2026-04-30 15:11:00,982 mme_vla_suite.pseudo_labeling.topreward_qwen_scorer INFO: Prefix 6/8 (end=76, n_frames=15/77): reward=-23.5000 (mean, 1 tok)
2026-04-30 15:11:05,182 mme_vla_suite.pseudo_labeling.topreward_qwen_scorer INFO: Prefix 7/8 (end=89, n_frames=18/90): reward=-18.0000 (mean, 1 tok)
2026-04-30 15:11:09,405 mme_vla_suite.pseudo_labeling.topreward_qwen_scorer INFO: Prefix 8/8 (end=103, n_frames=21/104): reward=-18.3750 (mean, 1 tok)
2026-04-30 15:11:14,364 mme_vla_suite.pseudo_labeling.topreward_qwen_scorer INFO: Prefix 1/8 (end=10, n_frames=4/11): reward=-23.7500 (mean, 1 tok)
2026-04-30 15:11:18,508 mme_vla_suite.pseudo_labeling.topreward_qwen_scorer INFO: Prefix 2/8 (end=23, n_frames=5/24): reward=-23.5000 (mean, 1 tok)
2026-04-30 15:11:22,656 mme_vla_suite.pseudo_labeling.topreward_qwen_scorer INFO: Prefix 3/8 (end=37, n_frames=8/38): reward=-23.5000 (mean, 1 tok)
2026-04-30 15:11:26,803 mme_vla_suite.pseudo_labeling.topreward_qwen_scorer INFO: Prefix 4/8 (end=51, n_frames=10/52): reward=-23.0000 (mean, 1 tok)
2026-04-30 15:11:30,963 mme_vla_suite.pseudo_labeling.topreward_qwen_scorer INFO: Prefix 5/8 (end=65, n_frames=13/66): reward=-22.7500 (mean, 1 tok)
2026-04-30 15:11:35,158 mme_vla_suite.pseudo_labeling.topreward_qwen_scorer INFO: Prefix 6/8 (end=79, n_frames=16/80): reward=-22.6250 (mean, 1 tok)
2026-04-30 15:11:39,361 mme_vla_suite.pseudo_labeling.topreward_qwen_scorer INFO: Prefix 7/8 (end=93, n_frames=19/94): reward=-22.6250 (mean, 1 tok)
2026-04-30 15:11:43,590 mme_vla_suite.pseudo_labeling.topreward_qwen_scorer INFO: Prefix 8/8 (end=107, n_frames=22/108): reward=-19.0000 (mean, 1 tok)
2026-04-30 15:11:48,361 mme_vla_suite.pseudo_labeling.topreward_qwen_scorer INFO: Prefix 1/8 (end=11, n_frames=4/12): reward=-23.7500 (mean, 1 tok)
2026-04-30 15:11:52,504 mme_vla_suite.pseudo_labeling.topreward_qwen_scorer INFO: Prefix 2/8 (end=26, n_frames=5/27): reward=-23.5000 (mean, 1 tok)
2026-04-30 15:11:56,642 mme_vla_suite.pseudo_labeling.topreward_qwen_scorer INFO: Prefix 3/8 (end=41, n_frames=8/42): reward=-23.6250 (mean, 1 tok)
2026-04-30 15:12:00,803 mme_vla_suite.pseudo_labeling.topreward_qwen_scorer INFO: Prefix 4/8 (end=56, n_frames=11/57): reward=-23.1250 (mean, 1 tok)
2026-04-30 15:12:04,940 mme_vla_suite.pseudo_labeling.topreward_qwen_scorer INFO: Prefix 5/8 (end=71, n_frames=14/72): reward=-22.5000 (mean, 1 tok)
2026-04-30 15:12:09,106 mme_vla_suite.pseudo_labeling.topreward_qwen_scorer INFO: Prefix 6/8 (end=86, n_frames=17/87): reward=-22.1250 (mean, 1 tok)
2026-04-30 15:12:13,277 mme_vla_suite.pseudo_labeling.topreward_qwen_scorer INFO: Prefix 7/8 (end=101, n_frames=20/102): reward=-18.5000 (mean, 1 tok)
2026-04-30 15:12:17,525 mme_vla_suite.pseudo_labeling.topreward_qwen_scorer INFO: Prefix 8/8 (end=116, n_frames=23/117): reward=-19.5000 (mean, 1 tok)
2026-04-30 15:12:22,422 mme_vla_suite.pseudo_labeling.topreward_qwen_scorer INFO: Prefix 1/8 (end=9, n_frames=4/10): reward=-24.5000 (mean, 1 tok)
2026-04-30 15:12:26,560 mme_vla_suite.pseudo_labeling.topreward_qwen_scorer INFO: Prefix 2/8 (end=20, n_frames=4/21): reward=-24.5000 (mean, 1 tok)
2026-04-30 15:12:30,699 mme_vla_suite.pseudo_labeling.topreward_qwen_scorer INFO: Prefix 3/8 (end=32, n_frames=7/33): reward=-23.7500 (mean, 1 tok)
2026-04-30 15:12:34,852 mme_vla_suite.pseudo_labeling.topreward_qwen_scorer INFO: Prefix 4/8 (end=44, n_frames=9/45): reward=-23.2500 (mean, 1 tok)
2026-04-30 15:12:39,005 mme_vla_suite.pseudo_labeling.topreward_qwen_scorer INFO: Prefix 5/8 (end=55, n_frames=11/56): reward=-23.1250 (mean, 1 tok)
2026-04-30 15:12:43,160 mme_vla_suite.pseudo_labeling.topreward_qwen_scorer INFO: Prefix 6/8 (end=67, n_frames=14/68): reward=-24.6250 (mean, 1 tok)
2026-04-30 15:12:47,341 mme_vla_suite.pseudo_labeling.topreward_qwen_scorer INFO: Prefix 7/8 (end=79, n_frames=16/80): reward=-24.5000 (mean, 1 tok)
2026-04-30 15:12:51,516 mme_vla_suite.pseudo_labeling.topreward_qwen_scorer INFO: Prefix 8/8 (end=91, n_frames=18/92): reward=-18.7500 (mean, 1 tok)
2026-04-30 15:12:56,330 mme_vla_suite.pseudo_labeling.topreward_qwen_scorer INFO: Prefix 1/8 (end=9, n_frames=4/10): reward=-24.5000 (mean, 1 tok)
2026-04-30 15:13:00,456 mme_vla_suite.pseudo_labeling.topreward_qwen_scorer INFO: Prefix 2/8 (end=21, n_frames=4/22): reward=-24.5000 (mean, 1 tok)
2026-04-30 15:13:04,597 mme_vla_suite.pseudo_labeling.topreward_qwen_scorer INFO: Prefix 3/8 (end=34, n_frames=7/35): reward=-23.5000 (mean, 1 tok)
2026-04-30 15:13:08,742 mme_vla_suite.pseudo_labeling.topreward_qwen_scorer INFO: Prefix 4/8 (end=47, n_frames=10/48): reward=-22.3750 (mean, 1 tok)
2026-04-30 15:13:12,889 mme_vla_suite.pseudo_labeling.topreward_qwen_scorer INFO: Prefix 5/8 (end=59, n_frames=12/60): reward=-24.0000 (mean, 1 tok)
2026-04-30 15:13:17,037 mme_vla_suite.pseudo_labeling.topreward_qwen_scorer INFO: Prefix 6/8 (end=72, n_frames=15/73): reward=-24.8750 (mean, 1 tok)
2026-04-30 15:13:21,190 mme_vla_suite.pseudo_labeling.topreward_qwen_scorer INFO: Prefix 7/8 (end=85, n_frames=17/86): reward=-23.8750 (mean, 1 tok)
2026-04-30 15:13:25,371 mme_vla_suite.pseudo_labeling.topreward_qwen_scorer INFO: Prefix 8/8 (end=98, n_frames=20/99): reward=-19.8750 (mean, 1 tok)
2026-04-30 15:13:30,426 mme_vla_suite.pseudo_labeling.topreward_qwen_scorer INFO: Prefix 1/8 (end=10, n_frames=4/11): reward=-23.8750 (mean, 1 tok)
2026-04-30 15:13:34,567 mme_vla_suite.pseudo_labeling.topreward_qwen_scorer INFO: Prefix 2/8 (end=23, n_frames=5/24): reward=-23.2500 (mean, 1 tok)
2026-04-30 15:13:38,698 mme_vla_suite.pseudo_labeling.topreward_qwen_scorer INFO: Prefix 3/8 (end=36, n_frames=7/37): reward=-22.6250 (mean, 1 tok)
2026-04-30 15:13:42,846 mme_vla_suite.pseudo_labeling.topreward_qwen_scorer INFO: Prefix 4/8 (end=50, n_frames=10/51): reward=-21.7500 (mean, 1 tok)
2026-04-30 15:13:47,011 mme_vla_suite.pseudo_labeling.topreward_qwen_scorer INFO: Prefix 5/8 (end=63, n_frames=13/64): reward=-22.1250 (mean, 1 tok)
2026-04-30 15:13:51,173 mme_vla_suite.pseudo_labeling.topreward_qwen_scorer INFO: Prefix 6/8 (end=77, n_frames=16/78): reward=-22.8750 (mean, 1 tok)
2026-04-30 15:13:55,354 mme_vla_suite.pseudo_labeling.topreward_qwen_scorer INFO: Prefix 7/8 (end=90, n_frames=18/91): reward=-22.8750 (mean, 1 tok)
2026-04-30 15:13:59,545 mme_vla_suite.pseudo_labeling.topreward_qwen_scorer INFO: Prefix 8/8 (end=104, n_frames=21/105): reward=-18.0000 (mean, 1 tok)
2026-04-30 15:14:04,412 mme_vla_suite.pseudo_labeling.topreward_qwen_scorer INFO: Prefix 1/8 (end=11, n_frames=4/12): reward=-23.8750 (mean, 1 tok)
2026-04-30 15:14:08,551 mme_vla_suite.pseudo_labeling.topreward_qwen_scorer INFO: Prefix 2/8 (end=25, n_frames=5/26): reward=-23.2500 (mean, 1 tok)
2026-04-30 15:14:12,689 mme_vla_suite.pseudo_labeling.topreward_qwen_scorer INFO: Prefix 3/8 (end=40, n_frames=8/41): reward=-22.5000 (mean, 1 tok)
2026-04-30 15:14:16,842 mme_vla_suite.pseudo_labeling.topreward_qwen_scorer INFO: Prefix 4/8 (end=55, n_frames=11/56): reward=-21.8750 (mean, 1 tok)
2026-04-30 15:14:20,998 mme_vla_suite.pseudo_labeling.topreward_qwen_scorer INFO: Prefix 5/8 (end=70, n_frames=14/71): reward=-23.1250 (mean, 1 tok)
2026-04-30 15:14:25,180 mme_vla_suite.pseudo_labeling.topreward_qwen_scorer INFO: Prefix 6/8 (end=85, n_frames=17/86): reward=-22.6250 (mean, 1 tok)
2026-04-30 15:14:29,396 mme_vla_suite.pseudo_labeling.topreward_qwen_scorer INFO: Prefix 7/8 (end=100, n_frames=20/101): reward=-17.3750 (mean, 1 tok)
2026-04-30 15:14:33,625 mme_vla_suite.pseudo_labeling.topreward_qwen_scorer INFO: Prefix 8/8 (end=115, n_frames=23/116): reward=-18.7500 (mean, 1 tok)
2026-04-30 15:14:38,884 mme_vla_suite.pseudo_labeling.topreward_qwen_scorer INFO: Prefix 1/8 (end=9, n_frames=4/10): reward=-24.5000 (mean, 1 tok)
2026-04-30 15:14:43,020 mme_vla_suite.pseudo_labeling.topreward_qwen_scorer INFO: Prefix 2/8 (end=21, n_frames=4/22): reward=-24.5000 (mean, 1 tok)
2026-04-30 15:14:47,167 mme_vla_suite.pseudo_labeling.topreward_qwen_scorer INFO: Prefix 3/8 (end=34, n_frames=7/35): reward=-23.3750 (mean, 1 tok)
2026-04-30 15:14:51,317 mme_vla_suite.pseudo_labeling.topreward_qwen_scorer INFO: Prefix 4/8 (end=47, n_frames=10/48): reward=-23.3750 (mean, 1 tok)
2026-04-30 15:14:55,477 mme_vla_suite.pseudo_labeling.topreward_qwen_scorer INFO: Prefix 5/8 (end=59, n_frames=12/60): reward=-23.3750 (mean, 1 tok)
2026-04-30 15:14:59,677 mme_vla_suite.pseudo_labeling.topreward_qwen_scorer INFO: Prefix 6/8 (end=72, n_frames=15/73): reward=-24.7500 (mean, 1 tok)
2026-04-30 15:15:03,898 mme_vla_suite.pseudo_labeling.topreward_qwen_scorer INFO: Prefix 7/8 (end=85, n_frames=17/86): reward=-25.3750 (mean, 1 tok)
2026-04-30 15:15:08,120 mme_vla_suite.pseudo_labeling.topreward_qwen_scorer INFO: Prefix 8/8 (end=98, n_frames=20/99): reward=-20.6250 (mean, 1 tok)
2026-04-30 15:15:13,032 mme_vla_suite.pseudo_labeling.topreward_qwen_scorer INFO: Prefix 1/8 (end=5, n_frames=4/6): reward=-20.5000 (mean, 1 tok)
2026-04-30 15:15:17,167 mme_vla_suite.pseudo_labeling.topreward_qwen_scorer INFO: Prefix 2/8 (end=11, n_frames=4/12): reward=-20.7500 (mean, 1 tok)
2026-04-30 15:15:21,305 mme_vla_suite.pseudo_labeling.topreward_qwen_scorer INFO: Prefix 3/8 (end=17, n_frames=4/18): reward=-21.6250 (mean, 1 tok)
2026-04-30 15:15:25,446 mme_vla_suite.pseudo_labeling.topreward_qwen_scorer INFO: Prefix 4/8 (end=23, n_frames=5/24): reward=-22.2500 (mean, 1 tok)
2026-04-30 15:15:29,590 mme_vla_suite.pseudo_labeling.topreward_qwen_scorer INFO: Prefix 5/8 (end=30, n_frames=6/31): reward=-22.6250 (mean, 1 tok)
2026-04-30 15:15:33,749 mme_vla_suite.pseudo_labeling.topreward_qwen_scorer INFO: Prefix 6/8 (end=36, n_frames=7/37): reward=-22.7500 (mean, 1 tok)
2026-04-30 15:15:37,919 mme_vla_suite.pseudo_labeling.topreward_qwen_scorer INFO: Prefix 7/8 (end=42, n_frames=9/43): reward=-21.0000 (mean, 1 tok)
2026-04-30 15:15:42,064 mme_vla_suite.pseudo_labeling.topreward_qwen_scorer INFO: Prefix 8/8 (end=49, n_frames=10/50): reward=-21.7500 (mean, 1 tok)
2026-04-30 15:15:46,976 mme_vla_suite.pseudo_labeling.topreward_qwen_scorer INFO: Prefix 1/8 (end=8, n_frames=4/9): reward=-24.8750 (mean, 1 tok)
2026-04-30 15:15:51,113 mme_vla_suite.pseudo_labeling.topreward_qwen_scorer INFO: Prefix 2/8 (end=19, n_frames=4/20): reward=-25.1250 (mean, 1 tok)
2026-04-30 15:15:55,267 mme_vla_suite.pseudo_labeling.topreward_qwen_scorer INFO: Prefix 3/8 (end=30, n_frames=6/31): reward=-25.1250 (mean, 1 tok)
2026-04-30 15:15:59,439 mme_vla_suite.pseudo_labeling.topreward_qwen_scorer INFO: Prefix 4/8 (end=42, n_frames=9/43): reward=-25.2500 (mean, 1 tok)
2026-04-30 15:16:03,612 mme_vla_suite.pseudo_labeling.topreward_qwen_scorer INFO: Prefix 5/8 (end=53, n_frames=11/54): reward=-25.0000 (mean, 1 tok)
2026-04-30 15:16:07,794 mme_vla_suite.pseudo_labeling.topreward_qwen_scorer INFO: Prefix 6/8 (end=65, n_frames=13/66): reward=-25.1250 (mean, 1 tok)
2026-04-30 15:16:12,015 mme_vla_suite.pseudo_labeling.topreward_qwen_scorer INFO: Prefix 7/8 (end=76, n_frames=15/77): reward=-25.1250 (mean, 1 tok)
2026-04-30 15:16:16,237 mme_vla_suite.pseudo_labeling.topreward_qwen_scorer INFO: Prefix 8/8 (end=88, n_frames=18/89): reward=-19.1250 (mean, 1 tok)
2026-04-30 15:16:21,005 mme_vla_suite.pseudo_labeling.topreward_qwen_scorer INFO: Prefix 1/8 (end=9, n_frames=4/10): reward=-25.1250 (mean, 1 tok)
2026-04-30 15:16:25,149 mme_vla_suite.pseudo_labeling.topreward_qwen_scorer INFO: Prefix 2/8 (end=21, n_frames=4/22): reward=-25.2500 (mean, 1 tok)
2026-04-30 15:16:29,308 mme_vla_suite.pseudo_labeling.topreward_qwen_scorer INFO: Prefix 3/8 (end=33, n_frames=7/34): reward=-25.1250 (mean, 1 tok)
2026-04-30 15:16:33,499 mme_vla_suite.pseudo_labeling.topreward_qwen_scorer INFO: Prefix 4/8 (end=45, n_frames=9/46): reward=-24.5000 (mean, 1 tok)
2026-04-30 15:16:37,660 mme_vla_suite.pseudo_labeling.topreward_qwen_scorer INFO: Prefix 5/8 (end=58, n_frames=12/59): reward=-24.6250 (mean, 1 tok)
2026-04-30 15:16:41,834 mme_vla_suite.pseudo_labeling.topreward_qwen_scorer INFO: Prefix 6/8 (end=70, n_frames=14/71): reward=-25.3750 (mean, 1 tok)
2026-04-30 15:16:46,013 mme_vla_suite.pseudo_labeling.topreward_qwen_scorer INFO: Prefix 7/8 (end=82, n_frames=17/83): reward=-24.3750 (mean, 1 tok)
2026-04-30 15:16:50,219 mme_vla_suite.pseudo_labeling.topreward_qwen_scorer INFO: Prefix 8/8 (end=95, n_frames=19/96): reward=-19.3750 (mean, 1 tok)
2026-04-30 15:16:55,101 mme_vla_suite.pseudo_labeling.topreward_qwen_scorer INFO: Prefix 1/8 (end=10, n_frames=4/11): reward=-24.0000 (mean, 1 tok)
2026-04-30 15:16:59,266 mme_vla_suite.pseudo_labeling.topreward_qwen_scorer INFO: Prefix 2/8 (end=22, n_frames=5/23): reward=-23.7500 (mean, 1 tok)
2026-04-30 15:17:03,415 mme_vla_suite.pseudo_labeling.topreward_qwen_scorer INFO: Prefix 3/8 (end=35, n_frames=7/36): reward=-23.7500 (mean, 1 tok)
2026-04-30 15:17:07,560 mme_vla_suite.pseudo_labeling.topreward_qwen_scorer INFO: Prefix 4/8 (end=48, n_frames=10/49): reward=-22.1250 (mean, 1 tok)
2026-04-30 15:17:11,717 mme_vla_suite.pseudo_labeling.topreward_qwen_scorer INFO: Prefix 5/8 (end=60, n_frames=12/61): reward=-22.7500 (mean, 1 tok)
2026-04-30 15:17:15,891 mme_vla_suite.pseudo_labeling.topreward_qwen_scorer INFO: Prefix 6/8 (end=73, n_frames=15/74): reward=-22.5000 (mean, 1 tok)
2026-04-30 15:17:20,062 mme_vla_suite.pseudo_labeling.topreward_qwen_scorer INFO: Prefix 7/8 (end=86, n_frames=17/87): reward=-22.1250 (mean, 1 tok)
2026-04-30 15:17:24,250 mme_vla_suite.pseudo_labeling.topreward_qwen_scorer INFO: Prefix 8/8 (end=99, n_frames=20/100): reward=-18.8750 (mean, 1 tok)
2026-04-30 15:17:29,123 mme_vla_suite.pseudo_labeling.topreward_qwen_scorer INFO: Prefix 1/8 (end=11, n_frames=4/12): reward=-24.0000 (mean, 1 tok)
2026-04-30 15:17:33,263 mme_vla_suite.pseudo_labeling.topreward_qwen_scorer INFO: Prefix 2/8 (end=25, n_frames=5/26): reward=-23.7500 (mean, 1 tok)
2026-04-30 15:17:37,399 mme_vla_suite.pseudo_labeling.topreward_qwen_scorer INFO: Prefix 3/8 (end=39, n_frames=8/40): reward=-23.2500 (mean, 1 tok)
2026-04-30 15:17:41,565 mme_vla_suite.pseudo_labeling.topreward_qwen_scorer INFO: Prefix 4/8 (end=53, n_frames=11/54): reward=-22.5000 (mean, 1 tok)
2026-04-30 15:17:45,726 mme_vla_suite.pseudo_labeling.topreward_qwen_scorer INFO: Prefix 5/8 (end=67, n_frames=14/68): reward=-22.8750 (mean, 1 tok)
2026-04-30 15:17:49,889 mme_vla_suite.pseudo_labeling.topreward_qwen_scorer INFO: Prefix 6/8 (end=81, n_frames=16/82): reward=-22.6250 (mean, 1 tok)
2026-04-30 15:17:54,078 mme_vla_suite.pseudo_labeling.topreward_qwen_scorer INFO: Prefix 7/8 (end=95, n_frames=19/96): reward=-19.8750 (mean, 1 tok)
2026-04-30 15:17:58,289 mme_vla_suite.pseudo_labeling.topreward_qwen_scorer INFO: Prefix 8/8 (end=109, n_frames=22/110): reward=-19.3750 (mean, 1 tok)
2026-04-30 15:18:03,247 mme_vla_suite.pseudo_labeling.topreward_qwen_scorer INFO: Prefix 1/8 (end=10, n_frames=4/11): reward=-23.2500 (mean, 1 tok)
2026-04-30 15:18:07,375 mme_vla_suite.pseudo_labeling.topreward_qwen_scorer INFO: Prefix 2/8 (end=24, n_frames=5/25): reward=-23.3750 (mean, 1 tok)
2026-04-30 15:18:11,523 mme_vla_suite.pseudo_labeling.topreward_qwen_scorer INFO: Prefix 3/8 (end=38, n_frames=8/39): reward=-23.2500 (mean, 1 tok)
2026-04-30 15:18:15,670 mme_vla_suite.pseudo_labeling.topreward_qwen_scorer INFO: Prefix 4/8 (end=52, n_frames=11/53): reward=-21.8750 (mean, 1 tok)
2026-04-30 15:18:19,829 mme_vla_suite.pseudo_labeling.topreward_qwen_scorer INFO: Prefix 5/8 (end=66, n_frames=13/67): reward=-23.0000 (mean, 1 tok)
2026-04-30 15:18:23,997 mme_vla_suite.pseudo_labeling.topreward_qwen_scorer INFO: Prefix 6/8 (end=80, n_frames=16/81): reward=-22.5000 (mean, 1 tok)
2026-04-30 15:18:28,183 mme_vla_suite.pseudo_labeling.topreward_qwen_scorer INFO: Prefix 7/8 (end=94, n_frames=19/95): reward=-22.1250 (mean, 1 tok)
2026-04-30 15:18:32,400 mme_vla_suite.pseudo_labeling.topreward_qwen_scorer INFO: Prefix 8/8 (end=108, n_frames=22/109): reward=-19.1250 (mean, 1 tok)
2026-04-30 15:18:37,209 mme_vla_suite.pseudo_labeling.topreward_qwen_scorer INFO: Prefix 1/8 (end=11, n_frames=4/12): reward=-23.2500 (mean, 1 tok)
2026-04-30 15:18:41,367 mme_vla_suite.pseudo_labeling.topreward_qwen_scorer INFO: Prefix 2/8 (end=26, n_frames=5/27): reward=-23.3750 (mean, 1 tok)
2026-04-30 15:18:45,508 mme_vla_suite.pseudo_labeling.topreward_qwen_scorer INFO: Prefix 3/8 (end=41, n_frames=8/42): reward=-23.2500 (mean, 1 tok)
2026-04-30 15:18:49,671 mme_vla_suite.pseudo_labeling.topreward_qwen_scorer INFO: Prefix 4/8 (end=56, n_frames=11/57): reward=-21.7500 (mean, 1 tok)
2026-04-30 15:18:53,827 mme_vla_suite.pseudo_labeling.topreward_qwen_scorer INFO: Prefix 5/8 (end=71, n_frames=14/72): reward=-21.7500 (mean, 1 tok)
2026-04-30 15:18:58,017 mme_vla_suite.pseudo_labeling.topreward_qwen_scorer INFO: Prefix 6/8 (end=86, n_frames=17/87): reward=-22.2500 (mean, 1 tok)
2026-04-30 15:19:02,210 mme_vla_suite.pseudo_labeling.topreward_qwen_scorer INFO: Prefix 7/8 (end=101, n_frames=20/102): reward=-18.2500 (mean, 1 tok)
2026-04-30 15:19:06,447 mme_vla_suite.pseudo_labeling.topreward_qwen_scorer INFO: Prefix 8/8 (end=116, n_frames=23/117): reward=-20.2500 (mean, 1 tok)
2026-04-30 15:19:11,694 mme_vla_suite.pseudo_labeling.topreward_qwen_scorer INFO: Prefix 1/8 (end=9, n_frames=4/10): reward=-24.5000 (mean, 1 tok)
2026-04-30 15:19:15,842 mme_vla_suite.pseudo_labeling.topreward_qwen_scorer INFO: Prefix 2/8 (end=20, n_frames=4/21): reward=-24.5000 (mean, 1 tok)
2026-04-30 15:19:19,987 mme_vla_suite.pseudo_labeling.topreward_qwen_scorer INFO: Prefix 3/8 (end=32, n_frames=7/33): reward=-23.5000 (mean, 1 tok)
2026-04-30 15:19:24,143 mme_vla_suite.pseudo_labeling.topreward_qwen_scorer INFO: Prefix 4/8 (end=43, n_frames=9/44): reward=-23.2500 (mean, 1 tok)
2026-04-30 15:19:28,313 mme_vla_suite.pseudo_labeling.topreward_qwen_scorer INFO: Prefix 5/8 (end=55, n_frames=11/56): reward=-24.1250 (mean, 1 tok)
2026-04-30 15:19:32,493 mme_vla_suite.pseudo_labeling.topreward_qwen_scorer INFO: Prefix 6/8 (end=66, n_frames=13/67): reward=-24.3750 (mean, 1 tok)
2026-04-30 15:19:36,693 mme_vla_suite.pseudo_labeling.topreward_qwen_scorer INFO: Prefix 7/8 (end=78, n_frames=16/79): reward=-23.8750 (mean, 1 tok)
2026-04-30 15:19:40,912 mme_vla_suite.pseudo_labeling.topreward_qwen_scorer INFO: Prefix 8/8 (end=90, n_frames=18/91): reward=-20.0000 (mean, 1 tok)
2026-04-30 15:19:45,692 mme_vla_suite.pseudo_labeling.topreward_qwen_scorer INFO: Prefix 1/8 (end=9, n_frames=4/10): reward=-24.5000 (mean, 1 tok)
2026-04-30 15:19:49,833 mme_vla_suite.pseudo_labeling.topreward_qwen_scorer INFO: Prefix 2/8 (end=21, n_frames=4/22): reward=-24.5000 (mean, 1 tok)
2026-04-30 15:19:53,987 mme_vla_suite.pseudo_labeling.topreward_qwen_scorer INFO: Prefix 3/8 (end=34, n_frames=7/35): reward=-24.1250 (mean, 1 tok)
2026-04-30 15:19:58,142 mme_vla_suite.pseudo_labeling.topreward_qwen_scorer INFO: Prefix 4/8 (end=46, n_frames=9/47): reward=-23.7500 (mean, 1 tok)
2026-04-30 15:20:02,318 mme_vla_suite.pseudo_labeling.topreward_qwen_scorer INFO: Prefix 5/8 (end=59, n_frames=12/60): reward=-23.3750 (mean, 1 tok)
2026-04-30 15:20:06,496 mme_vla_suite.pseudo_labeling.topreward_qwen_scorer INFO: Prefix 6/8 (end=71, n_frames=14/72): reward=-24.3750 (mean, 1 tok)
2026-04-30 15:20:10,695 mme_vla_suite.pseudo_labeling.topreward_qwen_scorer INFO: Prefix 7/8 (end=84, n_frames=17/85): reward=-24.1250 (mean, 1 tok)
2026-04-30 15:20:14,931 mme_vla_suite.pseudo_labeling.topreward_qwen_scorer INFO: Prefix 8/8 (end=97, n_frames=20/98): reward=-19.6250 (mean, 1 tok)
2026-04-30 15:20:19,754 mme_vla_suite.pseudo_labeling.topreward_qwen_scorer INFO: Prefix 1/8 (end=11, n_frames=4/12): reward=-24.5000 (mean, 1 tok)
2026-04-30 15:20:23,888 mme_vla_suite.pseudo_labeling.topreward_qwen_scorer INFO: Prefix 2/8 (end=25, n_frames=5/26): reward=-24.1250 (mean, 1 tok)
2026-04-30 15:20:28,023 mme_vla_suite.pseudo_labeling.topreward_qwen_scorer INFO: Prefix 3/8 (end=40, n_frames=8/41): reward=-22.8750 (mean, 1 tok)
2026-04-30 15:20:32,177 mme_vla_suite.pseudo_labeling.topreward_qwen_scorer INFO: Prefix 4/8 (end=55, n_frames=11/56): reward=-23.7500 (mean, 1 tok)
2026-04-30 15:20:36,331 mme_vla_suite.pseudo_labeling.topreward_qwen_scorer INFO: Prefix 5/8 (end=69, n_frames=14/70): reward=-23.7500 (mean, 1 tok)
2026-04-30 15:20:40,529 mme_vla_suite.pseudo_labeling.topreward_qwen_scorer INFO: Prefix 6/8 (end=84, n_frames=17/85): reward=-23.5000 (mean, 1 tok)
2026-04-30 15:20:44,743 mme_vla_suite.pseudo_labeling.topreward_qwen_scorer INFO: Prefix 7/8 (end=99, n_frames=20/100): reward=-19.5000 (mean, 1 tok)
2026-04-30 15:20:48,979 mme_vla_suite.pseudo_labeling.topreward_qwen_scorer INFO: Prefix 8/8 (end=114, n_frames=23/115): reward=-19.6250 (mean, 1 tok)
2026-04-30 15:20:53,939 mme_vla_suite.pseudo_labeling.topreward_qwen_scorer INFO: Prefix 1/8 (end=4, n_frames=4/5): reward=-21.3750 (mean, 1 tok)
2026-04-30 15:20:58,075 mme_vla_suite.pseudo_labeling.topreward_qwen_scorer INFO: Prefix 2/8 (end=10, n_frames=4/11): reward=-21.6250 (mean, 1 tok)
2026-04-30 15:21:02,214 mme_vla_suite.pseudo_labeling.topreward_qwen_scorer INFO: Prefix 3/8 (end=16, n_frames=4/17): reward=-21.8750 (mean, 1 tok)
2026-04-30 15:21:06,360 mme_vla_suite.pseudo_labeling.topreward_qwen_scorer INFO: Prefix 4/8 (end=22, n_frames=5/23): reward=-21.3750 (mean, 1 tok)
2026-04-30 15:21:10,508 mme_vla_suite.pseudo_labeling.topreward_qwen_scorer INFO: Prefix 5/8 (end=28, n_frames=6/29): reward=-21.5000 (mean, 1 tok)
2026-04-30 15:21:14,660 mme_vla_suite.pseudo_labeling.topreward_qwen_scorer INFO: Prefix 6/8 (end=34, n_frames=7/35): reward=-21.8750 (mean, 1 tok)
2026-04-30 15:21:18,807 mme_vla_suite.pseudo_labeling.topreward_qwen_scorer INFO: Prefix 7/8 (end=40, n_frames=8/41): reward=-21.7500 (mean, 1 tok)
2026-04-30 15:21:22,965 mme_vla_suite.pseudo_labeling.topreward_qwen_scorer INFO: Prefix 8/8 (end=46, n_frames=9/47): reward=-20.1250 (mean, 1 tok)
2026-04-30 15:21:27,956 mme_vla_suite.pseudo_labeling.topreward_qwen_scorer INFO: Prefix 1/8 (end=9, n_frames=4/10): reward=-24.6250 (mean, 1 tok)
2026-04-30 15:21:32,099 mme_vla_suite.pseudo_labeling.topreward_qwen_scorer INFO: Prefix 2/8 (end=21, n_frames=4/22): reward=-24.5000 (mean, 1 tok)
2026-04-30 15:21:36,262 mme_vla_suite.pseudo_labeling.topreward_qwen_scorer INFO: Prefix 3/8 (end=33, n_frames=7/34): reward=-24.1250 (mean, 1 tok)
2026-04-30 15:21:40,425 mme_vla_suite.pseudo_labeling.topreward_qwen_scorer INFO: Prefix 4/8 (end=45, n_frames=9/46): reward=-23.1250 (mean, 1 tok)
2026-04-30 15:21:44,596 mme_vla_suite.pseudo_labeling.topreward_qwen_scorer INFO: Prefix 5/8 (end=58, n_frames=12/59): reward=-23.3750 (mean, 1 tok)
2026-04-30 15:21:48,788 mme_vla_suite.pseudo_labeling.topreward_qwen_scorer INFO: Prefix 6/8 (end=70, n_frames=14/71): reward=-23.8750 (mean, 1 tok)
2026-04-30 15:21:52,979 mme_vla_suite.pseudo_labeling.topreward_qwen_scorer INFO: Prefix 7/8 (end=82, n_frames=17/83): reward=-23.6250 (mean, 1 tok)
2026-04-30 15:21:57,185 mme_vla_suite.pseudo_labeling.topreward_qwen_scorer INFO: Prefix 8/8 (end=95, n_frames=19/96): reward=-18.8750 (mean, 1 tok)
2026-04-30 15:22:02,030 mme_vla_suite.pseudo_labeling.topreward_qwen_scorer INFO: Prefix 1/8 (end=10, n_frames=4/11): reward=-24.3750 (mean, 1 tok)
2026-04-30 15:22:06,188 mme_vla_suite.pseudo_labeling.topreward_qwen_scorer INFO: Prefix 2/8 (end=23, n_frames=5/24): reward=-24.3750 (mean, 1 tok)
2026-04-30 15:22:10,346 mme_vla_suite.pseudo_labeling.topreward_qwen_scorer INFO: Prefix 3/8 (end=37, n_frames=8/38): reward=-24.6250 (mean, 1 tok)
2026-04-30 15:22:14,508 mme_vla_suite.pseudo_labeling.topreward_qwen_scorer INFO: Prefix 4/8 (end=50, n_frames=10/51): reward=-23.2500 (mean, 1 tok)
2026-04-30 15:22:18,676 mme_vla_suite.pseudo_labeling.topreward_qwen_scorer INFO: Prefix 5/8 (end=64, n_frames=13/65): reward=-23.7500 (mean, 1 tok)
2026-04-30 15:22:22,875 mme_vla_suite.pseudo_labeling.topreward_qwen_scorer INFO: Prefix 6/8 (end=77, n_frames=16/78): reward=-23.0000 (mean, 1 tok)
2026-04-30 15:22:27,060 mme_vla_suite.pseudo_labeling.topreward_qwen_scorer INFO: Prefix 7/8 (end=91, n_frames=18/92): reward=-23.2500 (mean, 1 tok)
2026-04-30 15:22:31,268 mme_vla_suite.pseudo_labeling.topreward_qwen_scorer INFO: Prefix 8/8 (end=105, n_frames=21/106): reward=-19.2500 (mean, 1 tok)
2026-04-30 15:22:36,171 mme_vla_suite.pseudo_labeling.topreward_qwen_scorer INFO: Prefix 1/8 (end=9, n_frames=4/10): reward=-23.8750 (mean, 1 tok)
2026-04-30 15:22:40,314 mme_vla_suite.pseudo_labeling.topreward_qwen_scorer INFO: Prefix 2/8 (end=20, n_frames=4/21): reward=-23.8750 (mean, 1 tok)
2026-04-30 15:22:44,459 mme_vla_suite.pseudo_labeling.topreward_qwen_scorer INFO: Prefix 3/8 (end=32, n_frames=7/33): reward=-22.5000 (mean, 1 tok)
2026-04-30 15:22:48,616 mme_vla_suite.pseudo_labeling.topreward_qwen_scorer INFO: Prefix 4/8 (end=43, n_frames=9/44): reward=-21.6250 (mean, 1 tok)
2026-04-30 15:22:52,783 mme_vla_suite.pseudo_labeling.topreward_qwen_scorer INFO: Prefix 5/8 (end=55, n_frames=11/56): reward=-22.2500 (mean, 1 tok)
2026-04-30 15:22:56,943 mme_vla_suite.pseudo_labeling.topreward_qwen_scorer INFO: Prefix 6/8 (end=66, n_frames=13/67): reward=-23.5000 (mean, 1 tok)
2026-04-30 15:23:01,124 mme_vla_suite.pseudo_labeling.topreward_qwen_scorer INFO: Prefix 7/8 (end=78, n_frames=16/79): reward=-22.8750 (mean, 1 tok)
2026-04-30 15:23:05,303 mme_vla_suite.pseudo_labeling.topreward_qwen_scorer INFO: Prefix 8/8 (end=90, n_frames=18/91): reward=-18.0000 (mean, 1 tok)
2026-04-30 15:23:10,121 mme_vla_suite.pseudo_labeling.topreward_qwen_scorer INFO: Prefix 1/8 (end=10, n_frames=4/11): reward=-23.8750 (mean, 1 tok)
2026-04-30 15:23:14,259 mme_vla_suite.pseudo_labeling.topreward_qwen_scorer INFO: Prefix 2/8 (end=22, n_frames=5/23): reward=-23.7500 (mean, 1 tok)
2026-04-30 15:23:18,413 mme_vla_suite.pseudo_labeling.topreward_qwen_scorer INFO: Prefix 3/8 (end=35, n_frames=7/36): reward=-22.1250 (mean, 1 tok)
2026-04-30 15:23:22,578 mme_vla_suite.pseudo_labeling.topreward_qwen_scorer INFO: Prefix 4/8 (end=48, n_frames=10/49): reward=-21.7500 (mean, 1 tok)
2026-04-30 15:23:26,730 mme_vla_suite.pseudo_labeling.topreward_qwen_scorer INFO: Prefix 5/8 (end=60, n_frames=12/61): reward=-23.0000 (mean, 1 tok)
2026-04-30 15:23:30,891 mme_vla_suite.pseudo_labeling.topreward_qwen_scorer INFO: Prefix 6/8 (end=73, n_frames=15/74): reward=-23.0000 (mean, 1 tok)
2026-04-30 15:23:35,053 mme_vla_suite.pseudo_labeling.topreward_qwen_scorer INFO: Prefix 7/8 (end=86, n_frames=17/87): reward=-19.3750 (mean, 1 tok)
2026-04-30 15:23:39,244 mme_vla_suite.pseudo_labeling.topreward_qwen_scorer INFO: Prefix 8/8 (end=99, n_frames=20/100): reward=-19.3750 (mean, 1 tok)
2026-04-30 15:23:44,387 mme_vla_suite.pseudo_labeling.topreward_qwen_scorer INFO: Prefix 1/8 (end=10, n_frames=4/11): reward=-24.0000 (mean, 1 tok)
2026-04-30 15:23:48,524 mme_vla_suite.pseudo_labeling.topreward_qwen_scorer INFO: Prefix 2/8 (end=23, n_frames=5/24): reward=-24.0000 (mean, 1 tok)
2026-04-30 15:23:52,674 mme_vla_suite.pseudo_labeling.topreward_qwen_scorer INFO: Prefix 3/8 (end=36, n_frames=7/37): reward=-23.7500 (mean, 1 tok)
2026-04-30 15:23:56,821 mme_vla_suite.pseudo_labeling.topreward_qwen_scorer INFO: Prefix 4/8 (end=49, n_frames=10/50): reward=-23.3750 (mean, 1 tok)
2026-04-30 15:24:00,974 mme_vla_suite.pseudo_labeling.topreward_qwen_scorer INFO: Prefix 5/8 (end=62, n_frames=13/63): reward=-23.8750 (mean, 1 tok)
2026-04-30 15:24:05,138 mme_vla_suite.pseudo_labeling.topreward_qwen_scorer INFO: Prefix 6/8 (end=75, n_frames=15/76): reward=-23.2500 (mean, 1 tok)
2026-04-30 15:24:09,305 mme_vla_suite.pseudo_labeling.topreward_qwen_scorer INFO: Prefix 7/8 (end=88, n_frames=18/89): reward=-23.2500 (mean, 1 tok)
2026-04-30 15:24:13,496 mme_vla_suite.pseudo_labeling.topreward_qwen_scorer INFO: Prefix 8/8 (end=101, n_frames=20/102): reward=-19.5000 (mean, 1 tok)
2026-04-30 15:24:18,407 mme_vla_suite.pseudo_labeling.topreward_qwen_scorer INFO: Prefix 1/8 (end=11, n_frames=4/12): reward=-24.0000 (mean, 1 tok)
2026-04-30 15:24:22,541 mme_vla_suite.pseudo_labeling.topreward_qwen_scorer INFO: Prefix 2/8 (end=25, n_frames=5/26): reward=-24.0000 (mean, 1 tok)
2026-04-30 15:24:26,686 mme_vla_suite.pseudo_labeling.topreward_qwen_scorer INFO: Prefix 3/8 (end=39, n_frames=8/40): reward=-23.5000 (mean, 1 tok)
2026-04-30 15:24:30,869 mme_vla_suite.pseudo_labeling.topreward_qwen_scorer INFO: Prefix 4/8 (end=54, n_frames=11/55): reward=-23.1250 (mean, 1 tok)
2026-04-30 15:24:35,030 mme_vla_suite.pseudo_labeling.topreward_qwen_scorer INFO: Prefix 5/8 (end=68, n_frames=14/69): reward=-23.3750 (mean, 1 tok)
2026-04-30 15:24:39,209 mme_vla_suite.pseudo_labeling.topreward_qwen_scorer INFO: Prefix 6/8 (end=83, n_frames=17/84): reward=-23.7500 (mean, 1 tok)
2026-04-30 15:24:43,419 mme_vla_suite.pseudo_labeling.topreward_qwen_scorer INFO: Prefix 7/8 (end=97, n_frames=20/98): reward=-19.5000 (mean, 1 tok)
2026-04-30 15:24:47,649 mme_vla_suite.pseudo_labeling.topreward_qwen_scorer INFO: Prefix 8/8 (end=112, n_frames=23/113): reward=-19.7500 (mean, 1 tok)
2026-04-30 15:24:52,612 mme_vla_suite.pseudo_labeling.topreward_qwen_scorer INFO: Prefix 1/8 (end=9, n_frames=4/10): reward=-23.7500 (mean, 1 tok)
2026-04-30 15:24:56,742 mme_vla_suite.pseudo_labeling.topreward_qwen_scorer INFO: Prefix 2/8 (end=21, n_frames=4/22): reward=-23.7500 (mean, 1 tok)
2026-04-30 15:25:00,879 mme_vla_suite.pseudo_labeling.topreward_qwen_scorer INFO: Prefix 3/8 (end=33, n_frames=7/34): reward=-22.7500 (mean, 1 tok)
2026-04-30 15:25:05,032 mme_vla_suite.pseudo_labeling.topreward_qwen_scorer INFO: Prefix 4/8 (end=45, n_frames=9/46): reward=-22.6250 (mean, 1 tok)
2026-04-30 15:25:09,196 mme_vla_suite.pseudo_labeling.topreward_qwen_scorer INFO: Prefix 5/8 (end=57, n_frames=12/58): reward=-23.2500 (mean, 1 tok)
2026-04-30 15:25:13,358 mme_vla_suite.pseudo_labeling.topreward_qwen_scorer INFO: Prefix 6/8 (end=69, n_frames=14/70): reward=-23.1250 (mean, 1 tok)
2026-04-30 15:25:17,545 mme_vla_suite.pseudo_labeling.topreward_qwen_scorer INFO: Prefix 7/8 (end=81, n_frames=16/82): reward=-23.5000 (mean, 1 tok)
2026-04-30 15:25:21,761 mme_vla_suite.pseudo_labeling.topreward_qwen_scorer INFO: Prefix 8/8 (end=93, n_frames=19/94): reward=-18.0000 (mean, 1 tok)
2026-04-30 15:25:26,476 mme_vla_suite.pseudo_labeling.topreward_qwen_scorer INFO: Prefix 1/8 (end=10, n_frames=4/11): reward=-23.7500 (mean, 1 tok)
2026-04-30 15:25:30,616 mme_vla_suite.pseudo_labeling.topreward_qwen_scorer INFO: Prefix 2/8 (end=23, n_frames=5/24): reward=-23.7500 (mean, 1 tok)
2026-04-30 15:25:34,761 mme_vla_suite.pseudo_labeling.topreward_qwen_scorer INFO: Prefix 3/8 (end=36, n_frames=7/37): reward=-22.8750 (mean, 1 tok)
2026-04-30 15:25:38,910 mme_vla_suite.pseudo_labeling.topreward_qwen_scorer INFO: Prefix 4/8 (end=49, n_frames=10/50): reward=-21.8750 (mean, 1 tok)
2026-04-30 15:25:43,080 mme_vla_suite.pseudo_labeling.topreward_qwen_scorer INFO: Prefix 5/8 (end=62, n_frames=13/63): reward=-23.1250 (mean, 1 tok)
2026-04-30 15:25:47,264 mme_vla_suite.pseudo_labeling.topreward_qwen_scorer INFO: Prefix 6/8 (end=75, n_frames=15/76): reward=-22.8750 (mean, 1 tok)
2026-04-30 15:25:51,466 mme_vla_suite.pseudo_labeling.topreward_qwen_scorer INFO: Prefix 7/8 (end=88, n_frames=18/89): reward=-22.5000 (mean, 1 tok)
2026-04-30 15:25:55,683 mme_vla_suite.pseudo_labeling.topreward_qwen_scorer INFO: Prefix 8/8 (end=102, n_frames=21/103): reward=-18.7500 (mean, 1 tok)
2026-04-30 15:26:00,668 mme_vla_suite.pseudo_labeling.topreward_qwen_scorer INFO: Prefix 1/8 (end=10, n_frames=4/11): reward=-24.1250 (mean, 1 tok)
2026-04-30 15:26:04,825 mme_vla_suite.pseudo_labeling.topreward_qwen_scorer INFO: Prefix 2/8 (end=22, n_frames=5/23): reward=-23.8750 (mean, 1 tok)
2026-04-30 15:26:08,964 mme_vla_suite.pseudo_labeling.topreward_qwen_scorer INFO: Prefix 3/8 (end=35, n_frames=7/36): reward=-22.8750 (mean, 1 tok)
2026-04-30 15:26:13,109 mme_vla_suite.pseudo_labeling.topreward_qwen_scorer INFO: Prefix 4/8 (end=48, n_frames=10/49): reward=-22.6250 (mean, 1 tok)
2026-04-30 15:26:17,267 mme_vla_suite.pseudo_labeling.topreward_qwen_scorer INFO: Prefix 5/8 (end=61, n_frames=12/62): reward=-22.8750 (mean, 1 tok)
2026-04-30 15:26:21,459 mme_vla_suite.pseudo_labeling.topreward_qwen_scorer INFO: Prefix 6/8 (end=74, n_frames=15/75): reward=-23.5000 (mean, 1 tok)
2026-04-30 15:26:25,661 mme_vla_suite.pseudo_labeling.topreward_qwen_scorer INFO: Prefix 7/8 (end=87, n_frames=18/88): reward=-19.7500 (mean, 1 tok)
2026-04-30 15:26:29,895 mme_vla_suite.pseudo_labeling.topreward_qwen_scorer INFO: Prefix 8/8 (end=100, n_frames=20/101): reward=-20.3750 (mean, 1 tok)
2026-04-30 15:26:34,949 mme_vla_suite.pseudo_labeling.topreward_qwen_scorer INFO: Prefix 1/8 (end=5, n_frames=4/6): reward=-22.0000 (mean, 1 tok)
2026-04-30 15:26:39,089 mme_vla_suite.pseudo_labeling.topreward_qwen_scorer INFO: Prefix 2/8 (end=11, n_frames=4/12): reward=-22.0000 (mean, 1 tok)
2026-04-30 15:26:43,233 mme_vla_suite.pseudo_labeling.topreward_qwen_scorer INFO: Prefix 3/8 (end=18, n_frames=4/19): reward=-21.6250 (mean, 1 tok)
2026-04-30 15:26:47,360 mme_vla_suite.pseudo_labeling.topreward_qwen_scorer INFO: Prefix 4/8 (end=25, n_frames=5/26): reward=-21.5000 (mean, 1 tok)
2026-04-30 15:26:51,489 mme_vla_suite.pseudo_labeling.topreward_qwen_scorer INFO: Prefix 5/8 (end=31, n_frames=6/32): reward=-21.5000 (mean, 1 tok)
2026-04-30 15:26:55,621 mme_vla_suite.pseudo_labeling.topreward_qwen_scorer INFO: Prefix 6/8 (end=38, n_frames=8/39): reward=-22.0000 (mean, 1 tok)
2026-04-30 15:26:59,763 mme_vla_suite.pseudo_labeling.topreward_qwen_scorer INFO: Prefix 7/8 (end=45, n_frames=9/46): reward=-19.1250 (mean, 1 tok)
2026-04-30 15:27:03,921 mme_vla_suite.pseudo_labeling.topreward_qwen_scorer INFO: Prefix 8/8 (end=52, n_frames=11/53): reward=-19.5000 (mean, 1 tok)
2026-04-30 15:27:08,839 mme_vla_suite.pseudo_labeling.topreward_qwen_scorer INFO: Prefix 1/8 (end=9, n_frames=4/10): reward=-24.5000 (mean, 1 tok)
2026-04-30 15:27:12,969 mme_vla_suite.pseudo_labeling.topreward_qwen_scorer INFO: Prefix 2/8 (end=21, n_frames=4/22): reward=-24.0000 (mean, 1 tok)
2026-04-30 15:27:17,108 mme_vla_suite.pseudo_labeling.topreward_qwen_scorer INFO: Prefix 3/8 (end=34, n_frames=7/35): reward=-23.8750 (mean, 1 tok)
2026-04-30 15:27:21,257 mme_vla_suite.pseudo_labeling.topreward_qwen_scorer INFO: Prefix 4/8 (end=47, n_frames=10/48): reward=-23.6250 (mean, 1 tok)
2026-04-30 15:27:25,409 mme_vla_suite.pseudo_labeling.topreward_qwen_scorer INFO: Prefix 5/8 (end=59, n_frames=12/60): reward=-23.8750 (mean, 1 tok)
2026-04-30 15:27:29,582 mme_vla_suite.pseudo_labeling.topreward_qwen_scorer INFO: Prefix 6/8 (end=72, n_frames=15/73): reward=-22.6250 (mean, 1 tok)
2026-04-30 15:27:33,742 mme_vla_suite.pseudo_labeling.topreward_qwen_scorer INFO: Prefix 7/8 (end=85, n_frames=17/86): reward=-23.5000 (mean, 1 tok)
2026-04-30 15:27:37,931 mme_vla_suite.pseudo_labeling.topreward_qwen_scorer INFO: Prefix 8/8 (end=98, n_frames=20/99): reward=-17.8750 (mean, 1 tok)
2026-04-30 15:27:42,754 mme_vla_suite.pseudo_labeling.topreward_qwen_scorer INFO: Prefix 1/8 (end=10, n_frames=4/11): reward=-24.8750 (mean, 1 tok)
2026-04-30 15:27:46,898 mme_vla_suite.pseudo_labeling.topreward_qwen_scorer INFO: Prefix 2/8 (end=23, n_frames=5/24): reward=-23.0000 (mean, 1 tok)
2026-04-30 15:27:51,036 mme_vla_suite.pseudo_labeling.topreward_qwen_scorer INFO: Prefix 3/8 (end=37, n_frames=8/38): reward=-24.0000 (mean, 1 tok)
2026-04-30 15:27:55,186 mme_vla_suite.pseudo_labeling.topreward_qwen_scorer INFO: Prefix 4/8 (end=51, n_frames=10/52): reward=-23.8750 (mean, 1 tok)
2026-04-30 15:27:59,356 mme_vla_suite.pseudo_labeling.topreward_qwen_scorer INFO: Prefix 5/8 (end=64, n_frames=13/65): reward=-24.0000 (mean, 1 tok)
2026-04-30 15:28:03,521 mme_vla_suite.pseudo_labeling.topreward_qwen_scorer INFO: Prefix 6/8 (end=78, n_frames=16/79): reward=-22.8750 (mean, 1 tok)
2026-04-30 15:28:07,701 mme_vla_suite.pseudo_labeling.topreward_qwen_scorer INFO: Prefix 7/8 (end=92, n_frames=19/93): reward=-18.1250 (mean, 1 tok)
2026-04-30 15:28:11,912 mme_vla_suite.pseudo_labeling.topreward_qwen_scorer INFO: Prefix 8/8 (end=106, n_frames=21/107): reward=-19.0000 (mean, 1 tok)
2026-04-30 15:28:16,980 mme_vla_suite.pseudo_labeling.topreward_qwen_scorer INFO: Prefix 1/8 (end=9, n_frames=4/10): reward=-23.3750 (mean, 1 tok)
2026-04-30 15:28:21,113 mme_vla_suite.pseudo_labeling.topreward_qwen_scorer INFO: Prefix 2/8 (end=21, n_frames=4/22): reward=-23.3750 (mean, 1 tok)
2026-04-30 15:28:25,253 mme_vla_suite.pseudo_labeling.topreward_qwen_scorer INFO: Prefix 3/8 (end=34, n_frames=7/35): reward=-23.2500 (mean, 1 tok)
2026-04-30 15:28:29,420 mme_vla_suite.pseudo_labeling.topreward_qwen_scorer INFO: Prefix 4/8 (end=47, n_frames=10/48): reward=-22.0000 (mean, 1 tok)
2026-04-30 15:28:33,572 mme_vla_suite.pseudo_labeling.topreward_qwen_scorer INFO: Prefix 5/8 (end=59, n_frames=12/60): reward=-22.3750 (mean, 1 tok)
2026-04-30 15:28:37,726 mme_vla_suite.pseudo_labeling.topreward_qwen_scorer INFO: Prefix 6/8 (end=72, n_frames=15/73): reward=-22.6250 (mean, 1 tok)
2026-04-30 15:28:41,898 mme_vla_suite.pseudo_labeling.topreward_qwen_scorer INFO: Prefix 7/8 (end=85, n_frames=17/86): reward=-21.7500 (mean, 1 tok)
2026-04-30 15:28:46,073 mme_vla_suite.pseudo_labeling.topreward_qwen_scorer INFO: Prefix 8/8 (end=98, n_frames=20/99): reward=-19.0000 (mean, 1 tok)
2026-04-30 15:28:50,963 mme_vla_suite.pseudo_labeling.topreward_qwen_scorer INFO: Prefix 1/8 (end=10, n_frames=4/11): reward=-23.3750 (mean, 1 tok)
2026-04-30 15:28:55,097 mme_vla_suite.pseudo_labeling.topreward_qwen_scorer INFO: Prefix 2/8 (end=23, n_frames=5/24): reward=-23.1250 (mean, 1 tok)
2026-04-30 15:28:59,300 mme_vla_suite.pseudo_labeling.topreward_qwen_scorer INFO: Prefix 3/8 (end=37, n_frames=8/38): reward=-23.0000 (mean, 1 tok)
2026-04-30 15:29:03,451 mme_vla_suite.pseudo_labeling.topreward_qwen_scorer INFO: Prefix 4/8 (end=51, n_frames=10/52): reward=-22.6250 (mean, 1 tok)
2026-04-30 15:29:07,619 mme_vla_suite.pseudo_labeling.topreward_qwen_scorer INFO: Prefix 5/8 (end=64, n_frames=13/65): reward=-22.0000 (mean, 1 tok)
2026-04-30 15:29:11,789 mme_vla_suite.pseudo_labeling.topreward_qwen_scorer INFO: Prefix 6/8 (end=78, n_frames=16/79): reward=-22.7500 (mean, 1 tok)
2026-04-30 15:29:15,964 mme_vla_suite.pseudo_labeling.topreward_qwen_scorer INFO: Prefix 7/8 (end=92, n_frames=19/93): reward=-18.5000 (mean, 1 tok)
2026-04-30 15:29:20,220 mme_vla_suite.pseudo_labeling.topreward_qwen_scorer INFO: Prefix 8/8 (end=106, n_frames=21/107): reward=-20.1250 (mean, 1 tok)
2026-04-30 15:29:25,438 mme_vla_suite.pseudo_labeling.topreward_qwen_scorer INFO: Prefix 1/8 (end=9, n_frames=4/10): reward=-24.1250 (mean, 1 tok)
2026-04-30 15:29:29,589 mme_vla_suite.pseudo_labeling.topreward_qwen_scorer INFO: Prefix 2/8 (end=20, n_frames=4/21): reward=-24.1250 (mean, 1 tok)
2026-04-30 15:29:33,739 mme_vla_suite.pseudo_labeling.topreward_qwen_scorer INFO: Prefix 3/8 (end=32, n_frames=7/33): reward=-23.6250 (mean, 1 tok)
2026-04-30 15:29:37,897 mme_vla_suite.pseudo_labeling.topreward_qwen_scorer INFO: Prefix 4/8 (end=43, n_frames=9/44): reward=-24.1250 (mean, 1 tok)
2026-04-30 15:29:42,067 mme_vla_suite.pseudo_labeling.topreward_qwen_scorer INFO: Prefix 5/8 (end=55, n_frames=11/56): reward=-24.5000 (mean, 1 tok)
2026-04-30 15:29:46,231 mme_vla_suite.pseudo_labeling.topreward_qwen_scorer INFO: Prefix 6/8 (end=66, n_frames=13/67): reward=-24.0000 (mean, 1 tok)
2026-04-30 15:29:50,417 mme_vla_suite.pseudo_labeling.topreward_qwen_scorer INFO: Prefix 7/8 (end=78, n_frames=16/79): reward=-24.6250 (mean, 1 tok)
2026-04-30 15:29:54,629 mme_vla_suite.pseudo_labeling.topreward_qwen_scorer INFO: Prefix 8/8 (end=90, n_frames=18/91): reward=-19.3750 (mean, 1 tok)
2026-04-30 15:29:59,342 mme_vla_suite.pseudo_labeling.topreward_qwen_scorer INFO: Prefix 1/8 (end=9, n_frames=4/10): reward=-24.1250 (mean, 1 tok)
2026-04-30 15:30:03,480 mme_vla_suite.pseudo_labeling.topreward_qwen_scorer INFO: Prefix 2/8 (end=21, n_frames=4/22): reward=-24.1250 (mean, 1 tok)
2026-04-30 15:30:07,631 mme_vla_suite.pseudo_labeling.topreward_qwen_scorer INFO: Prefix 3/8 (end=33, n_frames=7/34): reward=-23.5000 (mean, 1 tok)
2026-04-30 15:30:11,787 mme_vla_suite.pseudo_labeling.topreward_qwen_scorer INFO: Prefix 4/8 (end=46, n_frames=9/47): reward=-23.5000 (mean, 1 tok)
2026-04-30 15:30:15,954 mme_vla_suite.pseudo_labeling.topreward_qwen_scorer INFO: Prefix 5/8 (end=58, n_frames=12/59): reward=-23.6250 (mean, 1 tok)
2026-04-30 15:30:20,123 mme_vla_suite.pseudo_labeling.topreward_qwen_scorer INFO: Prefix 6/8 (end=71, n_frames=14/72): reward=-24.5000 (mean, 1 tok)
2026-04-30 15:30:24,332 mme_vla_suite.pseudo_labeling.topreward_qwen_scorer INFO: Prefix 7/8 (end=83, n_frames=17/84): reward=-22.8750 (mean, 1 tok)
2026-04-30 15:30:28,557 mme_vla_suite.pseudo_labeling.topreward_qwen_scorer INFO: Prefix 8/8 (end=96, n_frames=19/97): reward=-20.1250 (mean, 1 tok)
2026-04-30 15:30:33,456 mme_vla_suite.pseudo_labeling.topreward_qwen_scorer INFO: Prefix 1/8 (end=9, n_frames=4/10): reward=-23.3750 (mean, 1 tok)
2026-04-30 15:30:37,581 mme_vla_suite.pseudo_labeling.topreward_qwen_scorer INFO: Prefix 2/8 (end=21, n_frames=4/22): reward=-23.3750 (mean, 1 tok)
2026-04-30 15:30:41,731 mme_vla_suite.pseudo_labeling.topreward_qwen_scorer INFO: Prefix 3/8 (end=34, n_frames=7/35): reward=-21.7500 (mean, 1 tok)
2026-04-30 15:30:45,889 mme_vla_suite.pseudo_labeling.topreward_qwen_scorer INFO: Prefix 4/8 (end=47, n_frames=10/48): reward=-21.8750 (mean, 1 tok)
2026-04-30 15:30:50,061 mme_vla_suite.pseudo_labeling.topreward_qwen_scorer INFO: Prefix 5/8 (end=59, n_frames=12/60): reward=-21.3750 (mean, 1 tok)
2026-04-30 15:30:54,238 mme_vla_suite.pseudo_labeling.topreward_qwen_scorer INFO: Prefix 6/8 (end=72, n_frames=15/73): reward=-22.7500 (mean, 1 tok)
2026-04-30 15:30:58,447 mme_vla_suite.pseudo_labeling.topreward_qwen_scorer INFO: Prefix 7/8 (end=85, n_frames=17/86): reward=-23.5000 (mean, 1 tok)
2026-04-30 15:31:02,678 mme_vla_suite.pseudo_labeling.topreward_qwen_scorer INFO: Prefix 8/8 (end=98, n_frames=20/99): reward=-18.1250 (mean, 1 tok)
2026-04-30 15:31:07,428 mme_vla_suite.pseudo_labeling.topreward_qwen_scorer INFO: Prefix 1/8 (end=10, n_frames=4/11): reward=-23.3750 (mean, 1 tok)
2026-04-30 15:31:11,568 mme_vla_suite.pseudo_labeling.topreward_qwen_scorer INFO: Prefix 2/8 (end=23, n_frames=5/24): reward=-23.2500 (mean, 1 tok)
2026-04-30 15:31:15,711 mme_vla_suite.pseudo_labeling.topreward_qwen_scorer INFO: Prefix 3/8 (end=37, n_frames=8/38): reward=-21.7500 (mean, 1 tok)
2026-04-30 15:31:19,861 mme_vla_suite.pseudo_labeling.topreward_qwen_scorer INFO: Prefix 4/8 (end=51, n_frames=10/52): reward=-22.6250 (mean, 1 tok)
2026-04-30 15:31:24,028 mme_vla_suite.pseudo_labeling.topreward_qwen_scorer INFO: Prefix 5/8 (end=65, n_frames=13/66): reward=-23.1250 (mean, 1 tok)
2026-04-30 15:31:28,218 mme_vla_suite.pseudo_labeling.topreward_qwen_scorer INFO: Prefix 6/8 (end=79, n_frames=16/80): reward=-22.7500 (mean, 1 tok)
2026-04-30 15:31:32,438 mme_vla_suite.pseudo_labeling.topreward_qwen_scorer INFO: Prefix 7/8 (end=93, n_frames=19/94): reward=-23.5000 (mean, 1 tok)
2026-04-30 15:31:36,656 mme_vla_suite.pseudo_labeling.topreward_qwen_scorer INFO: Prefix 8/8 (end=107, n_frames=22/108): reward=-19.3750 (mean, 1 tok)
2026-04-30 15:31:41,734 mme_vla_suite.pseudo_labeling.topreward_qwen_scorer INFO: Prefix 1/8 (end=12, n_frames=4/13): reward=-24.0000 (mean, 1 tok)
2026-04-30 15:31:45,975 mme_vla_suite.pseudo_labeling.topreward_qwen_scorer INFO: Prefix 2/8 (end=27, n_frames=6/28): reward=-24.1250 (mean, 1 tok)
2026-04-30 15:31:50,180 mme_vla_suite.pseudo_labeling.topreward_qwen_scorer INFO: Prefix 3/8 (end=43, n_frames=9/44): reward=-23.7500 (mean, 1 tok)
2026-04-30 15:31:54,398 mme_vla_suite.pseudo_labeling.topreward_qwen_scorer INFO: Prefix 4/8 (end=59, n_frames=12/60): reward=-23.1250 (mean, 1 tok)
2026-04-30 15:31:58,600 mme_vla_suite.pseudo_labeling.topreward_qwen_scorer INFO: Prefix 5/8 (end=74, n_frames=15/75): reward=-23.2500 (mean, 1 tok)
2026-04-30 15:32:02,821 mme_vla_suite.pseudo_labeling.topreward_qwen_scorer INFO: Prefix 6/8 (end=90, n_frames=18/91): reward=-22.2500 (mean, 1 tok)
2026-04-30 15:32:07,117 mme_vla_suite.pseudo_labeling.topreward_qwen_scorer INFO: Prefix 7/8 (end=106, n_frames=21/107): reward=-18.5000 (mean, 1 tok)
2026-04-30 15:32:11,322 mme_vla_suite.pseudo_labeling.topreward_qwen_scorer INFO: Prefix 8/8 (end=122, n_frames=25/123): reward=-18.8750 (mean, 1 tok)
2026-04-30 15:32:16,370 mme_vla_suite.pseudo_labeling.topreward_qwen_scorer INFO: Prefix 1/8 (end=5, n_frames=4/6): reward=-18.7500 (mean, 1 tok)
2026-04-30 15:32:20,573 mme_vla_suite.pseudo_labeling.topreward_qwen_scorer INFO: Prefix 2/8 (end=11, n_frames=4/12): reward=-19.8750 (mean, 1 tok)
2026-04-30 15:32:24,726 mme_vla_suite.pseudo_labeling.topreward_qwen_scorer INFO: Prefix 3/8 (end=17, n_frames=4/18): reward=-20.2500 (mean, 1 tok)
2026-04-30 15:32:28,877 mme_vla_suite.pseudo_labeling.topreward_qwen_scorer INFO: Prefix 4/8 (end=23, n_frames=5/24): reward=-20.2500 (mean, 1 tok)
2026-04-30 15:32:33,026 mme_vla_suite.pseudo_labeling.topreward_qwen_scorer INFO: Prefix 5/8 (end=30, n_frames=6/31): reward=-19.6250 (mean, 1 tok)
2026-04-30 15:32:37,170 mme_vla_suite.pseudo_labeling.topreward_qwen_scorer INFO: Prefix 6/8 (end=36, n_frames=7/37): reward=-19.3750 (mean, 1 tok)
2026-04-30 15:32:41,326 mme_vla_suite.pseudo_labeling.topreward_qwen_scorer INFO: Prefix 7/8 (end=42, n_frames=9/43): reward=-20.3750 (mean, 1 tok)
2026-04-30 15:32:45,473 mme_vla_suite.pseudo_labeling.topreward_qwen_scorer INFO: Prefix 8/8 (end=49, n_frames=10/50): reward=-20.2500 (mean, 1 tok)
2026-04-30 15:32:50,544 mme_vla_suite.pseudo_labeling.topreward_qwen_scorer INFO: Prefix 1/8 (end=10, n_frames=4/11): reward=-24.1250 (mean, 1 tok)
2026-04-30 15:32:54,698 mme_vla_suite.pseudo_labeling.topreward_qwen_scorer INFO: Prefix 2/8 (end=23, n_frames=5/24): reward=-23.7500 (mean, 1 tok)
2026-04-30 15:32:58,859 mme_vla_suite.pseudo_labeling.topreward_qwen_scorer INFO: Prefix 3/8 (end=37, n_frames=8/38): reward=-23.3750 (mean, 1 tok)
2026-04-30 15:33:03,026 mme_vla_suite.pseudo_labeling.topreward_qwen_scorer INFO: Prefix 4/8 (end=51, n_frames=10/52): reward=-23.5000 (mean, 1 tok)
2026-04-30 15:33:07,203 mme_vla_suite.pseudo_labeling.topreward_qwen_scorer INFO: Prefix 5/8 (end=65, n_frames=13/66): reward=-23.3750 (mean, 1 tok)
2026-04-30 15:33:11,398 mme_vla_suite.pseudo_labeling.topreward_qwen_scorer INFO: Prefix 6/8 (end=79, n_frames=16/80): reward=-24.3750 (mean, 1 tok)
2026-04-30 15:33:15,592 mme_vla_suite.pseudo_labeling.topreward_qwen_scorer INFO: Prefix 7/8 (end=93, n_frames=19/94): reward=-23.7500 (mean, 1 tok)
2026-04-30 15:33:19,822 mme_vla_suite.pseudo_labeling.topreward_qwen_scorer INFO: Prefix 8/8 (end=107, n_frames=22/108): reward=-19.3750 (mean, 1 tok)
2026-04-30 15:33:24,490 mme_vla_suite.pseudo_labeling.topreward_qwen_scorer INFO: Prefix 1/8 (end=11, n_frames=4/12): reward=-24.3750 (mean, 1 tok)
2026-04-30 15:33:28,642 mme_vla_suite.pseudo_labeling.topreward_qwen_scorer INFO: Prefix 2/8 (end=25, n_frames=5/26): reward=-23.6250 (mean, 1 tok)
2026-04-30 15:33:32,797 mme_vla_suite.pseudo_labeling.topreward_qwen_scorer INFO: Prefix 3/8 (end=40, n_frames=8/41): reward=-23.3750 (mean, 1 tok)
2026-04-30 15:33:36,972 mme_vla_suite.pseudo_labeling.topreward_qwen_scorer INFO: Prefix 4/8 (end=55, n_frames=11/56): reward=-24.6250 (mean, 1 tok)
2026-04-30 15:33:41,145 mme_vla_suite.pseudo_labeling.topreward_qwen_scorer INFO: Prefix 5/8 (end=69, n_frames=14/70): reward=-24.0000 (mean, 1 tok)
2026-04-30 15:33:45,328 mme_vla_suite.pseudo_labeling.topreward_qwen_scorer INFO: Prefix 6/8 (end=84, n_frames=17/85): reward=-24.1250 (mean, 1 tok)
2026-04-30 15:33:49,525 mme_vla_suite.pseudo_labeling.topreward_qwen_scorer INFO: Prefix 7/8 (end=99, n_frames=20/100): reward=-23.3750 (mean, 1 tok)
2026-04-30 15:33:53,762 mme_vla_suite.pseudo_labeling.topreward_qwen_scorer INFO: Prefix 8/8 (end=114, n_frames=23/115): reward=-18.5000 (mean, 1 tok)
2026-04-30 15:33:58,591 mme_vla_suite.pseudo_labeling.topreward_qwen_scorer INFO: Prefix 1/8 (end=9, n_frames=4/10): reward=-23.7500 (mean, 1 tok)
2026-04-30 15:34:02,746 mme_vla_suite.pseudo_labeling.topreward_qwen_scorer INFO: Prefix 2/8 (end=21, n_frames=4/22): reward=-23.7500 (mean, 1 tok)
2026-04-30 15:34:06,893 mme_vla_suite.pseudo_labeling.topreward_qwen_scorer INFO: Prefix 3/8 (end=34, n_frames=7/35): reward=-22.7500 (mean, 1 tok)
2026-04-30 15:34:11,046 mme_vla_suite.pseudo_labeling.topreward_qwen_scorer INFO: Prefix 4/8 (end=46, n_frames=9/47): reward=-22.8750 (mean, 1 tok)
2026-04-30 15:34:15,210 mme_vla_suite.pseudo_labeling.topreward_qwen_scorer INFO: Prefix 5/8 (end=59, n_frames=12/60): reward=-23.1250 (mean, 1 tok)
2026-04-30 15:34:19,395 mme_vla_suite.pseudo_labeling.topreward_qwen_scorer INFO: Prefix 6/8 (end=71, n_frames=14/72): reward=-23.5000 (mean, 1 tok)
2026-04-30 15:34:23,583 mme_vla_suite.pseudo_labeling.topreward_qwen_scorer INFO: Prefix 7/8 (end=84, n_frames=17/85): reward=-22.7500 (mean, 1 tok)
2026-04-30 15:34:27,803 mme_vla_suite.pseudo_labeling.topreward_qwen_scorer INFO: Prefix 8/8 (end=97, n_frames=20/98): reward=-19.1250 (mean, 1 tok)
2026-04-30 15:34:32,553 mme_vla_suite.pseudo_labeling.topreward_qwen_scorer INFO: Prefix 1/8 (end=10, n_frames=4/11): reward=-23.7500 (mean, 1 tok)
2026-04-30 15:34:36,756 mme_vla_suite.pseudo_labeling.topreward_qwen_scorer INFO: Prefix 2/8 (end=23, n_frames=5/24): reward=-23.6250 (mean, 1 tok)
2026-04-30 15:34:40,909 mme_vla_suite.pseudo_labeling.topreward_qwen_scorer INFO: Prefix 3/8 (end=37, n_frames=8/38): reward=-22.8750 (mean, 1 tok)
2026-04-30 15:34:45,079 mme_vla_suite.pseudo_labeling.topreward_qwen_scorer INFO: Prefix 4/8 (end=51, n_frames=10/52): reward=-23.3750 (mean, 1 tok)
2026-04-30 15:34:49,258 mme_vla_suite.pseudo_labeling.topreward_qwen_scorer INFO: Prefix 5/8 (end=64, n_frames=13/65): reward=-23.7500 (mean, 1 tok)
2026-04-30 15:34:53,423 mme_vla_suite.pseudo_labeling.topreward_qwen_scorer INFO: Prefix 6/8 (end=78, n_frames=16/79): reward=-23.0000 (mean, 1 tok)
2026-04-30 15:34:57,613 mme_vla_suite.pseudo_labeling.topreward_qwen_scorer INFO: Prefix 7/8 (end=92, n_frames=19/93): reward=-22.1250 (mean, 1 tok)
2026-04-30 15:35:01,835 mme_vla_suite.pseudo_labeling.topreward_qwen_scorer INFO: Prefix 8/8 (end=106, n_frames=21/107): reward=-18.3750 (mean, 1 tok)
2026-04-30 15:35:06,636 mme_vla_suite.pseudo_labeling.topreward_qwen_scorer INFO: Prefix 1/8 (end=9, n_frames=4/10): reward=-24.3750 (mean, 1 tok)
2026-04-30 15:35:10,782 mme_vla_suite.pseudo_labeling.topreward_qwen_scorer INFO: Prefix 2/8 (end=20, n_frames=4/21): reward=-24.3750 (mean, 1 tok)
2026-04-30 15:35:14,927 mme_vla_suite.pseudo_labeling.topreward_qwen_scorer INFO: Prefix 3/8 (end=32, n_frames=7/33): reward=-23.2500 (mean, 1 tok)
2026-04-30 15:35:19,096 mme_vla_suite.pseudo_labeling.topreward_qwen_scorer INFO: Prefix 4/8 (end=44, n_frames=9/45): reward=-23.0000 (mean, 1 tok)
2026-04-30 15:35:23,251 mme_vla_suite.pseudo_labeling.topreward_qwen_scorer INFO: Prefix 5/8 (end=55, n_frames=11/56): reward=-23.6250 (mean, 1 tok)
2026-04-30 15:35:27,427 mme_vla_suite.pseudo_labeling.topreward_qwen_scorer INFO: Prefix 6/8 (end=67, n_frames=14/68): reward=-24.1250 (mean, 1 tok)
2026-04-30 15:35:31,597 mme_vla_suite.pseudo_labeling.topreward_qwen_scorer INFO: Prefix 7/8 (end=79, n_frames=16/80): reward=-24.0000 (mean, 1 tok)
2026-04-30 15:35:35,782 mme_vla_suite.pseudo_labeling.topreward_qwen_scorer INFO: Prefix 8/8 (end=91, n_frames=18/92): reward=-21.0000 (mean, 1 tok)
2026-04-30 15:35:40,829 mme_vla_suite.pseudo_labeling.topreward_qwen_scorer INFO: Prefix 1/8 (end=10, n_frames=4/11): reward=-24.3750 (mean, 1 tok)
2026-04-30 15:35:44,978 mme_vla_suite.pseudo_labeling.topreward_qwen_scorer INFO: Prefix 2/8 (end=22, n_frames=5/23): reward=-23.8750 (mean, 1 tok)
2026-04-30 15:35:49,120 mme_vla_suite.pseudo_labeling.topreward_qwen_scorer INFO: Prefix 3/8 (end=35, n_frames=7/36): reward=-23.2500 (mean, 1 tok)
2026-04-30 15:35:53,272 mme_vla_suite.pseudo_labeling.topreward_qwen_scorer INFO: Prefix 4/8 (end=48, n_frames=10/49): reward=-22.7500 (mean, 1 tok)
2026-04-30 15:35:57,456 mme_vla_suite.pseudo_labeling.topreward_qwen_scorer INFO: Prefix 5/8 (end=60, n_frames=12/61): reward=-22.8750 (mean, 1 tok)
2026-04-30 15:36:01,647 mme_vla_suite.pseudo_labeling.topreward_qwen_scorer INFO: Prefix 6/8 (end=73, n_frames=15/74): reward=-23.8750 (mean, 1 tok)
2026-04-30 15:36:05,857 mme_vla_suite.pseudo_labeling.topreward_qwen_scorer INFO: Prefix 7/8 (end=86, n_frames=17/87): reward=-24.3750 (mean, 1 tok)
2026-04-30 15:36:10,089 mme_vla_suite.pseudo_labeling.topreward_qwen_scorer INFO: Prefix 8/8 (end=99, n_frames=20/100): reward=-20.5000 (mean, 1 tok)
2026-04-30 15:36:14,993 mme_vla_suite.pseudo_labeling.topreward_qwen_scorer INFO: Prefix 1/8 (end=9, n_frames=4/10): reward=-23.8750 (mean, 1 tok)
2026-04-30 15:36:19,135 mme_vla_suite.pseudo_labeling.topreward_qwen_scorer INFO: Prefix 2/8 (end=21, n_frames=4/22): reward=-23.8750 (mean, 1 tok)
2026-04-30 15:36:23,282 mme_vla_suite.pseudo_labeling.topreward_qwen_scorer INFO: Prefix 3/8 (end=34, n_frames=7/35): reward=-23.0000 (mean, 1 tok)
2026-04-30 15:36:27,437 mme_vla_suite.pseudo_labeling.topreward_qwen_scorer INFO: Prefix 4/8 (end=46, n_frames=9/47): reward=-23.3750 (mean, 1 tok)
2026-04-30 15:36:31,561 mme_vla_suite.pseudo_labeling.topreward_qwen_scorer INFO: Prefix 5/8 (end=59, n_frames=12/60): reward=-24.3750 (mean, 1 tok)
2026-04-30 15:36:35,735 mme_vla_suite.pseudo_labeling.topreward_qwen_scorer INFO: Prefix 6/8 (end=71, n_frames=14/72): reward=-23.8750 (mean, 1 tok)
2026-04-30 15:36:39,934 mme_vla_suite.pseudo_labeling.topreward_qwen_scorer INFO: Prefix 7/8 (end=84, n_frames=17/85): reward=-23.6250 (mean, 1 tok)
2026-04-30 15:36:44,146 mme_vla_suite.pseudo_labeling.topreward_qwen_scorer INFO: Prefix 8/8 (end=97, n_frames=20/98): reward=-19.8750 (mean, 1 tok)
2026-04-30 15:36:48,994 mme_vla_suite.pseudo_labeling.topreward_qwen_scorer INFO: Prefix 1/8 (end=11, n_frames=4/12): reward=-23.8750 (mean, 1 tok)
2026-04-30 15:36:53,136 mme_vla_suite.pseudo_labeling.topreward_qwen_scorer INFO: Prefix 2/8 (end=25, n_frames=5/26): reward=-23.8750 (mean, 1 tok)
2026-04-30 15:36:57,390 mme_vla_suite.pseudo_labeling.topreward_qwen_scorer INFO: Prefix 3/8 (end=39, n_frames=8/40): reward=-22.0000 (mean, 1 tok)
2026-04-30 15:37:01,616 mme_vla_suite.pseudo_labeling.topreward_qwen_scorer INFO: Prefix 4/8 (end=53, n_frames=11/54): reward=-23.8750 (mean, 1 tok)
2026-04-30 15:37:05,790 mme_vla_suite.pseudo_labeling.topreward_qwen_scorer INFO: Prefix 5/8 (end=67, n_frames=14/68): reward=-23.3750 (mean, 1 tok)
2026-04-30 15:37:09,971 mme_vla_suite.pseudo_labeling.topreward_qwen_scorer INFO: Prefix 6/8 (end=81, n_frames=16/82): reward=-24.5000 (mean, 1 tok)
2026-04-30 15:37:14,188 mme_vla_suite.pseudo_labeling.topreward_qwen_scorer INFO: Prefix 7/8 (end=95, n_frames=19/96): reward=-19.0000 (mean, 1 tok)
2026-04-30 15:37:18,420 mme_vla_suite.pseudo_labeling.topreward_qwen_scorer INFO: Prefix 8/8 (end=109, n_frames=22/110): reward=-21.1250 (mean, 1 tok)
2026-04-30 15:37:23,451 mme_vla_suite.pseudo_labeling.topreward_qwen_scorer INFO: Prefix 1/8 (end=11, n_frames=4/12): reward=-24.1250 (mean, 1 tok)
2026-04-30 15:37:27,605 mme_vla_suite.pseudo_labeling.topreward_qwen_scorer INFO: Prefix 2/8 (end=25, n_frames=5/26): reward=-24.1250 (mean, 1 tok)
2026-04-30 15:37:31,751 mme_vla_suite.pseudo_labeling.topreward_qwen_scorer INFO: Prefix 3/8 (end=39, n_frames=8/40): reward=-24.1250 (mean, 1 tok)
2026-04-30 15:37:35,920 mme_vla_suite.pseudo_labeling.topreward_qwen_scorer INFO: Prefix 4/8 (end=53, n_frames=11/54): reward=-23.2500 (mean, 1 tok)
2026-04-30 15:37:40,184 mme_vla_suite.pseudo_labeling.topreward_qwen_scorer INFO: Prefix 5/8 (end=67, n_frames=14/68): reward=-23.0000 (mean, 1 tok)
2026-04-30 15:37:44,421 mme_vla_suite.pseudo_labeling.topreward_qwen_scorer INFO: Prefix 6/8 (end=81, n_frames=16/82): reward=-22.3750 (mean, 1 tok)
2026-04-30 15:37:48,632 mme_vla_suite.pseudo_labeling.topreward_qwen_scorer INFO: Prefix 7/8 (end=95, n_frames=19/96): reward=-18.5000 (mean, 1 tok)
2026-04-30 15:37:52,904 mme_vla_suite.pseudo_labeling.topreward_qwen_scorer INFO: Prefix 8/8 (end=109, n_frames=22/110): reward=-19.1250 (mean, 1 tok)
2026-04-30 15:37:57,753 mme_vla_suite.pseudo_labeling.topreward_qwen_scorer INFO: Prefix 1/8 (end=5, n_frames=4/6): reward=-20.7500 (mean, 1 tok)
2026-04-30 15:38:01,882 mme_vla_suite.pseudo_labeling.topreward_qwen_scorer INFO: Prefix 2/8 (end=11, n_frames=4/12): reward=-20.1250 (mean, 1 tok)
2026-04-30 15:38:06,016 mme_vla_suite.pseudo_labeling.topreward_qwen_scorer INFO: Prefix 3/8 (end=18, n_frames=4/19): reward=-19.7500 (mean, 1 tok)
2026-04-30 15:38:10,192 mme_vla_suite.pseudo_labeling.topreward_qwen_scorer INFO: Prefix 4/8 (end=24, n_frames=5/25): reward=-20.5000 (mean, 1 tok)
2026-04-30 15:38:14,306 mme_vla_suite.pseudo_labeling.topreward_qwen_scorer INFO: Prefix 5/8 (end=31, n_frames=6/32): reward=-20.0000 (mean, 1 tok)
2026-04-30 15:38:18,438 mme_vla_suite.pseudo_labeling.topreward_qwen_scorer INFO: Prefix 6/8 (end=37, n_frames=8/38): reward=-20.5000 (mean, 1 tok)
2026-04-30 15:38:22,596 mme_vla_suite.pseudo_labeling.topreward_qwen_scorer INFO: Prefix 7/8 (end=44, n_frames=9/45): reward=-19.7500 (mean, 1 tok)
2026-04-30 15:38:26,773 mme_vla_suite.pseudo_labeling.topreward_qwen_scorer INFO: Prefix 8/8 (end=51, n_frames=10/52): reward=-18.0000 (mean, 1 tok)
2026-04-30 15:38:31,690 mme_vla_suite.pseudo_labeling.topreward_qwen_scorer INFO: Prefix 1/8 (end=8, n_frames=4/9): reward=-24.0000 (mean, 1 tok)
2026-04-30 15:38:35,849 mme_vla_suite.pseudo_labeling.topreward_qwen_scorer INFO: Prefix 2/8 (end=18, n_frames=4/19): reward=-23.6250 (mean, 1 tok)
2026-04-30 15:38:40,006 mme_vla_suite.pseudo_labeling.topreward_qwen_scorer INFO: Prefix 3/8 (end=29, n_frames=6/30): reward=-23.6250 (mean, 1 tok)
2026-04-30 15:38:44,213 mme_vla_suite.pseudo_labeling.topreward_qwen_scorer INFO: Prefix 4/8 (end=40, n_frames=8/41): reward=-23.7500 (mean, 1 tok)
2026-04-30 15:38:48,386 mme_vla_suite.pseudo_labeling.topreward_qwen_scorer INFO: Prefix 5/8 (end=51, n_frames=10/52): reward=-22.5000 (mean, 1 tok)
2026-04-30 15:38:52,571 mme_vla_suite.pseudo_labeling.topreward_qwen_scorer INFO: Prefix 6/8 (end=62, n_frames=13/63): reward=-23.3750 (mean, 1 tok)
2026-04-30 15:38:56,768 mme_vla_suite.pseudo_labeling.topreward_qwen_scorer INFO: Prefix 7/8 (end=73, n_frames=15/74): reward=-23.7500 (mean, 1 tok)
2026-04-30 15:39:00,988 mme_vla_suite.pseudo_labeling.topreward_qwen_scorer INFO: Prefix 8/8 (end=84, n_frames=17/85): reward=-17.5000 (mean, 1 tok)
2026-04-30 15:39:05,764 mme_vla_suite.pseudo_labeling.topreward_qwen_scorer INFO: Prefix 1/8 (end=9, n_frames=4/10): reward=-23.7500 (mean, 1 tok)
2026-04-30 15:39:09,918 mme_vla_suite.pseudo_labeling.topreward_qwen_scorer INFO: Prefix 2/8 (end=20, n_frames=4/21): reward=-23.7500 (mean, 1 tok)
2026-04-30 15:39:14,076 mme_vla_suite.pseudo_labeling.topreward_qwen_scorer INFO: Prefix 3/8 (end=32, n_frames=7/33): reward=-24.2500 (mean, 1 tok)
2026-04-30 15:39:18,261 mme_vla_suite.pseudo_labeling.topreward_qwen_scorer INFO: Prefix 4/8 (end=44, n_frames=9/45): reward=-23.3750 (mean, 1 tok)
2026-04-30 15:39:22,469 mme_vla_suite.pseudo_labeling.topreward_qwen_scorer INFO: Prefix 5/8 (end=55, n_frames=11/56): reward=-23.6250 (mean, 1 tok)
2026-04-30 15:39:26,664 mme_vla_suite.pseudo_labeling.topreward_qwen_scorer INFO: Prefix 6/8 (end=67, n_frames=14/68): reward=-24.2500 (mean, 1 tok)
2026-04-30 15:39:30,926 mme_vla_suite.pseudo_labeling.topreward_qwen_scorer INFO: Prefix 7/8 (end=79, n_frames=16/80): reward=-18.8750 (mean, 1 tok)
2026-04-30 15:39:35,209 mme_vla_suite.pseudo_labeling.topreward_qwen_scorer INFO: Prefix 8/8 (end=91, n_frames=18/92): reward=-17.2500 (mean, 1 tok)
2026-04-30 15:39:40,212 mme_vla_suite.pseudo_labeling.topreward_qwen_scorer INFO: Prefix 1/8 (end=9, n_frames=4/10): reward=-23.8750 (mean, 1 tok)
2026-04-30 15:39:44,475 mme_vla_suite.pseudo_labeling.topreward_qwen_scorer INFO: Prefix 2/8 (end=20, n_frames=4/21): reward=-23.8750 (mean, 1 tok)
2026-04-30 15:39:48,732 mme_vla_suite.pseudo_labeling.topreward_qwen_scorer INFO: Prefix 3/8 (end=32, n_frames=7/33): reward=-23.3750 (mean, 1 tok)
2026-04-30 15:39:53,036 mme_vla_suite.pseudo_labeling.topreward_qwen_scorer INFO: Prefix 4/8 (end=44, n_frames=9/45): reward=-23.2500 (mean, 1 tok)
2026-04-30 15:39:57,343 mme_vla_suite.pseudo_labeling.topreward_qwen_scorer INFO: Prefix 5/8 (end=55, n_frames=11/56): reward=-23.2500 (mean, 1 tok)
2026-04-30 15:40:01,631 mme_vla_suite.pseudo_labeling.topreward_qwen_scorer INFO: Prefix 6/8 (end=67, n_frames=14/68): reward=-23.1250 (mean, 1 tok)
2026-04-30 15:40:05,916 mme_vla_suite.pseudo_labeling.topreward_qwen_scorer INFO: Prefix 7/8 (end=79, n_frames=16/80): reward=-23.2500 (mean, 1 tok)
2026-04-30 15:40:10,232 mme_vla_suite.pseudo_labeling.topreward_qwen_scorer INFO: Prefix 8/8 (end=91, n_frames=18/92): reward=-18.6250 (mean, 1 tok)
2026-04-30 15:40:14,973 mme_vla_suite.pseudo_labeling.topreward_qwen_scorer INFO: Prefix 1/8 (end=9, n_frames=4/10): reward=-23.8750 (mean, 1 tok)
2026-04-30 15:40:19,138 mme_vla_suite.pseudo_labeling.topreward_qwen_scorer INFO: Prefix 2/8 (end=21, n_frames=4/22): reward=-23.8750 (mean, 1 tok)
2026-04-30 15:40:23,336 mme_vla_suite.pseudo_labeling.topreward_qwen_scorer INFO: Prefix 3/8 (end=34, n_frames=7/35): reward=-22.8750 (mean, 1 tok)
2026-04-30 15:40:27,615 mme_vla_suite.pseudo_labeling.topreward_qwen_scorer INFO: Prefix 4/8 (end=47, n_frames=10/48): reward=-22.8750 (mean, 1 tok)
2026-04-30 15:40:31,893 mme_vla_suite.pseudo_labeling.topreward_qwen_scorer INFO: Prefix 5/8 (end=59, n_frames=12/60): reward=-23.3750 (mean, 1 tok)
2026-04-30 15:40:36,119 mme_vla_suite.pseudo_labeling.topreward_qwen_scorer INFO: Prefix 6/8 (end=72, n_frames=15/73): reward=-23.1250 (mean, 1 tok)
2026-04-30 15:40:40,432 mme_vla_suite.pseudo_labeling.topreward_qwen_scorer INFO: Prefix 7/8 (end=85, n_frames=17/86): reward=-23.5000 (mean, 1 tok)
2026-04-30 15:40:44,765 mme_vla_suite.pseudo_labeling.topreward_qwen_scorer INFO: Prefix 8/8 (end=98, n_frames=20/99): reward=-18.8750 (mean, 1 tok)
2026-04-30 15:40:49,708 mme_vla_suite.pseudo_labeling.topreward_qwen_scorer INFO: Prefix 1/8 (end=10, n_frames=4/11): reward=-23.1250 (mean, 1 tok)
2026-04-30 15:40:53,960 mme_vla_suite.pseudo_labeling.topreward_qwen_scorer INFO: Prefix 2/8 (end=24, n_frames=5/25): reward=-23.1250 (mean, 1 tok)
2026-04-30 15:40:58,232 mme_vla_suite.pseudo_labeling.topreward_qwen_scorer INFO: Prefix 3/8 (end=38, n_frames=8/39): reward=-23.1250 (mean, 1 tok)
2026-04-30 15:41:02,505 mme_vla_suite.pseudo_labeling.topreward_qwen_scorer INFO: Prefix 4/8 (end=52, n_frames=11/53): reward=-21.5000 (mean, 1 tok)
2026-04-30 15:41:06,809 mme_vla_suite.pseudo_labeling.topreward_qwen_scorer INFO: Prefix 5/8 (end=66, n_frames=13/67): reward=-21.6250 (mean, 1 tok)
2026-04-30 15:41:11,103 mme_vla_suite.pseudo_labeling.topreward_qwen_scorer INFO: Prefix 6/8 (end=80, n_frames=16/81): reward=-21.8750 (mean, 1 tok)
2026-04-30 15:41:15,413 mme_vla_suite.pseudo_labeling.topreward_qwen_scorer INFO: Prefix 7/8 (end=94, n_frames=19/95): reward=-21.7500 (mean, 1 tok)
2026-04-30 15:41:19,769 mme_vla_suite.pseudo_labeling.topreward_qwen_scorer INFO: Prefix 8/8 (end=108, n_frames=22/109): reward=-18.7500 (mean, 1 tok)
2026-04-30 15:41:24,886 mme_vla_suite.pseudo_labeling.topreward_qwen_scorer INFO: Prefix 1/8 (end=11, n_frames=4/12): reward=-23.1250 (mean, 1 tok)
2026-04-30 15:41:29,145 mme_vla_suite.pseudo_labeling.topreward_qwen_scorer INFO: Prefix 2/8 (end=26, n_frames=5/27): reward=-23.1250 (mean, 1 tok)
2026-04-30 15:41:33,388 mme_vla_suite.pseudo_labeling.topreward_qwen_scorer INFO: Prefix 3/8 (end=41, n_frames=8/42): reward=-22.7500 (mean, 1 tok)
2026-04-30 15:41:37,671 mme_vla_suite.pseudo_labeling.topreward_qwen_scorer INFO: Prefix 4/8 (end=56, n_frames=11/57): reward=-21.5000 (mean, 1 tok)
2026-04-30 15:41:41,932 mme_vla_suite.pseudo_labeling.topreward_qwen_scorer INFO: Prefix 5/8 (end=71, n_frames=14/72): reward=-21.1250 (mean, 1 tok)
2026-04-30 15:41:46,198 mme_vla_suite.pseudo_labeling.topreward_qwen_scorer INFO: Prefix 6/8 (end=86, n_frames=17/87): reward=-21.1250 (mean, 1 tok)
2026-04-30 15:41:50,475 mme_vla_suite.pseudo_labeling.topreward_qwen_scorer INFO: Prefix 7/8 (end=101, n_frames=20/102): reward=-18.5000 (mean, 1 tok)
2026-04-30 15:41:54,818 mme_vla_suite.pseudo_labeling.topreward_qwen_scorer INFO: Prefix 8/8 (end=116, n_frames=23/117): reward=-19.0000 (mean, 1 tok)
2026-04-30 15:41:59,854 mme_vla_suite.pseudo_labeling.topreward_qwen_scorer INFO: Prefix 1/8 (end=9, n_frames=4/10): reward=-24.0000 (mean, 1 tok)
2026-04-30 15:42:04,119 mme_vla_suite.pseudo_labeling.topreward_qwen_scorer INFO: Prefix 2/8 (end=20, n_frames=4/21): reward=-24.0000 (mean, 1 tok)
2026-04-30 15:42:08,393 mme_vla_suite.pseudo_labeling.topreward_qwen_scorer INFO: Prefix 3/8 (end=32, n_frames=7/33): reward=-22.5000 (mean, 1 tok)
2026-04-30 15:42:12,660 mme_vla_suite.pseudo_labeling.topreward_qwen_scorer INFO: Prefix 4/8 (end=44, n_frames=9/45): reward=-23.3750 (mean, 1 tok)
2026-04-30 15:42:16,929 mme_vla_suite.pseudo_labeling.topreward_qwen_scorer INFO: Prefix 5/8 (end=56, n_frames=11/57): reward=-22.6250 (mean, 1 tok)
2026-04-30 15:42:21,200 mme_vla_suite.pseudo_labeling.topreward_qwen_scorer INFO: Prefix 6/8 (end=68, n_frames=14/69): reward=-23.5000 (mean, 1 tok)
2026-04-30 15:42:25,461 mme_vla_suite.pseudo_labeling.topreward_qwen_scorer INFO: Prefix 7/8 (end=80, n_frames=16/81): reward=-24.1250 (mean, 1 tok)
2026-04-30 15:42:29,697 mme_vla_suite.pseudo_labeling.topreward_qwen_scorer INFO: Prefix 8/8 (end=92, n_frames=19/93): reward=-19.6250 (mean, 1 tok)
2026-04-30 15:42:34,776 mme_vla_suite.pseudo_labeling.topreward_qwen_scorer INFO: Prefix 1/8 (end=10, n_frames=4/11): reward=-24.0000 (mean, 1 tok)
2026-04-30 15:42:39,037 mme_vla_suite.pseudo_labeling.topreward_qwen_scorer INFO: Prefix 2/8 (end=22, n_frames=5/23): reward=-24.0000 (mean, 1 tok)
2026-04-30 15:42:43,242 mme_vla_suite.pseudo_labeling.topreward_qwen_scorer INFO: Prefix 3/8 (end=35, n_frames=7/36): reward=-23.0000 (mean, 1 tok)
2026-04-30 15:42:47,514 mme_vla_suite.pseudo_labeling.topreward_qwen_scorer INFO: Prefix 4/8 (end=48, n_frames=10/49): reward=-22.6250 (mean, 1 tok)
2026-04-30 15:42:51,720 mme_vla_suite.pseudo_labeling.topreward_qwen_scorer INFO: Prefix 5/8 (end=60, n_frames=12/61): reward=-23.5000 (mean, 1 tok)
2026-04-30 15:42:55,996 mme_vla_suite.pseudo_labeling.topreward_qwen_scorer INFO: Prefix 6/8 (end=73, n_frames=15/74): reward=-24.1250 (mean, 1 tok)
2026-04-30 15:43:00,251 mme_vla_suite.pseudo_labeling.topreward_qwen_scorer INFO: Prefix 7/8 (end=86, n_frames=17/87): reward=-23.3750 (mean, 1 tok)
2026-04-30 15:43:04,425 mme_vla_suite.pseudo_labeling.topreward_qwen_scorer INFO: Prefix 8/8 (end=99, n_frames=20/100): reward=-19.8750 (mean, 1 tok)
2026-04-30 15:43:09,414 mme_vla_suite.pseudo_labeling.topreward_qwen_scorer INFO: Prefix 1/8 (end=11, n_frames=4/12): reward=-24.1250 (mean, 1 tok)
2026-04-30 15:43:13,763 mme_vla_suite.pseudo_labeling.topreward_qwen_scorer INFO: Prefix 2/8 (end=25, n_frames=5/26): reward=-23.7500 (mean, 1 tok)
2026-04-30 15:43:18,025 mme_vla_suite.pseudo_labeling.topreward_qwen_scorer INFO: Prefix 3/8 (end=40, n_frames=8/41): reward=-23.3750 (mean, 1 tok)
2026-04-30 15:43:22,223 mme_vla_suite.pseudo_labeling.topreward_qwen_scorer INFO: Prefix 4/8 (end=55, n_frames=11/56): reward=-22.3750 (mean, 1 tok)
2026-04-30 15:43:26,413 mme_vla_suite.pseudo_labeling.topreward_qwen_scorer INFO: Prefix 5/8 (end=70, n_frames=14/71): reward=-22.5000 (mean, 1 tok)
2026-04-30 15:43:30,714 mme_vla_suite.pseudo_labeling.topreward_qwen_scorer INFO: Prefix 6/8 (end=85, n_frames=17/86): reward=-21.8750 (mean, 1 tok)
2026-04-30 15:43:35,030 mme_vla_suite.pseudo_labeling.topreward_qwen_scorer INFO: Prefix 7/8 (end=100, n_frames=20/101): reward=-18.3750 (mean, 1 tok)
2026-04-30 15:43:39,239 mme_vla_suite.pseudo_labeling.topreward_qwen_scorer INFO: Prefix 8/8 (end=115, n_frames=23/116): reward=-19.3750 (mean, 1 tok)
2026-04-30 15:43:44,052 mme_vla_suite.pseudo_labeling.topreward_qwen_scorer INFO: Prefix 1/8 (end=5, n_frames=4/6): reward=-18.6250 (mean, 1 tok)
2026-04-30 15:43:48,176 mme_vla_suite.pseudo_labeling.topreward_qwen_scorer INFO: Prefix 2/8 (end=11, n_frames=4/12): reward=-18.3750 (mean, 1 tok)
2026-04-30 15:43:52,347 mme_vla_suite.pseudo_labeling.topreward_qwen_scorer INFO: Prefix 3/8 (end=17, n_frames=4/18): reward=-18.8750 (mean, 1 tok)
2026-04-30 15:43:56,488 mme_vla_suite.pseudo_labeling.topreward_qwen_scorer INFO: Prefix 4/8 (end=23, n_frames=5/24): reward=-19.2500 (mean, 1 tok)
2026-04-30 15:44:00,637 mme_vla_suite.pseudo_labeling.topreward_qwen_scorer INFO: Prefix 5/8 (end=30, n_frames=6/31): reward=-18.1250 (mean, 1 tok)
2026-04-30 15:44:04,780 mme_vla_suite.pseudo_labeling.topreward_qwen_scorer INFO: Prefix 6/8 (end=36, n_frames=7/37): reward=-18.8750 (mean, 1 tok)
2026-04-30 15:44:08,935 mme_vla_suite.pseudo_labeling.topreward_qwen_scorer INFO: Prefix 7/8 (end=42, n_frames=9/43): reward=-18.1250 (mean, 1 tok)
2026-04-30 15:44:13,078 mme_vla_suite.pseudo_labeling.topreward_qwen_scorer INFO: Prefix 8/8 (end=49, n_frames=10/50): reward=-18.3750 (mean, 1 tok)
2026-04-30 15:44:18,078 mme_vla_suite.pseudo_labeling.topreward_qwen_scorer INFO: Prefix 1/8 (end=8, n_frames=4/9): reward=-23.8750 (mean, 1 tok)
2026-04-30 15:44:22,213 mme_vla_suite.pseudo_labeling.topreward_qwen_scorer INFO: Prefix 2/8 (end=19, n_frames=4/20): reward=-23.7500 (mean, 1 tok)
2026-04-30 15:44:26,355 mme_vla_suite.pseudo_labeling.topreward_qwen_scorer INFO: Prefix 3/8 (end=30, n_frames=6/31): reward=-23.3750 (mean, 1 tok)
2026-04-30 15:44:30,504 mme_vla_suite.pseudo_labeling.topreward_qwen_scorer INFO: Prefix 4/8 (end=41, n_frames=8/42): reward=-23.2500 (mean, 1 tok)
2026-04-30 15:44:34,716 mme_vla_suite.pseudo_labeling.topreward_qwen_scorer INFO: Prefix 5/8 (end=52, n_frames=11/53): reward=-21.8750 (mean, 1 tok)
2026-04-30 15:44:38,906 mme_vla_suite.pseudo_labeling.topreward_qwen_scorer INFO: Prefix 6/8 (end=63, n_frames=13/64): reward=-22.2500 (mean, 1 tok)
2026-04-30 15:44:43,103 mme_vla_suite.pseudo_labeling.topreward_qwen_scorer INFO: Prefix 7/8 (end=74, n_frames=15/75): reward=-21.8750 (mean, 1 tok)
2026-04-30 15:44:47,323 mme_vla_suite.pseudo_labeling.topreward_qwen_scorer INFO: Prefix 8/8 (end=85, n_frames=17/86): reward=-18.0000 (mean, 1 tok)
2026-04-30 15:44:52,130 mme_vla_suite.pseudo_labeling.topreward_qwen_scorer INFO: Prefix 1/8 (end=9, n_frames=4/10): reward=-23.8750 (mean, 1 tok)
2026-04-30 15:44:56,274 mme_vla_suite.pseudo_labeling.topreward_qwen_scorer INFO: Prefix 2/8 (end=20, n_frames=4/21): reward=-23.2500 (mean, 1 tok)
2026-04-30 15:45:00,433 mme_vla_suite.pseudo_labeling.topreward_qwen_scorer INFO: Prefix 3/8 (end=32, n_frames=7/33): reward=-23.8750 (mean, 1 tok)
2026-04-30 15:45:04,620 mme_vla_suite.pseudo_labeling.topreward_qwen_scorer INFO: Prefix 4/8 (end=44, n_frames=9/45): reward=-23.1250 (mean, 1 tok)
2026-04-30 15:45:08,798 mme_vla_suite.pseudo_labeling.topreward_qwen_scorer INFO: Prefix 5/8 (end=56, n_frames=11/57): reward=-21.6250 (mean, 1 tok)
2026-04-30 15:45:12,983 mme_vla_suite.pseudo_labeling.topreward_qwen_scorer INFO: Prefix 6/8 (end=68, n_frames=14/69): reward=-23.2500 (mean, 1 tok)
2026-04-30 15:45:17,179 mme_vla_suite.pseudo_labeling.topreward_qwen_scorer INFO: Prefix 7/8 (end=80, n_frames=16/81): reward=-18.2500 (mean, 1 tok)
2026-04-30 15:45:21,379 mme_vla_suite.pseudo_labeling.topreward_qwen_scorer INFO: Prefix 8/8 (end=92, n_frames=19/93): reward=-18.2500 (mean, 1 tok)
2026-04-30 15:45:26,471 mme_vla_suite.pseudo_labeling.topreward_qwen_scorer INFO: Prefix 1/8 (end=10, n_frames=4/11): reward=-24.1250 (mean, 1 tok)
2026-04-30 15:45:30,635 mme_vla_suite.pseudo_labeling.topreward_qwen_scorer INFO: Prefix 2/8 (end=23, n_frames=5/24): reward=-24.0000 (mean, 1 tok)
2026-04-30 15:45:34,792 mme_vla_suite.pseudo_labeling.topreward_qwen_scorer INFO: Prefix 3/8 (end=36, n_frames=7/37): reward=-23.5000 (mean, 1 tok)
2026-04-30 15:45:38,964 mme_vla_suite.pseudo_labeling.topreward_qwen_scorer INFO: Prefix 4/8 (end=49, n_frames=10/50): reward=-22.5000 (mean, 1 tok)
2026-04-30 15:45:43,157 mme_vla_suite.pseudo_labeling.topreward_qwen_scorer INFO: Prefix 5/8 (end=62, n_frames=13/63): reward=-23.8750 (mean, 1 tok)
2026-04-30 15:45:47,334 mme_vla_suite.pseudo_labeling.topreward_qwen_scorer INFO: Prefix 6/8 (end=75, n_frames=15/76): reward=-23.1250 (mean, 1 tok)
2026-04-30 15:45:51,530 mme_vla_suite.pseudo_labeling.topreward_qwen_scorer INFO: Prefix 7/8 (end=88, n_frames=18/89): reward=-22.1250 (mean, 1 tok)
2026-04-30 15:45:55,727 mme_vla_suite.pseudo_labeling.topreward_qwen_scorer INFO: Prefix 8/8 (end=101, n_frames=20/102): reward=-19.3750 (mean, 1 tok)
2026-04-30 15:46:00,837 mme_vla_suite.pseudo_labeling.topreward_qwen_scorer INFO: Prefix 1/8 (end=11, n_frames=4/12): reward=-24.1250 (mean, 1 tok)
2026-04-30 15:46:05,046 mme_vla_suite.pseudo_labeling.topreward_qwen_scorer INFO: Prefix 2/8 (end=25, n_frames=5/26): reward=-24.0000 (mean, 1 tok)
2026-04-30 15:46:09,211 mme_vla_suite.pseudo_labeling.topreward_qwen_scorer INFO: Prefix 3/8 (end=39, n_frames=8/40): reward=-23.2500 (mean, 1 tok)
2026-04-30 15:46:13,450 mme_vla_suite.pseudo_labeling.topreward_qwen_scorer INFO: Prefix 4/8 (end=53, n_frames=11/54): reward=-22.3750 (mean, 1 tok)
2026-04-30 15:46:17,649 mme_vla_suite.pseudo_labeling.topreward_qwen_scorer INFO: Prefix 5/8 (end=67, n_frames=14/68): reward=-24.0000 (mean, 1 tok)
2026-04-30 15:46:21,850 mme_vla_suite.pseudo_labeling.topreward_qwen_scorer INFO: Prefix 6/8 (end=81, n_frames=16/82): reward=-23.5000 (mean, 1 tok)
2026-04-30 15:46:26,084 mme_vla_suite.pseudo_labeling.topreward_qwen_scorer INFO: Prefix 7/8 (end=95, n_frames=19/96): reward=-23.5000 (mean, 1 tok)
2026-04-30 15:46:30,309 mme_vla_suite.pseudo_labeling.topreward_qwen_scorer INFO: Prefix 8/8 (end=109, n_frames=22/110): reward=-18.6250 (mean, 1 tok)
2026-04-30 15:46:35,267 mme_vla_suite.pseudo_labeling.topreward_qwen_scorer INFO: Prefix 1/8 (end=10, n_frames=4/11): reward=-24.1250 (mean, 1 tok)
2026-04-30 15:46:39,430 mme_vla_suite.pseudo_labeling.topreward_qwen_scorer INFO: Prefix 2/8 (end=23, n_frames=5/24): reward=-23.7500 (mean, 1 tok)
2026-04-30 15:46:43,607 mme_vla_suite.pseudo_labeling.topreward_qwen_scorer INFO: Prefix 3/8 (end=36, n_frames=7/37): reward=-23.5000 (mean, 1 tok)
2026-04-30 15:46:47,780 mme_vla_suite.pseudo_labeling.topreward_qwen_scorer INFO: Prefix 4/8 (end=50, n_frames=10/51): reward=-22.5000 (mean, 1 tok)
2026-04-30 15:46:51,961 mme_vla_suite.pseudo_labeling.topreward_qwen_scorer INFO: Prefix 5/8 (end=63, n_frames=13/64): reward=-22.8750 (mean, 1 tok)
2026-04-30 15:46:56,170 mme_vla_suite.pseudo_labeling.topreward_qwen_scorer INFO: Prefix 6/8 (end=77, n_frames=16/78): reward=-22.6250 (mean, 1 tok)
2026-04-30 15:47:00,385 mme_vla_suite.pseudo_labeling.topreward_qwen_scorer INFO: Prefix 7/8 (end=90, n_frames=18/91): reward=-22.8750 (mean, 1 tok)
2026-04-30 15:47:04,639 mme_vla_suite.pseudo_labeling.topreward_qwen_scorer INFO: Prefix 8/8 (end=104, n_frames=21/105): reward=-19.5000 (mean, 1 tok)
2026-04-30 15:47:09,433 mme_vla_suite.pseudo_labeling.topreward_qwen_scorer INFO: Prefix 1/8 (end=11, n_frames=4/12): reward=-24.1250 (mean, 1 tok)
2026-04-30 15:47:13,575 mme_vla_suite.pseudo_labeling.topreward_qwen_scorer INFO: Prefix 2/8 (end=25, n_frames=5/26): reward=-23.7500 (mean, 1 tok)
2026-04-30 15:47:17,728 mme_vla_suite.pseudo_labeling.topreward_qwen_scorer INFO: Prefix 3/8 (end=39, n_frames=8/40): reward=-23.3750 (mean, 1 tok)
2026-04-30 15:47:21,895 mme_vla_suite.pseudo_labeling.topreward_qwen_scorer INFO: Prefix 4/8 (end=54, n_frames=11/55): reward=-22.5000 (mean, 1 tok)
2026-04-30 15:47:26,064 mme_vla_suite.pseudo_labeling.topreward_qwen_scorer INFO: Prefix 5/8 (end=68, n_frames=14/69): reward=-23.0000 (mean, 1 tok)
2026-04-30 15:47:30,270 mme_vla_suite.pseudo_labeling.topreward_qwen_scorer INFO: Prefix 6/8 (end=83, n_frames=17/84): reward=-22.5000 (mean, 1 tok)
2026-04-30 15:47:34,475 mme_vla_suite.pseudo_labeling.topreward_qwen_scorer INFO: Prefix 7/8 (end=97, n_frames=20/98): reward=-21.7500 (mean, 1 tok)
2026-04-30 15:47:38,713 mme_vla_suite.pseudo_labeling.topreward_qwen_scorer INFO: Prefix 8/8 (end=112, n_frames=23/113): reward=-19.6250 (mean, 1 tok)
2026-04-30 15:47:43,622 mme_vla_suite.pseudo_labeling.topreward_qwen_scorer INFO: Prefix 1/8 (end=9, n_frames=4/10): reward=-23.7500 (mean, 1 tok)
2026-04-30 15:47:47,755 mme_vla_suite.pseudo_labeling.topreward_qwen_scorer INFO: Prefix 2/8 (end=21, n_frames=4/22): reward=-23.7500 (mean, 1 tok)
2026-04-30 15:47:51,888 mme_vla_suite.pseudo_labeling.topreward_qwen_scorer INFO: Prefix 3/8 (end=33, n_frames=7/34): reward=-22.8750 (mean, 1 tok)
2026-04-30 15:47:56,051 mme_vla_suite.pseudo_labeling.topreward_qwen_scorer INFO: Prefix 4/8 (end=45, n_frames=9/46): reward=-22.8750 (mean, 1 tok)
2026-04-30 15:48:00,210 mme_vla_suite.pseudo_labeling.topreward_qwen_scorer INFO: Prefix 5/8 (end=58, n_frames=12/59): reward=-23.3750 (mean, 1 tok)
2026-04-30 15:48:04,380 mme_vla_suite.pseudo_labeling.topreward_qwen_scorer INFO: Prefix 6/8 (end=70, n_frames=14/71): reward=-23.3750 (mean, 1 tok)
2026-04-30 15:48:08,570 mme_vla_suite.pseudo_labeling.topreward_qwen_scorer INFO: Prefix 7/8 (end=82, n_frames=17/83): reward=-23.0000 (mean, 1 tok)
2026-04-30 15:48:12,774 mme_vla_suite.pseudo_labeling.topreward_qwen_scorer INFO: Prefix 8/8 (end=95, n_frames=19/96): reward=-19.3750 (mean, 1 tok)
2026-04-30 15:48:17,531 mme_vla_suite.pseudo_labeling.topreward_qwen_scorer INFO: Prefix 1/8 (end=10, n_frames=4/11): reward=-23.7500 (mean, 1 tok)
2026-04-30 15:48:21,662 mme_vla_suite.pseudo_labeling.topreward_qwen_scorer INFO: Prefix 2/8 (end=23, n_frames=5/24): reward=-23.7500 (mean, 1 tok)
2026-04-30 15:48:25,815 mme_vla_suite.pseudo_labeling.topreward_qwen_scorer INFO: Prefix 3/8 (end=37, n_frames=8/38): reward=-22.5000 (mean, 1 tok)
2026-04-30 15:48:29,956 mme_vla_suite.pseudo_labeling.topreward_qwen_scorer INFO: Prefix 4/8 (end=51, n_frames=10/52): reward=-22.8750 (mean, 1 tok)
2026-04-30 15:48:34,146 mme_vla_suite.pseudo_labeling.topreward_qwen_scorer INFO: Prefix 5/8 (end=64, n_frames=13/65): reward=-23.7500 (mean, 1 tok)
2026-04-30 15:48:38,343 mme_vla_suite.pseudo_labeling.topreward_qwen_scorer INFO: Prefix 6/8 (end=78, n_frames=16/79): reward=-23.8750 (mean, 1 tok)
2026-04-30 15:48:42,549 mme_vla_suite.pseudo_labeling.topreward_qwen_scorer INFO: Prefix 7/8 (end=92, n_frames=19/93): reward=-18.2500 (mean, 1 tok)
2026-04-30 15:48:46,808 mme_vla_suite.pseudo_labeling.topreward_qwen_scorer INFO: Prefix 8/8 (end=106, n_frames=21/107): reward=-19.2500 (mean, 1 tok)
2026-04-30 15:48:51,700 mme_vla_suite.pseudo_labeling.topreward_qwen_scorer INFO: Prefix 1/8 (end=10, n_frames=4/11): reward=-24.1250 (mean, 1 tok)
2026-04-30 15:48:55,834 mme_vla_suite.pseudo_labeling.topreward_qwen_scorer INFO: Prefix 2/8 (end=23, n_frames=5/24): reward=-24.1250 (mean, 1 tok)
2026-04-30 15:48:59,987 mme_vla_suite.pseudo_labeling.topreward_qwen_scorer INFO: Prefix 3/8 (end=36, n_frames=7/37): reward=-23.6250 (mean, 1 tok)
2026-04-30 15:49:04,130 mme_vla_suite.pseudo_labeling.topreward_qwen_scorer INFO: Prefix 4/8 (end=49, n_frames=10/50): reward=-22.8750 (mean, 1 tok)
2026-04-30 15:49:08,295 mme_vla_suite.pseudo_labeling.topreward_qwen_scorer INFO: Prefix 5/8 (end=63, n_frames=13/64): reward=-24.1250 (mean, 1 tok)
2026-04-30 15:49:12,467 mme_vla_suite.pseudo_labeling.topreward_qwen_scorer INFO: Prefix 6/8 (end=76, n_frames=15/77): reward=-23.7500 (mean, 1 tok)
2026-04-30 15:49:16,644 mme_vla_suite.pseudo_labeling.topreward_qwen_scorer INFO: Prefix 7/8 (end=89, n_frames=18/90): reward=-22.0000 (mean, 1 tok)
2026-04-30 15:49:20,875 mme_vla_suite.pseudo_labeling.topreward_qwen_scorer INFO: Prefix 8/8 (end=103, n_frames=21/104): reward=-18.3750 (mean, 1 tok)
2026-04-30 15:49:25,667 mme_vla_suite.pseudo_labeling.topreward_qwen_scorer INFO: Prefix 1/8 (end=4, n_frames=4/5): reward=-22.3750 (mean, 1 tok)
2026-04-30 15:49:29,794 mme_vla_suite.pseudo_labeling.topreward_qwen_scorer INFO: Prefix 2/8 (end=10, n_frames=4/11): reward=-21.7500 (mean, 1 tok)
2026-04-30 15:49:33,922 mme_vla_suite.pseudo_labeling.topreward_qwen_scorer INFO: Prefix 3/8 (end=16, n_frames=4/17): reward=-22.3750 (mean, 1 tok)
2026-04-30 15:49:38,065 mme_vla_suite.pseudo_labeling.topreward_qwen_scorer INFO: Prefix 4/8 (end=22, n_frames=5/23): reward=-21.6250 (mean, 1 tok)
2026-04-30 15:49:42,208 mme_vla_suite.pseudo_labeling.topreward_qwen_scorer INFO: Prefix 5/8 (end=28, n_frames=6/29): reward=-21.6250 (mean, 1 tok)
2026-04-30 15:49:46,385 mme_vla_suite.pseudo_labeling.topreward_qwen_scorer INFO: Prefix 6/8 (end=34, n_frames=7/35): reward=-21.8750 (mean, 1 tok)
2026-04-30 15:49:50,516 mme_vla_suite.pseudo_labeling.topreward_qwen_scorer INFO: Prefix 7/8 (end=40, n_frames=8/41): reward=-21.8750 (mean, 1 tok)
2026-04-30 15:49:54,665 mme_vla_suite.pseudo_labeling.topreward_qwen_scorer INFO: Prefix 8/8 (end=46, n_frames=9/47): reward=-20.2500 (mean, 1 tok)
2026-04-30 15:49:59,683 mme_vla_suite.pseudo_labeling.topreward_qwen_scorer INFO: Prefix 1/8 (end=10, n_frames=4/11): reward=-24.6250 (mean, 1 tok)
2026-04-30 15:50:03,847 mme_vla_suite.pseudo_labeling.topreward_qwen_scorer INFO: Prefix 2/8 (end=22, n_frames=5/23): reward=-23.8750 (mean, 1 tok)
2026-04-30 15:50:08,023 mme_vla_suite.pseudo_labeling.topreward_qwen_scorer INFO: Prefix 3/8 (end=35, n_frames=7/36): reward=-24.3750 (mean, 1 tok)
2026-04-30 15:50:12,183 mme_vla_suite.pseudo_labeling.topreward_qwen_scorer INFO: Prefix 4/8 (end=48, n_frames=10/49): reward=-23.5000 (mean, 1 tok)
2026-04-30 15:50:16,353 mme_vla_suite.pseudo_labeling.topreward_qwen_scorer INFO: Prefix 5/8 (end=60, n_frames=12/61): reward=-23.6250 (mean, 1 tok)
2026-04-30 15:50:20,522 mme_vla_suite.pseudo_labeling.topreward_qwen_scorer INFO: Prefix 6/8 (end=73, n_frames=15/74): reward=-23.3750 (mean, 1 tok)
2026-04-30 15:50:24,709 mme_vla_suite.pseudo_labeling.topreward_qwen_scorer INFO: Prefix 7/8 (end=86, n_frames=17/87): reward=-23.6250 (mean, 1 tok)
2026-04-30 15:50:28,902 mme_vla_suite.pseudo_labeling.topreward_qwen_scorer INFO: Prefix 8/8 (end=99, n_frames=20/100): reward=-19.8750 (mean, 1 tok)
2026-04-30 15:50:33,680 mme_vla_suite.pseudo_labeling.topreward_qwen_scorer INFO: Prefix 1/8 (end=10, n_frames=4/11): reward=-24.6250 (mean, 1 tok)
2026-04-30 15:50:37,824 mme_vla_suite.pseudo_labeling.topreward_qwen_scorer INFO: Prefix 2/8 (end=23, n_frames=5/24): reward=-23.6250 (mean, 1 tok)
2026-04-30 15:50:41,990 mme_vla_suite.pseudo_labeling.topreward_qwen_scorer INFO: Prefix 3/8 (end=37, n_frames=8/38): reward=-24.3750 (mean, 1 tok)
2026-04-30 15:50:46,134 mme_vla_suite.pseudo_labeling.topreward_qwen_scorer INFO: Prefix 4/8 (end=51, n_frames=10/52): reward=-23.1250 (mean, 1 tok)
2026-04-30 15:50:50,307 mme_vla_suite.pseudo_labeling.topreward_qwen_scorer INFO: Prefix 5/8 (end=65, n_frames=13/66): reward=-23.8750 (mean, 1 tok)
2026-04-30 15:50:54,465 mme_vla_suite.pseudo_labeling.topreward_qwen_scorer INFO: Prefix 6/8 (end=79, n_frames=16/80): reward=-23.8750 (mean, 1 tok)
2026-04-30 15:50:58,656 mme_vla_suite.pseudo_labeling.topreward_qwen_scorer INFO: Prefix 7/8 (end=93, n_frames=19/94): reward=-19.8750 (mean, 1 tok)
2026-04-30 15:51:02,879 mme_vla_suite.pseudo_labeling.topreward_qwen_scorer INFO: Prefix 8/8 (end=107, n_frames=22/108): reward=-19.7500 (mean, 1 tok)
2026-04-30 15:51:07,824 mme_vla_suite.pseudo_labeling.topreward_qwen_scorer INFO: Prefix 1/8 (end=9, n_frames=4/10): reward=-24.3750 (mean, 1 tok)
2026-04-30 15:51:11,957 mme_vla_suite.pseudo_labeling.topreward_qwen_scorer INFO: Prefix 2/8 (end=20, n_frames=4/21): reward=-24.3750 (mean, 1 tok)
2026-04-30 15:51:16,177 mme_vla_suite.pseudo_labeling.topreward_qwen_scorer INFO: Prefix 3/8 (end=32, n_frames=7/33): reward=-23.8750 (mean, 1 tok)
2026-04-30 15:51:20,330 mme_vla_suite.pseudo_labeling.topreward_qwen_scorer INFO: Prefix 4/8 (end=43, n_frames=9/44): reward=-23.7500 (mean, 1 tok)
2026-04-30 15:51:24,631 mme_vla_suite.pseudo_labeling.topreward_qwen_scorer INFO: Prefix 5/8 (end=55, n_frames=11/56): reward=-24.1250 (mean, 1 tok)
2026-04-30 15:51:28,895 mme_vla_suite.pseudo_labeling.topreward_qwen_scorer INFO: Prefix 6/8 (end=66, n_frames=13/67): reward=-25.2500 (mean, 1 tok)
2026-04-30 15:51:33,096 mme_vla_suite.pseudo_labeling.topreward_qwen_scorer INFO: Prefix 7/8 (end=78, n_frames=16/79): reward=-25.2500 (mean, 1 tok)
2026-04-30 15:51:37,298 mme_vla_suite.pseudo_labeling.topreward_qwen_scorer INFO: Prefix 8/8 (end=90, n_frames=18/91): reward=-20.6250 (mean, 1 tok)
2026-04-30 15:51:42,343 mme_vla_suite.pseudo_labeling.topreward_qwen_scorer INFO: Prefix 1/8 (end=9, n_frames=4/10): reward=-24.3750 (mean, 1 tok)
2026-04-30 15:51:46,502 mme_vla_suite.pseudo_labeling.topreward_qwen_scorer INFO: Prefix 2/8 (end=21, n_frames=4/22): reward=-24.3750 (mean, 1 tok)
2026-04-30 15:51:50,771 mme_vla_suite.pseudo_labeling.topreward_qwen_scorer INFO: Prefix 3/8 (end=33, n_frames=7/34): reward=-23.3750 (mean, 1 tok)
2026-04-30 15:51:54,998 mme_vla_suite.pseudo_labeling.topreward_qwen_scorer INFO: Prefix 4/8 (end=46, n_frames=9/47): reward=-24.3750 (mean, 1 tok)
2026-04-30 15:51:59,224 mme_vla_suite.pseudo_labeling.topreward_qwen_scorer INFO: Prefix 5/8 (end=58, n_frames=12/59): reward=-24.5000 (mean, 1 tok)
2026-04-30 15:52:03,462 mme_vla_suite.pseudo_labeling.topreward_qwen_scorer INFO: Prefix 6/8 (end=71, n_frames=14/72): reward=-24.7500 (mean, 1 tok)
2026-04-30 15:52:07,746 mme_vla_suite.pseudo_labeling.topreward_qwen_scorer INFO: Prefix 7/8 (end=83, n_frames=17/84): reward=-24.3750 (mean, 1 tok)
2026-04-30 15:52:12,040 mme_vla_suite.pseudo_labeling.topreward_qwen_scorer INFO: Prefix 8/8 (end=96, n_frames=19/97): reward=-20.7500 (mean, 1 tok)
2026-04-30 15:52:16,958 mme_vla_suite.pseudo_labeling.topreward_qwen_scorer INFO: Prefix 1/8 (end=10, n_frames=4/11): reward=-23.6250 (mean, 1 tok)
2026-04-30 15:52:21,101 mme_vla_suite.pseudo_labeling.topreward_qwen_scorer INFO: Prefix 2/8 (end=24, n_frames=5/25): reward=-23.5000 (mean, 1 tok)
2026-04-30 15:52:25,249 mme_vla_suite.pseudo_labeling.topreward_qwen_scorer INFO: Prefix 3/8 (end=38, n_frames=8/39): reward=-23.5000 (mean, 1 tok)
2026-04-30 15:52:29,425 mme_vla_suite.pseudo_labeling.topreward_qwen_scorer INFO: Prefix 4/8 (end=52, n_frames=11/53): reward=-22.1250 (mean, 1 tok)
2026-04-30 15:52:33,594 mme_vla_suite.pseudo_labeling.topreward_qwen_scorer INFO: Prefix 5/8 (end=66, n_frames=13/67): reward=-22.1250 (mean, 1 tok)
2026-04-30 15:52:37,796 mme_vla_suite.pseudo_labeling.topreward_qwen_scorer INFO: Prefix 6/8 (end=80, n_frames=16/81): reward=-21.8750 (mean, 1 tok)
2026-04-30 15:52:42,032 mme_vla_suite.pseudo_labeling.topreward_qwen_scorer INFO: Prefix 7/8 (end=94, n_frames=19/95): reward=-22.2500 (mean, 1 tok)
2026-04-30 15:52:46,276 mme_vla_suite.pseudo_labeling.topreward_qwen_scorer INFO: Prefix 8/8 (end=108, n_frames=22/109): reward=-19.1250 (mean, 1 tok)
2026-04-30 15:52:51,194 mme_vla_suite.pseudo_labeling.topreward_qwen_scorer INFO: Prefix 1/8 (end=11, n_frames=4/12): reward=-23.6250 (mean, 1 tok)
2026-04-30 15:52:55,347 mme_vla_suite.pseudo_labeling.topreward_qwen_scorer INFO: Prefix 2/8 (end=26, n_frames=5/27): reward=-23.5000 (mean, 1 tok)
2026-04-30 15:52:59,519 mme_vla_suite.pseudo_labeling.topreward_qwen_scorer INFO: Prefix 3/8 (end=41, n_frames=8/42): reward=-23.1250 (mean, 1 tok)
2026-04-30 15:53:03,720 mme_vla_suite.pseudo_labeling.topreward_qwen_scorer INFO: Prefix 4/8 (end=56, n_frames=11/57): reward=-22.1250 (mean, 1 tok)
2026-04-30 15:53:07,908 mme_vla_suite.pseudo_labeling.topreward_qwen_scorer INFO: Prefix 5/8 (end=71, n_frames=14/72): reward=-21.3750 (mean, 1 tok)
2026-04-30 15:53:12,124 mme_vla_suite.pseudo_labeling.topreward_qwen_scorer INFO: Prefix 6/8 (end=86, n_frames=17/87): reward=-21.3750 (mean, 1 tok)
2026-04-30 15:53:16,355 mme_vla_suite.pseudo_labeling.topreward_qwen_scorer INFO: Prefix 7/8 (end=101, n_frames=20/102): reward=-19.5000 (mean, 1 tok)
2026-04-30 15:53:20,600 mme_vla_suite.pseudo_labeling.topreward_qwen_scorer INFO: Prefix 8/8 (end=116, n_frames=23/117): reward=-19.0000 (mean, 1 tok)
2026-04-30 15:53:25,412 mme_vla_suite.pseudo_labeling.topreward_qwen_scorer INFO: Prefix 1/8 (end=9, n_frames=4/10): reward=-24.2500 (mean, 1 tok)
2026-04-30 15:53:29,563 mme_vla_suite.pseudo_labeling.topreward_qwen_scorer INFO: Prefix 2/8 (end=21, n_frames=4/22): reward=-24.2500 (mean, 1 tok)
2026-04-30 15:53:33,713 mme_vla_suite.pseudo_labeling.topreward_qwen_scorer INFO: Prefix 3/8 (end=33, n_frames=7/34): reward=-23.6250 (mean, 1 tok)
2026-04-30 15:53:37,874 mme_vla_suite.pseudo_labeling.topreward_qwen_scorer INFO: Prefix 4/8 (end=45, n_frames=9/46): reward=-23.3750 (mean, 1 tok)
2026-04-30 15:53:42,041 mme_vla_suite.pseudo_labeling.topreward_qwen_scorer INFO: Prefix 5/8 (end=57, n_frames=12/58): reward=-23.5000 (mean, 1 tok)
2026-04-30 15:53:46,210 mme_vla_suite.pseudo_labeling.topreward_qwen_scorer INFO: Prefix 6/8 (end=69, n_frames=14/70): reward=-25.0000 (mean, 1 tok)
2026-04-30 15:53:50,407 mme_vla_suite.pseudo_labeling.topreward_qwen_scorer INFO: Prefix 7/8 (end=81, n_frames=16/82): reward=-24.8750 (mean, 1 tok)
2026-04-30 15:53:54,654 mme_vla_suite.pseudo_labeling.topreward_qwen_scorer INFO: Prefix 8/8 (end=93, n_frames=19/94): reward=-19.3750 (mean, 1 tok)
2026-04-30 15:53:59,419 mme_vla_suite.pseudo_labeling.topreward_qwen_scorer INFO: Prefix 1/8 (end=10, n_frames=4/11): reward=-24.2500 (mean, 1 tok)
2026-04-30 15:54:03,572 mme_vla_suite.pseudo_labeling.topreward_qwen_scorer INFO: Prefix 2/8 (end=22, n_frames=5/23): reward=-24.2500 (mean, 1 tok)
2026-04-30 15:54:07,712 mme_vla_suite.pseudo_labeling.topreward_qwen_scorer INFO: Prefix 3/8 (end=35, n_frames=7/36): reward=-23.2500 (mean, 1 tok)
2026-04-30 15:54:11,896 mme_vla_suite.pseudo_labeling.topreward_qwen_scorer INFO: Prefix 4/8 (end=48, n_frames=10/49): reward=-23.5000 (mean, 1 tok)
2026-04-30 15:54:16,052 mme_vla_suite.pseudo_labeling.topreward_qwen_scorer INFO: Prefix 5/8 (end=60, n_frames=12/61): reward=-24.7500 (mean, 1 tok)
2026-04-30 15:54:20,232 mme_vla_suite.pseudo_labeling.topreward_qwen_scorer INFO: Prefix 6/8 (end=73, n_frames=15/74): reward=-24.5000 (mean, 1 tok)
2026-04-30 15:54:24,451 mme_vla_suite.pseudo_labeling.topreward_qwen_scorer INFO: Prefix 7/8 (end=86, n_frames=17/87): reward=-25.0000 (mean, 1 tok)
2026-04-30 15:54:28,672 mme_vla_suite.pseudo_labeling.topreward_qwen_scorer INFO: Prefix 8/8 (end=99, n_frames=20/100): reward=-19.8750 (mean, 1 tok)
2026-04-30 15:54:33,688 mme_vla_suite.pseudo_labeling.topreward_qwen_scorer INFO: Prefix 1/8 (end=11, n_frames=4/12): reward=-24.1250 (mean, 1 tok)
2026-04-30 15:54:37,935 mme_vla_suite.pseudo_labeling.topreward_qwen_scorer INFO: Prefix 2/8 (end=25, n_frames=5/26): reward=-24.1250 (mean, 1 tok)
2026-04-30 15:54:42,194 mme_vla_suite.pseudo_labeling.topreward_qwen_scorer INFO: Prefix 3/8 (end=39, n_frames=8/40): reward=-24.1250 (mean, 1 tok)
2026-04-30 15:54:46,358 mme_vla_suite.pseudo_labeling.topreward_qwen_scorer INFO: Prefix 4/8 (end=53, n_frames=11/54): reward=-23.3750 (mean, 1 tok)
2026-04-30 15:54:50,532 mme_vla_suite.pseudo_labeling.topreward_qwen_scorer INFO: Prefix 5/8 (end=68, n_frames=14/69): reward=-23.6250 (mean, 1 tok)
2026-04-30 15:54:54,804 mme_vla_suite.pseudo_labeling.topreward_qwen_scorer INFO: Prefix 6/8 (end=82, n_frames=17/83): reward=-23.1250 (mean, 1 tok)
2026-04-30 15:54:59,130 mme_vla_suite.pseudo_labeling.topreward_qwen_scorer INFO: Prefix 7/8 (end=96, n_frames=19/97): reward=-19.1250 (mean, 1 tok)
2026-04-30 15:55:03,358 mme_vla_suite.pseudo_labeling.topreward_qwen_scorer INFO: Prefix 8/8 (end=111, n_frames=22/112): reward=-19.0000 (mean, 1 tok)
2026-04-30 15:55:08,163 mme_vla_suite.pseudo_labeling.topreward_qwen_scorer INFO: Prefix 1/8 (end=5, n_frames=4/6): reward=-20.8750 (mean, 1 tok)
2026-04-30 15:55:12,300 mme_vla_suite.pseudo_labeling.topreward_qwen_scorer INFO: Prefix 2/8 (end=11, n_frames=4/12): reward=-21.3750 (mean, 1 tok)
2026-04-30 15:55:16,437 mme_vla_suite.pseudo_labeling.topreward_qwen_scorer INFO: Prefix 3/8 (end=17, n_frames=4/18): reward=-21.6250 (mean, 1 tok)
2026-04-30 15:55:20,582 mme_vla_suite.pseudo_labeling.topreward_qwen_scorer INFO: Prefix 4/8 (end=24, n_frames=5/25): reward=-21.8750 (mean, 1 tok)
2026-04-30 15:55:24,720 mme_vla_suite.pseudo_labeling.topreward_qwen_scorer INFO: Prefix 5/8 (end=30, n_frames=6/31): reward=-20.7500 (mean, 1 tok)
2026-04-30 15:55:28,878 mme_vla_suite.pseudo_labeling.topreward_qwen_scorer INFO: Prefix 6/8 (end=37, n_frames=8/38): reward=-21.7500 (mean, 1 tok)
2026-04-30 15:55:33,034 mme_vla_suite.pseudo_labeling.topreward_qwen_scorer INFO: Prefix 7/8 (end=43, n_frames=9/44): reward=-17.8750 (mean, 1 tok)
2026-04-30 15:55:37,191 mme_vla_suite.pseudo_labeling.topreward_qwen_scorer INFO: Prefix 8/8 (end=50, n_frames=10/51): reward=-17.3750 (mean, 1 tok)
2026-04-30 15:55:42,033 mme_vla_suite.pseudo_labeling.topreward_qwen_scorer INFO: Prefix 1/8 (end=8, n_frames=4/9): reward=-24.2500 (mean, 1 tok)
2026-04-30 15:55:46,167 mme_vla_suite.pseudo_labeling.topreward_qwen_scorer INFO: Prefix 2/8 (end=18, n_frames=4/19): reward=-24.5000 (mean, 1 tok)
2026-04-30 15:55:50,317 mme_vla_suite.pseudo_labeling.topreward_qwen_scorer INFO: Prefix 3/8 (end=28, n_frames=6/29): reward=-23.7500 (mean, 1 tok)
2026-04-30 15:55:54,477 mme_vla_suite.pseudo_labeling.topreward_qwen_scorer INFO: Prefix 4/8 (end=39, n_frames=8/40): reward=-23.0000 (mean, 1 tok)
2026-04-30 15:55:58,641 mme_vla_suite.pseudo_labeling.topreward_qwen_scorer INFO: Prefix 5/8 (end=49, n_frames=10/50): reward=-22.1250 (mean, 1 tok)
2026-04-30 15:56:02,813 mme_vla_suite.pseudo_labeling.topreward_qwen_scorer INFO: Prefix 6/8 (end=60, n_frames=12/61): reward=-21.7500 (mean, 1 tok)
2026-04-30 15:56:07,004 mme_vla_suite.pseudo_labeling.topreward_qwen_scorer INFO: Prefix 7/8 (end=70, n_frames=14/71): reward=-21.7500 (mean, 1 tok)
2026-04-30 15:56:11,183 mme_vla_suite.pseudo_labeling.topreward_qwen_scorer INFO: Prefix 8/8 (end=81, n_frames=16/82): reward=-19.0000 (mean, 1 tok)
2026-04-30 15:56:15,987 mme_vla_suite.pseudo_labeling.topreward_qwen_scorer INFO: Prefix 1/8 (end=9, n_frames=4/10): reward=-24.3750 (mean, 1 tok)
2026-04-30 15:56:20,122 mme_vla_suite.pseudo_labeling.topreward_qwen_scorer INFO: Prefix 2/8 (end=20, n_frames=4/21): reward=-24.0000 (mean, 1 tok)
2026-04-30 15:56:24,275 mme_vla_suite.pseudo_labeling.topreward_qwen_scorer INFO: Prefix 3/8 (end=32, n_frames=7/33): reward=-23.6250 (mean, 1 tok)
2026-04-30 15:56:28,425 mme_vla_suite.pseudo_labeling.topreward_qwen_scorer INFO: Prefix 4/8 (end=43, n_frames=9/44): reward=-22.8750 (mean, 1 tok)
2026-04-30 15:56:32,603 mme_vla_suite.pseudo_labeling.topreward_qwen_scorer INFO: Prefix 5/8 (end=55, n_frames=11/56): reward=-22.7500 (mean, 1 tok)
2026-04-30 15:56:36,780 mme_vla_suite.pseudo_labeling.topreward_qwen_scorer INFO: Prefix 6/8 (end=66, n_frames=13/67): reward=-21.8750 (mean, 1 tok)
2026-04-30 15:56:40,958 mme_vla_suite.pseudo_labeling.topreward_qwen_scorer INFO: Prefix 7/8 (end=78, n_frames=16/79): reward=-18.7500 (mean, 1 tok)
2026-04-30 15:56:45,132 mme_vla_suite.pseudo_labeling.topreward_qwen_scorer INFO: Prefix 8/8 (end=90, n_frames=18/91): reward=-19.6250 (mean, 1 tok)
2026-04-30 15:56:50,099 mme_vla_suite.pseudo_labeling.topreward_qwen_scorer INFO: Prefix 1/8 (end=11, n_frames=4/12): reward=-23.7500 (mean, 1 tok)
2026-04-30 15:56:54,237 mme_vla_suite.pseudo_labeling.topreward_qwen_scorer INFO: Prefix 2/8 (end=25, n_frames=5/26): reward=-23.7500 (mean, 1 tok)
2026-04-30 15:56:58,390 mme_vla_suite.pseudo_labeling.topreward_qwen_scorer INFO: Prefix 3/8 (end=39, n_frames=8/40): reward=-24.0000 (mean, 1 tok)
2026-04-30 15:57:02,601 mme_vla_suite.pseudo_labeling.topreward_qwen_scorer INFO: Prefix 4/8 (end=53, n_frames=11/54): reward=-23.1250 (mean, 1 tok)
2026-04-30 15:57:06,773 mme_vla_suite.pseudo_labeling.topreward_qwen_scorer INFO: Prefix 5/8 (end=67, n_frames=14/68): reward=-23.0000 (mean, 1 tok)
2026-04-30 15:57:10,944 mme_vla_suite.pseudo_labeling.topreward_qwen_scorer INFO: Prefix 6/8 (end=81, n_frames=16/82): reward=-23.7500 (mean, 1 tok)
2026-04-30 15:57:15,140 mme_vla_suite.pseudo_labeling.topreward_qwen_scorer INFO: Prefix 7/8 (end=95, n_frames=19/96): reward=-24.0000 (mean, 1 tok)
2026-04-30 15:57:19,357 mme_vla_suite.pseudo_labeling.topreward_qwen_scorer INFO: Prefix 8/8 (end=109, n_frames=22/110): reward=-18.6250 (mean, 1 tok)
2026-04-30 15:57:24,280 mme_vla_suite.pseudo_labeling.topreward_qwen_scorer INFO: Prefix 1/8 (end=11, n_frames=4/12): reward=-23.7500 (mean, 1 tok)
2026-04-30 15:57:28,427 mme_vla_suite.pseudo_labeling.topreward_qwen_scorer INFO: Prefix 2/8 (end=26, n_frames=5/27): reward=-23.7500 (mean, 1 tok)
2026-04-30 15:57:32,596 mme_vla_suite.pseudo_labeling.topreward_qwen_scorer INFO: Prefix 3/8 (end=41, n_frames=8/42): reward=-23.8750 (mean, 1 tok)
2026-04-30 15:57:36,762 mme_vla_suite.pseudo_labeling.topreward_qwen_scorer INFO: Prefix 4/8 (end=56, n_frames=11/57): reward=-23.6250 (mean, 1 tok)
2026-04-30 15:57:40,921 mme_vla_suite.pseudo_labeling.topreward_qwen_scorer INFO: Prefix 5/8 (end=71, n_frames=14/72): reward=-22.8750 (mean, 1 tok)
2026-04-30 15:57:45,120 mme_vla_suite.pseudo_labeling.topreward_qwen_scorer INFO: Prefix 6/8 (end=86, n_frames=17/87): reward=-23.7500 (mean, 1 tok)
2026-04-30 15:57:49,344 mme_vla_suite.pseudo_labeling.topreward_qwen_scorer INFO: Prefix 7/8 (end=101, n_frames=20/102): reward=-23.7500 (mean, 1 tok)
2026-04-30 15:57:53,574 mme_vla_suite.pseudo_labeling.topreward_qwen_scorer INFO: Prefix 8/8 (end=117, n_frames=24/118): reward=-20.2500 (mean, 1 tok)
2026-04-30 15:57:58,547 mme_vla_suite.pseudo_labeling.topreward_qwen_scorer INFO: Prefix 1/8 (end=9, n_frames=4/10): reward=-24.2500 (mean, 1 tok)
2026-04-30 15:58:02,690 mme_vla_suite.pseudo_labeling.topreward_qwen_scorer INFO: Prefix 2/8 (end=21, n_frames=4/22): reward=-24.2500 (mean, 1 tok)
2026-04-30 15:58:06,834 mme_vla_suite.pseudo_labeling.topreward_qwen_scorer INFO: Prefix 3/8 (end=33, n_frames=7/34): reward=-24.1250 (mean, 1 tok)
2026-04-30 15:58:11,021 mme_vla_suite.pseudo_labeling.topreward_qwen_scorer INFO: Prefix 4/8 (end=45, n_frames=9/46): reward=-23.3750 (mean, 1 tok)
2026-04-30 15:58:15,170 mme_vla_suite.pseudo_labeling.topreward_qwen_scorer INFO: Prefix 5/8 (end=57, n_frames=12/58): reward=-23.1250 (mean, 1 tok)
2026-04-30 15:58:19,347 mme_vla_suite.pseudo_labeling.topreward_qwen_scorer INFO: Prefix 6/8 (end=69, n_frames=14/70): reward=-24.0000 (mean, 1 tok)
2026-04-30 15:58:23,529 mme_vla_suite.pseudo_labeling.topreward_qwen_scorer INFO: Prefix 7/8 (end=81, n_frames=16/82): reward=-24.1250 (mean, 1 tok)
2026-04-30 15:58:27,752 mme_vla_suite.pseudo_labeling.topreward_qwen_scorer INFO: Prefix 8/8 (end=94, n_frames=19/95): reward=-19.0000 (mean, 1 tok)
2026-04-30 15:58:32,524 mme_vla_suite.pseudo_labeling.topreward_qwen_scorer INFO: Prefix 1/8 (end=10, n_frames=4/11): reward=-24.2500 (mean, 1 tok)
2026-04-30 15:58:36,679 mme_vla_suite.pseudo_labeling.topreward_qwen_scorer INFO: Prefix 2/8 (end=23, n_frames=5/24): reward=-24.0000 (mean, 1 tok)
2026-04-30 15:58:40,830 mme_vla_suite.pseudo_labeling.topreward_qwen_scorer INFO: Prefix 3/8 (end=36, n_frames=7/37): reward=-23.5000 (mean, 1 tok)
2026-04-30 15:58:44,977 mme_vla_suite.pseudo_labeling.topreward_qwen_scorer INFO: Prefix 4/8 (end=49, n_frames=10/50): reward=-23.5000 (mean, 1 tok)
2026-04-30 15:58:49,155 mme_vla_suite.pseudo_labeling.topreward_qwen_scorer INFO: Prefix 5/8 (end=62, n_frames=13/63): reward=-24.1250 (mean, 1 tok)
2026-04-30 15:58:53,336 mme_vla_suite.pseudo_labeling.topreward_qwen_scorer INFO: Prefix 6/8 (end=75, n_frames=15/76): reward=-24.1250 (mean, 1 tok)
2026-04-30 15:58:57,536 mme_vla_suite.pseudo_labeling.topreward_qwen_scorer INFO: Prefix 7/8 (end=88, n_frames=18/89): reward=-20.0000 (mean, 1 tok)
2026-04-30 15:59:01,747 mme_vla_suite.pseudo_labeling.topreward_qwen_scorer INFO: Prefix 8/8 (end=101, n_frames=20/102): reward=-19.6250 (mean, 1 tok)
2026-04-30 15:59:06,608 mme_vla_suite.pseudo_labeling.topreward_qwen_scorer INFO: Prefix 1/8 (end=9, n_frames=4/10): reward=-24.2500 (mean, 1 tok)
2026-04-30 15:59:10,752 mme_vla_suite.pseudo_labeling.topreward_qwen_scorer INFO: Prefix 2/8 (end=21, n_frames=4/22): reward=-24.2500 (mean, 1 tok)
2026-04-30 15:59:14,898 mme_vla_suite.pseudo_labeling.topreward_qwen_scorer INFO: Prefix 3/8 (end=34, n_frames=7/35): reward=-23.5000 (mean, 1 tok)
2026-04-30 15:59:19,046 mme_vla_suite.pseudo_labeling.topreward_qwen_scorer INFO: Prefix 4/8 (end=47, n_frames=10/48): reward=-23.0000 (mean, 1 tok)
2026-04-30 15:59:23,216 mme_vla_suite.pseudo_labeling.topreward_qwen_scorer INFO: Prefix 5/8 (end=59, n_frames=12/60): reward=-24.0000 (mean, 1 tok)
2026-04-30 15:59:27,436 mme_vla_suite.pseudo_labeling.topreward_qwen_scorer INFO: Prefix 6/8 (end=72, n_frames=15/73): reward=-24.6250 (mean, 1 tok)
2026-04-30 15:59:31,668 mme_vla_suite.pseudo_labeling.topreward_qwen_scorer INFO: Prefix 7/8 (end=85, n_frames=17/86): reward=-25.2500 (mean, 1 tok)
2026-04-30 15:59:35,904 mme_vla_suite.pseudo_labeling.topreward_qwen_scorer INFO: Prefix 8/8 (end=98, n_frames=20/99): reward=-21.7500 (mean, 1 tok)
2026-04-30 15:59:40,700 mme_vla_suite.pseudo_labeling.topreward_qwen_scorer INFO: Prefix 1/8 (end=10, n_frames=4/11): reward=-24.2500 (mean, 1 tok)
2026-04-30 15:59:44,840 mme_vla_suite.pseudo_labeling.topreward_qwen_scorer INFO: Prefix 2/8 (end=24, n_frames=5/25): reward=-24.2500 (mean, 1 tok)
2026-04-30 15:59:48,980 mme_vla_suite.pseudo_labeling.topreward_qwen_scorer INFO: Prefix 3/8 (end=38, n_frames=8/39): reward=-23.5000 (mean, 1 tok)
2026-04-30 15:59:53,135 mme_vla_suite.pseudo_labeling.topreward_qwen_scorer INFO: Prefix 4/8 (end=52, n_frames=11/53): reward=-24.2500 (mean, 1 tok)
2026-04-30 15:59:57,289 mme_vla_suite.pseudo_labeling.topreward_qwen_scorer INFO: Prefix 5/8 (end=66, n_frames=13/67): reward=-24.3750 (mean, 1 tok)
2026-04-30 16:00:01,463 mme_vla_suite.pseudo_labeling.topreward_qwen_scorer INFO: Prefix 6/8 (end=80, n_frames=16/81): reward=-24.2500 (mean, 1 tok)
2026-04-30 16:00:05,686 mme_vla_suite.pseudo_labeling.topreward_qwen_scorer INFO: Prefix 7/8 (end=94, n_frames=19/95): reward=-24.1250 (mean, 1 tok)
2026-04-30 16:00:09,910 mme_vla_suite.pseudo_labeling.topreward_qwen_scorer INFO: Prefix 8/8 (end=108, n_frames=22/109): reward=-19.8750 (mean, 1 tok)
2026-04-30 16:00:14,809 mme_vla_suite.pseudo_labeling.topreward_qwen_scorer INFO: Prefix 1/8 (end=11, n_frames=4/12): reward=-24.2500 (mean, 1 tok)
2026-04-30 16:00:18,952 mme_vla_suite.pseudo_labeling.topreward_qwen_scorer INFO: Prefix 2/8 (end=25, n_frames=5/26): reward=-24.2500 (mean, 1 tok)
2026-04-30 16:00:23,082 mme_vla_suite.pseudo_labeling.topreward_qwen_scorer INFO: Prefix 3/8 (end=39, n_frames=8/40): reward=-24.3750 (mean, 1 tok)
2026-04-30 16:00:27,238 mme_vla_suite.pseudo_labeling.topreward_qwen_scorer INFO: Prefix 4/8 (end=53, n_frames=11/54): reward=-22.8750 (mean, 1 tok)
2026-04-30 16:00:31,409 mme_vla_suite.pseudo_labeling.topreward_qwen_scorer INFO: Prefix 5/8 (end=67, n_frames=14/68): reward=-22.5000 (mean, 1 tok)
2026-04-30 16:00:35,612 mme_vla_suite.pseudo_labeling.topreward_qwen_scorer INFO: Prefix 6/8 (end=81, n_frames=16/82): reward=-23.0000 (mean, 1 tok)
2026-04-30 16:00:39,858 mme_vla_suite.pseudo_labeling.topreward_qwen_scorer INFO: Prefix 7/8 (end=95, n_frames=19/96): reward=-19.0000 (mean, 1 tok)
2026-04-30 16:00:44,173 mme_vla_suite.pseudo_labeling.topreward_qwen_scorer INFO: Prefix 8/8 (end=109, n_frames=22/110): reward=-19.5000 (mean, 1 tok)
2026-04-30 16:00:49,145 mme_vla_suite.pseudo_labeling.topreward_qwen_scorer INFO: Prefix 1/8 (end=5, n_frames=4/6): reward=-19.5000 (mean, 1 tok)
2026-04-30 16:00:53,332 mme_vla_suite.pseudo_labeling.topreward_qwen_scorer INFO: Prefix 2/8 (end=11, n_frames=4/12): reward=-19.5000 (mean, 1 tok)
2026-04-30 16:00:57,467 mme_vla_suite.pseudo_labeling.topreward_qwen_scorer INFO: Prefix 3/8 (end=17, n_frames=4/18): reward=-20.2500 (mean, 1 tok)
2026-04-30 16:01:01,601 mme_vla_suite.pseudo_labeling.topreward_qwen_scorer INFO: Prefix 4/8 (end=23, n_frames=5/24): reward=-21.0000 (mean, 1 tok)
2026-04-30 16:01:05,750 mme_vla_suite.pseudo_labeling.topreward_qwen_scorer INFO: Prefix 5/8 (end=30, n_frames=6/31): reward=-20.6250 (mean, 1 tok)
2026-04-30 16:01:09,897 mme_vla_suite.pseudo_labeling.topreward_qwen_scorer INFO: Prefix 6/8 (end=36, n_frames=7/37): reward=-21.0000 (mean, 1 tok)
2026-04-30 16:01:14,052 mme_vla_suite.pseudo_labeling.topreward_qwen_scorer INFO: Prefix 7/8 (end=42, n_frames=9/43): reward=-18.6250 (mean, 1 tok)
2026-04-30 16:01:18,219 mme_vla_suite.pseudo_labeling.topreward_qwen_scorer INFO: Prefix 8/8 (end=49, n_frames=10/50): reward=-19.0000 (mean, 1 tok)
2026-04-30 16:01:23,276 mme_vla_suite.pseudo_labeling.topreward_qwen_scorer INFO: Prefix 1/8 (end=10, n_frames=4/11): reward=-23.8750 (mean, 1 tok)
2026-04-30 16:01:27,433 mme_vla_suite.pseudo_labeling.topreward_qwen_scorer INFO: Prefix 2/8 (end=23, n_frames=5/24): reward=-23.5000 (mean, 1 tok)
2026-04-30 16:01:31,587 mme_vla_suite.pseudo_labeling.topreward_qwen_scorer INFO: Prefix 3/8 (end=36, n_frames=7/37): reward=-23.5000 (mean, 1 tok)
2026-04-30 16:01:35,749 mme_vla_suite.pseudo_labeling.topreward_qwen_scorer INFO: Prefix 4/8 (end=49, n_frames=10/50): reward=-22.5000 (mean, 1 tok)
2026-04-30 16:01:39,926 mme_vla_suite.pseudo_labeling.topreward_qwen_scorer INFO: Prefix 5/8 (end=63, n_frames=13/64): reward=-24.6250 (mean, 1 tok)
2026-04-30 16:01:44,095 mme_vla_suite.pseudo_labeling.topreward_qwen_scorer INFO: Prefix 6/8 (end=76, n_frames=15/77): reward=-23.3750 (mean, 1 tok)
2026-04-30 16:01:48,288 mme_vla_suite.pseudo_labeling.topreward_qwen_scorer INFO: Prefix 7/8 (end=89, n_frames=18/90): reward=-24.6250 (mean, 1 tok)
2026-04-30 16:01:52,505 mme_vla_suite.pseudo_labeling.topreward_qwen_scorer INFO: Prefix 8/8 (end=103, n_frames=21/104): reward=-18.5000 (mean, 1 tok)
2026-04-30 16:01:57,297 mme_vla_suite.pseudo_labeling.topreward_qwen_scorer INFO: Prefix 1/8 (end=11, n_frames=4/12): reward=-24.0000 (mean, 1 tok)
2026-04-30 16:02:01,446 mme_vla_suite.pseudo_labeling.topreward_qwen_scorer INFO: Prefix 2/8 (end=25, n_frames=5/26): reward=-23.2500 (mean, 1 tok)
2026-04-30 16:02:05,598 mme_vla_suite.pseudo_labeling.topreward_qwen_scorer INFO: Prefix 3/8 (end=39, n_frames=8/40): reward=-23.1250 (mean, 1 tok)
2026-04-30 16:02:09,771 mme_vla_suite.pseudo_labeling.topreward_qwen_scorer INFO: Prefix 4/8 (end=54, n_frames=11/55): reward=-23.2500 (mean, 1 tok)
2026-04-30 16:02:13,965 mme_vla_suite.pseudo_labeling.topreward_qwen_scorer INFO: Prefix 5/8 (end=68, n_frames=14/69): reward=-24.3750 (mean, 1 tok)
2026-04-30 16:02:18,143 mme_vla_suite.pseudo_labeling.topreward_qwen_scorer INFO: Prefix 6/8 (end=83, n_frames=17/84): reward=-24.3750 (mean, 1 tok)
2026-04-30 16:02:22,331 mme_vla_suite.pseudo_labeling.topreward_qwen_scorer INFO: Prefix 7/8 (end=97, n_frames=20/98): reward=-24.6250 (mean, 1 tok)
2026-04-30 16:02:26,576 mme_vla_suite.pseudo_labeling.topreward_qwen_scorer INFO: Prefix 8/8 (end=112, n_frames=23/113): reward=-18.6250 (mean, 1 tok)
2026-04-30 16:02:31,785 mme_vla_suite.pseudo_labeling.topreward_qwen_scorer INFO: Prefix 1/8 (end=9, n_frames=4/10): reward=-24.2500 (mean, 1 tok)
2026-04-30 16:02:35,937 mme_vla_suite.pseudo_labeling.topreward_qwen_scorer INFO: Prefix 2/8 (end=21, n_frames=4/22): reward=-24.2500 (mean, 1 tok)
2026-04-30 16:02:40,099 mme_vla_suite.pseudo_labeling.topreward_qwen_scorer INFO: Prefix 3/8 (end=33, n_frames=7/34): reward=-24.1250 (mean, 1 tok)
2026-04-30 16:02:44,254 mme_vla_suite.pseudo_labeling.topreward_qwen_scorer INFO: Prefix 4/8 (end=45, n_frames=9/46): reward=-22.5000 (mean, 1 tok)
2026-04-30 16:02:48,435 mme_vla_suite.pseudo_labeling.topreward_qwen_scorer INFO: Prefix 5/8 (end=57, n_frames=12/58): reward=-22.2500 (mean, 1 tok)
2026-04-30 16:02:52,623 mme_vla_suite.pseudo_labeling.topreward_qwen_scorer INFO: Prefix 6/8 (end=69, n_frames=14/70): reward=-23.5000 (mean, 1 tok)
2026-04-30 16:02:56,828 mme_vla_suite.pseudo_labeling.topreward_qwen_scorer INFO: Prefix 7/8 (end=81, n_frames=16/82): reward=-23.7500 (mean, 1 tok)
2026-04-30 16:03:01,055 mme_vla_suite.pseudo_labeling.topreward_qwen_scorer INFO: Prefix 8/8 (end=94, n_frames=19/95): reward=-20.2500 (mean, 1 tok)
2026-04-30 16:03:05,900 mme_vla_suite.pseudo_labeling.topreward_qwen_scorer INFO: Prefix 1/8 (end=10, n_frames=4/11): reward=-24.2500 (mean, 1 tok)
2026-04-30 16:03:10,040 mme_vla_suite.pseudo_labeling.topreward_qwen_scorer INFO: Prefix 2/8 (end=23, n_frames=5/24): reward=-24.0000 (mean, 1 tok)
2026-04-30 16:03:14,196 mme_vla_suite.pseudo_labeling.topreward_qwen_scorer INFO: Prefix 3/8 (end=36, n_frames=7/37): reward=-22.7500 (mean, 1 tok)
2026-04-30 16:03:18,352 mme_vla_suite.pseudo_labeling.topreward_qwen_scorer INFO: Prefix 4/8 (end=49, n_frames=10/50): reward=-22.2500 (mean, 1 tok)
2026-04-30 16:03:22,531 mme_vla_suite.pseudo_labeling.topreward_qwen_scorer INFO: Prefix 5/8 (end=62, n_frames=13/63): reward=-23.3750 (mean, 1 tok)
2026-04-30 16:03:26,750 mme_vla_suite.pseudo_labeling.topreward_qwen_scorer INFO: Prefix 6/8 (end=75, n_frames=15/76): reward=-23.6250 (mean, 1 tok)
2026-04-30 16:03:30,965 mme_vla_suite.pseudo_labeling.topreward_qwen_scorer INFO: Prefix 7/8 (end=88, n_frames=18/89): reward=-23.1250 (mean, 1 tok)
2026-04-30 16:03:35,197 mme_vla_suite.pseudo_labeling.topreward_qwen_scorer INFO: Prefix 8/8 (end=101, n_frames=20/102): reward=-20.0000 (mean, 1 tok)
2026-04-30 16:03:40,110 mme_vla_suite.pseudo_labeling.topreward_qwen_scorer INFO: Prefix 1/8 (end=10, n_frames=4/11): reward=-23.3750 (mean, 1 tok)
2026-04-30 16:03:44,248 mme_vla_suite.pseudo_labeling.topreward_qwen_scorer INFO: Prefix 2/8 (end=22, n_frames=5/23): reward=-23.5000 (mean, 1 tok)
2026-04-30 16:03:48,398 mme_vla_suite.pseudo_labeling.topreward_qwen_scorer INFO: Prefix 3/8 (end=35, n_frames=7/36): reward=-21.2500 (mean, 1 tok)
2026-04-30 16:03:52,554 mme_vla_suite.pseudo_labeling.topreward_qwen_scorer INFO: Prefix 4/8 (end=48, n_frames=10/49): reward=-21.5000 (mean, 1 tok)
2026-04-30 16:03:56,737 mme_vla_suite.pseudo_labeling.topreward_qwen_scorer INFO: Prefix 5/8 (end=60, n_frames=12/61): reward=-21.7500 (mean, 1 tok)
2026-04-30 16:04:00,943 mme_vla_suite.pseudo_labeling.topreward_qwen_scorer INFO: Prefix 6/8 (end=73, n_frames=15/74): reward=-22.2500 (mean, 1 tok)
2026-04-30 16:04:05,163 mme_vla_suite.pseudo_labeling.topreward_qwen_scorer INFO: Prefix 7/8 (end=86, n_frames=17/87): reward=-21.6250 (mean, 1 tok)
2026-04-30 16:04:09,397 mme_vla_suite.pseudo_labeling.topreward_qwen_scorer INFO: Prefix 8/8 (end=99, n_frames=20/100): reward=-18.3750 (mean, 1 tok)
2026-04-30 16:04:14,242 mme_vla_suite.pseudo_labeling.topreward_qwen_scorer INFO: Prefix 1/8 (end=11, n_frames=4/12): reward=-23.3750 (mean, 1 tok)
2026-04-30 16:04:18,403 mme_vla_suite.pseudo_labeling.topreward_qwen_scorer INFO: Prefix 2/8 (end=25, n_frames=5/26): reward=-23.5000 (mean, 1 tok)
2026-04-30 16:04:22,574 mme_vla_suite.pseudo_labeling.topreward_qwen_scorer INFO: Prefix 3/8 (end=39, n_frames=8/40): reward=-21.6250 (mean, 1 tok)
2026-04-30 16:04:26,750 mme_vla_suite.pseudo_labeling.topreward_qwen_scorer INFO: Prefix 4/8 (end=53, n_frames=11/54): reward=-21.6250 (mean, 1 tok)
2026-04-30 16:04:30,937 mme_vla_suite.pseudo_labeling.topreward_qwen_scorer INFO: Prefix 5/8 (end=67, n_frames=14/68): reward=-23.0000 (mean, 1 tok)
2026-04-30 16:04:35,147 mme_vla_suite.pseudo_labeling.topreward_qwen_scorer INFO: Prefix 6/8 (end=81, n_frames=16/82): reward=-22.2500 (mean, 1 tok)
2026-04-30 16:04:39,377 mme_vla_suite.pseudo_labeling.topreward_qwen_scorer INFO: Prefix 7/8 (end=95, n_frames=19/96): reward=-20.3750 (mean, 1 tok)
2026-04-30 16:04:43,612 mme_vla_suite.pseudo_labeling.topreward_qwen_scorer INFO: Prefix 8/8 (end=110, n_frames=22/111): reward=-18.1250 (mean, 1 tok)
2026-04-30 16:04:48,634 mme_vla_suite.pseudo_labeling.topreward_qwen_scorer INFO: Prefix 1/8 (end=11, n_frames=4/12): reward=-23.7500 (mean, 1 tok)
2026-04-30 16:04:52,803 mme_vla_suite.pseudo_labeling.topreward_qwen_scorer INFO: Prefix 2/8 (end=25, n_frames=5/26): reward=-23.8750 (mean, 1 tok)
2026-04-30 16:04:56,956 mme_vla_suite.pseudo_labeling.topreward_qwen_scorer INFO: Prefix 3/8 (end=39, n_frames=8/40): reward=-24.0000 (mean, 1 tok)
2026-04-30 16:05:01,132 mme_vla_suite.pseudo_labeling.topreward_qwen_scorer INFO: Prefix 4/8 (end=53, n_frames=11/54): reward=-22.8750 (mean, 1 tok)
2026-04-30 16:05:05,299 mme_vla_suite.pseudo_labeling.topreward_qwen_scorer INFO: Prefix 5/8 (end=67, n_frames=14/68): reward=-23.5000 (mean, 1 tok)
2026-04-30 16:05:09,475 mme_vla_suite.pseudo_labeling.topreward_qwen_scorer INFO: Prefix 6/8 (end=81, n_frames=16/82): reward=-22.8750 (mean, 1 tok)
2026-04-30 16:05:13,690 mme_vla_suite.pseudo_labeling.topreward_qwen_scorer INFO: Prefix 7/8 (end=95, n_frames=19/96): reward=-23.0000 (mean, 1 tok)
2026-04-30 16:05:17,916 mme_vla_suite.pseudo_labeling.topreward_qwen_scorer INFO: Prefix 8/8 (end=109, n_frames=22/110): reward=-18.6250 (mean, 1 tok)
2026-04-30 16:05:22,618 mme_vla_suite.pseudo_labeling.topreward_qwen_scorer INFO: Prefix 1/8 (end=12, n_frames=4/13): reward=-23.7500 (mean, 1 tok)
2026-04-30 16:05:26,767 mme_vla_suite.pseudo_labeling.topreward_qwen_scorer INFO: Prefix 2/8 (end=27, n_frames=6/28): reward=-23.8750 (mean, 1 tok)
2026-04-30 16:05:30,918 mme_vla_suite.pseudo_labeling.topreward_qwen_scorer INFO: Prefix 3/8 (end=43, n_frames=9/44): reward=-23.8750 (mean, 1 tok)
2026-04-30 16:05:35,086 mme_vla_suite.pseudo_labeling.topreward_qwen_scorer INFO: Prefix 4/8 (end=58, n_frames=12/59): reward=-23.1250 (mean, 1 tok)
2026-04-30 16:05:39,262 mme_vla_suite.pseudo_labeling.topreward_qwen_scorer INFO: Prefix 5/8 (end=74, n_frames=15/75): reward=-22.7500 (mean, 1 tok)
2026-04-30 16:05:43,438 mme_vla_suite.pseudo_labeling.topreward_qwen_scorer INFO: Prefix 6/8 (end=89, n_frames=18/90): reward=-23.1250 (mean, 1 tok)
2026-04-30 16:05:47,638 mme_vla_suite.pseudo_labeling.topreward_qwen_scorer INFO: Prefix 7/8 (end=105, n_frames=21/106): reward=-17.7500 (mean, 1 tok)
2026-04-30 16:05:51,874 mme_vla_suite.pseudo_labeling.topreward_qwen_scorer INFO: Prefix 8/8 (end=121, n_frames=24/122): reward=-19.8750 (mean, 1 tok)
2026-04-30 16:05:56,829 mme_vla_suite.pseudo_labeling.topreward_qwen_scorer INFO: Prefix 1/8 (end=10, n_frames=4/11): reward=-24.2500 (mean, 1 tok)
2026-04-30 16:06:00,998 mme_vla_suite.pseudo_labeling.topreward_qwen_scorer INFO: Prefix 2/8 (end=23, n_frames=5/24): reward=-24.2500 (mean, 1 tok)
2026-04-30 16:06:05,153 mme_vla_suite.pseudo_labeling.topreward_qwen_scorer INFO: Prefix 3/8 (end=36, n_frames=7/37): reward=-23.0000 (mean, 1 tok)
2026-04-30 16:06:09,314 mme_vla_suite.pseudo_labeling.topreward_qwen_scorer INFO: Prefix 4/8 (end=49, n_frames=10/50): reward=-22.1250 (mean, 1 tok)
2026-04-30 16:06:13,521 mme_vla_suite.pseudo_labeling.topreward_qwen_scorer INFO: Prefix 5/8 (end=63, n_frames=13/64): reward=-24.3750 (mean, 1 tok)
2026-04-30 16:06:17,690 mme_vla_suite.pseudo_labeling.topreward_qwen_scorer INFO: Prefix 6/8 (end=76, n_frames=15/77): reward=-23.1250 (mean, 1 tok)
2026-04-30 16:06:21,881 mme_vla_suite.pseudo_labeling.topreward_qwen_scorer INFO: Prefix 7/8 (end=89, n_frames=18/90): reward=-22.7500 (mean, 1 tok)
2026-04-30 16:06:26,095 mme_vla_suite.pseudo_labeling.topreward_qwen_scorer INFO: Prefix 8/8 (end=103, n_frames=21/104): reward=-18.2500 (mean, 1 tok)
2026-04-30 16:06:31,009 mme_vla_suite.pseudo_labeling.topreward_qwen_scorer INFO: Prefix 1/8 (end=5, n_frames=4/6): reward=-22.2500 (mean, 1 tok)
2026-04-30 16:06:35,156 mme_vla_suite.pseudo_labeling.topreward_qwen_scorer INFO: Prefix 2/8 (end=11, n_frames=4/12): reward=-21.8750 (mean, 1 tok)
2026-04-30 16:06:39,295 mme_vla_suite.pseudo_labeling.topreward_qwen_scorer INFO: Prefix 3/8 (end=18, n_frames=4/19): reward=-22.3750 (mean, 1 tok)
2026-04-30 16:06:43,431 mme_vla_suite.pseudo_labeling.topreward_qwen_scorer INFO: Prefix 4/8 (end=24, n_frames=5/25): reward=-21.1250 (mean, 1 tok)
2026-04-30 16:06:47,560 mme_vla_suite.pseudo_labeling.topreward_qwen_scorer INFO: Prefix 5/8 (end=31, n_frames=6/32): reward=-20.8750 (mean, 1 tok)
2026-04-30 16:06:51,715 mme_vla_suite.pseudo_labeling.topreward_qwen_scorer INFO: Prefix 6/8 (end=37, n_frames=8/38): reward=-21.6250 (mean, 1 tok)
2026-04-30 16:06:55,868 mme_vla_suite.pseudo_labeling.topreward_qwen_scorer INFO: Prefix 7/8 (end=44, n_frames=9/45): reward=-20.2500 (mean, 1 tok)
2026-04-30 16:07:00,016 mme_vla_suite.pseudo_labeling.topreward_qwen_scorer INFO: Prefix 8/8 (end=51, n_frames=10/52): reward=-20.6250 (mean, 1 tok)
2026-04-30 16:07:04,995 mme_vla_suite.pseudo_labeling.topreward_qwen_scorer INFO: Prefix 1/8 (end=10, n_frames=4/11): reward=-24.8750 (mean, 1 tok)
2026-04-30 16:07:09,159 mme_vla_suite.pseudo_labeling.topreward_qwen_scorer INFO: Prefix 2/8 (end=22, n_frames=5/23): reward=-24.5000 (mean, 1 tok)
2026-04-30 16:07:13,323 mme_vla_suite.pseudo_labeling.topreward_qwen_scorer INFO: Prefix 3/8 (end=35, n_frames=7/36): reward=-24.8750 (mean, 1 tok)
2026-04-30 16:07:17,504 mme_vla_suite.pseudo_labeling.topreward_qwen_scorer INFO: Prefix 4/8 (end=48, n_frames=10/49): reward=-23.8750 (mean, 1 tok)
2026-04-30 16:07:21,669 mme_vla_suite.pseudo_labeling.topreward_qwen_scorer INFO: Prefix 5/8 (end=60, n_frames=12/61): reward=-24.3750 (mean, 1 tok)
2026-04-30 16:07:25,850 mme_vla_suite.pseudo_labeling.topreward_qwen_scorer INFO: Prefix 6/8 (end=73, n_frames=15/74): reward=-25.2500 (mean, 1 tok)
2026-04-30 16:07:30,040 mme_vla_suite.pseudo_labeling.topreward_qwen_scorer INFO: Prefix 7/8 (end=86, n_frames=17/87): reward=-25.3750 (mean, 1 tok)
2026-04-30 16:07:34,246 mme_vla_suite.pseudo_labeling.topreward_qwen_scorer INFO: Prefix 8/8 (end=99, n_frames=20/100): reward=-20.1250 (mean, 1 tok)
2026-04-30 16:07:39,118 mme_vla_suite.pseudo_labeling.topreward_qwen_scorer INFO: Prefix 1/8 (end=10, n_frames=4/11): reward=-24.8750 (mean, 1 tok)
2026-04-30 16:07:43,261 mme_vla_suite.pseudo_labeling.topreward_qwen_scorer INFO: Prefix 2/8 (end=23, n_frames=5/24): reward=-24.6250 (mean, 1 tok)
2026-04-30 16:07:47,408 mme_vla_suite.pseudo_labeling.topreward_qwen_scorer INFO: Prefix 3/8 (end=37, n_frames=8/38): reward=-24.8750 (mean, 1 tok)
2026-04-30 16:07:51,562 mme_vla_suite.pseudo_labeling.topreward_qwen_scorer INFO: Prefix 4/8 (end=51, n_frames=10/52): reward=-23.8750 (mean, 1 tok)
2026-04-30 16:07:55,728 mme_vla_suite.pseudo_labeling.topreward_qwen_scorer INFO: Prefix 5/8 (end=65, n_frames=13/66): reward=-24.8750 (mean, 1 tok)
2026-04-30 16:07:59,964 mme_vla_suite.pseudo_labeling.topreward_qwen_scorer INFO: Prefix 6/8 (end=79, n_frames=16/80): reward=-25.5000 (mean, 1 tok)
2026-04-30 16:08:04,177 mme_vla_suite.pseudo_labeling.topreward_qwen_scorer INFO: Prefix 7/8 (end=93, n_frames=19/94): reward=-25.6250 (mean, 1 tok)
2026-04-30 16:08:08,447 mme_vla_suite.pseudo_labeling.topreward_qwen_scorer INFO: Prefix 8/8 (end=107, n_frames=22/108): reward=-20.3750 (mean, 1 tok)
2026-04-30 16:08:13,731 mme_vla_suite.pseudo_labeling.topreward_qwen_scorer INFO: Prefix 1/8 (end=9, n_frames=4/10): reward=-24.0000 (mean, 1 tok)
2026-04-30 16:08:17,896 mme_vla_suite.pseudo_labeling.topreward_qwen_scorer INFO: Prefix 2/8 (end=20, n_frames=4/21): reward=-24.0000 (mean, 1 tok)
2026-04-30 16:08:22,053 mme_vla_suite.pseudo_labeling.topreward_qwen_scorer INFO: Prefix 3/8 (end=32, n_frames=7/33): reward=-23.0000 (mean, 1 tok)
2026-04-30 16:08:26,220 mme_vla_suite.pseudo_labeling.topreward_qwen_scorer INFO: Prefix 4/8 (end=44, n_frames=9/45): reward=-22.6250 (mean, 1 tok)
2026-04-30 16:08:30,370 mme_vla_suite.pseudo_labeling.topreward_qwen_scorer INFO: Prefix 5/8 (end=56, n_frames=11/57): reward=-22.5000 (mean, 1 tok)
2026-04-30 16:08:34,537 mme_vla_suite.pseudo_labeling.topreward_qwen_scorer INFO: Prefix 6/8 (end=68, n_frames=14/69): reward=-22.3750 (mean, 1 tok)
2026-04-30 16:08:38,709 mme_vla_suite.pseudo_labeling.topreward_qwen_scorer INFO: Prefix 7/8 (end=80, n_frames=16/81): reward=-23.1250 (mean, 1 tok)
2026-04-30 16:08:42,931 mme_vla_suite.pseudo_labeling.topreward_qwen_scorer INFO: Prefix 8/8 (end=92, n_frames=19/93): reward=-20.3750 (mean, 1 tok)
2026-04-30 16:08:47,768 mme_vla_suite.pseudo_labeling.topreward_qwen_scorer INFO: Prefix 1/8 (end=10, n_frames=4/11): reward=-24.0000 (mean, 1 tok)
2026-04-30 16:08:51,932 mme_vla_suite.pseudo_labeling.topreward_qwen_scorer INFO: Prefix 2/8 (end=23, n_frames=5/24): reward=-23.8750 (mean, 1 tok)
2026-04-30 16:08:56,074 mme_vla_suite.pseudo_labeling.topreward_qwen_scorer INFO: Prefix 3/8 (end=36, n_frames=7/37): reward=-22.7500 (mean, 1 tok)
2026-04-30 16:09:00,238 mme_vla_suite.pseudo_labeling.topreward_qwen_scorer INFO: Prefix 4/8 (end=49, n_frames=10/50): reward=-22.7500 (mean, 1 tok)
2026-04-30 16:09:04,401 mme_vla_suite.pseudo_labeling.topreward_qwen_scorer INFO: Prefix 5/8 (end=62, n_frames=13/63): reward=-23.0000 (mean, 1 tok)
2026-04-30 16:09:08,583 mme_vla_suite.pseudo_labeling.topreward_qwen_scorer INFO: Prefix 6/8 (end=75, n_frames=15/76): reward=-23.1250 (mean, 1 tok)
2026-04-30 16:09:12,780 mme_vla_suite.pseudo_labeling.topreward_qwen_scorer INFO: Prefix 7/8 (end=88, n_frames=18/89): reward=-20.0000 (mean, 1 tok)
2026-04-30 16:09:16,999 mme_vla_suite.pseudo_labeling.topreward_qwen_scorer INFO: Prefix 8/8 (end=101, n_frames=20/102): reward=-20.5000 (mean, 1 tok)
2026-04-30 16:09:22,065 mme_vla_suite.pseudo_labeling.topreward_qwen_scorer INFO: Prefix 1/8 (end=11, n_frames=4/12): reward=-24.3750 (mean, 1 tok)
2026-04-30 16:09:26,196 mme_vla_suite.pseudo_labeling.topreward_qwen_scorer INFO: Prefix 2/8 (end=25, n_frames=5/26): reward=-24.0000 (mean, 1 tok)
2026-04-30 16:09:30,353 mme_vla_suite.pseudo_labeling.topreward_qwen_scorer INFO: Prefix 3/8 (end=39, n_frames=8/40): reward=-23.7500 (mean, 1 tok)
2026-04-30 16:09:34,519 mme_vla_suite.pseudo_labeling.topreward_qwen_scorer INFO: Prefix 4/8 (end=53, n_frames=11/54): reward=-23.1250 (mean, 1 tok)
2026-04-30 16:09:38,683 mme_vla_suite.pseudo_labeling.topreward_qwen_scorer INFO: Prefix 5/8 (end=67, n_frames=14/68): reward=-22.6250 (mean, 1 tok)
2026-04-30 16:09:42,857 mme_vla_suite.pseudo_labeling.topreward_qwen_scorer INFO: Prefix 6/8 (end=81, n_frames=16/82): reward=-21.2500 (mean, 1 tok)
2026-04-30 16:09:47,073 mme_vla_suite.pseudo_labeling.topreward_qwen_scorer INFO: Prefix 7/8 (end=95, n_frames=19/96): reward=-21.7500 (mean, 1 tok)
2026-04-30 16:09:51,311 mme_vla_suite.pseudo_labeling.topreward_qwen_scorer INFO: Prefix 8/8 (end=110, n_frames=22/111): reward=-18.8750 (mean, 1 tok)
2026-04-30 16:09:56,189 mme_vla_suite.pseudo_labeling.topreward_qwen_scorer INFO: Prefix 1/8 (end=12, n_frames=4/13): reward=-24.3750 (mean, 1 tok)
2026-04-30 16:10:00,330 mme_vla_suite.pseudo_labeling.topreward_qwen_scorer INFO: Prefix 2/8 (end=27, n_frames=6/28): reward=-24.0000 (mean, 1 tok)
2026-04-30 16:10:04,480 mme_vla_suite.pseudo_labeling.topreward_qwen_scorer INFO: Prefix 3/8 (end=43, n_frames=9/44): reward=-23.7500 (mean, 1 tok)
2026-04-30 16:10:08,644 mme_vla_suite.pseudo_labeling.topreward_qwen_scorer INFO: Prefix 4/8 (end=59, n_frames=12/60): reward=-23.1250 (mean, 1 tok)
2026-04-30 16:10:12,810 mme_vla_suite.pseudo_labeling.topreward_qwen_scorer INFO: Prefix 5/8 (end=75, n_frames=15/76): reward=-21.7500 (mean, 1 tok)
2026-04-30 16:10:17,030 mme_vla_suite.pseudo_labeling.topreward_qwen_scorer INFO: Prefix 6/8 (end=91, n_frames=18/92): reward=-21.3750 (mean, 1 tok)
2026-04-30 16:10:21,264 mme_vla_suite.pseudo_labeling.topreward_qwen_scorer INFO: Prefix 7/8 (end=107, n_frames=22/108): reward=-18.2500 (mean, 1 tok)
2026-04-30 16:10:25,526 mme_vla_suite.pseudo_labeling.topreward_qwen_scorer INFO: Prefix 8/8 (end=123, n_frames=25/124): reward=-19.2500 (mean, 1 tok)
2026-04-30 16:10:30,392 mme_vla_suite.pseudo_labeling.topreward_qwen_scorer INFO: Prefix 1/8 (end=9, n_frames=4/10): reward=-23.5000 (mean, 1 tok)
2026-04-30 16:10:34,544 mme_vla_suite.pseudo_labeling.topreward_qwen_scorer INFO: Prefix 2/8 (end=21, n_frames=4/22): reward=-23.5000 (mean, 1 tok)
2026-04-30 16:10:38,699 mme_vla_suite.pseudo_labeling.topreward_qwen_scorer INFO: Prefix 3/8 (end=34, n_frames=7/35): reward=-22.6250 (mean, 1 tok)
2026-04-30 16:10:42,838 mme_vla_suite.pseudo_labeling.topreward_qwen_scorer INFO: Prefix 4/8 (end=47, n_frames=10/48): reward=-22.1250 (mean, 1 tok)
2026-04-30 16:10:46,989 mme_vla_suite.pseudo_labeling.topreward_qwen_scorer INFO: Prefix 5/8 (end=59, n_frames=12/60): reward=-22.5000 (mean, 1 tok)
2026-04-30 16:10:51,233 mme_vla_suite.pseudo_labeling.topreward_qwen_scorer INFO: Prefix 6/8 (end=72, n_frames=15/73): reward=-23.0000 (mean, 1 tok)
2026-04-30 16:10:55,547 mme_vla_suite.pseudo_labeling.topreward_qwen_scorer INFO: Prefix 7/8 (end=85, n_frames=17/86): reward=-22.2500 (mean, 1 tok)
2026-04-30 16:10:59,816 mme_vla_suite.pseudo_labeling.topreward_qwen_scorer INFO: Prefix 8/8 (end=98, n_frames=20/99): reward=-18.8750 (mean, 1 tok)
2026-04-30 16:11:04,657 mme_vla_suite.pseudo_labeling.topreward_qwen_scorer INFO: Prefix 1/8 (end=11, n_frames=4/12): reward=-23.5000 (mean, 1 tok)
2026-04-30 16:11:08,806 mme_vla_suite.pseudo_labeling.topreward_qwen_scorer INFO: Prefix 2/8 (end=25, n_frames=5/26): reward=-23.5000 (mean, 1 tok)
2026-04-30 16:11:12,958 mme_vla_suite.pseudo_labeling.topreward_qwen_scorer INFO: Prefix 3/8 (end=39, n_frames=8/40): reward=-21.8750 (mean, 1 tok)
2026-04-30 16:11:17,213 mme_vla_suite.pseudo_labeling.topreward_qwen_scorer INFO: Prefix 4/8 (end=53, n_frames=11/54): reward=-21.8750 (mean, 1 tok)
2026-04-30 16:11:21,377 mme_vla_suite.pseudo_labeling.topreward_qwen_scorer INFO: Prefix 5/8 (end=67, n_frames=14/68): reward=-22.8750 (mean, 1 tok)
2026-04-30 16:11:25,572 mme_vla_suite.pseudo_labeling.topreward_qwen_scorer INFO: Prefix 6/8 (end=81, n_frames=16/82): reward=-22.5000 (mean, 1 tok)
2026-04-30 16:11:29,800 mme_vla_suite.pseudo_labeling.topreward_qwen_scorer INFO: Prefix 7/8 (end=95, n_frames=19/96): reward=-17.5000 (mean, 1 tok)
2026-04-30 16:11:34,032 mme_vla_suite.pseudo_labeling.topreward_qwen_scorer INFO: Prefix 8/8 (end=109, n_frames=22/110): reward=-18.1250 (mean, 1 tok)
2026-04-30 16:11:39,045 mme_vla_suite.pseudo_labeling.topreward_qwen_scorer INFO: Prefix 1/8 (end=10, n_frames=4/11): reward=-24.1250 (mean, 1 tok)
2026-04-30 16:11:43,184 mme_vla_suite.pseudo_labeling.topreward_qwen_scorer INFO: Prefix 2/8 (end=24, n_frames=5/25): reward=-24.0000 (mean, 1 tok)
2026-04-30 16:11:47,352 mme_vla_suite.pseudo_labeling.topreward_qwen_scorer INFO: Prefix 3/8 (end=38, n_frames=8/39): reward=-23.5000 (mean, 1 tok)
2026-04-30 16:11:51,520 mme_vla_suite.pseudo_labeling.topreward_qwen_scorer INFO: Prefix 4/8 (end=52, n_frames=11/53): reward=-22.3750 (mean, 1 tok)
2026-04-30 16:11:55,695 mme_vla_suite.pseudo_labeling.topreward_qwen_scorer INFO: Prefix 5/8 (end=66, n_frames=13/67): reward=-22.3750 (mean, 1 tok)
2026-04-30 16:11:59,902 mme_vla_suite.pseudo_labeling.topreward_qwen_scorer INFO: Prefix 6/8 (end=80, n_frames=16/81): reward=-22.7500 (mean, 1 tok)
2026-04-30 16:12:04,125 mme_vla_suite.pseudo_labeling.topreward_qwen_scorer INFO: Prefix 7/8 (end=94, n_frames=19/95): reward=-18.5000 (mean, 1 tok)
2026-04-30 16:12:08,340 mme_vla_suite.pseudo_labeling.topreward_qwen_scorer INFO: Prefix 8/8 (end=108, n_frames=22/109): reward=-19.5000 (mean, 1 tok)
2026-04-30 16:12:13,127 mme_vla_suite.pseudo_labeling.topreward_qwen_scorer INFO: Prefix 1/8 (end=5, n_frames=4/6): reward=-18.7500 (mean, 1 tok)
2026-04-30 16:12:17,279 mme_vla_suite.pseudo_labeling.topreward_qwen_scorer INFO: Prefix 2/8 (end=11, n_frames=4/12): reward=-18.6250 (mean, 1 tok)
2026-04-30 16:12:21,412 mme_vla_suite.pseudo_labeling.topreward_qwen_scorer INFO: Prefix 3/8 (end=18, n_frames=4/19): reward=-18.5000 (mean, 1 tok)
2026-04-30 16:12:25,560 mme_vla_suite.pseudo_labeling.topreward_qwen_scorer INFO: Prefix 4/8 (end=24, n_frames=5/25): reward=-18.7500 (mean, 1 tok)
2026-04-30 16:12:29,706 mme_vla_suite.pseudo_labeling.topreward_qwen_scorer INFO: Prefix 5/8 (end=31, n_frames=6/32): reward=-17.2500 (mean, 1 tok)
2026-04-30 16:12:33,860 mme_vla_suite.pseudo_labeling.topreward_qwen_scorer INFO: Prefix 6/8 (end=37, n_frames=8/38): reward=-19.1250 (mean, 1 tok)
2026-04-30 16:12:38,018 mme_vla_suite.pseudo_labeling.topreward_qwen_scorer INFO: Prefix 7/8 (end=44, n_frames=9/45): reward=-17.6250 (mean, 1 tok)
2026-04-30 16:12:42,170 mme_vla_suite.pseudo_labeling.topreward_qwen_scorer INFO: Prefix 8/8 (end=51, n_frames=10/52): reward=-17.5000 (mean, 1 tok)
2026-04-30 16:12:47,353 mme_vla_suite.pseudo_labeling.topreward_qwen_scorer INFO: Prefix 1/8 (end=9, n_frames=4/10): reward=-23.7500 (mean, 1 tok)
2026-04-30 16:12:51,492 mme_vla_suite.pseudo_labeling.topreward_qwen_scorer INFO: Prefix 2/8 (end=21, n_frames=4/22): reward=-23.1250 (mean, 1 tok)
2026-04-30 16:12:55,660 mme_vla_suite.pseudo_labeling.topreward_qwen_scorer INFO: Prefix 3/8 (end=33, n_frames=7/34): reward=-22.3750 (mean, 1 tok)
2026-04-30 16:12:59,821 mme_vla_suite.pseudo_labeling.topreward_qwen_scorer INFO: Prefix 4/8 (end=46, n_frames=9/47): reward=-21.2500 (mean, 1 tok)
2026-04-30 16:13:03,973 mme_vla_suite.pseudo_labeling.topreward_qwen_scorer INFO: Prefix 5/8 (end=58, n_frames=12/59): reward=-21.8750 (mean, 1 tok)
2026-04-30 16:13:08,144 mme_vla_suite.pseudo_labeling.topreward_qwen_scorer INFO: Prefix 6/8 (end=71, n_frames=14/72): reward=-21.8750 (mean, 1 tok)
2026-04-30 16:13:12,354 mme_vla_suite.pseudo_labeling.topreward_qwen_scorer INFO: Prefix 7/8 (end=83, n_frames=17/84): reward=-22.2500 (mean, 1 tok)
2026-04-30 16:13:16,591 mme_vla_suite.pseudo_labeling.topreward_qwen_scorer INFO: Prefix 8/8 (end=96, n_frames=19/97): reward=-18.5000 (mean, 1 tok)
2026-04-30 16:13:21,450 mme_vla_suite.pseudo_labeling.topreward_qwen_scorer INFO: Prefix 1/8 (end=10, n_frames=4/11): reward=-23.3750 (mean, 1 tok)
2026-04-30 16:13:25,595 mme_vla_suite.pseudo_labeling.topreward_qwen_scorer INFO: Prefix 2/8 (end=23, n_frames=5/24): reward=-22.6250 (mean, 1 tok)
2026-04-30 16:13:29,869 mme_vla_suite.pseudo_labeling.topreward_qwen_scorer INFO: Prefix 3/8 (end=37, n_frames=8/38): reward=-22.3750 (mean, 1 tok)
2026-04-30 16:13:34,043 mme_vla_suite.pseudo_labeling.topreward_qwen_scorer INFO: Prefix 4/8 (end=51, n_frames=10/52): reward=-21.3750 (mean, 1 tok)
2026-04-30 16:13:38,336 mme_vla_suite.pseudo_labeling.topreward_qwen_scorer INFO: Prefix 5/8 (end=65, n_frames=13/66): reward=-21.1250 (mean, 1 tok)
2026-04-30 16:13:42,535 mme_vla_suite.pseudo_labeling.topreward_qwen_scorer INFO: Prefix 6/8 (end=79, n_frames=16/80): reward=-22.0000 (mean, 1 tok)
2026-04-30 16:13:46,791 mme_vla_suite.pseudo_labeling.topreward_qwen_scorer INFO: Prefix 7/8 (end=93, n_frames=19/94): reward=-18.5000 (mean, 1 tok)
2026-04-30 16:13:51,030 mme_vla_suite.pseudo_labeling.topreward_qwen_scorer INFO: Prefix 8/8 (end=107, n_frames=22/108): reward=-19.0000 (mean, 1 tok)
2026-04-30 16:13:56,184 mme_vla_suite.pseudo_labeling.topreward_qwen_scorer INFO: Prefix 1/8 (end=10, n_frames=4/11): reward=-23.7500 (mean, 1 tok)
2026-04-30 16:14:00,338 mme_vla_suite.pseudo_labeling.topreward_qwen_scorer INFO: Prefix 2/8 (end=23, n_frames=5/24): reward=-23.6250 (mean, 1 tok)
2026-04-30 16:14:04,477 mme_vla_suite.pseudo_labeling.topreward_qwen_scorer INFO: Prefix 3/8 (end=37, n_frames=8/38): reward=-23.8750 (mean, 1 tok)
2026-04-30 16:14:08,633 mme_vla_suite.pseudo_labeling.topreward_qwen_scorer INFO: Prefix 4/8 (end=51, n_frames=10/52): reward=-22.7500 (mean, 1 tok)
2026-04-30 16:14:12,807 mme_vla_suite.pseudo_labeling.topreward_qwen_scorer INFO: Prefix 5/8 (end=64, n_frames=13/65): reward=-23.8750 (mean, 1 tok)
2026-04-30 16:14:17,001 mme_vla_suite.pseudo_labeling.topreward_qwen_scorer INFO: Prefix 6/8 (end=78, n_frames=16/79): reward=-23.6250 (mean, 1 tok)
2026-04-30 16:14:21,228 mme_vla_suite.pseudo_labeling.topreward_qwen_scorer INFO: Prefix 7/8 (end=92, n_frames=19/93): reward=-23.5000 (mean, 1 tok)
2026-04-30 16:14:25,468 mme_vla_suite.pseudo_labeling.topreward_qwen_scorer INFO: Prefix 8/8 (end=106, n_frames=21/107): reward=-20.2500 (mean, 1 tok)
2026-04-30 16:14:30,316 mme_vla_suite.pseudo_labeling.topreward_qwen_scorer INFO: Prefix 1/8 (end=11, n_frames=4/12): reward=-23.7500 (mean, 1 tok)
2026-04-30 16:14:34,479 mme_vla_suite.pseudo_labeling.topreward_qwen_scorer INFO: Prefix 2/8 (end=26, n_frames=5/27): reward=-23.6250 (mean, 1 tok)
2026-04-30 16:14:38,645 mme_vla_suite.pseudo_labeling.topreward_qwen_scorer INFO: Prefix 3/8 (end=41, n_frames=8/42): reward=-23.0000 (mean, 1 tok)
2026-04-30 16:14:42,823 mme_vla_suite.pseudo_labeling.topreward_qwen_scorer INFO: Prefix 4/8 (end=56, n_frames=11/57): reward=-22.6250 (mean, 1 tok)
2026-04-30 16:14:47,043 mme_vla_suite.pseudo_labeling.topreward_qwen_scorer INFO: Prefix 5/8 (end=72, n_frames=15/73): reward=-22.6250 (mean, 1 tok)
2026-04-30 16:14:51,280 mme_vla_suite.pseudo_labeling.topreward_qwen_scorer INFO: Prefix 6/8 (end=87, n_frames=18/88): reward=-23.2500 (mean, 1 tok)
2026-04-30 16:14:55,525 mme_vla_suite.pseudo_labeling.topreward_qwen_scorer INFO: Prefix 7/8 (end=102, n_frames=21/103): reward=-18.5000 (mean, 1 tok)
2026-04-30 16:14:59,779 mme_vla_suite.pseudo_labeling.topreward_qwen_scorer INFO: Prefix 8/8 (end=118, n_frames=24/119): reward=-19.7500 (mean, 1 tok)
2026-04-30 16:15:04,800 mme_vla_suite.pseudo_labeling.topreward_qwen_scorer INFO: Prefix 1/8 (end=10, n_frames=4/11): reward=-23.5000 (mean, 1 tok)
2026-04-30 16:15:08,943 mme_vla_suite.pseudo_labeling.topreward_qwen_scorer INFO: Prefix 2/8 (end=23, n_frames=5/24): reward=-23.5000 (mean, 1 tok)
2026-04-30 16:15:13,085 mme_vla_suite.pseudo_labeling.topreward_qwen_scorer INFO: Prefix 3/8 (end=37, n_frames=8/38): reward=-23.5000 (mean, 1 tok)
2026-04-30 16:15:17,241 mme_vla_suite.pseudo_labeling.topreward_qwen_scorer INFO: Prefix 4/8 (end=51, n_frames=10/52): reward=-22.3750 (mean, 1 tok)
2026-04-30 16:15:21,419 mme_vla_suite.pseudo_labeling.topreward_qwen_scorer INFO: Prefix 5/8 (end=64, n_frames=13/65): reward=-22.1250 (mean, 1 tok)
2026-04-30 16:15:25,611 mme_vla_suite.pseudo_labeling.topreward_qwen_scorer INFO: Prefix 6/8 (end=78, n_frames=16/79): reward=-22.2500 (mean, 1 tok)
2026-04-30 16:15:29,833 mme_vla_suite.pseudo_labeling.topreward_qwen_scorer INFO: Prefix 7/8 (end=92, n_frames=19/93): reward=-22.6250 (mean, 1 tok)
2026-04-30 16:15:34,058 mme_vla_suite.pseudo_labeling.topreward_qwen_scorer INFO: Prefix 8/8 (end=106, n_frames=21/107): reward=-18.3750 (mean, 1 tok)
2026-04-30 16:15:38,932 mme_vla_suite.pseudo_labeling.topreward_qwen_scorer INFO: Prefix 1/8 (end=12, n_frames=4/13): reward=-23.5000 (mean, 1 tok)
2026-04-30 16:15:43,083 mme_vla_suite.pseudo_labeling.topreward_qwen_scorer INFO: Prefix 2/8 (end=27, n_frames=6/28): reward=-23.5000 (mean, 1 tok)
2026-04-30 16:15:47,255 mme_vla_suite.pseudo_labeling.topreward_qwen_scorer INFO: Prefix 3/8 (end=42, n_frames=9/43): reward=-23.3750 (mean, 1 tok)
2026-04-30 16:15:51,424 mme_vla_suite.pseudo_labeling.topreward_qwen_scorer INFO: Prefix 4/8 (end=57, n_frames=12/58): reward=-22.7500 (mean, 1 tok)
2026-04-30 16:15:55,634 mme_vla_suite.pseudo_labeling.topreward_qwen_scorer INFO: Prefix 5/8 (end=73, n_frames=15/74): reward=-22.3750 (mean, 1 tok)
2026-04-30 16:15:59,912 mme_vla_suite.pseudo_labeling.topreward_qwen_scorer INFO: Prefix 6/8 (end=88, n_frames=18/89): reward=-21.7500 (mean, 1 tok)
2026-04-30 16:16:04,206 mme_vla_suite.pseudo_labeling.topreward_qwen_scorer INFO: Prefix 7/8 (end=103, n_frames=21/104): reward=-17.8750 (mean, 1 tok)
2026-04-30 16:16:08,464 mme_vla_suite.pseudo_labeling.topreward_qwen_scorer INFO: Prefix 8/8 (end=119, n_frames=24/120): reward=-19.2500 (mean, 1 tok)
2026-04-30 16:16:13,393 mme_vla_suite.pseudo_labeling.topreward_qwen_scorer INFO: Prefix 1/8 (end=10, n_frames=4/11): reward=-23.7500 (mean, 1 tok)
2026-04-30 16:16:17,563 mme_vla_suite.pseudo_labeling.topreward_qwen_scorer INFO: Prefix 2/8 (end=23, n_frames=5/24): reward=-23.8750 (mean, 1 tok)
2026-04-30 16:16:21,722 mme_vla_suite.pseudo_labeling.topreward_qwen_scorer INFO: Prefix 3/8 (end=36, n_frames=7/37): reward=-23.5000 (mean, 1 tok)
2026-04-30 16:16:25,892 mme_vla_suite.pseudo_labeling.topreward_qwen_scorer INFO: Prefix 4/8 (end=49, n_frames=10/50): reward=-22.8750 (mean, 1 tok)
2026-04-30 16:16:30,078 mme_vla_suite.pseudo_labeling.topreward_qwen_scorer INFO: Prefix 5/8 (end=62, n_frames=13/63): reward=-23.5000 (mean, 1 tok)
2026-04-30 16:16:34,278 mme_vla_suite.pseudo_labeling.topreward_qwen_scorer INFO: Prefix 6/8 (end=75, n_frames=15/76): reward=-23.6250 (mean, 1 tok)
2026-04-30 16:16:38,482 mme_vla_suite.pseudo_labeling.topreward_qwen_scorer INFO: Prefix 7/8 (end=88, n_frames=18/89): reward=-23.1250 (mean, 1 tok)
2026-04-30 16:16:42,691 mme_vla_suite.pseudo_labeling.topreward_qwen_scorer INFO: Prefix 8/8 (end=102, n_frames=21/103): reward=-18.5000 (mean, 1 tok)
2026-04-30 16:16:47,528 mme_vla_suite.pseudo_labeling.topreward_qwen_scorer INFO: Prefix 1/8 (end=11, n_frames=4/12): reward=-23.7500 (mean, 1 tok)
2026-04-30 16:16:51,686 mme_vla_suite.pseudo_labeling.topreward_qwen_scorer INFO: Prefix 2/8 (end=25, n_frames=5/26): reward=-23.8750 (mean, 1 tok)
2026-04-30 16:16:55,857 mme_vla_suite.pseudo_labeling.topreward_qwen_scorer INFO: Prefix 3/8 (end=39, n_frames=8/40): reward=-23.2500 (mean, 1 tok)
2026-04-30 16:17:00,037 mme_vla_suite.pseudo_labeling.topreward_qwen_scorer INFO: Prefix 4/8 (end=53, n_frames=11/54): reward=-22.8750 (mean, 1 tok)
2026-04-30 16:17:04,222 mme_vla_suite.pseudo_labeling.topreward_qwen_scorer INFO: Prefix 5/8 (end=67, n_frames=14/68): reward=-23.7500 (mean, 1 tok)
2026-04-30 16:17:08,435 mme_vla_suite.pseudo_labeling.topreward_qwen_scorer INFO: Prefix 6/8 (end=81, n_frames=16/82): reward=-23.3750 (mean, 1 tok)
2026-04-30 16:17:12,636 mme_vla_suite.pseudo_labeling.topreward_qwen_scorer INFO: Prefix 7/8 (end=95, n_frames=19/96): reward=-24.0000 (mean, 1 tok)
2026-04-30 16:17:16,882 mme_vla_suite.pseudo_labeling.topreward_qwen_scorer INFO: Prefix 8/8 (end=110, n_frames=22/111): reward=-18.5000 (mean, 1 tok)
2026-04-30 16:17:21,725 mme_vla_suite.pseudo_labeling.topreward_qwen_scorer INFO: Prefix 1/8 (end=10, n_frames=4/11): reward=-23.6250 (mean, 1 tok)
2026-04-30 16:17:25,889 mme_vla_suite.pseudo_labeling.topreward_qwen_scorer INFO: Prefix 2/8 (end=23, n_frames=5/24): reward=-23.7500 (mean, 1 tok)
2026-04-30 16:17:30,057 mme_vla_suite.pseudo_labeling.topreward_qwen_scorer INFO: Prefix 3/8 (end=36, n_frames=7/37): reward=-22.1250 (mean, 1 tok)
2026-04-30 16:17:34,233 mme_vla_suite.pseudo_labeling.topreward_qwen_scorer INFO: Prefix 4/8 (end=49, n_frames=10/50): reward=-21.0000 (mean, 1 tok)
2026-04-30 16:17:38,421 mme_vla_suite.pseudo_labeling.topreward_qwen_scorer INFO: Prefix 5/8 (end=63, n_frames=13/64): reward=-21.6250 (mean, 1 tok)
2026-04-30 16:17:42,607 mme_vla_suite.pseudo_labeling.topreward_qwen_scorer INFO: Prefix 6/8 (end=76, n_frames=15/77): reward=-22.5000 (mean, 1 tok)
2026-04-30 16:17:46,805 mme_vla_suite.pseudo_labeling.topreward_qwen_scorer INFO: Prefix 7/8 (end=89, n_frames=18/90): reward=-22.0000 (mean, 1 tok)
2026-04-30 16:17:51,020 mme_vla_suite.pseudo_labeling.topreward_qwen_scorer INFO: Prefix 8/8 (end=103, n_frames=21/104): reward=-18.8750 (mean, 1 tok)
2026-04-30 16:17:55,946 mme_vla_suite.pseudo_labeling.topreward_qwen_scorer INFO: Prefix 1/8 (end=4, n_frames=4/5): reward=-19.3750 (mean, 1 tok)
2026-04-30 16:18:00,088 mme_vla_suite.pseudo_labeling.topreward_qwen_scorer INFO: Prefix 2/8 (end=10, n_frames=4/11): reward=-20.2500 (mean, 1 tok)
2026-04-30 16:18:04,242 mme_vla_suite.pseudo_labeling.topreward_qwen_scorer INFO: Prefix 3/8 (end=16, n_frames=4/17): reward=-22.1250 (mean, 1 tok)
2026-04-30 16:18:08,390 mme_vla_suite.pseudo_labeling.topreward_qwen_scorer INFO: Prefix 4/8 (end=22, n_frames=5/23): reward=-20.2500 (mean, 1 tok)
2026-04-30 16:18:12,559 mme_vla_suite.pseudo_labeling.topreward_qwen_scorer INFO: Prefix 5/8 (end=28, n_frames=6/29): reward=-19.3750 (mean, 1 tok)
2026-04-30 16:18:16,728 mme_vla_suite.pseudo_labeling.topreward_qwen_scorer INFO: Prefix 6/8 (end=34, n_frames=7/35): reward=-18.7500 (mean, 1 tok)
2026-04-30 16:18:20,893 mme_vla_suite.pseudo_labeling.topreward_qwen_scorer INFO: Prefix 7/8 (end=40, n_frames=8/41): reward=-19.5000 (mean, 1 tok)
2026-04-30 16:18:25,057 mme_vla_suite.pseudo_labeling.topreward_qwen_scorer INFO: Prefix 8/8 (end=46, n_frames=9/47): reward=-17.6250 (mean, 1 tok)
2026-04-30 16:18:30,218 mme_vla_suite.pseudo_labeling.topreward_qwen_scorer INFO: Prefix 1/8 (end=9, n_frames=4/10): reward=-24.5000 (mean, 1 tok)
2026-04-30 16:18:34,373 mme_vla_suite.pseudo_labeling.topreward_qwen_scorer INFO: Prefix 2/8 (end=21, n_frames=4/22): reward=-23.5000 (mean, 1 tok)
2026-04-30 16:18:38,543 mme_vla_suite.pseudo_labeling.topreward_qwen_scorer INFO: Prefix 3/8 (end=34, n_frames=7/35): reward=-23.2500 (mean, 1 tok)
2026-04-30 16:18:42,719 mme_vla_suite.pseudo_labeling.topreward_qwen_scorer INFO: Prefix 4/8 (end=46, n_frames=9/47): reward=-23.2500 (mean, 1 tok)
2026-04-30 16:18:46,900 mme_vla_suite.pseudo_labeling.topreward_qwen_scorer INFO: Prefix 5/8 (end=59, n_frames=12/60): reward=-24.1250 (mean, 1 tok)
2026-04-30 16:18:51,066 mme_vla_suite.pseudo_labeling.topreward_qwen_scorer INFO: Prefix 6/8 (end=71, n_frames=14/72): reward=-23.6250 (mean, 1 tok)
2026-04-30 16:18:55,332 mme_vla_suite.pseudo_labeling.topreward_qwen_scorer INFO: Prefix 7/8 (end=84, n_frames=17/85): reward=-22.3750 (mean, 1 tok)
2026-04-30 16:18:59,629 mme_vla_suite.pseudo_labeling.topreward_qwen_scorer INFO: Prefix 8/8 (end=97, n_frames=20/98): reward=-18.2500 (mean, 1 tok)
2026-04-30 16:19:04,324 mme_vla_suite.pseudo_labeling.topreward_qwen_scorer INFO: Prefix 1/8 (end=10, n_frames=4/11): reward=-24.6250 (mean, 1 tok)
2026-04-30 16:19:08,472 mme_vla_suite.pseudo_labeling.topreward_qwen_scorer INFO: Prefix 2/8 (end=23, n_frames=5/24): reward=-23.5000 (mean, 1 tok)
2026-04-30 16:19:12,612 mme_vla_suite.pseudo_labeling.topreward_qwen_scorer INFO: Prefix 3/8 (end=37, n_frames=8/38): reward=-24.5000 (mean, 1 tok)
2026-04-30 16:19:16,774 mme_vla_suite.pseudo_labeling.topreward_qwen_scorer INFO: Prefix 4/8 (end=51, n_frames=10/52): reward=-23.7500 (mean, 1 tok)
2026-04-30 16:19:20,948 mme_vla_suite.pseudo_labeling.topreward_qwen_scorer INFO: Prefix 5/8 (end=64, n_frames=13/65): reward=-23.6250 (mean, 1 tok)
2026-04-30 16:19:25,147 mme_vla_suite.pseudo_labeling.topreward_qwen_scorer INFO: Prefix 6/8 (end=78, n_frames=16/79): reward=-22.8750 (mean, 1 tok)
2026-04-30 16:19:29,359 mme_vla_suite.pseudo_labeling.topreward_qwen_scorer INFO: Prefix 7/8 (end=92, n_frames=19/93): reward=-18.2500 (mean, 1 tok)
2026-04-30 16:19:33,587 mme_vla_suite.pseudo_labeling.topreward_qwen_scorer INFO: Prefix 8/8 (end=106, n_frames=21/107): reward=-19.1250 (mean, 1 tok)
2026-04-30 16:19:38,478 mme_vla_suite.pseudo_labeling.topreward_qwen_scorer INFO: Prefix 1/8 (end=10, n_frames=4/11): reward=-23.7500 (mean, 1 tok)
2026-04-30 16:19:42,629 mme_vla_suite.pseudo_labeling.topreward_qwen_scorer INFO: Prefix 2/8 (end=22, n_frames=5/23): reward=-23.6250 (mean, 1 tok)
2026-04-30 16:19:46,781 mme_vla_suite.pseudo_labeling.topreward_qwen_scorer INFO: Prefix 3/8 (end=35, n_frames=7/36): reward=-23.6250 (mean, 1 tok)
2026-04-30 16:19:50,939 mme_vla_suite.pseudo_labeling.topreward_qwen_scorer INFO: Prefix 4/8 (end=48, n_frames=10/49): reward=-22.5000 (mean, 1 tok)
2026-04-30 16:19:55,101 mme_vla_suite.pseudo_labeling.topreward_qwen_scorer INFO: Prefix 5/8 (end=61, n_frames=12/62): reward=-22.3750 (mean, 1 tok)
2026-04-30 16:19:59,302 mme_vla_suite.pseudo_labeling.topreward_qwen_scorer INFO: Prefix 6/8 (end=74, n_frames=15/75): reward=-22.2500 (mean, 1 tok)
2026-04-30 16:20:03,522 mme_vla_suite.pseudo_labeling.topreward_qwen_scorer INFO: Prefix 7/8 (end=87, n_frames=18/88): reward=-22.5000 (mean, 1 tok)
2026-04-30 16:20:07,745 mme_vla_suite.pseudo_labeling.topreward_qwen_scorer INFO: Prefix 8/8 (end=100, n_frames=20/101): reward=-18.6250 (mean, 1 tok)
2026-04-30 16:20:12,530 mme_vla_suite.pseudo_labeling.topreward_qwen_scorer INFO: Prefix 1/8 (end=11, n_frames=4/12): reward=-23.7500 (mean, 1 tok)
2026-04-30 16:20:16,671 mme_vla_suite.pseudo_labeling.topreward_qwen_scorer INFO: Prefix 2/8 (end=25, n_frames=5/26): reward=-23.6250 (mean, 1 tok)
2026-04-30 16:20:20,823 mme_vla_suite.pseudo_labeling.topreward_qwen_scorer INFO: Prefix 3/8 (end=39, n_frames=8/40): reward=-23.7500 (mean, 1 tok)
2026-04-30 16:20:24,977 mme_vla_suite.pseudo_labeling.topreward_qwen_scorer INFO: Prefix 4/8 (end=53, n_frames=11/54): reward=-22.3750 (mean, 1 tok)
2026-04-30 16:20:29,149 mme_vla_suite.pseudo_labeling.topreward_qwen_scorer INFO: Prefix 5/8 (end=67, n_frames=14/68): reward=-22.1250 (mean, 1 tok)
2026-04-30 16:20:33,331 mme_vla_suite.pseudo_labeling.topreward_qwen_scorer INFO: Prefix 6/8 (end=81, n_frames=16/82): reward=-23.6250 (mean, 1 tok)
2026-04-30 16:20:37,545 mme_vla_suite.pseudo_labeling.topreward_qwen_scorer INFO: Prefix 7/8 (end=95, n_frames=19/96): reward=-19.0000 (mean, 1 tok)
2026-04-30 16:20:41,779 mme_vla_suite.pseudo_labeling.topreward_qwen_scorer INFO: Prefix 8/8 (end=110, n_frames=22/111): reward=-18.5000 (mean, 1 tok)
2026-04-30 16:20:46,675 mme_vla_suite.pseudo_labeling.topreward_qwen_scorer INFO: Prefix 1/8 (end=9, n_frames=4/10): reward=-24.0000 (mean, 1 tok)
2026-04-30 16:20:50,840 mme_vla_suite.pseudo_labeling.topreward_qwen_scorer INFO: Prefix 2/8 (end=21, n_frames=4/22): reward=-24.0000 (mean, 1 tok)
2026-04-30 16:20:54,994 mme_vla_suite.pseudo_labeling.topreward_qwen_scorer INFO: Prefix 3/8 (end=33, n_frames=7/34): reward=-22.7500 (mean, 1 tok)
2026-04-30 16:20:59,163 mme_vla_suite.pseudo_labeling.topreward_qwen_scorer INFO: Prefix 4/8 (end=46, n_frames=9/47): reward=-22.6250 (mean, 1 tok)
2026-04-30 16:21:03,330 mme_vla_suite.pseudo_labeling.topreward_qwen_scorer INFO: Prefix 5/8 (end=58, n_frames=12/59): reward=-22.8750 (mean, 1 tok)
2026-04-30 16:21:07,511 mme_vla_suite.pseudo_labeling.topreward_qwen_scorer INFO: Prefix 6/8 (end=71, n_frames=14/72): reward=-22.8750 (mean, 1 tok)
2026-04-30 16:21:11,765 mme_vla_suite.pseudo_labeling.topreward_qwen_scorer INFO: Prefix 7/8 (end=83, n_frames=17/84): reward=-22.1250 (mean, 1 tok)
2026-04-30 16:21:15,989 mme_vla_suite.pseudo_labeling.topreward_qwen_scorer INFO: Prefix 8/8 (end=96, n_frames=19/97): reward=-18.5000 (mean, 1 tok)
2026-04-30 16:21:20,747 mme_vla_suite.pseudo_labeling.topreward_qwen_scorer INFO: Prefix 1/8 (end=10, n_frames=4/11): reward=-24.0000 (mean, 1 tok)
2026-04-30 16:21:24,906 mme_vla_suite.pseudo_labeling.topreward_qwen_scorer INFO: Prefix 2/8 (end=23, n_frames=5/24): reward=-23.8750 (mean, 1 tok)
2026-04-30 16:21:29,056 mme_vla_suite.pseudo_labeling.topreward_qwen_scorer INFO: Prefix 3/8 (end=37, n_frames=8/38): reward=-22.5000 (mean, 1 tok)
2026-04-30 16:21:33,208 mme_vla_suite.pseudo_labeling.topreward_qwen_scorer INFO: Prefix 4/8 (end=51, n_frames=10/52): reward=-22.8750 (mean, 1 tok)
2026-04-30 16:21:37,378 mme_vla_suite.pseudo_labeling.topreward_qwen_scorer INFO: Prefix 5/8 (end=65, n_frames=13/66): reward=-23.1250 (mean, 1 tok)
2026-04-30 16:21:41,556 mme_vla_suite.pseudo_labeling.topreward_qwen_scorer INFO: Prefix 6/8 (end=79, n_frames=16/80): reward=-23.1250 (mean, 1 tok)
2026-04-30 16:21:45,766 mme_vla_suite.pseudo_labeling.topreward_qwen_scorer INFO: Prefix 7/8 (end=93, n_frames=19/94): reward=-19.0000 (mean, 1 tok)
2026-04-30 16:21:50,016 mme_vla_suite.pseudo_labeling.topreward_qwen_scorer INFO: Prefix 8/8 (end=107, n_frames=22/108): reward=-19.2500 (mean, 1 tok)
2026-04-30 16:21:55,113 mme_vla_suite.pseudo_labeling.topreward_qwen_scorer INFO: Prefix 1/8 (end=9, n_frames=4/10): reward=-23.8750 (mean, 1 tok)
2026-04-30 16:21:59,283 mme_vla_suite.pseudo_labeling.topreward_qwen_scorer INFO: Prefix 2/8 (end=20, n_frames=4/21): reward=-23.8750 (mean, 1 tok)
2026-04-30 16:22:03,441 mme_vla_suite.pseudo_labeling.topreward_qwen_scorer INFO: Prefix 3/8 (end=32, n_frames=7/33): reward=-23.0000 (mean, 1 tok)
2026-04-30 16:22:07,628 mme_vla_suite.pseudo_labeling.topreward_qwen_scorer INFO: Prefix 4/8 (end=44, n_frames=9/45): reward=-22.3750 (mean, 1 tok)
2026-04-30 16:22:11,821 mme_vla_suite.pseudo_labeling.topreward_qwen_scorer INFO: Prefix 5/8 (end=56, n_frames=11/57): reward=-23.1250 (mean, 1 tok)
2026-04-30 16:22:15,995 mme_vla_suite.pseudo_labeling.topreward_qwen_scorer INFO: Prefix 6/8 (end=68, n_frames=14/69): reward=-23.6250 (mean, 1 tok)
2026-04-30 16:22:20,177 mme_vla_suite.pseudo_labeling.topreward_qwen_scorer INFO: Prefix 7/8 (end=80, n_frames=16/81): reward=-23.3750 (mean, 1 tok)
2026-04-30 16:22:24,372 mme_vla_suite.pseudo_labeling.topreward_qwen_scorer INFO: Prefix 8/8 (end=92, n_frames=19/93): reward=-20.3750 (mean, 1 tok)
2026-04-30 16:22:29,430 mme_vla_suite.pseudo_labeling.topreward_qwen_scorer INFO: Prefix 1/8 (end=10, n_frames=4/11): reward=-23.8750 (mean, 1 tok)
2026-04-30 16:22:33,579 mme_vla_suite.pseudo_labeling.topreward_qwen_scorer INFO: Prefix 2/8 (end=23, n_frames=5/24): reward=-23.6250 (mean, 1 tok)
2026-04-30 16:22:37,740 mme_vla_suite.pseudo_labeling.topreward_qwen_scorer INFO: Prefix 3/8 (end=36, n_frames=7/37): reward=-22.5000 (mean, 1 tok)
2026-04-30 16:22:41,904 mme_vla_suite.pseudo_labeling.topreward_qwen_scorer INFO: Prefix 4/8 (end=49, n_frames=10/50): reward=-21.7500 (mean, 1 tok)
2026-04-30 16:22:46,086 mme_vla_suite.pseudo_labeling.topreward_qwen_scorer INFO: Prefix 5/8 (end=62, n_frames=13/63): reward=-23.6250 (mean, 1 tok)
2026-04-30 16:22:50,277 mme_vla_suite.pseudo_labeling.topreward_qwen_scorer INFO: Prefix 6/8 (end=75, n_frames=15/76): reward=-23.0000 (mean, 1 tok)
2026-04-30 16:22:54,515 mme_vla_suite.pseudo_labeling.topreward_qwen_scorer INFO: Prefix 7/8 (end=88, n_frames=18/89): reward=-18.6250 (mean, 1 tok)
2026-04-30 16:22:58,761 mme_vla_suite.pseudo_labeling.topreward_qwen_scorer INFO: Prefix 8/8 (end=102, n_frames=21/103): reward=-20.2500 (mean, 1 tok)
2026-04-30 16:23:03,860 mme_vla_suite.pseudo_labeling.topreward_qwen_scorer INFO: Prefix 1/8 (end=9, n_frames=4/10): reward=-24.3750 (mean, 1 tok)
2026-04-30 16:23:08,006 mme_vla_suite.pseudo_labeling.topreward_qwen_scorer INFO: Prefix 2/8 (end=21, n_frames=4/22): reward=-24.3750 (mean, 1 tok)
2026-04-30 16:23:12,169 mme_vla_suite.pseudo_labeling.topreward_qwen_scorer INFO: Prefix 3/8 (end=34, n_frames=7/35): reward=-24.0000 (mean, 1 tok)
2026-04-30 16:23:16,332 mme_vla_suite.pseudo_labeling.topreward_qwen_scorer INFO: Prefix 4/8 (end=47, n_frames=10/48): reward=-23.2500 (mean, 1 tok)
2026-04-30 16:23:20,503 mme_vla_suite.pseudo_labeling.topreward_qwen_scorer INFO: Prefix 5/8 (end=59, n_frames=12/60): reward=-23.6250 (mean, 1 tok)
2026-04-30 16:23:24,687 mme_vla_suite.pseudo_labeling.topreward_qwen_scorer INFO: Prefix 6/8 (end=72, n_frames=15/73): reward=-24.8750 (mean, 1 tok)
2026-04-30 16:23:28,899 mme_vla_suite.pseudo_labeling.topreward_qwen_scorer INFO: Prefix 7/8 (end=85, n_frames=17/86): reward=-25.1250 (mean, 1 tok)
2026-04-30 16:23:33,113 mme_vla_suite.pseudo_labeling.topreward_qwen_scorer INFO: Prefix 8/8 (end=98, n_frames=20/99): reward=-20.0000 (mean, 1 tok)
2026-04-30 16:23:38,015 mme_vla_suite.pseudo_labeling.topreward_qwen_scorer INFO: Prefix 1/8 (end=4, n_frames=4/5): reward=-21.7500 (mean, 1 tok)
2026-04-30 16:23:42,147 mme_vla_suite.pseudo_labeling.topreward_qwen_scorer INFO: Prefix 2/8 (end=10, n_frames=4/11): reward=-21.5000 (mean, 1 tok)
2026-04-30 16:23:46,285 mme_vla_suite.pseudo_labeling.topreward_qwen_scorer INFO: Prefix 3/8 (end=16, n_frames=4/17): reward=-22.3750 (mean, 1 tok)
2026-04-30 16:23:50,427 mme_vla_suite.pseudo_labeling.topreward_qwen_scorer INFO: Prefix 4/8 (end=22, n_frames=5/23): reward=-21.6250 (mean, 1 tok)
2026-04-30 16:23:54,574 mme_vla_suite.pseudo_labeling.topreward_qwen_scorer INFO: Prefix 5/8 (end=28, n_frames=6/29): reward=-21.8750 (mean, 1 tok)
2026-04-30 16:23:58,724 mme_vla_suite.pseudo_labeling.topreward_qwen_scorer INFO: Prefix 6/8 (end=34, n_frames=7/35): reward=-21.2500 (mean, 1 tok)
2026-04-30 16:24:02,877 mme_vla_suite.pseudo_labeling.topreward_qwen_scorer INFO: Prefix 7/8 (end=40, n_frames=8/41): reward=-21.7500 (mean, 1 tok)
2026-04-30 16:24:07,027 mme_vla_suite.pseudo_labeling.topreward_qwen_scorer INFO: Prefix 8/8 (end=47, n_frames=10/48): reward=-20.8750 (mean, 1 tok)
2026-04-30 16:24:12,055 mme_vla_suite.pseudo_labeling.topreward_qwen_scorer INFO: Prefix 1/8 (end=8, n_frames=4/9): reward=-25.3750 (mean, 1 tok)
2026-04-30 16:24:16,188 mme_vla_suite.pseudo_labeling.topreward_qwen_scorer INFO: Prefix 2/8 (end=19, n_frames=4/20): reward=-25.1250 (mean, 1 tok)
2026-04-30 16:24:20,324 mme_vla_suite.pseudo_labeling.topreward_qwen_scorer INFO: Prefix 3/8 (end=30, n_frames=6/31): reward=-24.2500 (mean, 1 tok)
2026-04-30 16:24:24,474 mme_vla_suite.pseudo_labeling.topreward_qwen_scorer INFO: Prefix 4/8 (end=41, n_frames=8/42): reward=-24.8750 (mean, 1 tok)
2026-04-30 16:24:28,639 mme_vla_suite.pseudo_labeling.topreward_qwen_scorer INFO: Prefix 5/8 (end=53, n_frames=11/54): reward=-24.2500 (mean, 1 tok)
2026-04-30 16:24:32,807 mme_vla_suite.pseudo_labeling.topreward_qwen_scorer INFO: Prefix 6/8 (end=64, n_frames=13/65): reward=-23.7500 (mean, 1 tok)
2026-04-30 16:24:36,994 mme_vla_suite.pseudo_labeling.topreward_qwen_scorer INFO: Prefix 7/8 (end=75, n_frames=15/76): reward=-24.7500 (mean, 1 tok)
2026-04-30 16:24:41,210 mme_vla_suite.pseudo_labeling.topreward_qwen_scorer INFO: Prefix 8/8 (end=87, n_frames=18/88): reward=-20.6250 (mean, 1 tok)
2026-04-30 16:24:46,083 mme_vla_suite.pseudo_labeling.topreward_qwen_scorer INFO: Prefix 1/8 (end=9, n_frames=4/10): reward=-25.6250 (mean, 1 tok)
2026-04-30 16:24:50,219 mme_vla_suite.pseudo_labeling.topreward_qwen_scorer INFO: Prefix 2/8 (end=21, n_frames=4/22): reward=-25.2500 (mean, 1 tok)
2026-04-30 16:24:54,364 mme_vla_suite.pseudo_labeling.topreward_qwen_scorer INFO: Prefix 3/8 (end=33, n_frames=7/34): reward=-24.6250 (mean, 1 tok)
2026-04-30 16:24:58,529 mme_vla_suite.pseudo_labeling.topreward_qwen_scorer INFO: Prefix 4/8 (end=45, n_frames=9/46): reward=-24.8750 (mean, 1 tok)
2026-04-30 16:25:02,700 mme_vla_suite.pseudo_labeling.topreward_qwen_scorer INFO: Prefix 5/8 (end=58, n_frames=12/59): reward=-24.1250 (mean, 1 tok)
2026-04-30 16:25:06,871 mme_vla_suite.pseudo_labeling.topreward_qwen_scorer INFO: Prefix 6/8 (end=70, n_frames=14/71): reward=-24.5000 (mean, 1 tok)
2026-04-30 16:25:11,052 mme_vla_suite.pseudo_labeling.topreward_qwen_scorer INFO: Prefix 7/8 (end=82, n_frames=17/83): reward=-18.7500 (mean, 1 tok)
2026-04-30 16:25:15,259 mme_vla_suite.pseudo_labeling.topreward_qwen_scorer INFO: Prefix 8/8 (end=95, n_frames=19/96): reward=-20.7500 (mean, 1 tok)
