/coc/testnvme/shalbe3/miniconda/envs/robomme/lib/python3.11/site-packages/torch/cuda/__init__.py:63: FutureWarning: The pynvml package is deprecated. Please install nvidia-ml-py instead. If you did not install pynvml directly, please report this to the maintainers of the package that installed pynvml for you.
  import pynvml  # type: ignore[import]
`torch_dtype` is deprecated! Use `dtype` instead!
You are attempting to use Flash Attention 2 without specifying a torch dtype. This might lead to unexpected behaviour
2026-04-30 14:03:40,047 mme_vla_suite.pseudo_labeling.topreward_qwen_scorer WARNING: flash_attention_2 unavailable (/coc/testnvme/shalbe3/miniconda/envs/robomme/lib/python3.11/site-packages/flash_attn_2_cuda.cpython-311-x86_64-linux-gnu.so: undefined symbol: _ZNK3c106SymInt6sym_neERKS0_), using default attention
Loading checkpoint shards:   0%|          | 0/4 [00:00<?, ?it/s]Loading checkpoint shards:  25%|██▌       | 1/4 [00:09<00:29,  9.93s/it]Loading checkpoint shards:  50%|█████     | 2/4 [00:18<00:18,  9.36s/it]Loading checkpoint shards:  75%|███████▌  | 3/4 [00:27<00:09,  9.15s/it]Loading checkpoint shards: 100%|██████████| 4/4 [00:32<00:00,  7.46s/it]Loading checkpoint shards: 100%|██████████| 4/4 [00:32<00:00,  8.17s/it]
Asked to sample `fps` frames per second but no video metadata was provided which is required when sampling with `fps`. Defaulting to `fps=24`. Please provide `video_metadata` for more accurate results.
2026-04-30 14:04:23,262 mme_vla_suite.pseudo_labeling.topreward_qwen_scorer INFO: Prefix 1/8 (end=19, n_frames=4/20): reward=-19.2500 (mean, 1 tok)
2026-04-30 14:04:30,216 mme_vla_suite.pseudo_labeling.topreward_qwen_scorer INFO: Prefix 2/8 (end=43, n_frames=9/44): reward=-19.3750 (mean, 1 tok)
2026-04-30 14:04:37,222 mme_vla_suite.pseudo_labeling.topreward_qwen_scorer INFO: Prefix 3/8 (end=67, n_frames=14/68): reward=-15.5000 (mean, 1 tok)
2026-04-30 14:04:44,235 mme_vla_suite.pseudo_labeling.topreward_qwen_scorer INFO: Prefix 4/8 (end=92, n_frames=19/93): reward=-15.5000 (mean, 1 tok)
2026-04-30 14:04:51,315 mme_vla_suite.pseudo_labeling.topreward_qwen_scorer INFO: Prefix 5/8 (end=116, n_frames=23/117): reward=-16.0000 (mean, 1 tok)
2026-04-30 14:04:58,445 mme_vla_suite.pseudo_labeling.topreward_qwen_scorer INFO: Prefix 6/8 (end=141, n_frames=28/142): reward=-14.7500 (mean, 1 tok)
2026-04-30 14:05:05,598 mme_vla_suite.pseudo_labeling.topreward_qwen_scorer INFO: Prefix 7/8 (end=165, n_frames=33/166): reward=-13.7500 (mean, 1 tok)
2026-04-30 14:05:12,806 mme_vla_suite.pseudo_labeling.topreward_qwen_scorer INFO: Prefix 8/8 (end=190, n_frames=38/191): reward=-13.3750 (mean, 1 tok)
2026-04-30 14:05:20,674 mme_vla_suite.pseudo_labeling.topreward_qwen_scorer INFO: Prefix 1/8 (end=4, n_frames=4/5): reward=-20.3750 (mean, 1 tok)
2026-04-30 14:05:27,561 mme_vla_suite.pseudo_labeling.topreward_qwen_scorer INFO: Prefix 2/8 (end=7, n_frames=4/8): reward=-19.8750 (mean, 1 tok)
2026-04-30 14:05:34,472 mme_vla_suite.pseudo_labeling.topreward_qwen_scorer INFO: Prefix 3/8 (end=10, n_frames=4/11): reward=-19.8750 (mean, 1 tok)
2026-04-30 14:05:41,404 mme_vla_suite.pseudo_labeling.topreward_qwen_scorer INFO: Prefix 4/8 (end=13, n_frames=4/14): reward=-19.1250 (mean, 1 tok)
2026-04-30 14:05:48,332 mme_vla_suite.pseudo_labeling.topreward_qwen_scorer INFO: Prefix 5/8 (end=16, n_frames=4/17): reward=-19.5000 (mean, 1 tok)
2026-04-30 14:05:55,264 mme_vla_suite.pseudo_labeling.topreward_qwen_scorer INFO: Prefix 6/8 (end=19, n_frames=4/20): reward=-19.0000 (mean, 1 tok)
2026-04-30 14:06:02,143 mme_vla_suite.pseudo_labeling.topreward_qwen_scorer INFO: Prefix 7/8 (end=22, n_frames=5/23): reward=-18.7500 (mean, 1 tok)
2026-04-30 14:06:09,085 mme_vla_suite.pseudo_labeling.topreward_qwen_scorer INFO: Prefix 8/8 (end=25, n_frames=5/26): reward=-20.0000 (mean, 1 tok)
2026-04-30 14:06:16,989 mme_vla_suite.pseudo_labeling.topreward_qwen_scorer INFO: Prefix 1/8 (end=4, n_frames=4/5): reward=-19.3750 (mean, 1 tok)
2026-04-30 14:06:23,830 mme_vla_suite.pseudo_labeling.topreward_qwen_scorer INFO: Prefix 2/8 (end=9, n_frames=4/10): reward=-18.8750 (mean, 1 tok)
2026-04-30 14:06:30,657 mme_vla_suite.pseudo_labeling.topreward_qwen_scorer INFO: Prefix 3/8 (end=14, n_frames=4/15): reward=-19.1250 (mean, 1 tok)
2026-04-30 14:06:37,482 mme_vla_suite.pseudo_labeling.topreward_qwen_scorer INFO: Prefix 4/8 (end=19, n_frames=4/20): reward=-17.0000 (mean, 1 tok)
2026-04-30 14:06:44,317 mme_vla_suite.pseudo_labeling.topreward_qwen_scorer INFO: Prefix 5/8 (end=25, n_frames=5/26): reward=-17.3750 (mean, 1 tok)
2026-04-30 14:06:51,160 mme_vla_suite.pseudo_labeling.topreward_qwen_scorer INFO: Prefix 6/8 (end=30, n_frames=6/31): reward=-18.1250 (mean, 1 tok)
2026-04-30 14:06:57,996 mme_vla_suite.pseudo_labeling.topreward_qwen_scorer INFO: Prefix 7/8 (end=35, n_frames=7/36): reward=-18.6250 (mean, 1 tok)
2026-04-30 14:07:04,850 mme_vla_suite.pseudo_labeling.topreward_qwen_scorer INFO: Prefix 8/8 (end=41, n_frames=8/42): reward=-18.5000 (mean, 1 tok)
2026-04-30 14:07:12,655 mme_vla_suite.pseudo_labeling.topreward_qwen_scorer INFO: Prefix 1/8 (end=4, n_frames=4/5): reward=-20.7500 (mean, 1 tok)
2026-04-30 14:07:19,486 mme_vla_suite.pseudo_labeling.topreward_qwen_scorer INFO: Prefix 2/8 (end=9, n_frames=4/10): reward=-20.1250 (mean, 1 tok)
2026-04-30 14:07:26,331 mme_vla_suite.pseudo_labeling.topreward_qwen_scorer INFO: Prefix 3/8 (end=14, n_frames=4/15): reward=-19.8750 (mean, 1 tok)
2026-04-30 14:07:33,168 mme_vla_suite.pseudo_labeling.topreward_qwen_scorer INFO: Prefix 4/8 (end=20, n_frames=4/21): reward=-19.1250 (mean, 1 tok)
2026-04-30 14:07:39,998 mme_vla_suite.pseudo_labeling.topreward_qwen_scorer INFO: Prefix 5/8 (end=25, n_frames=5/26): reward=-19.6250 (mean, 1 tok)
2026-04-30 14:07:46,853 mme_vla_suite.pseudo_labeling.topreward_qwen_scorer INFO: Prefix 6/8 (end=31, n_frames=6/32): reward=-19.0000 (mean, 1 tok)
2026-04-30 14:07:53,695 mme_vla_suite.pseudo_labeling.topreward_qwen_scorer INFO: Prefix 7/8 (end=36, n_frames=7/37): reward=-19.3750 (mean, 1 tok)
2026-04-30 14:08:00,564 mme_vla_suite.pseudo_labeling.topreward_qwen_scorer INFO: Prefix 8/8 (end=42, n_frames=9/43): reward=-19.2500 (mean, 1 tok)
2026-04-30 14:08:08,410 mme_vla_suite.pseudo_labeling.topreward_qwen_scorer INFO: Prefix 1/8 (end=4, n_frames=4/5): reward=-20.2500 (mean, 1 tok)
2026-04-30 14:08:15,347 mme_vla_suite.pseudo_labeling.topreward_qwen_scorer INFO: Prefix 2/8 (end=9, n_frames=4/10): reward=-19.5000 (mean, 1 tok)
2026-04-30 14:08:22,295 mme_vla_suite.pseudo_labeling.topreward_qwen_scorer INFO: Prefix 3/8 (end=14, n_frames=4/15): reward=-19.7500 (mean, 1 tok)
2026-04-30 14:08:29,239 mme_vla_suite.pseudo_labeling.topreward_qwen_scorer INFO: Prefix 4/8 (end=19, n_frames=4/20): reward=-18.1250 (mean, 1 tok)
2026-04-30 14:08:36,079 mme_vla_suite.pseudo_labeling.topreward_qwen_scorer INFO: Prefix 5/8 (end=25, n_frames=5/26): reward=-18.5000 (mean, 1 tok)
2026-04-30 14:08:43,008 mme_vla_suite.pseudo_labeling.topreward_qwen_scorer INFO: Prefix 6/8 (end=30, n_frames=6/31): reward=-19.0000 (mean, 1 tok)
2026-04-30 14:08:49,953 mme_vla_suite.pseudo_labeling.topreward_qwen_scorer INFO: Prefix 7/8 (end=35, n_frames=7/36): reward=-18.5000 (mean, 1 tok)
2026-04-30 14:08:56,810 mme_vla_suite.pseudo_labeling.topreward_qwen_scorer INFO: Prefix 8/8 (end=41, n_frames=8/42): reward=-19.0000 (mean, 1 tok)
2026-04-30 14:09:04,794 mme_vla_suite.pseudo_labeling.topreward_qwen_scorer INFO: Prefix 1/8 (end=4, n_frames=4/5): reward=-20.0000 (mean, 1 tok)
2026-04-30 14:09:11,602 mme_vla_suite.pseudo_labeling.topreward_qwen_scorer INFO: Prefix 2/8 (end=8, n_frames=4/9): reward=-19.6250 (mean, 1 tok)
2026-04-30 14:09:18,432 mme_vla_suite.pseudo_labeling.topreward_qwen_scorer INFO: Prefix 3/8 (end=12, n_frames=4/13): reward=-19.3750 (mean, 1 tok)
2026-04-30 14:09:25,240 mme_vla_suite.pseudo_labeling.topreward_qwen_scorer INFO: Prefix 4/8 (end=16, n_frames=4/17): reward=-19.8750 (mean, 1 tok)
2026-04-30 14:09:32,065 mme_vla_suite.pseudo_labeling.topreward_qwen_scorer INFO: Prefix 5/8 (end=21, n_frames=4/22): reward=-19.1250 (mean, 1 tok)
2026-04-30 14:09:38,905 mme_vla_suite.pseudo_labeling.topreward_qwen_scorer INFO: Prefix 6/8 (end=25, n_frames=5/26): reward=-19.2500 (mean, 1 tok)
2026-04-30 14:09:45,753 mme_vla_suite.pseudo_labeling.topreward_qwen_scorer INFO: Prefix 7/8 (end=29, n_frames=6/30): reward=-20.0000 (mean, 1 tok)
2026-04-30 14:09:52,594 mme_vla_suite.pseudo_labeling.topreward_qwen_scorer INFO: Prefix 8/8 (end=34, n_frames=7/35): reward=-18.5000 (mean, 1 tok)
2026-04-30 14:10:00,467 mme_vla_suite.pseudo_labeling.topreward_qwen_scorer INFO: Prefix 1/8 (end=6, n_frames=4/7): reward=-20.2500 (mean, 1 tok)
2026-04-30 14:10:07,319 mme_vla_suite.pseudo_labeling.topreward_qwen_scorer INFO: Prefix 2/8 (end=14, n_frames=4/15): reward=-20.2500 (mean, 1 tok)
2026-04-30 14:10:14,174 mme_vla_suite.pseudo_labeling.topreward_qwen_scorer INFO: Prefix 3/8 (end=22, n_frames=5/23): reward=-19.6250 (mean, 1 tok)
2026-04-30 14:10:21,138 mme_vla_suite.pseudo_labeling.topreward_qwen_scorer INFO: Prefix 4/8 (end=31, n_frames=6/32): reward=-20.3750 (mean, 1 tok)
2026-04-30 14:10:27,997 mme_vla_suite.pseudo_labeling.topreward_qwen_scorer INFO: Prefix 5/8 (end=39, n_frames=8/40): reward=-19.5000 (mean, 1 tok)
2026-04-30 14:10:34,860 mme_vla_suite.pseudo_labeling.topreward_qwen_scorer INFO: Prefix 6/8 (end=48, n_frames=10/49): reward=-19.1250 (mean, 1 tok)
2026-04-30 14:10:41,737 mme_vla_suite.pseudo_labeling.topreward_qwen_scorer INFO: Prefix 7/8 (end=56, n_frames=11/57): reward=-19.2500 (mean, 1 tok)
2026-04-30 14:10:48,617 mme_vla_suite.pseudo_labeling.topreward_qwen_scorer INFO: Prefix 8/8 (end=65, n_frames=13/66): reward=-19.2500 (mean, 1 tok)
2026-04-30 14:10:56,866 mme_vla_suite.pseudo_labeling.topreward_qwen_scorer INFO: Prefix 1/8 (end=10, n_frames=4/11): reward=-20.3750 (mean, 1 tok)
2026-04-30 14:11:03,771 mme_vla_suite.pseudo_labeling.topreward_qwen_scorer INFO: Prefix 2/8 (end=23, n_frames=5/24): reward=-20.2500 (mean, 1 tok)
2026-04-30 14:11:10,607 mme_vla_suite.pseudo_labeling.topreward_qwen_scorer INFO: Prefix 3/8 (end=36, n_frames=7/37): reward=-19.6250 (mean, 1 tok)
2026-04-30 14:11:17,469 mme_vla_suite.pseudo_labeling.topreward_qwen_scorer INFO: Prefix 4/8 (end=49, n_frames=10/50): reward=-19.1250 (mean, 1 tok)
2026-04-30 14:11:24,357 mme_vla_suite.pseudo_labeling.topreward_qwen_scorer INFO: Prefix 5/8 (end=62, n_frames=13/63): reward=-19.0000 (mean, 1 tok)
2026-04-30 14:11:31,236 mme_vla_suite.pseudo_labeling.topreward_qwen_scorer INFO: Prefix 6/8 (end=75, n_frames=15/76): reward=-20.7500 (mean, 1 tok)
2026-04-30 14:11:38,111 mme_vla_suite.pseudo_labeling.topreward_qwen_scorer INFO: Prefix 7/8 (end=88, n_frames=18/89): reward=-19.1250 (mean, 1 tok)
2026-04-30 14:11:45,036 mme_vla_suite.pseudo_labeling.topreward_qwen_scorer INFO: Prefix 8/8 (end=102, n_frames=21/103): reward=-19.8750 (mean, 1 tok)
2026-04-30 14:11:53,389 mme_vla_suite.pseudo_labeling.topreward_qwen_scorer INFO: Prefix 1/8 (end=16, n_frames=4/17): reward=-21.3750 (mean, 1 tok)
2026-04-30 14:12:00,265 mme_vla_suite.pseudo_labeling.topreward_qwen_scorer INFO: Prefix 2/8 (end=37, n_frames=8/38): reward=-22.5000 (mean, 1 tok)
2026-04-30 14:12:07,157 mme_vla_suite.pseudo_labeling.topreward_qwen_scorer INFO: Prefix 3/8 (end=59, n_frames=12/60): reward=-15.8750 (mean, 1 tok)
2026-04-30 14:12:14,081 mme_vla_suite.pseudo_labeling.topreward_qwen_scorer INFO: Prefix 4/8 (end=81, n_frames=16/82): reward=-16.0000 (mean, 1 tok)
2026-04-30 14:12:21,052 mme_vla_suite.pseudo_labeling.topreward_qwen_scorer INFO: Prefix 5/8 (end=102, n_frames=21/103): reward=-16.1250 (mean, 1 tok)
2026-04-30 14:12:28,029 mme_vla_suite.pseudo_labeling.topreward_qwen_scorer INFO: Prefix 6/8 (end=124, n_frames=25/125): reward=-16.0000 (mean, 1 tok)
2026-04-30 14:12:35,074 mme_vla_suite.pseudo_labeling.topreward_qwen_scorer INFO: Prefix 7/8 (end=146, n_frames=29/147): reward=-14.6250 (mean, 1 tok)
2026-04-30 14:12:42,098 mme_vla_suite.pseudo_labeling.topreward_qwen_scorer INFO: Prefix 8/8 (end=168, n_frames=34/169): reward=-14.0000 (mean, 1 tok)
2026-04-30 14:12:50,009 mme_vla_suite.pseudo_labeling.topreward_qwen_scorer INFO: Prefix 1/8 (end=5, n_frames=4/6): reward=-21.0000 (mean, 1 tok)
2026-04-30 14:12:56,859 mme_vla_suite.pseudo_labeling.topreward_qwen_scorer INFO: Prefix 2/8 (end=11, n_frames=4/12): reward=-20.0000 (mean, 1 tok)
2026-04-30 14:13:03,707 mme_vla_suite.pseudo_labeling.topreward_qwen_scorer INFO: Prefix 3/8 (end=18, n_frames=4/19): reward=-20.1250 (mean, 1 tok)
2026-04-30 14:13:10,597 mme_vla_suite.pseudo_labeling.topreward_qwen_scorer INFO: Prefix 4/8 (end=25, n_frames=5/26): reward=-18.6250 (mean, 1 tok)
2026-04-30 14:13:17,516 mme_vla_suite.pseudo_labeling.topreward_qwen_scorer INFO: Prefix 5/8 (end=31, n_frames=6/32): reward=-18.8750 (mean, 1 tok)
2026-04-30 14:13:24,411 mme_vla_suite.pseudo_labeling.topreward_qwen_scorer INFO: Prefix 6/8 (end=38, n_frames=8/39): reward=-18.6250 (mean, 1 tok)
2026-04-30 14:13:31,298 mme_vla_suite.pseudo_labeling.topreward_qwen_scorer INFO: Prefix 7/8 (end=45, n_frames=9/46): reward=-19.3750 (mean, 1 tok)
2026-04-30 14:13:38,191 mme_vla_suite.pseudo_labeling.topreward_qwen_scorer INFO: Prefix 8/8 (end=52, n_frames=11/53): reward=-18.8750 (mean, 1 tok)
2026-04-30 14:13:46,055 mme_vla_suite.pseudo_labeling.topreward_qwen_scorer INFO: Prefix 1/8 (end=4, n_frames=4/5): reward=-19.8750 (mean, 1 tok)
2026-04-30 14:13:52,886 mme_vla_suite.pseudo_labeling.topreward_qwen_scorer INFO: Prefix 2/8 (end=9, n_frames=4/10): reward=-20.0000 (mean, 1 tok)
2026-04-30 14:13:59,730 mme_vla_suite.pseudo_labeling.topreward_qwen_scorer INFO: Prefix 3/8 (end=14, n_frames=4/15): reward=-18.8750 (mean, 1 tok)
2026-04-30 14:14:06,564 mme_vla_suite.pseudo_labeling.topreward_qwen_scorer INFO: Prefix 4/8 (end=20, n_frames=4/21): reward=-18.1250 (mean, 1 tok)
2026-04-30 14:14:13,408 mme_vla_suite.pseudo_labeling.topreward_qwen_scorer INFO: Prefix 5/8 (end=25, n_frames=5/26): reward=-16.7500 (mean, 1 tok)
2026-04-30 14:14:20,279 mme_vla_suite.pseudo_labeling.topreward_qwen_scorer INFO: Prefix 6/8 (end=31, n_frames=6/32): reward=-17.5000 (mean, 1 tok)
2026-04-30 14:14:27,136 mme_vla_suite.pseudo_labeling.topreward_qwen_scorer INFO: Prefix 7/8 (end=36, n_frames=7/37): reward=-19.2500 (mean, 1 tok)
2026-04-30 14:14:34,014 mme_vla_suite.pseudo_labeling.topreward_qwen_scorer INFO: Prefix 8/8 (end=42, n_frames=9/43): reward=-18.8750 (mean, 1 tok)
2026-04-30 14:14:41,829 mme_vla_suite.pseudo_labeling.topreward_qwen_scorer INFO: Prefix 1/8 (end=4, n_frames=4/5): reward=-20.7500 (mean, 1 tok)
2026-04-30 14:14:48,674 mme_vla_suite.pseudo_labeling.topreward_qwen_scorer INFO: Prefix 2/8 (end=10, n_frames=4/11): reward=-20.0000 (mean, 1 tok)
2026-04-30 14:14:55,517 mme_vla_suite.pseudo_labeling.topreward_qwen_scorer INFO: Prefix 3/8 (end=16, n_frames=4/17): reward=-19.0000 (mean, 1 tok)
2026-04-30 14:15:02,375 mme_vla_suite.pseudo_labeling.topreward_qwen_scorer INFO: Prefix 4/8 (end=22, n_frames=5/23): reward=-19.6250 (mean, 1 tok)
2026-04-30 14:15:09,229 mme_vla_suite.pseudo_labeling.topreward_qwen_scorer INFO: Prefix 5/8 (end=28, n_frames=6/29): reward=-19.1250 (mean, 1 tok)
2026-04-30 14:15:16,079 mme_vla_suite.pseudo_labeling.topreward_qwen_scorer INFO: Prefix 6/8 (end=34, n_frames=7/35): reward=-20.1250 (mean, 1 tok)
2026-04-30 14:15:22,917 mme_vla_suite.pseudo_labeling.topreward_qwen_scorer INFO: Prefix 7/8 (end=40, n_frames=8/41): reward=-20.3750 (mean, 1 tok)
2026-04-30 14:15:29,759 mme_vla_suite.pseudo_labeling.topreward_qwen_scorer INFO: Prefix 8/8 (end=47, n_frames=10/48): reward=-20.2500 (mean, 1 tok)
2026-04-30 14:15:37,628 mme_vla_suite.pseudo_labeling.topreward_qwen_scorer INFO: Prefix 1/8 (end=4, n_frames=4/5): reward=-20.1250 (mean, 1 tok)
2026-04-30 14:15:44,447 mme_vla_suite.pseudo_labeling.topreward_qwen_scorer INFO: Prefix 2/8 (end=10, n_frames=4/11): reward=-19.8750 (mean, 1 tok)
2026-04-30 14:15:51,274 mme_vla_suite.pseudo_labeling.topreward_qwen_scorer INFO: Prefix 3/8 (end=16, n_frames=4/17): reward=-19.5000 (mean, 1 tok)
2026-04-30 14:15:58,108 mme_vla_suite.pseudo_labeling.topreward_qwen_scorer INFO: Prefix 4/8 (end=22, n_frames=5/23): reward=-18.5000 (mean, 1 tok)
2026-04-30 14:16:04,924 mme_vla_suite.pseudo_labeling.topreward_qwen_scorer INFO: Prefix 5/8 (end=28, n_frames=6/29): reward=-19.1250 (mean, 1 tok)
2026-04-30 14:16:11,771 mme_vla_suite.pseudo_labeling.topreward_qwen_scorer INFO: Prefix 6/8 (end=34, n_frames=7/35): reward=-20.0000 (mean, 1 tok)
2026-04-30 14:16:18,615 mme_vla_suite.pseudo_labeling.topreward_qwen_scorer INFO: Prefix 7/8 (end=40, n_frames=8/41): reward=-19.6250 (mean, 1 tok)
2026-04-30 14:16:25,471 mme_vla_suite.pseudo_labeling.topreward_qwen_scorer INFO: Prefix 8/8 (end=46, n_frames=9/47): reward=-18.8750 (mean, 1 tok)
2026-04-30 14:16:33,210 mme_vla_suite.pseudo_labeling.topreward_qwen_scorer INFO: Prefix 1/8 (end=4, n_frames=4/5): reward=-21.0000 (mean, 1 tok)
2026-04-30 14:16:40,051 mme_vla_suite.pseudo_labeling.topreward_qwen_scorer INFO: Prefix 2/8 (end=10, n_frames=4/11): reward=-20.1250 (mean, 1 tok)
2026-04-30 14:16:46,897 mme_vla_suite.pseudo_labeling.topreward_qwen_scorer INFO: Prefix 3/8 (end=16, n_frames=4/17): reward=-19.6250 (mean, 1 tok)
2026-04-30 14:16:53,748 mme_vla_suite.pseudo_labeling.topreward_qwen_scorer INFO: Prefix 4/8 (end=22, n_frames=5/23): reward=-19.8750 (mean, 1 tok)
2026-04-30 14:17:00,601 mme_vla_suite.pseudo_labeling.topreward_qwen_scorer INFO: Prefix 5/8 (end=28, n_frames=6/29): reward=-20.1250 (mean, 1 tok)
2026-04-30 14:17:07,474 mme_vla_suite.pseudo_labeling.topreward_qwen_scorer INFO: Prefix 6/8 (end=34, n_frames=7/35): reward=-21.2500 (mean, 1 tok)
2026-04-30 14:17:14,334 mme_vla_suite.pseudo_labeling.topreward_qwen_scorer INFO: Prefix 7/8 (end=40, n_frames=8/41): reward=-21.8750 (mean, 1 tok)
2026-04-30 14:17:21,213 mme_vla_suite.pseudo_labeling.topreward_qwen_scorer INFO: Prefix 8/8 (end=46, n_frames=9/47): reward=-20.0000 (mean, 1 tok)
2026-04-30 14:17:29,016 mme_vla_suite.pseudo_labeling.topreward_qwen_scorer INFO: Prefix 1/8 (end=4, n_frames=4/5): reward=-20.6250 (mean, 1 tok)
2026-04-30 14:17:35,851 mme_vla_suite.pseudo_labeling.topreward_qwen_scorer INFO: Prefix 2/8 (end=10, n_frames=4/11): reward=-20.1250 (mean, 1 tok)
2026-04-30 14:17:42,698 mme_vla_suite.pseudo_labeling.topreward_qwen_scorer INFO: Prefix 3/8 (end=16, n_frames=4/17): reward=-19.8750 (mean, 1 tok)
2026-04-30 14:17:49,562 mme_vla_suite.pseudo_labeling.topreward_qwen_scorer INFO: Prefix 4/8 (end=22, n_frames=5/23): reward=-19.5000 (mean, 1 tok)
2026-04-30 14:17:56,414 mme_vla_suite.pseudo_labeling.topreward_qwen_scorer INFO: Prefix 5/8 (end=28, n_frames=6/29): reward=-19.8750 (mean, 1 tok)
2026-04-30 14:18:03,272 mme_vla_suite.pseudo_labeling.topreward_qwen_scorer INFO: Prefix 6/8 (end=34, n_frames=7/35): reward=-21.0000 (mean, 1 tok)
2026-04-30 14:18:10,125 mme_vla_suite.pseudo_labeling.topreward_qwen_scorer INFO: Prefix 7/8 (end=40, n_frames=8/41): reward=-20.1250 (mean, 1 tok)
2026-04-30 14:18:16,984 mme_vla_suite.pseudo_labeling.topreward_qwen_scorer INFO: Prefix 8/8 (end=46, n_frames=9/47): reward=-20.1250 (mean, 1 tok)
2026-04-30 14:18:24,930 mme_vla_suite.pseudo_labeling.topreward_qwen_scorer INFO: Prefix 1/8 (end=4, n_frames=4/5): reward=-20.1250 (mean, 1 tok)
2026-04-30 14:18:31,763 mme_vla_suite.pseudo_labeling.topreward_qwen_scorer INFO: Prefix 2/8 (end=8, n_frames=4/9): reward=-20.6250 (mean, 1 tok)
2026-04-30 14:18:38,601 mme_vla_suite.pseudo_labeling.topreward_qwen_scorer INFO: Prefix 3/8 (end=12, n_frames=4/13): reward=-21.3750 (mean, 1 tok)
2026-04-30 14:18:45,411 mme_vla_suite.pseudo_labeling.topreward_qwen_scorer INFO: Prefix 4/8 (end=16, n_frames=4/17): reward=-20.3750 (mean, 1 tok)
2026-04-30 14:18:52,231 mme_vla_suite.pseudo_labeling.topreward_qwen_scorer INFO: Prefix 5/8 (end=21, n_frames=4/22): reward=-18.6250 (mean, 1 tok)
2026-04-30 14:18:59,065 mme_vla_suite.pseudo_labeling.topreward_qwen_scorer INFO: Prefix 6/8 (end=25, n_frames=5/26): reward=-19.1250 (mean, 1 tok)
2026-04-30 14:19:05,903 mme_vla_suite.pseudo_labeling.topreward_qwen_scorer INFO: Prefix 7/8 (end=29, n_frames=6/30): reward=-19.8750 (mean, 1 tok)
2026-04-30 14:19:12,738 mme_vla_suite.pseudo_labeling.topreward_qwen_scorer INFO: Prefix 8/8 (end=34, n_frames=7/35): reward=-16.7500 (mean, 1 tok)
2026-04-30 14:19:20,654 mme_vla_suite.pseudo_labeling.topreward_qwen_scorer INFO: Prefix 1/8 (end=8, n_frames=4/9): reward=-20.6250 (mean, 1 tok)
2026-04-30 14:19:27,490 mme_vla_suite.pseudo_labeling.topreward_qwen_scorer INFO: Prefix 2/8 (end=18, n_frames=4/19): reward=-19.5000 (mean, 1 tok)
2026-04-30 14:19:34,339 mme_vla_suite.pseudo_labeling.topreward_qwen_scorer INFO: Prefix 3/8 (end=29, n_frames=6/30): reward=-19.2500 (mean, 1 tok)
2026-04-30 14:19:41,195 mme_vla_suite.pseudo_labeling.topreward_qwen_scorer INFO: Prefix 4/8 (end=40, n_frames=8/41): reward=-19.1250 (mean, 1 tok)
2026-04-30 14:19:48,080 mme_vla_suite.pseudo_labeling.topreward_qwen_scorer INFO: Prefix 5/8 (end=50, n_frames=10/51): reward=-18.6250 (mean, 1 tok)
2026-04-30 14:19:54,966 mme_vla_suite.pseudo_labeling.topreward_qwen_scorer INFO: Prefix 6/8 (end=61, n_frames=12/62): reward=-20.0000 (mean, 1 tok)
2026-04-30 14:20:01,851 mme_vla_suite.pseudo_labeling.topreward_qwen_scorer INFO: Prefix 7/8 (end=72, n_frames=15/73): reward=-21.1250 (mean, 1 tok)
2026-04-30 14:20:08,753 mme_vla_suite.pseudo_labeling.topreward_qwen_scorer INFO: Prefix 8/8 (end=83, n_frames=17/84): reward=-19.5000 (mean, 1 tok)
2026-04-30 14:20:16,514 mme_vla_suite.pseudo_labeling.topreward_qwen_scorer INFO: Prefix 1/8 (end=11, n_frames=4/12): reward=-20.3750 (mean, 1 tok)
2026-04-30 14:20:23,372 mme_vla_suite.pseudo_labeling.topreward_qwen_scorer INFO: Prefix 2/8 (end=26, n_frames=5/27): reward=-19.5000 (mean, 1 tok)
2026-04-30 14:20:30,244 mme_vla_suite.pseudo_labeling.topreward_qwen_scorer INFO: Prefix 3/8 (end=41, n_frames=8/42): reward=-19.5000 (mean, 1 tok)
2026-04-30 14:20:37,117 mme_vla_suite.pseudo_labeling.topreward_qwen_scorer INFO: Prefix 4/8 (end=56, n_frames=11/57): reward=-20.2500 (mean, 1 tok)
2026-04-30 14:20:44,001 mme_vla_suite.pseudo_labeling.topreward_qwen_scorer INFO: Prefix 5/8 (end=72, n_frames=15/73): reward=-21.1250 (mean, 1 tok)
2026-04-30 14:20:50,894 mme_vla_suite.pseudo_labeling.topreward_qwen_scorer INFO: Prefix 6/8 (end=87, n_frames=18/88): reward=-19.2500 (mean, 1 tok)
2026-04-30 14:20:57,880 mme_vla_suite.pseudo_labeling.topreward_qwen_scorer INFO: Prefix 7/8 (end=102, n_frames=21/103): reward=-18.8750 (mean, 1 tok)
2026-04-30 14:21:04,835 mme_vla_suite.pseudo_labeling.topreward_qwen_scorer INFO: Prefix 8/8 (end=118, n_frames=24/119): reward=-18.6250 (mean, 1 tok)
2026-04-30 14:21:12,824 mme_vla_suite.pseudo_labeling.topreward_qwen_scorer INFO: Prefix 1/8 (end=18, n_frames=4/19): reward=-19.3750 (mean, 1 tok)
2026-04-30 14:21:19,666 mme_vla_suite.pseudo_labeling.topreward_qwen_scorer INFO: Prefix 2/8 (end=41, n_frames=8/42): reward=-20.0000 (mean, 1 tok)
2026-04-30 14:21:26,561 mme_vla_suite.pseudo_labeling.topreward_qwen_scorer INFO: Prefix 3/8 (end=65, n_frames=13/66): reward=-15.7500 (mean, 1 tok)
2026-04-30 14:21:33,453 mme_vla_suite.pseudo_labeling.topreward_qwen_scorer INFO: Prefix 4/8 (end=89, n_frames=18/90): reward=-15.5000 (mean, 1 tok)
2026-04-30 14:21:40,383 mme_vla_suite.pseudo_labeling.topreward_qwen_scorer INFO: Prefix 5/8 (end=112, n_frames=23/113): reward=-15.3750 (mean, 1 tok)
2026-04-30 14:21:47,402 mme_vla_suite.pseudo_labeling.topreward_qwen_scorer INFO: Prefix 6/8 (end=136, n_frames=27/137): reward=-15.1250 (mean, 1 tok)
2026-04-30 14:21:54,442 mme_vla_suite.pseudo_labeling.topreward_qwen_scorer INFO: Prefix 7/8 (end=160, n_frames=32/161): reward=-14.3750 (mean, 1 tok)
2026-04-30 14:22:01,586 mme_vla_suite.pseudo_labeling.topreward_qwen_scorer INFO: Prefix 8/8 (end=184, n_frames=37/185): reward=-13.2500 (mean, 1 tok)
2026-04-30 14:22:09,277 mme_vla_suite.pseudo_labeling.topreward_qwen_scorer INFO: Prefix 1/8 (end=4, n_frames=4/5): reward=-18.7500 (mean, 1 tok)
2026-04-30 14:22:16,149 mme_vla_suite.pseudo_labeling.topreward_qwen_scorer INFO: Prefix 2/8 (end=6, n_frames=4/7): reward=-18.6250 (mean, 1 tok)
2026-04-30 14:22:23,015 mme_vla_suite.pseudo_labeling.topreward_qwen_scorer INFO: Prefix 3/8 (end=9, n_frames=4/10): reward=-18.3750 (mean, 1 tok)
2026-04-30 14:22:29,851 mme_vla_suite.pseudo_labeling.topreward_qwen_scorer INFO: Prefix 4/8 (end=12, n_frames=4/13): reward=-18.1250 (mean, 1 tok)
2026-04-30 14:22:36,674 mme_vla_suite.pseudo_labeling.topreward_qwen_scorer INFO: Prefix 5/8 (end=14, n_frames=4/15): reward=-18.2500 (mean, 1 tok)
2026-04-30 14:22:43,510 mme_vla_suite.pseudo_labeling.topreward_qwen_scorer INFO: Prefix 6/8 (end=17, n_frames=4/18): reward=-19.1250 (mean, 1 tok)
2026-04-30 14:22:50,355 mme_vla_suite.pseudo_labeling.topreward_qwen_scorer INFO: Prefix 7/8 (end=20, n_frames=4/21): reward=-18.8750 (mean, 1 tok)
2026-04-30 14:22:57,190 mme_vla_suite.pseudo_labeling.topreward_qwen_scorer INFO: Prefix 8/8 (end=23, n_frames=5/24): reward=-18.8750 (mean, 1 tok)
2026-04-30 14:23:04,904 mme_vla_suite.pseudo_labeling.topreward_qwen_scorer INFO: Prefix 1/8 (end=4, n_frames=4/5): reward=-20.0000 (mean, 1 tok)
2026-04-30 14:23:11,745 mme_vla_suite.pseudo_labeling.topreward_qwen_scorer INFO: Prefix 2/8 (end=8, n_frames=4/9): reward=-19.2500 (mean, 1 tok)
2026-04-30 14:23:18,593 mme_vla_suite.pseudo_labeling.topreward_qwen_scorer INFO: Prefix 3/8 (end=13, n_frames=4/14): reward=-18.8750 (mean, 1 tok)
2026-04-30 14:23:25,440 mme_vla_suite.pseudo_labeling.topreward_qwen_scorer INFO: Prefix 4/8 (end=18, n_frames=4/19): reward=-19.5000 (mean, 1 tok)
2026-04-30 14:23:32,289 mme_vla_suite.pseudo_labeling.topreward_qwen_scorer INFO: Prefix 5/8 (end=22, n_frames=5/23): reward=-19.3750 (mean, 1 tok)
2026-04-30 14:23:39,132 mme_vla_suite.pseudo_labeling.topreward_qwen_scorer INFO: Prefix 6/8 (end=27, n_frames=6/28): reward=-19.5000 (mean, 1 tok)
2026-04-30 14:23:45,974 mme_vla_suite.pseudo_labeling.topreward_qwen_scorer INFO: Prefix 7/8 (end=32, n_frames=7/33): reward=-19.5000 (mean, 1 tok)
2026-04-30 14:23:52,833 mme_vla_suite.pseudo_labeling.topreward_qwen_scorer INFO: Prefix 8/8 (end=37, n_frames=8/38): reward=-19.8750 (mean, 1 tok)
2026-04-30 14:24:00,560 mme_vla_suite.pseudo_labeling.topreward_qwen_scorer INFO: Prefix 1/8 (end=4, n_frames=4/5): reward=-20.7500 (mean, 1 tok)
2026-04-30 14:24:07,391 mme_vla_suite.pseudo_labeling.topreward_qwen_scorer INFO: Prefix 2/8 (end=8, n_frames=4/9): reward=-20.7500 (mean, 1 tok)
2026-04-30 14:24:14,217 mme_vla_suite.pseudo_labeling.topreward_qwen_scorer INFO: Prefix 3/8 (end=12, n_frames=4/13): reward=-21.6250 (mean, 1 tok)
2026-04-30 14:24:21,028 mme_vla_suite.pseudo_labeling.topreward_qwen_scorer INFO: Prefix 4/8 (end=16, n_frames=4/17): reward=-20.2500 (mean, 1 tok)
2026-04-30 14:24:27,851 mme_vla_suite.pseudo_labeling.topreward_qwen_scorer INFO: Prefix 5/8 (end=21, n_frames=4/22): reward=-18.2500 (mean, 1 tok)
2026-04-30 14:24:34,699 mme_vla_suite.pseudo_labeling.topreward_qwen_scorer INFO: Prefix 6/8 (end=25, n_frames=5/26): reward=-18.3750 (mean, 1 tok)
2026-04-30 14:24:41,550 mme_vla_suite.pseudo_labeling.topreward_qwen_scorer INFO: Prefix 7/8 (end=29, n_frames=6/30): reward=-18.2500 (mean, 1 tok)
2026-04-30 14:24:48,391 mme_vla_suite.pseudo_labeling.topreward_qwen_scorer INFO: Prefix 8/8 (end=34, n_frames=7/35): reward=-16.0000 (mean, 1 tok)
2026-04-30 14:24:56,017 mme_vla_suite.pseudo_labeling.topreward_qwen_scorer INFO: Prefix 1/8 (end=7, n_frames=4/8): reward=-20.7500 (mean, 1 tok)
2026-04-30 14:25:02,845 mme_vla_suite.pseudo_labeling.topreward_qwen_scorer INFO: Prefix 2/8 (end=15, n_frames=4/16): reward=-19.6250 (mean, 1 tok)
2026-04-30 14:25:09,654 mme_vla_suite.pseudo_labeling.topreward_qwen_scorer INFO: Prefix 3/8 (end=24, n_frames=5/25): reward=-19.2500 (mean, 1 tok)
2026-04-30 14:25:16,487 mme_vla_suite.pseudo_labeling.topreward_qwen_scorer INFO: Prefix 4/8 (end=33, n_frames=7/34): reward=-19.2500 (mean, 1 tok)
2026-04-30 14:25:23,352 mme_vla_suite.pseudo_labeling.topreward_qwen_scorer INFO: Prefix 5/8 (end=42, n_frames=9/43): reward=-18.8750 (mean, 1 tok)
2026-04-30 14:25:30,196 mme_vla_suite.pseudo_labeling.topreward_qwen_scorer INFO: Prefix 6/8 (end=51, n_frames=10/52): reward=-19.5000 (mean, 1 tok)
2026-04-30 14:25:37,053 mme_vla_suite.pseudo_labeling.topreward_qwen_scorer INFO: Prefix 7/8 (end=60, n_frames=12/61): reward=-19.2500 (mean, 1 tok)
2026-04-30 14:25:43,931 mme_vla_suite.pseudo_labeling.topreward_qwen_scorer INFO: Prefix 8/8 (end=69, n_frames=14/70): reward=-19.5000 (mean, 1 tok)
2026-04-30 14:25:51,916 mme_vla_suite.pseudo_labeling.topreward_qwen_scorer INFO: Prefix 1/8 (end=11, n_frames=4/12): reward=-19.8750 (mean, 1 tok)
2026-04-30 14:25:58,741 mme_vla_suite.pseudo_labeling.topreward_qwen_scorer INFO: Prefix 2/8 (end=25, n_frames=5/26): reward=-19.1250 (mean, 1 tok)
2026-04-30 14:26:05,586 mme_vla_suite.pseudo_labeling.topreward_qwen_scorer INFO: Prefix 3/8 (end=40, n_frames=8/41): reward=-18.8750 (mean, 1 tok)
2026-04-30 14:26:12,435 mme_vla_suite.pseudo_labeling.topreward_qwen_scorer INFO: Prefix 4/8 (end=54, n_frames=11/55): reward=-19.0000 (mean, 1 tok)
2026-04-30 14:26:19,316 mme_vla_suite.pseudo_labeling.topreward_qwen_scorer INFO: Prefix 5/8 (end=69, n_frames=14/70): reward=-19.5000 (mean, 1 tok)
2026-04-30 14:26:26,236 mme_vla_suite.pseudo_labeling.topreward_qwen_scorer INFO: Prefix 6/8 (end=83, n_frames=17/84): reward=-19.3750 (mean, 1 tok)
2026-04-30 14:26:33,182 mme_vla_suite.pseudo_labeling.topreward_qwen_scorer INFO: Prefix 7/8 (end=98, n_frames=20/99): reward=-19.7500 (mean, 1 tok)
2026-04-30 14:26:40,134 mme_vla_suite.pseudo_labeling.topreward_qwen_scorer INFO: Prefix 8/8 (end=113, n_frames=23/114): reward=-19.8750 (mean, 1 tok)
2026-04-30 14:26:48,658 mme_vla_suite.pseudo_labeling.topreward_qwen_scorer INFO: Prefix 1/8 (end=17, n_frames=4/18): reward=-20.7500 (mean, 1 tok)
2026-04-30 14:26:55,501 mme_vla_suite.pseudo_labeling.topreward_qwen_scorer INFO: Prefix 2/8 (end=40, n_frames=8/41): reward=-16.1250 (mean, 1 tok)
2026-04-30 14:27:02,403 mme_vla_suite.pseudo_labeling.topreward_qwen_scorer INFO: Prefix 3/8 (end=63, n_frames=13/64): reward=-15.7500 (mean, 1 tok)
2026-04-30 14:27:09,325 mme_vla_suite.pseudo_labeling.topreward_qwen_scorer INFO: Prefix 4/8 (end=86, n_frames=17/87): reward=-15.3750 (mean, 1 tok)
2026-04-30 14:27:16,314 mme_vla_suite.pseudo_labeling.topreward_qwen_scorer INFO: Prefix 5/8 (end=109, n_frames=22/110): reward=-16.5000 (mean, 1 tok)
2026-04-30 14:27:23,287 mme_vla_suite.pseudo_labeling.topreward_qwen_scorer INFO: Prefix 6/8 (end=132, n_frames=27/133): reward=-15.0000 (mean, 1 tok)
2026-04-30 14:27:30,287 mme_vla_suite.pseudo_labeling.topreward_qwen_scorer INFO: Prefix 7/8 (end=155, n_frames=31/156): reward=-14.5000 (mean, 1 tok)
2026-04-30 14:27:37,291 mme_vla_suite.pseudo_labeling.topreward_qwen_scorer INFO: Prefix 8/8 (end=178, n_frames=36/179): reward=-14.2500 (mean, 1 tok)
2026-04-30 14:27:45,156 mme_vla_suite.pseudo_labeling.topreward_qwen_scorer INFO: Prefix 1/8 (end=4, n_frames=4/5): reward=-18.8750 (mean, 1 tok)
2026-04-30 14:27:51,997 mme_vla_suite.pseudo_labeling.topreward_qwen_scorer INFO: Prefix 2/8 (end=8, n_frames=4/9): reward=-18.3750 (mean, 1 tok)
2026-04-30 14:27:58,843 mme_vla_suite.pseudo_labeling.topreward_qwen_scorer INFO: Prefix 3/8 (end=12, n_frames=4/13): reward=-18.0000 (mean, 1 tok)
2026-04-30 14:28:05,689 mme_vla_suite.pseudo_labeling.topreward_qwen_scorer INFO: Prefix 4/8 (end=16, n_frames=4/17): reward=-17.6250 (mean, 1 tok)
2026-04-30 14:28:12,526 mme_vla_suite.pseudo_labeling.topreward_qwen_scorer INFO: Prefix 5/8 (end=21, n_frames=4/22): reward=-17.6250 (mean, 1 tok)
2026-04-30 14:28:19,399 mme_vla_suite.pseudo_labeling.topreward_qwen_scorer INFO: Prefix 6/8 (end=25, n_frames=5/26): reward=-17.0000 (mean, 1 tok)
2026-04-30 14:28:26,267 mme_vla_suite.pseudo_labeling.topreward_qwen_scorer INFO: Prefix 7/8 (end=29, n_frames=6/30): reward=-17.6250 (mean, 1 tok)
2026-04-30 14:28:33,140 mme_vla_suite.pseudo_labeling.topreward_qwen_scorer INFO: Prefix 8/8 (end=34, n_frames=7/35): reward=-19.5000 (mean, 1 tok)
2026-04-30 14:28:40,893 mme_vla_suite.pseudo_labeling.topreward_qwen_scorer INFO: Prefix 1/8 (end=4, n_frames=4/5): reward=-20.0000 (mean, 1 tok)
2026-04-30 14:28:47,743 mme_vla_suite.pseudo_labeling.topreward_qwen_scorer INFO: Prefix 2/8 (end=8, n_frames=4/9): reward=-18.5000 (mean, 1 tok)
2026-04-30 14:28:54,586 mme_vla_suite.pseudo_labeling.topreward_qwen_scorer INFO: Prefix 3/8 (end=13, n_frames=4/14): reward=-18.7500 (mean, 1 tok)
2026-04-30 14:29:01,424 mme_vla_suite.pseudo_labeling.topreward_qwen_scorer INFO: Prefix 4/8 (end=18, n_frames=4/19): reward=-16.8750 (mean, 1 tok)
2026-04-30 14:29:08,272 mme_vla_suite.pseudo_labeling.topreward_qwen_scorer INFO: Prefix 5/8 (end=22, n_frames=5/23): reward=-17.7500 (mean, 1 tok)
2026-04-30 14:29:15,138 mme_vla_suite.pseudo_labeling.topreward_qwen_scorer INFO: Prefix 6/8 (end=27, n_frames=6/28): reward=-18.2500 (mean, 1 tok)
2026-04-30 14:29:22,009 mme_vla_suite.pseudo_labeling.topreward_qwen_scorer INFO: Prefix 7/8 (end=32, n_frames=7/33): reward=-18.5000 (mean, 1 tok)
2026-04-30 14:29:28,856 mme_vla_suite.pseudo_labeling.topreward_qwen_scorer INFO: Prefix 8/8 (end=37, n_frames=8/38): reward=-18.6250 (mean, 1 tok)
2026-04-30 14:29:36,662 mme_vla_suite.pseudo_labeling.topreward_qwen_scorer INFO: Prefix 1/8 (end=4, n_frames=4/5): reward=-20.0000 (mean, 1 tok)
2026-04-30 14:29:43,478 mme_vla_suite.pseudo_labeling.topreward_qwen_scorer INFO: Prefix 2/8 (end=8, n_frames=4/9): reward=-19.3750 (mean, 1 tok)
2026-04-30 14:29:50,309 mme_vla_suite.pseudo_labeling.topreward_qwen_scorer INFO: Prefix 3/8 (end=13, n_frames=4/14): reward=-19.2500 (mean, 1 tok)
2026-04-30 14:29:57,275 mme_vla_suite.pseudo_labeling.topreward_qwen_scorer INFO: Prefix 4/8 (end=18, n_frames=4/19): reward=-18.2500 (mean, 1 tok)
2026-04-30 14:30:04,127 mme_vla_suite.pseudo_labeling.topreward_qwen_scorer INFO: Prefix 5/8 (end=22, n_frames=5/23): reward=-18.2500 (mean, 1 tok)
2026-04-30 14:30:10,977 mme_vla_suite.pseudo_labeling.topreward_qwen_scorer INFO: Prefix 6/8 (end=27, n_frames=6/28): reward=-18.7500 (mean, 1 tok)
2026-04-30 14:30:17,844 mme_vla_suite.pseudo_labeling.topreward_qwen_scorer INFO: Prefix 7/8 (end=32, n_frames=7/33): reward=-18.7500 (mean, 1 tok)
2026-04-30 14:30:24,683 mme_vla_suite.pseudo_labeling.topreward_qwen_scorer INFO: Prefix 8/8 (end=37, n_frames=8/38): reward=-19.0000 (mean, 1 tok)
2026-04-30 14:30:32,436 mme_vla_suite.pseudo_labeling.topreward_qwen_scorer INFO: Prefix 1/8 (end=4, n_frames=4/5): reward=-20.2500 (mean, 1 tok)
2026-04-30 14:30:39,276 mme_vla_suite.pseudo_labeling.topreward_qwen_scorer INFO: Prefix 2/8 (end=8, n_frames=4/9): reward=-19.2500 (mean, 1 tok)
2026-04-30 14:30:46,100 mme_vla_suite.pseudo_labeling.topreward_qwen_scorer INFO: Prefix 3/8 (end=13, n_frames=4/14): reward=-19.7500 (mean, 1 tok)
2026-04-30 14:30:52,923 mme_vla_suite.pseudo_labeling.topreward_qwen_scorer INFO: Prefix 4/8 (end=18, n_frames=4/19): reward=-19.1250 (mean, 1 tok)
2026-04-30 14:30:59,744 mme_vla_suite.pseudo_labeling.topreward_qwen_scorer INFO: Prefix 5/8 (end=22, n_frames=5/23): reward=-18.7500 (mean, 1 tok)
2026-04-30 14:31:06,589 mme_vla_suite.pseudo_labeling.topreward_qwen_scorer INFO: Prefix 6/8 (end=27, n_frames=6/28): reward=-19.0000 (mean, 1 tok)
2026-04-30 14:31:13,460 mme_vla_suite.pseudo_labeling.topreward_qwen_scorer INFO: Prefix 7/8 (end=32, n_frames=7/33): reward=-19.0000 (mean, 1 tok)
2026-04-30 14:31:20,331 mme_vla_suite.pseudo_labeling.topreward_qwen_scorer INFO: Prefix 8/8 (end=37, n_frames=8/38): reward=-18.7500 (mean, 1 tok)
2026-04-30 14:31:28,284 mme_vla_suite.pseudo_labeling.topreward_qwen_scorer INFO: Prefix 1/8 (end=4, n_frames=4/5): reward=-20.5000 (mean, 1 tok)
2026-04-30 14:31:35,125 mme_vla_suite.pseudo_labeling.topreward_qwen_scorer INFO: Prefix 2/8 (end=8, n_frames=4/9): reward=-20.2500 (mean, 1 tok)
2026-04-30 14:31:41,960 mme_vla_suite.pseudo_labeling.topreward_qwen_scorer INFO: Prefix 3/8 (end=13, n_frames=4/14): reward=-20.3750 (mean, 1 tok)
2026-04-30 14:31:48,819 mme_vla_suite.pseudo_labeling.topreward_qwen_scorer INFO: Prefix 4/8 (end=18, n_frames=4/19): reward=-18.6250 (mean, 1 tok)
2026-04-30 14:31:55,666 mme_vla_suite.pseudo_labeling.topreward_qwen_scorer INFO: Prefix 5/8 (end=22, n_frames=5/23): reward=-19.3750 (mean, 1 tok)
2026-04-30 14:32:02,606 mme_vla_suite.pseudo_labeling.topreward_qwen_scorer INFO: Prefix 6/8 (end=27, n_frames=6/28): reward=-19.6250 (mean, 1 tok)
2026-04-30 14:32:09,475 mme_vla_suite.pseudo_labeling.topreward_qwen_scorer INFO: Prefix 7/8 (end=32, n_frames=7/33): reward=-19.3750 (mean, 1 tok)
2026-04-30 14:32:16,344 mme_vla_suite.pseudo_labeling.topreward_qwen_scorer INFO: Prefix 8/8 (end=37, n_frames=8/38): reward=-19.3750 (mean, 1 tok)
2026-04-30 14:32:24,137 mme_vla_suite.pseudo_labeling.topreward_qwen_scorer INFO: Prefix 1/8 (end=4, n_frames=4/5): reward=-20.8750 (mean, 1 tok)
2026-04-30 14:32:30,986 mme_vla_suite.pseudo_labeling.topreward_qwen_scorer INFO: Prefix 2/8 (end=8, n_frames=4/9): reward=-20.2500 (mean, 1 tok)
2026-04-30 14:32:37,827 mme_vla_suite.pseudo_labeling.topreward_qwen_scorer INFO: Prefix 3/8 (end=13, n_frames=4/14): reward=-19.8750 (mean, 1 tok)
2026-04-30 14:32:44,671 mme_vla_suite.pseudo_labeling.topreward_qwen_scorer INFO: Prefix 4/8 (end=18, n_frames=4/19): reward=-19.7500 (mean, 1 tok)
2026-04-30 14:32:51,494 mme_vla_suite.pseudo_labeling.topreward_qwen_scorer INFO: Prefix 5/8 (end=22, n_frames=5/23): reward=-19.5000 (mean, 1 tok)
2026-04-30 14:32:58,335 mme_vla_suite.pseudo_labeling.topreward_qwen_scorer INFO: Prefix 6/8 (end=27, n_frames=6/28): reward=-19.5000 (mean, 1 tok)
2026-04-30 14:33:05,167 mme_vla_suite.pseudo_labeling.topreward_qwen_scorer INFO: Prefix 7/8 (end=32, n_frames=7/33): reward=-19.8750 (mean, 1 tok)
2026-04-30 14:33:12,006 mme_vla_suite.pseudo_labeling.topreward_qwen_scorer INFO: Prefix 8/8 (end=37, n_frames=8/38): reward=-19.8750 (mean, 1 tok)
2026-04-30 14:33:19,783 mme_vla_suite.pseudo_labeling.topreward_qwen_scorer INFO: Prefix 1/8 (end=4, n_frames=4/5): reward=-19.2500 (mean, 1 tok)
2026-04-30 14:33:26,596 mme_vla_suite.pseudo_labeling.topreward_qwen_scorer INFO: Prefix 2/8 (end=8, n_frames=4/9): reward=-19.0000 (mean, 1 tok)
2026-04-30 14:33:33,413 mme_vla_suite.pseudo_labeling.topreward_qwen_scorer INFO: Prefix 3/8 (end=12, n_frames=4/13): reward=-18.6250 (mean, 1 tok)
2026-04-30 14:33:40,227 mme_vla_suite.pseudo_labeling.topreward_qwen_scorer INFO: Prefix 4/8 (end=17, n_frames=4/18): reward=-18.0000 (mean, 1 tok)
2026-04-30 14:33:47,054 mme_vla_suite.pseudo_labeling.topreward_qwen_scorer INFO: Prefix 5/8 (end=21, n_frames=4/22): reward=-17.1250 (mean, 1 tok)
2026-04-30 14:33:53,885 mme_vla_suite.pseudo_labeling.topreward_qwen_scorer INFO: Prefix 6/8 (end=26, n_frames=5/27): reward=-18.0000 (mean, 1 tok)
2026-04-30 14:34:00,721 mme_vla_suite.pseudo_labeling.topreward_qwen_scorer INFO: Prefix 7/8 (end=30, n_frames=6/31): reward=-17.0000 (mean, 1 tok)
2026-04-30 14:34:07,558 mme_vla_suite.pseudo_labeling.topreward_qwen_scorer INFO: Prefix 8/8 (end=35, n_frames=7/36): reward=-15.1250 (mean, 1 tok)
2026-04-30 14:34:15,604 mme_vla_suite.pseudo_labeling.topreward_qwen_scorer INFO: Prefix 1/8 (end=5, n_frames=4/6): reward=-20.1250 (mean, 1 tok)
2026-04-30 14:34:22,429 mme_vla_suite.pseudo_labeling.topreward_qwen_scorer INFO: Prefix 2/8 (end=12, n_frames=4/13): reward=-19.3750 (mean, 1 tok)
2026-04-30 14:34:29,250 mme_vla_suite.pseudo_labeling.topreward_qwen_scorer INFO: Prefix 3/8 (end=20, n_frames=4/21): reward=-18.8750 (mean, 1 tok)
2026-04-30 14:34:36,077 mme_vla_suite.pseudo_labeling.topreward_qwen_scorer INFO: Prefix 4/8 (end=27, n_frames=6/28): reward=-18.6250 (mean, 1 tok)
2026-04-30 14:34:42,904 mme_vla_suite.pseudo_labeling.topreward_qwen_scorer INFO: Prefix 5/8 (end=35, n_frames=7/36): reward=-18.5000 (mean, 1 tok)
2026-04-30 14:34:49,739 mme_vla_suite.pseudo_labeling.topreward_qwen_scorer INFO: Prefix 6/8 (end=42, n_frames=9/43): reward=-19.1250 (mean, 1 tok)
2026-04-30 14:34:56,590 mme_vla_suite.pseudo_labeling.topreward_qwen_scorer INFO: Prefix 7/8 (end=50, n_frames=10/51): reward=-19.5000 (mean, 1 tok)
2026-04-30 14:35:03,443 mme_vla_suite.pseudo_labeling.topreward_qwen_scorer INFO: Prefix 8/8 (end=58, n_frames=12/59): reward=-19.6250 (mean, 1 tok)
2026-04-30 14:35:11,248 mme_vla_suite.pseudo_labeling.topreward_qwen_scorer INFO: Prefix 1/8 (end=9, n_frames=4/10): reward=-19.7500 (mean, 1 tok)
2026-04-30 14:35:18,075 mme_vla_suite.pseudo_labeling.topreward_qwen_scorer INFO: Prefix 2/8 (end=21, n_frames=4/22): reward=-18.8750 (mean, 1 tok)
2026-04-30 14:35:24,895 mme_vla_suite.pseudo_labeling.topreward_qwen_scorer INFO: Prefix 3/8 (end=33, n_frames=7/34): reward=-18.7500 (mean, 1 tok)
2026-04-30 14:35:31,768 mme_vla_suite.pseudo_labeling.topreward_qwen_scorer INFO: Prefix 4/8 (end=45, n_frames=9/46): reward=-19.5000 (mean, 1 tok)
2026-04-30 14:35:38,634 mme_vla_suite.pseudo_labeling.topreward_qwen_scorer INFO: Prefix 5/8 (end=57, n_frames=12/58): reward=-19.5000 (mean, 1 tok)
2026-04-30 14:35:45,555 mme_vla_suite.pseudo_labeling.topreward_qwen_scorer INFO: Prefix 6/8 (end=69, n_frames=14/70): reward=-20.5000 (mean, 1 tok)
2026-04-30 14:35:52,465 mme_vla_suite.pseudo_labeling.topreward_qwen_scorer INFO: Prefix 7/8 (end=81, n_frames=16/82): reward=-20.1250 (mean, 1 tok)
2026-04-30 14:35:59,400 mme_vla_suite.pseudo_labeling.topreward_qwen_scorer INFO: Prefix 8/8 (end=94, n_frames=19/95): reward=-20.1250 (mean, 1 tok)
2026-04-30 14:36:07,481 mme_vla_suite.pseudo_labeling.topreward_qwen_scorer INFO: Prefix 1/8 (end=19, n_frames=4/20): reward=-22.1250 (mean, 1 tok)
2026-04-30 14:36:14,338 mme_vla_suite.pseudo_labeling.topreward_qwen_scorer INFO: Prefix 2/8 (end=44, n_frames=9/45): reward=-18.1250 (mean, 1 tok)
2026-04-30 14:36:21,206 mme_vla_suite.pseudo_labeling.topreward_qwen_scorer INFO: Prefix 3/8 (end=69, n_frames=14/70): reward=-16.6250 (mean, 1 tok)
2026-04-30 14:36:28,110 mme_vla_suite.pseudo_labeling.topreward_qwen_scorer INFO: Prefix 4/8 (end=95, n_frames=19/96): reward=-16.5000 (mean, 1 tok)
2026-04-30 14:36:35,057 mme_vla_suite.pseudo_labeling.topreward_qwen_scorer INFO: Prefix 5/8 (end=120, n_frames=24/121): reward=-16.1250 (mean, 1 tok)
2026-04-30 14:36:42,085 mme_vla_suite.pseudo_labeling.topreward_qwen_scorer INFO: Prefix 6/8 (end=146, n_frames=29/147): reward=-15.2500 (mean, 1 tok)
2026-04-30 14:36:49,149 mme_vla_suite.pseudo_labeling.topreward_qwen_scorer INFO: Prefix 7/8 (end=171, n_frames=34/172): reward=-14.2500 (mean, 1 tok)
2026-04-30 14:36:56,265 mme_vla_suite.pseudo_labeling.topreward_qwen_scorer INFO: Prefix 8/8 (end=197, n_frames=40/198): reward=-12.8750 (mean, 1 tok)
2026-04-30 14:37:03,904 mme_vla_suite.pseudo_labeling.topreward_qwen_scorer INFO: Prefix 1/8 (end=4, n_frames=4/5): reward=-20.0000 (mean, 1 tok)
2026-04-30 14:37:10,754 mme_vla_suite.pseudo_labeling.topreward_qwen_scorer INFO: Prefix 2/8 (end=7, n_frames=4/8): reward=-19.7500 (mean, 1 tok)
2026-04-30 14:37:17,600 mme_vla_suite.pseudo_labeling.topreward_qwen_scorer INFO: Prefix 3/8 (end=10, n_frames=4/11): reward=-20.0000 (mean, 1 tok)
2026-04-30 14:37:24,438 mme_vla_suite.pseudo_labeling.topreward_qwen_scorer INFO: Prefix 4/8 (end=13, n_frames=4/14): reward=-20.1250 (mean, 1 tok)
2026-04-30 14:37:31,275 mme_vla_suite.pseudo_labeling.topreward_qwen_scorer INFO: Prefix 5/8 (end=17, n_frames=4/18): reward=-20.6250 (mean, 1 tok)
2026-04-30 14:37:38,108 mme_vla_suite.pseudo_labeling.topreward_qwen_scorer INFO: Prefix 6/8 (end=20, n_frames=4/21): reward=-18.3750 (mean, 1 tok)
2026-04-30 14:37:44,937 mme_vla_suite.pseudo_labeling.topreward_qwen_scorer INFO: Prefix 7/8 (end=23, n_frames=5/24): reward=-17.2500 (mean, 1 tok)
2026-04-30 14:37:51,778 mme_vla_suite.pseudo_labeling.topreward_qwen_scorer INFO: Prefix 8/8 (end=27, n_frames=6/28): reward=-18.2500 (mean, 1 tok)
2026-04-30 14:37:59,621 mme_vla_suite.pseudo_labeling.topreward_qwen_scorer INFO: Prefix 1/8 (end=4, n_frames=4/5): reward=-20.0000 (mean, 1 tok)
2026-04-30 14:38:06,448 mme_vla_suite.pseudo_labeling.topreward_qwen_scorer INFO: Prefix 2/8 (end=9, n_frames=4/10): reward=-19.5000 (mean, 1 tok)
2026-04-30 14:38:13,274 mme_vla_suite.pseudo_labeling.topreward_qwen_scorer INFO: Prefix 3/8 (end=14, n_frames=4/15): reward=-18.3750 (mean, 1 tok)
2026-04-30 14:38:20,103 mme_vla_suite.pseudo_labeling.topreward_qwen_scorer INFO: Prefix 4/8 (end=19, n_frames=4/20): reward=-17.6250 (mean, 1 tok)
2026-04-30 14:38:26,937 mme_vla_suite.pseudo_labeling.topreward_qwen_scorer INFO: Prefix 5/8 (end=24, n_frames=5/25): reward=-18.0000 (mean, 1 tok)
2026-04-30 14:38:33,785 mme_vla_suite.pseudo_labeling.topreward_qwen_scorer INFO: Prefix 6/8 (end=29, n_frames=6/30): reward=-18.1250 (mean, 1 tok)
2026-04-30 14:38:40,625 mme_vla_suite.pseudo_labeling.topreward_qwen_scorer INFO: Prefix 7/8 (end=34, n_frames=7/35): reward=-18.7500 (mean, 1 tok)
2026-04-30 14:38:47,477 mme_vla_suite.pseudo_labeling.topreward_qwen_scorer INFO: Prefix 8/8 (end=39, n_frames=8/40): reward=-18.8750 (mean, 1 tok)
2026-04-30 14:38:55,210 mme_vla_suite.pseudo_labeling.topreward_qwen_scorer INFO: Prefix 1/8 (end=4, n_frames=4/5): reward=-20.1250 (mean, 1 tok)
2026-04-30 14:39:02,045 mme_vla_suite.pseudo_labeling.topreward_qwen_scorer INFO: Prefix 2/8 (end=9, n_frames=4/10): reward=-19.3750 (mean, 1 tok)
2026-04-30 14:39:08,878 mme_vla_suite.pseudo_labeling.topreward_qwen_scorer INFO: Prefix 3/8 (end=14, n_frames=4/15): reward=-18.8750 (mean, 1 tok)
2026-04-30 14:39:15,702 mme_vla_suite.pseudo_labeling.topreward_qwen_scorer INFO: Prefix 4/8 (end=19, n_frames=4/20): reward=-18.2500 (mean, 1 tok)
2026-04-30 14:39:22,534 mme_vla_suite.pseudo_labeling.topreward_qwen_scorer INFO: Prefix 5/8 (end=24, n_frames=5/25): reward=-18.3750 (mean, 1 tok)
2026-04-30 14:39:29,377 mme_vla_suite.pseudo_labeling.topreward_qwen_scorer INFO: Prefix 6/8 (end=29, n_frames=6/30): reward=-18.7500 (mean, 1 tok)
2026-04-30 14:39:36,219 mme_vla_suite.pseudo_labeling.topreward_qwen_scorer INFO: Prefix 7/8 (end=34, n_frames=7/35): reward=-19.5000 (mean, 1 tok)
2026-04-30 14:39:43,073 mme_vla_suite.pseudo_labeling.topreward_qwen_scorer INFO: Prefix 8/8 (end=39, n_frames=8/40): reward=-18.8750 (mean, 1 tok)
2026-04-30 14:39:50,843 mme_vla_suite.pseudo_labeling.topreward_qwen_scorer INFO: Prefix 1/8 (end=4, n_frames=4/5): reward=-20.1250 (mean, 1 tok)
2026-04-30 14:39:57,678 mme_vla_suite.pseudo_labeling.topreward_qwen_scorer INFO: Prefix 2/8 (end=9, n_frames=4/10): reward=-19.3750 (mean, 1 tok)
2026-04-30 14:40:04,505 mme_vla_suite.pseudo_labeling.topreward_qwen_scorer INFO: Prefix 3/8 (end=14, n_frames=4/15): reward=-18.6250 (mean, 1 tok)
2026-04-30 14:40:11,356 mme_vla_suite.pseudo_labeling.topreward_qwen_scorer INFO: Prefix 4/8 (end=19, n_frames=4/20): reward=-18.5000 (mean, 1 tok)
2026-04-30 14:40:18,205 mme_vla_suite.pseudo_labeling.topreward_qwen_scorer INFO: Prefix 5/8 (end=24, n_frames=5/25): reward=-18.1250 (mean, 1 tok)
2026-04-30 14:40:25,048 mme_vla_suite.pseudo_labeling.topreward_qwen_scorer INFO: Prefix 6/8 (end=29, n_frames=6/30): reward=-17.7500 (mean, 1 tok)
2026-04-30 14:40:31,998 mme_vla_suite.pseudo_labeling.topreward_qwen_scorer INFO: Prefix 7/8 (end=34, n_frames=7/35): reward=-19.5000 (mean, 1 tok)
2026-04-30 14:40:38,957 mme_vla_suite.pseudo_labeling.topreward_qwen_scorer INFO: Prefix 8/8 (end=39, n_frames=8/40): reward=-18.8750 (mean, 1 tok)
2026-04-30 14:40:46,636 mme_vla_suite.pseudo_labeling.topreward_qwen_scorer INFO: Prefix 1/8 (end=4, n_frames=4/5): reward=-18.7500 (mean, 1 tok)
2026-04-30 14:40:53,463 mme_vla_suite.pseudo_labeling.topreward_qwen_scorer INFO: Prefix 2/8 (end=9, n_frames=4/10): reward=-18.0000 (mean, 1 tok)
2026-04-30 14:41:00,291 mme_vla_suite.pseudo_labeling.topreward_qwen_scorer INFO: Prefix 3/8 (end=14, n_frames=4/15): reward=-19.0000 (mean, 1 tok)
2026-04-30 14:41:07,121 mme_vla_suite.pseudo_labeling.topreward_qwen_scorer INFO: Prefix 4/8 (end=19, n_frames=4/20): reward=-18.8750 (mean, 1 tok)
2026-04-30 14:41:13,956 mme_vla_suite.pseudo_labeling.topreward_qwen_scorer INFO: Prefix 5/8 (end=24, n_frames=5/25): reward=-18.0000 (mean, 1 tok)
2026-04-30 14:41:20,778 mme_vla_suite.pseudo_labeling.topreward_qwen_scorer INFO: Prefix 6/8 (end=29, n_frames=6/30): reward=-17.8750 (mean, 1 tok)
2026-04-30 14:41:27,599 mme_vla_suite.pseudo_labeling.topreward_qwen_scorer INFO: Prefix 7/8 (end=34, n_frames=7/35): reward=-17.8750 (mean, 1 tok)
2026-04-30 14:41:34,456 mme_vla_suite.pseudo_labeling.topreward_qwen_scorer INFO: Prefix 8/8 (end=39, n_frames=8/40): reward=-18.5000 (mean, 1 tok)
2026-04-30 14:41:42,677 mme_vla_suite.pseudo_labeling.topreward_qwen_scorer INFO: Prefix 1/8 (end=5, n_frames=4/6): reward=-19.6250 (mean, 1 tok)
2026-04-30 14:41:49,500 mme_vla_suite.pseudo_labeling.topreward_qwen_scorer INFO: Prefix 2/8 (end=12, n_frames=4/13): reward=-19.3750 (mean, 1 tok)
2026-04-30 14:41:56,327 mme_vla_suite.pseudo_labeling.topreward_qwen_scorer INFO: Prefix 3/8 (end=19, n_frames=4/20): reward=-19.5000 (mean, 1 tok)
2026-04-30 14:42:03,164 mme_vla_suite.pseudo_labeling.topreward_qwen_scorer INFO: Prefix 4/8 (end=26, n_frames=5/27): reward=-19.5000 (mean, 1 tok)
2026-04-30 14:42:10,006 mme_vla_suite.pseudo_labeling.topreward_qwen_scorer INFO: Prefix 5/8 (end=34, n_frames=7/35): reward=-19.1250 (mean, 1 tok)
2026-04-30 14:42:16,820 mme_vla_suite.pseudo_labeling.topreward_qwen_scorer INFO: Prefix 6/8 (end=41, n_frames=8/42): reward=-19.2500 (mean, 1 tok)
2026-04-30 14:42:23,677 mme_vla_suite.pseudo_labeling.topreward_qwen_scorer INFO: Prefix 7/8 (end=48, n_frames=10/49): reward=-18.1250 (mean, 1 tok)
2026-04-30 14:42:30,556 mme_vla_suite.pseudo_labeling.topreward_qwen_scorer INFO: Prefix 8/8 (end=56, n_frames=11/57): reward=-17.7500 (mean, 1 tok)
2026-04-30 14:42:38,252 mme_vla_suite.pseudo_labeling.topreward_qwen_scorer INFO: Prefix 1/8 (end=10, n_frames=4/11): reward=-20.1250 (mean, 1 tok)
2026-04-30 14:42:45,091 mme_vla_suite.pseudo_labeling.topreward_qwen_scorer INFO: Prefix 2/8 (end=23, n_frames=5/24): reward=-19.6250 (mean, 1 tok)
2026-04-30 14:42:51,925 mme_vla_suite.pseudo_labeling.topreward_qwen_scorer INFO: Prefix 3/8 (end=36, n_frames=7/37): reward=-19.8750 (mean, 1 tok)
2026-04-30 14:42:58,764 mme_vla_suite.pseudo_labeling.topreward_qwen_scorer INFO: Prefix 4/8 (end=49, n_frames=10/50): reward=-18.6250 (mean, 1 tok)
2026-04-30 14:43:05,654 mme_vla_suite.pseudo_labeling.topreward_qwen_scorer INFO: Prefix 5/8 (end=62, n_frames=13/63): reward=-20.0000 (mean, 1 tok)
2026-04-30 14:43:12,540 mme_vla_suite.pseudo_labeling.topreward_qwen_scorer INFO: Prefix 6/8 (end=75, n_frames=15/76): reward=-18.5000 (mean, 1 tok)
2026-04-30 14:43:19,460 mme_vla_suite.pseudo_labeling.topreward_qwen_scorer INFO: Prefix 7/8 (end=88, n_frames=18/89): reward=-18.0000 (mean, 1 tok)
2026-04-30 14:43:26,385 mme_vla_suite.pseudo_labeling.topreward_qwen_scorer INFO: Prefix 8/8 (end=101, n_frames=20/102): reward=-18.8750 (mean, 1 tok)
2026-04-30 14:43:34,528 mme_vla_suite.pseudo_labeling.topreward_qwen_scorer INFO: Prefix 1/8 (end=20, n_frames=4/21): reward=-19.5000 (mean, 1 tok)
2026-04-30 14:43:41,366 mme_vla_suite.pseudo_labeling.topreward_qwen_scorer INFO: Prefix 2/8 (end=45, n_frames=9/46): reward=-17.0000 (mean, 1 tok)
2026-04-30 14:43:48,239 mme_vla_suite.pseudo_labeling.topreward_qwen_scorer INFO: Prefix 3/8 (end=71, n_frames=14/72): reward=-16.2500 (mean, 1 tok)
2026-04-30 14:43:55,152 mme_vla_suite.pseudo_labeling.topreward_qwen_scorer INFO: Prefix 4/8 (end=97, n_frames=20/98): reward=-16.2500 (mean, 1 tok)
2026-04-30 14:44:02,139 mme_vla_suite.pseudo_labeling.topreward_qwen_scorer INFO: Prefix 5/8 (end=122, n_frames=25/123): reward=-16.5000 (mean, 1 tok)
2026-04-30 14:44:09,138 mme_vla_suite.pseudo_labeling.topreward_qwen_scorer INFO: Prefix 6/8 (end=148, n_frames=30/149): reward=-14.6250 (mean, 1 tok)
2026-04-30 14:44:16,204 mme_vla_suite.pseudo_labeling.topreward_qwen_scorer INFO: Prefix 7/8 (end=174, n_frames=35/175): reward=-15.0000 (mean, 1 tok)
2026-04-30 14:44:23,306 mme_vla_suite.pseudo_labeling.topreward_qwen_scorer INFO: Prefix 8/8 (end=200, n_frames=40/201): reward=-14.1250 (mean, 1 tok)
2026-04-30 14:44:30,997 mme_vla_suite.pseudo_labeling.topreward_qwen_scorer INFO: Prefix 1/8 (end=4, n_frames=4/5): reward=-20.2500 (mean, 1 tok)
2026-04-30 14:44:37,830 mme_vla_suite.pseudo_labeling.topreward_qwen_scorer INFO: Prefix 2/8 (end=6, n_frames=4/7): reward=-20.3750 (mean, 1 tok)
2026-04-30 14:44:44,651 mme_vla_suite.pseudo_labeling.topreward_qwen_scorer INFO: Prefix 3/8 (end=8, n_frames=4/9): reward=-20.6250 (mean, 1 tok)
2026-04-30 14:44:51,476 mme_vla_suite.pseudo_labeling.topreward_qwen_scorer INFO: Prefix 4/8 (end=11, n_frames=4/12): reward=-20.2500 (mean, 1 tok)
2026-04-30 14:44:58,295 mme_vla_suite.pseudo_labeling.topreward_qwen_scorer INFO: Prefix 5/8 (end=13, n_frames=4/14): reward=-20.1250 (mean, 1 tok)
2026-04-30 14:45:05,131 mme_vla_suite.pseudo_labeling.topreward_qwen_scorer INFO: Prefix 6/8 (end=16, n_frames=4/17): reward=-19.8750 (mean, 1 tok)
2026-04-30 14:45:11,956 mme_vla_suite.pseudo_labeling.topreward_qwen_scorer INFO: Prefix 7/8 (end=18, n_frames=4/19): reward=-20.7500 (mean, 1 tok)
2026-04-30 14:45:18,767 mme_vla_suite.pseudo_labeling.topreward_qwen_scorer INFO: Prefix 8/8 (end=21, n_frames=4/22): reward=-20.7500 (mean, 1 tok)
2026-04-30 14:45:26,642 mme_vla_suite.pseudo_labeling.topreward_qwen_scorer INFO: Prefix 1/8 (end=4, n_frames=4/5): reward=-20.1250 (mean, 1 tok)
2026-04-30 14:45:33,465 mme_vla_suite.pseudo_labeling.topreward_qwen_scorer INFO: Prefix 2/8 (end=9, n_frames=4/10): reward=-19.8750 (mean, 1 tok)
2026-04-30 14:45:40,296 mme_vla_suite.pseudo_labeling.topreward_qwen_scorer INFO: Prefix 3/8 (end=14, n_frames=4/15): reward=-19.7500 (mean, 1 tok)
2026-04-30 14:45:47,133 mme_vla_suite.pseudo_labeling.topreward_qwen_scorer INFO: Prefix 4/8 (end=20, n_frames=4/21): reward=-17.2500 (mean, 1 tok)
2026-04-30 14:45:53,976 mme_vla_suite.pseudo_labeling.topreward_qwen_scorer INFO: Prefix 5/8 (end=25, n_frames=5/26): reward=-19.0000 (mean, 1 tok)
2026-04-30 14:46:00,832 mme_vla_suite.pseudo_labeling.topreward_qwen_scorer INFO: Prefix 6/8 (end=31, n_frames=6/32): reward=-18.5000 (mean, 1 tok)
2026-04-30 14:46:07,688 mme_vla_suite.pseudo_labeling.topreward_qwen_scorer INFO: Prefix 7/8 (end=36, n_frames=7/37): reward=-18.8750 (mean, 1 tok)
2026-04-30 14:46:14,538 mme_vla_suite.pseudo_labeling.topreward_qwen_scorer INFO: Prefix 8/8 (end=42, n_frames=9/43): reward=-18.6250 (mean, 1 tok)
2026-04-30 14:46:22,313 mme_vla_suite.pseudo_labeling.topreward_qwen_scorer INFO: Prefix 1/8 (end=4, n_frames=4/5): reward=-19.2500 (mean, 1 tok)
2026-04-30 14:46:29,157 mme_vla_suite.pseudo_labeling.topreward_qwen_scorer INFO: Prefix 2/8 (end=9, n_frames=4/10): reward=-18.6250 (mean, 1 tok)
2026-04-30 14:46:35,972 mme_vla_suite.pseudo_labeling.topreward_qwen_scorer INFO: Prefix 3/8 (end=14, n_frames=4/15): reward=-19.0000 (mean, 1 tok)
2026-04-30 14:46:42,791 mme_vla_suite.pseudo_labeling.topreward_qwen_scorer INFO: Prefix 4/8 (end=20, n_frames=4/21): reward=-18.1250 (mean, 1 tok)
2026-04-30 14:46:49,634 mme_vla_suite.pseudo_labeling.topreward_qwen_scorer INFO: Prefix 5/8 (end=25, n_frames=5/26): reward=-19.0000 (mean, 1 tok)
2026-04-30 14:46:56,467 mme_vla_suite.pseudo_labeling.topreward_qwen_scorer INFO: Prefix 6/8 (end=31, n_frames=6/32): reward=-18.6250 (mean, 1 tok)
2026-04-30 14:47:03,301 mme_vla_suite.pseudo_labeling.topreward_qwen_scorer INFO: Prefix 7/8 (end=36, n_frames=7/37): reward=-19.1250 (mean, 1 tok)
2026-04-30 14:47:10,142 mme_vla_suite.pseudo_labeling.topreward_qwen_scorer INFO: Prefix 8/8 (end=42, n_frames=9/43): reward=-19.3750 (mean, 1 tok)
2026-04-30 14:47:17,999 mme_vla_suite.pseudo_labeling.topreward_qwen_scorer INFO: Prefix 1/8 (end=4, n_frames=4/5): reward=-21.0000 (mean, 1 tok)
2026-04-30 14:47:24,848 mme_vla_suite.pseudo_labeling.topreward_qwen_scorer INFO: Prefix 2/8 (end=9, n_frames=4/10): reward=-20.2500 (mean, 1 tok)
2026-04-30 14:47:31,683 mme_vla_suite.pseudo_labeling.topreward_qwen_scorer INFO: Prefix 3/8 (end=14, n_frames=4/15): reward=-20.0000 (mean, 1 tok)
2026-04-30 14:47:38,530 mme_vla_suite.pseudo_labeling.topreward_qwen_scorer INFO: Prefix 4/8 (end=20, n_frames=4/21): reward=-18.7500 (mean, 1 tok)
2026-04-30 14:47:45,375 mme_vla_suite.pseudo_labeling.topreward_qwen_scorer INFO: Prefix 5/8 (end=25, n_frames=5/26): reward=-19.1250 (mean, 1 tok)
2026-04-30 14:47:52,205 mme_vla_suite.pseudo_labeling.topreward_qwen_scorer INFO: Prefix 6/8 (end=31, n_frames=6/32): reward=-18.8750 (mean, 1 tok)
2026-04-30 14:47:59,046 mme_vla_suite.pseudo_labeling.topreward_qwen_scorer INFO: Prefix 7/8 (end=36, n_frames=7/37): reward=-19.1250 (mean, 1 tok)
2026-04-30 14:48:05,898 mme_vla_suite.pseudo_labeling.topreward_qwen_scorer INFO: Prefix 8/8 (end=42, n_frames=9/43): reward=-19.2500 (mean, 1 tok)
2026-04-30 14:48:13,824 mme_vla_suite.pseudo_labeling.topreward_qwen_scorer INFO: Prefix 1/8 (end=4, n_frames=4/5): reward=-18.7500 (mean, 1 tok)
2026-04-30 14:48:20,642 mme_vla_suite.pseudo_labeling.topreward_qwen_scorer INFO: Prefix 2/8 (end=9, n_frames=4/10): reward=-19.3750 (mean, 1 tok)
2026-04-30 14:48:27,475 mme_vla_suite.pseudo_labeling.topreward_qwen_scorer INFO: Prefix 3/8 (end=14, n_frames=4/15): reward=-19.3750 (mean, 1 tok)
2026-04-30 14:48:34,312 mme_vla_suite.pseudo_labeling.topreward_qwen_scorer INFO: Prefix 4/8 (end=19, n_frames=4/20): reward=-18.7500 (mean, 1 tok)
2026-04-30 14:48:41,211 mme_vla_suite.pseudo_labeling.topreward_qwen_scorer INFO: Prefix 5/8 (end=24, n_frames=5/25): reward=-18.1250 (mean, 1 tok)
2026-04-30 14:48:48,036 mme_vla_suite.pseudo_labeling.topreward_qwen_scorer INFO: Prefix 6/8 (end=29, n_frames=6/30): reward=-18.7500 (mean, 1 tok)
2026-04-30 14:48:54,862 mme_vla_suite.pseudo_labeling.topreward_qwen_scorer INFO: Prefix 7/8 (end=34, n_frames=7/35): reward=-16.8750 (mean, 1 tok)
2026-04-30 14:49:01,696 mme_vla_suite.pseudo_labeling.topreward_qwen_scorer INFO: Prefix 8/8 (end=39, n_frames=8/40): reward=-17.6250 (mean, 1 tok)
2026-04-30 14:49:09,919 mme_vla_suite.pseudo_labeling.topreward_qwen_scorer INFO: Prefix 1/8 (end=5, n_frames=4/6): reward=-19.6250 (mean, 1 tok)
2026-04-30 14:49:16,738 mme_vla_suite.pseudo_labeling.topreward_qwen_scorer INFO: Prefix 2/8 (end=12, n_frames=4/13): reward=-19.6250 (mean, 1 tok)
2026-04-30 14:49:23,540 mme_vla_suite.pseudo_labeling.topreward_qwen_scorer INFO: Prefix 3/8 (end=19, n_frames=4/20): reward=-19.6250 (mean, 1 tok)
2026-04-30 14:49:30,374 mme_vla_suite.pseudo_labeling.topreward_qwen_scorer INFO: Prefix 4/8 (end=26, n_frames=5/27): reward=-19.0000 (mean, 1 tok)
2026-04-30 14:49:37,215 mme_vla_suite.pseudo_labeling.topreward_qwen_scorer INFO: Prefix 5/8 (end=33, n_frames=7/34): reward=-19.1250 (mean, 1 tok)
2026-04-30 14:49:44,055 mme_vla_suite.pseudo_labeling.topreward_qwen_scorer INFO: Prefix 6/8 (end=40, n_frames=8/41): reward=-18.5000 (mean, 1 tok)
2026-04-30 14:49:50,906 mme_vla_suite.pseudo_labeling.topreward_qwen_scorer INFO: Prefix 7/8 (end=47, n_frames=10/48): reward=-18.6250 (mean, 1 tok)
2026-04-30 14:49:57,755 mme_vla_suite.pseudo_labeling.topreward_qwen_scorer INFO: Prefix 8/8 (end=55, n_frames=11/56): reward=-18.0000 (mean, 1 tok)
2026-04-30 14:50:05,397 mme_vla_suite.pseudo_labeling.topreward_qwen_scorer INFO: Prefix 1/8 (end=9, n_frames=4/10): reward=-20.0000 (mean, 1 tok)
2026-04-30 14:50:12,230 mme_vla_suite.pseudo_labeling.topreward_qwen_scorer INFO: Prefix 2/8 (end=21, n_frames=4/22): reward=-19.3750 (mean, 1 tok)
2026-04-30 14:50:19,064 mme_vla_suite.pseudo_labeling.topreward_qwen_scorer INFO: Prefix 3/8 (end=34, n_frames=7/35): reward=-18.7500 (mean, 1 tok)
2026-04-30 14:50:25,915 mme_vla_suite.pseudo_labeling.topreward_qwen_scorer INFO: Prefix 4/8 (end=46, n_frames=9/47): reward=-18.3750 (mean, 1 tok)
2026-04-30 14:50:32,797 mme_vla_suite.pseudo_labeling.topreward_qwen_scorer INFO: Prefix 5/8 (end=59, n_frames=12/60): reward=-18.3750 (mean, 1 tok)
2026-04-30 14:50:39,675 mme_vla_suite.pseudo_labeling.topreward_qwen_scorer INFO: Prefix 6/8 (end=71, n_frames=14/72): reward=-18.6250 (mean, 1 tok)
2026-04-30 14:50:46,581 mme_vla_suite.pseudo_labeling.topreward_qwen_scorer INFO: Prefix 7/8 (end=84, n_frames=17/85): reward=-18.8750 (mean, 1 tok)
2026-04-30 14:50:53,483 mme_vla_suite.pseudo_labeling.topreward_qwen_scorer INFO: Prefix 8/8 (end=97, n_frames=20/98): reward=-18.6250 (mean, 1 tok)
2026-04-30 14:51:01,270 mme_vla_suite.pseudo_labeling.topreward_qwen_scorer INFO: Prefix 1/8 (end=10, n_frames=4/11): reward=-20.3750 (mean, 1 tok)
2026-04-30 14:51:08,081 mme_vla_suite.pseudo_labeling.topreward_qwen_scorer INFO: Prefix 2/8 (end=24, n_frames=5/25): reward=-21.1250 (mean, 1 tok)
2026-04-30 14:51:14,918 mme_vla_suite.pseudo_labeling.topreward_qwen_scorer INFO: Prefix 3/8 (end=38, n_frames=8/39): reward=-14.8750 (mean, 1 tok)
2026-04-30 14:51:21,781 mme_vla_suite.pseudo_labeling.topreward_qwen_scorer INFO: Prefix 4/8 (end=52, n_frames=11/53): reward=-14.6250 (mean, 1 tok)
2026-04-30 14:51:28,644 mme_vla_suite.pseudo_labeling.topreward_qwen_scorer INFO: Prefix 5/8 (end=66, n_frames=13/67): reward=-14.6250 (mean, 1 tok)
2026-04-30 14:51:35,503 mme_vla_suite.pseudo_labeling.topreward_qwen_scorer INFO: Prefix 6/8 (end=80, n_frames=16/81): reward=-14.3750 (mean, 1 tok)
2026-04-30 14:51:42,396 mme_vla_suite.pseudo_labeling.topreward_qwen_scorer INFO: Prefix 7/8 (end=94, n_frames=19/95): reward=-12.7500 (mean, 1 tok)
2026-04-30 14:51:49,307 mme_vla_suite.pseudo_labeling.topreward_qwen_scorer INFO: Prefix 8/8 (end=108, n_frames=22/109): reward=-13.7500 (mean, 1 tok)
2026-04-30 14:51:57,102 mme_vla_suite.pseudo_labeling.topreward_qwen_scorer INFO: Prefix 1/8 (end=4, n_frames=4/5): reward=-19.5000 (mean, 1 tok)
2026-04-30 14:52:03,935 mme_vla_suite.pseudo_labeling.topreward_qwen_scorer INFO: Prefix 2/8 (end=9, n_frames=4/10): reward=-18.6250 (mean, 1 tok)
2026-04-30 14:52:10,756 mme_vla_suite.pseudo_labeling.topreward_qwen_scorer INFO: Prefix 3/8 (end=15, n_frames=4/16): reward=-18.3750 (mean, 1 tok)
2026-04-30 14:52:17,588 mme_vla_suite.pseudo_labeling.topreward_qwen_scorer INFO: Prefix 4/8 (end=21, n_frames=4/22): reward=-17.2500 (mean, 1 tok)
2026-04-30 14:52:24,450 mme_vla_suite.pseudo_labeling.topreward_qwen_scorer INFO: Prefix 5/8 (end=27, n_frames=6/28): reward=-17.0000 (mean, 1 tok)
2026-04-30 14:52:31,304 mme_vla_suite.pseudo_labeling.topreward_qwen_scorer INFO: Prefix 6/8 (end=33, n_frames=7/34): reward=-17.8750 (mean, 1 tok)
2026-04-30 14:52:38,160 mme_vla_suite.pseudo_labeling.topreward_qwen_scorer INFO: Prefix 7/8 (end=39, n_frames=8/40): reward=-17.7500 (mean, 1 tok)
2026-04-30 14:52:45,033 mme_vla_suite.pseudo_labeling.topreward_qwen_scorer INFO: Prefix 8/8 (end=45, n_frames=9/46): reward=-18.3750 (mean, 1 tok)
2026-04-30 14:52:52,796 mme_vla_suite.pseudo_labeling.topreward_qwen_scorer INFO: Prefix 1/8 (end=4, n_frames=4/5): reward=-19.1250 (mean, 1 tok)
2026-04-30 14:52:59,607 mme_vla_suite.pseudo_labeling.topreward_qwen_scorer INFO: Prefix 2/8 (end=8, n_frames=4/9): reward=-17.8750 (mean, 1 tok)
2026-04-30 14:53:06,424 mme_vla_suite.pseudo_labeling.topreward_qwen_scorer INFO: Prefix 3/8 (end=12, n_frames=4/13): reward=-18.6250 (mean, 1 tok)
2026-04-30 14:53:13,269 mme_vla_suite.pseudo_labeling.topreward_qwen_scorer INFO: Prefix 4/8 (end=17, n_frames=4/18): reward=-16.2500 (mean, 1 tok)
2026-04-30 14:53:20,089 mme_vla_suite.pseudo_labeling.topreward_qwen_scorer INFO: Prefix 5/8 (end=21, n_frames=4/22): reward=-17.1250 (mean, 1 tok)
2026-04-30 14:53:26,938 mme_vla_suite.pseudo_labeling.topreward_qwen_scorer INFO: Prefix 6/8 (end=26, n_frames=5/27): reward=-18.6250 (mean, 1 tok)
2026-04-30 14:53:33,783 mme_vla_suite.pseudo_labeling.topreward_qwen_scorer INFO: Prefix 7/8 (end=30, n_frames=6/31): reward=-17.7500 (mean, 1 tok)
2026-04-30 14:53:40,632 mme_vla_suite.pseudo_labeling.topreward_qwen_scorer INFO: Prefix 8/8 (end=35, n_frames=7/36): reward=-18.3750 (mean, 1 tok)
2026-04-30 14:53:48,431 mme_vla_suite.pseudo_labeling.topreward_qwen_scorer INFO: Prefix 1/8 (end=4, n_frames=4/5): reward=-19.7500 (mean, 1 tok)
2026-04-30 14:53:55,236 mme_vla_suite.pseudo_labeling.topreward_qwen_scorer INFO: Prefix 2/8 (end=8, n_frames=4/9): reward=-19.1250 (mean, 1 tok)
2026-04-30 14:54:02,069 mme_vla_suite.pseudo_labeling.topreward_qwen_scorer INFO: Prefix 3/8 (end=12, n_frames=4/13): reward=-19.1250 (mean, 1 tok)
2026-04-30 14:54:08,910 mme_vla_suite.pseudo_labeling.topreward_qwen_scorer INFO: Prefix 4/8 (end=16, n_frames=4/17): reward=-19.2500 (mean, 1 tok)
2026-04-30 14:54:15,740 mme_vla_suite.pseudo_labeling.topreward_qwen_scorer INFO: Prefix 5/8 (end=20, n_frames=4/21): reward=-18.6250 (mean, 1 tok)
2026-04-30 14:54:22,582 mme_vla_suite.pseudo_labeling.topreward_qwen_scorer INFO: Prefix 6/8 (end=24, n_frames=5/25): reward=-19.1250 (mean, 1 tok)
2026-04-30 14:54:29,423 mme_vla_suite.pseudo_labeling.topreward_qwen_scorer INFO: Prefix 7/8 (end=28, n_frames=6/29): reward=-18.2500 (mean, 1 tok)
2026-04-30 14:54:36,264 mme_vla_suite.pseudo_labeling.topreward_qwen_scorer INFO: Prefix 8/8 (end=33, n_frames=7/34): reward=-18.2500 (mean, 1 tok)
2026-04-30 14:54:44,220 mme_vla_suite.pseudo_labeling.topreward_qwen_scorer INFO: Prefix 1/8 (end=4, n_frames=4/5): reward=-19.0000 (mean, 1 tok)
2026-04-30 14:54:51,058 mme_vla_suite.pseudo_labeling.topreward_qwen_scorer INFO: Prefix 2/8 (end=8, n_frames=4/9): reward=-18.3750 (mean, 1 tok)
2026-04-30 14:54:57,882 mme_vla_suite.pseudo_labeling.topreward_qwen_scorer INFO: Prefix 3/8 (end=12, n_frames=4/13): reward=-18.2500 (mean, 1 tok)
2026-04-30 14:55:04,728 mme_vla_suite.pseudo_labeling.topreward_qwen_scorer INFO: Prefix 4/8 (end=16, n_frames=4/17): reward=-18.0000 (mean, 1 tok)
2026-04-30 14:55:11,581 mme_vla_suite.pseudo_labeling.topreward_qwen_scorer INFO: Prefix 5/8 (end=21, n_frames=4/22): reward=-18.0000 (mean, 1 tok)
2026-04-30 14:55:18,416 mme_vla_suite.pseudo_labeling.topreward_qwen_scorer INFO: Prefix 6/8 (end=25, n_frames=5/26): reward=-18.6250 (mean, 1 tok)
2026-04-30 14:55:25,274 mme_vla_suite.pseudo_labeling.topreward_qwen_scorer INFO: Prefix 7/8 (end=29, n_frames=6/30): reward=-18.6250 (mean, 1 tok)
2026-04-30 14:55:32,174 mme_vla_suite.pseudo_labeling.topreward_qwen_scorer INFO: Prefix 8/8 (end=34, n_frames=7/35): reward=-18.5000 (mean, 1 tok)
2026-04-30 14:55:39,828 mme_vla_suite.pseudo_labeling.topreward_qwen_scorer INFO: Prefix 1/8 (end=4, n_frames=4/5): reward=-18.2500 (mean, 1 tok)
2026-04-30 14:55:46,640 mme_vla_suite.pseudo_labeling.topreward_qwen_scorer INFO: Prefix 2/8 (end=8, n_frames=4/9): reward=-18.5000 (mean, 1 tok)
2026-04-30 14:55:53,487 mme_vla_suite.pseudo_labeling.topreward_qwen_scorer INFO: Prefix 3/8 (end=12, n_frames=4/13): reward=-18.1250 (mean, 1 tok)
2026-04-30 14:56:00,341 mme_vla_suite.pseudo_labeling.topreward_qwen_scorer INFO: Prefix 4/8 (end=16, n_frames=4/17): reward=-18.2500 (mean, 1 tok)
2026-04-30 14:56:07,150 mme_vla_suite.pseudo_labeling.topreward_qwen_scorer INFO: Prefix 5/8 (end=21, n_frames=4/22): reward=-17.6250 (mean, 1 tok)
2026-04-30 14:56:13,972 mme_vla_suite.pseudo_labeling.topreward_qwen_scorer INFO: Prefix 6/8 (end=25, n_frames=5/26): reward=-18.1250 (mean, 1 tok)
2026-04-30 14:56:20,790 mme_vla_suite.pseudo_labeling.topreward_qwen_scorer INFO: Prefix 7/8 (end=29, n_frames=6/30): reward=-17.3750 (mean, 1 tok)
2026-04-30 14:56:27,627 mme_vla_suite.pseudo_labeling.topreward_qwen_scorer INFO: Prefix 8/8 (end=34, n_frames=7/35): reward=-17.0000 (mean, 1 tok)
2026-04-30 14:56:35,657 mme_vla_suite.pseudo_labeling.topreward_qwen_scorer INFO: Prefix 1/8 (end=6, n_frames=4/7): reward=-19.7500 (mean, 1 tok)
2026-04-30 14:56:42,484 mme_vla_suite.pseudo_labeling.topreward_qwen_scorer INFO: Prefix 2/8 (end=13, n_frames=4/14): reward=-20.2500 (mean, 1 tok)
2026-04-30 14:56:49,299 mme_vla_suite.pseudo_labeling.topreward_qwen_scorer INFO: Prefix 3/8 (end=21, n_frames=4/22): reward=-19.1250 (mean, 1 tok)
2026-04-30 14:56:56,131 mme_vla_suite.pseudo_labeling.topreward_qwen_scorer INFO: Prefix 4/8 (end=28, n_frames=6/29): reward=-19.6250 (mean, 1 tok)
2026-04-30 14:57:02,961 mme_vla_suite.pseudo_labeling.topreward_qwen_scorer INFO: Prefix 5/8 (end=36, n_frames=7/37): reward=-19.3750 (mean, 1 tok)
2026-04-30 14:57:09,796 mme_vla_suite.pseudo_labeling.topreward_qwen_scorer INFO: Prefix 6/8 (end=43, n_frames=9/44): reward=-19.3750 (mean, 1 tok)
2026-04-30 14:57:16,652 mme_vla_suite.pseudo_labeling.topreward_qwen_scorer INFO: Prefix 7/8 (end=51, n_frames=10/52): reward=-18.3750 (mean, 1 tok)
2026-04-30 14:57:23,523 mme_vla_suite.pseudo_labeling.topreward_qwen_scorer INFO: Prefix 8/8 (end=59, n_frames=12/60): reward=-16.1250 (mean, 1 tok)
2026-04-30 14:57:31,367 mme_vla_suite.pseudo_labeling.topreward_qwen_scorer INFO: Prefix 1/8 (end=9, n_frames=4/10): reward=-20.3750 (mean, 1 tok)
2026-04-30 14:57:38,189 mme_vla_suite.pseudo_labeling.topreward_qwen_scorer INFO: Prefix 2/8 (end=21, n_frames=4/22): reward=-19.1250 (mean, 1 tok)
2026-04-30 14:57:45,024 mme_vla_suite.pseudo_labeling.topreward_qwen_scorer INFO: Prefix 3/8 (end=33, n_frames=7/34): reward=-19.1250 (mean, 1 tok)
2026-04-30 14:57:51,861 mme_vla_suite.pseudo_labeling.topreward_qwen_scorer INFO: Prefix 4/8 (end=46, n_frames=9/47): reward=-17.8750 (mean, 1 tok)
2026-04-30 14:57:58,734 mme_vla_suite.pseudo_labeling.topreward_qwen_scorer INFO: Prefix 5/8 (end=58, n_frames=12/59): reward=-16.1250 (mean, 1 tok)
2026-04-30 14:58:05,603 mme_vla_suite.pseudo_labeling.topreward_qwen_scorer INFO: Prefix 6/8 (end=71, n_frames=14/72): reward=-18.1250 (mean, 1 tok)
2026-04-30 14:58:12,497 mme_vla_suite.pseudo_labeling.topreward_qwen_scorer INFO: Prefix 7/8 (end=83, n_frames=17/84): reward=-17.0000 (mean, 1 tok)
2026-04-30 14:58:19,378 mme_vla_suite.pseudo_labeling.topreward_qwen_scorer INFO: Prefix 8/8 (end=96, n_frames=19/97): reward=-17.8750 (mean, 1 tok)
2026-04-30 14:58:27,529 mme_vla_suite.pseudo_labeling.topreward_qwen_scorer INFO: Prefix 1/8 (end=10, n_frames=4/11): reward=-19.8750 (mean, 1 tok)
2026-04-30 14:58:34,432 mme_vla_suite.pseudo_labeling.topreward_qwen_scorer INFO: Prefix 2/8 (end=23, n_frames=5/24): reward=-20.8750 (mean, 1 tok)
2026-04-30 14:58:41,305 mme_vla_suite.pseudo_labeling.topreward_qwen_scorer INFO: Prefix 3/8 (end=37, n_frames=8/38): reward=-14.3750 (mean, 1 tok)
2026-04-30 14:58:48,224 mme_vla_suite.pseudo_labeling.topreward_qwen_scorer INFO: Prefix 4/8 (end=50, n_frames=10/51): reward=-14.5000 (mean, 1 tok)
2026-04-30 14:58:55,075 mme_vla_suite.pseudo_labeling.topreward_qwen_scorer INFO: Prefix 5/8 (end=64, n_frames=13/65): reward=-14.7500 (mean, 1 tok)
2026-04-30 14:59:01,922 mme_vla_suite.pseudo_labeling.topreward_qwen_scorer INFO: Prefix 6/8 (end=77, n_frames=16/78): reward=-14.2500 (mean, 1 tok)
2026-04-30 14:59:08,804 mme_vla_suite.pseudo_labeling.topreward_qwen_scorer INFO: Prefix 7/8 (end=91, n_frames=18/92): reward=-12.7500 (mean, 1 tok)
2026-04-30 14:59:15,723 mme_vla_suite.pseudo_labeling.topreward_qwen_scorer INFO: Prefix 8/8 (end=105, n_frames=21/106): reward=-12.2500 (mean, 1 tok)
2026-04-30 14:59:23,350 mme_vla_suite.pseudo_labeling.topreward_qwen_scorer INFO: Prefix 1/8 (end=4, n_frames=4/5): reward=-21.0000 (mean, 1 tok)
2026-04-30 14:59:30,191 mme_vla_suite.pseudo_labeling.topreward_qwen_scorer INFO: Prefix 2/8 (end=8, n_frames=4/9): reward=-20.6250 (mean, 1 tok)
2026-04-30 14:59:37,035 mme_vla_suite.pseudo_labeling.topreward_qwen_scorer INFO: Prefix 3/8 (end=12, n_frames=4/13): reward=-20.6250 (mean, 1 tok)
2026-04-30 14:59:43,866 mme_vla_suite.pseudo_labeling.topreward_qwen_scorer INFO: Prefix 4/8 (end=16, n_frames=4/17): reward=-20.6250 (mean, 1 tok)
2026-04-30 14:59:50,716 mme_vla_suite.pseudo_labeling.topreward_qwen_scorer INFO: Prefix 5/8 (end=20, n_frames=4/21): reward=-20.1250 (mean, 1 tok)
2026-04-30 14:59:57,542 mme_vla_suite.pseudo_labeling.topreward_qwen_scorer INFO: Prefix 6/8 (end=24, n_frames=5/25): reward=-20.1250 (mean, 1 tok)
2026-04-30 15:00:04,386 mme_vla_suite.pseudo_labeling.topreward_qwen_scorer INFO: Prefix 7/8 (end=28, n_frames=6/29): reward=-20.2500 (mean, 1 tok)
2026-04-30 15:00:11,225 mme_vla_suite.pseudo_labeling.topreward_qwen_scorer INFO: Prefix 8/8 (end=32, n_frames=7/33): reward=-21.1250 (mean, 1 tok)
2026-04-30 15:00:18,920 mme_vla_suite.pseudo_labeling.topreward_qwen_scorer INFO: Prefix 1/8 (end=4, n_frames=4/5): reward=-19.7500 (mean, 1 tok)
2026-04-30 15:00:25,730 mme_vla_suite.pseudo_labeling.topreward_qwen_scorer INFO: Prefix 2/8 (end=8, n_frames=4/9): reward=-19.8750 (mean, 1 tok)
2026-04-30 15:00:32,553 mme_vla_suite.pseudo_labeling.topreward_qwen_scorer INFO: Prefix 3/8 (end=13, n_frames=4/14): reward=-18.2500 (mean, 1 tok)
2026-04-30 15:00:39,473 mme_vla_suite.pseudo_labeling.topreward_qwen_scorer INFO: Prefix 4/8 (end=18, n_frames=4/19): reward=-18.7500 (mean, 1 tok)
2026-04-30 15:00:46,327 mme_vla_suite.pseudo_labeling.topreward_qwen_scorer INFO: Prefix 5/8 (end=22, n_frames=5/23): reward=-20.0000 (mean, 1 tok)
2026-04-30 15:00:53,174 mme_vla_suite.pseudo_labeling.topreward_qwen_scorer INFO: Prefix 6/8 (end=27, n_frames=6/28): reward=-19.6250 (mean, 1 tok)
2026-04-30 15:01:00,011 mme_vla_suite.pseudo_labeling.topreward_qwen_scorer INFO: Prefix 7/8 (end=32, n_frames=7/33): reward=-20.5000 (mean, 1 tok)
2026-04-30 15:01:06,858 mme_vla_suite.pseudo_labeling.topreward_qwen_scorer INFO: Prefix 8/8 (end=37, n_frames=8/38): reward=-20.6250 (mean, 1 tok)
2026-04-30 15:01:14,667 mme_vla_suite.pseudo_labeling.topreward_qwen_scorer INFO: Prefix 1/8 (end=4, n_frames=4/5): reward=-19.8750 (mean, 1 tok)
2026-04-30 15:01:21,498 mme_vla_suite.pseudo_labeling.topreward_qwen_scorer INFO: Prefix 2/8 (end=9, n_frames=4/10): reward=-19.0000 (mean, 1 tok)
2026-04-30 15:01:28,338 mme_vla_suite.pseudo_labeling.topreward_qwen_scorer INFO: Prefix 3/8 (end=14, n_frames=4/15): reward=-19.2500 (mean, 1 tok)
2026-04-30 15:01:35,164 mme_vla_suite.pseudo_labeling.topreward_qwen_scorer INFO: Prefix 4/8 (end=20, n_frames=4/21): reward=-17.8750 (mean, 1 tok)
2026-04-30 15:01:42,000 mme_vla_suite.pseudo_labeling.topreward_qwen_scorer INFO: Prefix 5/8 (end=25, n_frames=5/26): reward=-19.1250 (mean, 1 tok)
2026-04-30 15:01:48,834 mme_vla_suite.pseudo_labeling.topreward_qwen_scorer INFO: Prefix 6/8 (end=31, n_frames=6/32): reward=-18.6250 (mean, 1 tok)
2026-04-30 15:01:55,689 mme_vla_suite.pseudo_labeling.topreward_qwen_scorer INFO: Prefix 7/8 (end=36, n_frames=7/37): reward=-18.8750 (mean, 1 tok)
2026-04-30 15:02:02,551 mme_vla_suite.pseudo_labeling.topreward_qwen_scorer INFO: Prefix 8/8 (end=42, n_frames=9/43): reward=-18.8750 (mean, 1 tok)
2026-04-30 15:02:10,408 mme_vla_suite.pseudo_labeling.topreward_qwen_scorer INFO: Prefix 1/8 (end=4, n_frames=4/5): reward=-19.6250 (mean, 1 tok)
2026-04-30 15:02:17,256 mme_vla_suite.pseudo_labeling.topreward_qwen_scorer INFO: Prefix 2/8 (end=9, n_frames=4/10): reward=-20.0000 (mean, 1 tok)
2026-04-30 15:02:24,081 mme_vla_suite.pseudo_labeling.topreward_qwen_scorer INFO: Prefix 3/8 (end=14, n_frames=4/15): reward=-19.3750 (mean, 1 tok)
2026-04-30 15:02:30,917 mme_vla_suite.pseudo_labeling.topreward_qwen_scorer INFO: Prefix 4/8 (end=19, n_frames=4/20): reward=-19.5000 (mean, 1 tok)
2026-04-30 15:02:37,777 mme_vla_suite.pseudo_labeling.topreward_qwen_scorer INFO: Prefix 5/8 (end=25, n_frames=5/26): reward=-20.2500 (mean, 1 tok)
2026-04-30 15:02:44,666 mme_vla_suite.pseudo_labeling.topreward_qwen_scorer INFO: Prefix 6/8 (end=30, n_frames=6/31): reward=-20.7500 (mean, 1 tok)
2026-04-30 15:02:51,590 mme_vla_suite.pseudo_labeling.topreward_qwen_scorer INFO: Prefix 7/8 (end=35, n_frames=7/36): reward=-21.1250 (mean, 1 tok)
2026-04-30 15:02:58,500 mme_vla_suite.pseudo_labeling.topreward_qwen_scorer INFO: Prefix 8/8 (end=41, n_frames=8/42): reward=-21.0000 (mean, 1 tok)
2026-04-30 15:03:06,509 mme_vla_suite.pseudo_labeling.topreward_qwen_scorer INFO: Prefix 1/8 (end=4, n_frames=4/5): reward=-20.3750 (mean, 1 tok)
2026-04-30 15:03:13,358 mme_vla_suite.pseudo_labeling.topreward_qwen_scorer INFO: Prefix 2/8 (end=9, n_frames=4/10): reward=-19.5000 (mean, 1 tok)
2026-04-30 15:03:20,195 mme_vla_suite.pseudo_labeling.topreward_qwen_scorer INFO: Prefix 3/8 (end=14, n_frames=4/15): reward=-19.7500 (mean, 1 tok)
2026-04-30 15:03:27,047 mme_vla_suite.pseudo_labeling.topreward_qwen_scorer INFO: Prefix 4/8 (end=19, n_frames=4/20): reward=-19.6250 (mean, 1 tok)
2026-04-30 15:03:33,873 mme_vla_suite.pseudo_labeling.topreward_qwen_scorer INFO: Prefix 5/8 (end=25, n_frames=5/26): reward=-20.2500 (mean, 1 tok)
2026-04-30 15:03:40,724 mme_vla_suite.pseudo_labeling.topreward_qwen_scorer INFO: Prefix 6/8 (end=30, n_frames=6/31): reward=-20.2500 (mean, 1 tok)
2026-04-30 15:03:47,575 mme_vla_suite.pseudo_labeling.topreward_qwen_scorer INFO: Prefix 7/8 (end=35, n_frames=7/36): reward=-19.3750 (mean, 1 tok)
2026-04-30 15:03:54,421 mme_vla_suite.pseudo_labeling.topreward_qwen_scorer INFO: Prefix 8/8 (end=41, n_frames=8/42): reward=-19.3750 (mean, 1 tok)
2026-04-30 15:04:02,777 mme_vla_suite.pseudo_labeling.topreward_qwen_scorer INFO: Prefix 1/8 (end=4, n_frames=4/5): reward=-19.8750 (mean, 1 tok)
2026-04-30 15:04:09,719 mme_vla_suite.pseudo_labeling.topreward_qwen_scorer INFO: Prefix 2/8 (end=9, n_frames=4/10): reward=-20.3750 (mean, 1 tok)
2026-04-30 15:04:16,539 mme_vla_suite.pseudo_labeling.topreward_qwen_scorer INFO: Prefix 3/8 (end=14, n_frames=4/15): reward=-20.1250 (mean, 1 tok)
2026-04-30 15:04:23,367 mme_vla_suite.pseudo_labeling.topreward_qwen_scorer INFO: Prefix 4/8 (end=19, n_frames=4/20): reward=-19.7500 (mean, 1 tok)
2026-04-30 15:04:30,318 mme_vla_suite.pseudo_labeling.topreward_qwen_scorer INFO: Prefix 5/8 (end=25, n_frames=5/26): reward=-20.3750 (mean, 1 tok)
2026-04-30 15:04:37,163 mme_vla_suite.pseudo_labeling.topreward_qwen_scorer INFO: Prefix 6/8 (end=30, n_frames=6/31): reward=-21.1250 (mean, 1 tok)
2026-04-30 15:04:44,095 mme_vla_suite.pseudo_labeling.topreward_qwen_scorer INFO: Prefix 7/8 (end=35, n_frames=7/36): reward=-21.3750 (mean, 1 tok)
2026-04-30 15:04:50,951 mme_vla_suite.pseudo_labeling.topreward_qwen_scorer INFO: Prefix 8/8 (end=41, n_frames=8/42): reward=-21.5000 (mean, 1 tok)
2026-04-30 15:04:58,775 mme_vla_suite.pseudo_labeling.topreward_qwen_scorer INFO: Prefix 1/8 (end=4, n_frames=4/5): reward=-21.0000 (mean, 1 tok)
2026-04-30 15:05:05,607 mme_vla_suite.pseudo_labeling.topreward_qwen_scorer INFO: Prefix 2/8 (end=8, n_frames=4/9): reward=-21.6250 (mean, 1 tok)
2026-04-30 15:05:12,431 mme_vla_suite.pseudo_labeling.topreward_qwen_scorer INFO: Prefix 3/8 (end=12, n_frames=4/13): reward=-20.7500 (mean, 1 tok)
2026-04-30 15:05:19,261 mme_vla_suite.pseudo_labeling.topreward_qwen_scorer INFO: Prefix 4/8 (end=16, n_frames=4/17): reward=-19.5000 (mean, 1 tok)
2026-04-30 15:05:26,086 mme_vla_suite.pseudo_labeling.topreward_qwen_scorer INFO: Prefix 5/8 (end=21, n_frames=4/22): reward=-18.0000 (mean, 1 tok)
2026-04-30 15:05:32,933 mme_vla_suite.pseudo_labeling.topreward_qwen_scorer INFO: Prefix 6/8 (end=25, n_frames=5/26): reward=-18.0000 (mean, 1 tok)
2026-04-30 15:05:39,767 mme_vla_suite.pseudo_labeling.topreward_qwen_scorer INFO: Prefix 7/8 (end=29, n_frames=6/30): reward=-16.8750 (mean, 1 tok)
2026-04-30 15:05:46,628 mme_vla_suite.pseudo_labeling.topreward_qwen_scorer INFO: Prefix 8/8 (end=34, n_frames=7/35): reward=-16.6250 (mean, 1 tok)
2026-04-30 15:05:54,320 mme_vla_suite.pseudo_labeling.topreward_qwen_scorer INFO: Prefix 1/8 (end=8, n_frames=4/9): reward=-23.6250 (mean, 1 tok)
2026-04-30 15:06:01,151 mme_vla_suite.pseudo_labeling.topreward_qwen_scorer INFO: Prefix 2/8 (end=18, n_frames=4/19): reward=-21.7500 (mean, 1 tok)
2026-04-30 15:06:07,981 mme_vla_suite.pseudo_labeling.topreward_qwen_scorer INFO: Prefix 3/8 (end=28, n_frames=6/29): reward=-22.1250 (mean, 1 tok)
2026-04-30 15:06:14,826 mme_vla_suite.pseudo_labeling.topreward_qwen_scorer INFO: Prefix 4/8 (end=38, n_frames=8/39): reward=-21.5000 (mean, 1 tok)
2026-04-30 15:06:21,768 mme_vla_suite.pseudo_labeling.topreward_qwen_scorer INFO: Prefix 5/8 (end=49, n_frames=10/50): reward=-22.1250 (mean, 1 tok)
2026-04-30 15:06:28,650 mme_vla_suite.pseudo_labeling.topreward_qwen_scorer INFO: Prefix 6/8 (end=59, n_frames=12/60): reward=-22.3750 (mean, 1 tok)
2026-04-30 15:06:35,526 mme_vla_suite.pseudo_labeling.topreward_qwen_scorer INFO: Prefix 7/8 (end=69, n_frames=14/70): reward=-22.5000 (mean, 1 tok)
2026-04-30 15:06:42,412 mme_vla_suite.pseudo_labeling.topreward_qwen_scorer INFO: Prefix 8/8 (end=80, n_frames=16/81): reward=-20.2500 (mean, 1 tok)
2026-04-30 15:06:50,319 mme_vla_suite.pseudo_labeling.topreward_qwen_scorer INFO: Prefix 1/8 (end=12, n_frames=4/13): reward=-23.0000 (mean, 1 tok)
2026-04-30 15:06:57,174 mme_vla_suite.pseudo_labeling.topreward_qwen_scorer INFO: Prefix 2/8 (end=27, n_frames=6/28): reward=-21.8750 (mean, 1 tok)
2026-04-30 15:07:04,034 mme_vla_suite.pseudo_labeling.topreward_qwen_scorer INFO: Prefix 3/8 (end=43, n_frames=9/44): reward=-21.8750 (mean, 1 tok)
2026-04-30 15:07:10,927 mme_vla_suite.pseudo_labeling.topreward_qwen_scorer INFO: Prefix 4/8 (end=59, n_frames=12/60): reward=-22.3750 (mean, 1 tok)
2026-04-30 15:07:17,849 mme_vla_suite.pseudo_labeling.topreward_qwen_scorer INFO: Prefix 5/8 (end=74, n_frames=15/75): reward=-19.7500 (mean, 1 tok)
2026-04-30 15:07:24,738 mme_vla_suite.pseudo_labeling.topreward_qwen_scorer INFO: Prefix 6/8 (end=90, n_frames=18/91): reward=-18.8750 (mean, 1 tok)
2026-04-30 15:07:31,632 mme_vla_suite.pseudo_labeling.topreward_qwen_scorer INFO: Prefix 7/8 (end=106, n_frames=21/107): reward=-17.2500 (mean, 1 tok)
2026-04-30 15:07:38,615 mme_vla_suite.pseudo_labeling.topreward_qwen_scorer INFO: Prefix 8/8 (end=122, n_frames=25/123): reward=-18.6250 (mean, 1 tok)
2026-04-30 15:07:46,494 mme_vla_suite.pseudo_labeling.topreward_qwen_scorer INFO: Prefix 1/8 (end=14, n_frames=4/15): reward=-20.8750 (mean, 1 tok)
2026-04-30 15:07:53,324 mme_vla_suite.pseudo_labeling.topreward_qwen_scorer INFO: Prefix 2/8 (end=33, n_frames=7/34): reward=-22.3750 (mean, 1 tok)
2026-04-30 15:08:00,198 mme_vla_suite.pseudo_labeling.topreward_qwen_scorer INFO: Prefix 3/8 (end=52, n_frames=11/53): reward=-16.7500 (mean, 1 tok)
2026-04-30 15:08:07,071 mme_vla_suite.pseudo_labeling.topreward_qwen_scorer INFO: Prefix 4/8 (end=71, n_frames=14/72): reward=-16.5000 (mean, 1 tok)
2026-04-30 15:08:13,970 mme_vla_suite.pseudo_labeling.topreward_qwen_scorer INFO: Prefix 5/8 (end=90, n_frames=18/91): reward=-14.8750 (mean, 1 tok)
2026-04-30 15:08:20,880 mme_vla_suite.pseudo_labeling.topreward_qwen_scorer INFO: Prefix 6/8 (end=109, n_frames=22/110): reward=-15.0000 (mean, 1 tok)
2026-04-30 15:08:27,893 mme_vla_suite.pseudo_labeling.topreward_qwen_scorer INFO: Prefix 7/8 (end=128, n_frames=26/129): reward=-15.3750 (mean, 1 tok)
2026-04-30 15:08:34,897 mme_vla_suite.pseudo_labeling.topreward_qwen_scorer INFO: Prefix 8/8 (end=148, n_frames=30/149): reward=-13.7500 (mean, 1 tok)
2026-04-30 15:08:42,586 mme_vla_suite.pseudo_labeling.topreward_qwen_scorer INFO: Prefix 1/8 (end=4, n_frames=4/5): reward=-20.0000 (mean, 1 tok)
2026-04-30 15:08:49,448 mme_vla_suite.pseudo_labeling.topreward_qwen_scorer INFO: Prefix 2/8 (end=9, n_frames=4/10): reward=-18.8750 (mean, 1 tok)
2026-04-30 15:08:56,284 mme_vla_suite.pseudo_labeling.topreward_qwen_scorer INFO: Prefix 3/8 (end=14, n_frames=4/15): reward=-19.0000 (mean, 1 tok)
2026-04-30 15:09:03,127 mme_vla_suite.pseudo_labeling.topreward_qwen_scorer INFO: Prefix 4/8 (end=19, n_frames=4/20): reward=-19.2500 (mean, 1 tok)
2026-04-30 15:09:09,970 mme_vla_suite.pseudo_labeling.topreward_qwen_scorer INFO: Prefix 5/8 (end=24, n_frames=5/25): reward=-19.1250 (mean, 1 tok)
2026-04-30 15:09:16,803 mme_vla_suite.pseudo_labeling.topreward_qwen_scorer INFO: Prefix 6/8 (end=29, n_frames=6/30): reward=-18.5000 (mean, 1 tok)
2026-04-30 15:09:23,647 mme_vla_suite.pseudo_labeling.topreward_qwen_scorer INFO: Prefix 7/8 (end=34, n_frames=7/35): reward=-19.2500 (mean, 1 tok)
2026-04-30 15:09:30,488 mme_vla_suite.pseudo_labeling.topreward_qwen_scorer INFO: Prefix 8/8 (end=40, n_frames=8/41): reward=-18.6250 (mean, 1 tok)
2026-04-30 15:09:38,347 mme_vla_suite.pseudo_labeling.topreward_qwen_scorer INFO: Prefix 1/8 (end=4, n_frames=4/5): reward=-19.7500 (mean, 1 tok)
2026-04-30 15:09:45,177 mme_vla_suite.pseudo_labeling.topreward_qwen_scorer INFO: Prefix 2/8 (end=9, n_frames=4/10): reward=-19.5000 (mean, 1 tok)
2026-04-30 15:09:52,002 mme_vla_suite.pseudo_labeling.topreward_qwen_scorer INFO: Prefix 3/8 (end=14, n_frames=4/15): reward=-18.8750 (mean, 1 tok)
2026-04-30 15:09:58,840 mme_vla_suite.pseudo_labeling.topreward_qwen_scorer INFO: Prefix 4/8 (end=19, n_frames=4/20): reward=-18.7500 (mean, 1 tok)
2026-04-30 15:10:05,687 mme_vla_suite.pseudo_labeling.topreward_qwen_scorer INFO: Prefix 5/8 (end=24, n_frames=5/25): reward=-17.7500 (mean, 1 tok)
2026-04-30 15:10:12,545 mme_vla_suite.pseudo_labeling.topreward_qwen_scorer INFO: Prefix 6/8 (end=29, n_frames=6/30): reward=-19.0000 (mean, 1 tok)
2026-04-30 15:10:19,420 mme_vla_suite.pseudo_labeling.topreward_qwen_scorer INFO: Prefix 7/8 (end=34, n_frames=7/35): reward=-19.8750 (mean, 1 tok)
2026-04-30 15:10:26,289 mme_vla_suite.pseudo_labeling.topreward_qwen_scorer INFO: Prefix 8/8 (end=39, n_frames=8/40): reward=-20.0000 (mean, 1 tok)
2026-04-30 15:10:34,074 mme_vla_suite.pseudo_labeling.topreward_qwen_scorer INFO: Prefix 1/8 (end=4, n_frames=4/5): reward=-20.1250 (mean, 1 tok)
2026-04-30 15:10:40,911 mme_vla_suite.pseudo_labeling.topreward_qwen_scorer INFO: Prefix 2/8 (end=8, n_frames=4/9): reward=-20.1250 (mean, 1 tok)
2026-04-30 15:10:47,752 mme_vla_suite.pseudo_labeling.topreward_qwen_scorer INFO: Prefix 3/8 (end=13, n_frames=4/14): reward=-19.5000 (mean, 1 tok)
2026-04-30 15:10:54,615 mme_vla_suite.pseudo_labeling.topreward_qwen_scorer INFO: Prefix 4/8 (end=18, n_frames=4/19): reward=-19.7500 (mean, 1 tok)
2026-04-30 15:11:01,494 mme_vla_suite.pseudo_labeling.topreward_qwen_scorer INFO: Prefix 5/8 (end=23, n_frames=5/24): reward=-19.1250 (mean, 1 tok)
2026-04-30 15:11:08,384 mme_vla_suite.pseudo_labeling.topreward_qwen_scorer INFO: Prefix 6/8 (end=28, n_frames=6/29): reward=-19.7500 (mean, 1 tok)
2026-04-30 15:11:15,276 mme_vla_suite.pseudo_labeling.topreward_qwen_scorer INFO: Prefix 7/8 (end=33, n_frames=7/34): reward=-19.2500 (mean, 1 tok)
2026-04-30 15:11:22,157 mme_vla_suite.pseudo_labeling.topreward_qwen_scorer INFO: Prefix 8/8 (end=38, n_frames=8/39): reward=-18.7500 (mean, 1 tok)
2026-04-30 15:11:29,884 mme_vla_suite.pseudo_labeling.topreward_qwen_scorer INFO: Prefix 1/8 (end=4, n_frames=4/5): reward=-20.2500 (mean, 1 tok)
2026-04-30 15:11:36,720 mme_vla_suite.pseudo_labeling.topreward_qwen_scorer INFO: Prefix 2/8 (end=8, n_frames=4/9): reward=-20.0000 (mean, 1 tok)
2026-04-30 15:11:43,534 mme_vla_suite.pseudo_labeling.topreward_qwen_scorer INFO: Prefix 3/8 (end=13, n_frames=4/14): reward=-19.5000 (mean, 1 tok)
2026-04-30 15:11:50,372 mme_vla_suite.pseudo_labeling.topreward_qwen_scorer INFO: Prefix 4/8 (end=18, n_frames=4/19): reward=-19.3750 (mean, 1 tok)
2026-04-30 15:11:57,223 mme_vla_suite.pseudo_labeling.topreward_qwen_scorer INFO: Prefix 5/8 (end=23, n_frames=5/24): reward=-18.7500 (mean, 1 tok)
2026-04-30 15:12:04,083 mme_vla_suite.pseudo_labeling.topreward_qwen_scorer INFO: Prefix 6/8 (end=28, n_frames=6/29): reward=-19.2500 (mean, 1 tok)
2026-04-30 15:12:10,930 mme_vla_suite.pseudo_labeling.topreward_qwen_scorer INFO: Prefix 7/8 (end=33, n_frames=7/34): reward=-20.3750 (mean, 1 tok)
2026-04-30 15:12:17,788 mme_vla_suite.pseudo_labeling.topreward_qwen_scorer INFO: Prefix 8/8 (end=38, n_frames=8/39): reward=-20.3750 (mean, 1 tok)
2026-04-30 15:12:25,749 mme_vla_suite.pseudo_labeling.topreward_qwen_scorer INFO: Prefix 1/8 (end=4, n_frames=4/5): reward=-20.5000 (mean, 1 tok)
2026-04-30 15:12:32,589 mme_vla_suite.pseudo_labeling.topreward_qwen_scorer INFO: Prefix 2/8 (end=8, n_frames=4/9): reward=-20.7500 (mean, 1 tok)
2026-04-30 15:12:39,413 mme_vla_suite.pseudo_labeling.topreward_qwen_scorer INFO: Prefix 3/8 (end=13, n_frames=4/14): reward=-19.8750 (mean, 1 tok)
2026-04-30 15:12:46,234 mme_vla_suite.pseudo_labeling.topreward_qwen_scorer INFO: Prefix 4/8 (end=18, n_frames=4/19): reward=-20.5000 (mean, 1 tok)
2026-04-30 15:12:53,084 mme_vla_suite.pseudo_labeling.topreward_qwen_scorer INFO: Prefix 5/8 (end=23, n_frames=5/24): reward=-19.7500 (mean, 1 tok)
2026-04-30 15:12:59,947 mme_vla_suite.pseudo_labeling.topreward_qwen_scorer INFO: Prefix 6/8 (end=28, n_frames=6/29): reward=-20.1250 (mean, 1 tok)
2026-04-30 15:13:06,808 mme_vla_suite.pseudo_labeling.topreward_qwen_scorer INFO: Prefix 7/8 (end=33, n_frames=7/34): reward=-20.2500 (mean, 1 tok)
2026-04-30 15:13:13,659 mme_vla_suite.pseudo_labeling.topreward_qwen_scorer INFO: Prefix 8/8 (end=38, n_frames=8/39): reward=-19.6250 (mean, 1 tok)
2026-04-30 15:13:21,530 mme_vla_suite.pseudo_labeling.topreward_qwen_scorer INFO: Prefix 1/8 (end=4, n_frames=4/5): reward=-20.5000 (mean, 1 tok)
2026-04-30 15:13:28,364 mme_vla_suite.pseudo_labeling.topreward_qwen_scorer INFO: Prefix 2/8 (end=8, n_frames=4/9): reward=-20.5000 (mean, 1 tok)
2026-04-30 15:13:35,207 mme_vla_suite.pseudo_labeling.topreward_qwen_scorer INFO: Prefix 3/8 (end=13, n_frames=4/14): reward=-20.0000 (mean, 1 tok)
2026-04-30 15:13:42,058 mme_vla_suite.pseudo_labeling.topreward_qwen_scorer INFO: Prefix 4/8 (end=18, n_frames=4/19): reward=-20.5000 (mean, 1 tok)
2026-04-30 15:13:48,905 mme_vla_suite.pseudo_labeling.topreward_qwen_scorer INFO: Prefix 5/8 (end=23, n_frames=5/24): reward=-19.7500 (mean, 1 tok)
2026-04-30 15:13:55,775 mme_vla_suite.pseudo_labeling.topreward_qwen_scorer INFO: Prefix 6/8 (end=28, n_frames=6/29): reward=-20.6250 (mean, 1 tok)
2026-04-30 15:14:02,650 mme_vla_suite.pseudo_labeling.topreward_qwen_scorer INFO: Prefix 7/8 (end=33, n_frames=7/34): reward=-21.5000 (mean, 1 tok)
2026-04-30 15:14:09,515 mme_vla_suite.pseudo_labeling.topreward_qwen_scorer INFO: Prefix 8/8 (end=38, n_frames=8/39): reward=-21.6250 (mean, 1 tok)
2026-04-30 15:14:17,441 mme_vla_suite.pseudo_labeling.topreward_qwen_scorer INFO: Prefix 1/8 (end=4, n_frames=4/5): reward=-21.7500 (mean, 1 tok)
2026-04-30 15:14:24,299 mme_vla_suite.pseudo_labeling.topreward_qwen_scorer INFO: Prefix 2/8 (end=8, n_frames=4/9): reward=-21.0000 (mean, 1 tok)
2026-04-30 15:14:31,147 mme_vla_suite.pseudo_labeling.topreward_qwen_scorer INFO: Prefix 3/8 (end=12, n_frames=4/13): reward=-21.8750 (mean, 1 tok)
2026-04-30 15:14:37,983 mme_vla_suite.pseudo_labeling.topreward_qwen_scorer INFO: Prefix 4/8 (end=16, n_frames=4/17): reward=-20.3750 (mean, 1 tok)
2026-04-30 15:14:44,825 mme_vla_suite.pseudo_labeling.topreward_qwen_scorer INFO: Prefix 5/8 (end=20, n_frames=4/21): reward=-19.5000 (mean, 1 tok)
2026-04-30 15:14:51,662 mme_vla_suite.pseudo_labeling.topreward_qwen_scorer INFO: Prefix 6/8 (end=24, n_frames=5/25): reward=-19.7500 (mean, 1 tok)
2026-04-30 15:14:58,511 mme_vla_suite.pseudo_labeling.topreward_qwen_scorer INFO: Prefix 7/8 (end=28, n_frames=6/29): reward=-18.5000 (mean, 1 tok)
2026-04-30 15:15:05,341 mme_vla_suite.pseudo_labeling.topreward_qwen_scorer INFO: Prefix 8/8 (end=33, n_frames=7/34): reward=-17.0000 (mean, 1 tok)
2026-04-30 15:15:12,875 mme_vla_suite.pseudo_labeling.topreward_qwen_scorer INFO: Prefix 1/8 (end=7, n_frames=4/8): reward=-20.8750 (mean, 1 tok)
2026-04-30 15:15:19,690 mme_vla_suite.pseudo_labeling.topreward_qwen_scorer INFO: Prefix 2/8 (end=16, n_frames=4/17): reward=-20.7500 (mean, 1 tok)
2026-04-30 15:15:26,498 mme_vla_suite.pseudo_labeling.topreward_qwen_scorer INFO: Prefix 3/8 (end=26, n_frames=5/27): reward=-20.5000 (mean, 1 tok)
2026-04-30 15:15:33,325 mme_vla_suite.pseudo_labeling.topreward_qwen_scorer INFO: Prefix 4/8 (end=36, n_frames=7/37): reward=-20.5000 (mean, 1 tok)
2026-04-30 15:15:40,160 mme_vla_suite.pseudo_labeling.topreward_qwen_scorer INFO: Prefix 5/8 (end=46, n_frames=9/47): reward=-20.6250 (mean, 1 tok)
2026-04-30 15:15:46,999 mme_vla_suite.pseudo_labeling.topreward_qwen_scorer INFO: Prefix 6/8 (end=56, n_frames=11/57): reward=-20.8750 (mean, 1 tok)
2026-04-30 15:15:53,846 mme_vla_suite.pseudo_labeling.topreward_qwen_scorer INFO: Prefix 7/8 (end=66, n_frames=13/67): reward=-19.8750 (mean, 1 tok)
2026-04-30 15:16:00,710 mme_vla_suite.pseudo_labeling.topreward_qwen_scorer INFO: Prefix 8/8 (end=76, n_frames=15/77): reward=-19.6250 (mean, 1 tok)
2026-04-30 15:16:08,464 mme_vla_suite.pseudo_labeling.topreward_qwen_scorer INFO: Prefix 1/8 (end=11, n_frames=4/12): reward=-20.5000 (mean, 1 tok)
2026-04-30 15:16:15,289 mme_vla_suite.pseudo_labeling.topreward_qwen_scorer INFO: Prefix 2/8 (end=26, n_frames=5/27): reward=-20.5000 (mean, 1 tok)
2026-04-30 15:16:22,150 mme_vla_suite.pseudo_labeling.topreward_qwen_scorer INFO: Prefix 3/8 (end=41, n_frames=8/42): reward=-20.3750 (mean, 1 tok)
2026-04-30 15:16:28,997 mme_vla_suite.pseudo_labeling.topreward_qwen_scorer INFO: Prefix 4/8 (end=56, n_frames=11/57): reward=-20.8750 (mean, 1 tok)
2026-04-30 15:16:35,867 mme_vla_suite.pseudo_labeling.topreward_qwen_scorer INFO: Prefix 5/8 (end=71, n_frames=14/72): reward=-19.7500 (mean, 1 tok)
2026-04-30 15:16:42,723 mme_vla_suite.pseudo_labeling.topreward_qwen_scorer INFO: Prefix 6/8 (end=86, n_frames=17/87): reward=-20.1250 (mean, 1 tok)
2026-04-30 15:16:49,618 mme_vla_suite.pseudo_labeling.topreward_qwen_scorer INFO: Prefix 7/8 (end=101, n_frames=20/102): reward=-20.1250 (mean, 1 tok)
2026-04-30 15:16:56,582 mme_vla_suite.pseudo_labeling.topreward_qwen_scorer INFO: Prefix 8/8 (end=117, n_frames=24/118): reward=-20.0000 (mean, 1 tok)
2026-04-30 15:17:04,658 mme_vla_suite.pseudo_labeling.topreward_qwen_scorer INFO: Prefix 1/8 (end=12, n_frames=4/13): reward=-21.3750 (mean, 1 tok)
2026-04-30 15:17:11,499 mme_vla_suite.pseudo_labeling.topreward_qwen_scorer INFO: Prefix 2/8 (end=27, n_frames=6/28): reward=-22.6250 (mean, 1 tok)
2026-04-30 15:17:18,367 mme_vla_suite.pseudo_labeling.topreward_qwen_scorer INFO: Prefix 3/8 (end=43, n_frames=9/44): reward=-18.5000 (mean, 1 tok)
2026-04-30 15:17:25,240 mme_vla_suite.pseudo_labeling.topreward_qwen_scorer INFO: Prefix 4/8 (end=59, n_frames=12/60): reward=-16.8750 (mean, 1 tok)
2026-04-30 15:17:32,107 mme_vla_suite.pseudo_labeling.topreward_qwen_scorer INFO: Prefix 5/8 (end=74, n_frames=15/75): reward=-16.2500 (mean, 1 tok)
2026-04-30 15:17:38,980 mme_vla_suite.pseudo_labeling.topreward_qwen_scorer INFO: Prefix 6/8 (end=90, n_frames=18/91): reward=-15.1250 (mean, 1 tok)
2026-04-30 15:17:45,882 mme_vla_suite.pseudo_labeling.topreward_qwen_scorer INFO: Prefix 7/8 (end=106, n_frames=21/107): reward=-14.8750 (mean, 1 tok)
2026-04-30 15:17:52,871 mme_vla_suite.pseudo_labeling.topreward_qwen_scorer INFO: Prefix 8/8 (end=122, n_frames=25/123): reward=-15.0000 (mean, 1 tok)
2026-04-30 15:18:00,542 mme_vla_suite.pseudo_labeling.topreward_qwen_scorer INFO: Prefix 1/8 (end=4, n_frames=4/5): reward=-20.3750 (mean, 1 tok)
2026-04-30 15:18:07,380 mme_vla_suite.pseudo_labeling.topreward_qwen_scorer INFO: Prefix 2/8 (end=8, n_frames=4/9): reward=-19.6250 (mean, 1 tok)
2026-04-30 15:18:14,219 mme_vla_suite.pseudo_labeling.topreward_qwen_scorer INFO: Prefix 3/8 (end=13, n_frames=4/14): reward=-19.3750 (mean, 1 tok)
2026-04-30 15:18:21,052 mme_vla_suite.pseudo_labeling.topreward_qwen_scorer INFO: Prefix 4/8 (end=18, n_frames=4/19): reward=-18.6250 (mean, 1 tok)
2026-04-30 15:18:27,886 mme_vla_suite.pseudo_labeling.topreward_qwen_scorer INFO: Prefix 5/8 (end=23, n_frames=5/24): reward=-18.3750 (mean, 1 tok)
2026-04-30 15:18:34,717 mme_vla_suite.pseudo_labeling.topreward_qwen_scorer INFO: Prefix 6/8 (end=28, n_frames=6/29): reward=-17.5000 (mean, 1 tok)
2026-04-30 15:18:41,570 mme_vla_suite.pseudo_labeling.topreward_qwen_scorer INFO: Prefix 7/8 (end=33, n_frames=7/34): reward=-18.2500 (mean, 1 tok)
2026-04-30 15:18:48,422 mme_vla_suite.pseudo_labeling.topreward_qwen_scorer INFO: Prefix 8/8 (end=38, n_frames=8/39): reward=-18.8750 (mean, 1 tok)
2026-04-30 15:18:56,174 mme_vla_suite.pseudo_labeling.topreward_qwen_scorer INFO: Prefix 1/8 (end=4, n_frames=4/5): reward=-19.6250 (mean, 1 tok)
2026-04-30 15:19:03,008 mme_vla_suite.pseudo_labeling.topreward_qwen_scorer INFO: Prefix 2/8 (end=9, n_frames=4/10): reward=-18.0000 (mean, 1 tok)
2026-04-30 15:19:09,834 mme_vla_suite.pseudo_labeling.topreward_qwen_scorer INFO: Prefix 3/8 (end=14, n_frames=4/15): reward=-18.1250 (mean, 1 tok)
2026-04-30 15:19:16,661 mme_vla_suite.pseudo_labeling.topreward_qwen_scorer INFO: Prefix 4/8 (end=19, n_frames=4/20): reward=-17.8750 (mean, 1 tok)
2026-04-30 15:19:23,490 mme_vla_suite.pseudo_labeling.topreward_qwen_scorer INFO: Prefix 5/8 (end=24, n_frames=5/25): reward=-17.3750 (mean, 1 tok)
2026-04-30 15:19:30,422 mme_vla_suite.pseudo_labeling.topreward_qwen_scorer INFO: Prefix 6/8 (end=29, n_frames=6/30): reward=-17.5000 (mean, 1 tok)
2026-04-30 15:19:37,266 mme_vla_suite.pseudo_labeling.topreward_qwen_scorer INFO: Prefix 7/8 (end=34, n_frames=7/35): reward=-18.6250 (mean, 1 tok)
2026-04-30 15:19:44,111 mme_vla_suite.pseudo_labeling.topreward_qwen_scorer INFO: Prefix 8/8 (end=40, n_frames=8/41): reward=-18.1250 (mean, 1 tok)
2026-04-30 15:19:52,053 mme_vla_suite.pseudo_labeling.topreward_qwen_scorer INFO: Prefix 1/8 (end=4, n_frames=4/5): reward=-19.1250 (mean, 1 tok)
2026-04-30 15:19:58,866 mme_vla_suite.pseudo_labeling.topreward_qwen_scorer INFO: Prefix 2/8 (end=8, n_frames=4/9): reward=-19.6250 (mean, 1 tok)
2026-04-30 15:20:05,675 mme_vla_suite.pseudo_labeling.topreward_qwen_scorer INFO: Prefix 3/8 (end=12, n_frames=4/13): reward=-20.1250 (mean, 1 tok)
2026-04-30 15:20:12,493 mme_vla_suite.pseudo_labeling.topreward_qwen_scorer INFO: Prefix 4/8 (end=17, n_frames=4/18): reward=-19.6250 (mean, 1 tok)
2026-04-30 15:20:19,308 mme_vla_suite.pseudo_labeling.topreward_qwen_scorer INFO: Prefix 5/8 (end=21, n_frames=4/22): reward=-19.3750 (mean, 1 tok)
2026-04-30 15:20:26,143 mme_vla_suite.pseudo_labeling.topreward_qwen_scorer INFO: Prefix 6/8 (end=26, n_frames=5/27): reward=-20.7500 (mean, 1 tok)
2026-04-30 15:20:32,961 mme_vla_suite.pseudo_labeling.topreward_qwen_scorer INFO: Prefix 7/8 (end=30, n_frames=6/31): reward=-19.8750 (mean, 1 tok)
2026-04-30 15:20:39,791 mme_vla_suite.pseudo_labeling.topreward_qwen_scorer INFO: Prefix 8/8 (end=35, n_frames=7/36): reward=-17.7500 (mean, 1 tok)
2026-04-30 15:20:47,684 mme_vla_suite.pseudo_labeling.topreward_qwen_scorer INFO: Prefix 1/8 (end=6, n_frames=4/7): reward=-21.1250 (mean, 1 tok)
2026-04-30 15:20:54,476 mme_vla_suite.pseudo_labeling.topreward_qwen_scorer INFO: Prefix 2/8 (end=14, n_frames=4/15): reward=-20.5000 (mean, 1 tok)
2026-04-30 15:21:01,306 mme_vla_suite.pseudo_labeling.topreward_qwen_scorer INFO: Prefix 3/8 (end=23, n_frames=5/24): reward=-20.1250 (mean, 1 tok)
2026-04-30 15:21:08,155 mme_vla_suite.pseudo_labeling.topreward_qwen_scorer INFO: Prefix 4/8 (end=31, n_frames=6/32): reward=-20.1250 (mean, 1 tok)
2026-04-30 15:21:14,996 mme_vla_suite.pseudo_labeling.topreward_qwen_scorer INFO: Prefix 5/8 (end=40, n_frames=8/41): reward=-19.2500 (mean, 1 tok)
2026-04-30 15:21:21,850 mme_vla_suite.pseudo_labeling.topreward_qwen_scorer INFO: Prefix 6/8 (end=48, n_frames=10/49): reward=-19.5000 (mean, 1 tok)
2026-04-30 15:21:28,703 mme_vla_suite.pseudo_labeling.topreward_qwen_scorer INFO: Prefix 7/8 (end=57, n_frames=12/58): reward=-19.2500 (mean, 1 tok)
2026-04-30 15:21:35,577 mme_vla_suite.pseudo_labeling.topreward_qwen_scorer INFO: Prefix 8/8 (end=66, n_frames=13/67): reward=-19.3750 (mean, 1 tok)
2026-04-30 15:21:43,529 mme_vla_suite.pseudo_labeling.topreward_qwen_scorer INFO: Prefix 1/8 (end=10, n_frames=4/11): reward=-20.5000 (mean, 1 tok)
2026-04-30 15:21:50,350 mme_vla_suite.pseudo_labeling.topreward_qwen_scorer INFO: Prefix 2/8 (end=23, n_frames=5/24): reward=-20.1250 (mean, 1 tok)
2026-04-30 15:21:57,199 mme_vla_suite.pseudo_labeling.topreward_qwen_scorer INFO: Prefix 3/8 (end=36, n_frames=7/37): reward=-19.6250 (mean, 1 tok)
2026-04-30 15:22:04,044 mme_vla_suite.pseudo_labeling.topreward_qwen_scorer INFO: Prefix 4/8 (end=49, n_frames=10/50): reward=-19.6250 (mean, 1 tok)
2026-04-30 15:22:10,918 mme_vla_suite.pseudo_labeling.topreward_qwen_scorer INFO: Prefix 5/8 (end=63, n_frames=13/64): reward=-19.2500 (mean, 1 tok)
2026-04-30 15:22:17,786 mme_vla_suite.pseudo_labeling.topreward_qwen_scorer INFO: Prefix 6/8 (end=76, n_frames=15/77): reward=-18.7500 (mean, 1 tok)
2026-04-30 15:22:24,687 mme_vla_suite.pseudo_labeling.topreward_qwen_scorer INFO: Prefix 7/8 (end=89, n_frames=18/90): reward=-18.2500 (mean, 1 tok)
2026-04-30 15:22:31,628 mme_vla_suite.pseudo_labeling.topreward_qwen_scorer INFO: Prefix 8/8 (end=103, n_frames=21/104): reward=-19.0000 (mean, 1 tok)
2026-04-30 15:22:39,597 mme_vla_suite.pseudo_labeling.topreward_qwen_scorer INFO: Prefix 1/8 (end=11, n_frames=4/12): reward=-20.1250 (mean, 1 tok)
2026-04-30 15:22:46,424 mme_vla_suite.pseudo_labeling.topreward_qwen_scorer INFO: Prefix 2/8 (end=25, n_frames=5/26): reward=-20.3750 (mean, 1 tok)
2026-04-30 15:22:53,244 mme_vla_suite.pseudo_labeling.topreward_qwen_scorer INFO: Prefix 3/8 (end=39, n_frames=8/40): reward=-15.8750 (mean, 1 tok)
2026-04-30 15:23:00,088 mme_vla_suite.pseudo_labeling.topreward_qwen_scorer INFO: Prefix 4/8 (end=53, n_frames=11/54): reward=-15.6250 (mean, 1 tok)
2026-04-30 15:23:06,962 mme_vla_suite.pseudo_labeling.topreward_qwen_scorer INFO: Prefix 5/8 (end=68, n_frames=14/69): reward=-15.6250 (mean, 1 tok)
2026-04-30 15:23:13,828 mme_vla_suite.pseudo_labeling.topreward_qwen_scorer INFO: Prefix 6/8 (end=82, n_frames=17/83): reward=-15.7500 (mean, 1 tok)
2026-04-30 15:23:20,753 mme_vla_suite.pseudo_labeling.topreward_qwen_scorer INFO: Prefix 7/8 (end=96, n_frames=19/97): reward=-15.5000 (mean, 1 tok)
2026-04-30 15:23:27,690 mme_vla_suite.pseudo_labeling.topreward_qwen_scorer INFO: Prefix 8/8 (end=111, n_frames=22/112): reward=-14.3750 (mean, 1 tok)
2026-04-30 15:23:35,367 mme_vla_suite.pseudo_labeling.topreward_qwen_scorer INFO: Prefix 1/8 (end=4, n_frames=4/5): reward=-20.8750 (mean, 1 tok)
2026-04-30 15:23:42,184 mme_vla_suite.pseudo_labeling.topreward_qwen_scorer INFO: Prefix 2/8 (end=6, n_frames=4/7): reward=-20.6250 (mean, 1 tok)
2026-04-30 15:23:48,996 mme_vla_suite.pseudo_labeling.topreward_qwen_scorer INFO: Prefix 3/8 (end=8, n_frames=4/9): reward=-20.7500 (mean, 1 tok)
2026-04-30 15:23:55,826 mme_vla_suite.pseudo_labeling.topreward_qwen_scorer INFO: Prefix 4/8 (end=11, n_frames=4/12): reward=-20.6250 (mean, 1 tok)
2026-04-30 15:24:02,661 mme_vla_suite.pseudo_labeling.topreward_qwen_scorer INFO: Prefix 5/8 (end=13, n_frames=4/14): reward=-20.5000 (mean, 1 tok)
2026-04-30 15:24:09,484 mme_vla_suite.pseudo_labeling.topreward_qwen_scorer INFO: Prefix 6/8 (end=16, n_frames=4/17): reward=-20.3750 (mean, 1 tok)
2026-04-30 15:24:16,296 mme_vla_suite.pseudo_labeling.topreward_qwen_scorer INFO: Prefix 7/8 (end=18, n_frames=4/19): reward=-19.8750 (mean, 1 tok)
2026-04-30 15:24:23,137 mme_vla_suite.pseudo_labeling.topreward_qwen_scorer INFO: Prefix 8/8 (end=21, n_frames=4/22): reward=-21.8750 (mean, 1 tok)
2026-04-30 15:24:30,862 mme_vla_suite.pseudo_labeling.topreward_qwen_scorer INFO: Prefix 1/8 (end=4, n_frames=4/5): reward=-20.2500 (mean, 1 tok)
2026-04-30 15:24:37,688 mme_vla_suite.pseudo_labeling.topreward_qwen_scorer INFO: Prefix 2/8 (end=9, n_frames=4/10): reward=-19.0000 (mean, 1 tok)
2026-04-30 15:24:44,525 mme_vla_suite.pseudo_labeling.topreward_qwen_scorer INFO: Prefix 3/8 (end=14, n_frames=4/15): reward=-19.2500 (mean, 1 tok)
2026-04-30 15:24:51,353 mme_vla_suite.pseudo_labeling.topreward_qwen_scorer INFO: Prefix 4/8 (end=19, n_frames=4/20): reward=-17.0000 (mean, 1 tok)
2026-04-30 15:24:58,182 mme_vla_suite.pseudo_labeling.topreward_qwen_scorer INFO: Prefix 5/8 (end=24, n_frames=5/25): reward=-18.0000 (mean, 1 tok)
2026-04-30 15:25:05,027 mme_vla_suite.pseudo_labeling.topreward_qwen_scorer INFO: Prefix 6/8 (end=29, n_frames=6/30): reward=-17.2500 (mean, 1 tok)
2026-04-30 15:25:11,859 mme_vla_suite.pseudo_labeling.topreward_qwen_scorer INFO: Prefix 7/8 (end=34, n_frames=7/35): reward=-19.0000 (mean, 1 tok)
2026-04-30 15:25:18,703 mme_vla_suite.pseudo_labeling.topreward_qwen_scorer INFO: Prefix 8/8 (end=40, n_frames=8/41): reward=-19.1250 (mean, 1 tok)
2026-04-30 15:25:26,624 mme_vla_suite.pseudo_labeling.topreward_qwen_scorer INFO: Prefix 1/8 (end=4, n_frames=4/5): reward=-20.2500 (mean, 1 tok)
2026-04-30 15:25:33,451 mme_vla_suite.pseudo_labeling.topreward_qwen_scorer INFO: Prefix 2/8 (end=9, n_frames=4/10): reward=-20.0000 (mean, 1 tok)
2026-04-30 15:25:40,267 mme_vla_suite.pseudo_labeling.topreward_qwen_scorer INFO: Prefix 3/8 (end=14, n_frames=4/15): reward=-19.3750 (mean, 1 tok)
2026-04-30 15:25:47,097 mme_vla_suite.pseudo_labeling.topreward_qwen_scorer INFO: Prefix 4/8 (end=19, n_frames=4/20): reward=-18.8750 (mean, 1 tok)
2026-04-30 15:25:53,930 mme_vla_suite.pseudo_labeling.topreward_qwen_scorer INFO: Prefix 5/8 (end=24, n_frames=5/25): reward=-19.0000 (mean, 1 tok)
2026-04-30 15:26:00,779 mme_vla_suite.pseudo_labeling.topreward_qwen_scorer INFO: Prefix 6/8 (end=29, n_frames=6/30): reward=-18.8750 (mean, 1 tok)
2026-04-30 15:26:07,635 mme_vla_suite.pseudo_labeling.topreward_qwen_scorer INFO: Prefix 7/8 (end=34, n_frames=7/35): reward=-19.2500 (mean, 1 tok)
2026-04-30 15:26:14,498 mme_vla_suite.pseudo_labeling.topreward_qwen_scorer INFO: Prefix 8/8 (end=40, n_frames=8/41): reward=-19.1250 (mean, 1 tok)
2026-04-30 15:26:22,415 mme_vla_suite.pseudo_labeling.topreward_qwen_scorer INFO: Prefix 1/8 (end=4, n_frames=4/5): reward=-19.8750 (mean, 1 tok)
2026-04-30 15:26:29,224 mme_vla_suite.pseudo_labeling.topreward_qwen_scorer INFO: Prefix 2/8 (end=9, n_frames=4/10): reward=-19.8750 (mean, 1 tok)
2026-04-30 15:26:36,054 mme_vla_suite.pseudo_labeling.topreward_qwen_scorer INFO: Prefix 3/8 (end=14, n_frames=4/15): reward=-19.5000 (mean, 1 tok)
2026-04-30 15:26:42,868 mme_vla_suite.pseudo_labeling.topreward_qwen_scorer INFO: Prefix 4/8 (end=19, n_frames=4/20): reward=-18.5000 (mean, 1 tok)
2026-04-30 15:26:49,684 mme_vla_suite.pseudo_labeling.topreward_qwen_scorer INFO: Prefix 5/8 (end=24, n_frames=5/25): reward=-18.6250 (mean, 1 tok)
2026-04-30 15:26:56,539 mme_vla_suite.pseudo_labeling.topreward_qwen_scorer INFO: Prefix 6/8 (end=29, n_frames=6/30): reward=-19.2500 (mean, 1 tok)
2026-04-30 15:27:03,377 mme_vla_suite.pseudo_labeling.topreward_qwen_scorer INFO: Prefix 7/8 (end=34, n_frames=7/35): reward=-19.7500 (mean, 1 tok)
2026-04-30 15:27:10,240 mme_vla_suite.pseudo_labeling.topreward_qwen_scorer INFO: Prefix 8/8 (end=40, n_frames=8/41): reward=-19.3750 (mean, 1 tok)
2026-04-30 15:27:18,021 mme_vla_suite.pseudo_labeling.topreward_qwen_scorer INFO: Prefix 1/8 (end=4, n_frames=4/5): reward=-20.1250 (mean, 1 tok)
2026-04-30 15:27:24,858 mme_vla_suite.pseudo_labeling.topreward_qwen_scorer INFO: Prefix 2/8 (end=8, n_frames=4/9): reward=-19.7500 (mean, 1 tok)
2026-04-30 15:27:31,675 mme_vla_suite.pseudo_labeling.topreward_qwen_scorer INFO: Prefix 3/8 (end=12, n_frames=4/13): reward=-20.5000 (mean, 1 tok)
2026-04-30 15:27:38,494 mme_vla_suite.pseudo_labeling.topreward_qwen_scorer INFO: Prefix 4/8 (end=16, n_frames=4/17): reward=-19.1250 (mean, 1 tok)
2026-04-30 15:27:45,310 mme_vla_suite.pseudo_labeling.topreward_qwen_scorer INFO: Prefix 5/8 (end=21, n_frames=4/22): reward=-18.7500 (mean, 1 tok)
2026-04-30 15:27:52,158 mme_vla_suite.pseudo_labeling.topreward_qwen_scorer INFO: Prefix 6/8 (end=25, n_frames=5/26): reward=-19.1250 (mean, 1 tok)
2026-04-30 15:27:58,984 mme_vla_suite.pseudo_labeling.topreward_qwen_scorer INFO: Prefix 7/8 (end=29, n_frames=6/30): reward=-18.2500 (mean, 1 tok)
2026-04-30 15:28:05,833 mme_vla_suite.pseudo_labeling.topreward_qwen_scorer INFO: Prefix 8/8 (end=34, n_frames=7/35): reward=-19.3750 (mean, 1 tok)
2026-04-30 15:28:13,985 mme_vla_suite.pseudo_labeling.topreward_qwen_scorer INFO: Prefix 1/8 (end=5, n_frames=4/6): reward=-19.6250 (mean, 1 tok)
2026-04-30 15:28:20,811 mme_vla_suite.pseudo_labeling.topreward_qwen_scorer INFO: Prefix 2/8 (end=11, n_frames=4/12): reward=-19.3750 (mean, 1 tok)
2026-04-30 15:28:27,638 mme_vla_suite.pseudo_labeling.topreward_qwen_scorer INFO: Prefix 3/8 (end=18, n_frames=4/19): reward=-19.3750 (mean, 1 tok)
2026-04-30 15:28:34,456 mme_vla_suite.pseudo_labeling.topreward_qwen_scorer INFO: Prefix 4/8 (end=25, n_frames=5/26): reward=-19.8750 (mean, 1 tok)
2026-04-30 15:28:41,284 mme_vla_suite.pseudo_labeling.topreward_qwen_scorer INFO: Prefix 5/8 (end=31, n_frames=6/32): reward=-19.7500 (mean, 1 tok)
2026-04-30 15:28:48,130 mme_vla_suite.pseudo_labeling.topreward_qwen_scorer INFO: Prefix 6/8 (end=38, n_frames=8/39): reward=-19.3750 (mean, 1 tok)
2026-04-30 15:28:54,962 mme_vla_suite.pseudo_labeling.topreward_qwen_scorer INFO: Prefix 7/8 (end=45, n_frames=9/46): reward=-18.5000 (mean, 1 tok)
2026-04-30 15:29:01,800 mme_vla_suite.pseudo_labeling.topreward_qwen_scorer INFO: Prefix 8/8 (end=52, n_frames=11/53): reward=-18.1250 (mean, 1 tok)
2026-04-30 15:29:09,474 mme_vla_suite.pseudo_labeling.topreward_qwen_scorer INFO: Prefix 1/8 (end=8, n_frames=4/9): reward=-19.6250 (mean, 1 tok)
2026-04-30 15:29:16,307 mme_vla_suite.pseudo_labeling.topreward_qwen_scorer INFO: Prefix 2/8 (end=19, n_frames=4/20): reward=-18.6250 (mean, 1 tok)
2026-04-30 15:29:23,140 mme_vla_suite.pseudo_labeling.topreward_qwen_scorer INFO: Prefix 3/8 (end=30, n_frames=6/31): reward=-19.7500 (mean, 1 tok)
2026-04-30 15:29:29,990 mme_vla_suite.pseudo_labeling.topreward_qwen_scorer INFO: Prefix 4/8 (end=41, n_frames=8/42): reward=-18.3750 (mean, 1 tok)
2026-04-30 15:29:36,840 mme_vla_suite.pseudo_labeling.topreward_qwen_scorer INFO: Prefix 5/8 (end=53, n_frames=11/54): reward=-18.2500 (mean, 1 tok)
2026-04-30 15:29:43,684 mme_vla_suite.pseudo_labeling.topreward_qwen_scorer INFO: Prefix 6/8 (end=64, n_frames=13/65): reward=-18.6250 (mean, 1 tok)
2026-04-30 15:29:50,548 mme_vla_suite.pseudo_labeling.topreward_qwen_scorer INFO: Prefix 7/8 (end=75, n_frames=15/76): reward=-18.1250 (mean, 1 tok)
2026-04-30 15:29:57,460 mme_vla_suite.pseudo_labeling.topreward_qwen_scorer INFO: Prefix 8/8 (end=87, n_frames=18/88): reward=-17.6250 (mean, 1 tok)
2026-04-30 15:30:05,393 mme_vla_suite.pseudo_labeling.topreward_qwen_scorer INFO: Prefix 1/8 (end=10, n_frames=4/11): reward=-19.6250 (mean, 1 tok)
2026-04-30 15:30:12,226 mme_vla_suite.pseudo_labeling.topreward_qwen_scorer INFO: Prefix 2/8 (end=23, n_frames=5/24): reward=-20.2500 (mean, 1 tok)
2026-04-30 15:30:19,062 mme_vla_suite.pseudo_labeling.topreward_qwen_scorer INFO: Prefix 3/8 (end=36, n_frames=7/37): reward=-14.7500 (mean, 1 tok)
2026-04-30 15:30:25,925 mme_vla_suite.pseudo_labeling.topreward_qwen_scorer INFO: Prefix 4/8 (end=49, n_frames=10/50): reward=-14.2500 (mean, 1 tok)
2026-04-30 15:30:32,785 mme_vla_suite.pseudo_labeling.topreward_qwen_scorer INFO: Prefix 5/8 (end=62, n_frames=13/63): reward=-14.7500 (mean, 1 tok)
2026-04-30 15:30:39,657 mme_vla_suite.pseudo_labeling.topreward_qwen_scorer INFO: Prefix 6/8 (end=75, n_frames=15/76): reward=-15.1250 (mean, 1 tok)
2026-04-30 15:30:46,536 mme_vla_suite.pseudo_labeling.topreward_qwen_scorer INFO: Prefix 7/8 (end=88, n_frames=18/89): reward=-14.2500 (mean, 1 tok)
2026-04-30 15:30:53,469 mme_vla_suite.pseudo_labeling.topreward_qwen_scorer INFO: Prefix 8/8 (end=101, n_frames=20/102): reward=-14.2500 (mean, 1 tok)
2026-04-30 15:31:01,342 mme_vla_suite.pseudo_labeling.topreward_qwen_scorer INFO: Prefix 1/8 (end=4, n_frames=4/5): reward=-20.0000 (mean, 1 tok)
2026-04-30 15:31:08,168 mme_vla_suite.pseudo_labeling.topreward_qwen_scorer INFO: Prefix 2/8 (end=7, n_frames=4/8): reward=-19.5000 (mean, 1 tok)
2026-04-30 15:31:14,985 mme_vla_suite.pseudo_labeling.topreward_qwen_scorer INFO: Prefix 3/8 (end=10, n_frames=4/11): reward=-19.6250 (mean, 1 tok)
2026-04-30 15:31:21,816 mme_vla_suite.pseudo_labeling.topreward_qwen_scorer INFO: Prefix 4/8 (end=13, n_frames=4/14): reward=-20.7500 (mean, 1 tok)
2026-04-30 15:31:28,637 mme_vla_suite.pseudo_labeling.topreward_qwen_scorer INFO: Prefix 5/8 (end=16, n_frames=4/17): reward=-20.1250 (mean, 1 tok)
2026-04-30 15:31:35,468 mme_vla_suite.pseudo_labeling.topreward_qwen_scorer INFO: Prefix 6/8 (end=19, n_frames=4/20): reward=-19.5000 (mean, 1 tok)
2026-04-30 15:31:42,317 mme_vla_suite.pseudo_labeling.topreward_qwen_scorer INFO: Prefix 7/8 (end=22, n_frames=5/23): reward=-19.3750 (mean, 1 tok)
2026-04-30 15:31:49,166 mme_vla_suite.pseudo_labeling.topreward_qwen_scorer INFO: Prefix 8/8 (end=25, n_frames=5/26): reward=-19.1250 (mean, 1 tok)
2026-04-30 15:31:56,909 mme_vla_suite.pseudo_labeling.topreward_qwen_scorer INFO: Prefix 1/8 (end=4, n_frames=4/5): reward=-19.3750 (mean, 1 tok)
2026-04-30 15:32:03,741 mme_vla_suite.pseudo_labeling.topreward_qwen_scorer INFO: Prefix 2/8 (end=9, n_frames=4/10): reward=-18.7500 (mean, 1 tok)
2026-04-30 15:32:10,567 mme_vla_suite.pseudo_labeling.topreward_qwen_scorer INFO: Prefix 3/8 (end=14, n_frames=4/15): reward=-17.2500 (mean, 1 tok)
2026-04-30 15:32:17,387 mme_vla_suite.pseudo_labeling.topreward_qwen_scorer INFO: Prefix 4/8 (end=19, n_frames=4/20): reward=-17.0000 (mean, 1 tok)
2026-04-30 15:32:24,213 mme_vla_suite.pseudo_labeling.topreward_qwen_scorer INFO: Prefix 5/8 (end=24, n_frames=5/25): reward=-17.1250 (mean, 1 tok)
2026-04-30 15:32:31,047 mme_vla_suite.pseudo_labeling.topreward_qwen_scorer INFO: Prefix 6/8 (end=29, n_frames=6/30): reward=-17.6250 (mean, 1 tok)
2026-04-30 15:32:37,885 mme_vla_suite.pseudo_labeling.topreward_qwen_scorer INFO: Prefix 7/8 (end=34, n_frames=7/35): reward=-17.8750 (mean, 1 tok)
2026-04-30 15:32:44,728 mme_vla_suite.pseudo_labeling.topreward_qwen_scorer INFO: Prefix 8/8 (end=39, n_frames=8/40): reward=-19.0000 (mean, 1 tok)
2026-04-30 15:32:52,495 mme_vla_suite.pseudo_labeling.topreward_qwen_scorer INFO: Prefix 1/8 (end=4, n_frames=4/5): reward=-20.2500 (mean, 1 tok)
2026-04-30 15:32:59,339 mme_vla_suite.pseudo_labeling.topreward_qwen_scorer INFO: Prefix 2/8 (end=9, n_frames=4/10): reward=-19.8750 (mean, 1 tok)
2026-04-30 15:33:06,174 mme_vla_suite.pseudo_labeling.topreward_qwen_scorer INFO: Prefix 3/8 (end=14, n_frames=4/15): reward=-19.7500 (mean, 1 tok)
2026-04-30 15:33:13,010 mme_vla_suite.pseudo_labeling.topreward_qwen_scorer INFO: Prefix 4/8 (end=19, n_frames=4/20): reward=-19.0000 (mean, 1 tok)
2026-04-30 15:33:19,844 mme_vla_suite.pseudo_labeling.topreward_qwen_scorer INFO: Prefix 5/8 (end=24, n_frames=5/25): reward=-18.7500 (mean, 1 tok)
2026-04-30 15:33:26,689 mme_vla_suite.pseudo_labeling.topreward_qwen_scorer INFO: Prefix 6/8 (end=29, n_frames=6/30): reward=-18.5000 (mean, 1 tok)
2026-04-30 15:33:33,528 mme_vla_suite.pseudo_labeling.topreward_qwen_scorer INFO: Prefix 7/8 (end=34, n_frames=7/35): reward=-19.0000 (mean, 1 tok)
2026-04-30 15:33:40,374 mme_vla_suite.pseudo_labeling.topreward_qwen_scorer INFO: Prefix 8/8 (end=39, n_frames=8/40): reward=-18.8750 (mean, 1 tok)
2026-04-30 15:33:48,117 mme_vla_suite.pseudo_labeling.topreward_qwen_scorer INFO: Prefix 1/8 (end=4, n_frames=4/5): reward=-20.3750 (mean, 1 tok)
2026-04-30 15:33:54,948 mme_vla_suite.pseudo_labeling.topreward_qwen_scorer INFO: Prefix 2/8 (end=9, n_frames=4/10): reward=-19.6250 (mean, 1 tok)
2026-04-30 15:34:01,784 mme_vla_suite.pseudo_labeling.topreward_qwen_scorer INFO: Prefix 3/8 (end=15, n_frames=4/16): reward=-18.7500 (mean, 1 tok)
2026-04-30 15:34:08,613 mme_vla_suite.pseudo_labeling.topreward_qwen_scorer INFO: Prefix 4/8 (end=21, n_frames=4/22): reward=-18.7500 (mean, 1 tok)
2026-04-30 15:34:15,453 mme_vla_suite.pseudo_labeling.topreward_qwen_scorer INFO: Prefix 5/8 (end=26, n_frames=5/27): reward=-18.3750 (mean, 1 tok)
2026-04-30 15:34:22,301 mme_vla_suite.pseudo_labeling.topreward_qwen_scorer INFO: Prefix 6/8 (end=32, n_frames=7/33): reward=-19.2500 (mean, 1 tok)
2026-04-30 15:34:29,134 mme_vla_suite.pseudo_labeling.topreward_qwen_scorer INFO: Prefix 7/8 (end=38, n_frames=8/39): reward=-19.2500 (mean, 1 tok)
2026-04-30 15:34:35,983 mme_vla_suite.pseudo_labeling.topreward_qwen_scorer INFO: Prefix 8/8 (end=44, n_frames=9/45): reward=-19.3750 (mean, 1 tok)
2026-04-30 15:34:43,756 mme_vla_suite.pseudo_labeling.topreward_qwen_scorer INFO: Prefix 1/8 (end=4, n_frames=4/5): reward=-20.6250 (mean, 1 tok)
2026-04-30 15:34:50,585 mme_vla_suite.pseudo_labeling.topreward_qwen_scorer INFO: Prefix 2/8 (end=9, n_frames=4/10): reward=-20.6250 (mean, 1 tok)
2026-04-30 15:34:57,403 mme_vla_suite.pseudo_labeling.topreward_qwen_scorer INFO: Prefix 3/8 (end=15, n_frames=4/16): reward=-19.7500 (mean, 1 tok)
2026-04-30 15:35:04,223 mme_vla_suite.pseudo_labeling.topreward_qwen_scorer INFO: Prefix 4/8 (end=20, n_frames=4/21): reward=-19.6250 (mean, 1 tok)
2026-04-30 15:35:11,048 mme_vla_suite.pseudo_labeling.topreward_qwen_scorer INFO: Prefix 5/8 (end=26, n_frames=5/27): reward=-20.1250 (mean, 1 tok)
2026-04-30 15:35:17,886 mme_vla_suite.pseudo_labeling.topreward_qwen_scorer INFO: Prefix 6/8 (end=31, n_frames=6/32): reward=-19.2500 (mean, 1 tok)
2026-04-30 15:35:24,704 mme_vla_suite.pseudo_labeling.topreward_qwen_scorer INFO: Prefix 7/8 (end=37, n_frames=8/38): reward=-19.1250 (mean, 1 tok)
2026-04-30 15:35:31,548 mme_vla_suite.pseudo_labeling.topreward_qwen_scorer INFO: Prefix 8/8 (end=43, n_frames=9/44): reward=-20.0000 (mean, 1 tok)
2026-04-30 15:35:39,625 mme_vla_suite.pseudo_labeling.topreward_qwen_scorer INFO: Prefix 1/8 (end=4, n_frames=4/5): reward=-20.8750 (mean, 1 tok)
2026-04-30 15:35:46,442 mme_vla_suite.pseudo_labeling.topreward_qwen_scorer INFO: Prefix 2/8 (end=9, n_frames=4/10): reward=-20.5000 (mean, 1 tok)
2026-04-30 15:35:53,269 mme_vla_suite.pseudo_labeling.topreward_qwen_scorer INFO: Prefix 3/8 (end=15, n_frames=4/16): reward=-19.6250 (mean, 1 tok)
2026-04-30 15:36:00,085 mme_vla_suite.pseudo_labeling.topreward_qwen_scorer INFO: Prefix 4/8 (end=20, n_frames=4/21): reward=-19.7500 (mean, 1 tok)
2026-04-30 15:36:06,916 mme_vla_suite.pseudo_labeling.topreward_qwen_scorer INFO: Prefix 5/8 (end=26, n_frames=5/27): reward=-19.2500 (mean, 1 tok)
2026-04-30 15:36:13,891 mme_vla_suite.pseudo_labeling.topreward_qwen_scorer INFO: Prefix 6/8 (end=31, n_frames=6/32): reward=-18.3750 (mean, 1 tok)
2026-04-30 15:36:20,743 mme_vla_suite.pseudo_labeling.topreward_qwen_scorer INFO: Prefix 7/8 (end=37, n_frames=8/38): reward=-20.2500 (mean, 1 tok)
2026-04-30 15:36:27,601 mme_vla_suite.pseudo_labeling.topreward_qwen_scorer INFO: Prefix 8/8 (end=43, n_frames=9/44): reward=-20.5000 (mean, 1 tok)
2026-04-30 15:36:35,329 mme_vla_suite.pseudo_labeling.topreward_qwen_scorer INFO: Prefix 1/8 (end=4, n_frames=4/5): reward=-19.1250 (mean, 1 tok)
2026-04-30 15:36:42,146 mme_vla_suite.pseudo_labeling.topreward_qwen_scorer INFO: Prefix 2/8 (end=8, n_frames=4/9): reward=-18.5000 (mean, 1 tok)
2026-04-30 15:36:48,970 mme_vla_suite.pseudo_labeling.topreward_qwen_scorer INFO: Prefix 3/8 (end=12, n_frames=4/13): reward=-20.0000 (mean, 1 tok)
2026-04-30 15:36:55,785 mme_vla_suite.pseudo_labeling.topreward_qwen_scorer INFO: Prefix 4/8 (end=16, n_frames=4/17): reward=-19.3750 (mean, 1 tok)
2026-04-30 15:37:02,620 mme_vla_suite.pseudo_labeling.topreward_qwen_scorer INFO: Prefix 5/8 (end=21, n_frames=4/22): reward=-18.6250 (mean, 1 tok)
2026-04-30 15:37:09,465 mme_vla_suite.pseudo_labeling.topreward_qwen_scorer INFO: Prefix 6/8 (end=25, n_frames=5/26): reward=-20.8750 (mean, 1 tok)
2026-04-30 15:37:16,294 mme_vla_suite.pseudo_labeling.topreward_qwen_scorer INFO: Prefix 7/8 (end=29, n_frames=6/30): reward=-19.1250 (mean, 1 tok)
2026-04-30 15:37:23,123 mme_vla_suite.pseudo_labeling.topreward_qwen_scorer INFO: Prefix 8/8 (end=34, n_frames=7/35): reward=-16.3750 (mean, 1 tok)
2026-04-30 15:37:31,006 mme_vla_suite.pseudo_labeling.topreward_qwen_scorer INFO: Prefix 1/8 (end=7, n_frames=4/8): reward=-22.8750 (mean, 1 tok)
2026-04-30 15:37:37,836 mme_vla_suite.pseudo_labeling.topreward_qwen_scorer INFO: Prefix 2/8 (end=16, n_frames=4/17): reward=-22.2500 (mean, 1 tok)
2026-04-30 15:37:44,663 mme_vla_suite.pseudo_labeling.topreward_qwen_scorer INFO: Prefix 3/8 (end=25, n_frames=5/26): reward=-21.6250 (mean, 1 tok)
2026-04-30 15:37:51,488 mme_vla_suite.pseudo_labeling.topreward_qwen_scorer INFO: Prefix 4/8 (end=34, n_frames=7/35): reward=-21.3750 (mean, 1 tok)
2026-04-30 15:37:58,331 mme_vla_suite.pseudo_labeling.topreward_qwen_scorer INFO: Prefix 5/8 (end=44, n_frames=9/45): reward=-21.3750 (mean, 1 tok)
2026-04-30 15:38:05,164 mme_vla_suite.pseudo_labeling.topreward_qwen_scorer INFO: Prefix 6/8 (end=53, n_frames=11/54): reward=-20.6250 (mean, 1 tok)
2026-04-30 15:38:12,025 mme_vla_suite.pseudo_labeling.topreward_qwen_scorer INFO: Prefix 7/8 (end=62, n_frames=13/63): reward=-20.6250 (mean, 1 tok)
2026-04-30 15:38:18,882 mme_vla_suite.pseudo_labeling.topreward_qwen_scorer INFO: Prefix 8/8 (end=72, n_frames=15/73): reward=-19.6250 (mean, 1 tok)
2026-04-30 15:38:26,564 mme_vla_suite.pseudo_labeling.topreward_qwen_scorer INFO: Prefix 1/8 (end=11, n_frames=4/12): reward=-22.3750 (mean, 1 tok)
2026-04-30 15:38:33,387 mme_vla_suite.pseudo_labeling.topreward_qwen_scorer INFO: Prefix 2/8 (end=25, n_frames=5/26): reward=-21.6250 (mean, 1 tok)
2026-04-30 15:38:40,219 mme_vla_suite.pseudo_labeling.topreward_qwen_scorer INFO: Prefix 3/8 (end=39, n_frames=8/40): reward=-21.5000 (mean, 1 tok)
2026-04-30 15:38:47,065 mme_vla_suite.pseudo_labeling.topreward_qwen_scorer INFO: Prefix 4/8 (end=53, n_frames=11/54): reward=-20.6250 (mean, 1 tok)
2026-04-30 15:38:53,932 mme_vla_suite.pseudo_labeling.topreward_qwen_scorer INFO: Prefix 5/8 (end=67, n_frames=14/68): reward=-19.2500 (mean, 1 tok)
2026-04-30 15:39:00,823 mme_vla_suite.pseudo_labeling.topreward_qwen_scorer INFO: Prefix 6/8 (end=81, n_frames=16/82): reward=-19.6250 (mean, 1 tok)
2026-04-30 15:39:07,745 mme_vla_suite.pseudo_labeling.topreward_qwen_scorer INFO: Prefix 7/8 (end=95, n_frames=19/96): reward=-19.5000 (mean, 1 tok)
2026-04-30 15:39:14,693 mme_vla_suite.pseudo_labeling.topreward_qwen_scorer INFO: Prefix 8/8 (end=109, n_frames=22/110): reward=-18.2500 (mean, 1 tok)
2026-04-30 15:39:22,518 mme_vla_suite.pseudo_labeling.topreward_qwen_scorer INFO: Prefix 1/8 (end=10, n_frames=4/11): reward=-23.0000 (mean, 1 tok)
2026-04-30 15:39:29,341 mme_vla_suite.pseudo_labeling.topreward_qwen_scorer INFO: Prefix 2/8 (end=23, n_frames=5/24): reward=-23.2500 (mean, 1 tok)
2026-04-30 15:39:36,176 mme_vla_suite.pseudo_labeling.topreward_qwen_scorer INFO: Prefix 3/8 (end=36, n_frames=7/37): reward=-17.6250 (mean, 1 tok)
2026-04-30 15:39:43,038 mme_vla_suite.pseudo_labeling.topreward_qwen_scorer INFO: Prefix 4/8 (end=50, n_frames=10/51): reward=-17.2500 (mean, 1 tok)
2026-04-30 15:39:49,873 mme_vla_suite.pseudo_labeling.topreward_qwen_scorer INFO: Prefix 5/8 (end=63, n_frames=13/64): reward=-15.8750 (mean, 1 tok)
2026-04-30 15:39:56,759 mme_vla_suite.pseudo_labeling.topreward_qwen_scorer INFO: Prefix 6/8 (end=77, n_frames=16/78): reward=-15.5000 (mean, 1 tok)
2026-04-30 15:40:03,629 mme_vla_suite.pseudo_labeling.topreward_qwen_scorer INFO: Prefix 7/8 (end=90, n_frames=18/91): reward=-14.7500 (mean, 1 tok)
2026-04-30 15:40:10,530 mme_vla_suite.pseudo_labeling.topreward_qwen_scorer INFO: Prefix 8/8 (end=104, n_frames=21/105): reward=-14.5000 (mean, 1 tok)
2026-04-30 15:40:18,167 mme_vla_suite.pseudo_labeling.topreward_qwen_scorer INFO: Prefix 1/8 (end=4, n_frames=4/5): reward=-19.6250 (mean, 1 tok)
2026-04-30 15:40:24,984 mme_vla_suite.pseudo_labeling.topreward_qwen_scorer INFO: Prefix 2/8 (end=8, n_frames=4/9): reward=-19.1250 (mean, 1 tok)
2026-04-30 15:40:31,799 mme_vla_suite.pseudo_labeling.topreward_qwen_scorer INFO: Prefix 3/8 (end=13, n_frames=4/14): reward=-18.8750 (mean, 1 tok)
2026-04-30 15:40:38,630 mme_vla_suite.pseudo_labeling.topreward_qwen_scorer INFO: Prefix 4/8 (end=18, n_frames=4/19): reward=-17.7500 (mean, 1 tok)
2026-04-30 15:40:45,466 mme_vla_suite.pseudo_labeling.topreward_qwen_scorer INFO: Prefix 5/8 (end=22, n_frames=5/23): reward=-18.3750 (mean, 1 tok)
2026-04-30 15:40:52,297 mme_vla_suite.pseudo_labeling.topreward_qwen_scorer INFO: Prefix 6/8 (end=27, n_frames=6/28): reward=-17.2500 (mean, 1 tok)
2026-04-30 15:40:59,134 mme_vla_suite.pseudo_labeling.topreward_qwen_scorer INFO: Prefix 7/8 (end=32, n_frames=7/33): reward=-18.0000 (mean, 1 tok)
2026-04-30 15:41:05,973 mme_vla_suite.pseudo_labeling.topreward_qwen_scorer INFO: Prefix 8/8 (end=37, n_frames=8/38): reward=-18.5000 (mean, 1 tok)
2026-04-30 15:41:13,793 mme_vla_suite.pseudo_labeling.topreward_qwen_scorer INFO: Prefix 1/8 (end=4, n_frames=4/5): reward=-18.7500 (mean, 1 tok)
2026-04-30 15:41:20,625 mme_vla_suite.pseudo_labeling.topreward_qwen_scorer INFO: Prefix 2/8 (end=8, n_frames=4/9): reward=-17.5000 (mean, 1 tok)
2026-04-30 15:41:27,475 mme_vla_suite.pseudo_labeling.topreward_qwen_scorer INFO: Prefix 3/8 (end=13, n_frames=4/14): reward=-17.0000 (mean, 1 tok)
2026-04-30 15:41:34,284 mme_vla_suite.pseudo_labeling.topreward_qwen_scorer INFO: Prefix 4/8 (end=18, n_frames=4/19): reward=-17.5000 (mean, 1 tok)
2026-04-30 15:41:41,135 mme_vla_suite.pseudo_labeling.topreward_qwen_scorer INFO: Prefix 5/8 (end=23, n_frames=5/24): reward=-18.2500 (mean, 1 tok)
2026-04-30 15:41:47,980 mme_vla_suite.pseudo_labeling.topreward_qwen_scorer INFO: Prefix 6/8 (end=28, n_frames=6/29): reward=-17.2500 (mean, 1 tok)
2026-04-30 15:41:54,820 mme_vla_suite.pseudo_labeling.topreward_qwen_scorer INFO: Prefix 7/8 (end=33, n_frames=7/34): reward=-17.3750 (mean, 1 tok)
2026-04-30 15:42:01,663 mme_vla_suite.pseudo_labeling.topreward_qwen_scorer INFO: Prefix 8/8 (end=38, n_frames=8/39): reward=-16.5000 (mean, 1 tok)
2026-04-30 15:42:09,428 mme_vla_suite.pseudo_labeling.topreward_qwen_scorer INFO: Prefix 1/8 (end=4, n_frames=4/5): reward=-19.1250 (mean, 1 tok)
2026-04-30 15:42:16,330 mme_vla_suite.pseudo_labeling.topreward_qwen_scorer INFO: Prefix 2/8 (end=8, n_frames=4/9): reward=-18.8750 (mean, 1 tok)
2026-04-30 15:42:23,167 mme_vla_suite.pseudo_labeling.topreward_qwen_scorer INFO: Prefix 3/8 (end=12, n_frames=4/13): reward=-18.7500 (mean, 1 tok)
2026-04-30 15:42:30,006 mme_vla_suite.pseudo_labeling.topreward_qwen_scorer INFO: Prefix 4/8 (end=17, n_frames=4/18): reward=-19.5000 (mean, 1 tok)
2026-04-30 15:42:36,821 mme_vla_suite.pseudo_labeling.topreward_qwen_scorer INFO: Prefix 5/8 (end=21, n_frames=4/22): reward=-18.2500 (mean, 1 tok)
2026-04-30 15:42:43,651 mme_vla_suite.pseudo_labeling.topreward_qwen_scorer INFO: Prefix 6/8 (end=26, n_frames=5/27): reward=-19.0000 (mean, 1 tok)
2026-04-30 15:42:50,484 mme_vla_suite.pseudo_labeling.topreward_qwen_scorer INFO: Prefix 7/8 (end=30, n_frames=6/31): reward=-19.1250 (mean, 1 tok)
2026-04-30 15:42:57,330 mme_vla_suite.pseudo_labeling.topreward_qwen_scorer INFO: Prefix 8/8 (end=35, n_frames=7/36): reward=-18.7500 (mean, 1 tok)
2026-04-30 15:43:05,398 mme_vla_suite.pseudo_labeling.topreward_qwen_scorer INFO: Prefix 1/8 (end=4, n_frames=4/5): reward=-19.0000 (mean, 1 tok)
2026-04-30 15:43:12,242 mme_vla_suite.pseudo_labeling.topreward_qwen_scorer INFO: Prefix 2/8 (end=8, n_frames=4/9): reward=-18.7500 (mean, 1 tok)
2026-04-30 15:43:19,075 mme_vla_suite.pseudo_labeling.topreward_qwen_scorer INFO: Prefix 3/8 (end=12, n_frames=4/13): reward=-18.6250 (mean, 1 tok)
2026-04-30 15:43:25,905 mme_vla_suite.pseudo_labeling.topreward_qwen_scorer INFO: Prefix 4/8 (end=17, n_frames=4/18): reward=-17.7500 (mean, 1 tok)
2026-04-30 15:43:32,715 mme_vla_suite.pseudo_labeling.topreward_qwen_scorer INFO: Prefix 5/8 (end=21, n_frames=4/22): reward=-18.1250 (mean, 1 tok)
2026-04-30 15:43:39,549 mme_vla_suite.pseudo_labeling.topreward_qwen_scorer INFO: Prefix 6/8 (end=26, n_frames=5/27): reward=-18.3750 (mean, 1 tok)
2026-04-30 15:43:46,380 mme_vla_suite.pseudo_labeling.topreward_qwen_scorer INFO: Prefix 7/8 (end=30, n_frames=6/31): reward=-17.8750 (mean, 1 tok)
2026-04-30 15:43:53,236 mme_vla_suite.pseudo_labeling.topreward_qwen_scorer INFO: Prefix 8/8 (end=35, n_frames=7/36): reward=-18.0000 (mean, 1 tok)
2026-04-30 15:44:01,106 mme_vla_suite.pseudo_labeling.topreward_qwen_scorer INFO: Prefix 1/8 (end=4, n_frames=4/5): reward=-19.6250 (mean, 1 tok)
2026-04-30 15:44:07,948 mme_vla_suite.pseudo_labeling.topreward_qwen_scorer INFO: Prefix 2/8 (end=8, n_frames=4/9): reward=-19.5000 (mean, 1 tok)
2026-04-30 15:44:14,798 mme_vla_suite.pseudo_labeling.topreward_qwen_scorer INFO: Prefix 3/8 (end=13, n_frames=4/14): reward=-19.6250 (mean, 1 tok)
2026-04-30 15:44:21,609 mme_vla_suite.pseudo_labeling.topreward_qwen_scorer INFO: Prefix 4/8 (end=17, n_frames=4/18): reward=-19.6250 (mean, 1 tok)
2026-04-30 15:44:28,432 mme_vla_suite.pseudo_labeling.topreward_qwen_scorer INFO: Prefix 5/8 (end=22, n_frames=5/23): reward=-19.8750 (mean, 1 tok)
2026-04-30 15:44:35,268 mme_vla_suite.pseudo_labeling.topreward_qwen_scorer INFO: Prefix 6/8 (end=26, n_frames=5/27): reward=-19.8750 (mean, 1 tok)
2026-04-30 15:44:42,122 mme_vla_suite.pseudo_labeling.topreward_qwen_scorer INFO: Prefix 7/8 (end=31, n_frames=6/32): reward=-19.6250 (mean, 1 tok)
2026-04-30 15:44:49,053 mme_vla_suite.pseudo_labeling.topreward_qwen_scorer INFO: Prefix 8/8 (end=36, n_frames=7/37): reward=-20.5000 (mean, 1 tok)
2026-04-30 15:44:57,113 mme_vla_suite.pseudo_labeling.topreward_qwen_scorer INFO: Prefix 1/8 (end=4, n_frames=4/5): reward=-19.5000 (mean, 1 tok)
2026-04-30 15:45:03,986 mme_vla_suite.pseudo_labeling.topreward_qwen_scorer INFO: Prefix 2/8 (end=8, n_frames=4/9): reward=-18.8750 (mean, 1 tok)
2026-04-30 15:45:10,858 mme_vla_suite.pseudo_labeling.topreward_qwen_scorer INFO: Prefix 3/8 (end=12, n_frames=4/13): reward=-18.7500 (mean, 1 tok)
2026-04-30 15:45:17,733 mme_vla_suite.pseudo_labeling.topreward_qwen_scorer INFO: Prefix 4/8 (end=17, n_frames=4/18): reward=-18.5000 (mean, 1 tok)
2026-04-30 15:45:24,609 mme_vla_suite.pseudo_labeling.topreward_qwen_scorer INFO: Prefix 5/8 (end=21, n_frames=4/22): reward=-18.7500 (mean, 1 tok)
2026-04-30 15:45:31,477 mme_vla_suite.pseudo_labeling.topreward_qwen_scorer INFO: Prefix 6/8 (end=26, n_frames=5/27): reward=-18.8750 (mean, 1 tok)
2026-04-30 15:45:38,336 mme_vla_suite.pseudo_labeling.topreward_qwen_scorer INFO: Prefix 7/8 (end=30, n_frames=6/31): reward=-18.6250 (mean, 1 tok)
2026-04-30 15:45:45,201 mme_vla_suite.pseudo_labeling.topreward_qwen_scorer INFO: Prefix 8/8 (end=35, n_frames=7/36): reward=-18.8750 (mean, 1 tok)
2026-04-30 15:45:53,117 mme_vla_suite.pseudo_labeling.topreward_qwen_scorer INFO: Prefix 1/8 (end=4, n_frames=4/5): reward=-18.8750 (mean, 1 tok)
2026-04-30 15:45:59,961 mme_vla_suite.pseudo_labeling.topreward_qwen_scorer INFO: Prefix 2/8 (end=9, n_frames=4/10): reward=-20.1250 (mean, 1 tok)
2026-04-30 15:46:06,822 mme_vla_suite.pseudo_labeling.topreward_qwen_scorer INFO: Prefix 3/8 (end=14, n_frames=4/15): reward=-19.1250 (mean, 1 tok)
2026-04-30 15:46:13,758 mme_vla_suite.pseudo_labeling.topreward_qwen_scorer INFO: Prefix 4/8 (end=20, n_frames=4/21): reward=-18.8750 (mean, 1 tok)
2026-04-30 15:46:20,821 mme_vla_suite.pseudo_labeling.topreward_qwen_scorer INFO: Prefix 5/8 (end=25, n_frames=5/26): reward=-16.0000 (mean, 1 tok)
2026-04-30 15:46:27,793 mme_vla_suite.pseudo_labeling.topreward_qwen_scorer INFO: Prefix 6/8 (end=31, n_frames=6/32): reward=-16.3750 (mean, 1 tok)
2026-04-30 15:46:34,787 mme_vla_suite.pseudo_labeling.topreward_qwen_scorer INFO: Prefix 7/8 (end=36, n_frames=7/37): reward=-14.8750 (mean, 1 tok)
2026-04-30 15:46:41,784 mme_vla_suite.pseudo_labeling.topreward_qwen_scorer INFO: Prefix 8/8 (end=42, n_frames=9/43): reward=-15.5000 (mean, 1 tok)
2026-04-30 15:46:49,578 mme_vla_suite.pseudo_labeling.topreward_qwen_scorer INFO: Prefix 1/8 (end=5, n_frames=4/6): reward=-20.5000 (mean, 1 tok)
2026-04-30 15:46:56,492 mme_vla_suite.pseudo_labeling.topreward_qwen_scorer INFO: Prefix 2/8 (end=12, n_frames=4/13): reward=-20.3750 (mean, 1 tok)
2026-04-30 15:47:03,324 mme_vla_suite.pseudo_labeling.topreward_qwen_scorer INFO: Prefix 3/8 (end=19, n_frames=4/20): reward=-19.8750 (mean, 1 tok)
2026-04-30 15:47:10,208 mme_vla_suite.pseudo_labeling.topreward_qwen_scorer INFO: Prefix 4/8 (end=26, n_frames=5/27): reward=-19.6250 (mean, 1 tok)
2026-04-30 15:47:17,102 mme_vla_suite.pseudo_labeling.topreward_qwen_scorer INFO: Prefix 5/8 (end=33, n_frames=7/34): reward=-18.6250 (mean, 1 tok)
2026-04-30 15:47:23,986 mme_vla_suite.pseudo_labeling.topreward_qwen_scorer INFO: Prefix 6/8 (end=40, n_frames=8/41): reward=-18.7500 (mean, 1 tok)
2026-04-30 15:47:30,917 mme_vla_suite.pseudo_labeling.topreward_qwen_scorer INFO: Prefix 7/8 (end=47, n_frames=10/48): reward=-17.8750 (mean, 1 tok)
2026-04-30 15:47:37,821 mme_vla_suite.pseudo_labeling.topreward_qwen_scorer INFO: Prefix 8/8 (end=55, n_frames=11/56): reward=-18.8750 (mean, 1 tok)
2026-04-30 15:47:45,576 mme_vla_suite.pseudo_labeling.topreward_qwen_scorer INFO: Prefix 1/8 (end=9, n_frames=4/10): reward=-20.2500 (mean, 1 tok)
2026-04-30 15:47:52,419 mme_vla_suite.pseudo_labeling.topreward_qwen_scorer INFO: Prefix 2/8 (end=20, n_frames=4/21): reward=-20.0000 (mean, 1 tok)
2026-04-30 15:47:59,286 mme_vla_suite.pseudo_labeling.topreward_qwen_scorer INFO: Prefix 3/8 (end=32, n_frames=7/33): reward=-19.1250 (mean, 1 tok)
2026-04-30 15:48:06,173 mme_vla_suite.pseudo_labeling.topreward_qwen_scorer INFO: Prefix 4/8 (end=43, n_frames=9/44): reward=-18.5000 (mean, 1 tok)
2026-04-30 15:48:13,039 mme_vla_suite.pseudo_labeling.topreward_qwen_scorer INFO: Prefix 5/8 (end=55, n_frames=11/56): reward=-18.8750 (mean, 1 tok)
2026-04-30 15:48:19,916 mme_vla_suite.pseudo_labeling.topreward_qwen_scorer INFO: Prefix 6/8 (end=66, n_frames=13/67): reward=-18.8750 (mean, 1 tok)
2026-04-30 15:48:26,844 mme_vla_suite.pseudo_labeling.topreward_qwen_scorer INFO: Prefix 7/8 (end=78, n_frames=16/79): reward=-17.8750 (mean, 1 tok)
2026-04-30 15:48:33,759 mme_vla_suite.pseudo_labeling.topreward_qwen_scorer INFO: Prefix 8/8 (end=90, n_frames=18/91): reward=-18.5000 (mean, 1 tok)
2026-04-30 15:48:41,878 mme_vla_suite.pseudo_labeling.topreward_qwen_scorer INFO: Prefix 1/8 (end=10, n_frames=4/11): reward=-21.7500 (mean, 1 tok)
2026-04-30 15:48:48,716 mme_vla_suite.pseudo_labeling.topreward_qwen_scorer INFO: Prefix 2/8 (end=23, n_frames=5/24): reward=-22.5000 (mean, 1 tok)
2026-04-30 15:48:55,554 mme_vla_suite.pseudo_labeling.topreward_qwen_scorer INFO: Prefix 3/8 (end=36, n_frames=7/37): reward=-16.8750 (mean, 1 tok)
2026-04-30 15:49:02,408 mme_vla_suite.pseudo_labeling.topreward_qwen_scorer INFO: Prefix 4/8 (end=49, n_frames=10/50): reward=-15.6250 (mean, 1 tok)
2026-04-30 15:49:09,285 mme_vla_suite.pseudo_labeling.topreward_qwen_scorer INFO: Prefix 5/8 (end=63, n_frames=13/64): reward=-16.0000 (mean, 1 tok)
2026-04-30 15:49:16,148 mme_vla_suite.pseudo_labeling.topreward_qwen_scorer INFO: Prefix 6/8 (end=76, n_frames=15/77): reward=-16.3750 (mean, 1 tok)
2026-04-30 15:49:23,048 mme_vla_suite.pseudo_labeling.topreward_qwen_scorer INFO: Prefix 7/8 (end=89, n_frames=18/90): reward=-16.1250 (mean, 1 tok)
2026-04-30 15:49:29,948 mme_vla_suite.pseudo_labeling.topreward_qwen_scorer INFO: Prefix 8/8 (end=103, n_frames=21/104): reward=-15.1250 (mean, 1 tok)
2026-04-30 15:49:37,751 mme_vla_suite.pseudo_labeling.topreward_qwen_scorer INFO: Prefix 1/8 (end=4, n_frames=4/5): reward=-20.0000 (mean, 1 tok)
2026-04-30 15:49:44,578 mme_vla_suite.pseudo_labeling.topreward_qwen_scorer INFO: Prefix 2/8 (end=8, n_frames=4/9): reward=-19.8750 (mean, 1 tok)
2026-04-30 15:49:51,401 mme_vla_suite.pseudo_labeling.topreward_qwen_scorer INFO: Prefix 3/8 (end=12, n_frames=4/13): reward=-19.2500 (mean, 1 tok)
2026-04-30 15:49:58,207 mme_vla_suite.pseudo_labeling.topreward_qwen_scorer INFO: Prefix 4/8 (end=16, n_frames=4/17): reward=-17.8750 (mean, 1 tok)
2026-04-30 15:50:05,049 mme_vla_suite.pseudo_labeling.topreward_qwen_scorer INFO: Prefix 5/8 (end=21, n_frames=4/22): reward=-17.3750 (mean, 1 tok)
2026-04-30 15:50:11,903 mme_vla_suite.pseudo_labeling.topreward_qwen_scorer INFO: Prefix 6/8 (end=25, n_frames=5/26): reward=-17.5000 (mean, 1 tok)
2026-04-30 15:50:18,747 mme_vla_suite.pseudo_labeling.topreward_qwen_scorer INFO: Prefix 7/8 (end=29, n_frames=6/30): reward=-17.8750 (mean, 1 tok)
2026-04-30 15:50:25,591 mme_vla_suite.pseudo_labeling.topreward_qwen_scorer INFO: Prefix 8/8 (end=34, n_frames=7/35): reward=-18.6250 (mean, 1 tok)
2026-04-30 15:50:33,479 mme_vla_suite.pseudo_labeling.topreward_qwen_scorer INFO: Prefix 1/8 (end=4, n_frames=4/5): reward=-19.6250 (mean, 1 tok)
2026-04-30 15:50:40,310 mme_vla_suite.pseudo_labeling.topreward_qwen_scorer INFO: Prefix 2/8 (end=8, n_frames=4/9): reward=-18.3750 (mean, 1 tok)
2026-04-30 15:50:47,139 mme_vla_suite.pseudo_labeling.topreward_qwen_scorer INFO: Prefix 3/8 (end=13, n_frames=4/14): reward=-18.6250 (mean, 1 tok)
2026-04-30 15:50:53,971 mme_vla_suite.pseudo_labeling.topreward_qwen_scorer INFO: Prefix 4/8 (end=18, n_frames=4/19): reward=-16.6250 (mean, 1 tok)
2026-04-30 15:51:00,824 mme_vla_suite.pseudo_labeling.topreward_qwen_scorer INFO: Prefix 5/8 (end=22, n_frames=5/23): reward=-17.8750 (mean, 1 tok)
2026-04-30 15:51:07,672 mme_vla_suite.pseudo_labeling.topreward_qwen_scorer INFO: Prefix 6/8 (end=27, n_frames=6/28): reward=-17.5000 (mean, 1 tok)
2026-04-30 15:51:14,532 mme_vla_suite.pseudo_labeling.topreward_qwen_scorer INFO: Prefix 7/8 (end=32, n_frames=7/33): reward=-17.0000 (mean, 1 tok)
2026-04-30 15:51:21,386 mme_vla_suite.pseudo_labeling.topreward_qwen_scorer INFO: Prefix 8/8 (end=37, n_frames=8/38): reward=-17.8750 (mean, 1 tok)
2026-04-30 15:51:29,359 mme_vla_suite.pseudo_labeling.topreward_qwen_scorer INFO: Prefix 1/8 (end=4, n_frames=4/5): reward=-20.7500 (mean, 1 tok)
2026-04-30 15:51:36,225 mme_vla_suite.pseudo_labeling.topreward_qwen_scorer INFO: Prefix 2/8 (end=8, n_frames=4/9): reward=-19.6250 (mean, 1 tok)
2026-04-30 15:51:43,057 mme_vla_suite.pseudo_labeling.topreward_qwen_scorer INFO: Prefix 3/8 (end=13, n_frames=4/14): reward=-19.1250 (mean, 1 tok)
2026-04-30 15:51:49,888 mme_vla_suite.pseudo_labeling.topreward_qwen_scorer INFO: Prefix 4/8 (end=18, n_frames=4/19): reward=-18.5000 (mean, 1 tok)
2026-04-30 15:51:56,726 mme_vla_suite.pseudo_labeling.topreward_qwen_scorer INFO: Prefix 5/8 (end=22, n_frames=5/23): reward=-19.3750 (mean, 1 tok)
2026-04-30 15:52:03,551 mme_vla_suite.pseudo_labeling.topreward_qwen_scorer INFO: Prefix 6/8 (end=27, n_frames=6/28): reward=-18.3750 (mean, 1 tok)
2026-04-30 15:52:10,417 mme_vla_suite.pseudo_labeling.topreward_qwen_scorer INFO: Prefix 7/8 (end=32, n_frames=7/33): reward=-19.0000 (mean, 1 tok)
2026-04-30 15:52:17,279 mme_vla_suite.pseudo_labeling.topreward_qwen_scorer INFO: Prefix 8/8 (end=37, n_frames=8/38): reward=-18.7500 (mean, 1 tok)
2026-04-30 15:52:25,136 mme_vla_suite.pseudo_labeling.topreward_qwen_scorer INFO: Prefix 1/8 (end=4, n_frames=4/5): reward=-20.2500 (mean, 1 tok)
2026-04-30 15:52:31,964 mme_vla_suite.pseudo_labeling.topreward_qwen_scorer INFO: Prefix 2/8 (end=8, n_frames=4/9): reward=-19.7500 (mean, 1 tok)
2026-04-30 15:52:38,808 mme_vla_suite.pseudo_labeling.topreward_qwen_scorer INFO: Prefix 3/8 (end=13, n_frames=4/14): reward=-19.2500 (mean, 1 tok)
2026-04-30 15:52:45,643 mme_vla_suite.pseudo_labeling.topreward_qwen_scorer INFO: Prefix 4/8 (end=18, n_frames=4/19): reward=-17.7500 (mean, 1 tok)
2026-04-30 15:52:52,480 mme_vla_suite.pseudo_labeling.topreward_qwen_scorer INFO: Prefix 5/8 (end=22, n_frames=5/23): reward=-18.7500 (mean, 1 tok)
2026-04-30 15:52:59,335 mme_vla_suite.pseudo_labeling.topreward_qwen_scorer INFO: Prefix 6/8 (end=27, n_frames=6/28): reward=-18.5000 (mean, 1 tok)
2026-04-30 15:53:06,205 mme_vla_suite.pseudo_labeling.topreward_qwen_scorer INFO: Prefix 7/8 (end=32, n_frames=7/33): reward=-19.3750 (mean, 1 tok)
2026-04-30 15:53:13,112 mme_vla_suite.pseudo_labeling.topreward_qwen_scorer INFO: Prefix 8/8 (end=37, n_frames=8/38): reward=-19.6250 (mean, 1 tok)
2026-04-30 15:53:20,890 mme_vla_suite.pseudo_labeling.topreward_qwen_scorer INFO: Prefix 1/8 (end=4, n_frames=4/5): reward=-19.5000 (mean, 1 tok)
2026-04-30 15:53:27,724 mme_vla_suite.pseudo_labeling.topreward_qwen_scorer INFO: Prefix 2/8 (end=8, n_frames=4/9): reward=-19.5000 (mean, 1 tok)
2026-04-30 15:53:34,556 mme_vla_suite.pseudo_labeling.topreward_qwen_scorer INFO: Prefix 3/8 (end=12, n_frames=4/13): reward=-20.6250 (mean, 1 tok)
2026-04-30 15:53:41,390 mme_vla_suite.pseudo_labeling.topreward_qwen_scorer INFO: Prefix 4/8 (end=16, n_frames=4/17): reward=-19.3750 (mean, 1 tok)
2026-04-30 15:53:48,234 mme_vla_suite.pseudo_labeling.topreward_qwen_scorer INFO: Prefix 5/8 (end=20, n_frames=4/21): reward=-18.7500 (mean, 1 tok)
2026-04-30 15:53:55,076 mme_vla_suite.pseudo_labeling.topreward_qwen_scorer INFO: Prefix 6/8 (end=24, n_frames=5/25): reward=-19.0000 (mean, 1 tok)
2026-04-30 15:54:01,925 mme_vla_suite.pseudo_labeling.topreward_qwen_scorer INFO: Prefix 7/8 (end=28, n_frames=6/29): reward=-19.0000 (mean, 1 tok)
2026-04-30 15:54:08,790 mme_vla_suite.pseudo_labeling.topreward_qwen_scorer INFO: Prefix 8/8 (end=33, n_frames=7/34): reward=-17.3750 (mean, 1 tok)
2026-04-30 15:54:16,449 mme_vla_suite.pseudo_labeling.topreward_qwen_scorer INFO: Prefix 1/8 (end=5, n_frames=4/6): reward=-20.0000 (mean, 1 tok)
2026-04-30 15:54:23,282 mme_vla_suite.pseudo_labeling.topreward_qwen_scorer INFO: Prefix 2/8 (end=12, n_frames=4/13): reward=-20.5000 (mean, 1 tok)
2026-04-30 15:54:30,106 mme_vla_suite.pseudo_labeling.topreward_qwen_scorer INFO: Prefix 3/8 (end=19, n_frames=4/20): reward=-20.0000 (mean, 1 tok)
2026-04-30 15:54:36,935 mme_vla_suite.pseudo_labeling.topreward_qwen_scorer INFO: Prefix 4/8 (end=26, n_frames=5/27): reward=-19.6250 (mean, 1 tok)
2026-04-30 15:54:43,793 mme_vla_suite.pseudo_labeling.topreward_qwen_scorer INFO: Prefix 5/8 (end=34, n_frames=7/35): reward=-19.8750 (mean, 1 tok)
2026-04-30 15:54:50,632 mme_vla_suite.pseudo_labeling.topreward_qwen_scorer INFO: Prefix 6/8 (end=41, n_frames=8/42): reward=-19.7500 (mean, 1 tok)
2026-04-30 15:54:57,487 mme_vla_suite.pseudo_labeling.topreward_qwen_scorer INFO: Prefix 7/8 (end=48, n_frames=10/49): reward=-19.0000 (mean, 1 tok)
2026-04-30 15:55:04,334 mme_vla_suite.pseudo_labeling.topreward_qwen_scorer INFO: Prefix 8/8 (end=56, n_frames=11/57): reward=-18.5000 (mean, 1 tok)
2026-04-30 15:55:12,156 mme_vla_suite.pseudo_labeling.topreward_qwen_scorer INFO: Prefix 1/8 (end=10, n_frames=4/11): reward=-20.6250 (mean, 1 tok)
2026-04-30 15:55:18,985 mme_vla_suite.pseudo_labeling.topreward_qwen_scorer INFO: Prefix 2/8 (end=23, n_frames=5/24): reward=-19.8750 (mean, 1 tok)
2026-04-30 15:55:25,896 mme_vla_suite.pseudo_labeling.topreward_qwen_scorer INFO: Prefix 3/8 (end=36, n_frames=7/37): reward=-19.2500 (mean, 1 tok)
2026-04-30 15:55:32,734 mme_vla_suite.pseudo_labeling.topreward_qwen_scorer INFO: Prefix 4/8 (end=49, n_frames=10/50): reward=-19.2500 (mean, 1 tok)
2026-04-30 15:55:39,604 mme_vla_suite.pseudo_labeling.topreward_qwen_scorer INFO: Prefix 5/8 (end=62, n_frames=13/63): reward=-19.1250 (mean, 1 tok)
2026-04-30 15:55:46,500 mme_vla_suite.pseudo_labeling.topreward_qwen_scorer INFO: Prefix 6/8 (end=75, n_frames=15/76): reward=-19.0000 (mean, 1 tok)
2026-04-30 15:55:53,399 mme_vla_suite.pseudo_labeling.topreward_qwen_scorer INFO: Prefix 7/8 (end=88, n_frames=18/89): reward=-18.6250 (mean, 1 tok)
2026-04-30 15:56:00,350 mme_vla_suite.pseudo_labeling.topreward_qwen_scorer INFO: Prefix 8/8 (end=102, n_frames=21/103): reward=-19.7500 (mean, 1 tok)
2026-04-30 15:56:08,334 mme_vla_suite.pseudo_labeling.topreward_qwen_scorer INFO: Prefix 1/8 (end=11, n_frames=4/12): reward=-20.3750 (mean, 1 tok)
2026-04-30 15:56:15,182 mme_vla_suite.pseudo_labeling.topreward_qwen_scorer INFO: Prefix 2/8 (end=25, n_frames=5/26): reward=-21.0000 (mean, 1 tok)
2026-04-30 15:56:22,022 mme_vla_suite.pseudo_labeling.topreward_qwen_scorer INFO: Prefix 3/8 (end=40, n_frames=8/41): reward=-18.2500 (mean, 1 tok)
2026-04-30 15:56:28,886 mme_vla_suite.pseudo_labeling.topreward_qwen_scorer INFO: Prefix 4/8 (end=55, n_frames=11/56): reward=-15.5000 (mean, 1 tok)
2026-04-30 15:56:35,747 mme_vla_suite.pseudo_labeling.topreward_qwen_scorer INFO: Prefix 5/8 (end=70, n_frames=14/71): reward=-14.7500 (mean, 1 tok)
2026-04-30 15:56:42,643 mme_vla_suite.pseudo_labeling.topreward_qwen_scorer INFO: Prefix 6/8 (end=85, n_frames=17/86): reward=-12.7500 (mean, 1 tok)
2026-04-30 15:56:49,564 mme_vla_suite.pseudo_labeling.topreward_qwen_scorer INFO: Prefix 7/8 (end=100, n_frames=20/101): reward=-14.3750 (mean, 1 tok)
2026-04-30 15:56:56,515 mme_vla_suite.pseudo_labeling.topreward_qwen_scorer INFO: Prefix 8/8 (end=115, n_frames=23/116): reward=-12.7500 (mean, 1 tok)
2026-04-30 15:57:04,314 mme_vla_suite.pseudo_labeling.topreward_qwen_scorer INFO: Prefix 1/8 (end=4, n_frames=4/5): reward=-19.2500 (mean, 1 tok)
2026-04-30 15:57:11,137 mme_vla_suite.pseudo_labeling.topreward_qwen_scorer INFO: Prefix 2/8 (end=7, n_frames=4/8): reward=-18.6250 (mean, 1 tok)
2026-04-30 15:57:17,963 mme_vla_suite.pseudo_labeling.topreward_qwen_scorer INFO: Prefix 3/8 (end=11, n_frames=4/12): reward=-18.8750 (mean, 1 tok)
2026-04-30 15:57:24,786 mme_vla_suite.pseudo_labeling.topreward_qwen_scorer INFO: Prefix 4/8 (end=15, n_frames=4/16): reward=-18.6250 (mean, 1 tok)
2026-04-30 15:57:31,613 mme_vla_suite.pseudo_labeling.topreward_qwen_scorer INFO: Prefix 5/8 (end=18, n_frames=4/19): reward=-19.0000 (mean, 1 tok)
2026-04-30 15:57:38,456 mme_vla_suite.pseudo_labeling.topreward_qwen_scorer INFO: Prefix 6/8 (end=22, n_frames=5/23): reward=-19.2500 (mean, 1 tok)
2026-04-30 15:57:45,294 mme_vla_suite.pseudo_labeling.topreward_qwen_scorer INFO: Prefix 7/8 (end=26, n_frames=5/27): reward=-19.7500 (mean, 1 tok)
2026-04-30 15:57:52,141 mme_vla_suite.pseudo_labeling.topreward_qwen_scorer INFO: Prefix 8/8 (end=30, n_frames=6/31): reward=-20.2500 (mean, 1 tok)
2026-04-30 15:58:00,246 mme_vla_suite.pseudo_labeling.topreward_qwen_scorer INFO: Prefix 1/8 (end=4, n_frames=4/5): reward=-19.6250 (mean, 1 tok)
2026-04-30 15:58:07,091 mme_vla_suite.pseudo_labeling.topreward_qwen_scorer INFO: Prefix 2/8 (end=9, n_frames=4/10): reward=-18.5000 (mean, 1 tok)
2026-04-30 15:58:13,934 mme_vla_suite.pseudo_labeling.topreward_qwen_scorer INFO: Prefix 3/8 (end=14, n_frames=4/15): reward=-18.3750 (mean, 1 tok)
2026-04-30 15:58:20,784 mme_vla_suite.pseudo_labeling.topreward_qwen_scorer INFO: Prefix 4/8 (end=19, n_frames=4/20): reward=-16.6250 (mean, 1 tok)
2026-04-30 15:58:27,663 mme_vla_suite.pseudo_labeling.topreward_qwen_scorer INFO: Prefix 5/8 (end=24, n_frames=5/25): reward=-18.1250 (mean, 1 tok)
2026-04-30 15:58:34,537 mme_vla_suite.pseudo_labeling.topreward_qwen_scorer INFO: Prefix 6/8 (end=29, n_frames=6/30): reward=-17.6250 (mean, 1 tok)
2026-04-30 15:58:41,401 mme_vla_suite.pseudo_labeling.topreward_qwen_scorer INFO: Prefix 7/8 (end=34, n_frames=7/35): reward=-18.2500 (mean, 1 tok)
2026-04-30 15:58:48,255 mme_vla_suite.pseudo_labeling.topreward_qwen_scorer INFO: Prefix 8/8 (end=40, n_frames=8/41): reward=-17.5000 (mean, 1 tok)
2026-04-30 15:58:55,959 mme_vla_suite.pseudo_labeling.topreward_qwen_scorer INFO: Prefix 1/8 (end=4, n_frames=4/5): reward=-20.1250 (mean, 1 tok)
2026-04-30 15:59:02,828 mme_vla_suite.pseudo_labeling.topreward_qwen_scorer INFO: Prefix 2/8 (end=9, n_frames=4/10): reward=-19.2500 (mean, 1 tok)
2026-04-30 15:59:09,678 mme_vla_suite.pseudo_labeling.topreward_qwen_scorer INFO: Prefix 3/8 (end=14, n_frames=4/15): reward=-19.3750 (mean, 1 tok)
2026-04-30 15:59:16,531 mme_vla_suite.pseudo_labeling.topreward_qwen_scorer INFO: Prefix 4/8 (end=19, n_frames=4/20): reward=-18.8750 (mean, 1 tok)
2026-04-30 15:59:23,371 mme_vla_suite.pseudo_labeling.topreward_qwen_scorer INFO: Prefix 5/8 (end=24, n_frames=5/25): reward=-19.2500 (mean, 1 tok)
2026-04-30 15:59:30,234 mme_vla_suite.pseudo_labeling.topreward_qwen_scorer INFO: Prefix 6/8 (end=29, n_frames=6/30): reward=-18.2500 (mean, 1 tok)
2026-04-30 15:59:37,079 mme_vla_suite.pseudo_labeling.topreward_qwen_scorer INFO: Prefix 7/8 (end=34, n_frames=7/35): reward=-19.2500 (mean, 1 tok)
2026-04-30 15:59:43,942 mme_vla_suite.pseudo_labeling.topreward_qwen_scorer INFO: Prefix 8/8 (end=40, n_frames=8/41): reward=-18.5000 (mean, 1 tok)
2026-04-30 15:59:51,843 mme_vla_suite.pseudo_labeling.topreward_qwen_scorer INFO: Prefix 1/8 (end=4, n_frames=4/5): reward=-20.0000 (mean, 1 tok)
2026-04-30 15:59:58,671 mme_vla_suite.pseudo_labeling.topreward_qwen_scorer INFO: Prefix 2/8 (end=9, n_frames=4/10): reward=-19.8750 (mean, 1 tok)
2026-04-30 16:00:05,495 mme_vla_suite.pseudo_labeling.topreward_qwen_scorer INFO: Prefix 3/8 (end=14, n_frames=4/15): reward=-19.0000 (mean, 1 tok)
2026-04-30 16:00:12,330 mme_vla_suite.pseudo_labeling.topreward_qwen_scorer INFO: Prefix 4/8 (end=19, n_frames=4/20): reward=-18.6250 (mean, 1 tok)
2026-04-30 16:00:19,155 mme_vla_suite.pseudo_labeling.topreward_qwen_scorer INFO: Prefix 5/8 (end=24, n_frames=5/25): reward=-18.3750 (mean, 1 tok)
2026-04-30 16:00:25,987 mme_vla_suite.pseudo_labeling.topreward_qwen_scorer INFO: Prefix 6/8 (end=29, n_frames=6/30): reward=-18.7500 (mean, 1 tok)
2026-04-30 16:00:32,828 mme_vla_suite.pseudo_labeling.topreward_qwen_scorer INFO: Prefix 7/8 (end=34, n_frames=7/35): reward=-19.8750 (mean, 1 tok)
2026-04-30 16:00:39,672 mme_vla_suite.pseudo_labeling.topreward_qwen_scorer INFO: Prefix 8/8 (end=40, n_frames=8/41): reward=-19.5000 (mean, 1 tok)
2026-04-30 16:00:47,411 mme_vla_suite.pseudo_labeling.topreward_qwen_scorer INFO: Prefix 1/8 (end=4, n_frames=4/5): reward=-19.5000 (mean, 1 tok)
2026-04-30 16:00:54,228 mme_vla_suite.pseudo_labeling.topreward_qwen_scorer INFO: Prefix 2/8 (end=8, n_frames=4/9): reward=-19.6250 (mean, 1 tok)
2026-04-30 16:01:01,042 mme_vla_suite.pseudo_labeling.topreward_qwen_scorer INFO: Prefix 3/8 (end=12, n_frames=4/13): reward=-19.1250 (mean, 1 tok)
2026-04-30 16:01:07,874 mme_vla_suite.pseudo_labeling.topreward_qwen_scorer INFO: Prefix 4/8 (end=16, n_frames=4/17): reward=-19.1250 (mean, 1 tok)
2026-04-30 16:01:14,706 mme_vla_suite.pseudo_labeling.topreward_qwen_scorer INFO: Prefix 5/8 (end=21, n_frames=4/22): reward=-17.8750 (mean, 1 tok)
2026-04-30 16:01:21,527 mme_vla_suite.pseudo_labeling.topreward_qwen_scorer INFO: Prefix 6/8 (end=25, n_frames=5/26): reward=-17.6250 (mean, 1 tok)
2026-04-30 16:01:28,356 mme_vla_suite.pseudo_labeling.topreward_qwen_scorer INFO: Prefix 7/8 (end=29, n_frames=6/30): reward=-17.8750 (mean, 1 tok)
2026-04-30 16:01:35,203 mme_vla_suite.pseudo_labeling.topreward_qwen_scorer INFO: Prefix 8/8 (end=34, n_frames=7/35): reward=-16.5000 (mean, 1 tok)
2026-04-30 16:01:42,832 mme_vla_suite.pseudo_labeling.topreward_qwen_scorer INFO: Prefix 1/8 (end=5, n_frames=4/6): reward=-21.3750 (mean, 1 tok)
2026-04-30 16:01:49,650 mme_vla_suite.pseudo_labeling.topreward_qwen_scorer INFO: Prefix 2/8 (end=12, n_frames=4/13): reward=-21.3750 (mean, 1 tok)
2026-04-30 16:01:56,454 mme_vla_suite.pseudo_labeling.topreward_qwen_scorer INFO: Prefix 3/8 (end=20, n_frames=4/21): reward=-20.8750 (mean, 1 tok)
2026-04-30 16:02:03,297 mme_vla_suite.pseudo_labeling.topreward_qwen_scorer INFO: Prefix 4/8 (end=27, n_frames=6/28): reward=-20.7500 (mean, 1 tok)
2026-04-30 16:02:10,126 mme_vla_suite.pseudo_labeling.topreward_qwen_scorer INFO: Prefix 5/8 (end=35, n_frames=7/36): reward=-19.8750 (mean, 1 tok)
2026-04-30 16:02:16,980 mme_vla_suite.pseudo_labeling.topreward_qwen_scorer INFO: Prefix 6/8 (end=42, n_frames=9/43): reward=-19.2500 (mean, 1 tok)
2026-04-30 16:02:23,817 mme_vla_suite.pseudo_labeling.topreward_qwen_scorer INFO: Prefix 7/8 (end=50, n_frames=10/51): reward=-18.2500 (mean, 1 tok)
2026-04-30 16:02:30,686 mme_vla_suite.pseudo_labeling.topreward_qwen_scorer INFO: Prefix 8/8 (end=58, n_frames=12/59): reward=-18.3750 (mean, 1 tok)
2026-04-30 16:02:38,500 mme_vla_suite.pseudo_labeling.topreward_qwen_scorer INFO: Prefix 1/8 (end=9, n_frames=4/10): reward=-21.6250 (mean, 1 tok)
2026-04-30 16:02:45,323 mme_vla_suite.pseudo_labeling.topreward_qwen_scorer INFO: Prefix 2/8 (end=21, n_frames=4/22): reward=-20.3750 (mean, 1 tok)
2026-04-30 16:02:52,171 mme_vla_suite.pseudo_labeling.topreward_qwen_scorer INFO: Prefix 3/8 (end=33, n_frames=7/34): reward=-19.5000 (mean, 1 tok)
2026-04-30 16:02:59,016 mme_vla_suite.pseudo_labeling.topreward_qwen_scorer INFO: Prefix 4/8 (end=45, n_frames=9/46): reward=-18.5000 (mean, 1 tok)
2026-04-30 16:03:05,875 mme_vla_suite.pseudo_labeling.topreward_qwen_scorer INFO: Prefix 5/8 (end=58, n_frames=12/59): reward=-18.3750 (mean, 1 tok)
2026-04-30 16:03:12,732 mme_vla_suite.pseudo_labeling.topreward_qwen_scorer INFO: Prefix 6/8 (end=70, n_frames=14/71): reward=-19.0000 (mean, 1 tok)
2026-04-30 16:03:19,635 mme_vla_suite.pseudo_labeling.topreward_qwen_scorer INFO: Prefix 7/8 (end=82, n_frames=17/83): reward=-18.2500 (mean, 1 tok)
2026-04-30 16:03:26,533 mme_vla_suite.pseudo_labeling.topreward_qwen_scorer INFO: Prefix 8/8 (end=95, n_frames=19/96): reward=-18.1250 (mean, 1 tok)
2026-04-30 16:03:34,480 mme_vla_suite.pseudo_labeling.topreward_qwen_scorer INFO: Prefix 1/8 (end=11, n_frames=4/12): reward=-19.7500 (mean, 1 tok)
2026-04-30 16:03:41,317 mme_vla_suite.pseudo_labeling.topreward_qwen_scorer INFO: Prefix 2/8 (end=25, n_frames=5/26): reward=-20.2500 (mean, 1 tok)
2026-04-30 16:03:48,169 mme_vla_suite.pseudo_labeling.topreward_qwen_scorer INFO: Prefix 3/8 (end=39, n_frames=8/40): reward=-15.6250 (mean, 1 tok)
2026-04-30 16:03:55,045 mme_vla_suite.pseudo_labeling.topreward_qwen_scorer INFO: Prefix 4/8 (end=53, n_frames=11/54): reward=-15.1250 (mean, 1 tok)
2026-04-30 16:04:01,916 mme_vla_suite.pseudo_labeling.topreward_qwen_scorer INFO: Prefix 5/8 (end=67, n_frames=14/68): reward=-15.5000 (mean, 1 tok)
2026-04-30 16:04:08,818 mme_vla_suite.pseudo_labeling.topreward_qwen_scorer INFO: Prefix 6/8 (end=81, n_frames=16/82): reward=-15.5000 (mean, 1 tok)
2026-04-30 16:04:15,697 mme_vla_suite.pseudo_labeling.topreward_qwen_scorer INFO: Prefix 7/8 (end=95, n_frames=19/96): reward=-14.5000 (mean, 1 tok)
2026-04-30 16:04:22,628 mme_vla_suite.pseudo_labeling.topreward_qwen_scorer INFO: Prefix 8/8 (end=109, n_frames=22/110): reward=-13.5000 (mean, 1 tok)
2026-04-30 16:04:30,208 mme_vla_suite.pseudo_labeling.topreward_qwen_scorer INFO: Prefix 1/8 (end=4, n_frames=4/5): reward=-19.7500 (mean, 1 tok)
2026-04-30 16:04:37,038 mme_vla_suite.pseudo_labeling.topreward_qwen_scorer INFO: Prefix 2/8 (end=9, n_frames=4/10): reward=-20.1250 (mean, 1 tok)
2026-04-30 16:04:43,859 mme_vla_suite.pseudo_labeling.topreward_qwen_scorer INFO: Prefix 3/8 (end=14, n_frames=4/15): reward=-19.5000 (mean, 1 tok)
2026-04-30 16:04:50,688 mme_vla_suite.pseudo_labeling.topreward_qwen_scorer INFO: Prefix 4/8 (end=19, n_frames=4/20): reward=-19.0000 (mean, 1 tok)
2026-04-30 16:04:57,521 mme_vla_suite.pseudo_labeling.topreward_qwen_scorer INFO: Prefix 5/8 (end=24, n_frames=5/25): reward=-19.2500 (mean, 1 tok)
2026-04-30 16:05:04,365 mme_vla_suite.pseudo_labeling.topreward_qwen_scorer INFO: Prefix 6/8 (end=29, n_frames=6/30): reward=-19.1250 (mean, 1 tok)
2026-04-30 16:05:11,236 mme_vla_suite.pseudo_labeling.topreward_qwen_scorer INFO: Prefix 7/8 (end=34, n_frames=7/35): reward=-18.6250 (mean, 1 tok)
2026-04-30 16:05:18,102 mme_vla_suite.pseudo_labeling.topreward_qwen_scorer INFO: Prefix 8/8 (end=39, n_frames=8/40): reward=-19.3750 (mean, 1 tok)
2026-04-30 16:05:26,125 mme_vla_suite.pseudo_labeling.topreward_qwen_scorer INFO: Prefix 1/8 (end=4, n_frames=4/5): reward=-19.1250 (mean, 1 tok)
2026-04-30 16:05:32,962 mme_vla_suite.pseudo_labeling.topreward_qwen_scorer INFO: Prefix 2/8 (end=8, n_frames=4/9): reward=-19.0000 (mean, 1 tok)
2026-04-30 16:05:39,819 mme_vla_suite.pseudo_labeling.topreward_qwen_scorer INFO: Prefix 3/8 (end=13, n_frames=4/14): reward=-19.0000 (mean, 1 tok)
2026-04-30 16:05:46,668 mme_vla_suite.pseudo_labeling.topreward_qwen_scorer INFO: Prefix 4/8 (end=18, n_frames=4/19): reward=-18.1250 (mean, 1 tok)
2026-04-30 16:05:53,517 mme_vla_suite.pseudo_labeling.topreward_qwen_scorer INFO: Prefix 5/8 (end=22, n_frames=5/23): reward=-18.6250 (mean, 1 tok)
2026-04-30 16:06:00,369 mme_vla_suite.pseudo_labeling.topreward_qwen_scorer INFO: Prefix 6/8 (end=27, n_frames=6/28): reward=-18.5000 (mean, 1 tok)
2026-04-30 16:06:07,227 mme_vla_suite.pseudo_labeling.topreward_qwen_scorer INFO: Prefix 7/8 (end=32, n_frames=7/33): reward=-20.0000 (mean, 1 tok)
2026-04-30 16:06:14,104 mme_vla_suite.pseudo_labeling.topreward_qwen_scorer INFO: Prefix 8/8 (end=37, n_frames=8/38): reward=-19.6250 (mean, 1 tok)
2026-04-30 16:06:22,234 mme_vla_suite.pseudo_labeling.topreward_qwen_scorer INFO: Prefix 1/8 (end=4, n_frames=4/5): reward=-20.1250 (mean, 1 tok)
2026-04-30 16:06:29,073 mme_vla_suite.pseudo_labeling.topreward_qwen_scorer INFO: Prefix 2/8 (end=9, n_frames=4/10): reward=-19.6250 (mean, 1 tok)
2026-04-30 16:06:35,935 mme_vla_suite.pseudo_labeling.topreward_qwen_scorer INFO: Prefix 3/8 (end=14, n_frames=4/15): reward=-19.6250 (mean, 1 tok)
2026-04-30 16:06:42,783 mme_vla_suite.pseudo_labeling.topreward_qwen_scorer INFO: Prefix 4/8 (end=20, n_frames=4/21): reward=-19.5000 (mean, 1 tok)
2026-04-30 16:06:49,628 mme_vla_suite.pseudo_labeling.topreward_qwen_scorer INFO: Prefix 5/8 (end=25, n_frames=5/26): reward=-19.8750 (mean, 1 tok)
2026-04-30 16:06:56,483 mme_vla_suite.pseudo_labeling.topreward_qwen_scorer INFO: Prefix 6/8 (end=31, n_frames=6/32): reward=-19.6250 (mean, 1 tok)
2026-04-30 16:07:03,351 mme_vla_suite.pseudo_labeling.topreward_qwen_scorer INFO: Prefix 7/8 (end=36, n_frames=7/37): reward=-19.7500 (mean, 1 tok)
2026-04-30 16:07:10,229 mme_vla_suite.pseudo_labeling.topreward_qwen_scorer INFO: Prefix 8/8 (end=42, n_frames=9/43): reward=-18.6250 (mean, 1 tok)
2026-04-30 16:07:18,101 mme_vla_suite.pseudo_labeling.topreward_qwen_scorer INFO: Prefix 1/8 (end=4, n_frames=4/5): reward=-19.6250 (mean, 1 tok)
2026-04-30 16:07:24,943 mme_vla_suite.pseudo_labeling.topreward_qwen_scorer INFO: Prefix 2/8 (end=9, n_frames=4/10): reward=-19.2500 (mean, 1 tok)
2026-04-30 16:07:31,790 mme_vla_suite.pseudo_labeling.topreward_qwen_scorer INFO: Prefix 3/8 (end=14, n_frames=4/15): reward=-19.3750 (mean, 1 tok)
2026-04-30 16:07:38,624 mme_vla_suite.pseudo_labeling.topreward_qwen_scorer INFO: Prefix 4/8 (end=19, n_frames=4/20): reward=-18.8750 (mean, 1 tok)
2026-04-30 16:07:45,477 mme_vla_suite.pseudo_labeling.topreward_qwen_scorer INFO: Prefix 5/8 (end=25, n_frames=5/26): reward=-19.8750 (mean, 1 tok)
2026-04-30 16:07:52,306 mme_vla_suite.pseudo_labeling.topreward_qwen_scorer INFO: Prefix 6/8 (end=30, n_frames=6/31): reward=-19.6250 (mean, 1 tok)
2026-04-30 16:07:59,151 mme_vla_suite.pseudo_labeling.topreward_qwen_scorer INFO: Prefix 7/8 (end=35, n_frames=7/36): reward=-21.1250 (mean, 1 tok)
2026-04-30 16:08:06,008 mme_vla_suite.pseudo_labeling.topreward_qwen_scorer INFO: Prefix 8/8 (end=41, n_frames=8/42): reward=-21.0000 (mean, 1 tok)
2026-04-30 16:08:13,812 mme_vla_suite.pseudo_labeling.topreward_qwen_scorer INFO: Prefix 1/8 (end=4, n_frames=4/5): reward=-21.1250 (mean, 1 tok)
2026-04-30 16:08:20,664 mme_vla_suite.pseudo_labeling.topreward_qwen_scorer INFO: Prefix 2/8 (end=9, n_frames=4/10): reward=-20.1250 (mean, 1 tok)
2026-04-30 16:08:27,498 mme_vla_suite.pseudo_labeling.topreward_qwen_scorer INFO: Prefix 3/8 (end=14, n_frames=4/15): reward=-20.6250 (mean, 1 tok)
2026-04-30 16:08:34,322 mme_vla_suite.pseudo_labeling.topreward_qwen_scorer INFO: Prefix 4/8 (end=19, n_frames=4/20): reward=-20.2500 (mean, 1 tok)
2026-04-30 16:08:41,157 mme_vla_suite.pseudo_labeling.topreward_qwen_scorer INFO: Prefix 5/8 (end=25, n_frames=5/26): reward=-20.2500 (mean, 1 tok)
2026-04-30 16:08:47,994 mme_vla_suite.pseudo_labeling.topreward_qwen_scorer INFO: Prefix 6/8 (end=30, n_frames=6/31): reward=-20.5000 (mean, 1 tok)
2026-04-30 16:08:54,844 mme_vla_suite.pseudo_labeling.topreward_qwen_scorer INFO: Prefix 7/8 (end=35, n_frames=7/36): reward=-19.7500 (mean, 1 tok)
2026-04-30 16:09:01,687 mme_vla_suite.pseudo_labeling.topreward_qwen_scorer INFO: Prefix 8/8 (end=41, n_frames=8/42): reward=-19.8750 (mean, 1 tok)
2026-04-30 16:09:09,667 mme_vla_suite.pseudo_labeling.topreward_qwen_scorer INFO: Prefix 1/8 (end=4, n_frames=4/5): reward=-20.0000 (mean, 1 tok)
2026-04-30 16:09:16,522 mme_vla_suite.pseudo_labeling.topreward_qwen_scorer INFO: Prefix 2/8 (end=9, n_frames=4/10): reward=-19.6250 (mean, 1 tok)
2026-04-30 16:09:23,369 mme_vla_suite.pseudo_labeling.topreward_qwen_scorer INFO: Prefix 3/8 (end=14, n_frames=4/15): reward=-19.1250 (mean, 1 tok)
2026-04-30 16:09:30,223 mme_vla_suite.pseudo_labeling.topreward_qwen_scorer INFO: Prefix 4/8 (end=19, n_frames=4/20): reward=-19.1250 (mean, 1 tok)
2026-04-30 16:09:37,078 mme_vla_suite.pseudo_labeling.topreward_qwen_scorer INFO: Prefix 5/8 (end=25, n_frames=5/26): reward=-20.5000 (mean, 1 tok)
2026-04-30 16:09:43,923 mme_vla_suite.pseudo_labeling.topreward_qwen_scorer INFO: Prefix 6/8 (end=30, n_frames=6/31): reward=-20.3750 (mean, 1 tok)
2026-04-30 16:09:50,771 mme_vla_suite.pseudo_labeling.topreward_qwen_scorer INFO: Prefix 7/8 (end=35, n_frames=7/36): reward=-21.8750 (mean, 1 tok)
2026-04-30 16:09:57,630 mme_vla_suite.pseudo_labeling.topreward_qwen_scorer INFO: Prefix 8/8 (end=41, n_frames=8/42): reward=-21.7500 (mean, 1 tok)
2026-04-30 16:10:05,387 mme_vla_suite.pseudo_labeling.topreward_qwen_scorer INFO: Prefix 1/8 (end=4, n_frames=4/5): reward=-18.0000 (mean, 1 tok)
2026-04-30 16:10:12,228 mme_vla_suite.pseudo_labeling.topreward_qwen_scorer INFO: Prefix 2/8 (end=8, n_frames=4/9): reward=-18.6250 (mean, 1 tok)
2026-04-30 16:10:19,080 mme_vla_suite.pseudo_labeling.topreward_qwen_scorer INFO: Prefix 3/8 (end=12, n_frames=4/13): reward=-18.6250 (mean, 1 tok)
2026-04-30 16:10:25,906 mme_vla_suite.pseudo_labeling.topreward_qwen_scorer INFO: Prefix 4/8 (end=16, n_frames=4/17): reward=-18.6250 (mean, 1 tok)
2026-04-30 16:10:32,753 mme_vla_suite.pseudo_labeling.topreward_qwen_scorer INFO: Prefix 5/8 (end=21, n_frames=4/22): reward=-17.5000 (mean, 1 tok)
2026-04-30 16:10:39,598 mme_vla_suite.pseudo_labeling.topreward_qwen_scorer INFO: Prefix 6/8 (end=25, n_frames=5/26): reward=-17.8750 (mean, 1 tok)
2026-04-30 16:10:46,446 mme_vla_suite.pseudo_labeling.topreward_qwen_scorer INFO: Prefix 7/8 (end=29, n_frames=6/30): reward=-17.6250 (mean, 1 tok)
2026-04-30 16:10:53,280 mme_vla_suite.pseudo_labeling.topreward_qwen_scorer INFO: Prefix 8/8 (end=34, n_frames=7/35): reward=-16.5000 (mean, 1 tok)
2026-04-30 16:11:01,181 mme_vla_suite.pseudo_labeling.topreward_qwen_scorer INFO: Prefix 1/8 (end=5, n_frames=4/6): reward=-21.1250 (mean, 1 tok)
2026-04-30 16:11:08,024 mme_vla_suite.pseudo_labeling.topreward_qwen_scorer INFO: Prefix 2/8 (end=11, n_frames=4/12): reward=-20.6250 (mean, 1 tok)
2026-04-30 16:11:14,859 mme_vla_suite.pseudo_labeling.topreward_qwen_scorer INFO: Prefix 3/8 (end=18, n_frames=4/19): reward=-19.6250 (mean, 1 tok)
2026-04-30 16:11:21,684 mme_vla_suite.pseudo_labeling.topreward_qwen_scorer INFO: Prefix 4/8 (end=25, n_frames=5/26): reward=-20.0000 (mean, 1 tok)
2026-04-30 16:11:28,521 mme_vla_suite.pseudo_labeling.topreward_qwen_scorer INFO: Prefix 5/8 (end=32, n_frames=7/33): reward=-20.0000 (mean, 1 tok)
2026-04-30 16:11:35,356 mme_vla_suite.pseudo_labeling.topreward_qwen_scorer INFO: Prefix 6/8 (end=39, n_frames=8/40): reward=-20.0000 (mean, 1 tok)
2026-04-30 16:11:42,207 mme_vla_suite.pseudo_labeling.topreward_qwen_scorer INFO: Prefix 7/8 (end=46, n_frames=9/47): reward=-18.7500 (mean, 1 tok)
2026-04-30 16:11:49,056 mme_vla_suite.pseudo_labeling.topreward_qwen_scorer INFO: Prefix 8/8 (end=53, n_frames=11/54): reward=-18.5000 (mean, 1 tok)
2026-04-30 16:11:56,842 mme_vla_suite.pseudo_labeling.topreward_qwen_scorer INFO: Prefix 1/8 (end=9, n_frames=4/10): reward=-21.1250 (mean, 1 tok)
2026-04-30 16:12:03,670 mme_vla_suite.pseudo_labeling.topreward_qwen_scorer INFO: Prefix 2/8 (end=20, n_frames=4/21): reward=-20.1250 (mean, 1 tok)
2026-04-30 16:12:10,510 mme_vla_suite.pseudo_labeling.topreward_qwen_scorer INFO: Prefix 3/8 (end=32, n_frames=7/33): reward=-20.0000 (mean, 1 tok)
2026-04-30 16:12:17,365 mme_vla_suite.pseudo_labeling.topreward_qwen_scorer INFO: Prefix 4/8 (end=44, n_frames=9/45): reward=-19.3750 (mean, 1 tok)
2026-04-30 16:12:24,221 mme_vla_suite.pseudo_labeling.topreward_qwen_scorer INFO: Prefix 5/8 (end=56, n_frames=11/57): reward=-19.3750 (mean, 1 tok)
2026-04-30 16:12:31,069 mme_vla_suite.pseudo_labeling.topreward_qwen_scorer INFO: Prefix 6/8 (end=68, n_frames=14/69): reward=-18.8750 (mean, 1 tok)
2026-04-30 16:12:37,940 mme_vla_suite.pseudo_labeling.topreward_qwen_scorer INFO: Prefix 7/8 (end=80, n_frames=16/81): reward=-18.7500 (mean, 1 tok)
2026-04-30 16:12:44,840 mme_vla_suite.pseudo_labeling.topreward_qwen_scorer INFO: Prefix 8/8 (end=92, n_frames=19/93): reward=-19.3750 (mean, 1 tok)
2026-04-30 16:12:52,993 mme_vla_suite.pseudo_labeling.topreward_qwen_scorer INFO: Prefix 1/8 (end=13, n_frames=4/14): reward=-20.0000 (mean, 1 tok)
2026-04-30 16:12:59,807 mme_vla_suite.pseudo_labeling.topreward_qwen_scorer INFO: Prefix 2/8 (end=29, n_frames=6/30): reward=-20.3750 (mean, 1 tok)
2026-04-30 16:13:06,672 mme_vla_suite.pseudo_labeling.topreward_qwen_scorer INFO: Prefix 3/8 (end=46, n_frames=9/47): reward=-18.5000 (mean, 1 tok)
2026-04-30 16:13:13,543 mme_vla_suite.pseudo_labeling.topreward_qwen_scorer INFO: Prefix 4/8 (end=63, n_frames=13/64): reward=-18.5000 (mean, 1 tok)
2026-04-30 16:13:20,439 mme_vla_suite.pseudo_labeling.topreward_qwen_scorer INFO: Prefix 5/8 (end=80, n_frames=16/81): reward=-16.3750 (mean, 1 tok)
2026-04-30 16:13:27,386 mme_vla_suite.pseudo_labeling.topreward_qwen_scorer INFO: Prefix 6/8 (end=97, n_frames=20/98): reward=-16.3750 (mean, 1 tok)
2026-04-30 16:13:34,347 mme_vla_suite.pseudo_labeling.topreward_qwen_scorer INFO: Prefix 7/8 (end=114, n_frames=23/115): reward=-15.7500 (mean, 1 tok)
2026-04-30 16:13:41,304 mme_vla_suite.pseudo_labeling.topreward_qwen_scorer INFO: Prefix 8/8 (end=131, n_frames=26/132): reward=-16.2500 (mean, 1 tok)
2026-04-30 16:13:49,114 mme_vla_suite.pseudo_labeling.topreward_qwen_scorer INFO: Prefix 1/8 (end=4, n_frames=4/5): reward=-19.7500 (mean, 1 tok)
2026-04-30 16:13:55,941 mme_vla_suite.pseudo_labeling.topreward_qwen_scorer INFO: Prefix 2/8 (end=9, n_frames=4/10): reward=-19.2500 (mean, 1 tok)
2026-04-30 16:14:02,769 mme_vla_suite.pseudo_labeling.topreward_qwen_scorer INFO: Prefix 3/8 (end=14, n_frames=4/15): reward=-19.0000 (mean, 1 tok)
2026-04-30 16:14:09,603 mme_vla_suite.pseudo_labeling.topreward_qwen_scorer INFO: Prefix 4/8 (end=19, n_frames=4/20): reward=-20.5000 (mean, 1 tok)
2026-04-30 16:14:16,447 mme_vla_suite.pseudo_labeling.topreward_qwen_scorer INFO: Prefix 5/8 (end=25, n_frames=5/26): reward=-19.6250 (mean, 1 tok)
2026-04-30 16:14:23,287 mme_vla_suite.pseudo_labeling.topreward_qwen_scorer INFO: Prefix 6/8 (end=30, n_frames=6/31): reward=-18.3750 (mean, 1 tok)
2026-04-30 16:14:30,138 mme_vla_suite.pseudo_labeling.topreward_qwen_scorer INFO: Prefix 7/8 (end=35, n_frames=7/36): reward=-20.0000 (mean, 1 tok)
2026-04-30 16:14:36,993 mme_vla_suite.pseudo_labeling.topreward_qwen_scorer INFO: Prefix 8/8 (end=41, n_frames=8/42): reward=-19.8750 (mean, 1 tok)
2026-04-30 16:14:44,929 mme_vla_suite.pseudo_labeling.topreward_qwen_scorer INFO: Prefix 1/8 (end=4, n_frames=4/5): reward=-20.2500 (mean, 1 tok)
2026-04-30 16:14:51,761 mme_vla_suite.pseudo_labeling.topreward_qwen_scorer INFO: Prefix 2/8 (end=9, n_frames=4/10): reward=-19.5000 (mean, 1 tok)
2026-04-30 16:14:58,604 mme_vla_suite.pseudo_labeling.topreward_qwen_scorer INFO: Prefix 3/8 (end=15, n_frames=4/16): reward=-18.2500 (mean, 1 tok)
2026-04-30 16:15:05,443 mme_vla_suite.pseudo_labeling.topreward_qwen_scorer INFO: Prefix 4/8 (end=21, n_frames=4/22): reward=-17.5000 (mean, 1 tok)
2026-04-30 16:15:12,294 mme_vla_suite.pseudo_labeling.topreward_qwen_scorer INFO: Prefix 5/8 (end=26, n_frames=5/27): reward=-18.2500 (mean, 1 tok)
2026-04-30 16:15:19,150 mme_vla_suite.pseudo_labeling.topreward_qwen_scorer INFO: Prefix 6/8 (end=32, n_frames=7/33): reward=-18.6250 (mean, 1 tok)
2026-04-30 16:15:26,012 mme_vla_suite.pseudo_labeling.topreward_qwen_scorer INFO: Prefix 7/8 (end=38, n_frames=8/39): reward=-18.8750 (mean, 1 tok)
2026-04-30 16:15:32,870 mme_vla_suite.pseudo_labeling.topreward_qwen_scorer INFO: Prefix 8/8 (end=44, n_frames=9/45): reward=-19.6250 (mean, 1 tok)
2026-04-30 16:15:40,653 mme_vla_suite.pseudo_labeling.topreward_qwen_scorer INFO: Prefix 1/8 (end=4, n_frames=4/5): reward=-20.6250 (mean, 1 tok)
2026-04-30 16:15:47,503 mme_vla_suite.pseudo_labeling.topreward_qwen_scorer INFO: Prefix 2/8 (end=9, n_frames=4/10): reward=-20.2500 (mean, 1 tok)
2026-04-30 16:15:54,336 mme_vla_suite.pseudo_labeling.topreward_qwen_scorer INFO: Prefix 3/8 (end=15, n_frames=4/16): reward=-19.2500 (mean, 1 tok)
2026-04-30 16:16:01,177 mme_vla_suite.pseudo_labeling.topreward_qwen_scorer INFO: Prefix 4/8 (end=21, n_frames=4/22): reward=-18.7500 (mean, 1 tok)
2026-04-30 16:16:08,030 mme_vla_suite.pseudo_labeling.topreward_qwen_scorer INFO: Prefix 5/8 (end=27, n_frames=6/28): reward=-18.8750 (mean, 1 tok)
2026-04-30 16:16:14,875 mme_vla_suite.pseudo_labeling.topreward_qwen_scorer INFO: Prefix 6/8 (end=33, n_frames=7/34): reward=-19.2500 (mean, 1 tok)
2026-04-30 16:16:21,718 mme_vla_suite.pseudo_labeling.topreward_qwen_scorer INFO: Prefix 7/8 (end=39, n_frames=8/40): reward=-19.2500 (mean, 1 tok)
2026-04-30 16:16:28,592 mme_vla_suite.pseudo_labeling.topreward_qwen_scorer INFO: Prefix 8/8 (end=45, n_frames=9/46): reward=-19.8750 (mean, 1 tok)
2026-04-30 16:16:36,493 mme_vla_suite.pseudo_labeling.topreward_qwen_scorer INFO: Prefix 1/8 (end=4, n_frames=4/5): reward=-20.3750 (mean, 1 tok)
2026-04-30 16:16:43,341 mme_vla_suite.pseudo_labeling.topreward_qwen_scorer INFO: Prefix 2/8 (end=9, n_frames=4/10): reward=-20.0000 (mean, 1 tok)
2026-04-30 16:16:50,187 mme_vla_suite.pseudo_labeling.topreward_qwen_scorer INFO: Prefix 3/8 (end=15, n_frames=4/16): reward=-19.3750 (mean, 1 tok)
2026-04-30 16:16:57,025 mme_vla_suite.pseudo_labeling.topreward_qwen_scorer INFO: Prefix 4/8 (end=21, n_frames=4/22): reward=-17.8750 (mean, 1 tok)
2026-04-30 16:17:03,866 mme_vla_suite.pseudo_labeling.topreward_qwen_scorer INFO: Prefix 5/8 (end=27, n_frames=6/28): reward=-18.0000 (mean, 1 tok)
2026-04-30 16:17:10,714 mme_vla_suite.pseudo_labeling.topreward_qwen_scorer INFO: Prefix 6/8 (end=33, n_frames=7/34): reward=-18.6250 (mean, 1 tok)
2026-04-30 16:17:17,572 mme_vla_suite.pseudo_labeling.topreward_qwen_scorer INFO: Prefix 7/8 (end=39, n_frames=8/40): reward=-18.3750 (mean, 1 tok)
2026-04-30 16:17:24,431 mme_vla_suite.pseudo_labeling.topreward_qwen_scorer INFO: Prefix 8/8 (end=45, n_frames=9/46): reward=-19.1250 (mean, 1 tok)
2026-04-30 16:17:32,230 mme_vla_suite.pseudo_labeling.topreward_qwen_scorer INFO: Prefix 1/8 (end=4, n_frames=4/5): reward=-21.0000 (mean, 1 tok)
2026-04-30 16:17:39,052 mme_vla_suite.pseudo_labeling.topreward_qwen_scorer INFO: Prefix 2/8 (end=9, n_frames=4/10): reward=-20.7500 (mean, 1 tok)
2026-04-30 16:17:45,884 mme_vla_suite.pseudo_labeling.topreward_qwen_scorer INFO: Prefix 3/8 (end=15, n_frames=4/16): reward=-19.6250 (mean, 1 tok)
2026-04-30 16:17:52,724 mme_vla_suite.pseudo_labeling.topreward_qwen_scorer INFO: Prefix 4/8 (end=21, n_frames=4/22): reward=-19.6250 (mean, 1 tok)
2026-04-30 16:17:59,584 mme_vla_suite.pseudo_labeling.topreward_qwen_scorer INFO: Prefix 5/8 (end=27, n_frames=6/28): reward=-19.7500 (mean, 1 tok)
2026-04-30 16:18:06,455 mme_vla_suite.pseudo_labeling.topreward_qwen_scorer INFO: Prefix 6/8 (end=33, n_frames=7/34): reward=-20.5000 (mean, 1 tok)
2026-04-30 16:18:13,309 mme_vla_suite.pseudo_labeling.topreward_qwen_scorer INFO: Prefix 7/8 (end=39, n_frames=8/40): reward=-20.6250 (mean, 1 tok)
2026-04-30 16:18:20,150 mme_vla_suite.pseudo_labeling.topreward_qwen_scorer INFO: Prefix 8/8 (end=45, n_frames=9/46): reward=-20.0000 (mean, 1 tok)
2026-04-30 16:18:27,981 mme_vla_suite.pseudo_labeling.topreward_qwen_scorer INFO: Prefix 1/8 (end=4, n_frames=4/5): reward=-20.8750 (mean, 1 tok)
2026-04-30 16:18:34,839 mme_vla_suite.pseudo_labeling.topreward_qwen_scorer INFO: Prefix 2/8 (end=9, n_frames=4/10): reward=-20.1250 (mean, 1 tok)
2026-04-30 16:18:41,675 mme_vla_suite.pseudo_labeling.topreward_qwen_scorer INFO: Prefix 3/8 (end=15, n_frames=4/16): reward=-19.8750 (mean, 1 tok)
2026-04-30 16:18:48,518 mme_vla_suite.pseudo_labeling.topreward_qwen_scorer INFO: Prefix 4/8 (end=21, n_frames=4/22): reward=-19.1250 (mean, 1 tok)
2026-04-30 16:18:55,389 mme_vla_suite.pseudo_labeling.topreward_qwen_scorer INFO: Prefix 5/8 (end=27, n_frames=6/28): reward=-18.6250 (mean, 1 tok)
2026-04-30 16:19:02,241 mme_vla_suite.pseudo_labeling.topreward_qwen_scorer INFO: Prefix 6/8 (end=33, n_frames=7/34): reward=-19.5000 (mean, 1 tok)
2026-04-30 16:19:09,109 mme_vla_suite.pseudo_labeling.topreward_qwen_scorer INFO: Prefix 7/8 (end=39, n_frames=8/40): reward=-19.5000 (mean, 1 tok)
2026-04-30 16:19:15,979 mme_vla_suite.pseudo_labeling.topreward_qwen_scorer INFO: Prefix 8/8 (end=45, n_frames=9/46): reward=-20.1250 (mean, 1 tok)
2026-04-30 16:19:23,733 mme_vla_suite.pseudo_labeling.topreward_qwen_scorer INFO: Prefix 1/8 (end=4, n_frames=4/5): reward=-22.3750 (mean, 1 tok)
2026-04-30 16:19:30,592 mme_vla_suite.pseudo_labeling.topreward_qwen_scorer INFO: Prefix 2/8 (end=8, n_frames=4/9): reward=-21.1250 (mean, 1 tok)
2026-04-30 16:19:37,449 mme_vla_suite.pseudo_labeling.topreward_qwen_scorer INFO: Prefix 3/8 (end=13, n_frames=4/14): reward=-21.5000 (mean, 1 tok)
2026-04-30 16:19:44,311 mme_vla_suite.pseudo_labeling.topreward_qwen_scorer INFO: Prefix 4/8 (end=17, n_frames=4/18): reward=-19.2500 (mean, 1 tok)
2026-04-30 16:19:51,181 mme_vla_suite.pseudo_labeling.topreward_qwen_scorer INFO: Prefix 5/8 (end=22, n_frames=5/23): reward=-19.6250 (mean, 1 tok)
2026-04-30 16:19:58,035 mme_vla_suite.pseudo_labeling.topreward_qwen_scorer INFO: Prefix 6/8 (end=26, n_frames=5/27): reward=-21.3750 (mean, 1 tok)
2026-04-30 16:20:04,895 mme_vla_suite.pseudo_labeling.topreward_qwen_scorer INFO: Prefix 7/8 (end=31, n_frames=6/32): reward=-19.5000 (mean, 1 tok)
2026-04-30 16:20:11,766 mme_vla_suite.pseudo_labeling.topreward_qwen_scorer INFO: Prefix 8/8 (end=36, n_frames=7/37): reward=-17.7500 (mean, 1 tok)
2026-04-30 16:20:19,973 mme_vla_suite.pseudo_labeling.topreward_qwen_scorer INFO: Prefix 1/8 (end=7, n_frames=4/8): reward=-20.2500 (mean, 1 tok)
2026-04-30 16:20:26,802 mme_vla_suite.pseudo_labeling.topreward_qwen_scorer INFO: Prefix 2/8 (end=15, n_frames=4/16): reward=-20.2500 (mean, 1 tok)
2026-04-30 16:20:33,647 mme_vla_suite.pseudo_labeling.topreward_qwen_scorer INFO: Prefix 3/8 (end=24, n_frames=5/25): reward=-20.1250 (mean, 1 tok)
2026-04-30 16:20:40,571 mme_vla_suite.pseudo_labeling.topreward_qwen_scorer INFO: Prefix 4/8 (end=33, n_frames=7/34): reward=-19.2500 (mean, 1 tok)
2026-04-30 16:20:47,428 mme_vla_suite.pseudo_labeling.topreward_qwen_scorer INFO: Prefix 5/8 (end=42, n_frames=9/43): reward=-19.6250 (mean, 1 tok)
2026-04-30 16:20:54,395 mme_vla_suite.pseudo_labeling.topreward_qwen_scorer INFO: Prefix 6/8 (end=51, n_frames=10/52): reward=-19.2500 (mean, 1 tok)
2026-04-30 16:21:01,344 mme_vla_suite.pseudo_labeling.topreward_qwen_scorer INFO: Prefix 7/8 (end=60, n_frames=12/61): reward=-19.2500 (mean, 1 tok)
2026-04-30 16:21:08,218 mme_vla_suite.pseudo_labeling.topreward_qwen_scorer INFO: Prefix 8/8 (end=69, n_frames=14/70): reward=-19.7500 (mean, 1 tok)
2026-04-30 16:21:16,083 mme_vla_suite.pseudo_labeling.topreward_qwen_scorer INFO: Prefix 1/8 (end=10, n_frames=4/11): reward=-20.1250 (mean, 1 tok)
2026-04-30 16:21:22,951 mme_vla_suite.pseudo_labeling.topreward_qwen_scorer INFO: Prefix 2/8 (end=23, n_frames=5/24): reward=-19.1250 (mean, 1 tok)
2026-04-30 16:21:29,818 mme_vla_suite.pseudo_labeling.topreward_qwen_scorer INFO: Prefix 3/8 (end=37, n_frames=8/38): reward=-19.5000 (mean, 1 tok)
2026-04-30 16:21:36,685 mme_vla_suite.pseudo_labeling.topreward_qwen_scorer INFO: Prefix 4/8 (end=51, n_frames=10/52): reward=-19.2500 (mean, 1 tok)
2026-04-30 16:21:43,581 mme_vla_suite.pseudo_labeling.topreward_qwen_scorer INFO: Prefix 5/8 (end=64, n_frames=13/65): reward=-19.1250 (mean, 1 tok)
2026-04-30 16:21:50,467 mme_vla_suite.pseudo_labeling.topreward_qwen_scorer INFO: Prefix 6/8 (end=78, n_frames=16/79): reward=-18.8750 (mean, 1 tok)
2026-04-30 16:21:57,401 mme_vla_suite.pseudo_labeling.topreward_qwen_scorer INFO: Prefix 7/8 (end=92, n_frames=19/93): reward=-18.8750 (mean, 1 tok)
2026-04-30 16:22:04,363 mme_vla_suite.pseudo_labeling.topreward_qwen_scorer INFO: Prefix 8/8 (end=106, n_frames=21/107): reward=-18.6250 (mean, 1 tok)
2026-04-30 16:22:12,319 mme_vla_suite.pseudo_labeling.topreward_qwen_scorer INFO: Prefix 1/8 (end=10, n_frames=4/11): reward=-19.7500 (mean, 1 tok)
2026-04-30 16:22:19,163 mme_vla_suite.pseudo_labeling.topreward_qwen_scorer INFO: Prefix 2/8 (end=23, n_frames=5/24): reward=-20.3750 (mean, 1 tok)
2026-04-30 16:22:26,031 mme_vla_suite.pseudo_labeling.topreward_qwen_scorer INFO: Prefix 3/8 (end=37, n_frames=8/38): reward=-16.6250 (mean, 1 tok)
2026-04-30 16:22:32,907 mme_vla_suite.pseudo_labeling.topreward_qwen_scorer INFO: Prefix 4/8 (end=50, n_frames=10/51): reward=-16.5000 (mean, 1 tok)
2026-04-30 16:22:39,777 mme_vla_suite.pseudo_labeling.topreward_qwen_scorer INFO: Prefix 5/8 (end=64, n_frames=13/65): reward=-17.1250 (mean, 1 tok)
2026-04-30 16:22:46,645 mme_vla_suite.pseudo_labeling.topreward_qwen_scorer INFO: Prefix 6/8 (end=77, n_frames=16/78): reward=-16.3750 (mean, 1 tok)
2026-04-30 16:22:53,539 mme_vla_suite.pseudo_labeling.topreward_qwen_scorer INFO: Prefix 7/8 (end=91, n_frames=18/92): reward=-15.6250 (mean, 1 tok)
2026-04-30 16:23:00,472 mme_vla_suite.pseudo_labeling.topreward_qwen_scorer INFO: Prefix 8/8 (end=105, n_frames=21/106): reward=-13.8750 (mean, 1 tok)
2026-04-30 16:23:08,130 mme_vla_suite.pseudo_labeling.topreward_qwen_scorer INFO: Prefix 1/8 (end=4, n_frames=4/5): reward=-20.7500 (mean, 1 tok)
2026-04-30 16:23:14,973 mme_vla_suite.pseudo_labeling.topreward_qwen_scorer INFO: Prefix 2/8 (end=6, n_frames=4/7): reward=-20.6250 (mean, 1 tok)
2026-04-30 16:23:21,800 mme_vla_suite.pseudo_labeling.topreward_qwen_scorer INFO: Prefix 3/8 (end=9, n_frames=4/10): reward=-20.3750 (mean, 1 tok)
2026-04-30 16:23:28,647 mme_vla_suite.pseudo_labeling.topreward_qwen_scorer INFO: Prefix 4/8 (end=11, n_frames=4/12): reward=-19.8750 (mean, 1 tok)
2026-04-30 16:23:35,480 mme_vla_suite.pseudo_labeling.topreward_qwen_scorer INFO: Prefix 5/8 (end=14, n_frames=4/15): reward=-20.0000 (mean, 1 tok)
2026-04-30 16:23:42,335 mme_vla_suite.pseudo_labeling.topreward_qwen_scorer INFO: Prefix 6/8 (end=16, n_frames=4/17): reward=-19.8750 (mean, 1 tok)
2026-04-30 16:23:49,177 mme_vla_suite.pseudo_labeling.topreward_qwen_scorer INFO: Prefix 7/8 (end=19, n_frames=4/20): reward=-20.1250 (mean, 1 tok)
2026-04-30 16:23:56,018 mme_vla_suite.pseudo_labeling.topreward_qwen_scorer INFO: Prefix 8/8 (end=22, n_frames=5/23): reward=-19.7500 (mean, 1 tok)
2026-04-30 16:24:03,864 mme_vla_suite.pseudo_labeling.topreward_qwen_scorer INFO: Prefix 1/8 (end=4, n_frames=4/5): reward=-19.1250 (mean, 1 tok)
2026-04-30 16:24:10,710 mme_vla_suite.pseudo_labeling.topreward_qwen_scorer INFO: Prefix 2/8 (end=9, n_frames=4/10): reward=-18.1250 (mean, 1 tok)
2026-04-30 16:24:17,563 mme_vla_suite.pseudo_labeling.topreward_qwen_scorer INFO: Prefix 3/8 (end=14, n_frames=4/15): reward=-18.0000 (mean, 1 tok)
2026-04-30 16:24:24,389 mme_vla_suite.pseudo_labeling.topreward_qwen_scorer INFO: Prefix 4/8 (end=20, n_frames=4/21): reward=-17.7500 (mean, 1 tok)
2026-04-30 16:24:31,231 mme_vla_suite.pseudo_labeling.topreward_qwen_scorer INFO: Prefix 5/8 (end=25, n_frames=5/26): reward=-18.3750 (mean, 1 tok)
2026-04-30 16:24:38,084 mme_vla_suite.pseudo_labeling.topreward_qwen_scorer INFO: Prefix 6/8 (end=31, n_frames=6/32): reward=-17.0000 (mean, 1 tok)
2026-04-30 16:24:44,972 mme_vla_suite.pseudo_labeling.topreward_qwen_scorer INFO: Prefix 7/8 (end=36, n_frames=7/37): reward=-18.5000 (mean, 1 tok)
2026-04-30 16:24:51,957 mme_vla_suite.pseudo_labeling.topreward_qwen_scorer INFO: Prefix 8/8 (end=42, n_frames=9/43): reward=-17.5000 (mean, 1 tok)
2026-04-30 16:24:59,861 mme_vla_suite.pseudo_labeling.topreward_qwen_scorer INFO: Prefix 1/8 (end=4, n_frames=4/5): reward=-20.0000 (mean, 1 tok)
2026-04-30 16:25:06,692 mme_vla_suite.pseudo_labeling.topreward_qwen_scorer INFO: Prefix 2/8 (end=8, n_frames=4/9): reward=-20.5000 (mean, 1 tok)
2026-04-30 16:25:13,538 mme_vla_suite.pseudo_labeling.topreward_qwen_scorer INFO: Prefix 3/8 (end=12, n_frames=4/13): reward=-19.6250 (mean, 1 tok)
2026-04-30 16:25:20,374 mme_vla_suite.pseudo_labeling.topreward_qwen_scorer INFO: Prefix 4/8 (end=16, n_frames=4/17): reward=-19.6250 (mean, 1 tok)
2026-04-30 16:25:27,334 mme_vla_suite.pseudo_labeling.topreward_qwen_scorer INFO: Prefix 5/8 (end=21, n_frames=4/22): reward=-18.3750 (mean, 1 tok)
2026-04-30 16:25:34,183 mme_vla_suite.pseudo_labeling.topreward_qwen_scorer INFO: Prefix 6/8 (end=25, n_frames=5/26): reward=-19.2500 (mean, 1 tok)
2026-04-30 16:25:41,127 mme_vla_suite.pseudo_labeling.topreward_qwen_scorer INFO: Prefix 7/8 (end=29, n_frames=6/30): reward=-17.7500 (mean, 1 tok)
2026-04-30 16:25:47,973 mme_vla_suite.pseudo_labeling.topreward_qwen_scorer INFO: Prefix 8/8 (end=34, n_frames=7/35): reward=-17.2500 (mean, 1 tok)
2026-04-30 16:25:55,791 mme_vla_suite.pseudo_labeling.topreward_qwen_scorer INFO: Prefix 1/8 (end=5, n_frames=4/6): reward=-20.3750 (mean, 1 tok)
2026-04-30 16:26:02,647 mme_vla_suite.pseudo_labeling.topreward_qwen_scorer INFO: Prefix 2/8 (end=12, n_frames=4/13): reward=-20.7500 (mean, 1 tok)
2026-04-30 16:26:09,486 mme_vla_suite.pseudo_labeling.topreward_qwen_scorer INFO: Prefix 3/8 (end=19, n_frames=4/20): reward=-20.3750 (mean, 1 tok)
2026-04-30 16:26:16,339 mme_vla_suite.pseudo_labeling.topreward_qwen_scorer INFO: Prefix 4/8 (end=26, n_frames=5/27): reward=-19.8750 (mean, 1 tok)
2026-04-30 16:26:23,196 mme_vla_suite.pseudo_labeling.topreward_qwen_scorer INFO: Prefix 5/8 (end=33, n_frames=7/34): reward=-19.7500 (mean, 1 tok)
2026-04-30 16:26:30,039 mme_vla_suite.pseudo_labeling.topreward_qwen_scorer INFO: Prefix 6/8 (end=40, n_frames=8/41): reward=-19.6250 (mean, 1 tok)
2026-04-30 16:26:36,918 mme_vla_suite.pseudo_labeling.topreward_qwen_scorer INFO: Prefix 7/8 (end=47, n_frames=10/48): reward=-18.7500 (mean, 1 tok)
2026-04-30 16:26:43,784 mme_vla_suite.pseudo_labeling.topreward_qwen_scorer INFO: Prefix 8/8 (end=55, n_frames=11/56): reward=-18.8750 (mean, 1 tok)
2026-04-30 16:26:51,582 mme_vla_suite.pseudo_labeling.topreward_qwen_scorer INFO: Prefix 1/8 (end=9, n_frames=4/10): reward=-20.0000 (mean, 1 tok)
2026-04-30 16:26:58,415 mme_vla_suite.pseudo_labeling.topreward_qwen_scorer INFO: Prefix 2/8 (end=21, n_frames=4/22): reward=-20.3750 (mean, 1 tok)
2026-04-30 16:27:05,244 mme_vla_suite.pseudo_labeling.topreward_qwen_scorer INFO: Prefix 3/8 (end=33, n_frames=7/34): reward=-19.7500 (mean, 1 tok)
2026-04-30 16:27:12,092 mme_vla_suite.pseudo_labeling.topreward_qwen_scorer INFO: Prefix 4/8 (end=45, n_frames=9/46): reward=-19.0000 (mean, 1 tok)
2026-04-30 16:27:18,947 mme_vla_suite.pseudo_labeling.topreward_qwen_scorer INFO: Prefix 5/8 (end=57, n_frames=12/58): reward=-19.7500 (mean, 1 tok)
2026-04-30 16:27:25,820 mme_vla_suite.pseudo_labeling.topreward_qwen_scorer INFO: Prefix 6/8 (end=69, n_frames=14/70): reward=-19.1250 (mean, 1 tok)
2026-04-30 16:27:32,698 mme_vla_suite.pseudo_labeling.topreward_qwen_scorer INFO: Prefix 7/8 (end=81, n_frames=16/82): reward=-19.0000 (mean, 1 tok)
2026-04-30 16:27:39,619 mme_vla_suite.pseudo_labeling.topreward_qwen_scorer INFO: Prefix 8/8 (end=94, n_frames=19/95): reward=-19.1250 (mean, 1 tok)
2026-04-30 16:27:47,949 mme_vla_suite.pseudo_labeling.topreward_qwen_scorer INFO: Prefix 1/8 (end=12, n_frames=4/13): reward=-22.0000 (mean, 1 tok)
2026-04-30 16:27:54,799 mme_vla_suite.pseudo_labeling.topreward_qwen_scorer INFO: Prefix 2/8 (end=27, n_frames=6/28): reward=-22.7500 (mean, 1 tok)
2026-04-30 16:28:01,679 mme_vla_suite.pseudo_labeling.topreward_qwen_scorer INFO: Prefix 3/8 (end=42, n_frames=9/43): reward=-20.0000 (mean, 1 tok)
2026-04-30 16:28:08,544 mme_vla_suite.pseudo_labeling.topreward_qwen_scorer INFO: Prefix 4/8 (end=57, n_frames=12/58): reward=-16.6250 (mean, 1 tok)
2026-04-30 16:28:15,438 mme_vla_suite.pseudo_labeling.topreward_qwen_scorer INFO: Prefix 5/8 (end=73, n_frames=15/74): reward=-14.0000 (mean, 1 tok)
2026-04-30 16:28:22,326 mme_vla_suite.pseudo_labeling.topreward_qwen_scorer INFO: Prefix 6/8 (end=88, n_frames=18/89): reward=-14.5000 (mean, 1 tok)
2026-04-30 16:28:29,260 mme_vla_suite.pseudo_labeling.topreward_qwen_scorer INFO: Prefix 7/8 (end=103, n_frames=21/104): reward=-14.1250 (mean, 1 tok)
2026-04-30 16:28:36,241 mme_vla_suite.pseudo_labeling.topreward_qwen_scorer INFO: Prefix 8/8 (end=119, n_frames=24/120): reward=-14.0000 (mean, 1 tok)
2026-04-30 16:28:43,811 mme_vla_suite.pseudo_labeling.topreward_qwen_scorer INFO: Prefix 1/8 (end=4, n_frames=4/5): reward=-21.0000 (mean, 1 tok)
2026-04-30 16:28:50,664 mme_vla_suite.pseudo_labeling.topreward_qwen_scorer INFO: Prefix 2/8 (end=7, n_frames=4/8): reward=-20.7500 (mean, 1 tok)
2026-04-30 16:28:57,517 mme_vla_suite.pseudo_labeling.topreward_qwen_scorer INFO: Prefix 3/8 (end=10, n_frames=4/11): reward=-20.2500 (mean, 1 tok)
2026-04-30 16:29:04,363 mme_vla_suite.pseudo_labeling.topreward_qwen_scorer INFO: Prefix 4/8 (end=13, n_frames=4/14): reward=-20.1250 (mean, 1 tok)
2026-04-30 16:29:11,222 mme_vla_suite.pseudo_labeling.topreward_qwen_scorer INFO: Prefix 5/8 (end=16, n_frames=4/17): reward=-19.8750 (mean, 1 tok)
2026-04-30 16:29:18,103 mme_vla_suite.pseudo_labeling.topreward_qwen_scorer INFO: Prefix 6/8 (end=19, n_frames=4/20): reward=-20.2500 (mean, 1 tok)
2026-04-30 16:29:24,964 mme_vla_suite.pseudo_labeling.topreward_qwen_scorer INFO: Prefix 7/8 (end=22, n_frames=5/23): reward=-20.2500 (mean, 1 tok)
2026-04-30 16:29:31,833 mme_vla_suite.pseudo_labeling.topreward_qwen_scorer INFO: Prefix 8/8 (end=26, n_frames=5/27): reward=-19.3750 (mean, 1 tok)
2026-04-30 16:29:39,684 mme_vla_suite.pseudo_labeling.topreward_qwen_scorer INFO: Prefix 1/8 (end=4, n_frames=4/5): reward=-19.1250 (mean, 1 tok)
2026-04-30 16:29:46,528 mme_vla_suite.pseudo_labeling.topreward_qwen_scorer INFO: Prefix 2/8 (end=9, n_frames=4/10): reward=-17.6250 (mean, 1 tok)
2026-04-30 16:29:53,385 mme_vla_suite.pseudo_labeling.topreward_qwen_scorer INFO: Prefix 3/8 (end=15, n_frames=4/16): reward=-17.8750 (mean, 1 tok)
2026-04-30 16:30:00,256 mme_vla_suite.pseudo_labeling.topreward_qwen_scorer INFO: Prefix 4/8 (end=20, n_frames=4/21): reward=-18.0000 (mean, 1 tok)
2026-04-30 16:30:07,102 mme_vla_suite.pseudo_labeling.topreward_qwen_scorer INFO: Prefix 5/8 (end=26, n_frames=5/27): reward=-18.6250 (mean, 1 tok)
2026-04-30 16:30:13,962 mme_vla_suite.pseudo_labeling.topreward_qwen_scorer INFO: Prefix 6/8 (end=31, n_frames=6/32): reward=-18.5000 (mean, 1 tok)
2026-04-30 16:30:20,812 mme_vla_suite.pseudo_labeling.topreward_qwen_scorer INFO: Prefix 7/8 (end=37, n_frames=8/38): reward=-18.8750 (mean, 1 tok)
2026-04-30 16:30:27,681 mme_vla_suite.pseudo_labeling.topreward_qwen_scorer INFO: Prefix 8/8 (end=43, n_frames=9/44): reward=-20.0000 (mean, 1 tok)
2026-04-30 16:30:35,490 mme_vla_suite.pseudo_labeling.topreward_qwen_scorer INFO: Prefix 1/8 (end=4, n_frames=4/5): reward=-20.5000 (mean, 1 tok)
2026-04-30 16:30:42,331 mme_vla_suite.pseudo_labeling.topreward_qwen_scorer INFO: Prefix 2/8 (end=9, n_frames=4/10): reward=-19.8750 (mean, 1 tok)
2026-04-30 16:30:49,163 mme_vla_suite.pseudo_labeling.topreward_qwen_scorer INFO: Prefix 3/8 (end=14, n_frames=4/15): reward=-19.2500 (mean, 1 tok)
2026-04-30 16:30:56,007 mme_vla_suite.pseudo_labeling.topreward_qwen_scorer INFO: Prefix 4/8 (end=19, n_frames=4/20): reward=-19.0000 (mean, 1 tok)
2026-04-30 16:31:02,840 mme_vla_suite.pseudo_labeling.topreward_qwen_scorer INFO: Prefix 5/8 (end=24, n_frames=5/25): reward=-19.2500 (mean, 1 tok)
2026-04-30 16:31:09,672 mme_vla_suite.pseudo_labeling.topreward_qwen_scorer INFO: Prefix 6/8 (end=29, n_frames=6/30): reward=-18.5000 (mean, 1 tok)
2026-04-30 16:31:16,536 mme_vla_suite.pseudo_labeling.topreward_qwen_scorer INFO: Prefix 7/8 (end=34, n_frames=7/35): reward=-18.7500 (mean, 1 tok)
2026-04-30 16:31:23,397 mme_vla_suite.pseudo_labeling.topreward_qwen_scorer INFO: Prefix 8/8 (end=40, n_frames=8/41): reward=-19.3750 (mean, 1 tok)
2026-04-30 16:31:31,346 mme_vla_suite.pseudo_labeling.topreward_qwen_scorer INFO: Prefix 1/8 (end=4, n_frames=4/5): reward=-19.7500 (mean, 1 tok)
2026-04-30 16:31:38,214 mme_vla_suite.pseudo_labeling.topreward_qwen_scorer INFO: Prefix 2/8 (end=9, n_frames=4/10): reward=-19.5000 (mean, 1 tok)
2026-04-30 16:31:45,045 mme_vla_suite.pseudo_labeling.topreward_qwen_scorer INFO: Prefix 3/8 (end=14, n_frames=4/15): reward=-19.3750 (mean, 1 tok)
2026-04-30 16:31:51,880 mme_vla_suite.pseudo_labeling.topreward_qwen_scorer INFO: Prefix 4/8 (end=19, n_frames=4/20): reward=-19.3750 (mean, 1 tok)
2026-04-30 16:31:58,736 mme_vla_suite.pseudo_labeling.topreward_qwen_scorer INFO: Prefix 5/8 (end=25, n_frames=5/26): reward=-18.7500 (mean, 1 tok)
2026-04-30 16:32:05,584 mme_vla_suite.pseudo_labeling.topreward_qwen_scorer INFO: Prefix 6/8 (end=30, n_frames=6/31): reward=-18.8750 (mean, 1 tok)
2026-04-30 16:32:12,435 mme_vla_suite.pseudo_labeling.topreward_qwen_scorer INFO: Prefix 7/8 (end=35, n_frames=7/36): reward=-19.0000 (mean, 1 tok)
2026-04-30 16:32:19,289 mme_vla_suite.pseudo_labeling.topreward_qwen_scorer INFO: Prefix 8/8 (end=41, n_frames=8/42): reward=-19.1250 (mean, 1 tok)
2026-04-30 16:32:27,063 mme_vla_suite.pseudo_labeling.topreward_qwen_scorer INFO: Prefix 1/8 (end=4, n_frames=4/5): reward=-19.0000 (mean, 1 tok)
2026-04-30 16:32:33,885 mme_vla_suite.pseudo_labeling.topreward_qwen_scorer INFO: Prefix 2/8 (end=8, n_frames=4/9): reward=-18.5000 (mean, 1 tok)
2026-04-30 16:32:40,718 mme_vla_suite.pseudo_labeling.topreward_qwen_scorer INFO: Prefix 3/8 (end=12, n_frames=4/13): reward=-18.2500 (mean, 1 tok)
2026-04-30 16:32:47,546 mme_vla_suite.pseudo_labeling.topreward_qwen_scorer INFO: Prefix 4/8 (end=16, n_frames=4/17): reward=-18.6250 (mean, 1 tok)
2026-04-30 16:32:54,387 mme_vla_suite.pseudo_labeling.topreward_qwen_scorer INFO: Prefix 5/8 (end=21, n_frames=4/22): reward=-17.7500 (mean, 1 tok)
2026-04-30 16:33:01,229 mme_vla_suite.pseudo_labeling.topreward_qwen_scorer INFO: Prefix 6/8 (end=25, n_frames=5/26): reward=-17.8750 (mean, 1 tok)
2026-04-30 16:33:08,060 mme_vla_suite.pseudo_labeling.topreward_qwen_scorer INFO: Prefix 7/8 (end=29, n_frames=6/30): reward=-17.7500 (mean, 1 tok)
2026-04-30 16:33:14,912 mme_vla_suite.pseudo_labeling.topreward_qwen_scorer INFO: Prefix 8/8 (end=34, n_frames=7/35): reward=-16.2500 (mean, 1 tok)
2026-04-30 16:33:22,700 mme_vla_suite.pseudo_labeling.topreward_qwen_scorer INFO: Prefix 1/8 (end=6, n_frames=4/7): reward=-22.2500 (mean, 1 tok)
2026-04-30 16:33:29,537 mme_vla_suite.pseudo_labeling.topreward_qwen_scorer INFO: Prefix 2/8 (end=13, n_frames=4/14): reward=-22.3750 (mean, 1 tok)
2026-04-30 16:33:36,371 mme_vla_suite.pseudo_labeling.topreward_qwen_scorer INFO: Prefix 3/8 (end=21, n_frames=4/22): reward=-21.5000 (mean, 1 tok)
2026-04-30 16:33:43,196 mme_vla_suite.pseudo_labeling.topreward_qwen_scorer INFO: Prefix 4/8 (end=28, n_frames=6/29): reward=-21.0000 (mean, 1 tok)
2026-04-30 16:33:50,044 mme_vla_suite.pseudo_labeling.topreward_qwen_scorer INFO: Prefix 5/8 (end=36, n_frames=7/37): reward=-20.7500 (mean, 1 tok)
2026-04-30 16:33:56,898 mme_vla_suite.pseudo_labeling.topreward_qwen_scorer INFO: Prefix 6/8 (end=43, n_frames=9/44): reward=-20.6250 (mean, 1 tok)
2026-04-30 16:34:03,766 mme_vla_suite.pseudo_labeling.topreward_qwen_scorer INFO: Prefix 7/8 (end=51, n_frames=10/52): reward=-20.2500 (mean, 1 tok)
2026-04-30 16:34:10,637 mme_vla_suite.pseudo_labeling.topreward_qwen_scorer INFO: Prefix 8/8 (end=59, n_frames=12/60): reward=-19.0000 (mean, 1 tok)
2026-04-30 16:34:18,330 mme_vla_suite.pseudo_labeling.topreward_qwen_scorer INFO: Prefix 1/8 (end=10, n_frames=4/11): reward=-22.5000 (mean, 1 tok)
2026-04-30 16:34:25,173 mme_vla_suite.pseudo_labeling.topreward_qwen_scorer INFO: Prefix 2/8 (end=23, n_frames=5/24): reward=-21.3750 (mean, 1 tok)
2026-04-30 16:34:32,027 mme_vla_suite.pseudo_labeling.topreward_qwen_scorer INFO: Prefix 3/8 (end=37, n_frames=8/38): reward=-20.8750 (mean, 1 tok)
2026-04-30 16:34:38,885 mme_vla_suite.pseudo_labeling.topreward_qwen_scorer INFO: Prefix 4/8 (end=51, n_frames=10/52): reward=-20.2500 (mean, 1 tok)
2026-04-30 16:34:45,730 mme_vla_suite.pseudo_labeling.topreward_qwen_scorer INFO: Prefix 5/8 (end=65, n_frames=13/66): reward=-20.0000 (mean, 1 tok)
2026-04-30 16:34:52,600 mme_vla_suite.pseudo_labeling.topreward_qwen_scorer INFO: Prefix 6/8 (end=79, n_frames=16/80): reward=-19.1250 (mean, 1 tok)
2026-04-30 16:34:59,546 mme_vla_suite.pseudo_labeling.topreward_qwen_scorer INFO: Prefix 7/8 (end=93, n_frames=19/94): reward=-19.1250 (mean, 1 tok)
2026-04-30 16:35:06,480 mme_vla_suite.pseudo_labeling.topreward_qwen_scorer INFO: Prefix 8/8 (end=107, n_frames=22/108): reward=-19.5000 (mean, 1 tok)
2026-04-30 16:35:14,399 mme_vla_suite.pseudo_labeling.topreward_qwen_scorer INFO: Prefix 1/8 (end=11, n_frames=4/12): reward=-18.7500 (mean, 1 tok)
2026-04-30 16:35:21,224 mme_vla_suite.pseudo_labeling.topreward_qwen_scorer INFO: Prefix 2/8 (end=25, n_frames=5/26): reward=-18.2500 (mean, 1 tok)
2026-04-30 16:35:28,059 mme_vla_suite.pseudo_labeling.topreward_qwen_scorer INFO: Prefix 3/8 (end=40, n_frames=8/41): reward=-16.2500 (mean, 1 tok)
2026-04-30 16:35:34,906 mme_vla_suite.pseudo_labeling.topreward_qwen_scorer INFO: Prefix 4/8 (end=55, n_frames=11/56): reward=-15.8750 (mean, 1 tok)
2026-04-30 16:35:41,794 mme_vla_suite.pseudo_labeling.topreward_qwen_scorer INFO: Prefix 5/8 (end=69, n_frames=14/70): reward=-15.5000 (mean, 1 tok)
2026-04-30 16:35:48,688 mme_vla_suite.pseudo_labeling.topreward_qwen_scorer INFO: Prefix 6/8 (end=84, n_frames=17/85): reward=-15.0000 (mean, 1 tok)
2026-04-30 16:35:55,611 mme_vla_suite.pseudo_labeling.topreward_qwen_scorer INFO: Prefix 7/8 (end=99, n_frames=20/100): reward=-16.1250 (mean, 1 tok)
2026-04-30 16:36:02,566 mme_vla_suite.pseudo_labeling.topreward_qwen_scorer INFO: Prefix 8/8 (end=114, n_frames=23/115): reward=-14.6250 (mean, 1 tok)
2026-04-30 16:36:10,505 mme_vla_suite.pseudo_labeling.topreward_qwen_scorer INFO: Prefix 1/8 (end=4, n_frames=4/5): reward=-19.1250 (mean, 1 tok)
2026-04-30 16:36:17,347 mme_vla_suite.pseudo_labeling.topreward_qwen_scorer INFO: Prefix 2/8 (end=6, n_frames=4/7): reward=-18.6250 (mean, 1 tok)
2026-04-30 16:36:24,181 mme_vla_suite.pseudo_labeling.topreward_qwen_scorer INFO: Prefix 3/8 (end=8, n_frames=4/9): reward=-18.1250 (mean, 1 tok)
2026-04-30 16:36:31,020 mme_vla_suite.pseudo_labeling.topreward_qwen_scorer INFO: Prefix 4/8 (end=10, n_frames=4/11): reward=-19.1250 (mean, 1 tok)
2026-04-30 16:36:37,849 mme_vla_suite.pseudo_labeling.topreward_qwen_scorer INFO: Prefix 5/8 (end=12, n_frames=4/13): reward=-18.3750 (mean, 1 tok)
2026-04-30 16:36:44,694 mme_vla_suite.pseudo_labeling.topreward_qwen_scorer INFO: Prefix 6/8 (end=14, n_frames=4/15): reward=-19.1250 (mean, 1 tok)
2026-04-30 16:36:51,529 mme_vla_suite.pseudo_labeling.topreward_qwen_scorer INFO: Prefix 7/8 (end=16, n_frames=4/17): reward=-18.7500 (mean, 1 tok)
2026-04-30 16:36:58,363 mme_vla_suite.pseudo_labeling.topreward_qwen_scorer INFO: Prefix 8/8 (end=19, n_frames=4/20): reward=-18.5000 (mean, 1 tok)
2026-04-30 16:37:06,104 mme_vla_suite.pseudo_labeling.topreward_qwen_scorer INFO: Prefix 1/8 (end=4, n_frames=4/5): reward=-20.0000 (mean, 1 tok)
2026-04-30 16:37:12,941 mme_vla_suite.pseudo_labeling.topreward_qwen_scorer INFO: Prefix 2/8 (end=8, n_frames=4/9): reward=-19.6250 (mean, 1 tok)
2026-04-30 16:37:19,771 mme_vla_suite.pseudo_labeling.topreward_qwen_scorer INFO: Prefix 3/8 (end=13, n_frames=4/14): reward=-18.6250 (mean, 1 tok)
2026-04-30 16:37:26,613 mme_vla_suite.pseudo_labeling.topreward_qwen_scorer INFO: Prefix 4/8 (end=18, n_frames=4/19): reward=-17.3750 (mean, 1 tok)
2026-04-30 16:37:33,455 mme_vla_suite.pseudo_labeling.topreward_qwen_scorer INFO: Prefix 5/8 (end=22, n_frames=5/23): reward=-17.7500 (mean, 1 tok)
2026-04-30 16:37:40,299 mme_vla_suite.pseudo_labeling.topreward_qwen_scorer INFO: Prefix 6/8 (end=27, n_frames=6/28): reward=-18.1250 (mean, 1 tok)
2026-04-30 16:37:47,181 mme_vla_suite.pseudo_labeling.topreward_qwen_scorer INFO: Prefix 7/8 (end=32, n_frames=7/33): reward=-18.8750 (mean, 1 tok)
2026-04-30 16:37:54,031 mme_vla_suite.pseudo_labeling.topreward_qwen_scorer INFO: Prefix 8/8 (end=37, n_frames=8/38): reward=-19.0000 (mean, 1 tok)
2026-04-30 16:38:01,778 mme_vla_suite.pseudo_labeling.topreward_qwen_scorer INFO: Prefix 1/8 (end=4, n_frames=4/5): reward=-20.5000 (mean, 1 tok)
2026-04-30 16:38:08,612 mme_vla_suite.pseudo_labeling.topreward_qwen_scorer INFO: Prefix 2/8 (end=8, n_frames=4/9): reward=-19.6250 (mean, 1 tok)
2026-04-30 16:38:15,420 mme_vla_suite.pseudo_labeling.topreward_qwen_scorer INFO: Prefix 3/8 (end=13, n_frames=4/14): reward=-19.5000 (mean, 1 tok)
2026-04-30 16:38:22,271 mme_vla_suite.pseudo_labeling.topreward_qwen_scorer INFO: Prefix 4/8 (end=18, n_frames=4/19): reward=-19.0000 (mean, 1 tok)
2026-04-30 16:38:29,126 mme_vla_suite.pseudo_labeling.topreward_qwen_scorer INFO: Prefix 5/8 (end=22, n_frames=5/23): reward=-19.8750 (mean, 1 tok)
2026-04-30 16:38:35,973 mme_vla_suite.pseudo_labeling.topreward_qwen_scorer INFO: Prefix 6/8 (end=27, n_frames=6/28): reward=-19.3750 (mean, 1 tok)
2026-04-30 16:38:42,818 mme_vla_suite.pseudo_labeling.topreward_qwen_scorer INFO: Prefix 7/8 (end=32, n_frames=7/33): reward=-20.1250 (mean, 1 tok)
2026-04-30 16:38:49,790 mme_vla_suite.pseudo_labeling.topreward_qwen_scorer INFO: Prefix 8/8 (end=37, n_frames=8/38): reward=-20.1250 (mean, 1 tok)
2026-04-30 16:38:57,522 mme_vla_suite.pseudo_labeling.topreward_qwen_scorer INFO: Prefix 1/8 (end=4, n_frames=4/5): reward=-20.3750 (mean, 1 tok)
2026-04-30 16:39:04,363 mme_vla_suite.pseudo_labeling.topreward_qwen_scorer INFO: Prefix 2/8 (end=8, n_frames=4/9): reward=-20.0000 (mean, 1 tok)
2026-04-30 16:39:11,208 mme_vla_suite.pseudo_labeling.topreward_qwen_scorer INFO: Prefix 3/8 (end=13, n_frames=4/14): reward=-20.1250 (mean, 1 tok)
2026-04-30 16:39:18,044 mme_vla_suite.pseudo_labeling.topreward_qwen_scorer INFO: Prefix 4/8 (end=18, n_frames=4/19): reward=-18.5000 (mean, 1 tok)
2026-04-30 16:39:24,887 mme_vla_suite.pseudo_labeling.topreward_qwen_scorer INFO: Prefix 5/8 (end=22, n_frames=5/23): reward=-18.5000 (mean, 1 tok)
2026-04-30 16:39:31,714 mme_vla_suite.pseudo_labeling.topreward_qwen_scorer INFO: Prefix 6/8 (end=27, n_frames=6/28): reward=-18.8750 (mean, 1 tok)
2026-04-30 16:39:38,563 mme_vla_suite.pseudo_labeling.topreward_qwen_scorer INFO: Prefix 7/8 (end=32, n_frames=7/33): reward=-19.3750 (mean, 1 tok)
2026-04-30 16:39:45,420 mme_vla_suite.pseudo_labeling.topreward_qwen_scorer INFO: Prefix 8/8 (end=37, n_frames=8/38): reward=-19.0000 (mean, 1 tok)
2026-04-30 16:39:53,202 mme_vla_suite.pseudo_labeling.topreward_qwen_scorer INFO: Prefix 1/8 (end=4, n_frames=4/5): reward=-20.2500 (mean, 1 tok)
2026-04-30 16:40:00,045 mme_vla_suite.pseudo_labeling.topreward_qwen_scorer INFO: Prefix 2/8 (end=8, n_frames=4/9): reward=-20.1250 (mean, 1 tok)
2026-04-30 16:40:06,864 mme_vla_suite.pseudo_labeling.topreward_qwen_scorer INFO: Prefix 3/8 (end=13, n_frames=4/14): reward=-19.7500 (mean, 1 tok)
2026-04-30 16:40:13,694 mme_vla_suite.pseudo_labeling.topreward_qwen_scorer INFO: Prefix 4/8 (end=18, n_frames=4/19): reward=-19.5000 (mean, 1 tok)
2026-04-30 16:40:20,555 mme_vla_suite.pseudo_labeling.topreward_qwen_scorer INFO: Prefix 5/8 (end=22, n_frames=5/23): reward=-19.7500 (mean, 1 tok)
2026-04-30 16:40:27,411 mme_vla_suite.pseudo_labeling.topreward_qwen_scorer INFO: Prefix 6/8 (end=27, n_frames=6/28): reward=-20.3750 (mean, 1 tok)
2026-04-30 16:40:34,264 mme_vla_suite.pseudo_labeling.topreward_qwen_scorer INFO: Prefix 7/8 (end=32, n_frames=7/33): reward=-20.8750 (mean, 1 tok)
2026-04-30 16:40:41,129 mme_vla_suite.pseudo_labeling.topreward_qwen_scorer INFO: Prefix 8/8 (end=37, n_frames=8/38): reward=-21.1250 (mean, 1 tok)
2026-04-30 16:40:48,919 mme_vla_suite.pseudo_labeling.topreward_qwen_scorer INFO: Prefix 1/8 (end=4, n_frames=4/5): reward=-20.7500 (mean, 1 tok)
2026-04-30 16:40:55,761 mme_vla_suite.pseudo_labeling.topreward_qwen_scorer INFO: Prefix 2/8 (end=8, n_frames=4/9): reward=-20.6250 (mean, 1 tok)
2026-04-30 16:41:02,589 mme_vla_suite.pseudo_labeling.topreward_qwen_scorer INFO: Prefix 3/8 (end=13, n_frames=4/14): reward=-20.5000 (mean, 1 tok)
2026-04-30 16:41:09,436 mme_vla_suite.pseudo_labeling.topreward_qwen_scorer INFO: Prefix 4/8 (end=18, n_frames=4/19): reward=-19.0000 (mean, 1 tok)
2026-04-30 16:41:16,322 mme_vla_suite.pseudo_labeling.topreward_qwen_scorer INFO: Prefix 5/8 (end=22, n_frames=5/23): reward=-19.5000 (mean, 1 tok)
2026-04-30 16:41:23,194 mme_vla_suite.pseudo_labeling.topreward_qwen_scorer INFO: Prefix 6/8 (end=27, n_frames=6/28): reward=-19.2500 (mean, 1 tok)
2026-04-30 16:41:30,054 mme_vla_suite.pseudo_labeling.topreward_qwen_scorer INFO: Prefix 7/8 (end=32, n_frames=7/33): reward=-20.1250 (mean, 1 tok)
2026-04-30 16:41:36,899 mme_vla_suite.pseudo_labeling.topreward_qwen_scorer INFO: Prefix 8/8 (end=37, n_frames=8/38): reward=-20.1250 (mean, 1 tok)
2026-04-30 16:41:44,832 mme_vla_suite.pseudo_labeling.topreward_qwen_scorer INFO: Prefix 1/8 (end=4, n_frames=4/5): reward=-20.5000 (mean, 1 tok)
2026-04-30 16:41:51,660 mme_vla_suite.pseudo_labeling.topreward_qwen_scorer INFO: Prefix 2/8 (end=8, n_frames=4/9): reward=-19.8750 (mean, 1 tok)
2026-04-30 16:41:58,500 mme_vla_suite.pseudo_labeling.topreward_qwen_scorer INFO: Prefix 3/8 (end=12, n_frames=4/13): reward=-19.3750 (mean, 1 tok)
2026-04-30 16:42:05,326 mme_vla_suite.pseudo_labeling.topreward_qwen_scorer INFO: Prefix 4/8 (end=17, n_frames=4/18): reward=-19.0000 (mean, 1 tok)
2026-04-30 16:42:12,141 mme_vla_suite.pseudo_labeling.topreward_qwen_scorer INFO: Prefix 5/8 (end=21, n_frames=4/22): reward=-18.3750 (mean, 1 tok)
2026-04-30 16:42:18,988 mme_vla_suite.pseudo_labeling.topreward_qwen_scorer INFO: Prefix 6/8 (end=26, n_frames=5/27): reward=-18.5000 (mean, 1 tok)
2026-04-30 16:42:25,841 mme_vla_suite.pseudo_labeling.topreward_qwen_scorer INFO: Prefix 7/8 (end=30, n_frames=6/31): reward=-18.5000 (mean, 1 tok)
2026-04-30 16:42:32,698 mme_vla_suite.pseudo_labeling.topreward_qwen_scorer INFO: Prefix 8/8 (end=35, n_frames=7/36): reward=-16.5000 (mean, 1 tok)
2026-04-30 16:42:40,375 mme_vla_suite.pseudo_labeling.topreward_qwen_scorer INFO: Prefix 1/8 (end=6, n_frames=4/7): reward=-20.2500 (mean, 1 tok)
2026-04-30 16:42:47,202 mme_vla_suite.pseudo_labeling.topreward_qwen_scorer INFO: Prefix 2/8 (end=14, n_frames=4/15): reward=-20.0000 (mean, 1 tok)
2026-04-30 16:42:54,037 mme_vla_suite.pseudo_labeling.topreward_qwen_scorer INFO: Prefix 3/8 (end=22, n_frames=5/23): reward=-21.1250 (mean, 1 tok)
2026-04-30 16:43:00,869 mme_vla_suite.pseudo_labeling.topreward_qwen_scorer INFO: Prefix 4/8 (end=30, n_frames=6/31): reward=-20.1250 (mean, 1 tok)
2026-04-30 16:43:07,721 mme_vla_suite.pseudo_labeling.topreward_qwen_scorer INFO: Prefix 5/8 (end=39, n_frames=8/40): reward=-21.3750 (mean, 1 tok)
2026-04-30 16:43:14,657 mme_vla_suite.pseudo_labeling.topreward_qwen_scorer INFO: Prefix 6/8 (end=47, n_frames=10/48): reward=-20.6250 (mean, 1 tok)
2026-04-30 16:43:21,505 mme_vla_suite.pseudo_labeling.topreward_qwen_scorer INFO: Prefix 7/8 (end=55, n_frames=11/56): reward=-19.2500 (mean, 1 tok)
2026-04-30 16:43:28,359 mme_vla_suite.pseudo_labeling.topreward_qwen_scorer INFO: Prefix 8/8 (end=64, n_frames=13/65): reward=-18.6250 (mean, 1 tok)
2026-04-30 16:43:36,473 mme_vla_suite.pseudo_labeling.topreward_qwen_scorer INFO: Prefix 1/8 (end=10, n_frames=4/11): reward=-20.6250 (mean, 1 tok)
2026-04-30 16:43:43,310 mme_vla_suite.pseudo_labeling.topreward_qwen_scorer INFO: Prefix 2/8 (end=23, n_frames=5/24): reward=-21.3750 (mean, 1 tok)
2026-04-30 16:43:50,129 mme_vla_suite.pseudo_labeling.topreward_qwen_scorer INFO: Prefix 3/8 (end=36, n_frames=7/37): reward=-20.8750 (mean, 1 tok)
2026-04-30 16:43:56,986 mme_vla_suite.pseudo_labeling.topreward_qwen_scorer INFO: Prefix 4/8 (end=50, n_frames=10/51): reward=-21.2500 (mean, 1 tok)
2026-04-30 16:44:03,855 mme_vla_suite.pseudo_labeling.topreward_qwen_scorer INFO: Prefix 5/8 (end=63, n_frames=13/64): reward=-18.6250 (mean, 1 tok)
2026-04-30 16:44:10,723 mme_vla_suite.pseudo_labeling.topreward_qwen_scorer INFO: Prefix 6/8 (end=77, n_frames=16/78): reward=-20.2500 (mean, 1 tok)
2026-04-30 16:44:17,617 mme_vla_suite.pseudo_labeling.topreward_qwen_scorer INFO: Prefix 7/8 (end=90, n_frames=18/91): reward=-19.7500 (mean, 1 tok)
2026-04-30 16:44:24,557 mme_vla_suite.pseudo_labeling.topreward_qwen_scorer INFO: Prefix 8/8 (end=104, n_frames=21/105): reward=-19.7500 (mean, 1 tok)
2026-04-30 16:44:32,595 mme_vla_suite.pseudo_labeling.topreward_qwen_scorer INFO: Prefix 1/8 (end=12, n_frames=4/13): reward=-19.8750 (mean, 1 tok)
2026-04-30 16:44:39,415 mme_vla_suite.pseudo_labeling.topreward_qwen_scorer INFO: Prefix 2/8 (end=27, n_frames=6/28): reward=-20.2500 (mean, 1 tok)
2026-04-30 16:44:46,259 mme_vla_suite.pseudo_labeling.topreward_qwen_scorer INFO: Prefix 3/8 (end=43, n_frames=9/44): reward=-17.1250 (mean, 1 tok)
2026-04-30 16:44:53,136 mme_vla_suite.pseudo_labeling.topreward_qwen_scorer INFO: Prefix 4/8 (end=58, n_frames=12/59): reward=-16.6250 (mean, 1 tok)
2026-04-30 16:45:00,019 mme_vla_suite.pseudo_labeling.topreward_qwen_scorer INFO: Prefix 5/8 (end=74, n_frames=15/75): reward=-17.1250 (mean, 1 tok)
2026-04-30 16:45:06,898 mme_vla_suite.pseudo_labeling.topreward_qwen_scorer INFO: Prefix 6/8 (end=89, n_frames=18/90): reward=-17.0000 (mean, 1 tok)
2026-04-30 16:45:13,831 mme_vla_suite.pseudo_labeling.topreward_qwen_scorer INFO: Prefix 7/8 (end=105, n_frames=21/106): reward=-15.5000 (mean, 1 tok)
2026-04-30 16:45:20,773 mme_vla_suite.pseudo_labeling.topreward_qwen_scorer INFO: Prefix 8/8 (end=121, n_frames=24/122): reward=-14.3750 (mean, 1 tok)
2026-04-30 16:45:28,619 mme_vla_suite.pseudo_labeling.topreward_qwen_scorer INFO: Prefix 1/8 (end=4, n_frames=4/5): reward=-20.2500 (mean, 1 tok)
2026-04-30 16:45:35,455 mme_vla_suite.pseudo_labeling.topreward_qwen_scorer INFO: Prefix 2/8 (end=7, n_frames=4/8): reward=-19.2500 (mean, 1 tok)
2026-04-30 16:45:42,302 mme_vla_suite.pseudo_labeling.topreward_qwen_scorer INFO: Prefix 3/8 (end=11, n_frames=4/12): reward=-20.1250 (mean, 1 tok)
2026-04-30 16:45:49,139 mme_vla_suite.pseudo_labeling.topreward_qwen_scorer INFO: Prefix 4/8 (end=15, n_frames=4/16): reward=-18.6250 (mean, 1 tok)
2026-04-30 16:45:55,975 mme_vla_suite.pseudo_labeling.topreward_qwen_scorer INFO: Prefix 5/8 (end=19, n_frames=4/20): reward=-18.2500 (mean, 1 tok)
2026-04-30 16:46:02,828 mme_vla_suite.pseudo_labeling.topreward_qwen_scorer INFO: Prefix 6/8 (end=23, n_frames=5/24): reward=-19.1250 (mean, 1 tok)
2026-04-30 16:46:09,693 mme_vla_suite.pseudo_labeling.topreward_qwen_scorer INFO: Prefix 7/8 (end=27, n_frames=6/28): reward=-18.6250 (mean, 1 tok)
2026-04-30 16:46:16,518 mme_vla_suite.pseudo_labeling.topreward_qwen_scorer INFO: Prefix 8/8 (end=31, n_frames=6/32): reward=-19.3750 (mean, 1 tok)
2026-04-30 16:46:24,494 mme_vla_suite.pseudo_labeling.topreward_qwen_scorer INFO: Prefix 1/8 (end=4, n_frames=4/5): reward=-19.1250 (mean, 1 tok)
2026-04-30 16:46:31,313 mme_vla_suite.pseudo_labeling.topreward_qwen_scorer INFO: Prefix 2/8 (end=8, n_frames=4/9): reward=-18.6250 (mean, 1 tok)
2026-04-30 16:46:38,146 mme_vla_suite.pseudo_labeling.topreward_qwen_scorer INFO: Prefix 3/8 (end=13, n_frames=4/14): reward=-18.2500 (mean, 1 tok)
2026-04-30 16:46:44,993 mme_vla_suite.pseudo_labeling.topreward_qwen_scorer INFO: Prefix 4/8 (end=18, n_frames=4/19): reward=-17.7500 (mean, 1 tok)
2026-04-30 16:46:51,835 mme_vla_suite.pseudo_labeling.topreward_qwen_scorer INFO: Prefix 5/8 (end=23, n_frames=5/24): reward=-17.8750 (mean, 1 tok)
2026-04-30 16:46:58,675 mme_vla_suite.pseudo_labeling.topreward_qwen_scorer INFO: Prefix 6/8 (end=28, n_frames=6/29): reward=-16.7500 (mean, 1 tok)
2026-04-30 16:47:05,527 mme_vla_suite.pseudo_labeling.topreward_qwen_scorer INFO: Prefix 7/8 (end=33, n_frames=7/34): reward=-19.6250 (mean, 1 tok)
2026-04-30 16:47:12,383 mme_vla_suite.pseudo_labeling.topreward_qwen_scorer INFO: Prefix 8/8 (end=38, n_frames=8/39): reward=-19.7500 (mean, 1 tok)
2026-04-30 16:47:20,041 mme_vla_suite.pseudo_labeling.topreward_qwen_scorer INFO: Prefix 1/8 (end=4, n_frames=4/5): reward=-20.3750 (mean, 1 tok)
2026-04-30 16:47:26,881 mme_vla_suite.pseudo_labeling.topreward_qwen_scorer INFO: Prefix 2/8 (end=8, n_frames=4/9): reward=-19.7500 (mean, 1 tok)
2026-04-30 16:47:33,724 mme_vla_suite.pseudo_labeling.topreward_qwen_scorer INFO: Prefix 3/8 (end=13, n_frames=4/14): reward=-20.0000 (mean, 1 tok)
2026-04-30 16:47:40,669 mme_vla_suite.pseudo_labeling.topreward_qwen_scorer INFO: Prefix 4/8 (end=18, n_frames=4/19): reward=-20.7500 (mean, 1 tok)
2026-04-30 16:47:47,603 mme_vla_suite.pseudo_labeling.topreward_qwen_scorer INFO: Prefix 5/8 (end=23, n_frames=5/24): reward=-17.5000 (mean, 1 tok)
2026-04-30 16:47:54,584 mme_vla_suite.pseudo_labeling.topreward_qwen_scorer INFO: Prefix 6/8 (end=28, n_frames=6/29): reward=-19.0000 (mean, 1 tok)
2026-04-30 16:48:01,444 mme_vla_suite.pseudo_labeling.topreward_qwen_scorer INFO: Prefix 7/8 (end=33, n_frames=7/34): reward=-18.3750 (mean, 1 tok)
2026-04-30 16:48:08,386 mme_vla_suite.pseudo_labeling.topreward_qwen_scorer INFO: Prefix 8/8 (end=38, n_frames=8/39): reward=-18.1250 (mean, 1 tok)
2026-04-30 16:48:16,233 mme_vla_suite.pseudo_labeling.topreward_qwen_scorer INFO: Prefix 1/8 (end=6, n_frames=4/7): reward=-20.1250 (mean, 1 tok)
2026-04-30 16:48:23,068 mme_vla_suite.pseudo_labeling.topreward_qwen_scorer INFO: Prefix 2/8 (end=13, n_frames=4/14): reward=-19.5000 (mean, 1 tok)
2026-04-30 16:48:29,916 mme_vla_suite.pseudo_labeling.topreward_qwen_scorer INFO: Prefix 3/8 (end=21, n_frames=4/22): reward=-19.8750 (mean, 1 tok)
2026-04-30 16:48:36,758 mme_vla_suite.pseudo_labeling.topreward_qwen_scorer INFO: Prefix 4/8 (end=29, n_frames=6/30): reward=-19.1250 (mean, 1 tok)
2026-04-30 16:48:43,660 mme_vla_suite.pseudo_labeling.topreward_qwen_scorer INFO: Prefix 5/8 (end=37, n_frames=8/38): reward=-19.1250 (mean, 1 tok)
2026-04-30 16:48:50,525 mme_vla_suite.pseudo_labeling.topreward_qwen_scorer INFO: Prefix 6/8 (end=45, n_frames=9/46): reward=-18.0000 (mean, 1 tok)
2026-04-30 16:48:57,407 mme_vla_suite.pseudo_labeling.topreward_qwen_scorer INFO: Prefix 7/8 (end=53, n_frames=11/54): reward=-17.7500 (mean, 1 tok)
2026-04-30 16:49:04,269 mme_vla_suite.pseudo_labeling.topreward_qwen_scorer INFO: Prefix 8/8 (end=61, n_frames=12/62): reward=-18.1250 (mean, 1 tok)
2026-04-30 16:49:12,287 mme_vla_suite.pseudo_labeling.topreward_qwen_scorer INFO: Prefix 1/8 (end=10, n_frames=4/11): reward=-20.1250 (mean, 1 tok)
2026-04-30 16:49:19,117 mme_vla_suite.pseudo_labeling.topreward_qwen_scorer INFO: Prefix 2/8 (end=23, n_frames=5/24): reward=-19.1250 (mean, 1 tok)
2026-04-30 16:49:25,963 mme_vla_suite.pseudo_labeling.topreward_qwen_scorer INFO: Prefix 3/8 (end=36, n_frames=7/37): reward=-19.3750 (mean, 1 tok)
2026-04-30 16:49:32,814 mme_vla_suite.pseudo_labeling.topreward_qwen_scorer INFO: Prefix 4/8 (end=49, n_frames=10/50): reward=-18.5000 (mean, 1 tok)
2026-04-30 16:49:39,668 mme_vla_suite.pseudo_labeling.topreward_qwen_scorer INFO: Prefix 5/8 (end=62, n_frames=13/63): reward=-18.5000 (mean, 1 tok)
2026-04-30 16:49:46,540 mme_vla_suite.pseudo_labeling.topreward_qwen_scorer INFO: Prefix 6/8 (end=75, n_frames=15/76): reward=-18.8750 (mean, 1 tok)
2026-04-30 16:49:53,422 mme_vla_suite.pseudo_labeling.topreward_qwen_scorer INFO: Prefix 7/8 (end=88, n_frames=18/89): reward=-18.5000 (mean, 1 tok)
2026-04-30 16:50:00,350 mme_vla_suite.pseudo_labeling.topreward_qwen_scorer INFO: Prefix 8/8 (end=101, n_frames=20/102): reward=-18.6250 (mean, 1 tok)
2026-04-30 16:50:08,448 mme_vla_suite.pseudo_labeling.topreward_qwen_scorer INFO: Prefix 1/8 (end=10, n_frames=4/11): reward=-21.5000 (mean, 1 tok)
2026-04-30 16:50:15,273 mme_vla_suite.pseudo_labeling.topreward_qwen_scorer INFO: Prefix 2/8 (end=23, n_frames=5/24): reward=-22.1250 (mean, 1 tok)
2026-04-30 16:50:22,107 mme_vla_suite.pseudo_labeling.topreward_qwen_scorer INFO: Prefix 3/8 (end=36, n_frames=7/37): reward=-17.6250 (mean, 1 tok)
2026-04-30 16:50:28,957 mme_vla_suite.pseudo_labeling.topreward_qwen_scorer INFO: Prefix 4/8 (end=49, n_frames=10/50): reward=-17.2500 (mean, 1 tok)
2026-04-30 16:50:35,835 mme_vla_suite.pseudo_labeling.topreward_qwen_scorer INFO: Prefix 5/8 (end=62, n_frames=13/63): reward=-17.7500 (mean, 1 tok)
2026-04-30 16:50:42,714 mme_vla_suite.pseudo_labeling.topreward_qwen_scorer INFO: Prefix 6/8 (end=75, n_frames=15/76): reward=-17.0000 (mean, 1 tok)
2026-04-30 16:50:49,596 mme_vla_suite.pseudo_labeling.topreward_qwen_scorer INFO: Prefix 7/8 (end=88, n_frames=18/89): reward=-16.7500 (mean, 1 tok)
2026-04-30 16:50:56,522 mme_vla_suite.pseudo_labeling.topreward_qwen_scorer INFO: Prefix 8/8 (end=102, n_frames=21/103): reward=-15.0000 (mean, 1 tok)
2026-04-30 16:51:04,176 mme_vla_suite.pseudo_labeling.topreward_qwen_scorer INFO: Prefix 1/8 (end=4, n_frames=4/5): reward=-20.5000 (mean, 1 tok)
2026-04-30 16:51:11,002 mme_vla_suite.pseudo_labeling.topreward_qwen_scorer INFO: Prefix 2/8 (end=7, n_frames=4/8): reward=-20.0000 (mean, 1 tok)
2026-04-30 16:51:17,840 mme_vla_suite.pseudo_labeling.topreward_qwen_scorer INFO: Prefix 3/8 (end=11, n_frames=4/12): reward=-19.7500 (mean, 1 tok)
2026-04-30 16:51:24,675 mme_vla_suite.pseudo_labeling.topreward_qwen_scorer INFO: Prefix 4/8 (end=15, n_frames=4/16): reward=-18.2500 (mean, 1 tok)
2026-04-30 16:51:31,517 mme_vla_suite.pseudo_labeling.topreward_qwen_scorer INFO: Prefix 5/8 (end=19, n_frames=4/20): reward=-18.7500 (mean, 1 tok)
2026-04-30 16:51:38,380 mme_vla_suite.pseudo_labeling.topreward_qwen_scorer INFO: Prefix 6/8 (end=23, n_frames=5/24): reward=-19.8750 (mean, 1 tok)
2026-04-30 16:51:45,244 mme_vla_suite.pseudo_labeling.topreward_qwen_scorer INFO: Prefix 7/8 (end=27, n_frames=6/28): reward=-19.2500 (mean, 1 tok)
2026-04-30 16:51:52,085 mme_vla_suite.pseudo_labeling.topreward_qwen_scorer INFO: Prefix 8/8 (end=31, n_frames=6/32): reward=-19.7500 (mean, 1 tok)
2026-04-30 16:52:00,121 mme_vla_suite.pseudo_labeling.topreward_qwen_scorer INFO: Prefix 1/8 (end=4, n_frames=4/5): reward=-19.8750 (mean, 1 tok)
2026-04-30 16:52:06,953 mme_vla_suite.pseudo_labeling.topreward_qwen_scorer INFO: Prefix 2/8 (end=9, n_frames=4/10): reward=-19.1250 (mean, 1 tok)
2026-04-30 16:52:13,780 mme_vla_suite.pseudo_labeling.topreward_qwen_scorer INFO: Prefix 3/8 (end=15, n_frames=4/16): reward=-18.7500 (mean, 1 tok)
2026-04-30 16:52:20,607 mme_vla_suite.pseudo_labeling.topreward_qwen_scorer INFO: Prefix 4/8 (end=21, n_frames=4/22): reward=-18.1250 (mean, 1 tok)
2026-04-30 16:52:27,453 mme_vla_suite.pseudo_labeling.topreward_qwen_scorer INFO: Prefix 5/8 (end=27, n_frames=6/28): reward=-17.6250 (mean, 1 tok)
2026-04-30 16:52:34,304 mme_vla_suite.pseudo_labeling.topreward_qwen_scorer INFO: Prefix 6/8 (end=33, n_frames=7/34): reward=-18.8750 (mean, 1 tok)
2026-04-30 16:52:41,177 mme_vla_suite.pseudo_labeling.topreward_qwen_scorer INFO: Prefix 7/8 (end=39, n_frames=8/40): reward=-18.5000 (mean, 1 tok)
2026-04-30 16:52:48,043 mme_vla_suite.pseudo_labeling.topreward_qwen_scorer INFO: Prefix 8/8 (end=45, n_frames=9/46): reward=-19.1250 (mean, 1 tok)
2026-04-30 16:52:55,812 mme_vla_suite.pseudo_labeling.topreward_qwen_scorer INFO: Prefix 1/8 (end=4, n_frames=4/5): reward=-19.7500 (mean, 1 tok)
2026-04-30 16:53:02,645 mme_vla_suite.pseudo_labeling.topreward_qwen_scorer INFO: Prefix 2/8 (end=8, n_frames=4/9): reward=-20.1250 (mean, 1 tok)
2026-04-30 16:53:09,467 mme_vla_suite.pseudo_labeling.topreward_qwen_scorer INFO: Prefix 3/8 (end=12, n_frames=4/13): reward=-19.3750 (mean, 1 tok)
2026-04-30 16:53:16,298 mme_vla_suite.pseudo_labeling.topreward_qwen_scorer INFO: Prefix 4/8 (end=17, n_frames=4/18): reward=-19.8750 (mean, 1 tok)
2026-04-30 16:53:23,130 mme_vla_suite.pseudo_labeling.topreward_qwen_scorer INFO: Prefix 5/8 (end=21, n_frames=4/22): reward=-20.6250 (mean, 1 tok)
2026-04-30 16:53:29,984 mme_vla_suite.pseudo_labeling.topreward_qwen_scorer INFO: Prefix 6/8 (end=26, n_frames=5/27): reward=-20.2500 (mean, 1 tok)
2026-04-30 16:53:36,815 mme_vla_suite.pseudo_labeling.topreward_qwen_scorer INFO: Prefix 7/8 (end=30, n_frames=6/31): reward=-20.2500 (mean, 1 tok)
2026-04-30 16:53:43,657 mme_vla_suite.pseudo_labeling.topreward_qwen_scorer INFO: Prefix 8/8 (end=35, n_frames=7/36): reward=-16.1250 (mean, 1 tok)
2026-04-30 16:53:51,329 mme_vla_suite.pseudo_labeling.topreward_qwen_scorer INFO: Prefix 1/8 (end=6, n_frames=4/7): reward=-21.0000 (mean, 1 tok)
2026-04-30 16:53:58,160 mme_vla_suite.pseudo_labeling.topreward_qwen_scorer INFO: Prefix 2/8 (end=13, n_frames=4/14): reward=-20.0000 (mean, 1 tok)
2026-04-30 16:54:04,990 mme_vla_suite.pseudo_labeling.topreward_qwen_scorer INFO: Prefix 3/8 (end=21, n_frames=4/22): reward=-20.3750 (mean, 1 tok)
2026-04-30 16:54:11,831 mme_vla_suite.pseudo_labeling.topreward_qwen_scorer INFO: Prefix 4/8 (end=29, n_frames=6/30): reward=-20.0000 (mean, 1 tok)
2026-04-30 16:54:18,691 mme_vla_suite.pseudo_labeling.topreward_qwen_scorer INFO: Prefix 5/8 (end=36, n_frames=7/37): reward=-20.2500 (mean, 1 tok)
2026-04-30 16:54:25,567 mme_vla_suite.pseudo_labeling.topreward_qwen_scorer INFO: Prefix 6/8 (end=44, n_frames=9/45): reward=-20.2500 (mean, 1 tok)
2026-04-30 16:54:32,444 mme_vla_suite.pseudo_labeling.topreward_qwen_scorer INFO: Prefix 7/8 (end=52, n_frames=11/53): reward=-19.6250 (mean, 1 tok)
2026-04-30 16:54:39,334 mme_vla_suite.pseudo_labeling.topreward_qwen_scorer INFO: Prefix 8/8 (end=60, n_frames=12/61): reward=-18.2500 (mean, 1 tok)
2026-04-30 16:54:47,207 mme_vla_suite.pseudo_labeling.topreward_qwen_scorer INFO: Prefix 1/8 (end=9, n_frames=4/10): reward=-20.1250 (mean, 1 tok)
2026-04-30 16:54:54,047 mme_vla_suite.pseudo_labeling.topreward_qwen_scorer INFO: Prefix 2/8 (end=21, n_frames=4/22): reward=-20.3750 (mean, 1 tok)
2026-04-30 16:55:00,893 mme_vla_suite.pseudo_labeling.topreward_qwen_scorer INFO: Prefix 3/8 (end=33, n_frames=7/34): reward=-19.8750 (mean, 1 tok)
2026-04-30 16:55:07,749 mme_vla_suite.pseudo_labeling.topreward_qwen_scorer INFO: Prefix 4/8 (end=45, n_frames=9/46): reward=-20.6250 (mean, 1 tok)
2026-04-30 16:55:14,599 mme_vla_suite.pseudo_labeling.topreward_qwen_scorer INFO: Prefix 5/8 (end=57, n_frames=12/58): reward=-19.0000 (mean, 1 tok)
2026-04-30 16:55:21,470 mme_vla_suite.pseudo_labeling.topreward_qwen_scorer INFO: Prefix 6/8 (end=69, n_frames=14/70): reward=-19.6250 (mean, 1 tok)
2026-04-30 16:55:28,347 mme_vla_suite.pseudo_labeling.topreward_qwen_scorer INFO: Prefix 7/8 (end=81, n_frames=16/82): reward=-19.0000 (mean, 1 tok)
2026-04-30 16:55:35,261 mme_vla_suite.pseudo_labeling.topreward_qwen_scorer INFO: Prefix 8/8 (end=93, n_frames=19/94): reward=-20.0000 (mean, 1 tok)
2026-04-30 16:55:43,501 mme_vla_suite.pseudo_labeling.topreward_qwen_scorer INFO: Prefix 1/8 (end=11, n_frames=4/12): reward=-19.8750 (mean, 1 tok)
2026-04-30 16:55:50,342 mme_vla_suite.pseudo_labeling.topreward_qwen_scorer INFO: Prefix 2/8 (end=25, n_frames=5/26): reward=-20.6250 (mean, 1 tok)
2026-04-30 16:55:57,182 mme_vla_suite.pseudo_labeling.topreward_qwen_scorer INFO: Prefix 3/8 (end=40, n_frames=8/41): reward=-15.3750 (mean, 1 tok)
2026-04-30 16:56:04,034 mme_vla_suite.pseudo_labeling.topreward_qwen_scorer INFO: Prefix 4/8 (end=54, n_frames=11/55): reward=-15.3750 (mean, 1 tok)
2026-04-30 16:56:10,924 mme_vla_suite.pseudo_labeling.topreward_qwen_scorer INFO: Prefix 5/8 (end=69, n_frames=14/70): reward=-16.0000 (mean, 1 tok)
2026-04-30 16:56:17,820 mme_vla_suite.pseudo_labeling.topreward_qwen_scorer INFO: Prefix 6/8 (end=83, n_frames=17/84): reward=-14.8750 (mean, 1 tok)
2026-04-30 16:56:24,759 mme_vla_suite.pseudo_labeling.topreward_qwen_scorer INFO: Prefix 7/8 (end=98, n_frames=20/99): reward=-15.3750 (mean, 1 tok)
2026-04-30 16:56:31,764 mme_vla_suite.pseudo_labeling.topreward_qwen_scorer INFO: Prefix 8/8 (end=113, n_frames=23/114): reward=-13.5000 (mean, 1 tok)
2026-04-30 16:56:39,466 mme_vla_suite.pseudo_labeling.topreward_qwen_scorer INFO: Prefix 1/8 (end=4, n_frames=4/5): reward=-19.2500 (mean, 1 tok)
2026-04-30 16:56:46,303 mme_vla_suite.pseudo_labeling.topreward_qwen_scorer INFO: Prefix 2/8 (end=7, n_frames=4/8): reward=-19.0000 (mean, 1 tok)
2026-04-30 16:56:53,128 mme_vla_suite.pseudo_labeling.topreward_qwen_scorer INFO: Prefix 3/8 (end=11, n_frames=4/12): reward=-19.1250 (mean, 1 tok)
2026-04-30 16:56:59,965 mme_vla_suite.pseudo_labeling.topreward_qwen_scorer INFO: Prefix 4/8 (end=14, n_frames=4/15): reward=-17.7500 (mean, 1 tok)
2026-04-30 16:57:06,786 mme_vla_suite.pseudo_labeling.topreward_qwen_scorer INFO: Prefix 5/8 (end=18, n_frames=4/19): reward=-16.7500 (mean, 1 tok)
2026-04-30 16:57:13,615 mme_vla_suite.pseudo_labeling.topreward_qwen_scorer INFO: Prefix 6/8 (end=21, n_frames=4/22): reward=-17.0000 (mean, 1 tok)
2026-04-30 16:57:20,463 mme_vla_suite.pseudo_labeling.topreward_qwen_scorer INFO: Prefix 7/8 (end=25, n_frames=5/26): reward=-17.3750 (mean, 1 tok)
2026-04-30 16:57:27,314 mme_vla_suite.pseudo_labeling.topreward_qwen_scorer INFO: Prefix 8/8 (end=29, n_frames=6/30): reward=-17.1250 (mean, 1 tok)
2026-04-30 16:57:35,109 mme_vla_suite.pseudo_labeling.topreward_qwen_scorer INFO: Prefix 1/8 (end=4, n_frames=4/5): reward=-20.1250 (mean, 1 tok)
2026-04-30 16:57:41,973 mme_vla_suite.pseudo_labeling.topreward_qwen_scorer INFO: Prefix 2/8 (end=9, n_frames=4/10): reward=-19.3750 (mean, 1 tok)
2026-04-30 16:57:48,833 mme_vla_suite.pseudo_labeling.topreward_qwen_scorer INFO: Prefix 3/8 (end=14, n_frames=4/15): reward=-19.6250 (mean, 1 tok)
2026-04-30 16:57:55,667 mme_vla_suite.pseudo_labeling.topreward_qwen_scorer INFO: Prefix 4/8 (end=20, n_frames=4/21): reward=-17.7500 (mean, 1 tok)
2026-04-30 16:58:02,520 mme_vla_suite.pseudo_labeling.topreward_qwen_scorer INFO: Prefix 5/8 (end=25, n_frames=5/26): reward=-17.6250 (mean, 1 tok)
2026-04-30 16:58:09,371 mme_vla_suite.pseudo_labeling.topreward_qwen_scorer INFO: Prefix 6/8 (end=31, n_frames=6/32): reward=-18.2500 (mean, 1 tok)
2026-04-30 16:58:16,248 mme_vla_suite.pseudo_labeling.topreward_qwen_scorer INFO: Prefix 7/8 (end=36, n_frames=7/37): reward=-20.1250 (mean, 1 tok)
2026-04-30 16:58:23,126 mme_vla_suite.pseudo_labeling.topreward_qwen_scorer INFO: Prefix 8/8 (end=42, n_frames=9/43): reward=-19.2500 (mean, 1 tok)
2026-04-30 16:58:31,233 mme_vla_suite.pseudo_labeling.topreward_qwen_scorer INFO: Prefix 1/8 (end=4, n_frames=4/5): reward=-18.7500 (mean, 1 tok)
2026-04-30 16:58:38,065 mme_vla_suite.pseudo_labeling.topreward_qwen_scorer INFO: Prefix 2/8 (end=8, n_frames=4/9): reward=-18.8750 (mean, 1 tok)
2026-04-30 16:58:44,907 mme_vla_suite.pseudo_labeling.topreward_qwen_scorer INFO: Prefix 3/8 (end=12, n_frames=4/13): reward=-18.3750 (mean, 1 tok)
2026-04-30 16:58:51,756 mme_vla_suite.pseudo_labeling.topreward_qwen_scorer INFO: Prefix 4/8 (end=16, n_frames=4/17): reward=-19.1250 (mean, 1 tok)
2026-04-30 16:58:58,598 mme_vla_suite.pseudo_labeling.topreward_qwen_scorer INFO: Prefix 5/8 (end=21, n_frames=4/22): reward=-18.0000 (mean, 1 tok)
2026-04-30 16:59:05,435 mme_vla_suite.pseudo_labeling.topreward_qwen_scorer INFO: Prefix 6/8 (end=25, n_frames=5/26): reward=-18.2500 (mean, 1 tok)
2026-04-30 16:59:12,266 mme_vla_suite.pseudo_labeling.topreward_qwen_scorer INFO: Prefix 7/8 (end=29, n_frames=6/30): reward=-18.2500 (mean, 1 tok)
2026-04-30 16:59:19,104 mme_vla_suite.pseudo_labeling.topreward_qwen_scorer INFO: Prefix 8/8 (end=34, n_frames=7/35): reward=-16.8750 (mean, 1 tok)
2026-04-30 16:59:27,058 mme_vla_suite.pseudo_labeling.topreward_qwen_scorer INFO: Prefix 1/8 (end=6, n_frames=4/7): reward=-22.1250 (mean, 1 tok)
2026-04-30 16:59:33,878 mme_vla_suite.pseudo_labeling.topreward_qwen_scorer INFO: Prefix 2/8 (end=14, n_frames=4/15): reward=-20.7500 (mean, 1 tok)
2026-04-30 16:59:40,701 mme_vla_suite.pseudo_labeling.topreward_qwen_scorer INFO: Prefix 3/8 (end=23, n_frames=5/24): reward=-19.6250 (mean, 1 tok)
2026-04-30 16:59:47,545 mme_vla_suite.pseudo_labeling.topreward_qwen_scorer INFO: Prefix 4/8 (end=32, n_frames=7/33): reward=-20.2500 (mean, 1 tok)
2026-04-30 16:59:54,383 mme_vla_suite.pseudo_labeling.topreward_qwen_scorer INFO: Prefix 5/8 (end=41, n_frames=8/42): reward=-20.3750 (mean, 1 tok)
2026-04-30 17:00:01,251 mme_vla_suite.pseudo_labeling.topreward_qwen_scorer INFO: Prefix 6/8 (end=50, n_frames=10/51): reward=-20.0000 (mean, 1 tok)
2026-04-30 17:00:08,107 mme_vla_suite.pseudo_labeling.topreward_qwen_scorer INFO: Prefix 7/8 (end=59, n_frames=12/60): reward=-18.8750 (mean, 1 tok)
2026-04-30 17:00:14,956 mme_vla_suite.pseudo_labeling.topreward_qwen_scorer INFO: Prefix 8/8 (end=68, n_frames=14/69): reward=-19.8750 (mean, 1 tok)
2026-04-30 17:00:22,956 mme_vla_suite.pseudo_labeling.topreward_qwen_scorer INFO: Prefix 1/8 (end=11, n_frames=4/12): reward=-21.1250 (mean, 1 tok)
2026-04-30 17:00:29,787 mme_vla_suite.pseudo_labeling.topreward_qwen_scorer INFO: Prefix 2/8 (end=25, n_frames=5/26): reward=-20.3750 (mean, 1 tok)
2026-04-30 17:00:36,636 mme_vla_suite.pseudo_labeling.topreward_qwen_scorer INFO: Prefix 3/8 (end=39, n_frames=8/40): reward=-19.7500 (mean, 1 tok)
2026-04-30 17:00:43,465 mme_vla_suite.pseudo_labeling.topreward_qwen_scorer INFO: Prefix 4/8 (end=53, n_frames=11/54): reward=-20.3750 (mean, 1 tok)
2026-04-30 17:00:50,337 mme_vla_suite.pseudo_labeling.topreward_qwen_scorer INFO: Prefix 5/8 (end=67, n_frames=14/68): reward=-19.0000 (mean, 1 tok)
2026-04-30 17:00:57,205 mme_vla_suite.pseudo_labeling.topreward_qwen_scorer INFO: Prefix 6/8 (end=81, n_frames=16/82): reward=-19.2500 (mean, 1 tok)
2026-04-30 17:01:04,127 mme_vla_suite.pseudo_labeling.topreward_qwen_scorer INFO: Prefix 7/8 (end=95, n_frames=19/96): reward=-18.7500 (mean, 1 tok)
2026-04-30 17:01:11,071 mme_vla_suite.pseudo_labeling.topreward_qwen_scorer INFO: Prefix 8/8 (end=110, n_frames=22/111): reward=-19.2500 (mean, 1 tok)
2026-04-30 17:01:19,154 mme_vla_suite.pseudo_labeling.topreward_qwen_scorer INFO: Prefix 1/8 (end=10, n_frames=4/11): reward=-19.2500 (mean, 1 tok)
2026-04-30 17:01:25,978 mme_vla_suite.pseudo_labeling.topreward_qwen_scorer INFO: Prefix 2/8 (end=22, n_frames=5/23): reward=-19.8750 (mean, 1 tok)
2026-04-30 17:01:32,818 mme_vla_suite.pseudo_labeling.topreward_qwen_scorer INFO: Prefix 3/8 (end=35, n_frames=7/36): reward=-14.6250 (mean, 1 tok)
2026-04-30 17:01:39,671 mme_vla_suite.pseudo_labeling.topreward_qwen_scorer INFO: Prefix 4/8 (end=48, n_frames=10/49): reward=-14.8750 (mean, 1 tok)
2026-04-30 17:01:46,522 mme_vla_suite.pseudo_labeling.topreward_qwen_scorer INFO: Prefix 5/8 (end=61, n_frames=12/62): reward=-15.5000 (mean, 1 tok)
2026-04-30 17:01:53,378 mme_vla_suite.pseudo_labeling.topreward_qwen_scorer INFO: Prefix 6/8 (end=74, n_frames=15/75): reward=-15.2500 (mean, 1 tok)
2026-04-30 17:02:00,277 mme_vla_suite.pseudo_labeling.topreward_qwen_scorer INFO: Prefix 7/8 (end=87, n_frames=18/88): reward=-14.6250 (mean, 1 tok)
2026-04-30 17:02:07,190 mme_vla_suite.pseudo_labeling.topreward_qwen_scorer INFO: Prefix 8/8 (end=100, n_frames=20/101): reward=-14.3750 (mean, 1 tok)
2026-04-30 17:02:14,999 mme_vla_suite.pseudo_labeling.topreward_qwen_scorer INFO: Prefix 1/8 (end=4, n_frames=4/5): reward=-20.5000 (mean, 1 tok)
2026-04-30 17:02:21,866 mme_vla_suite.pseudo_labeling.topreward_qwen_scorer INFO: Prefix 2/8 (end=7, n_frames=4/8): reward=-20.6250 (mean, 1 tok)
2026-04-30 17:02:28,717 mme_vla_suite.pseudo_labeling.topreward_qwen_scorer INFO: Prefix 3/8 (end=11, n_frames=4/12): reward=-20.7500 (mean, 1 tok)
2026-04-30 17:02:35,554 mme_vla_suite.pseudo_labeling.topreward_qwen_scorer INFO: Prefix 4/8 (end=14, n_frames=4/15): reward=-20.3750 (mean, 1 tok)
2026-04-30 17:02:42,411 mme_vla_suite.pseudo_labeling.topreward_qwen_scorer INFO: Prefix 5/8 (end=18, n_frames=4/19): reward=-20.7500 (mean, 1 tok)
2026-04-30 17:02:49,256 mme_vla_suite.pseudo_labeling.topreward_qwen_scorer INFO: Prefix 6/8 (end=21, n_frames=4/22): reward=-20.3750 (mean, 1 tok)
2026-04-30 17:02:56,109 mme_vla_suite.pseudo_labeling.topreward_qwen_scorer INFO: Prefix 7/8 (end=25, n_frames=5/26): reward=-21.5000 (mean, 1 tok)
2026-04-30 17:03:02,972 mme_vla_suite.pseudo_labeling.topreward_qwen_scorer INFO: Prefix 8/8 (end=29, n_frames=6/30): reward=-20.2500 (mean, 1 tok)
2026-04-30 17:03:10,869 mme_vla_suite.pseudo_labeling.topreward_qwen_scorer INFO: Prefix 1/8 (end=4, n_frames=4/5): reward=-19.6250 (mean, 1 tok)
2026-04-30 17:03:17,716 mme_vla_suite.pseudo_labeling.topreward_qwen_scorer INFO: Prefix 2/8 (end=9, n_frames=4/10): reward=-18.2500 (mean, 1 tok)
2026-04-30 17:03:24,562 mme_vla_suite.pseudo_labeling.topreward_qwen_scorer INFO: Prefix 3/8 (end=14, n_frames=4/15): reward=-18.6250 (mean, 1 tok)
2026-04-30 17:03:31,398 mme_vla_suite.pseudo_labeling.topreward_qwen_scorer INFO: Prefix 4/8 (end=20, n_frames=4/21): reward=-18.3750 (mean, 1 tok)
2026-04-30 17:03:38,259 mme_vla_suite.pseudo_labeling.topreward_qwen_scorer INFO: Prefix 5/8 (end=25, n_frames=5/26): reward=-18.5000 (mean, 1 tok)
2026-04-30 17:03:45,114 mme_vla_suite.pseudo_labeling.topreward_qwen_scorer INFO: Prefix 6/8 (end=31, n_frames=6/32): reward=-19.1250 (mean, 1 tok)
2026-04-30 17:03:51,959 mme_vla_suite.pseudo_labeling.topreward_qwen_scorer INFO: Prefix 7/8 (end=36, n_frames=7/37): reward=-19.5000 (mean, 1 tok)
2026-04-30 17:03:58,859 mme_vla_suite.pseudo_labeling.topreward_qwen_scorer INFO: Prefix 8/8 (end=42, n_frames=9/43): reward=-20.7500 (mean, 1 tok)
2026-04-30 17:04:06,834 mme_vla_suite.pseudo_labeling.topreward_qwen_scorer INFO: Prefix 1/8 (end=4, n_frames=4/5): reward=-20.2500 (mean, 1 tok)
2026-04-30 17:04:13,676 mme_vla_suite.pseudo_labeling.topreward_qwen_scorer INFO: Prefix 2/8 (end=9, n_frames=4/10): reward=-20.1250 (mean, 1 tok)
2026-04-30 17:04:20,530 mme_vla_suite.pseudo_labeling.topreward_qwen_scorer INFO: Prefix 3/8 (end=14, n_frames=4/15): reward=-19.6250 (mean, 1 tok)
2026-04-30 17:04:27,378 mme_vla_suite.pseudo_labeling.topreward_qwen_scorer INFO: Prefix 4/8 (end=20, n_frames=4/21): reward=-18.8750 (mean, 1 tok)
2026-04-30 17:04:34,240 mme_vla_suite.pseudo_labeling.topreward_qwen_scorer INFO: Prefix 5/8 (end=25, n_frames=5/26): reward=-19.5000 (mean, 1 tok)
2026-04-30 17:04:41,100 mme_vla_suite.pseudo_labeling.topreward_qwen_scorer INFO: Prefix 6/8 (end=31, n_frames=6/32): reward=-19.5000 (mean, 1 tok)
2026-04-30 17:04:47,953 mme_vla_suite.pseudo_labeling.topreward_qwen_scorer INFO: Prefix 7/8 (end=36, n_frames=7/37): reward=-19.5000 (mean, 1 tok)
2026-04-30 17:04:54,819 mme_vla_suite.pseudo_labeling.topreward_qwen_scorer INFO: Prefix 8/8 (end=42, n_frames=9/43): reward=-19.2500 (mean, 1 tok)
2026-04-30 17:05:02,778 mme_vla_suite.pseudo_labeling.topreward_qwen_scorer INFO: Prefix 1/8 (end=4, n_frames=4/5): reward=-20.1250 (mean, 1 tok)
2026-04-30 17:05:09,617 mme_vla_suite.pseudo_labeling.topreward_qwen_scorer INFO: Prefix 2/8 (end=9, n_frames=4/10): reward=-19.7500 (mean, 1 tok)
2026-04-30 17:05:16,463 mme_vla_suite.pseudo_labeling.topreward_qwen_scorer INFO: Prefix 3/8 (end=14, n_frames=4/15): reward=-19.7500 (mean, 1 tok)
2026-04-30 17:05:23,313 mme_vla_suite.pseudo_labeling.topreward_qwen_scorer INFO: Prefix 4/8 (end=20, n_frames=4/21): reward=-18.2500 (mean, 1 tok)
2026-04-30 17:05:30,165 mme_vla_suite.pseudo_labeling.topreward_qwen_scorer INFO: Prefix 5/8 (end=25, n_frames=5/26): reward=-19.2500 (mean, 1 tok)
2026-04-30 17:05:37,020 mme_vla_suite.pseudo_labeling.topreward_qwen_scorer INFO: Prefix 6/8 (end=31, n_frames=6/32): reward=-20.0000 (mean, 1 tok)
2026-04-30 17:05:43,862 mme_vla_suite.pseudo_labeling.topreward_qwen_scorer INFO: Prefix 7/8 (end=36, n_frames=7/37): reward=-19.8750 (mean, 1 tok)
2026-04-30 17:05:50,737 mme_vla_suite.pseudo_labeling.topreward_qwen_scorer INFO: Prefix 8/8 (end=42, n_frames=9/43): reward=-20.1250 (mean, 1 tok)
2026-04-30 17:05:58,669 mme_vla_suite.pseudo_labeling.topreward_qwen_scorer INFO: Prefix 1/8 (end=4, n_frames=4/5): reward=-21.1250 (mean, 1 tok)
2026-04-30 17:06:05,517 mme_vla_suite.pseudo_labeling.topreward_qwen_scorer INFO: Prefix 2/8 (end=9, n_frames=4/10): reward=-20.6250 (mean, 1 tok)
2026-04-30 17:06:12,366 mme_vla_suite.pseudo_labeling.topreward_qwen_scorer INFO: Prefix 3/8 (end=14, n_frames=4/15): reward=-20.7500 (mean, 1 tok)
2026-04-30 17:06:19,239 mme_vla_suite.pseudo_labeling.topreward_qwen_scorer INFO: Prefix 4/8 (end=20, n_frames=4/21): reward=-19.5000 (mean, 1 tok)
2026-04-30 17:06:26,100 mme_vla_suite.pseudo_labeling.topreward_qwen_scorer INFO: Prefix 5/8 (end=25, n_frames=5/26): reward=-20.0000 (mean, 1 tok)
2026-04-30 17:06:33,073 mme_vla_suite.pseudo_labeling.topreward_qwen_scorer INFO: Prefix 6/8 (end=31, n_frames=6/32): reward=-20.3750 (mean, 1 tok)
2026-04-30 17:06:39,924 mme_vla_suite.pseudo_labeling.topreward_qwen_scorer INFO: Prefix 7/8 (end=36, n_frames=7/37): reward=-20.0000 (mean, 1 tok)
2026-04-30 17:06:46,799 mme_vla_suite.pseudo_labeling.topreward_qwen_scorer INFO: Prefix 8/8 (end=42, n_frames=9/43): reward=-20.0000 (mean, 1 tok)
2026-04-30 17:06:54,649 mme_vla_suite.pseudo_labeling.topreward_qwen_scorer INFO: Prefix 1/8 (end=4, n_frames=4/5): reward=-20.5000 (mean, 1 tok)
2026-04-30 17:07:01,516 mme_vla_suite.pseudo_labeling.topreward_qwen_scorer INFO: Prefix 2/8 (end=9, n_frames=4/10): reward=-20.0000 (mean, 1 tok)
2026-04-30 17:07:08,372 mme_vla_suite.pseudo_labeling.topreward_qwen_scorer INFO: Prefix 3/8 (end=14, n_frames=4/15): reward=-20.1250 (mean, 1 tok)
2026-04-30 17:07:15,234 mme_vla_suite.pseudo_labeling.topreward_qwen_scorer INFO: Prefix 4/8 (end=20, n_frames=4/21): reward=-19.5000 (mean, 1 tok)
2026-04-30 17:07:22,103 mme_vla_suite.pseudo_labeling.topreward_qwen_scorer INFO: Prefix 5/8 (end=25, n_frames=5/26): reward=-20.1250 (mean, 1 tok)
2026-04-30 17:07:28,957 mme_vla_suite.pseudo_labeling.topreward_qwen_scorer INFO: Prefix 6/8 (end=31, n_frames=6/32): reward=-20.8750 (mean, 1 tok)
2026-04-30 17:07:35,803 mme_vla_suite.pseudo_labeling.topreward_qwen_scorer INFO: Prefix 7/8 (end=36, n_frames=7/37): reward=-20.7500 (mean, 1 tok)
2026-04-30 17:07:42,685 mme_vla_suite.pseudo_labeling.topreward_qwen_scorer INFO: Prefix 8/8 (end=42, n_frames=9/43): reward=-21.1250 (mean, 1 tok)
2026-04-30 17:07:50,476 mme_vla_suite.pseudo_labeling.topreward_qwen_scorer INFO: Prefix 1/8 (end=4, n_frames=4/5): reward=-19.0000 (mean, 1 tok)
2026-04-30 17:07:57,319 mme_vla_suite.pseudo_labeling.topreward_qwen_scorer INFO: Prefix 2/8 (end=8, n_frames=4/9): reward=-19.1250 (mean, 1 tok)
2026-04-30 17:08:04,157 mme_vla_suite.pseudo_labeling.topreward_qwen_scorer INFO: Prefix 3/8 (end=12, n_frames=4/13): reward=-19.0000 (mean, 1 tok)
2026-04-30 17:08:11,002 mme_vla_suite.pseudo_labeling.topreward_qwen_scorer INFO: Prefix 4/8 (end=16, n_frames=4/17): reward=-19.2500 (mean, 1 tok)
2026-04-30 17:08:17,825 mme_vla_suite.pseudo_labeling.topreward_qwen_scorer INFO: Prefix 5/8 (end=20, n_frames=4/21): reward=-18.6250 (mean, 1 tok)
2026-04-30 17:08:24,792 mme_vla_suite.pseudo_labeling.topreward_qwen_scorer INFO: Prefix 6/8 (end=24, n_frames=5/25): reward=-18.3750 (mean, 1 tok)
2026-04-30 17:08:31,647 mme_vla_suite.pseudo_labeling.topreward_qwen_scorer INFO: Prefix 7/8 (end=28, n_frames=6/29): reward=-17.5000 (mean, 1 tok)
2026-04-30 17:08:38,499 mme_vla_suite.pseudo_labeling.topreward_qwen_scorer INFO: Prefix 8/8 (end=33, n_frames=7/34): reward=-16.8750 (mean, 1 tok)
2026-04-30 17:08:46,037 mme_vla_suite.pseudo_labeling.topreward_qwen_scorer INFO: Prefix 1/8 (end=7, n_frames=4/8): reward=-22.3750 (mean, 1 tok)
2026-04-30 17:08:52,876 mme_vla_suite.pseudo_labeling.topreward_qwen_scorer INFO: Prefix 2/8 (end=16, n_frames=4/17): reward=-22.3750 (mean, 1 tok)
2026-04-30 17:08:59,735 mme_vla_suite.pseudo_labeling.topreward_qwen_scorer INFO: Prefix 3/8 (end=25, n_frames=5/26): reward=-22.0000 (mean, 1 tok)
2026-04-30 17:09:06,583 mme_vla_suite.pseudo_labeling.topreward_qwen_scorer INFO: Prefix 4/8 (end=34, n_frames=7/35): reward=-21.5000 (mean, 1 tok)
2026-04-30 17:09:13,439 mme_vla_suite.pseudo_labeling.topreward_qwen_scorer INFO: Prefix 5/8 (end=43, n_frames=9/44): reward=-20.8750 (mean, 1 tok)
2026-04-30 17:09:20,331 mme_vla_suite.pseudo_labeling.topreward_qwen_scorer INFO: Prefix 6/8 (end=52, n_frames=11/53): reward=-21.5000 (mean, 1 tok)
2026-04-30 17:09:27,209 mme_vla_suite.pseudo_labeling.topreward_qwen_scorer INFO: Prefix 7/8 (end=61, n_frames=12/62): reward=-20.3750 (mean, 1 tok)
2026-04-30 17:09:34,103 mme_vla_suite.pseudo_labeling.topreward_qwen_scorer INFO: Prefix 8/8 (end=71, n_frames=14/72): reward=-19.5000 (mean, 1 tok)
2026-04-30 17:09:41,934 mme_vla_suite.pseudo_labeling.topreward_qwen_scorer INFO: Prefix 1/8 (end=11, n_frames=4/12): reward=-22.1250 (mean, 1 tok)
2026-04-30 17:09:48,780 mme_vla_suite.pseudo_labeling.topreward_qwen_scorer INFO: Prefix 2/8 (end=25, n_frames=5/26): reward=-22.0000 (mean, 1 tok)
2026-04-30 17:09:55,638 mme_vla_suite.pseudo_labeling.topreward_qwen_scorer INFO: Prefix 3/8 (end=39, n_frames=8/40): reward=-21.1250 (mean, 1 tok)
2026-04-30 17:10:02,486 mme_vla_suite.pseudo_labeling.topreward_qwen_scorer INFO: Prefix 4/8 (end=54, n_frames=11/55): reward=-21.3750 (mean, 1 tok)
2026-04-30 17:10:09,354 mme_vla_suite.pseudo_labeling.topreward_qwen_scorer INFO: Prefix 5/8 (end=68, n_frames=14/69): reward=-19.3750 (mean, 1 tok)
2026-04-30 17:10:16,248 mme_vla_suite.pseudo_labeling.topreward_qwen_scorer INFO: Prefix 6/8 (end=83, n_frames=17/84): reward=-19.5000 (mean, 1 tok)
2026-04-30 17:10:23,166 mme_vla_suite.pseudo_labeling.topreward_qwen_scorer INFO: Prefix 7/8 (end=97, n_frames=20/98): reward=-18.8750 (mean, 1 tok)
2026-04-30 17:10:30,129 mme_vla_suite.pseudo_labeling.topreward_qwen_scorer INFO: Prefix 8/8 (end=112, n_frames=23/113): reward=-20.0000 (mean, 1 tok)
2026-04-30 17:10:38,079 mme_vla_suite.pseudo_labeling.topreward_qwen_scorer INFO: Prefix 1/8 (end=11, n_frames=4/12): reward=-22.0000 (mean, 1 tok)
2026-04-30 17:10:44,939 mme_vla_suite.pseudo_labeling.topreward_qwen_scorer INFO: Prefix 2/8 (end=25, n_frames=5/26): reward=-23.0000 (mean, 1 tok)
2026-04-30 17:10:51,787 mme_vla_suite.pseudo_labeling.topreward_qwen_scorer INFO: Prefix 3/8 (end=39, n_frames=8/40): reward=-18.1250 (mean, 1 tok)
2026-04-30 17:10:58,654 mme_vla_suite.pseudo_labeling.topreward_qwen_scorer INFO: Prefix 4/8 (end=53, n_frames=11/54): reward=-15.6250 (mean, 1 tok)
2026-04-30 17:11:05,532 mme_vla_suite.pseudo_labeling.topreward_qwen_scorer INFO: Prefix 5/8 (end=67, n_frames=14/68): reward=-16.2500 (mean, 1 tok)
2026-04-30 17:11:12,429 mme_vla_suite.pseudo_labeling.topreward_qwen_scorer INFO: Prefix 6/8 (end=81, n_frames=16/82): reward=-15.6250 (mean, 1 tok)
2026-04-30 17:11:19,344 mme_vla_suite.pseudo_labeling.topreward_qwen_scorer INFO: Prefix 7/8 (end=95, n_frames=19/96): reward=-16.2500 (mean, 1 tok)
2026-04-30 17:11:26,294 mme_vla_suite.pseudo_labeling.topreward_qwen_scorer INFO: Prefix 8/8 (end=109, n_frames=22/110): reward=-14.2500 (mean, 1 tok)
2026-04-30 17:11:33,960 mme_vla_suite.pseudo_labeling.topreward_qwen_scorer INFO: Prefix 1/8 (end=4, n_frames=4/5): reward=-20.0000 (mean, 1 tok)
2026-04-30 17:11:40,805 mme_vla_suite.pseudo_labeling.topreward_qwen_scorer INFO: Prefix 2/8 (end=8, n_frames=4/9): reward=-19.0000 (mean, 1 tok)
2026-04-30 17:11:47,652 mme_vla_suite.pseudo_labeling.topreward_qwen_scorer INFO: Prefix 3/8 (end=12, n_frames=4/13): reward=-18.5000 (mean, 1 tok)
2026-04-30 17:11:54,487 mme_vla_suite.pseudo_labeling.topreward_qwen_scorer INFO: Prefix 4/8 (end=16, n_frames=4/17): reward=-16.8750 (mean, 1 tok)
2026-04-30 17:12:01,317 mme_vla_suite.pseudo_labeling.topreward_qwen_scorer INFO: Prefix 5/8 (end=20, n_frames=4/21): reward=-17.3750 (mean, 1 tok)
2026-04-30 17:12:08,178 mme_vla_suite.pseudo_labeling.topreward_qwen_scorer INFO: Prefix 6/8 (end=24, n_frames=5/25): reward=-17.7500 (mean, 1 tok)
2026-04-30 17:12:15,036 mme_vla_suite.pseudo_labeling.topreward_qwen_scorer INFO: Prefix 7/8 (end=28, n_frames=6/29): reward=-18.5000 (mean, 1 tok)
2026-04-30 17:12:21,898 mme_vla_suite.pseudo_labeling.topreward_qwen_scorer INFO: Prefix 8/8 (end=33, n_frames=7/34): reward=-19.5000 (mean, 1 tok)
2026-04-30 17:12:29,684 mme_vla_suite.pseudo_labeling.topreward_qwen_scorer INFO: Prefix 1/8 (end=4, n_frames=4/5): reward=-20.8750 (mean, 1 tok)
2026-04-30 17:12:36,546 mme_vla_suite.pseudo_labeling.topreward_qwen_scorer INFO: Prefix 2/8 (end=8, n_frames=4/9): reward=-19.5000 (mean, 1 tok)
2026-04-30 17:12:43,418 mme_vla_suite.pseudo_labeling.topreward_qwen_scorer INFO: Prefix 3/8 (end=13, n_frames=4/14): reward=-19.6250 (mean, 1 tok)
2026-04-30 17:12:50,289 mme_vla_suite.pseudo_labeling.topreward_qwen_scorer INFO: Prefix 4/8 (end=18, n_frames=4/19): reward=-17.7500 (mean, 1 tok)
2026-04-30 17:12:57,129 mme_vla_suite.pseudo_labeling.topreward_qwen_scorer INFO: Prefix 5/8 (end=22, n_frames=5/23): reward=-17.7500 (mean, 1 tok)
2026-04-30 17:13:04,001 mme_vla_suite.pseudo_labeling.topreward_qwen_scorer INFO: Prefix 6/8 (end=27, n_frames=6/28): reward=-18.7500 (mean, 1 tok)
2026-04-30 17:13:10,845 mme_vla_suite.pseudo_labeling.topreward_qwen_scorer INFO: Prefix 7/8 (end=32, n_frames=7/33): reward=-19.0000 (mean, 1 tok)
2026-04-30 17:13:17,703 mme_vla_suite.pseudo_labeling.topreward_qwen_scorer INFO: Prefix 8/8 (end=37, n_frames=8/38): reward=-19.0000 (mean, 1 tok)
2026-04-30 17:13:25,670 mme_vla_suite.pseudo_labeling.topreward_qwen_scorer INFO: Prefix 1/8 (end=4, n_frames=4/5): reward=-18.8750 (mean, 1 tok)
2026-04-30 17:13:32,488 mme_vla_suite.pseudo_labeling.topreward_qwen_scorer INFO: Prefix 2/8 (end=9, n_frames=4/10): reward=-18.5000 (mean, 1 tok)
2026-04-30 17:13:39,324 mme_vla_suite.pseudo_labeling.topreward_qwen_scorer INFO: Prefix 3/8 (end=14, n_frames=4/15): reward=-18.3750 (mean, 1 tok)
2026-04-30 17:13:46,153 mme_vla_suite.pseudo_labeling.topreward_qwen_scorer INFO: Prefix 4/8 (end=19, n_frames=4/20): reward=-18.7500 (mean, 1 tok)
2026-04-30 17:13:52,974 mme_vla_suite.pseudo_labeling.topreward_qwen_scorer INFO: Prefix 5/8 (end=24, n_frames=5/25): reward=-18.7500 (mean, 1 tok)
2026-04-30 17:13:59,805 mme_vla_suite.pseudo_labeling.topreward_qwen_scorer INFO: Prefix 6/8 (end=29, n_frames=6/30): reward=-18.8750 (mean, 1 tok)
2026-04-30 17:14:06,648 mme_vla_suite.pseudo_labeling.topreward_qwen_scorer INFO: Prefix 7/8 (end=34, n_frames=7/35): reward=-17.5000 (mean, 1 tok)
2026-04-30 17:14:13,478 mme_vla_suite.pseudo_labeling.topreward_qwen_scorer INFO: Prefix 8/8 (end=39, n_frames=8/40): reward=-18.6250 (mean, 1 tok)
2026-04-30 17:14:21,420 mme_vla_suite.pseudo_labeling.topreward_qwen_scorer INFO: Prefix 1/8 (end=7, n_frames=4/8): reward=-20.3750 (mean, 1 tok)
2026-04-30 17:14:28,251 mme_vla_suite.pseudo_labeling.topreward_qwen_scorer INFO: Prefix 2/8 (end=17, n_frames=4/18): reward=-19.5000 (mean, 1 tok)
2026-04-30 17:14:35,100 mme_vla_suite.pseudo_labeling.topreward_qwen_scorer INFO: Prefix 3/8 (end=27, n_frames=6/28): reward=-19.6250 (mean, 1 tok)
2026-04-30 17:14:41,968 mme_vla_suite.pseudo_labeling.topreward_qwen_scorer INFO: Prefix 4/8 (end=37, n_frames=8/38): reward=-20.0000 (mean, 1 tok)
2026-04-30 17:14:48,837 mme_vla_suite.pseudo_labeling.topreward_qwen_scorer INFO: Prefix 5/8 (end=47, n_frames=10/48): reward=-18.5000 (mean, 1 tok)
2026-04-30 17:14:55,703 mme_vla_suite.pseudo_labeling.topreward_qwen_scorer INFO: Prefix 6/8 (end=57, n_frames=12/58): reward=-19.6250 (mean, 1 tok)
2026-04-30 17:15:02,569 mme_vla_suite.pseudo_labeling.topreward_qwen_scorer INFO: Prefix 7/8 (end=67, n_frames=14/68): reward=-18.6250 (mean, 1 tok)
2026-04-30 17:15:09,453 mme_vla_suite.pseudo_labeling.topreward_qwen_scorer INFO: Prefix 8/8 (end=77, n_frames=16/78): reward=-18.6250 (mean, 1 tok)
2026-04-30 17:15:17,465 mme_vla_suite.pseudo_labeling.topreward_qwen_scorer INFO: Prefix 1/8 (end=11, n_frames=4/12): reward=-21.1250 (mean, 1 tok)
2026-04-30 17:15:24,299 mme_vla_suite.pseudo_labeling.topreward_qwen_scorer INFO: Prefix 2/8 (end=25, n_frames=5/26): reward=-19.7500 (mean, 1 tok)
2026-04-30 17:15:31,138 mme_vla_suite.pseudo_labeling.topreward_qwen_scorer INFO: Prefix 3/8 (end=40, n_frames=8/41): reward=-19.0000 (mean, 1 tok)
2026-04-30 17:15:38,026 mme_vla_suite.pseudo_labeling.topreward_qwen_scorer INFO: Prefix 4/8 (end=55, n_frames=11/56): reward=-20.3750 (mean, 1 tok)
2026-04-30 17:15:44,894 mme_vla_suite.pseudo_labeling.topreward_qwen_scorer INFO: Prefix 5/8 (end=69, n_frames=14/70): reward=-19.0000 (mean, 1 tok)
2026-04-30 17:15:51,763 mme_vla_suite.pseudo_labeling.topreward_qwen_scorer INFO: Prefix 6/8 (end=84, n_frames=17/85): reward=-18.6250 (mean, 1 tok)
2026-04-30 17:15:58,715 mme_vla_suite.pseudo_labeling.topreward_qwen_scorer INFO: Prefix 7/8 (end=99, n_frames=20/100): reward=-18.7500 (mean, 1 tok)
2026-04-30 17:16:05,671 mme_vla_suite.pseudo_labeling.topreward_qwen_scorer INFO: Prefix 8/8 (end=114, n_frames=23/115): reward=-18.6250 (mean, 1 tok)
2026-04-30 17:16:13,647 mme_vla_suite.pseudo_labeling.topreward_qwen_scorer INFO: Prefix 1/8 (end=11, n_frames=4/12): reward=-21.0000 (mean, 1 tok)
2026-04-30 17:16:20,478 mme_vla_suite.pseudo_labeling.topreward_qwen_scorer INFO: Prefix 2/8 (end=26, n_frames=5/27): reward=-21.3750 (mean, 1 tok)
2026-04-30 17:16:27,327 mme_vla_suite.pseudo_labeling.topreward_qwen_scorer INFO: Prefix 3/8 (end=41, n_frames=8/42): reward=-17.5000 (mean, 1 tok)
2026-04-30 17:16:34,199 mme_vla_suite.pseudo_labeling.topreward_qwen_scorer INFO: Prefix 4/8 (end=56, n_frames=11/57): reward=-16.1250 (mean, 1 tok)
2026-04-30 17:16:41,084 mme_vla_suite.pseudo_labeling.topreward_qwen_scorer INFO: Prefix 5/8 (end=71, n_frames=14/72): reward=-15.7500 (mean, 1 tok)
2026-04-30 17:16:47,983 mme_vla_suite.pseudo_labeling.topreward_qwen_scorer INFO: Prefix 6/8 (end=86, n_frames=17/87): reward=-15.5000 (mean, 1 tok)
2026-04-30 17:16:54,925 mme_vla_suite.pseudo_labeling.topreward_qwen_scorer INFO: Prefix 7/8 (end=101, n_frames=20/102): reward=-14.8750 (mean, 1 tok)
2026-04-30 17:17:01,890 mme_vla_suite.pseudo_labeling.topreward_qwen_scorer INFO: Prefix 8/8 (end=117, n_frames=24/118): reward=-14.5000 (mean, 1 tok)
2026-04-30 17:17:09,474 mme_vla_suite.pseudo_labeling.topreward_qwen_scorer INFO: Prefix 1/8 (end=4, n_frames=4/5): reward=-19.5000 (mean, 1 tok)
2026-04-30 17:17:16,326 mme_vla_suite.pseudo_labeling.topreward_qwen_scorer INFO: Prefix 2/8 (end=10, n_frames=4/11): reward=-18.2500 (mean, 1 tok)
2026-04-30 17:17:23,168 mme_vla_suite.pseudo_labeling.topreward_qwen_scorer INFO: Prefix 3/8 (end=16, n_frames=4/17): reward=-17.7500 (mean, 1 tok)
2026-04-30 17:17:30,002 mme_vla_suite.pseudo_labeling.topreward_qwen_scorer INFO: Prefix 4/8 (end=22, n_frames=5/23): reward=-17.6250 (mean, 1 tok)
2026-04-30 17:17:36,839 mme_vla_suite.pseudo_labeling.topreward_qwen_scorer INFO: Prefix 5/8 (end=28, n_frames=6/29): reward=-18.3750 (mean, 1 tok)
2026-04-30 17:17:43,687 mme_vla_suite.pseudo_labeling.topreward_qwen_scorer INFO: Prefix 6/8 (end=34, n_frames=7/35): reward=-18.6250 (mean, 1 tok)
2026-04-30 17:17:50,548 mme_vla_suite.pseudo_labeling.topreward_qwen_scorer INFO: Prefix 7/8 (end=40, n_frames=8/41): reward=-19.0000 (mean, 1 tok)
2026-04-30 17:17:57,438 mme_vla_suite.pseudo_labeling.topreward_qwen_scorer INFO: Prefix 8/8 (end=47, n_frames=10/48): reward=-19.6250 (mean, 1 tok)
2026-04-30 17:18:05,223 mme_vla_suite.pseudo_labeling.topreward_qwen_scorer INFO: Prefix 1/8 (end=4, n_frames=4/5): reward=-20.3750 (mean, 1 tok)
2026-04-30 17:18:12,057 mme_vla_suite.pseudo_labeling.topreward_qwen_scorer INFO: Prefix 2/8 (end=10, n_frames=4/11): reward=-20.0000 (mean, 1 tok)
2026-04-30 17:18:18,909 mme_vla_suite.pseudo_labeling.topreward_qwen_scorer INFO: Prefix 3/8 (end=16, n_frames=4/17): reward=-18.8750 (mean, 1 tok)
2026-04-30 17:18:25,783 mme_vla_suite.pseudo_labeling.topreward_qwen_scorer INFO: Prefix 4/8 (end=22, n_frames=5/23): reward=-18.5000 (mean, 1 tok)
2026-04-30 17:18:32,661 mme_vla_suite.pseudo_labeling.topreward_qwen_scorer INFO: Prefix 5/8 (end=29, n_frames=6/30): reward=-19.2500 (mean, 1 tok)
2026-04-30 17:18:39,507 mme_vla_suite.pseudo_labeling.topreward_qwen_scorer INFO: Prefix 6/8 (end=35, n_frames=7/36): reward=-20.2500 (mean, 1 tok)
2026-04-30 17:18:46,349 mme_vla_suite.pseudo_labeling.topreward_qwen_scorer INFO: Prefix 7/8 (end=41, n_frames=8/42): reward=-20.2500 (mean, 1 tok)
2026-04-30 17:18:53,226 mme_vla_suite.pseudo_labeling.topreward_qwen_scorer INFO: Prefix 8/8 (end=48, n_frames=10/49): reward=-19.2500 (mean, 1 tok)
2026-04-30 17:19:01,007 mme_vla_suite.pseudo_labeling.topreward_qwen_scorer INFO: Prefix 1/8 (end=4, n_frames=4/5): reward=-20.8750 (mean, 1 tok)
2026-04-30 17:19:07,864 mme_vla_suite.pseudo_labeling.topreward_qwen_scorer INFO: Prefix 2/8 (end=9, n_frames=4/10): reward=-20.3750 (mean, 1 tok)
2026-04-30 17:19:14,694 mme_vla_suite.pseudo_labeling.topreward_qwen_scorer INFO: Prefix 3/8 (end=14, n_frames=4/15): reward=-19.7500 (mean, 1 tok)
2026-04-30 17:19:21,526 mme_vla_suite.pseudo_labeling.topreward_qwen_scorer INFO: Prefix 4/8 (end=20, n_frames=4/21): reward=-18.7500 (mean, 1 tok)
2026-04-30 17:19:28,371 mme_vla_suite.pseudo_labeling.topreward_qwen_scorer INFO: Prefix 5/8 (end=25, n_frames=5/26): reward=-19.5000 (mean, 1 tok)
2026-04-30 17:19:35,223 mme_vla_suite.pseudo_labeling.topreward_qwen_scorer INFO: Prefix 6/8 (end=31, n_frames=6/32): reward=-19.1250 (mean, 1 tok)
2026-04-30 17:19:42,091 mme_vla_suite.pseudo_labeling.topreward_qwen_scorer INFO: Prefix 7/8 (end=36, n_frames=7/37): reward=-21.5000 (mean, 1 tok)
2026-04-30 17:19:48,966 mme_vla_suite.pseudo_labeling.topreward_qwen_scorer INFO: Prefix 8/8 (end=42, n_frames=9/43): reward=-22.0000 (mean, 1 tok)
2026-04-30 17:19:56,918 mme_vla_suite.pseudo_labeling.topreward_qwen_scorer INFO: Prefix 1/8 (end=4, n_frames=4/5): reward=-21.0000 (mean, 1 tok)
2026-04-30 17:20:03,753 mme_vla_suite.pseudo_labeling.topreward_qwen_scorer INFO: Prefix 2/8 (end=9, n_frames=4/10): reward=-20.3750 (mean, 1 tok)
2026-04-30 17:20:10,582 mme_vla_suite.pseudo_labeling.topreward_qwen_scorer INFO: Prefix 3/8 (end=14, n_frames=4/15): reward=-20.2500 (mean, 1 tok)
2026-04-30 17:20:17,422 mme_vla_suite.pseudo_labeling.topreward_qwen_scorer INFO: Prefix 4/8 (end=20, n_frames=4/21): reward=-19.0000 (mean, 1 tok)
2026-04-30 17:20:24,285 mme_vla_suite.pseudo_labeling.topreward_qwen_scorer INFO: Prefix 5/8 (end=25, n_frames=5/26): reward=-19.5000 (mean, 1 tok)
2026-04-30 17:20:31,126 mme_vla_suite.pseudo_labeling.topreward_qwen_scorer INFO: Prefix 6/8 (end=31, n_frames=6/32): reward=-20.1250 (mean, 1 tok)
2026-04-30 17:20:37,978 mme_vla_suite.pseudo_labeling.topreward_qwen_scorer INFO: Prefix 7/8 (end=36, n_frames=7/37): reward=-20.1250 (mean, 1 tok)
2026-04-30 17:20:44,844 mme_vla_suite.pseudo_labeling.topreward_qwen_scorer INFO: Prefix 8/8 (end=42, n_frames=9/43): reward=-19.3750 (mean, 1 tok)
2026-04-30 17:20:52,984 mme_vla_suite.pseudo_labeling.topreward_qwen_scorer INFO: Prefix 1/8 (end=4, n_frames=4/5): reward=-21.1250 (mean, 1 tok)
2026-04-30 17:20:59,898 mme_vla_suite.pseudo_labeling.topreward_qwen_scorer INFO: Prefix 2/8 (end=9, n_frames=4/10): reward=-20.6250 (mean, 1 tok)
2026-04-30 17:21:06,748 mme_vla_suite.pseudo_labeling.topreward_qwen_scorer INFO: Prefix 3/8 (end=14, n_frames=4/15): reward=-20.3750 (mean, 1 tok)
2026-04-30 17:21:13,601 mme_vla_suite.pseudo_labeling.topreward_qwen_scorer INFO: Prefix 4/8 (end=20, n_frames=4/21): reward=-19.6250 (mean, 1 tok)
2026-04-30 17:21:20,447 mme_vla_suite.pseudo_labeling.topreward_qwen_scorer INFO: Prefix 5/8 (end=25, n_frames=5/26): reward=-21.0000 (mean, 1 tok)
2026-04-30 17:21:27,281 mme_vla_suite.pseudo_labeling.topreward_qwen_scorer INFO: Prefix 6/8 (end=31, n_frames=6/32): reward=-19.6250 (mean, 1 tok)
2026-04-30 17:21:34,138 mme_vla_suite.pseudo_labeling.topreward_qwen_scorer INFO: Prefix 7/8 (end=36, n_frames=7/37): reward=-21.8750 (mean, 1 tok)
2026-04-30 17:21:41,118 mme_vla_suite.pseudo_labeling.topreward_qwen_scorer INFO: Prefix 8/8 (end=42, n_frames=9/43): reward=-22.1250 (mean, 1 tok)
2026-04-30 17:21:48,960 mme_vla_suite.pseudo_labeling.topreward_qwen_scorer INFO: Prefix 1/8 (end=4, n_frames=4/5): reward=-21.7500 (mean, 1 tok)
2026-04-30 17:21:55,791 mme_vla_suite.pseudo_labeling.topreward_qwen_scorer INFO: Prefix 2/8 (end=9, n_frames=4/10): reward=-20.7500 (mean, 1 tok)
2026-04-30 17:22:02,628 mme_vla_suite.pseudo_labeling.topreward_qwen_scorer INFO: Prefix 3/8 (end=14, n_frames=4/15): reward=-20.7500 (mean, 1 tok)
2026-04-30 17:22:09,468 mme_vla_suite.pseudo_labeling.topreward_qwen_scorer INFO: Prefix 4/8 (end=20, n_frames=4/21): reward=-19.6250 (mean, 1 tok)
2026-04-30 17:22:16,322 mme_vla_suite.pseudo_labeling.topreward_qwen_scorer INFO: Prefix 5/8 (end=25, n_frames=5/26): reward=-20.1250 (mean, 1 tok)
2026-04-30 17:22:23,164 mme_vla_suite.pseudo_labeling.topreward_qwen_scorer INFO: Prefix 6/8 (end=31, n_frames=6/32): reward=-20.8750 (mean, 1 tok)
2026-04-30 17:22:30,023 mme_vla_suite.pseudo_labeling.topreward_qwen_scorer INFO: Prefix 7/8 (end=36, n_frames=7/37): reward=-21.5000 (mean, 1 tok)
2026-04-30 17:22:36,890 mme_vla_suite.pseudo_labeling.topreward_qwen_scorer INFO: Prefix 8/8 (end=42, n_frames=9/43): reward=-20.3750 (mean, 1 tok)
2026-04-30 17:22:44,697 mme_vla_suite.pseudo_labeling.topreward_qwen_scorer INFO: Prefix 1/8 (end=4, n_frames=4/5): reward=-20.7500 (mean, 1 tok)
2026-04-30 17:22:51,527 mme_vla_suite.pseudo_labeling.topreward_qwen_scorer INFO: Prefix 2/8 (end=8, n_frames=4/9): reward=-21.1250 (mean, 1 tok)
2026-04-30 17:22:58,353 mme_vla_suite.pseudo_labeling.topreward_qwen_scorer INFO: Prefix 3/8 (end=13, n_frames=4/14): reward=-20.3750 (mean, 1 tok)
2026-04-30 17:23:05,196 mme_vla_suite.pseudo_labeling.topreward_qwen_scorer INFO: Prefix 4/8 (end=17, n_frames=4/18): reward=-19.3750 (mean, 1 tok)
2026-04-30 17:23:12,032 mme_vla_suite.pseudo_labeling.topreward_qwen_scorer INFO: Prefix 5/8 (end=22, n_frames=5/23): reward=-18.7500 (mean, 1 tok)
2026-04-30 17:23:18,877 mme_vla_suite.pseudo_labeling.topreward_qwen_scorer INFO: Prefix 6/8 (end=26, n_frames=5/27): reward=-18.2500 (mean, 1 tok)
2026-04-30 17:23:25,717 mme_vla_suite.pseudo_labeling.topreward_qwen_scorer INFO: Prefix 7/8 (end=31, n_frames=6/32): reward=-17.8750 (mean, 1 tok)
2026-04-30 17:23:32,543 mme_vla_suite.pseudo_labeling.topreward_qwen_scorer INFO: Prefix 8/8 (end=36, n_frames=7/37): reward=-17.3750 (mean, 1 tok)
2026-04-30 17:23:40,141 mme_vla_suite.pseudo_labeling.topreward_qwen_scorer INFO: Prefix 1/8 (end=7, n_frames=4/8): reward=-20.0000 (mean, 1 tok)
2026-04-30 17:23:46,969 mme_vla_suite.pseudo_labeling.topreward_qwen_scorer INFO: Prefix 2/8 (end=15, n_frames=4/16): reward=-20.1250 (mean, 1 tok)
2026-04-30 17:23:53,818 mme_vla_suite.pseudo_labeling.topreward_qwen_scorer INFO: Prefix 3/8 (end=24, n_frames=5/25): reward=-18.7500 (mean, 1 tok)
2026-04-30 17:24:00,644 mme_vla_suite.pseudo_labeling.topreward_qwen_scorer INFO: Prefix 4/8 (end=33, n_frames=7/34): reward=-19.8750 (mean, 1 tok)
2026-04-30 17:24:07,488 mme_vla_suite.pseudo_labeling.topreward_qwen_scorer INFO: Prefix 5/8 (end=42, n_frames=9/43): reward=-19.2500 (mean, 1 tok)
2026-04-30 17:24:14,338 mme_vla_suite.pseudo_labeling.topreward_qwen_scorer INFO: Prefix 6/8 (end=51, n_frames=10/52): reward=-18.6250 (mean, 1 tok)
2026-04-30 17:24:21,200 mme_vla_suite.pseudo_labeling.topreward_qwen_scorer INFO: Prefix 7/8 (end=60, n_frames=12/61): reward=-19.1250 (mean, 1 tok)
2026-04-30 17:24:28,080 mme_vla_suite.pseudo_labeling.topreward_qwen_scorer INFO: Prefix 8/8 (end=69, n_frames=14/70): reward=-18.5000 (mean, 1 tok)
2026-04-30 17:24:36,021 mme_vla_suite.pseudo_labeling.topreward_qwen_scorer INFO: Prefix 1/8 (end=11, n_frames=4/12): reward=-19.8750 (mean, 1 tok)
2026-04-30 17:24:42,872 mme_vla_suite.pseudo_labeling.topreward_qwen_scorer INFO: Prefix 2/8 (end=25, n_frames=5/26): reward=-19.1250 (mean, 1 tok)
2026-04-30 17:24:49,717 mme_vla_suite.pseudo_labeling.topreward_qwen_scorer INFO: Prefix 3/8 (end=39, n_frames=8/40): reward=-19.8750 (mean, 1 tok)
2026-04-30 17:24:56,567 mme_vla_suite.pseudo_labeling.topreward_qwen_scorer INFO: Prefix 4/8 (end=53, n_frames=11/54): reward=-19.1250 (mean, 1 tok)
2026-04-30 17:25:03,537 mme_vla_suite.pseudo_labeling.topreward_qwen_scorer INFO: Prefix 5/8 (end=67, n_frames=14/68): reward=-18.3750 (mean, 1 tok)
2026-04-30 17:25:10,541 mme_vla_suite.pseudo_labeling.topreward_qwen_scorer INFO: Prefix 6/8 (end=81, n_frames=16/82): reward=-19.3750 (mean, 1 tok)
2026-04-30 17:25:17,470 mme_vla_suite.pseudo_labeling.topreward_qwen_scorer INFO: Prefix 7/8 (end=95, n_frames=19/96): reward=-18.3750 (mean, 1 tok)
2026-04-30 17:25:24,425 mme_vla_suite.pseudo_labeling.topreward_qwen_scorer INFO: Prefix 8/8 (end=110, n_frames=22/111): reward=-18.7500 (mean, 1 tok)
2026-04-30 17:25:32,522 mme_vla_suite.pseudo_labeling.topreward_qwen_scorer INFO: Prefix 1/8 (end=12, n_frames=4/13): reward=-19.7500 (mean, 1 tok)
2026-04-30 17:25:39,357 mme_vla_suite.pseudo_labeling.topreward_qwen_scorer INFO: Prefix 2/8 (end=27, n_frames=6/28): reward=-20.6250 (mean, 1 tok)
2026-04-30 17:25:46,234 mme_vla_suite.pseudo_labeling.topreward_qwen_scorer INFO: Prefix 3/8 (end=43, n_frames=9/44): reward=-14.2500 (mean, 1 tok)
2026-04-30 17:25:53,121 mme_vla_suite.pseudo_labeling.topreward_qwen_scorer INFO: Prefix 4/8 (end=58, n_frames=12/59): reward=-15.3750 (mean, 1 tok)
2026-04-30 17:26:00,005 mme_vla_suite.pseudo_labeling.topreward_qwen_scorer INFO: Prefix 5/8 (end=74, n_frames=15/75): reward=-15.1250 (mean, 1 tok)
2026-04-30 17:26:06,884 mme_vla_suite.pseudo_labeling.topreward_qwen_scorer INFO: Prefix 6/8 (end=89, n_frames=18/90): reward=-14.3750 (mean, 1 tok)
2026-04-30 17:26:13,803 mme_vla_suite.pseudo_labeling.topreward_qwen_scorer INFO: Prefix 7/8 (end=105, n_frames=21/106): reward=-14.6250 (mean, 1 tok)
2026-04-30 17:26:20,770 mme_vla_suite.pseudo_labeling.topreward_qwen_scorer INFO: Prefix 8/8 (end=121, n_frames=24/122): reward=-13.7500 (mean, 1 tok)
2026-04-30 17:26:28,625 mme_vla_suite.pseudo_labeling.topreward_qwen_scorer INFO: Prefix 1/8 (end=4, n_frames=4/5): reward=-19.6250 (mean, 1 tok)
2026-04-30 17:26:35,454 mme_vla_suite.pseudo_labeling.topreward_qwen_scorer INFO: Prefix 2/8 (end=8, n_frames=4/9): reward=-18.5000 (mean, 1 tok)
2026-04-30 17:26:42,288 mme_vla_suite.pseudo_labeling.topreward_qwen_scorer INFO: Prefix 3/8 (end=12, n_frames=4/13): reward=-18.1250 (mean, 1 tok)
2026-04-30 17:26:49,112 mme_vla_suite.pseudo_labeling.topreward_qwen_scorer INFO: Prefix 4/8 (end=17, n_frames=4/18): reward=-17.7500 (mean, 1 tok)
2026-04-30 17:26:55,965 mme_vla_suite.pseudo_labeling.topreward_qwen_scorer INFO: Prefix 5/8 (end=21, n_frames=4/22): reward=-16.7500 (mean, 1 tok)
2026-04-30 17:27:02,804 mme_vla_suite.pseudo_labeling.topreward_qwen_scorer INFO: Prefix 6/8 (end=26, n_frames=5/27): reward=-17.6250 (mean, 1 tok)
2026-04-30 17:27:09,642 mme_vla_suite.pseudo_labeling.topreward_qwen_scorer INFO: Prefix 7/8 (end=30, n_frames=6/31): reward=-16.5000 (mean, 1 tok)
2026-04-30 17:27:16,490 mme_vla_suite.pseudo_labeling.topreward_qwen_scorer INFO: Prefix 8/8 (end=35, n_frames=7/36): reward=-18.0000 (mean, 1 tok)
2026-04-30 17:27:24,386 mme_vla_suite.pseudo_labeling.topreward_qwen_scorer INFO: Prefix 1/8 (end=4, n_frames=4/5): reward=-20.1250 (mean, 1 tok)
2026-04-30 17:27:31,222 mme_vla_suite.pseudo_labeling.topreward_qwen_scorer INFO: Prefix 2/8 (end=8, n_frames=4/9): reward=-19.6250 (mean, 1 tok)
2026-04-30 17:27:38,048 mme_vla_suite.pseudo_labeling.topreward_qwen_scorer INFO: Prefix 3/8 (end=12, n_frames=4/13): reward=-19.8750 (mean, 1 tok)
2026-04-30 17:27:44,889 mme_vla_suite.pseudo_labeling.topreward_qwen_scorer INFO: Prefix 4/8 (end=17, n_frames=4/18): reward=-18.7500 (mean, 1 tok)
2026-04-30 17:27:51,710 mme_vla_suite.pseudo_labeling.topreward_qwen_scorer INFO: Prefix 5/8 (end=21, n_frames=4/22): reward=-18.2500 (mean, 1 tok)
2026-04-30 17:27:58,552 mme_vla_suite.pseudo_labeling.topreward_qwen_scorer INFO: Prefix 6/8 (end=26, n_frames=5/27): reward=-17.7500 (mean, 1 tok)
2026-04-30 17:28:05,396 mme_vla_suite.pseudo_labeling.topreward_qwen_scorer INFO: Prefix 7/8 (end=30, n_frames=6/31): reward=-18.5000 (mean, 1 tok)
2026-04-30 17:28:12,244 mme_vla_suite.pseudo_labeling.topreward_qwen_scorer INFO: Prefix 8/8 (end=35, n_frames=7/36): reward=-17.8750 (mean, 1 tok)
2026-04-30 17:28:20,032 mme_vla_suite.pseudo_labeling.topreward_qwen_scorer INFO: Prefix 1/8 (end=4, n_frames=4/5): reward=-19.6250 (mean, 1 tok)
2026-04-30 17:28:26,867 mme_vla_suite.pseudo_labeling.topreward_qwen_scorer INFO: Prefix 2/8 (end=8, n_frames=4/9): reward=-18.8750 (mean, 1 tok)
2026-04-30 17:28:33,704 mme_vla_suite.pseudo_labeling.topreward_qwen_scorer INFO: Prefix 3/8 (end=12, n_frames=4/13): reward=-19.2500 (mean, 1 tok)
2026-04-30 17:28:40,543 mme_vla_suite.pseudo_labeling.topreward_qwen_scorer INFO: Prefix 4/8 (end=17, n_frames=4/18): reward=-18.3750 (mean, 1 tok)
2026-04-30 17:28:47,393 mme_vla_suite.pseudo_labeling.topreward_qwen_scorer INFO: Prefix 5/8 (end=21, n_frames=4/22): reward=-19.1250 (mean, 1 tok)
2026-04-30 17:28:54,230 mme_vla_suite.pseudo_labeling.topreward_qwen_scorer INFO: Prefix 6/8 (end=26, n_frames=5/27): reward=-18.7500 (mean, 1 tok)
2026-04-30 17:29:01,072 mme_vla_suite.pseudo_labeling.topreward_qwen_scorer INFO: Prefix 7/8 (end=30, n_frames=6/31): reward=-18.5000 (mean, 1 tok)
2026-04-30 17:29:07,946 mme_vla_suite.pseudo_labeling.topreward_qwen_scorer INFO: Prefix 8/8 (end=35, n_frames=7/36): reward=-18.6250 (mean, 1 tok)
2026-04-30 17:29:16,115 mme_vla_suite.pseudo_labeling.topreward_qwen_scorer INFO: Prefix 1/8 (end=4, n_frames=4/5): reward=-20.0000 (mean, 1 tok)
2026-04-30 17:29:22,959 mme_vla_suite.pseudo_labeling.topreward_qwen_scorer INFO: Prefix 2/8 (end=8, n_frames=4/9): reward=-19.3750 (mean, 1 tok)
2026-04-30 17:29:29,796 mme_vla_suite.pseudo_labeling.topreward_qwen_scorer INFO: Prefix 3/8 (end=12, n_frames=4/13): reward=-19.2500 (mean, 1 tok)
2026-04-30 17:29:36,625 mme_vla_suite.pseudo_labeling.topreward_qwen_scorer INFO: Prefix 4/8 (end=17, n_frames=4/18): reward=-18.5000 (mean, 1 tok)
2026-04-30 17:29:43,457 mme_vla_suite.pseudo_labeling.topreward_qwen_scorer INFO: Prefix 5/8 (end=21, n_frames=4/22): reward=-18.6250 (mean, 1 tok)
2026-04-30 17:29:50,303 mme_vla_suite.pseudo_labeling.topreward_qwen_scorer INFO: Prefix 6/8 (end=26, n_frames=5/27): reward=-19.5000 (mean, 1 tok)
2026-04-30 17:29:57,175 mme_vla_suite.pseudo_labeling.topreward_qwen_scorer INFO: Prefix 7/8 (end=30, n_frames=6/31): reward=-19.0000 (mean, 1 tok)
2026-04-30 17:30:04,031 mme_vla_suite.pseudo_labeling.topreward_qwen_scorer INFO: Prefix 8/8 (end=35, n_frames=7/36): reward=-18.7500 (mean, 1 tok)
2026-04-30 17:30:11,793 mme_vla_suite.pseudo_labeling.topreward_qwen_scorer INFO: Prefix 1/8 (end=4, n_frames=4/5): reward=-20.3750 (mean, 1 tok)
2026-04-30 17:30:18,633 mme_vla_suite.pseudo_labeling.topreward_qwen_scorer INFO: Prefix 2/8 (end=8, n_frames=4/9): reward=-20.5000 (mean, 1 tok)
2026-04-30 17:30:25,478 mme_vla_suite.pseudo_labeling.topreward_qwen_scorer INFO: Prefix 3/8 (end=12, n_frames=4/13): reward=-19.8750 (mean, 1 tok)
2026-04-30 17:30:32,315 mme_vla_suite.pseudo_labeling.topreward_qwen_scorer INFO: Prefix 4/8 (end=16, n_frames=4/17): reward=-20.5000 (mean, 1 tok)
2026-04-30 17:30:39,148 mme_vla_suite.pseudo_labeling.topreward_qwen_scorer INFO: Prefix 5/8 (end=20, n_frames=4/21): reward=-19.0000 (mean, 1 tok)
2026-04-30 17:30:45,988 mme_vla_suite.pseudo_labeling.topreward_qwen_scorer INFO: Prefix 6/8 (end=24, n_frames=5/25): reward=-19.8750 (mean, 1 tok)
2026-04-30 17:30:52,823 mme_vla_suite.pseudo_labeling.topreward_qwen_scorer INFO: Prefix 7/8 (end=28, n_frames=6/29): reward=-18.0000 (mean, 1 tok)
2026-04-30 17:30:59,662 mme_vla_suite.pseudo_labeling.topreward_qwen_scorer INFO: Prefix 8/8 (end=33, n_frames=7/34): reward=-17.5000 (mean, 1 tok)
2026-04-30 17:31:07,363 mme_vla_suite.pseudo_labeling.topreward_qwen_scorer INFO: Prefix 1/8 (end=5, n_frames=4/6): reward=-21.5000 (mean, 1 tok)
2026-04-30 17:31:14,183 mme_vla_suite.pseudo_labeling.topreward_qwen_scorer INFO: Prefix 2/8 (end=12, n_frames=4/13): reward=-20.2500 (mean, 1 tok)
2026-04-30 17:31:21,007 mme_vla_suite.pseudo_labeling.topreward_qwen_scorer INFO: Prefix 3/8 (end=20, n_frames=4/21): reward=-19.7500 (mean, 1 tok)
2026-04-30 17:31:27,862 mme_vla_suite.pseudo_labeling.topreward_qwen_scorer INFO: Prefix 4/8 (end=27, n_frames=6/28): reward=-19.8750 (mean, 1 tok)
2026-04-30 17:31:34,699 mme_vla_suite.pseudo_labeling.topreward_qwen_scorer INFO: Prefix 5/8 (end=35, n_frames=7/36): reward=-20.7500 (mean, 1 tok)
2026-04-30 17:31:41,550 mme_vla_suite.pseudo_labeling.topreward_qwen_scorer INFO: Prefix 6/8 (end=42, n_frames=9/43): reward=-20.1250 (mean, 1 tok)
2026-04-30 17:31:48,408 mme_vla_suite.pseudo_labeling.topreward_qwen_scorer INFO: Prefix 7/8 (end=50, n_frames=10/51): reward=-19.5000 (mean, 1 tok)
2026-04-30 17:31:55,269 mme_vla_suite.pseudo_labeling.topreward_qwen_scorer INFO: Prefix 8/8 (end=58, n_frames=12/59): reward=-18.6250 (mean, 1 tok)
2026-04-30 17:32:03,094 mme_vla_suite.pseudo_labeling.topreward_qwen_scorer INFO: Prefix 1/8 (end=9, n_frames=4/10): reward=-20.1250 (mean, 1 tok)
2026-04-30 17:32:09,928 mme_vla_suite.pseudo_labeling.topreward_qwen_scorer INFO: Prefix 2/8 (end=21, n_frames=4/22): reward=-20.2500 (mean, 1 tok)
2026-04-30 17:32:16,784 mme_vla_suite.pseudo_labeling.topreward_qwen_scorer INFO: Prefix 3/8 (end=34, n_frames=7/35): reward=-20.1250 (mean, 1 tok)
2026-04-30 17:32:23,623 mme_vla_suite.pseudo_labeling.topreward_qwen_scorer INFO: Prefix 4/8 (end=46, n_frames=9/47): reward=-19.1250 (mean, 1 tok)
2026-04-30 17:32:30,500 mme_vla_suite.pseudo_labeling.topreward_qwen_scorer INFO: Prefix 5/8 (end=59, n_frames=12/60): reward=-19.0000 (mean, 1 tok)
2026-04-30 17:32:37,353 mme_vla_suite.pseudo_labeling.topreward_qwen_scorer INFO: Prefix 6/8 (end=71, n_frames=14/72): reward=-19.0000 (mean, 1 tok)
2026-04-30 17:32:44,224 mme_vla_suite.pseudo_labeling.topreward_qwen_scorer INFO: Prefix 7/8 (end=84, n_frames=17/85): reward=-18.5000 (mean, 1 tok)
2026-04-30 17:32:51,136 mme_vla_suite.pseudo_labeling.topreward_qwen_scorer INFO: Prefix 8/8 (end=97, n_frames=20/98): reward=-19.3750 (mean, 1 tok)
2026-04-30 17:32:59,038 mme_vla_suite.pseudo_labeling.topreward_qwen_scorer INFO: Prefix 1/8 (end=10, n_frames=4/11): reward=-19.2500 (mean, 1 tok)
2026-04-30 17:33:05,857 mme_vla_suite.pseudo_labeling.topreward_qwen_scorer INFO: Prefix 2/8 (end=23, n_frames=5/24): reward=-19.5000 (mean, 1 tok)
2026-04-30 17:33:12,698 mme_vla_suite.pseudo_labeling.topreward_qwen_scorer INFO: Prefix 3/8 (end=36, n_frames=7/37): reward=-15.7500 (mean, 1 tok)
2026-04-30 17:33:19,556 mme_vla_suite.pseudo_labeling.topreward_qwen_scorer INFO: Prefix 4/8 (end=49, n_frames=10/50): reward=-15.3750 (mean, 1 tok)
2026-04-30 17:33:26,414 mme_vla_suite.pseudo_labeling.topreward_qwen_scorer INFO: Prefix 5/8 (end=62, n_frames=13/63): reward=-16.3750 (mean, 1 tok)
2026-04-30 17:33:33,299 mme_vla_suite.pseudo_labeling.topreward_qwen_scorer INFO: Prefix 6/8 (end=75, n_frames=15/76): reward=-16.0000 (mean, 1 tok)
2026-04-30 17:33:40,172 mme_vla_suite.pseudo_labeling.topreward_qwen_scorer INFO: Prefix 7/8 (end=88, n_frames=18/89): reward=-14.3750 (mean, 1 tok)
2026-04-30 17:33:47,071 mme_vla_suite.pseudo_labeling.topreward_qwen_scorer INFO: Prefix 8/8 (end=102, n_frames=21/103): reward=-14.8750 (mean, 1 tok)
2026-04-30 17:33:54,874 mme_vla_suite.pseudo_labeling.topreward_qwen_scorer INFO: Prefix 1/8 (end=4, n_frames=4/5): reward=-21.7500 (mean, 1 tok)
2026-04-30 17:34:01,724 mme_vla_suite.pseudo_labeling.topreward_qwen_scorer INFO: Prefix 2/8 (end=7, n_frames=4/8): reward=-21.5000 (mean, 1 tok)
2026-04-30 17:34:08,567 mme_vla_suite.pseudo_labeling.topreward_qwen_scorer INFO: Prefix 3/8 (end=10, n_frames=4/11): reward=-20.8750 (mean, 1 tok)
2026-04-30 17:34:15,414 mme_vla_suite.pseudo_labeling.topreward_qwen_scorer INFO: Prefix 4/8 (end=13, n_frames=4/14): reward=-21.1250 (mean, 1 tok)
2026-04-30 17:34:22,259 mme_vla_suite.pseudo_labeling.topreward_qwen_scorer INFO: Prefix 5/8 (end=17, n_frames=4/18): reward=-20.3750 (mean, 1 tok)
2026-04-30 17:34:29,084 mme_vla_suite.pseudo_labeling.topreward_qwen_scorer INFO: Prefix 6/8 (end=20, n_frames=4/21): reward=-20.2500 (mean, 1 tok)
2026-04-30 17:34:35,927 mme_vla_suite.pseudo_labeling.topreward_qwen_scorer INFO: Prefix 7/8 (end=23, n_frames=5/24): reward=-19.2500 (mean, 1 tok)
2026-04-30 17:34:42,775 mme_vla_suite.pseudo_labeling.topreward_qwen_scorer INFO: Prefix 8/8 (end=27, n_frames=6/28): reward=-19.8750 (mean, 1 tok)
2026-04-30 17:34:50,675 mme_vla_suite.pseudo_labeling.topreward_qwen_scorer INFO: Prefix 1/8 (end=4, n_frames=4/5): reward=-18.7500 (mean, 1 tok)
2026-04-30 17:34:57,516 mme_vla_suite.pseudo_labeling.topreward_qwen_scorer INFO: Prefix 2/8 (end=8, n_frames=4/9): reward=-19.1250 (mean, 1 tok)
2026-04-30 17:35:04,356 mme_vla_suite.pseudo_labeling.topreward_qwen_scorer INFO: Prefix 3/8 (end=13, n_frames=4/14): reward=-19.0000 (mean, 1 tok)
2026-04-30 17:35:11,202 mme_vla_suite.pseudo_labeling.topreward_qwen_scorer INFO: Prefix 4/8 (end=18, n_frames=4/19): reward=-17.7500 (mean, 1 tok)
2026-04-30 17:35:18,041 mme_vla_suite.pseudo_labeling.topreward_qwen_scorer INFO: Prefix 5/8 (end=22, n_frames=5/23): reward=-18.8750 (mean, 1 tok)
2026-04-30 17:35:24,892 mme_vla_suite.pseudo_labeling.topreward_qwen_scorer INFO: Prefix 6/8 (end=27, n_frames=6/28): reward=-19.0000 (mean, 1 tok)
2026-04-30 17:35:31,729 mme_vla_suite.pseudo_labeling.topreward_qwen_scorer INFO: Prefix 7/8 (end=32, n_frames=7/33): reward=-19.0000 (mean, 1 tok)
2026-04-30 17:35:38,577 mme_vla_suite.pseudo_labeling.topreward_qwen_scorer INFO: Prefix 8/8 (end=37, n_frames=8/38): reward=-18.7500 (mean, 1 tok)
2026-04-30 17:35:46,510 mme_vla_suite.pseudo_labeling.topreward_qwen_scorer INFO: Prefix 1/8 (end=4, n_frames=4/5): reward=-20.0000 (mean, 1 tok)
2026-04-30 17:35:53,337 mme_vla_suite.pseudo_labeling.topreward_qwen_scorer INFO: Prefix 2/8 (end=8, n_frames=4/9): reward=-19.8750 (mean, 1 tok)
2026-04-30 17:36:00,181 mme_vla_suite.pseudo_labeling.topreward_qwen_scorer INFO: Prefix 3/8 (end=13, n_frames=4/14): reward=-20.2500 (mean, 1 tok)
2026-04-30 17:36:07,020 mme_vla_suite.pseudo_labeling.topreward_qwen_scorer INFO: Prefix 4/8 (end=18, n_frames=4/19): reward=-19.5000 (mean, 1 tok)
2026-04-30 17:36:13,862 mme_vla_suite.pseudo_labeling.topreward_qwen_scorer INFO: Prefix 5/8 (end=22, n_frames=5/23): reward=-20.2500 (mean, 1 tok)
2026-04-30 17:36:20,687 mme_vla_suite.pseudo_labeling.topreward_qwen_scorer INFO: Prefix 6/8 (end=27, n_frames=6/28): reward=-19.5000 (mean, 1 tok)
2026-04-30 17:36:27,545 mme_vla_suite.pseudo_labeling.topreward_qwen_scorer INFO: Prefix 7/8 (end=32, n_frames=7/33): reward=-19.7500 (mean, 1 tok)
2026-04-30 17:36:34,390 mme_vla_suite.pseudo_labeling.topreward_qwen_scorer INFO: Prefix 8/8 (end=37, n_frames=8/38): reward=-19.5000 (mean, 1 tok)
2026-04-30 17:36:42,449 mme_vla_suite.pseudo_labeling.topreward_qwen_scorer INFO: Prefix 1/8 (end=4, n_frames=4/5): reward=-19.8750 (mean, 1 tok)
2026-04-30 17:36:49,271 mme_vla_suite.pseudo_labeling.topreward_qwen_scorer INFO: Prefix 2/8 (end=8, n_frames=4/9): reward=-19.3750 (mean, 1 tok)
2026-04-30 17:36:56,092 mme_vla_suite.pseudo_labeling.topreward_qwen_scorer INFO: Prefix 3/8 (end=13, n_frames=4/14): reward=-19.2500 (mean, 1 tok)
2026-04-30 17:37:02,915 mme_vla_suite.pseudo_labeling.topreward_qwen_scorer INFO: Prefix 4/8 (end=18, n_frames=4/19): reward=-18.8750 (mean, 1 tok)
2026-04-30 17:37:09,756 mme_vla_suite.pseudo_labeling.topreward_qwen_scorer INFO: Prefix 5/8 (end=22, n_frames=5/23): reward=-19.0000 (mean, 1 tok)
2026-04-30 17:37:16,591 mme_vla_suite.pseudo_labeling.topreward_qwen_scorer INFO: Prefix 6/8 (end=27, n_frames=6/28): reward=-19.2500 (mean, 1 tok)
2026-04-30 17:37:23,451 mme_vla_suite.pseudo_labeling.topreward_qwen_scorer INFO: Prefix 7/8 (end=32, n_frames=7/33): reward=-20.0000 (mean, 1 tok)
2026-04-30 17:37:30,289 mme_vla_suite.pseudo_labeling.topreward_qwen_scorer INFO: Prefix 8/8 (end=37, n_frames=8/38): reward=-19.2500 (mean, 1 tok)
2026-04-30 17:37:38,037 mme_vla_suite.pseudo_labeling.topreward_qwen_scorer INFO: Prefix 1/8 (end=4, n_frames=4/5): reward=-21.2500 (mean, 1 tok)
2026-04-30 17:37:44,845 mme_vla_suite.pseudo_labeling.topreward_qwen_scorer INFO: Prefix 2/8 (end=8, n_frames=4/9): reward=-20.3750 (mean, 1 tok)
2026-04-30 17:37:51,673 mme_vla_suite.pseudo_labeling.topreward_qwen_scorer INFO: Prefix 3/8 (end=13, n_frames=4/14): reward=-20.2500 (mean, 1 tok)
2026-04-30 17:37:58,515 mme_vla_suite.pseudo_labeling.topreward_qwen_scorer INFO: Prefix 4/8 (end=18, n_frames=4/19): reward=-20.5000 (mean, 1 tok)
2026-04-30 17:38:05,349 mme_vla_suite.pseudo_labeling.topreward_qwen_scorer INFO: Prefix 5/8 (end=22, n_frames=5/23): reward=-21.0000 (mean, 1 tok)
2026-04-30 17:38:12,199 mme_vla_suite.pseudo_labeling.topreward_qwen_scorer INFO: Prefix 6/8 (end=27, n_frames=6/28): reward=-20.1250 (mean, 1 tok)
2026-04-30 17:38:19,051 mme_vla_suite.pseudo_labeling.topreward_qwen_scorer INFO: Prefix 7/8 (end=32, n_frames=7/33): reward=-20.2500 (mean, 1 tok)
2026-04-30 17:38:25,906 mme_vla_suite.pseudo_labeling.topreward_qwen_scorer INFO: Prefix 8/8 (end=37, n_frames=8/38): reward=-20.0000 (mean, 1 tok)
2026-04-30 17:38:33,774 mme_vla_suite.pseudo_labeling.topreward_qwen_scorer INFO: Prefix 1/8 (end=4, n_frames=4/5): reward=-20.0000 (mean, 1 tok)
2026-04-30 17:38:40,602 mme_vla_suite.pseudo_labeling.topreward_qwen_scorer INFO: Prefix 2/8 (end=8, n_frames=4/9): reward=-19.8750 (mean, 1 tok)
2026-04-30 17:38:47,457 mme_vla_suite.pseudo_labeling.topreward_qwen_scorer INFO: Prefix 3/8 (end=13, n_frames=4/14): reward=-19.6250 (mean, 1 tok)
2026-04-30 17:38:54,308 mme_vla_suite.pseudo_labeling.topreward_qwen_scorer INFO: Prefix 4/8 (end=18, n_frames=4/19): reward=-19.1250 (mean, 1 tok)
2026-04-30 17:39:01,141 mme_vla_suite.pseudo_labeling.topreward_qwen_scorer INFO: Prefix 5/8 (end=22, n_frames=5/23): reward=-19.8750 (mean, 1 tok)
2026-04-30 17:39:07,977 mme_vla_suite.pseudo_labeling.topreward_qwen_scorer INFO: Prefix 6/8 (end=27, n_frames=6/28): reward=-20.2500 (mean, 1 tok)
2026-04-30 17:39:14,831 mme_vla_suite.pseudo_labeling.topreward_qwen_scorer INFO: Prefix 7/8 (end=32, n_frames=7/33): reward=-20.8750 (mean, 1 tok)
2026-04-30 17:39:21,692 mme_vla_suite.pseudo_labeling.topreward_qwen_scorer INFO: Prefix 8/8 (end=37, n_frames=8/38): reward=-20.1250 (mean, 1 tok)
2026-04-30 17:39:29,464 mme_vla_suite.pseudo_labeling.topreward_qwen_scorer INFO: Prefix 1/8 (end=4, n_frames=4/5): reward=-20.5000 (mean, 1 tok)
2026-04-30 17:39:36,290 mme_vla_suite.pseudo_labeling.topreward_qwen_scorer INFO: Prefix 2/8 (end=8, n_frames=4/9): reward=-20.0000 (mean, 1 tok)
2026-04-30 17:39:43,118 mme_vla_suite.pseudo_labeling.topreward_qwen_scorer INFO: Prefix 3/8 (end=12, n_frames=4/13): reward=-20.0000 (mean, 1 tok)
2026-04-30 17:39:49,936 mme_vla_suite.pseudo_labeling.topreward_qwen_scorer INFO: Prefix 4/8 (end=17, n_frames=4/18): reward=-18.6250 (mean, 1 tok)
2026-04-30 17:39:56,769 mme_vla_suite.pseudo_labeling.topreward_qwen_scorer INFO: Prefix 5/8 (end=21, n_frames=4/22): reward=-17.6250 (mean, 1 tok)
2026-04-30 17:40:03,602 mme_vla_suite.pseudo_labeling.topreward_qwen_scorer INFO: Prefix 6/8 (end=26, n_frames=5/27): reward=-17.7500 (mean, 1 tok)
2026-04-30 17:40:10,440 mme_vla_suite.pseudo_labeling.topreward_qwen_scorer INFO: Prefix 7/8 (end=30, n_frames=6/31): reward=-16.8750 (mean, 1 tok)
2026-04-30 17:40:17,304 mme_vla_suite.pseudo_labeling.topreward_qwen_scorer INFO: Prefix 8/8 (end=35, n_frames=7/36): reward=-16.3750 (mean, 1 tok)
2026-04-30 17:40:24,926 mme_vla_suite.pseudo_labeling.topreward_qwen_scorer INFO: Prefix 1/8 (end=6, n_frames=4/7): reward=-21.8750 (mean, 1 tok)
2026-04-30 17:40:31,751 mme_vla_suite.pseudo_labeling.topreward_qwen_scorer INFO: Prefix 2/8 (end=14, n_frames=4/15): reward=-21.5000 (mean, 1 tok)
2026-04-30 17:40:38,598 mme_vla_suite.pseudo_labeling.topreward_qwen_scorer INFO: Prefix 3/8 (end=22, n_frames=5/23): reward=-20.0000 (mean, 1 tok)
2026-04-30 17:40:45,436 mme_vla_suite.pseudo_labeling.topreward_qwen_scorer INFO: Prefix 4/8 (end=30, n_frames=6/31): reward=-20.2500 (mean, 1 tok)
2026-04-30 17:40:52,294 mme_vla_suite.pseudo_labeling.topreward_qwen_scorer INFO: Prefix 5/8 (end=39, n_frames=8/40): reward=-20.6250 (mean, 1 tok)
2026-04-30 17:40:59,149 mme_vla_suite.pseudo_labeling.topreward_qwen_scorer INFO: Prefix 6/8 (end=47, n_frames=10/48): reward=-20.1250 (mean, 1 tok)
2026-04-30 17:41:06,017 mme_vla_suite.pseudo_labeling.topreward_qwen_scorer INFO: Prefix 7/8 (end=55, n_frames=11/56): reward=-19.3750 (mean, 1 tok)
2026-04-30 17:41:12,911 mme_vla_suite.pseudo_labeling.topreward_qwen_scorer INFO: Prefix 8/8 (end=64, n_frames=13/65): reward=-19.7500 (mean, 1 tok)
2026-04-30 17:41:20,856 mme_vla_suite.pseudo_labeling.topreward_qwen_scorer INFO: Prefix 1/8 (end=10, n_frames=4/11): reward=-21.8750 (mean, 1 tok)
2026-04-30 17:41:27,692 mme_vla_suite.pseudo_labeling.topreward_qwen_scorer INFO: Prefix 2/8 (end=23, n_frames=5/24): reward=-20.0000 (mean, 1 tok)
2026-04-30 17:41:34,544 mme_vla_suite.pseudo_labeling.topreward_qwen_scorer INFO: Prefix 3/8 (end=36, n_frames=7/37): reward=-20.0000 (mean, 1 tok)
2026-04-30 17:41:41,409 mme_vla_suite.pseudo_labeling.topreward_qwen_scorer INFO: Prefix 4/8 (end=49, n_frames=10/50): reward=-20.1250 (mean, 1 tok)
2026-04-30 17:41:48,270 mme_vla_suite.pseudo_labeling.topreward_qwen_scorer INFO: Prefix 5/8 (end=62, n_frames=13/63): reward=-18.5000 (mean, 1 tok)
2026-04-30 17:41:55,154 mme_vla_suite.pseudo_labeling.topreward_qwen_scorer INFO: Prefix 6/8 (end=75, n_frames=15/76): reward=-20.3750 (mean, 1 tok)
2026-04-30 17:42:02,038 mme_vla_suite.pseudo_labeling.topreward_qwen_scorer INFO: Prefix 7/8 (end=88, n_frames=18/89): reward=-19.2500 (mean, 1 tok)
2026-04-30 17:42:08,950 mme_vla_suite.pseudo_labeling.topreward_qwen_scorer INFO: Prefix 8/8 (end=101, n_frames=20/102): reward=-20.3750 (mean, 1 tok)
2026-04-30 17:42:16,835 mme_vla_suite.pseudo_labeling.topreward_qwen_scorer INFO: Prefix 1/8 (end=11, n_frames=4/12): reward=-21.0000 (mean, 1 tok)
2026-04-30 17:42:23,705 mme_vla_suite.pseudo_labeling.topreward_qwen_scorer INFO: Prefix 2/8 (end=25, n_frames=5/26): reward=-21.6250 (mean, 1 tok)
2026-04-30 17:42:30,577 mme_vla_suite.pseudo_labeling.topreward_qwen_scorer INFO: Prefix 3/8 (end=39, n_frames=8/40): reward=-17.3750 (mean, 1 tok)
2026-04-30 17:42:37,432 mme_vla_suite.pseudo_labeling.topreward_qwen_scorer INFO: Prefix 4/8 (end=53, n_frames=11/54): reward=-16.3750 (mean, 1 tok)
2026-04-30 17:42:44,315 mme_vla_suite.pseudo_labeling.topreward_qwen_scorer INFO: Prefix 5/8 (end=67, n_frames=14/68): reward=-16.7500 (mean, 1 tok)
2026-04-30 17:42:51,187 mme_vla_suite.pseudo_labeling.topreward_qwen_scorer INFO: Prefix 6/8 (end=81, n_frames=16/82): reward=-16.2500 (mean, 1 tok)
2026-04-30 17:42:58,117 mme_vla_suite.pseudo_labeling.topreward_qwen_scorer INFO: Prefix 7/8 (end=95, n_frames=19/96): reward=-16.1250 (mean, 1 tok)
2026-04-30 17:43:05,085 mme_vla_suite.pseudo_labeling.topreward_qwen_scorer INFO: Prefix 8/8 (end=109, n_frames=22/110): reward=-14.8750 (mean, 1 tok)
2026-04-30 17:43:13,026 mme_vla_suite.pseudo_labeling.topreward_qwen_scorer INFO: Prefix 1/8 (end=4, n_frames=4/5): reward=-20.6250 (mean, 1 tok)
2026-04-30 17:43:19,893 mme_vla_suite.pseudo_labeling.topreward_qwen_scorer INFO: Prefix 2/8 (end=5, n_frames=4/6): reward=-20.5000 (mean, 1 tok)
2026-04-30 17:43:26,745 mme_vla_suite.pseudo_labeling.topreward_qwen_scorer INFO: Prefix 3/8 (end=7, n_frames=4/8): reward=-20.3750 (mean, 1 tok)
2026-04-30 17:43:33,596 mme_vla_suite.pseudo_labeling.topreward_qwen_scorer INFO: Prefix 4/8 (end=9, n_frames=4/10): reward=-19.8750 (mean, 1 tok)
2026-04-30 17:43:40,426 mme_vla_suite.pseudo_labeling.topreward_qwen_scorer INFO: Prefix 5/8 (end=10, n_frames=4/11): reward=-20.3750 (mean, 1 tok)
2026-04-30 17:43:47,269 mme_vla_suite.pseudo_labeling.topreward_qwen_scorer INFO: Prefix 6/8 (end=12, n_frames=4/13): reward=-19.8750 (mean, 1 tok)
2026-04-30 17:43:54,103 mme_vla_suite.pseudo_labeling.topreward_qwen_scorer INFO: Prefix 7/8 (end=14, n_frames=4/15): reward=-20.2500 (mean, 1 tok)
2026-04-30 17:44:00,970 mme_vla_suite.pseudo_labeling.topreward_qwen_scorer INFO: Prefix 8/8 (end=16, n_frames=4/17): reward=-19.5000 (mean, 1 tok)
2026-04-30 17:44:08,698 mme_vla_suite.pseudo_labeling.topreward_qwen_scorer INFO: Prefix 1/8 (end=4, n_frames=4/5): reward=-19.7500 (mean, 1 tok)
2026-04-30 17:44:15,545 mme_vla_suite.pseudo_labeling.topreward_qwen_scorer INFO: Prefix 2/8 (end=9, n_frames=4/10): reward=-19.0000 (mean, 1 tok)
2026-04-30 17:44:22,399 mme_vla_suite.pseudo_labeling.topreward_qwen_scorer INFO: Prefix 3/8 (end=15, n_frames=4/16): reward=-17.5000 (mean, 1 tok)
2026-04-30 17:44:29,252 mme_vla_suite.pseudo_labeling.topreward_qwen_scorer INFO: Prefix 4/8 (end=21, n_frames=4/22): reward=-17.7500 (mean, 1 tok)
2026-04-30 17:44:36,110 mme_vla_suite.pseudo_labeling.topreward_qwen_scorer INFO: Prefix 5/8 (end=26, n_frames=5/27): reward=-17.5000 (mean, 1 tok)
2026-04-30 17:44:42,956 mme_vla_suite.pseudo_labeling.topreward_qwen_scorer INFO: Prefix 6/8 (end=32, n_frames=7/33): reward=-19.2500 (mean, 1 tok)
2026-04-30 17:44:49,805 mme_vla_suite.pseudo_labeling.topreward_qwen_scorer INFO: Prefix 7/8 (end=38, n_frames=8/39): reward=-18.2500 (mean, 1 tok)
2026-04-30 17:44:56,682 mme_vla_suite.pseudo_labeling.topreward_qwen_scorer INFO: Prefix 8/8 (end=44, n_frames=9/45): reward=-19.3750 (mean, 1 tok)
2026-04-30 17:45:04,629 mme_vla_suite.pseudo_labeling.topreward_qwen_scorer INFO: Prefix 1/8 (end=4, n_frames=4/5): reward=-20.5000 (mean, 1 tok)
2026-04-30 17:45:11,500 mme_vla_suite.pseudo_labeling.topreward_qwen_scorer INFO: Prefix 2/8 (end=9, n_frames=4/10): reward=-19.0000 (mean, 1 tok)
2026-04-30 17:45:18,338 mme_vla_suite.pseudo_labeling.topreward_qwen_scorer INFO: Prefix 3/8 (end=14, n_frames=4/15): reward=-19.5000 (mean, 1 tok)
2026-04-30 17:45:25,172 mme_vla_suite.pseudo_labeling.topreward_qwen_scorer INFO: Prefix 4/8 (end=20, n_frames=4/21): reward=-18.2500 (mean, 1 tok)
2026-04-30 17:45:32,024 mme_vla_suite.pseudo_labeling.topreward_qwen_scorer INFO: Prefix 5/8 (end=25, n_frames=5/26): reward=-18.8750 (mean, 1 tok)
2026-04-30 17:45:38,879 mme_vla_suite.pseudo_labeling.topreward_qwen_scorer INFO: Prefix 6/8 (end=31, n_frames=6/32): reward=-19.0000 (mean, 1 tok)
2026-04-30 17:45:45,727 mme_vla_suite.pseudo_labeling.topreward_qwen_scorer INFO: Prefix 7/8 (end=36, n_frames=7/37): reward=-18.6250 (mean, 1 tok)
2026-04-30 17:45:52,592 mme_vla_suite.pseudo_labeling.topreward_qwen_scorer INFO: Prefix 8/8 (end=42, n_frames=9/43): reward=-18.0000 (mean, 1 tok)
2026-04-30 17:46:00,464 mme_vla_suite.pseudo_labeling.topreward_qwen_scorer INFO: Prefix 1/8 (end=4, n_frames=4/5): reward=-20.3750 (mean, 1 tok)
2026-04-30 17:46:07,305 mme_vla_suite.pseudo_labeling.topreward_qwen_scorer INFO: Prefix 2/8 (end=9, n_frames=4/10): reward=-20.3750 (mean, 1 tok)
2026-04-30 17:46:14,150 mme_vla_suite.pseudo_labeling.topreward_qwen_scorer INFO: Prefix 3/8 (end=14, n_frames=4/15): reward=-19.3750 (mean, 1 tok)
2026-04-30 17:46:20,988 mme_vla_suite.pseudo_labeling.topreward_qwen_scorer INFO: Prefix 4/8 (end=20, n_frames=4/21): reward=-18.1250 (mean, 1 tok)
2026-04-30 17:46:27,854 mme_vla_suite.pseudo_labeling.topreward_qwen_scorer INFO: Prefix 5/8 (end=25, n_frames=5/26): reward=-19.0000 (mean, 1 tok)
2026-04-30 17:46:34,695 mme_vla_suite.pseudo_labeling.topreward_qwen_scorer INFO: Prefix 6/8 (end=31, n_frames=6/32): reward=-19.1250 (mean, 1 tok)
2026-04-30 17:46:41,534 mme_vla_suite.pseudo_labeling.topreward_qwen_scorer INFO: Prefix 7/8 (end=36, n_frames=7/37): reward=-20.2500 (mean, 1 tok)
2026-04-30 17:46:48,390 mme_vla_suite.pseudo_labeling.topreward_qwen_scorer INFO: Prefix 8/8 (end=42, n_frames=9/43): reward=-19.5000 (mean, 1 tok)
2026-04-30 17:46:56,195 mme_vla_suite.pseudo_labeling.topreward_qwen_scorer INFO: Prefix 1/8 (end=4, n_frames=4/5): reward=-20.5000 (mean, 1 tok)
2026-04-30 17:47:03,152 mme_vla_suite.pseudo_labeling.topreward_qwen_scorer INFO: Prefix 2/8 (end=9, n_frames=4/10): reward=-19.1250 (mean, 1 tok)
2026-04-30 17:47:09,987 mme_vla_suite.pseudo_labeling.topreward_qwen_scorer INFO: Prefix 3/8 (end=14, n_frames=4/15): reward=-19.5000 (mean, 1 tok)
2026-04-30 17:47:16,825 mme_vla_suite.pseudo_labeling.topreward_qwen_scorer INFO: Prefix 4/8 (end=20, n_frames=4/21): reward=-19.0000 (mean, 1 tok)
2026-04-30 17:47:23,681 mme_vla_suite.pseudo_labeling.topreward_qwen_scorer INFO: Prefix 5/8 (end=25, n_frames=5/26): reward=-19.5000 (mean, 1 tok)
2026-04-30 17:47:30,618 mme_vla_suite.pseudo_labeling.topreward_qwen_scorer INFO: Prefix 6/8 (end=31, n_frames=6/32): reward=-19.7500 (mean, 1 tok)
2026-04-30 17:47:37,473 mme_vla_suite.pseudo_labeling.topreward_qwen_scorer INFO: Prefix 7/8 (end=36, n_frames=7/37): reward=-19.7500 (mean, 1 tok)
2026-04-30 17:47:44,456 mme_vla_suite.pseudo_labeling.topreward_qwen_scorer INFO: Prefix 8/8 (end=42, n_frames=9/43): reward=-18.7500 (mean, 1 tok)
2026-04-30 17:47:52,427 mme_vla_suite.pseudo_labeling.topreward_qwen_scorer INFO: Prefix 1/8 (end=4, n_frames=4/5): reward=-20.6250 (mean, 1 tok)
2026-04-30 17:47:59,371 mme_vla_suite.pseudo_labeling.topreward_qwen_scorer INFO: Prefix 2/8 (end=9, n_frames=4/10): reward=-20.2500 (mean, 1 tok)
2026-04-30 17:48:06,218 mme_vla_suite.pseudo_labeling.topreward_qwen_scorer INFO: Prefix 3/8 (end=14, n_frames=4/15): reward=-19.8750 (mean, 1 tok)
2026-04-30 17:48:13,077 mme_vla_suite.pseudo_labeling.topreward_qwen_scorer INFO: Prefix 4/8 (end=20, n_frames=4/21): reward=-18.5000 (mean, 1 tok)
2026-04-30 17:48:19,965 mme_vla_suite.pseudo_labeling.topreward_qwen_scorer INFO: Prefix 5/8 (end=25, n_frames=5/26): reward=-19.3750 (mean, 1 tok)
2026-04-30 17:48:26,948 mme_vla_suite.pseudo_labeling.topreward_qwen_scorer INFO: Prefix 6/8 (end=31, n_frames=6/32): reward=-20.0000 (mean, 1 tok)
2026-04-30 17:48:33,805 mme_vla_suite.pseudo_labeling.topreward_qwen_scorer INFO: Prefix 7/8 (end=36, n_frames=7/37): reward=-21.0000 (mean, 1 tok)
2026-04-30 17:48:40,662 mme_vla_suite.pseudo_labeling.topreward_qwen_scorer INFO: Prefix 8/8 (end=42, n_frames=9/43): reward=-20.0000 (mean, 1 tok)
2026-04-30 17:48:48,446 mme_vla_suite.pseudo_labeling.topreward_qwen_scorer INFO: Prefix 1/8 (end=4, n_frames=4/5): reward=-19.8750 (mean, 1 tok)
2026-04-30 17:48:55,280 mme_vla_suite.pseudo_labeling.topreward_qwen_scorer INFO: Prefix 2/8 (end=8, n_frames=4/9): reward=-19.3750 (mean, 1 tok)
2026-04-30 17:49:02,126 mme_vla_suite.pseudo_labeling.topreward_qwen_scorer INFO: Prefix 3/8 (end=12, n_frames=4/13): reward=-20.8750 (mean, 1 tok)
2026-04-30 17:49:08,962 mme_vla_suite.pseudo_labeling.topreward_qwen_scorer INFO: Prefix 4/8 (end=17, n_frames=4/18): reward=-20.6250 (mean, 1 tok)
2026-04-30 17:49:15,800 mme_vla_suite.pseudo_labeling.topreward_qwen_scorer INFO: Prefix 5/8 (end=21, n_frames=4/22): reward=-19.5000 (mean, 1 tok)
2026-04-30 17:49:22,652 mme_vla_suite.pseudo_labeling.topreward_qwen_scorer INFO: Prefix 6/8 (end=26, n_frames=5/27): reward=-19.1250 (mean, 1 tok)
2026-04-30 17:49:29,499 mme_vla_suite.pseudo_labeling.topreward_qwen_scorer INFO: Prefix 7/8 (end=30, n_frames=6/31): reward=-18.6250 (mean, 1 tok)
2026-04-30 17:49:36,333 mme_vla_suite.pseudo_labeling.topreward_qwen_scorer INFO: Prefix 8/8 (end=35, n_frames=7/36): reward=-17.3750 (mean, 1 tok)
2026-04-30 17:49:44,315 mme_vla_suite.pseudo_labeling.topreward_qwen_scorer INFO: Prefix 1/8 (end=6, n_frames=4/7): reward=-21.0000 (mean, 1 tok)
2026-04-30 17:49:51,144 mme_vla_suite.pseudo_labeling.topreward_qwen_scorer INFO: Prefix 2/8 (end=14, n_frames=4/15): reward=-19.7500 (mean, 1 tok)
2026-04-30 17:49:57,973 mme_vla_suite.pseudo_labeling.topreward_qwen_scorer INFO: Prefix 3/8 (end=23, n_frames=5/24): reward=-19.8750 (mean, 1 tok)
2026-04-30 17:50:04,820 mme_vla_suite.pseudo_labeling.topreward_qwen_scorer INFO: Prefix 4/8 (end=32, n_frames=7/33): reward=-19.5000 (mean, 1 tok)
2026-04-30 17:50:11,674 mme_vla_suite.pseudo_labeling.topreward_qwen_scorer INFO: Prefix 5/8 (end=41, n_frames=8/42): reward=-20.2500 (mean, 1 tok)
2026-04-30 17:50:18,539 mme_vla_suite.pseudo_labeling.topreward_qwen_scorer INFO: Prefix 6/8 (end=50, n_frames=10/51): reward=-19.6250 (mean, 1 tok)
2026-04-30 17:50:25,413 mme_vla_suite.pseudo_labeling.topreward_qwen_scorer INFO: Prefix 7/8 (end=59, n_frames=12/60): reward=-20.6250 (mean, 1 tok)
2026-04-30 17:50:32,288 mme_vla_suite.pseudo_labeling.topreward_qwen_scorer INFO: Prefix 8/8 (end=68, n_frames=14/69): reward=-19.7500 (mean, 1 tok)
2026-04-30 17:50:40,249 mme_vla_suite.pseudo_labeling.topreward_qwen_scorer INFO: Prefix 1/8 (end=10, n_frames=4/11): reward=-20.7500 (mean, 1 tok)
2026-04-30 17:50:47,100 mme_vla_suite.pseudo_labeling.topreward_qwen_scorer INFO: Prefix 2/8 (end=23, n_frames=5/24): reward=-19.8750 (mean, 1 tok)
2026-04-30 17:50:53,962 mme_vla_suite.pseudo_labeling.topreward_qwen_scorer INFO: Prefix 3/8 (end=36, n_frames=7/37): reward=-19.5000 (mean, 1 tok)
2026-04-30 17:51:00,821 mme_vla_suite.pseudo_labeling.topreward_qwen_scorer INFO: Prefix 4/8 (end=49, n_frames=10/50): reward=-20.0000 (mean, 1 tok)
2026-04-30 17:51:07,700 mme_vla_suite.pseudo_labeling.topreward_qwen_scorer INFO: Prefix 5/8 (end=62, n_frames=13/63): reward=-19.8750 (mean, 1 tok)
2026-04-30 17:51:14,610 mme_vla_suite.pseudo_labeling.topreward_qwen_scorer INFO: Prefix 6/8 (end=75, n_frames=15/76): reward=-18.7500 (mean, 1 tok)
2026-04-30 17:51:21,504 mme_vla_suite.pseudo_labeling.topreward_qwen_scorer INFO: Prefix 7/8 (end=88, n_frames=18/89): reward=-18.5000 (mean, 1 tok)
2026-04-30 17:51:28,436 mme_vla_suite.pseudo_labeling.topreward_qwen_scorer INFO: Prefix 8/8 (end=101, n_frames=20/102): reward=-18.7500 (mean, 1 tok)
2026-04-30 17:51:36,798 mme_vla_suite.pseudo_labeling.topreward_qwen_scorer INFO: Prefix 1/8 (end=11, n_frames=4/12): reward=-20.1250 (mean, 1 tok)
2026-04-30 17:51:43,633 mme_vla_suite.pseudo_labeling.topreward_qwen_scorer INFO: Prefix 2/8 (end=26, n_frames=5/27): reward=-20.2500 (mean, 1 tok)
2026-04-30 17:51:50,479 mme_vla_suite.pseudo_labeling.topreward_qwen_scorer INFO: Prefix 3/8 (end=41, n_frames=8/42): reward=-17.0000 (mean, 1 tok)
2026-04-30 17:51:57,329 mme_vla_suite.pseudo_labeling.topreward_qwen_scorer INFO: Prefix 4/8 (end=56, n_frames=11/57): reward=-15.8750 (mean, 1 tok)
2026-04-30 17:52:04,197 mme_vla_suite.pseudo_labeling.topreward_qwen_scorer INFO: Prefix 5/8 (end=71, n_frames=14/72): reward=-16.0000 (mean, 1 tok)
2026-04-30 17:52:11,086 mme_vla_suite.pseudo_labeling.topreward_qwen_scorer INFO: Prefix 6/8 (end=86, n_frames=17/87): reward=-16.8750 (mean, 1 tok)
2026-04-30 17:52:18,017 mme_vla_suite.pseudo_labeling.topreward_qwen_scorer INFO: Prefix 7/8 (end=101, n_frames=20/102): reward=-16.6250 (mean, 1 tok)
2026-04-30 17:52:24,965 mme_vla_suite.pseudo_labeling.topreward_qwen_scorer INFO: Prefix 8/8 (end=116, n_frames=23/117): reward=-15.5000 (mean, 1 tok)
2026-04-30 17:52:32,724 mme_vla_suite.pseudo_labeling.topreward_qwen_scorer INFO: Prefix 1/8 (end=4, n_frames=4/5): reward=-20.0000 (mean, 1 tok)
2026-04-30 17:52:39,550 mme_vla_suite.pseudo_labeling.topreward_qwen_scorer INFO: Prefix 2/8 (end=6, n_frames=4/7): reward=-20.2500 (mean, 1 tok)
2026-04-30 17:52:46,378 mme_vla_suite.pseudo_labeling.topreward_qwen_scorer INFO: Prefix 3/8 (end=8, n_frames=4/9): reward=-19.7500 (mean, 1 tok)
2026-04-30 17:52:53,194 mme_vla_suite.pseudo_labeling.topreward_qwen_scorer INFO: Prefix 4/8 (end=10, n_frames=4/11): reward=-19.6250 (mean, 1 tok)
2026-04-30 17:53:00,031 mme_vla_suite.pseudo_labeling.topreward_qwen_scorer INFO: Prefix 5/8 (end=12, n_frames=4/13): reward=-19.5000 (mean, 1 tok)
2026-04-30 17:53:06,847 mme_vla_suite.pseudo_labeling.topreward_qwen_scorer INFO: Prefix 6/8 (end=14, n_frames=4/15): reward=-19.2500 (mean, 1 tok)
2026-04-30 17:53:13,680 mme_vla_suite.pseudo_labeling.topreward_qwen_scorer INFO: Prefix 7/8 (end=16, n_frames=4/17): reward=-19.7500 (mean, 1 tok)
2026-04-30 17:53:20,507 mme_vla_suite.pseudo_labeling.topreward_qwen_scorer INFO: Prefix 8/8 (end=19, n_frames=4/20): reward=-19.7500 (mean, 1 tok)
2026-04-30 17:53:28,361 mme_vla_suite.pseudo_labeling.topreward_qwen_scorer INFO: Prefix 1/8 (end=4, n_frames=4/5): reward=-20.3750 (mean, 1 tok)
2026-04-30 17:53:35,197 mme_vla_suite.pseudo_labeling.topreward_qwen_scorer INFO: Prefix 2/8 (end=8, n_frames=4/9): reward=-19.6250 (mean, 1 tok)
2026-04-30 17:53:42,052 mme_vla_suite.pseudo_labeling.topreward_qwen_scorer INFO: Prefix 3/8 (end=13, n_frames=4/14): reward=-19.1250 (mean, 1 tok)
2026-04-30 17:53:48,869 mme_vla_suite.pseudo_labeling.topreward_qwen_scorer INFO: Prefix 4/8 (end=18, n_frames=4/19): reward=-18.0000 (mean, 1 tok)
2026-04-30 17:53:55,709 mme_vla_suite.pseudo_labeling.topreward_qwen_scorer INFO: Prefix 5/8 (end=22, n_frames=5/23): reward=-18.2500 (mean, 1 tok)
2026-04-30 17:54:02,551 mme_vla_suite.pseudo_labeling.topreward_qwen_scorer INFO: Prefix 6/8 (end=27, n_frames=6/28): reward=-18.2500 (mean, 1 tok)
2026-04-30 17:54:09,403 mme_vla_suite.pseudo_labeling.topreward_qwen_scorer INFO: Prefix 7/8 (end=32, n_frames=7/33): reward=-18.3750 (mean, 1 tok)
2026-04-30 17:54:16,280 mme_vla_suite.pseudo_labeling.topreward_qwen_scorer INFO: Prefix 8/8 (end=37, n_frames=8/38): reward=-18.5000 (mean, 1 tok)
2026-04-30 17:54:24,058 mme_vla_suite.pseudo_labeling.topreward_qwen_scorer INFO: Prefix 1/8 (end=4, n_frames=4/5): reward=-20.5000 (mean, 1 tok)
2026-04-30 17:54:30,915 mme_vla_suite.pseudo_labeling.topreward_qwen_scorer INFO: Prefix 2/8 (end=8, n_frames=4/9): reward=-20.1250 (mean, 1 tok)
2026-04-30 17:54:37,766 mme_vla_suite.pseudo_labeling.topreward_qwen_scorer INFO: Prefix 3/8 (end=13, n_frames=4/14): reward=-19.8750 (mean, 1 tok)
2026-04-30 17:54:44,617 mme_vla_suite.pseudo_labeling.topreward_qwen_scorer INFO: Prefix 4/8 (end=18, n_frames=4/19): reward=-19.0000 (mean, 1 tok)
2026-04-30 17:54:51,492 mme_vla_suite.pseudo_labeling.topreward_qwen_scorer INFO: Prefix 5/8 (end=22, n_frames=5/23): reward=-18.6250 (mean, 1 tok)
2026-04-30 17:54:58,368 mme_vla_suite.pseudo_labeling.topreward_qwen_scorer INFO: Prefix 6/8 (end=27, n_frames=6/28): reward=-18.5000 (mean, 1 tok)
2026-04-30 17:55:05,234 mme_vla_suite.pseudo_labeling.topreward_qwen_scorer INFO: Prefix 7/8 (end=32, n_frames=7/33): reward=-18.8750 (mean, 1 tok)
2026-04-30 17:55:12,093 mme_vla_suite.pseudo_labeling.topreward_qwen_scorer INFO: Prefix 8/8 (end=37, n_frames=8/38): reward=-18.8750 (mean, 1 tok)
2026-04-30 17:55:19,731 mme_vla_suite.pseudo_labeling.topreward_qwen_scorer INFO: Prefix 1/8 (end=4, n_frames=4/5): reward=-20.3750 (mean, 1 tok)
2026-04-30 17:55:26,591 mme_vla_suite.pseudo_labeling.topreward_qwen_scorer INFO: Prefix 2/8 (end=8, n_frames=4/9): reward=-20.0000 (mean, 1 tok)
2026-04-30 17:55:33,437 mme_vla_suite.pseudo_labeling.topreward_qwen_scorer INFO: Prefix 3/8 (end=13, n_frames=4/14): reward=-19.5000 (mean, 1 tok)
2026-04-30 17:55:40,292 mme_vla_suite.pseudo_labeling.topreward_qwen_scorer INFO: Prefix 4/8 (end=17, n_frames=4/18): reward=-19.2500 (mean, 1 tok)
2026-04-30 17:55:47,152 mme_vla_suite.pseudo_labeling.topreward_qwen_scorer INFO: Prefix 5/8 (end=22, n_frames=5/23): reward=-19.1250 (mean, 1 tok)
2026-04-30 17:55:54,072 mme_vla_suite.pseudo_labeling.topreward_qwen_scorer INFO: Prefix 6/8 (end=26, n_frames=5/27): reward=-18.7500 (mean, 1 tok)
2026-04-30 17:56:00,916 mme_vla_suite.pseudo_labeling.topreward_qwen_scorer INFO: Prefix 7/8 (end=31, n_frames=6/32): reward=-18.3750 (mean, 1 tok)
2026-04-30 17:56:07,771 mme_vla_suite.pseudo_labeling.topreward_qwen_scorer INFO: Prefix 8/8 (end=36, n_frames=7/37): reward=-18.1250 (mean, 1 tok)
2026-04-30 17:56:15,375 mme_vla_suite.pseudo_labeling.topreward_qwen_scorer INFO: Prefix 1/8 (end=4, n_frames=4/5): reward=-21.5000 (mean, 1 tok)
2026-04-30 17:56:22,295 mme_vla_suite.pseudo_labeling.topreward_qwen_scorer INFO: Prefix 2/8 (end=8, n_frames=4/9): reward=-21.2500 (mean, 1 tok)
2026-04-30 17:56:29,120 mme_vla_suite.pseudo_labeling.topreward_qwen_scorer INFO: Prefix 3/8 (end=12, n_frames=4/13): reward=-21.2500 (mean, 1 tok)
2026-04-30 17:56:35,941 mme_vla_suite.pseudo_labeling.topreward_qwen_scorer INFO: Prefix 4/8 (end=17, n_frames=4/18): reward=-21.3750 (mean, 1 tok)
2026-04-30 17:56:42,767 mme_vla_suite.pseudo_labeling.topreward_qwen_scorer INFO: Prefix 5/8 (end=21, n_frames=4/22): reward=-20.8750 (mean, 1 tok)
2026-04-30 17:56:49,615 mme_vla_suite.pseudo_labeling.topreward_qwen_scorer INFO: Prefix 6/8 (end=26, n_frames=5/27): reward=-20.2500 (mean, 1 tok)
2026-04-30 17:56:56,544 mme_vla_suite.pseudo_labeling.topreward_qwen_scorer INFO: Prefix 7/8 (end=30, n_frames=6/31): reward=-19.5000 (mean, 1 tok)
2026-04-30 17:57:03,398 mme_vla_suite.pseudo_labeling.topreward_qwen_scorer INFO: Prefix 8/8 (end=35, n_frames=7/36): reward=-18.0000 (mean, 1 tok)
2026-04-30 17:57:10,914 mme_vla_suite.pseudo_labeling.topreward_qwen_scorer INFO: Prefix 1/8 (end=5, n_frames=4/6): reward=-20.3750 (mean, 1 tok)
2026-04-30 17:57:17,748 mme_vla_suite.pseudo_labeling.topreward_qwen_scorer INFO: Prefix 2/8 (end=12, n_frames=4/13): reward=-19.2500 (mean, 1 tok)
2026-04-30 17:57:24,590 mme_vla_suite.pseudo_labeling.topreward_qwen_scorer INFO: Prefix 3/8 (end=19, n_frames=4/20): reward=-18.5000 (mean, 1 tok)
2026-04-30 17:57:31,433 mme_vla_suite.pseudo_labeling.topreward_qwen_scorer INFO: Prefix 4/8 (end=27, n_frames=6/28): reward=-19.6250 (mean, 1 tok)
2026-04-30 17:57:38,274 mme_vla_suite.pseudo_labeling.topreward_qwen_scorer INFO: Prefix 5/8 (end=34, n_frames=7/35): reward=-19.2500 (mean, 1 tok)
2026-04-30 17:57:45,114 mme_vla_suite.pseudo_labeling.topreward_qwen_scorer INFO: Prefix 6/8 (end=42, n_frames=9/43): reward=-18.3750 (mean, 1 tok)
2026-04-30 17:57:51,960 mme_vla_suite.pseudo_labeling.topreward_qwen_scorer INFO: Prefix 7/8 (end=49, n_frames=10/50): reward=-18.8750 (mean, 1 tok)
2026-04-30 17:57:58,804 mme_vla_suite.pseudo_labeling.topreward_qwen_scorer INFO: Prefix 8/8 (end=57, n_frames=12/58): reward=-17.5000 (mean, 1 tok)
2026-04-30 17:58:06,882 mme_vla_suite.pseudo_labeling.topreward_qwen_scorer INFO: Prefix 1/8 (end=9, n_frames=4/10): reward=-19.3750 (mean, 1 tok)
2026-04-30 17:58:13,721 mme_vla_suite.pseudo_labeling.topreward_qwen_scorer INFO: Prefix 2/8 (end=20, n_frames=4/21): reward=-18.6250 (mean, 1 tok)
2026-04-30 17:58:20,570 mme_vla_suite.pseudo_labeling.topreward_qwen_scorer INFO: Prefix 3/8 (end=32, n_frames=7/33): reward=-19.6250 (mean, 1 tok)
2026-04-30 17:58:27,466 mme_vla_suite.pseudo_labeling.topreward_qwen_scorer INFO: Prefix 4/8 (end=44, n_frames=9/45): reward=-18.6250 (mean, 1 tok)
2026-04-30 17:58:34,334 mme_vla_suite.pseudo_labeling.topreward_qwen_scorer INFO: Prefix 5/8 (end=56, n_frames=11/57): reward=-17.8750 (mean, 1 tok)
2026-04-30 17:58:41,204 mme_vla_suite.pseudo_labeling.topreward_qwen_scorer INFO: Prefix 6/8 (end=68, n_frames=14/69): reward=-18.8750 (mean, 1 tok)
2026-04-30 17:58:48,084 mme_vla_suite.pseudo_labeling.topreward_qwen_scorer INFO: Prefix 7/8 (end=80, n_frames=16/81): reward=-19.0000 (mean, 1 tok)
2026-04-30 17:58:55,012 mme_vla_suite.pseudo_labeling.topreward_qwen_scorer INFO: Prefix 8/8 (end=92, n_frames=19/93): reward=-19.2500 (mean, 1 tok)
2026-04-30 17:59:03,109 mme_vla_suite.pseudo_labeling.topreward_qwen_scorer INFO: Prefix 1/8 (end=10, n_frames=4/11): reward=-18.6250 (mean, 1 tok)
2026-04-30 17:59:10,029 mme_vla_suite.pseudo_labeling.topreward_qwen_scorer INFO: Prefix 2/8 (end=22, n_frames=5/23): reward=-19.0000 (mean, 1 tok)
2026-04-30 17:59:16,870 mme_vla_suite.pseudo_labeling.topreward_qwen_scorer INFO: Prefix 3/8 (end=35, n_frames=7/36): reward=-14.1250 (mean, 1 tok)
2026-04-30 17:59:23,744 mme_vla_suite.pseudo_labeling.topreward_qwen_scorer INFO: Prefix 4/8 (end=48, n_frames=10/49): reward=-13.6250 (mean, 1 tok)
2026-04-30 17:59:30,627 mme_vla_suite.pseudo_labeling.topreward_qwen_scorer INFO: Prefix 5/8 (end=61, n_frames=12/62): reward=-14.3750 (mean, 1 tok)
2026-04-30 17:59:37,510 mme_vla_suite.pseudo_labeling.topreward_qwen_scorer INFO: Prefix 6/8 (end=74, n_frames=15/75): reward=-14.2500 (mean, 1 tok)
2026-04-30 17:59:44,402 mme_vla_suite.pseudo_labeling.topreward_qwen_scorer INFO: Prefix 7/8 (end=87, n_frames=18/88): reward=-13.7500 (mean, 1 tok)
2026-04-30 17:59:51,337 mme_vla_suite.pseudo_labeling.topreward_qwen_scorer INFO: Prefix 8/8 (end=100, n_frames=20/101): reward=-13.3750 (mean, 1 tok)
2026-04-30 17:59:59,099 mme_vla_suite.pseudo_labeling.topreward_qwen_scorer INFO: Prefix 1/8 (end=4, n_frames=4/5): reward=-19.7500 (mean, 1 tok)
2026-04-30 18:00:05,931 mme_vla_suite.pseudo_labeling.topreward_qwen_scorer INFO: Prefix 2/8 (end=5, n_frames=4/6): reward=-19.7500 (mean, 1 tok)
2026-04-30 18:00:12,759 mme_vla_suite.pseudo_labeling.topreward_qwen_scorer INFO: Prefix 3/8 (end=7, n_frames=4/8): reward=-19.7500 (mean, 1 tok)
2026-04-30 18:00:19,597 mme_vla_suite.pseudo_labeling.topreward_qwen_scorer INFO: Prefix 4/8 (end=8, n_frames=4/9): reward=-19.7500 (mean, 1 tok)
2026-04-30 18:00:26,424 mme_vla_suite.pseudo_labeling.topreward_qwen_scorer INFO: Prefix 5/8 (end=10, n_frames=4/11): reward=-19.8750 (mean, 1 tok)
2026-04-30 18:00:33,259 mme_vla_suite.pseudo_labeling.topreward_qwen_scorer INFO: Prefix 6/8 (end=11, n_frames=4/12): reward=-20.3750 (mean, 1 tok)
2026-04-30 18:00:40,092 mme_vla_suite.pseudo_labeling.topreward_qwen_scorer INFO: Prefix 7/8 (end=13, n_frames=4/14): reward=-19.5000 (mean, 1 tok)
2026-04-30 18:00:46,925 mme_vla_suite.pseudo_labeling.topreward_qwen_scorer INFO: Prefix 8/8 (end=15, n_frames=4/16): reward=-19.3750 (mean, 1 tok)
2026-04-30 18:00:54,662 mme_vla_suite.pseudo_labeling.topreward_qwen_scorer INFO: Prefix 1/8 (end=4, n_frames=4/5): reward=-19.6250 (mean, 1 tok)
2026-04-30 18:01:01,490 mme_vla_suite.pseudo_labeling.topreward_qwen_scorer INFO: Prefix 2/8 (end=8, n_frames=4/9): reward=-18.5000 (mean, 1 tok)
2026-04-30 18:01:08,343 mme_vla_suite.pseudo_labeling.topreward_qwen_scorer INFO: Prefix 3/8 (end=13, n_frames=4/14): reward=-18.0000 (mean, 1 tok)
2026-04-30 18:01:15,169 mme_vla_suite.pseudo_labeling.topreward_qwen_scorer INFO: Prefix 4/8 (end=18, n_frames=4/19): reward=-17.3750 (mean, 1 tok)
2026-04-30 18:01:22,027 mme_vla_suite.pseudo_labeling.topreward_qwen_scorer INFO: Prefix 5/8 (end=23, n_frames=5/24): reward=-16.8750 (mean, 1 tok)
2026-04-30 18:01:28,869 mme_vla_suite.pseudo_labeling.topreward_qwen_scorer INFO: Prefix 6/8 (end=28, n_frames=6/29): reward=-16.6250 (mean, 1 tok)
2026-04-30 18:01:35,706 mme_vla_suite.pseudo_labeling.topreward_qwen_scorer INFO: Prefix 7/8 (end=33, n_frames=7/34): reward=-17.8750 (mean, 1 tok)
2026-04-30 18:01:42,546 mme_vla_suite.pseudo_labeling.topreward_qwen_scorer INFO: Prefix 8/8 (end=38, n_frames=8/39): reward=-17.5000 (mean, 1 tok)
2026-04-30 18:01:50,273 mme_vla_suite.pseudo_labeling.topreward_qwen_scorer INFO: Prefix 1/8 (end=4, n_frames=4/5): reward=-20.3750 (mean, 1 tok)
2026-04-30 18:01:57,113 mme_vla_suite.pseudo_labeling.topreward_qwen_scorer INFO: Prefix 2/8 (end=8, n_frames=4/9): reward=-20.1250 (mean, 1 tok)
2026-04-30 18:02:03,973 mme_vla_suite.pseudo_labeling.topreward_qwen_scorer INFO: Prefix 3/8 (end=12, n_frames=4/13): reward=-18.8750 (mean, 1 tok)
2026-04-30 18:02:10,822 mme_vla_suite.pseudo_labeling.topreward_qwen_scorer INFO: Prefix 4/8 (end=17, n_frames=4/18): reward=-19.1250 (mean, 1 tok)
2026-04-30 18:02:17,666 mme_vla_suite.pseudo_labeling.topreward_qwen_scorer INFO: Prefix 5/8 (end=21, n_frames=4/22): reward=-18.6250 (mean, 1 tok)
2026-04-30 18:02:24,514 mme_vla_suite.pseudo_labeling.topreward_qwen_scorer INFO: Prefix 6/8 (end=26, n_frames=5/27): reward=-18.0000 (mean, 1 tok)
2026-04-30 18:02:31,376 mme_vla_suite.pseudo_labeling.topreward_qwen_scorer INFO: Prefix 7/8 (end=30, n_frames=6/31): reward=-18.7500 (mean, 1 tok)
2026-04-30 18:02:38,213 mme_vla_suite.pseudo_labeling.topreward_qwen_scorer INFO: Prefix 8/8 (end=35, n_frames=7/36): reward=-16.5000 (mean, 1 tok)
2026-04-30 18:02:46,059 mme_vla_suite.pseudo_labeling.topreward_qwen_scorer INFO: Prefix 1/8 (end=7, n_frames=4/8): reward=-21.7500 (mean, 1 tok)
2026-04-30 18:02:52,909 mme_vla_suite.pseudo_labeling.topreward_qwen_scorer INFO: Prefix 2/8 (end=16, n_frames=4/17): reward=-21.1250 (mean, 1 tok)
2026-04-30 18:02:59,738 mme_vla_suite.pseudo_labeling.topreward_qwen_scorer INFO: Prefix 3/8 (end=26, n_frames=5/27): reward=-21.0000 (mean, 1 tok)
2026-04-30 18:03:06,586 mme_vla_suite.pseudo_labeling.topreward_qwen_scorer INFO: Prefix 4/8 (end=36, n_frames=7/37): reward=-20.6250 (mean, 1 tok)
2026-04-30 18:03:13,466 mme_vla_suite.pseudo_labeling.topreward_qwen_scorer INFO: Prefix 5/8 (end=46, n_frames=9/47): reward=-20.3750 (mean, 1 tok)
2026-04-30 18:03:20,344 mme_vla_suite.pseudo_labeling.topreward_qwen_scorer INFO: Prefix 6/8 (end=56, n_frames=11/57): reward=-20.1250 (mean, 1 tok)
2026-04-30 18:03:27,240 mme_vla_suite.pseudo_labeling.topreward_qwen_scorer INFO: Prefix 7/8 (end=66, n_frames=13/67): reward=-20.3750 (mean, 1 tok)
2026-04-30 18:03:34,135 mme_vla_suite.pseudo_labeling.topreward_qwen_scorer INFO: Prefix 8/8 (end=76, n_frames=15/77): reward=-18.7500 (mean, 1 tok)
2026-04-30 18:03:41,974 mme_vla_suite.pseudo_labeling.topreward_qwen_scorer INFO: Prefix 1/8 (end=11, n_frames=4/12): reward=-21.2500 (mean, 1 tok)
2026-04-30 18:03:48,820 mme_vla_suite.pseudo_labeling.topreward_qwen_scorer INFO: Prefix 2/8 (end=25, n_frames=5/26): reward=-20.3750 (mean, 1 tok)
2026-04-30 18:03:55,668 mme_vla_suite.pseudo_labeling.topreward_qwen_scorer INFO: Prefix 3/8 (end=40, n_frames=8/41): reward=-19.8750 (mean, 1 tok)
2026-04-30 18:04:02,554 mme_vla_suite.pseudo_labeling.topreward_qwen_scorer INFO: Prefix 4/8 (end=55, n_frames=11/56): reward=-20.1250 (mean, 1 tok)
2026-04-30 18:04:09,431 mme_vla_suite.pseudo_labeling.topreward_qwen_scorer INFO: Prefix 5/8 (end=69, n_frames=14/70): reward=-19.7500 (mean, 1 tok)
2026-04-30 18:04:16,325 mme_vla_suite.pseudo_labeling.topreward_qwen_scorer INFO: Prefix 6/8 (end=84, n_frames=17/85): reward=-18.2500 (mean, 1 tok)
2026-04-30 18:04:23,267 mme_vla_suite.pseudo_labeling.topreward_qwen_scorer INFO: Prefix 7/8 (end=99, n_frames=20/100): reward=-18.2500 (mean, 1 tok)
2026-04-30 18:04:30,226 mme_vla_suite.pseudo_labeling.topreward_qwen_scorer INFO: Prefix 8/8 (end=114, n_frames=23/115): reward=-17.8750 (mean, 1 tok)
2026-04-30 18:04:38,029 mme_vla_suite.pseudo_labeling.topreward_qwen_scorer INFO: Prefix 1/8 (end=11, n_frames=4/12): reward=-17.6250 (mean, 1 tok)
2026-04-30 18:04:44,853 mme_vla_suite.pseudo_labeling.topreward_qwen_scorer INFO: Prefix 2/8 (end=25, n_frames=5/26): reward=-17.6250 (mean, 1 tok)
2026-04-30 18:04:51,704 mme_vla_suite.pseudo_labeling.topreward_qwen_scorer INFO: Prefix 3/8 (end=40, n_frames=8/41): reward=-14.8750 (mean, 1 tok)
2026-04-30 18:04:58,569 mme_vla_suite.pseudo_labeling.topreward_qwen_scorer INFO: Prefix 4/8 (end=55, n_frames=11/56): reward=-14.1250 (mean, 1 tok)
2026-04-30 18:05:05,449 mme_vla_suite.pseudo_labeling.topreward_qwen_scorer INFO: Prefix 5/8 (end=69, n_frames=14/70): reward=-15.8750 (mean, 1 tok)
2026-04-30 18:05:12,350 mme_vla_suite.pseudo_labeling.topreward_qwen_scorer INFO: Prefix 6/8 (end=84, n_frames=17/85): reward=-14.3750 (mean, 1 tok)
2026-04-30 18:05:19,261 mme_vla_suite.pseudo_labeling.topreward_qwen_scorer INFO: Prefix 7/8 (end=99, n_frames=20/100): reward=-14.7500 (mean, 1 tok)
2026-04-30 18:05:26,223 mme_vla_suite.pseudo_labeling.topreward_qwen_scorer INFO: Prefix 8/8 (end=114, n_frames=23/115): reward=-13.7500 (mean, 1 tok)
2026-04-30 18:05:34,237 mme_vla_suite.pseudo_labeling.topreward_qwen_scorer INFO: Prefix 1/8 (end=4, n_frames=4/5): reward=-20.7500 (mean, 1 tok)
2026-04-30 18:05:41,083 mme_vla_suite.pseudo_labeling.topreward_qwen_scorer INFO: Prefix 2/8 (end=5, n_frames=4/6): reward=-20.5000 (mean, 1 tok)
2026-04-30 18:05:47,937 mme_vla_suite.pseudo_labeling.topreward_qwen_scorer INFO: Prefix 3/8 (end=7, n_frames=4/8): reward=-20.0000 (mean, 1 tok)
2026-04-30 18:05:54,772 mme_vla_suite.pseudo_labeling.topreward_qwen_scorer INFO: Prefix 4/8 (end=9, n_frames=4/10): reward=-19.8750 (mean, 1 tok)
2026-04-30 18:06:01,619 mme_vla_suite.pseudo_labeling.topreward_qwen_scorer INFO: Prefix 5/8 (end=10, n_frames=4/11): reward=-19.8750 (mean, 1 tok)
2026-04-30 18:06:08,473 mme_vla_suite.pseudo_labeling.topreward_qwen_scorer INFO: Prefix 6/8 (end=12, n_frames=4/13): reward=-20.6250 (mean, 1 tok)
2026-04-30 18:06:15,313 mme_vla_suite.pseudo_labeling.topreward_qwen_scorer INFO: Prefix 7/8 (end=14, n_frames=4/15): reward=-20.2500 (mean, 1 tok)
2026-04-30 18:06:22,159 mme_vla_suite.pseudo_labeling.topreward_qwen_scorer INFO: Prefix 8/8 (end=16, n_frames=4/17): reward=-20.5000 (mean, 1 tok)
2026-04-30 18:06:29,886 mme_vla_suite.pseudo_labeling.topreward_qwen_scorer INFO: Prefix 1/8 (end=4, n_frames=4/5): reward=-20.7500 (mean, 1 tok)
2026-04-30 18:06:36,725 mme_vla_suite.pseudo_labeling.topreward_qwen_scorer INFO: Prefix 2/8 (end=9, n_frames=4/10): reward=-19.0000 (mean, 1 tok)
2026-04-30 18:06:43,555 mme_vla_suite.pseudo_labeling.topreward_qwen_scorer INFO: Prefix 3/8 (end=14, n_frames=4/15): reward=-18.8750 (mean, 1 tok)
2026-04-30 18:06:50,401 mme_vla_suite.pseudo_labeling.topreward_qwen_scorer INFO: Prefix 4/8 (end=19, n_frames=4/20): reward=-17.6250 (mean, 1 tok)
2026-04-30 18:06:57,259 mme_vla_suite.pseudo_labeling.topreward_qwen_scorer INFO: Prefix 5/8 (end=25, n_frames=5/26): reward=-18.8750 (mean, 1 tok)
2026-04-30 18:07:04,102 mme_vla_suite.pseudo_labeling.topreward_qwen_scorer INFO: Prefix 6/8 (end=30, n_frames=6/31): reward=-18.1250 (mean, 1 tok)
2026-04-30 18:07:10,951 mme_vla_suite.pseudo_labeling.topreward_qwen_scorer INFO: Prefix 7/8 (end=35, n_frames=7/36): reward=-21.6250 (mean, 1 tok)
2026-04-30 18:07:17,812 mme_vla_suite.pseudo_labeling.topreward_qwen_scorer INFO: Prefix 8/8 (end=41, n_frames=8/42): reward=-20.0000 (mean, 1 tok)
2026-04-30 18:07:25,766 mme_vla_suite.pseudo_labeling.topreward_qwen_scorer INFO: Prefix 1/8 (end=4, n_frames=4/5): reward=-20.2500 (mean, 1 tok)
2026-04-30 18:07:32,598 mme_vla_suite.pseudo_labeling.topreward_qwen_scorer INFO: Prefix 2/8 (end=10, n_frames=4/11): reward=-19.7500 (mean, 1 tok)
2026-04-30 18:07:39,437 mme_vla_suite.pseudo_labeling.topreward_qwen_scorer INFO: Prefix 3/8 (end=16, n_frames=4/17): reward=-18.5000 (mean, 1 tok)
2026-04-30 18:07:46,294 mme_vla_suite.pseudo_labeling.topreward_qwen_scorer INFO: Prefix 4/8 (end=22, n_frames=5/23): reward=-18.5000 (mean, 1 tok)
2026-04-30 18:07:53,161 mme_vla_suite.pseudo_labeling.topreward_qwen_scorer INFO: Prefix 5/8 (end=28, n_frames=6/29): reward=-17.5000 (mean, 1 tok)
2026-04-30 18:08:00,014 mme_vla_suite.pseudo_labeling.topreward_qwen_scorer INFO: Prefix 6/8 (end=34, n_frames=7/35): reward=-18.6250 (mean, 1 tok)
2026-04-30 18:08:06,884 mme_vla_suite.pseudo_labeling.topreward_qwen_scorer INFO: Prefix 7/8 (end=40, n_frames=8/41): reward=-18.1250 (mean, 1 tok)
2026-04-30 18:08:13,754 mme_vla_suite.pseudo_labeling.topreward_qwen_scorer INFO: Prefix 8/8 (end=46, n_frames=9/47): reward=-18.3750 (mean, 1 tok)
2026-04-30 18:08:21,588 mme_vla_suite.pseudo_labeling.topreward_qwen_scorer INFO: Prefix 1/8 (end=4, n_frames=4/5): reward=-20.3750 (mean, 1 tok)
2026-04-30 18:08:28,410 mme_vla_suite.pseudo_labeling.topreward_qwen_scorer INFO: Prefix 2/8 (end=9, n_frames=4/10): reward=-19.5000 (mean, 1 tok)
2026-04-30 18:08:35,264 mme_vla_suite.pseudo_labeling.topreward_qwen_scorer INFO: Prefix 3/8 (end=15, n_frames=4/16): reward=-19.0000 (mean, 1 tok)
2026-04-30 18:08:42,109 mme_vla_suite.pseudo_labeling.topreward_qwen_scorer INFO: Prefix 4/8 (end=21, n_frames=4/22): reward=-18.6250 (mean, 1 tok)
2026-04-30 18:08:48,960 mme_vla_suite.pseudo_labeling.topreward_qwen_scorer INFO: Prefix 5/8 (end=27, n_frames=6/28): reward=-18.1250 (mean, 1 tok)
2026-04-30 18:08:55,829 mme_vla_suite.pseudo_labeling.topreward_qwen_scorer INFO: Prefix 6/8 (end=33, n_frames=7/34): reward=-18.5000 (mean, 1 tok)
2026-04-30 18:09:02,688 mme_vla_suite.pseudo_labeling.topreward_qwen_scorer INFO: Prefix 7/8 (end=39, n_frames=8/40): reward=-19.0000 (mean, 1 tok)
2026-04-30 18:09:09,550 mme_vla_suite.pseudo_labeling.topreward_qwen_scorer INFO: Prefix 8/8 (end=45, n_frames=9/46): reward=-19.7500 (mean, 1 tok)
2026-04-30 18:09:17,341 mme_vla_suite.pseudo_labeling.topreward_qwen_scorer INFO: Prefix 1/8 (end=4, n_frames=4/5): reward=-20.3750 (mean, 1 tok)
2026-04-30 18:09:24,178 mme_vla_suite.pseudo_labeling.topreward_qwen_scorer INFO: Prefix 2/8 (end=9, n_frames=4/10): reward=-19.8750 (mean, 1 tok)
2026-04-30 18:09:31,010 mme_vla_suite.pseudo_labeling.topreward_qwen_scorer INFO: Prefix 3/8 (end=15, n_frames=4/16): reward=-20.2500 (mean, 1 tok)
2026-04-30 18:09:37,840 mme_vla_suite.pseudo_labeling.topreward_qwen_scorer INFO: Prefix 4/8 (end=21, n_frames=4/22): reward=-19.8750 (mean, 1 tok)
2026-04-30 18:09:44,664 mme_vla_suite.pseudo_labeling.topreward_qwen_scorer INFO: Prefix 5/8 (end=27, n_frames=6/28): reward=-18.6250 (mean, 1 tok)
2026-04-30 18:09:51,508 mme_vla_suite.pseudo_labeling.topreward_qwen_scorer INFO: Prefix 6/8 (end=33, n_frames=7/34): reward=-19.7500 (mean, 1 tok)
2026-04-30 18:09:58,354 mme_vla_suite.pseudo_labeling.topreward_qwen_scorer INFO: Prefix 7/8 (end=39, n_frames=8/40): reward=-19.3750 (mean, 1 tok)
2026-04-30 18:10:05,213 mme_vla_suite.pseudo_labeling.topreward_qwen_scorer INFO: Prefix 8/8 (end=45, n_frames=9/46): reward=-19.2500 (mean, 1 tok)
2026-04-30 18:10:13,051 mme_vla_suite.pseudo_labeling.topreward_qwen_scorer INFO: Prefix 1/8 (end=4, n_frames=4/5): reward=-21.1250 (mean, 1 tok)
2026-04-30 18:10:19,897 mme_vla_suite.pseudo_labeling.topreward_qwen_scorer INFO: Prefix 2/8 (end=9, n_frames=4/10): reward=-19.7500 (mean, 1 tok)
2026-04-30 18:10:26,742 mme_vla_suite.pseudo_labeling.topreward_qwen_scorer INFO: Prefix 3/8 (end=15, n_frames=4/16): reward=-19.7500 (mean, 1 tok)
2026-04-30 18:10:33,587 mme_vla_suite.pseudo_labeling.topreward_qwen_scorer INFO: Prefix 4/8 (end=21, n_frames=4/22): reward=-19.5000 (mean, 1 tok)
2026-04-30 18:10:40,447 mme_vla_suite.pseudo_labeling.topreward_qwen_scorer INFO: Prefix 5/8 (end=27, n_frames=6/28): reward=-19.1250 (mean, 1 tok)
2026-04-30 18:10:47,313 mme_vla_suite.pseudo_labeling.topreward_qwen_scorer INFO: Prefix 6/8 (end=33, n_frames=7/34): reward=-20.2500 (mean, 1 tok)
2026-04-30 18:10:54,174 mme_vla_suite.pseudo_labeling.topreward_qwen_scorer INFO: Prefix 7/8 (end=39, n_frames=8/40): reward=-20.0000 (mean, 1 tok)
2026-04-30 18:11:01,046 mme_vla_suite.pseudo_labeling.topreward_qwen_scorer INFO: Prefix 8/8 (end=45, n_frames=9/46): reward=-20.7500 (mean, 1 tok)
2026-04-30 18:11:08,735 mme_vla_suite.pseudo_labeling.topreward_qwen_scorer INFO: Prefix 1/8 (end=4, n_frames=4/5): reward=-20.0000 (mean, 1 tok)
2026-04-30 18:11:15,591 mme_vla_suite.pseudo_labeling.topreward_qwen_scorer INFO: Prefix 2/8 (end=8, n_frames=4/9): reward=-19.8750 (mean, 1 tok)
2026-04-30 18:11:22,469 mme_vla_suite.pseudo_labeling.topreward_qwen_scorer INFO: Prefix 3/8 (end=13, n_frames=4/14): reward=-19.8750 (mean, 1 tok)
2026-04-30 18:11:29,429 mme_vla_suite.pseudo_labeling.topreward_qwen_scorer INFO: Prefix 4/8 (end=17, n_frames=4/18): reward=-19.5000 (mean, 1 tok)
2026-04-30 18:11:36,423 mme_vla_suite.pseudo_labeling.topreward_qwen_scorer INFO: Prefix 5/8 (end=22, n_frames=5/23): reward=-20.6250 (mean, 1 tok)
2026-04-30 18:11:43,288 mme_vla_suite.pseudo_labeling.topreward_qwen_scorer INFO: Prefix 6/8 (end=26, n_frames=5/27): reward=-19.1250 (mean, 1 tok)
2026-04-30 18:11:50,149 mme_vla_suite.pseudo_labeling.topreward_qwen_scorer INFO: Prefix 7/8 (end=31, n_frames=6/32): reward=-19.3750 (mean, 1 tok)
2026-04-30 18:11:57,016 mme_vla_suite.pseudo_labeling.topreward_qwen_scorer INFO: Prefix 8/8 (end=36, n_frames=7/37): reward=-17.8750 (mean, 1 tok)
2026-04-30 18:12:04,871 mme_vla_suite.pseudo_labeling.topreward_qwen_scorer INFO: Prefix 1/8 (end=5, n_frames=4/6): reward=-20.6250 (mean, 1 tok)
2026-04-30 18:12:11,705 mme_vla_suite.pseudo_labeling.topreward_qwen_scorer INFO: Prefix 2/8 (end=12, n_frames=4/13): reward=-19.5000 (mean, 1 tok)
2026-04-30 18:12:18,518 mme_vla_suite.pseudo_labeling.topreward_qwen_scorer INFO: Prefix 3/8 (end=19, n_frames=4/20): reward=-19.0000 (mean, 1 tok)
2026-04-30 18:12:25,342 mme_vla_suite.pseudo_labeling.topreward_qwen_scorer INFO: Prefix 4/8 (end=26, n_frames=5/27): reward=-19.0000 (mean, 1 tok)
2026-04-30 18:12:32,188 mme_vla_suite.pseudo_labeling.topreward_qwen_scorer INFO: Prefix 5/8 (end=33, n_frames=7/34): reward=-19.6250 (mean, 1 tok)
2026-04-30 18:12:39,022 mme_vla_suite.pseudo_labeling.topreward_qwen_scorer INFO: Prefix 6/8 (end=40, n_frames=8/41): reward=-19.1250 (mean, 1 tok)
2026-04-30 18:12:45,869 mme_vla_suite.pseudo_labeling.topreward_qwen_scorer INFO: Prefix 7/8 (end=47, n_frames=10/48): reward=-18.8750 (mean, 1 tok)
2026-04-30 18:12:52,713 mme_vla_suite.pseudo_labeling.topreward_qwen_scorer INFO: Prefix 8/8 (end=54, n_frames=11/55): reward=-18.5000 (mean, 1 tok)
2026-04-30 18:13:00,420 mme_vla_suite.pseudo_labeling.topreward_qwen_scorer INFO: Prefix 1/8 (end=9, n_frames=4/10): reward=-20.0000 (mean, 1 tok)
2026-04-30 18:13:07,240 mme_vla_suite.pseudo_labeling.topreward_qwen_scorer INFO: Prefix 2/8 (end=21, n_frames=4/22): reward=-19.6250 (mean, 1 tok)
2026-04-30 18:13:14,080 mme_vla_suite.pseudo_labeling.topreward_qwen_scorer INFO: Prefix 3/8 (end=33, n_frames=7/34): reward=-19.6250 (mean, 1 tok)
2026-04-30 18:13:20,951 mme_vla_suite.pseudo_labeling.topreward_qwen_scorer INFO: Prefix 4/8 (end=45, n_frames=9/46): reward=-18.3750 (mean, 1 tok)
2026-04-30 18:13:27,849 mme_vla_suite.pseudo_labeling.topreward_qwen_scorer INFO: Prefix 5/8 (end=57, n_frames=12/58): reward=-19.3750 (mean, 1 tok)
2026-04-30 18:13:34,712 mme_vla_suite.pseudo_labeling.topreward_qwen_scorer INFO: Prefix 6/8 (end=69, n_frames=14/70): reward=-19.7500 (mean, 1 tok)
2026-04-30 18:13:41,601 mme_vla_suite.pseudo_labeling.topreward_qwen_scorer INFO: Prefix 7/8 (end=81, n_frames=16/82): reward=-19.0000 (mean, 1 tok)
2026-04-30 18:13:48,495 mme_vla_suite.pseudo_labeling.topreward_qwen_scorer INFO: Prefix 8/8 (end=93, n_frames=19/94): reward=-19.2500 (mean, 1 tok)
2026-04-30 18:13:57,006 mme_vla_suite.pseudo_labeling.topreward_qwen_scorer INFO: Prefix 1/8 (end=11, n_frames=4/12): reward=-23.0000 (mean, 1 tok)
2026-04-30 18:14:03,831 mme_vla_suite.pseudo_labeling.topreward_qwen_scorer INFO: Prefix 2/8 (end=25, n_frames=5/26): reward=-23.5000 (mean, 1 tok)
2026-04-30 18:14:10,689 mme_vla_suite.pseudo_labeling.topreward_qwen_scorer INFO: Prefix 3/8 (end=39, n_frames=8/40): reward=-19.1250 (mean, 1 tok)
2026-04-30 18:14:17,567 mme_vla_suite.pseudo_labeling.topreward_qwen_scorer INFO: Prefix 4/8 (end=53, n_frames=11/54): reward=-16.0000 (mean, 1 tok)
2026-04-30 18:14:24,416 mme_vla_suite.pseudo_labeling.topreward_qwen_scorer INFO: Prefix 5/8 (end=68, n_frames=14/69): reward=-16.3750 (mean, 1 tok)
2026-04-30 18:14:31,326 mme_vla_suite.pseudo_labeling.topreward_qwen_scorer INFO: Prefix 6/8 (end=82, n_frames=17/83): reward=-15.7500 (mean, 1 tok)
2026-04-30 18:14:38,253 mme_vla_suite.pseudo_labeling.topreward_qwen_scorer INFO: Prefix 7/8 (end=96, n_frames=19/97): reward=-16.2500 (mean, 1 tok)
2026-04-30 18:14:45,222 mme_vla_suite.pseudo_labeling.topreward_qwen_scorer INFO: Prefix 8/8 (end=111, n_frames=22/112): reward=-15.5000 (mean, 1 tok)
2026-04-30 18:14:52,909 mme_vla_suite.pseudo_labeling.topreward_qwen_scorer INFO: Prefix 1/8 (end=4, n_frames=4/5): reward=-20.6250 (mean, 1 tok)
2026-04-30 18:14:59,758 mme_vla_suite.pseudo_labeling.topreward_qwen_scorer INFO: Prefix 2/8 (end=9, n_frames=4/10): reward=-19.3750 (mean, 1 tok)
2026-04-30 18:15:06,603 mme_vla_suite.pseudo_labeling.topreward_qwen_scorer INFO: Prefix 3/8 (end=14, n_frames=4/15): reward=-19.3750 (mean, 1 tok)
2026-04-30 18:15:13,447 mme_vla_suite.pseudo_labeling.topreward_qwen_scorer INFO: Prefix 4/8 (end=19, n_frames=4/20): reward=-17.0000 (mean, 1 tok)
2026-04-30 18:15:20,303 mme_vla_suite.pseudo_labeling.topreward_qwen_scorer INFO: Prefix 5/8 (end=24, n_frames=5/25): reward=-18.3750 (mean, 1 tok)
2026-04-30 18:15:27,215 mme_vla_suite.pseudo_labeling.topreward_qwen_scorer INFO: Prefix 6/8 (end=29, n_frames=6/30): reward=-18.1250 (mean, 1 tok)
2026-04-30 18:15:34,058 mme_vla_suite.pseudo_labeling.topreward_qwen_scorer INFO: Prefix 7/8 (end=34, n_frames=7/35): reward=-18.3750 (mean, 1 tok)
2026-04-30 18:15:40,946 mme_vla_suite.pseudo_labeling.topreward_qwen_scorer INFO: Prefix 8/8 (end=39, n_frames=8/40): reward=-19.2500 (mean, 1 tok)
2026-04-30 18:15:48,744 mme_vla_suite.pseudo_labeling.topreward_qwen_scorer INFO: Prefix 1/8 (end=4, n_frames=4/5): reward=-19.2500 (mean, 1 tok)
2026-04-30 18:15:55,599 mme_vla_suite.pseudo_labeling.topreward_qwen_scorer INFO: Prefix 2/8 (end=8, n_frames=4/9): reward=-18.8750 (mean, 1 tok)
2026-04-30 18:16:02,435 mme_vla_suite.pseudo_labeling.topreward_qwen_scorer INFO: Prefix 3/8 (end=13, n_frames=4/14): reward=-18.7500 (mean, 1 tok)
2026-04-30 18:16:09,302 mme_vla_suite.pseudo_labeling.topreward_qwen_scorer INFO: Prefix 4/8 (end=18, n_frames=4/19): reward=-17.0000 (mean, 1 tok)
2026-04-30 18:16:16,150 mme_vla_suite.pseudo_labeling.topreward_qwen_scorer INFO: Prefix 5/8 (end=22, n_frames=5/23): reward=-17.1250 (mean, 1 tok)
2026-04-30 18:16:23,004 mme_vla_suite.pseudo_labeling.topreward_qwen_scorer INFO: Prefix 6/8 (end=27, n_frames=6/28): reward=-17.5000 (mean, 1 tok)
2026-04-30 18:16:29,870 mme_vla_suite.pseudo_labeling.topreward_qwen_scorer INFO: Prefix 7/8 (end=32, n_frames=7/33): reward=-17.6250 (mean, 1 tok)
2026-04-30 18:16:36,747 mme_vla_suite.pseudo_labeling.topreward_qwen_scorer INFO: Prefix 8/8 (end=37, n_frames=8/38): reward=-17.6250 (mean, 1 tok)
2026-04-30 18:16:44,491 mme_vla_suite.pseudo_labeling.topreward_qwen_scorer INFO: Prefix 1/8 (end=4, n_frames=4/5): reward=-19.6250 (mean, 1 tok)
2026-04-30 18:16:51,331 mme_vla_suite.pseudo_labeling.topreward_qwen_scorer INFO: Prefix 2/8 (end=8, n_frames=4/9): reward=-20.0000 (mean, 1 tok)
2026-04-30 18:16:58,168 mme_vla_suite.pseudo_labeling.topreward_qwen_scorer INFO: Prefix 3/8 (end=12, n_frames=4/13): reward=-20.8750 (mean, 1 tok)
2026-04-30 18:17:05,004 mme_vla_suite.pseudo_labeling.topreward_qwen_scorer INFO: Prefix 4/8 (end=16, n_frames=4/17): reward=-20.0000 (mean, 1 tok)
2026-04-30 18:17:11,853 mme_vla_suite.pseudo_labeling.topreward_qwen_scorer INFO: Prefix 5/8 (end=21, n_frames=4/22): reward=-19.1250 (mean, 1 tok)
2026-04-30 18:17:18,712 mme_vla_suite.pseudo_labeling.topreward_qwen_scorer INFO: Prefix 6/8 (end=25, n_frames=5/26): reward=-19.8750 (mean, 1 tok)
2026-04-30 18:17:25,561 mme_vla_suite.pseudo_labeling.topreward_qwen_scorer INFO: Prefix 7/8 (end=29, n_frames=6/30): reward=-20.2500 (mean, 1 tok)
2026-04-30 18:17:32,407 mme_vla_suite.pseudo_labeling.topreward_qwen_scorer INFO: Prefix 8/8 (end=34, n_frames=7/35): reward=-18.3750 (mean, 1 tok)
2026-04-30 18:17:40,316 mme_vla_suite.pseudo_labeling.topreward_qwen_scorer INFO: Prefix 1/8 (end=5, n_frames=4/6): reward=-20.2500 (mean, 1 tok)
2026-04-30 18:17:47,157 mme_vla_suite.pseudo_labeling.topreward_qwen_scorer INFO: Prefix 2/8 (end=11, n_frames=4/12): reward=-19.8750 (mean, 1 tok)
2026-04-30 18:17:54,028 mme_vla_suite.pseudo_labeling.topreward_qwen_scorer INFO: Prefix 3/8 (end=17, n_frames=4/18): reward=-19.2500 (mean, 1 tok)
2026-04-30 18:18:00,884 mme_vla_suite.pseudo_labeling.topreward_qwen_scorer INFO: Prefix 4/8 (end=23, n_frames=5/24): reward=-19.5000 (mean, 1 tok)
2026-04-30 18:18:07,714 mme_vla_suite.pseudo_labeling.topreward_qwen_scorer INFO: Prefix 5/8 (end=30, n_frames=6/31): reward=-19.2500 (mean, 1 tok)
2026-04-30 18:18:14,567 mme_vla_suite.pseudo_labeling.topreward_qwen_scorer INFO: Prefix 6/8 (end=36, n_frames=7/37): reward=-19.1250 (mean, 1 tok)
2026-04-30 18:18:21,430 mme_vla_suite.pseudo_labeling.topreward_qwen_scorer INFO: Prefix 7/8 (end=42, n_frames=9/43): reward=-19.3750 (mean, 1 tok)
2026-04-30 18:18:28,298 mme_vla_suite.pseudo_labeling.topreward_qwen_scorer INFO: Prefix 8/8 (end=49, n_frames=10/50): reward=-19.1250 (mean, 1 tok)
2026-04-30 18:18:36,081 mme_vla_suite.pseudo_labeling.topreward_qwen_scorer INFO: Prefix 1/8 (end=8, n_frames=4/9): reward=-19.8750 (mean, 1 tok)
2026-04-30 18:18:42,916 mme_vla_suite.pseudo_labeling.topreward_qwen_scorer INFO: Prefix 2/8 (end=19, n_frames=4/20): reward=-19.6250 (mean, 1 tok)
2026-04-30 18:18:49,760 mme_vla_suite.pseudo_labeling.topreward_qwen_scorer INFO: Prefix 3/8 (end=30, n_frames=6/31): reward=-19.2500 (mean, 1 tok)
2026-04-30 18:18:56,602 mme_vla_suite.pseudo_labeling.topreward_qwen_scorer INFO: Prefix 4/8 (end=41, n_frames=8/42): reward=-19.0000 (mean, 1 tok)
2026-04-30 18:19:03,510 mme_vla_suite.pseudo_labeling.topreward_qwen_scorer INFO: Prefix 5/8 (end=53, n_frames=11/54): reward=-18.8750 (mean, 1 tok)
2026-04-30 18:19:10,364 mme_vla_suite.pseudo_labeling.topreward_qwen_scorer INFO: Prefix 6/8 (end=64, n_frames=13/65): reward=-19.7500 (mean, 1 tok)
2026-04-30 18:19:17,253 mme_vla_suite.pseudo_labeling.topreward_qwen_scorer INFO: Prefix 7/8 (end=75, n_frames=15/76): reward=-19.6250 (mean, 1 tok)
2026-04-30 18:19:24,168 mme_vla_suite.pseudo_labeling.topreward_qwen_scorer INFO: Prefix 8/8 (end=87, n_frames=18/88): reward=-19.2500 (mean, 1 tok)
2026-04-30 18:19:32,052 mme_vla_suite.pseudo_labeling.topreward_qwen_scorer INFO: Prefix 1/8 (end=10, n_frames=4/11): reward=-20.0000 (mean, 1 tok)
2026-04-30 18:19:38,983 mme_vla_suite.pseudo_labeling.topreward_qwen_scorer INFO: Prefix 2/8 (end=23, n_frames=5/24): reward=-19.8750 (mean, 1 tok)
2026-04-30 18:19:45,847 mme_vla_suite.pseudo_labeling.topreward_qwen_scorer INFO: Prefix 3/8 (end=36, n_frames=7/37): reward=-17.0000 (mean, 1 tok)
2026-04-30 18:19:52,827 mme_vla_suite.pseudo_labeling.topreward_qwen_scorer INFO: Prefix 4/8 (end=50, n_frames=10/51): reward=-15.8750 (mean, 1 tok)
2026-04-30 18:19:59,744 mme_vla_suite.pseudo_labeling.topreward_qwen_scorer INFO: Prefix 5/8 (end=63, n_frames=13/64): reward=-16.5000 (mean, 1 tok)
2026-04-30 18:20:06,621 mme_vla_suite.pseudo_labeling.topreward_qwen_scorer INFO: Prefix 6/8 (end=77, n_frames=16/78): reward=-16.0000 (mean, 1 tok)
2026-04-30 18:20:13,522 mme_vla_suite.pseudo_labeling.topreward_qwen_scorer INFO: Prefix 7/8 (end=90, n_frames=18/91): reward=-16.0000 (mean, 1 tok)
2026-04-30 18:20:20,460 mme_vla_suite.pseudo_labeling.topreward_qwen_scorer INFO: Prefix 8/8 (end=104, n_frames=21/105): reward=-13.8750 (mean, 1 tok)
2026-04-30 18:20:28,223 mme_vla_suite.pseudo_labeling.topreward_qwen_scorer INFO: Prefix 1/8 (end=4, n_frames=4/5): reward=-20.0000 (mean, 1 tok)
2026-04-30 18:20:35,059 mme_vla_suite.pseudo_labeling.topreward_qwen_scorer INFO: Prefix 2/8 (end=7, n_frames=4/8): reward=-19.1250 (mean, 1 tok)
2026-04-30 18:20:41,912 mme_vla_suite.pseudo_labeling.topreward_qwen_scorer INFO: Prefix 3/8 (end=10, n_frames=4/11): reward=-18.7500 (mean, 1 tok)
2026-04-30 18:20:48,747 mme_vla_suite.pseudo_labeling.topreward_qwen_scorer INFO: Prefix 4/8 (end=14, n_frames=4/15): reward=-18.3750 (mean, 1 tok)
2026-04-30 18:20:55,596 mme_vla_suite.pseudo_labeling.topreward_qwen_scorer INFO: Prefix 5/8 (end=17, n_frames=4/18): reward=-17.6250 (mean, 1 tok)
2026-04-30 18:21:02,445 mme_vla_suite.pseudo_labeling.topreward_qwen_scorer INFO: Prefix 6/8 (end=21, n_frames=4/22): reward=-16.7500 (mean, 1 tok)
2026-04-30 18:21:09,289 mme_vla_suite.pseudo_labeling.topreward_qwen_scorer INFO: Prefix 7/8 (end=24, n_frames=5/25): reward=-17.7500 (mean, 1 tok)
2026-04-30 18:21:16,154 mme_vla_suite.pseudo_labeling.topreward_qwen_scorer INFO: Prefix 8/8 (end=28, n_frames=6/29): reward=-17.5000 (mean, 1 tok)
2026-04-30 18:21:23,892 mme_vla_suite.pseudo_labeling.topreward_qwen_scorer INFO: Prefix 1/8 (end=4, n_frames=4/5): reward=-19.0000 (mean, 1 tok)
2026-04-30 18:21:30,728 mme_vla_suite.pseudo_labeling.topreward_qwen_scorer INFO: Prefix 2/8 (end=8, n_frames=4/9): reward=-17.8750 (mean, 1 tok)
2026-04-30 18:21:37,595 mme_vla_suite.pseudo_labeling.topreward_qwen_scorer INFO: Prefix 3/8 (end=13, n_frames=4/14): reward=-17.8750 (mean, 1 tok)
2026-04-30 18:21:44,428 mme_vla_suite.pseudo_labeling.topreward_qwen_scorer INFO: Prefix 4/8 (end=18, n_frames=4/19): reward=-17.6250 (mean, 1 tok)
2026-04-30 18:21:51,288 mme_vla_suite.pseudo_labeling.topreward_qwen_scorer INFO: Prefix 5/8 (end=22, n_frames=5/23): reward=-18.5000 (mean, 1 tok)
2026-04-30 18:21:58,147 mme_vla_suite.pseudo_labeling.topreward_qwen_scorer INFO: Prefix 6/8 (end=27, n_frames=6/28): reward=-17.3750 (mean, 1 tok)
2026-04-30 18:22:05,006 mme_vla_suite.pseudo_labeling.topreward_qwen_scorer INFO: Prefix 7/8 (end=32, n_frames=7/33): reward=-19.2500 (mean, 1 tok)
2026-04-30 18:22:11,861 mme_vla_suite.pseudo_labeling.topreward_qwen_scorer INFO: Prefix 8/8 (end=37, n_frames=8/38): reward=-19.2500 (mean, 1 tok)
2026-04-30 18:22:19,787 mme_vla_suite.pseudo_labeling.topreward_qwen_scorer INFO: Prefix 1/8 (end=4, n_frames=4/5): reward=-20.2500 (mean, 1 tok)
2026-04-30 18:22:26,659 mme_vla_suite.pseudo_labeling.topreward_qwen_scorer INFO: Prefix 2/8 (end=8, n_frames=4/9): reward=-19.0000 (mean, 1 tok)
2026-04-30 18:22:33,491 mme_vla_suite.pseudo_labeling.topreward_qwen_scorer INFO: Prefix 3/8 (end=13, n_frames=4/14): reward=-19.0000 (mean, 1 tok)
2026-04-30 18:22:40,350 mme_vla_suite.pseudo_labeling.topreward_qwen_scorer INFO: Prefix 4/8 (end=18, n_frames=4/19): reward=-18.2500 (mean, 1 tok)
2026-04-30 18:22:47,191 mme_vla_suite.pseudo_labeling.topreward_qwen_scorer INFO: Prefix 5/8 (end=22, n_frames=5/23): reward=-19.1250 (mean, 1 tok)
2026-04-30 18:22:54,047 mme_vla_suite.pseudo_labeling.topreward_qwen_scorer INFO: Prefix 6/8 (end=27, n_frames=6/28): reward=-18.8750 (mean, 1 tok)
2026-04-30 18:23:00,899 mme_vla_suite.pseudo_labeling.topreward_qwen_scorer INFO: Prefix 7/8 (end=32, n_frames=7/33): reward=-18.5000 (mean, 1 tok)
2026-04-30 18:23:07,855 mme_vla_suite.pseudo_labeling.topreward_qwen_scorer INFO: Prefix 8/8 (end=37, n_frames=8/38): reward=-18.2500 (mean, 1 tok)
2026-04-30 18:23:15,962 mme_vla_suite.pseudo_labeling.topreward_qwen_scorer INFO: Prefix 1/8 (end=4, n_frames=4/5): reward=-20.0000 (mean, 1 tok)
2026-04-30 18:23:22,817 mme_vla_suite.pseudo_labeling.topreward_qwen_scorer INFO: Prefix 2/8 (end=8, n_frames=4/9): reward=-19.0000 (mean, 1 tok)
2026-04-30 18:23:29,660 mme_vla_suite.pseudo_labeling.topreward_qwen_scorer INFO: Prefix 3/8 (end=13, n_frames=4/14): reward=-19.2500 (mean, 1 tok)
2026-04-30 18:23:36,520 mme_vla_suite.pseudo_labeling.topreward_qwen_scorer INFO: Prefix 4/8 (end=18, n_frames=4/19): reward=-18.5000 (mean, 1 tok)
2026-04-30 18:23:43,382 mme_vla_suite.pseudo_labeling.topreward_qwen_scorer INFO: Prefix 5/8 (end=22, n_frames=5/23): reward=-18.2500 (mean, 1 tok)
2026-04-30 18:23:50,236 mme_vla_suite.pseudo_labeling.topreward_qwen_scorer INFO: Prefix 6/8 (end=27, n_frames=6/28): reward=-17.8750 (mean, 1 tok)
2026-04-30 18:23:57,087 mme_vla_suite.pseudo_labeling.topreward_qwen_scorer INFO: Prefix 7/8 (end=32, n_frames=7/33): reward=-18.3750 (mean, 1 tok)
2026-04-30 18:24:03,965 mme_vla_suite.pseudo_labeling.topreward_qwen_scorer INFO: Prefix 8/8 (end=37, n_frames=8/38): reward=-18.6250 (mean, 1 tok)
2026-04-30 18:24:11,883 mme_vla_suite.pseudo_labeling.topreward_qwen_scorer INFO: Prefix 1/8 (end=4, n_frames=4/5): reward=-20.5000 (mean, 1 tok)
2026-04-30 18:24:18,717 mme_vla_suite.pseudo_labeling.topreward_qwen_scorer INFO: Prefix 2/8 (end=8, n_frames=4/9): reward=-19.2500 (mean, 1 tok)
2026-04-30 18:24:25,564 mme_vla_suite.pseudo_labeling.topreward_qwen_scorer INFO: Prefix 3/8 (end=12, n_frames=4/13): reward=-19.5000 (mean, 1 tok)
2026-04-30 18:24:32,413 mme_vla_suite.pseudo_labeling.topreward_qwen_scorer INFO: Prefix 4/8 (end=16, n_frames=4/17): reward=-20.1250 (mean, 1 tok)
2026-04-30 18:24:39,252 mme_vla_suite.pseudo_labeling.topreward_qwen_scorer INFO: Prefix 5/8 (end=21, n_frames=4/22): reward=-17.8750 (mean, 1 tok)
2026-04-30 18:24:46,087 mme_vla_suite.pseudo_labeling.topreward_qwen_scorer INFO: Prefix 6/8 (end=25, n_frames=5/26): reward=-19.0000 (mean, 1 tok)
2026-04-30 18:24:52,927 mme_vla_suite.pseudo_labeling.topreward_qwen_scorer INFO: Prefix 7/8 (end=29, n_frames=6/30): reward=-19.5000 (mean, 1 tok)
2026-04-30 18:24:59,782 mme_vla_suite.pseudo_labeling.topreward_qwen_scorer INFO: Prefix 8/8 (end=34, n_frames=7/35): reward=-16.5000 (mean, 1 tok)
2026-04-30 18:25:07,550 mme_vla_suite.pseudo_labeling.topreward_qwen_scorer INFO: Prefix 1/8 (end=6, n_frames=4/7): reward=-20.0000 (mean, 1 tok)
2026-04-30 18:25:14,410 mme_vla_suite.pseudo_labeling.topreward_qwen_scorer INFO: Prefix 2/8 (end=13, n_frames=4/14): reward=-20.0000 (mean, 1 tok)
2026-04-30 18:25:21,252 mme_vla_suite.pseudo_labeling.topreward_qwen_scorer INFO: Prefix 3/8 (end=21, n_frames=4/22): reward=-19.3750 (mean, 1 tok)
2026-04-30 18:25:28,119 mme_vla_suite.pseudo_labeling.topreward_qwen_scorer INFO: Prefix 4/8 (end=28, n_frames=6/29): reward=-19.2500 (mean, 1 tok)
2026-04-30 18:25:34,986 mme_vla_suite.pseudo_labeling.topreward_qwen_scorer INFO: Prefix 5/8 (end=36, n_frames=7/37): reward=-19.3750 (mean, 1 tok)
2026-04-30 18:25:41,836 mme_vla_suite.pseudo_labeling.topreward_qwen_scorer INFO: Prefix 6/8 (end=43, n_frames=9/44): reward=-19.3750 (mean, 1 tok)
2026-04-30 18:25:48,709 mme_vla_suite.pseudo_labeling.topreward_qwen_scorer INFO: Prefix 7/8 (end=51, n_frames=10/52): reward=-19.1250 (mean, 1 tok)
2026-04-30 18:25:55,595 mme_vla_suite.pseudo_labeling.topreward_qwen_scorer INFO: Prefix 8/8 (end=59, n_frames=12/60): reward=-18.5000 (mean, 1 tok)
2026-04-30 18:26:03,478 mme_vla_suite.pseudo_labeling.topreward_qwen_scorer INFO: Prefix 1/8 (end=9, n_frames=4/10): reward=-19.8750 (mean, 1 tok)
2026-04-30 18:26:10,328 mme_vla_suite.pseudo_labeling.topreward_qwen_scorer INFO: Prefix 2/8 (end=21, n_frames=4/22): reward=-19.3750 (mean, 1 tok)
2026-04-30 18:26:17,162 mme_vla_suite.pseudo_labeling.topreward_qwen_scorer INFO: Prefix 3/8 (end=33, n_frames=7/34): reward=-19.5000 (mean, 1 tok)
2026-04-30 18:26:24,016 mme_vla_suite.pseudo_labeling.topreward_qwen_scorer INFO: Prefix 4/8 (end=45, n_frames=9/46): reward=-19.7500 (mean, 1 tok)
2026-04-30 18:26:30,895 mme_vla_suite.pseudo_labeling.topreward_qwen_scorer INFO: Prefix 5/8 (end=57, n_frames=12/58): reward=-18.5000 (mean, 1 tok)
2026-04-30 18:26:37,780 mme_vla_suite.pseudo_labeling.topreward_qwen_scorer INFO: Prefix 6/8 (end=69, n_frames=14/70): reward=-18.7500 (mean, 1 tok)
2026-04-30 18:26:44,678 mme_vla_suite.pseudo_labeling.topreward_qwen_scorer INFO: Prefix 7/8 (end=81, n_frames=16/82): reward=-19.1250 (mean, 1 tok)
2026-04-30 18:26:51,616 mme_vla_suite.pseudo_labeling.topreward_qwen_scorer INFO: Prefix 8/8 (end=94, n_frames=19/95): reward=-20.0000 (mean, 1 tok)
2026-04-30 18:26:59,764 mme_vla_suite.pseudo_labeling.topreward_qwen_scorer INFO: Prefix 1/8 (end=11, n_frames=4/12): reward=-19.1250 (mean, 1 tok)
2026-04-30 18:27:06,601 mme_vla_suite.pseudo_labeling.topreward_qwen_scorer INFO: Prefix 2/8 (end=25, n_frames=5/26): reward=-19.1250 (mean, 1 tok)
2026-04-30 18:27:13,464 mme_vla_suite.pseudo_labeling.topreward_qwen_scorer INFO: Prefix 3/8 (end=39, n_frames=8/40): reward=-13.7500 (mean, 1 tok)
2026-04-30 18:27:20,332 mme_vla_suite.pseudo_labeling.topreward_qwen_scorer INFO: Prefix 4/8 (end=53, n_frames=11/54): reward=-14.0000 (mean, 1 tok)
2026-04-30 18:27:27,230 mme_vla_suite.pseudo_labeling.topreward_qwen_scorer INFO: Prefix 5/8 (end=67, n_frames=14/68): reward=-15.1250 (mean, 1 tok)
2026-04-30 18:27:34,131 mme_vla_suite.pseudo_labeling.topreward_qwen_scorer INFO: Prefix 6/8 (end=81, n_frames=16/82): reward=-14.5000 (mean, 1 tok)
2026-04-30 18:27:41,037 mme_vla_suite.pseudo_labeling.topreward_qwen_scorer INFO: Prefix 7/8 (end=95, n_frames=19/96): reward=-14.2500 (mean, 1 tok)
2026-04-30 18:27:47,981 mme_vla_suite.pseudo_labeling.topreward_qwen_scorer INFO: Prefix 8/8 (end=110, n_frames=22/111): reward=-13.5000 (mean, 1 tok)
2026-04-30 18:27:55,817 mme_vla_suite.pseudo_labeling.topreward_qwen_scorer INFO: Prefix 1/8 (end=4, n_frames=4/5): reward=-22.0000 (mean, 1 tok)
2026-04-30 18:28:02,682 mme_vla_suite.pseudo_labeling.topreward_qwen_scorer INFO: Prefix 2/8 (end=8, n_frames=4/9): reward=-21.8750 (mean, 1 tok)
2026-04-30 18:28:09,525 mme_vla_suite.pseudo_labeling.topreward_qwen_scorer INFO: Prefix 3/8 (end=13, n_frames=4/14): reward=-21.7500 (mean, 1 tok)
2026-04-30 18:28:16,364 mme_vla_suite.pseudo_labeling.topreward_qwen_scorer INFO: Prefix 4/8 (end=18, n_frames=4/19): reward=-21.8750 (mean, 1 tok)
2026-04-30 18:28:23,204 mme_vla_suite.pseudo_labeling.topreward_qwen_scorer INFO: Prefix 5/8 (end=23, n_frames=5/24): reward=-20.6250 (mean, 1 tok)
2026-04-30 18:28:30,073 mme_vla_suite.pseudo_labeling.topreward_qwen_scorer INFO: Prefix 6/8 (end=28, n_frames=6/29): reward=-19.5000 (mean, 1 tok)
2026-04-30 18:28:36,924 mme_vla_suite.pseudo_labeling.topreward_qwen_scorer INFO: Prefix 7/8 (end=33, n_frames=7/34): reward=-20.2500 (mean, 1 tok)
2026-04-30 18:28:43,783 mme_vla_suite.pseudo_labeling.topreward_qwen_scorer INFO: Prefix 8/8 (end=38, n_frames=8/39): reward=-21.0000 (mean, 1 tok)
2026-04-30 18:28:51,536 mme_vla_suite.pseudo_labeling.topreward_qwen_scorer INFO: Prefix 1/8 (end=4, n_frames=4/5): reward=-20.0000 (mean, 1 tok)
2026-04-30 18:28:58,372 mme_vla_suite.pseudo_labeling.topreward_qwen_scorer INFO: Prefix 2/8 (end=9, n_frames=4/10): reward=-19.2500 (mean, 1 tok)
2026-04-30 18:29:05,197 mme_vla_suite.pseudo_labeling.topreward_qwen_scorer INFO: Prefix 3/8 (end=14, n_frames=4/15): reward=-19.0000 (mean, 1 tok)
2026-04-30 18:29:12,045 mme_vla_suite.pseudo_labeling.topreward_qwen_scorer INFO: Prefix 4/8 (end=19, n_frames=4/20): reward=-18.6250 (mean, 1 tok)
2026-04-30 18:29:18,902 mme_vla_suite.pseudo_labeling.topreward_qwen_scorer INFO: Prefix 5/8 (end=24, n_frames=5/25): reward=-18.1250 (mean, 1 tok)
2026-04-30 18:29:25,747 mme_vla_suite.pseudo_labeling.topreward_qwen_scorer INFO: Prefix 6/8 (end=29, n_frames=6/30): reward=-18.5000 (mean, 1 tok)
2026-04-30 18:29:32,628 mme_vla_suite.pseudo_labeling.topreward_qwen_scorer INFO: Prefix 7/8 (end=34, n_frames=7/35): reward=-19.1250 (mean, 1 tok)
2026-04-30 18:29:39,509 mme_vla_suite.pseudo_labeling.topreward_qwen_scorer INFO: Prefix 8/8 (end=40, n_frames=8/41): reward=-19.2500 (mean, 1 tok)
2026-04-30 18:29:47,185 mme_vla_suite.pseudo_labeling.topreward_qwen_scorer INFO: Prefix 1/8 (end=4, n_frames=4/5): reward=-20.0000 (mean, 1 tok)
2026-04-30 18:29:54,029 mme_vla_suite.pseudo_labeling.topreward_qwen_scorer INFO: Prefix 2/8 (end=8, n_frames=4/9): reward=-20.0000 (mean, 1 tok)
2026-04-30 18:30:00,877 mme_vla_suite.pseudo_labeling.topreward_qwen_scorer INFO: Prefix 3/8 (end=12, n_frames=4/13): reward=-20.0000 (mean, 1 tok)
2026-04-30 18:30:07,717 mme_vla_suite.pseudo_labeling.topreward_qwen_scorer INFO: Prefix 4/8 (end=17, n_frames=4/18): reward=-18.7500 (mean, 1 tok)
2026-04-30 18:30:14,575 mme_vla_suite.pseudo_labeling.topreward_qwen_scorer INFO: Prefix 5/8 (end=21, n_frames=4/22): reward=-16.8750 (mean, 1 tok)
2026-04-30 18:30:21,431 mme_vla_suite.pseudo_labeling.topreward_qwen_scorer INFO: Prefix 6/8 (end=26, n_frames=5/27): reward=-17.0000 (mean, 1 tok)
2026-04-30 18:30:28,293 mme_vla_suite.pseudo_labeling.topreward_qwen_scorer INFO: Prefix 7/8 (end=30, n_frames=6/31): reward=-17.5000 (mean, 1 tok)
2026-04-30 18:30:35,136 mme_vla_suite.pseudo_labeling.topreward_qwen_scorer INFO: Prefix 8/8 (end=35, n_frames=7/36): reward=-15.3750 (mean, 1 tok)
2026-04-30 18:30:43,098 mme_vla_suite.pseudo_labeling.topreward_qwen_scorer INFO: Prefix 1/8 (end=6, n_frames=4/7): reward=-22.1250 (mean, 1 tok)
2026-04-30 18:30:49,923 mme_vla_suite.pseudo_labeling.topreward_qwen_scorer INFO: Prefix 2/8 (end=14, n_frames=4/15): reward=-21.5000 (mean, 1 tok)
2026-04-30 18:30:56,771 mme_vla_suite.pseudo_labeling.topreward_qwen_scorer INFO: Prefix 3/8 (end=22, n_frames=5/23): reward=-21.0000 (mean, 1 tok)
2026-04-30 18:31:03,649 mme_vla_suite.pseudo_labeling.topreward_qwen_scorer INFO: Prefix 4/8 (end=30, n_frames=6/31): reward=-21.0000 (mean, 1 tok)
2026-04-30 18:31:10,495 mme_vla_suite.pseudo_labeling.topreward_qwen_scorer INFO: Prefix 5/8 (end=39, n_frames=8/40): reward=-20.3750 (mean, 1 tok)
2026-04-30 18:31:17,369 mme_vla_suite.pseudo_labeling.topreward_qwen_scorer INFO: Prefix 6/8 (end=47, n_frames=10/48): reward=-20.6250 (mean, 1 tok)
2026-04-30 18:31:24,244 mme_vla_suite.pseudo_labeling.topreward_qwen_scorer INFO: Prefix 7/8 (end=55, n_frames=11/56): reward=-20.3750 (mean, 1 tok)
2026-04-30 18:31:31,117 mme_vla_suite.pseudo_labeling.topreward_qwen_scorer INFO: Prefix 8/8 (end=64, n_frames=13/65): reward=-19.8750 (mean, 1 tok)
2026-04-30 18:31:38,820 mme_vla_suite.pseudo_labeling.topreward_qwen_scorer INFO: Prefix 1/8 (end=10, n_frames=4/11): reward=-21.6250 (mean, 1 tok)
2026-04-30 18:31:45,642 mme_vla_suite.pseudo_labeling.topreward_qwen_scorer INFO: Prefix 2/8 (end=23, n_frames=5/24): reward=-20.5000 (mean, 1 tok)
2026-04-30 18:31:52,489 mme_vla_suite.pseudo_labeling.topreward_qwen_scorer INFO: Prefix 3/8 (end=36, n_frames=7/37): reward=-20.6250 (mean, 1 tok)
2026-04-30 18:31:59,345 mme_vla_suite.pseudo_labeling.topreward_qwen_scorer INFO: Prefix 4/8 (end=49, n_frames=10/50): reward=-20.1250 (mean, 1 tok)
2026-04-30 18:32:06,224 mme_vla_suite.pseudo_labeling.topreward_qwen_scorer INFO: Prefix 5/8 (end=63, n_frames=13/64): reward=-19.5000 (mean, 1 tok)
2026-04-30 18:32:13,117 mme_vla_suite.pseudo_labeling.topreward_qwen_scorer INFO: Prefix 6/8 (end=76, n_frames=15/77): reward=-20.0000 (mean, 1 tok)
2026-04-30 18:32:19,990 mme_vla_suite.pseudo_labeling.topreward_qwen_scorer INFO: Prefix 7/8 (end=89, n_frames=18/90): reward=-18.8750 (mean, 1 tok)
2026-04-30 18:32:26,934 mme_vla_suite.pseudo_labeling.topreward_qwen_scorer INFO: Prefix 8/8 (end=103, n_frames=21/104): reward=-19.1250 (mean, 1 tok)
2026-04-30 18:32:34,979 mme_vla_suite.pseudo_labeling.topreward_qwen_scorer INFO: Prefix 1/8 (end=10, n_frames=4/11): reward=-18.8750 (mean, 1 tok)
2026-04-30 18:32:41,940 mme_vla_suite.pseudo_labeling.topreward_qwen_scorer INFO: Prefix 2/8 (end=23, n_frames=5/24): reward=-19.7500 (mean, 1 tok)
2026-04-30 18:32:48,886 mme_vla_suite.pseudo_labeling.topreward_qwen_scorer INFO: Prefix 3/8 (end=36, n_frames=7/37): reward=-16.7500 (mean, 1 tok)
2026-04-30 18:32:55,818 mme_vla_suite.pseudo_labeling.topreward_qwen_scorer INFO: Prefix 4/8 (end=49, n_frames=10/50): reward=-15.7500 (mean, 1 tok)
2026-04-30 18:33:02,682 mme_vla_suite.pseudo_labeling.topreward_qwen_scorer INFO: Prefix 5/8 (end=63, n_frames=13/64): reward=-16.3750 (mean, 1 tok)
2026-04-30 18:33:09,644 mme_vla_suite.pseudo_labeling.topreward_qwen_scorer INFO: Prefix 6/8 (end=76, n_frames=15/77): reward=-17.1250 (mean, 1 tok)
2026-04-30 18:33:16,546 mme_vla_suite.pseudo_labeling.topreward_qwen_scorer INFO: Prefix 7/8 (end=89, n_frames=18/90): reward=-15.7500 (mean, 1 tok)
2026-04-30 18:33:23,498 mme_vla_suite.pseudo_labeling.topreward_qwen_scorer INFO: Prefix 8/8 (end=103, n_frames=21/104): reward=-15.0000 (mean, 1 tok)
2026-04-30 18:33:31,305 mme_vla_suite.pseudo_labeling.topreward_qwen_scorer INFO: Prefix 1/8 (end=4, n_frames=4/5): reward=-19.5000 (mean, 1 tok)
2026-04-30 18:33:38,145 mme_vla_suite.pseudo_labeling.topreward_qwen_scorer INFO: Prefix 2/8 (end=7, n_frames=4/8): reward=-19.5000 (mean, 1 tok)
2026-04-30 18:33:44,981 mme_vla_suite.pseudo_labeling.topreward_qwen_scorer INFO: Prefix 3/8 (end=11, n_frames=4/12): reward=-20.1250 (mean, 1 tok)
2026-04-30 18:33:51,823 mme_vla_suite.pseudo_labeling.topreward_qwen_scorer INFO: Prefix 4/8 (end=15, n_frames=4/16): reward=-17.7500 (mean, 1 tok)
2026-04-30 18:33:58,668 mme_vla_suite.pseudo_labeling.topreward_qwen_scorer INFO: Prefix 5/8 (end=18, n_frames=4/19): reward=-18.6250 (mean, 1 tok)
2026-04-30 18:34:05,517 mme_vla_suite.pseudo_labeling.topreward_qwen_scorer INFO: Prefix 6/8 (end=22, n_frames=5/23): reward=-18.2500 (mean, 1 tok)
2026-04-30 18:34:12,366 mme_vla_suite.pseudo_labeling.topreward_qwen_scorer INFO: Prefix 7/8 (end=26, n_frames=5/27): reward=-18.3750 (mean, 1 tok)
2026-04-30 18:34:19,210 mme_vla_suite.pseudo_labeling.topreward_qwen_scorer INFO: Prefix 8/8 (end=30, n_frames=6/31): reward=-18.5000 (mean, 1 tok)
2026-04-30 18:34:27,150 mme_vla_suite.pseudo_labeling.topreward_qwen_scorer INFO: Prefix 1/8 (end=4, n_frames=4/5): reward=-20.2500 (mean, 1 tok)
2026-04-30 18:34:33,988 mme_vla_suite.pseudo_labeling.topreward_qwen_scorer INFO: Prefix 2/8 (end=9, n_frames=4/10): reward=-18.8750 (mean, 1 tok)
2026-04-30 18:34:40,827 mme_vla_suite.pseudo_labeling.topreward_qwen_scorer INFO: Prefix 3/8 (end=14, n_frames=4/15): reward=-18.6250 (mean, 1 tok)
2026-04-30 18:34:47,663 mme_vla_suite.pseudo_labeling.topreward_qwen_scorer INFO: Prefix 4/8 (end=19, n_frames=4/20): reward=-18.1250 (mean, 1 tok)
2026-04-30 18:34:54,504 mme_vla_suite.pseudo_labeling.topreward_qwen_scorer INFO: Prefix 5/8 (end=24, n_frames=5/25): reward=-18.8750 (mean, 1 tok)
2026-04-30 18:35:01,357 mme_vla_suite.pseudo_labeling.topreward_qwen_scorer INFO: Prefix 6/8 (end=29, n_frames=6/30): reward=-18.3750 (mean, 1 tok)
2026-04-30 18:35:08,194 mme_vla_suite.pseudo_labeling.topreward_qwen_scorer INFO: Prefix 7/8 (end=34, n_frames=7/35): reward=-19.8750 (mean, 1 tok)
2026-04-30 18:35:15,038 mme_vla_suite.pseudo_labeling.topreward_qwen_scorer INFO: Prefix 8/8 (end=39, n_frames=8/40): reward=-19.7500 (mean, 1 tok)
2026-04-30 18:35:22,968 mme_vla_suite.pseudo_labeling.topreward_qwen_scorer INFO: Prefix 1/8 (end=4, n_frames=4/5): reward=-20.3750 (mean, 1 tok)
2026-04-30 18:35:29,791 mme_vla_suite.pseudo_labeling.topreward_qwen_scorer INFO: Prefix 2/8 (end=8, n_frames=4/9): reward=-19.7500 (mean, 1 tok)
2026-04-30 18:35:36,633 mme_vla_suite.pseudo_labeling.topreward_qwen_scorer INFO: Prefix 3/8 (end=13, n_frames=4/14): reward=-20.0000 (mean, 1 tok)
2026-04-30 18:35:43,475 mme_vla_suite.pseudo_labeling.topreward_qwen_scorer INFO: Prefix 4/8 (end=17, n_frames=4/18): reward=-19.2500 (mean, 1 tok)
2026-04-30 18:35:50,330 mme_vla_suite.pseudo_labeling.topreward_qwen_scorer INFO: Prefix 5/8 (end=22, n_frames=5/23): reward=-19.3750 (mean, 1 tok)
2026-04-30 18:35:57,176 mme_vla_suite.pseudo_labeling.topreward_qwen_scorer INFO: Prefix 6/8 (end=26, n_frames=5/27): reward=-19.6250 (mean, 1 tok)
2026-04-30 18:36:04,026 mme_vla_suite.pseudo_labeling.topreward_qwen_scorer INFO: Prefix 7/8 (end=31, n_frames=6/32): reward=-19.1250 (mean, 1 tok)
2026-04-30 18:36:10,865 mme_vla_suite.pseudo_labeling.topreward_qwen_scorer INFO: Prefix 8/8 (end=36, n_frames=7/37): reward=-19.7500 (mean, 1 tok)
2026-04-30 18:36:18,851 mme_vla_suite.pseudo_labeling.topreward_qwen_scorer INFO: Prefix 1/8 (end=4, n_frames=4/5): reward=-20.6250 (mean, 1 tok)
2026-04-30 18:36:25,680 mme_vla_suite.pseudo_labeling.topreward_qwen_scorer INFO: Prefix 2/8 (end=8, n_frames=4/9): reward=-20.2500 (mean, 1 tok)
2026-04-30 18:36:32,541 mme_vla_suite.pseudo_labeling.topreward_qwen_scorer INFO: Prefix 3/8 (end=13, n_frames=4/14): reward=-19.5000 (mean, 1 tok)
2026-04-30 18:36:39,378 mme_vla_suite.pseudo_labeling.topreward_qwen_scorer INFO: Prefix 4/8 (end=17, n_frames=4/18): reward=-18.5000 (mean, 1 tok)
2026-04-30 18:36:46,221 mme_vla_suite.pseudo_labeling.topreward_qwen_scorer INFO: Prefix 5/8 (end=22, n_frames=5/23): reward=-18.8750 (mean, 1 tok)
2026-04-30 18:36:53,071 mme_vla_suite.pseudo_labeling.topreward_qwen_scorer INFO: Prefix 6/8 (end=26, n_frames=5/27): reward=-19.0000 (mean, 1 tok)
2026-04-30 18:36:59,907 mme_vla_suite.pseudo_labeling.topreward_qwen_scorer INFO: Prefix 7/8 (end=31, n_frames=6/32): reward=-19.0000 (mean, 1 tok)
2026-04-30 18:37:06,754 mme_vla_suite.pseudo_labeling.topreward_qwen_scorer INFO: Prefix 8/8 (end=36, n_frames=7/37): reward=-20.2500 (mean, 1 tok)
2026-04-30 18:37:14,817 mme_vla_suite.pseudo_labeling.topreward_qwen_scorer INFO: Prefix 1/8 (end=4, n_frames=4/5): reward=-20.5000 (mean, 1 tok)
2026-04-30 18:37:21,658 mme_vla_suite.pseudo_labeling.topreward_qwen_scorer INFO: Prefix 2/8 (end=8, n_frames=4/9): reward=-19.8750 (mean, 1 tok)
2026-04-30 18:37:28,510 mme_vla_suite.pseudo_labeling.topreward_qwen_scorer INFO: Prefix 3/8 (end=13, n_frames=4/14): reward=-20.5000 (mean, 1 tok)
2026-04-30 18:37:35,359 mme_vla_suite.pseudo_labeling.topreward_qwen_scorer INFO: Prefix 4/8 (end=17, n_frames=4/18): reward=-20.0000 (mean, 1 tok)
2026-04-30 18:37:42,200 mme_vla_suite.pseudo_labeling.topreward_qwen_scorer INFO: Prefix 5/8 (end=22, n_frames=5/23): reward=-20.2500 (mean, 1 tok)
2026-04-30 18:37:49,041 mme_vla_suite.pseudo_labeling.topreward_qwen_scorer INFO: Prefix 6/8 (end=26, n_frames=5/27): reward=-20.0000 (mean, 1 tok)
2026-04-30 18:37:55,874 mme_vla_suite.pseudo_labeling.topreward_qwen_scorer INFO: Prefix 7/8 (end=31, n_frames=6/32): reward=-20.3750 (mean, 1 tok)
2026-04-30 18:38:02,730 mme_vla_suite.pseudo_labeling.topreward_qwen_scorer INFO: Prefix 8/8 (end=36, n_frames=7/37): reward=-20.7500 (mean, 1 tok)
2026-04-30 18:38:10,706 mme_vla_suite.pseudo_labeling.topreward_qwen_scorer INFO: Prefix 1/8 (end=4, n_frames=4/5): reward=-21.1250 (mean, 1 tok)
2026-04-30 18:38:17,556 mme_vla_suite.pseudo_labeling.topreward_qwen_scorer INFO: Prefix 2/8 (end=8, n_frames=4/9): reward=-20.5000 (mean, 1 tok)
2026-04-30 18:38:24,397 mme_vla_suite.pseudo_labeling.topreward_qwen_scorer INFO: Prefix 3/8 (end=13, n_frames=4/14): reward=-20.2500 (mean, 1 tok)
2026-04-30 18:38:31,243 mme_vla_suite.pseudo_labeling.topreward_qwen_scorer INFO: Prefix 4/8 (end=17, n_frames=4/18): reward=-19.6250 (mean, 1 tok)
2026-04-30 18:38:38,079 mme_vla_suite.pseudo_labeling.topreward_qwen_scorer INFO: Prefix 5/8 (end=22, n_frames=5/23): reward=-19.7500 (mean, 1 tok)
2026-04-30 18:38:44,927 mme_vla_suite.pseudo_labeling.topreward_qwen_scorer INFO: Prefix 6/8 (end=26, n_frames=5/27): reward=-20.5000 (mean, 1 tok)
2026-04-30 18:38:51,781 mme_vla_suite.pseudo_labeling.topreward_qwen_scorer INFO: Prefix 7/8 (end=31, n_frames=6/32): reward=-19.7500 (mean, 1 tok)
2026-04-30 18:38:58,628 mme_vla_suite.pseudo_labeling.topreward_qwen_scorer INFO: Prefix 8/8 (end=36, n_frames=7/37): reward=-20.8750 (mean, 1 tok)
2026-04-30 18:39:06,513 mme_vla_suite.pseudo_labeling.topreward_qwen_scorer INFO: Prefix 1/8 (end=4, n_frames=4/5): reward=-20.8750 (mean, 1 tok)
2026-04-30 18:39:13,339 mme_vla_suite.pseudo_labeling.topreward_qwen_scorer INFO: Prefix 2/8 (end=8, n_frames=4/9): reward=-21.5000 (mean, 1 tok)
2026-04-30 18:39:20,154 mme_vla_suite.pseudo_labeling.topreward_qwen_scorer INFO: Prefix 3/8 (end=12, n_frames=4/13): reward=-20.7500 (mean, 1 tok)
2026-04-30 18:39:26,963 mme_vla_suite.pseudo_labeling.topreward_qwen_scorer INFO: Prefix 4/8 (end=16, n_frames=4/17): reward=-20.5000 (mean, 1 tok)
2026-04-30 18:39:33,780 mme_vla_suite.pseudo_labeling.topreward_qwen_scorer INFO: Prefix 5/8 (end=20, n_frames=4/21): reward=-18.1250 (mean, 1 tok)
2026-04-30 18:39:40,603 mme_vla_suite.pseudo_labeling.topreward_qwen_scorer INFO: Prefix 6/8 (end=24, n_frames=5/25): reward=-18.3750 (mean, 1 tok)
2026-04-30 18:39:47,512 mme_vla_suite.pseudo_labeling.topreward_qwen_scorer INFO: Prefix 7/8 (end=28, n_frames=6/29): reward=-18.3750 (mean, 1 tok)
2026-04-30 18:39:54,338 mme_vla_suite.pseudo_labeling.topreward_qwen_scorer INFO: Prefix 8/8 (end=33, n_frames=7/34): reward=-18.3750 (mean, 1 tok)
2026-04-30 18:40:02,126 mme_vla_suite.pseudo_labeling.topreward_qwen_scorer INFO: Prefix 1/8 (end=5, n_frames=4/6): reward=-21.7500 (mean, 1 tok)
2026-04-30 18:40:08,946 mme_vla_suite.pseudo_labeling.topreward_qwen_scorer INFO: Prefix 2/8 (end=12, n_frames=4/13): reward=-20.8750 (mean, 1 tok)
2026-04-30 18:40:15,781 mme_vla_suite.pseudo_labeling.topreward_qwen_scorer INFO: Prefix 3/8 (end=19, n_frames=4/20): reward=-20.3750 (mean, 1 tok)
2026-04-30 18:40:22,623 mme_vla_suite.pseudo_labeling.topreward_qwen_scorer INFO: Prefix 4/8 (end=26, n_frames=5/27): reward=-19.8750 (mean, 1 tok)
2026-04-30 18:40:29,467 mme_vla_suite.pseudo_labeling.topreward_qwen_scorer INFO: Prefix 5/8 (end=33, n_frames=7/34): reward=-20.1250 (mean, 1 tok)
2026-04-30 18:40:36,417 mme_vla_suite.pseudo_labeling.topreward_qwen_scorer INFO: Prefix 6/8 (end=40, n_frames=8/41): reward=-19.7500 (mean, 1 tok)
2026-04-30 18:40:43,288 mme_vla_suite.pseudo_labeling.topreward_qwen_scorer INFO: Prefix 7/8 (end=47, n_frames=10/48): reward=-19.1250 (mean, 1 tok)
2026-04-30 18:40:50,157 mme_vla_suite.pseudo_labeling.topreward_qwen_scorer INFO: Prefix 8/8 (end=55, n_frames=11/56): reward=-17.8750 (mean, 1 tok)
2026-04-30 18:40:57,778 mme_vla_suite.pseudo_labeling.topreward_qwen_scorer INFO: Prefix 1/8 (end=9, n_frames=4/10): reward=-20.6250 (mean, 1 tok)
2026-04-30 18:41:04,601 mme_vla_suite.pseudo_labeling.topreward_qwen_scorer INFO: Prefix 2/8 (end=20, n_frames=4/21): reward=-20.6250 (mean, 1 tok)
2026-04-30 18:41:11,542 mme_vla_suite.pseudo_labeling.topreward_qwen_scorer INFO: Prefix 3/8 (end=32, n_frames=7/33): reward=-19.5000 (mean, 1 tok)
2026-04-30 18:41:18,387 mme_vla_suite.pseudo_labeling.topreward_qwen_scorer INFO: Prefix 4/8 (end=44, n_frames=9/45): reward=-19.2500 (mean, 1 tok)
2026-04-30 18:41:25,236 mme_vla_suite.pseudo_labeling.topreward_qwen_scorer INFO: Prefix 5/8 (end=55, n_frames=11/56): reward=-17.8750 (mean, 1 tok)
2026-04-30 18:41:32,104 mme_vla_suite.pseudo_labeling.topreward_qwen_scorer INFO: Prefix 6/8 (end=67, n_frames=14/68): reward=-18.6250 (mean, 1 tok)
2026-04-30 18:41:38,982 mme_vla_suite.pseudo_labeling.topreward_qwen_scorer INFO: Prefix 7/8 (end=79, n_frames=16/80): reward=-18.2500 (mean, 1 tok)
2026-04-30 18:41:45,874 mme_vla_suite.pseudo_labeling.topreward_qwen_scorer INFO: Prefix 8/8 (end=91, n_frames=18/92): reward=-18.6250 (mean, 1 tok)
2026-04-30 18:41:53,894 mme_vla_suite.pseudo_labeling.topreward_qwen_scorer INFO: Prefix 1/8 (end=10, n_frames=4/11): reward=-20.1250 (mean, 1 tok)
2026-04-30 18:42:00,725 mme_vla_suite.pseudo_labeling.topreward_qwen_scorer INFO: Prefix 2/8 (end=23, n_frames=5/24): reward=-20.5000 (mean, 1 tok)
2026-04-30 18:42:07,580 mme_vla_suite.pseudo_labeling.topreward_qwen_scorer INFO: Prefix 3/8 (end=37, n_frames=8/38): reward=-17.5000 (mean, 1 tok)
2026-04-30 18:42:14,443 mme_vla_suite.pseudo_labeling.topreward_qwen_scorer INFO: Prefix 4/8 (end=50, n_frames=10/51): reward=-16.8750 (mean, 1 tok)
2026-04-30 18:42:21,318 mme_vla_suite.pseudo_labeling.topreward_qwen_scorer INFO: Prefix 5/8 (end=64, n_frames=13/65): reward=-16.2500 (mean, 1 tok)
2026-04-30 18:42:28,195 mme_vla_suite.pseudo_labeling.topreward_qwen_scorer INFO: Prefix 6/8 (end=77, n_frames=16/78): reward=-16.0000 (mean, 1 tok)
2026-04-30 18:42:35,064 mme_vla_suite.pseudo_labeling.topreward_qwen_scorer INFO: Prefix 7/8 (end=91, n_frames=18/92): reward=-16.1250 (mean, 1 tok)
2026-04-30 18:42:42,045 mme_vla_suite.pseudo_labeling.topreward_qwen_scorer INFO: Prefix 8/8 (end=105, n_frames=21/106): reward=-15.0000 (mean, 1 tok)
2026-04-30 18:42:49,671 mme_vla_suite.pseudo_labeling.topreward_qwen_scorer INFO: Prefix 1/8 (end=4, n_frames=4/5): reward=-20.3750 (mean, 1 tok)
2026-04-30 18:42:56,508 mme_vla_suite.pseudo_labeling.topreward_qwen_scorer INFO: Prefix 2/8 (end=7, n_frames=4/8): reward=-19.5000 (mean, 1 tok)
2026-04-30 18:43:03,335 mme_vla_suite.pseudo_labeling.topreward_qwen_scorer INFO: Prefix 3/8 (end=10, n_frames=4/11): reward=-20.2500 (mean, 1 tok)
2026-04-30 18:43:10,288 mme_vla_suite.pseudo_labeling.topreward_qwen_scorer INFO: Prefix 4/8 (end=13, n_frames=4/14): reward=-20.6250 (mean, 1 tok)
2026-04-30 18:43:17,120 mme_vla_suite.pseudo_labeling.topreward_qwen_scorer INFO: Prefix 5/8 (end=16, n_frames=4/17): reward=-19.0000 (mean, 1 tok)
2026-04-30 18:43:23,954 mme_vla_suite.pseudo_labeling.topreward_qwen_scorer INFO: Prefix 6/8 (end=19, n_frames=4/20): reward=-18.3750 (mean, 1 tok)
2026-04-30 18:43:30,809 mme_vla_suite.pseudo_labeling.topreward_qwen_scorer INFO: Prefix 7/8 (end=22, n_frames=5/23): reward=-19.2500 (mean, 1 tok)
2026-04-30 18:43:37,646 mme_vla_suite.pseudo_labeling.topreward_qwen_scorer INFO: Prefix 8/8 (end=25, n_frames=5/26): reward=-20.0000 (mean, 1 tok)
2026-04-30 18:43:45,550 mme_vla_suite.pseudo_labeling.topreward_qwen_scorer INFO: Prefix 1/8 (end=4, n_frames=4/5): reward=-20.2500 (mean, 1 tok)
2026-04-30 18:43:52,380 mme_vla_suite.pseudo_labeling.topreward_qwen_scorer INFO: Prefix 2/8 (end=9, n_frames=4/10): reward=-19.8750 (mean, 1 tok)
2026-04-30 18:43:59,219 mme_vla_suite.pseudo_labeling.topreward_qwen_scorer INFO: Prefix 3/8 (end=15, n_frames=4/16): reward=-18.2500 (mean, 1 tok)
2026-04-30 18:44:06,050 mme_vla_suite.pseudo_labeling.topreward_qwen_scorer INFO: Prefix 4/8 (end=21, n_frames=4/22): reward=-18.0000 (mean, 1 tok)
2026-04-30 18:44:12,898 mme_vla_suite.pseudo_labeling.topreward_qwen_scorer INFO: Prefix 5/8 (end=26, n_frames=5/27): reward=-17.3750 (mean, 1 tok)
2026-04-30 18:44:19,740 mme_vla_suite.pseudo_labeling.topreward_qwen_scorer INFO: Prefix 6/8 (end=32, n_frames=7/33): reward=-18.3750 (mean, 1 tok)
2026-04-30 18:44:26,573 mme_vla_suite.pseudo_labeling.topreward_qwen_scorer INFO: Prefix 7/8 (end=38, n_frames=8/39): reward=-19.3750 (mean, 1 tok)
2026-04-30 18:44:33,440 mme_vla_suite.pseudo_labeling.topreward_qwen_scorer INFO: Prefix 8/8 (end=44, n_frames=9/45): reward=-19.5000 (mean, 1 tok)
2026-04-30 18:44:41,385 mme_vla_suite.pseudo_labeling.topreward_qwen_scorer INFO: Prefix 1/8 (end=4, n_frames=4/5): reward=-21.1250 (mean, 1 tok)
2026-04-30 18:44:48,217 mme_vla_suite.pseudo_labeling.topreward_qwen_scorer INFO: Prefix 2/8 (end=9, n_frames=4/10): reward=-20.5000 (mean, 1 tok)
2026-04-30 18:44:55,049 mme_vla_suite.pseudo_labeling.topreward_qwen_scorer INFO: Prefix 3/8 (end=15, n_frames=4/16): reward=-19.6250 (mean, 1 tok)
2026-04-30 18:45:01,870 mme_vla_suite.pseudo_labeling.topreward_qwen_scorer INFO: Prefix 4/8 (end=20, n_frames=4/21): reward=-19.8750 (mean, 1 tok)
2026-04-30 18:45:08,721 mme_vla_suite.pseudo_labeling.topreward_qwen_scorer INFO: Prefix 5/8 (end=26, n_frames=5/27): reward=-19.2500 (mean, 1 tok)
2026-04-30 18:45:15,565 mme_vla_suite.pseudo_labeling.topreward_qwen_scorer INFO: Prefix 6/8 (end=31, n_frames=6/32): reward=-19.7500 (mean, 1 tok)
2026-04-30 18:45:22,407 mme_vla_suite.pseudo_labeling.topreward_qwen_scorer INFO: Prefix 7/8 (end=37, n_frames=8/38): reward=-19.1250 (mean, 1 tok)
2026-04-30 18:45:29,266 mme_vla_suite.pseudo_labeling.topreward_qwen_scorer INFO: Prefix 8/8 (end=43, n_frames=9/44): reward=-19.6250 (mean, 1 tok)
2026-04-30 18:45:37,251 mme_vla_suite.pseudo_labeling.topreward_qwen_scorer INFO: Prefix 1/8 (end=4, n_frames=4/5): reward=-20.8750 (mean, 1 tok)
2026-04-30 18:45:44,091 mme_vla_suite.pseudo_labeling.topreward_qwen_scorer INFO: Prefix 2/8 (end=9, n_frames=4/10): reward=-20.0000 (mean, 1 tok)
2026-04-30 18:45:50,927 mme_vla_suite.pseudo_labeling.topreward_qwen_scorer INFO: Prefix 3/8 (end=15, n_frames=4/16): reward=-19.2500 (mean, 1 tok)
2026-04-30 18:45:57,773 mme_vla_suite.pseudo_labeling.topreward_qwen_scorer INFO: Prefix 4/8 (end=20, n_frames=4/21): reward=-18.3750 (mean, 1 tok)
2026-04-30 18:46:04,600 mme_vla_suite.pseudo_labeling.topreward_qwen_scorer INFO: Prefix 5/8 (end=26, n_frames=5/27): reward=-19.1250 (mean, 1 tok)
2026-04-30 18:46:11,437 mme_vla_suite.pseudo_labeling.topreward_qwen_scorer INFO: Prefix 6/8 (end=31, n_frames=6/32): reward=-18.0000 (mean, 1 tok)
2026-04-30 18:46:18,305 mme_vla_suite.pseudo_labeling.topreward_qwen_scorer INFO: Prefix 7/8 (end=37, n_frames=8/38): reward=-18.7500 (mean, 1 tok)
2026-04-30 18:46:25,168 mme_vla_suite.pseudo_labeling.topreward_qwen_scorer INFO: Prefix 8/8 (end=43, n_frames=9/44): reward=-20.1250 (mean, 1 tok)
2026-04-30 18:46:33,098 mme_vla_suite.pseudo_labeling.topreward_qwen_scorer INFO: Prefix 1/8 (end=4, n_frames=4/5): reward=-21.6250 (mean, 1 tok)
2026-04-30 18:46:39,935 mme_vla_suite.pseudo_labeling.topreward_qwen_scorer INFO: Prefix 2/8 (end=9, n_frames=4/10): reward=-20.6250 (mean, 1 tok)
2026-04-30 18:46:46,782 mme_vla_suite.pseudo_labeling.topreward_qwen_scorer INFO: Prefix 3/8 (end=15, n_frames=4/16): reward=-20.8750 (mean, 1 tok)
2026-04-30 18:46:53,635 mme_vla_suite.pseudo_labeling.topreward_qwen_scorer INFO: Prefix 4/8 (end=20, n_frames=4/21): reward=-20.2500 (mean, 1 tok)
2026-04-30 18:47:00,482 mme_vla_suite.pseudo_labeling.topreward_qwen_scorer INFO: Prefix 5/8 (end=26, n_frames=5/27): reward=-19.7500 (mean, 1 tok)
2026-04-30 18:47:07,339 mme_vla_suite.pseudo_labeling.topreward_qwen_scorer INFO: Prefix 6/8 (end=31, n_frames=6/32): reward=-19.8750 (mean, 1 tok)
2026-04-30 18:47:14,184 mme_vla_suite.pseudo_labeling.topreward_qwen_scorer INFO: Prefix 7/8 (end=37, n_frames=8/38): reward=-19.8750 (mean, 1 tok)
2026-04-30 18:47:21,030 mme_vla_suite.pseudo_labeling.topreward_qwen_scorer INFO: Prefix 8/8 (end=43, n_frames=9/44): reward=-20.7500 (mean, 1 tok)
2026-04-30 18:47:28,960 mme_vla_suite.pseudo_labeling.topreward_qwen_scorer INFO: Prefix 1/8 (end=4, n_frames=4/5): reward=-21.0000 (mean, 1 tok)
2026-04-30 18:47:35,779 mme_vla_suite.pseudo_labeling.topreward_qwen_scorer INFO: Prefix 2/8 (end=9, n_frames=4/10): reward=-20.5000 (mean, 1 tok)
2026-04-30 18:47:42,608 mme_vla_suite.pseudo_labeling.topreward_qwen_scorer INFO: Prefix 3/8 (end=15, n_frames=4/16): reward=-19.3750 (mean, 1 tok)
2026-04-30 18:47:49,436 mme_vla_suite.pseudo_labeling.topreward_qwen_scorer INFO: Prefix 4/8 (end=20, n_frames=4/21): reward=-18.3750 (mean, 1 tok)
2026-04-30 18:47:56,257 mme_vla_suite.pseudo_labeling.topreward_qwen_scorer INFO: Prefix 5/8 (end=26, n_frames=5/27): reward=-19.3750 (mean, 1 tok)
2026-04-30 18:48:03,111 mme_vla_suite.pseudo_labeling.topreward_qwen_scorer INFO: Prefix 6/8 (end=31, n_frames=6/32): reward=-19.1250 (mean, 1 tok)
2026-04-30 18:48:09,979 mme_vla_suite.pseudo_labeling.topreward_qwen_scorer INFO: Prefix 7/8 (end=37, n_frames=8/38): reward=-19.3750 (mean, 1 tok)
2026-04-30 18:48:16,853 mme_vla_suite.pseudo_labeling.topreward_qwen_scorer INFO: Prefix 8/8 (end=43, n_frames=9/44): reward=-21.3750 (mean, 1 tok)
2026-04-30 18:48:24,659 mme_vla_suite.pseudo_labeling.topreward_qwen_scorer INFO: Prefix 1/8 (end=4, n_frames=4/5): reward=-19.8750 (mean, 1 tok)
2026-04-30 18:48:31,492 mme_vla_suite.pseudo_labeling.topreward_qwen_scorer INFO: Prefix 2/8 (end=8, n_frames=4/9): reward=-20.1250 (mean, 1 tok)
2026-04-30 18:48:38,323 mme_vla_suite.pseudo_labeling.topreward_qwen_scorer INFO: Prefix 3/8 (end=12, n_frames=4/13): reward=-20.2500 (mean, 1 tok)
2026-04-30 18:48:45,165 mme_vla_suite.pseudo_labeling.topreward_qwen_scorer INFO: Prefix 4/8 (end=17, n_frames=4/18): reward=-20.5000 (mean, 1 tok)
2026-04-30 18:48:51,988 mme_vla_suite.pseudo_labeling.topreward_qwen_scorer INFO: Prefix 5/8 (end=21, n_frames=4/22): reward=-19.2500 (mean, 1 tok)
2026-04-30 18:48:58,821 mme_vla_suite.pseudo_labeling.topreward_qwen_scorer INFO: Prefix 6/8 (end=26, n_frames=5/27): reward=-20.1250 (mean, 1 tok)
2026-04-30 18:49:05,674 mme_vla_suite.pseudo_labeling.topreward_qwen_scorer INFO: Prefix 7/8 (end=30, n_frames=6/31): reward=-19.2500 (mean, 1 tok)
2026-04-30 18:49:12,521 mme_vla_suite.pseudo_labeling.topreward_qwen_scorer INFO: Prefix 8/8 (end=35, n_frames=7/36): reward=-17.6250 (mean, 1 tok)
2026-04-30 18:49:20,319 mme_vla_suite.pseudo_labeling.topreward_qwen_scorer INFO: Prefix 1/8 (end=5, n_frames=4/6): reward=-20.1250 (mean, 1 tok)
2026-04-30 18:49:27,159 mme_vla_suite.pseudo_labeling.topreward_qwen_scorer INFO: Prefix 2/8 (end=11, n_frames=4/12): reward=-19.8750 (mean, 1 tok)
2026-04-30 18:49:33,995 mme_vla_suite.pseudo_labeling.topreward_qwen_scorer INFO: Prefix 3/8 (end=17, n_frames=4/18): reward=-20.2500 (mean, 1 tok)
2026-04-30 18:49:40,835 mme_vla_suite.pseudo_labeling.topreward_qwen_scorer INFO: Prefix 4/8 (end=23, n_frames=5/24): reward=-19.7500 (mean, 1 tok)
2026-04-30 18:49:47,679 mme_vla_suite.pseudo_labeling.topreward_qwen_scorer INFO: Prefix 5/8 (end=30, n_frames=6/31): reward=-19.5000 (mean, 1 tok)
2026-04-30 18:49:54,526 mme_vla_suite.pseudo_labeling.topreward_qwen_scorer INFO: Prefix 6/8 (end=36, n_frames=7/37): reward=-19.7500 (mean, 1 tok)
2026-04-30 18:50:01,366 mme_vla_suite.pseudo_labeling.topreward_qwen_scorer INFO: Prefix 7/8 (end=42, n_frames=9/43): reward=-18.8750 (mean, 1 tok)
2026-04-30 18:50:08,237 mme_vla_suite.pseudo_labeling.topreward_qwen_scorer INFO: Prefix 8/8 (end=49, n_frames=10/50): reward=-19.2500 (mean, 1 tok)
2026-04-30 18:50:16,237 mme_vla_suite.pseudo_labeling.topreward_qwen_scorer INFO: Prefix 1/8 (end=8, n_frames=4/9): reward=-19.7500 (mean, 1 tok)
2026-04-30 18:50:23,073 mme_vla_suite.pseudo_labeling.topreward_qwen_scorer INFO: Prefix 2/8 (end=19, n_frames=4/20): reward=-20.1250 (mean, 1 tok)
2026-04-30 18:50:29,916 mme_vla_suite.pseudo_labeling.topreward_qwen_scorer INFO: Prefix 3/8 (end=30, n_frames=6/31): reward=-19.5000 (mean, 1 tok)
2026-04-30 18:50:36,768 mme_vla_suite.pseudo_labeling.topreward_qwen_scorer INFO: Prefix 4/8 (end=41, n_frames=8/42): reward=-19.2500 (mean, 1 tok)
2026-04-30 18:50:43,632 mme_vla_suite.pseudo_labeling.topreward_qwen_scorer INFO: Prefix 5/8 (end=52, n_frames=11/53): reward=-19.2500 (mean, 1 tok)
2026-04-30 18:50:50,512 mme_vla_suite.pseudo_labeling.topreward_qwen_scorer INFO: Prefix 6/8 (end=63, n_frames=13/64): reward=-19.6250 (mean, 1 tok)
2026-04-30 18:50:57,370 mme_vla_suite.pseudo_labeling.topreward_qwen_scorer INFO: Prefix 7/8 (end=74, n_frames=15/75): reward=-19.5000 (mean, 1 tok)
2026-04-30 18:51:04,255 mme_vla_suite.pseudo_labeling.topreward_qwen_scorer INFO: Prefix 8/8 (end=85, n_frames=17/86): reward=-20.0000 (mean, 1 tok)
2026-04-30 18:51:12,479 mme_vla_suite.pseudo_labeling.topreward_qwen_scorer INFO: Prefix 1/8 (end=11, n_frames=4/12): reward=-20.1250 (mean, 1 tok)
2026-04-30 18:51:19,320 mme_vla_suite.pseudo_labeling.topreward_qwen_scorer INFO: Prefix 2/8 (end=25, n_frames=5/26): reward=-21.0000 (mean, 1 tok)
2026-04-30 18:51:26,167 mme_vla_suite.pseudo_labeling.topreward_qwen_scorer INFO: Prefix 3/8 (end=39, n_frames=8/40): reward=-17.5000 (mean, 1 tok)
2026-04-30 18:51:33,047 mme_vla_suite.pseudo_labeling.topreward_qwen_scorer INFO: Prefix 4/8 (end=53, n_frames=11/54): reward=-16.0000 (mean, 1 tok)
2026-04-30 18:51:39,932 mme_vla_suite.pseudo_labeling.topreward_qwen_scorer INFO: Prefix 5/8 (end=67, n_frames=14/68): reward=-16.6250 (mean, 1 tok)
2026-04-30 18:51:46,809 mme_vla_suite.pseudo_labeling.topreward_qwen_scorer INFO: Prefix 6/8 (end=81, n_frames=16/82): reward=-16.1250 (mean, 1 tok)
2026-04-30 18:51:53,713 mme_vla_suite.pseudo_labeling.topreward_qwen_scorer INFO: Prefix 7/8 (end=95, n_frames=19/96): reward=-16.3750 (mean, 1 tok)
2026-04-30 18:52:00,673 mme_vla_suite.pseudo_labeling.topreward_qwen_scorer INFO: Prefix 8/8 (end=110, n_frames=22/111): reward=-14.5000 (mean, 1 tok)
2026-04-30 18:52:08,633 mme_vla_suite.pseudo_labeling.topreward_qwen_scorer INFO: Prefix 1/8 (end=4, n_frames=4/5): reward=-19.8750 (mean, 1 tok)
2026-04-30 18:52:15,450 mme_vla_suite.pseudo_labeling.topreward_qwen_scorer INFO: Prefix 2/8 (end=5, n_frames=4/6): reward=-19.7500 (mean, 1 tok)
2026-04-30 18:52:22,264 mme_vla_suite.pseudo_labeling.topreward_qwen_scorer INFO: Prefix 3/8 (end=7, n_frames=4/8): reward=-20.5000 (mean, 1 tok)
2026-04-30 18:52:29,085 mme_vla_suite.pseudo_labeling.topreward_qwen_scorer INFO: Prefix 4/8 (end=9, n_frames=4/10): reward=-21.8750 (mean, 1 tok)
2026-04-30 18:52:35,921 mme_vla_suite.pseudo_labeling.topreward_qwen_scorer INFO: Prefix 5/8 (end=11, n_frames=4/12): reward=-20.8750 (mean, 1 tok)
2026-04-30 18:52:42,758 mme_vla_suite.pseudo_labeling.topreward_qwen_scorer INFO: Prefix 6/8 (end=13, n_frames=4/14): reward=-20.1250 (mean, 1 tok)
2026-04-30 18:52:49,590 mme_vla_suite.pseudo_labeling.topreward_qwen_scorer INFO: Prefix 7/8 (end=15, n_frames=4/16): reward=-20.1250 (mean, 1 tok)
2026-04-30 18:52:56,419 mme_vla_suite.pseudo_labeling.topreward_qwen_scorer INFO: Prefix 8/8 (end=17, n_frames=4/18): reward=-19.7500 (mean, 1 tok)
2026-04-30 18:53:04,173 mme_vla_suite.pseudo_labeling.topreward_qwen_scorer INFO: Prefix 1/8 (end=4, n_frames=4/5): reward=-19.8750 (mean, 1 tok)
2026-04-30 18:53:10,999 mme_vla_suite.pseudo_labeling.topreward_qwen_scorer INFO: Prefix 2/8 (end=8, n_frames=4/9): reward=-19.3750 (mean, 1 tok)
2026-04-30 18:53:17,841 mme_vla_suite.pseudo_labeling.topreward_qwen_scorer INFO: Prefix 3/8 (end=12, n_frames=4/13): reward=-18.1250 (mean, 1 tok)
2026-04-30 18:53:24,687 mme_vla_suite.pseudo_labeling.topreward_qwen_scorer INFO: Prefix 4/8 (end=17, n_frames=4/18): reward=-18.0000 (mean, 1 tok)
2026-04-30 18:53:31,524 mme_vla_suite.pseudo_labeling.topreward_qwen_scorer INFO: Prefix 5/8 (end=21, n_frames=4/22): reward=-18.6250 (mean, 1 tok)
2026-04-30 18:53:38,374 mme_vla_suite.pseudo_labeling.topreward_qwen_scorer INFO: Prefix 6/8 (end=26, n_frames=5/27): reward=-19.5000 (mean, 1 tok)
2026-04-30 18:53:45,226 mme_vla_suite.pseudo_labeling.topreward_qwen_scorer INFO: Prefix 7/8 (end=30, n_frames=6/31): reward=-19.3750 (mean, 1 tok)
2026-04-30 18:53:52,072 mme_vla_suite.pseudo_labeling.topreward_qwen_scorer INFO: Prefix 8/8 (end=35, n_frames=7/36): reward=-18.5000 (mean, 1 tok)
2026-04-30 18:53:59,870 mme_vla_suite.pseudo_labeling.topreward_qwen_scorer INFO: Prefix 1/8 (end=4, n_frames=4/5): reward=-20.5000 (mean, 1 tok)
2026-04-30 18:54:06,727 mme_vla_suite.pseudo_labeling.topreward_qwen_scorer INFO: Prefix 2/8 (end=8, n_frames=4/9): reward=-19.3750 (mean, 1 tok)
2026-04-30 18:54:13,581 mme_vla_suite.pseudo_labeling.topreward_qwen_scorer INFO: Prefix 3/8 (end=12, n_frames=4/13): reward=-18.3750 (mean, 1 tok)
2026-04-30 18:54:20,428 mme_vla_suite.pseudo_labeling.topreward_qwen_scorer INFO: Prefix 4/8 (end=17, n_frames=4/18): reward=-17.7500 (mean, 1 tok)
2026-04-30 18:54:27,263 mme_vla_suite.pseudo_labeling.topreward_qwen_scorer INFO: Prefix 5/8 (end=21, n_frames=4/22): reward=-18.1250 (mean, 1 tok)
2026-04-30 18:54:34,100 mme_vla_suite.pseudo_labeling.topreward_qwen_scorer INFO: Prefix 6/8 (end=26, n_frames=5/27): reward=-19.0000 (mean, 1 tok)
2026-04-30 18:54:40,946 mme_vla_suite.pseudo_labeling.topreward_qwen_scorer INFO: Prefix 7/8 (end=30, n_frames=6/31): reward=-18.3750 (mean, 1 tok)
2026-04-30 18:54:47,821 mme_vla_suite.pseudo_labeling.topreward_qwen_scorer INFO: Prefix 8/8 (end=35, n_frames=7/36): reward=-18.3750 (mean, 1 tok)
2026-04-30 18:54:55,569 mme_vla_suite.pseudo_labeling.topreward_qwen_scorer INFO: Prefix 1/8 (end=4, n_frames=4/5): reward=-20.7500 (mean, 1 tok)
2026-04-30 18:55:02,408 mme_vla_suite.pseudo_labeling.topreward_qwen_scorer INFO: Prefix 2/8 (end=8, n_frames=4/9): reward=-19.2500 (mean, 1 tok)
2026-04-30 18:55:09,225 mme_vla_suite.pseudo_labeling.topreward_qwen_scorer INFO: Prefix 3/8 (end=12, n_frames=4/13): reward=-19.2500 (mean, 1 tok)
2026-04-30 18:55:16,059 mme_vla_suite.pseudo_labeling.topreward_qwen_scorer INFO: Prefix 4/8 (end=17, n_frames=4/18): reward=-18.5000 (mean, 1 tok)
2026-04-30 18:55:22,901 mme_vla_suite.pseudo_labeling.topreward_qwen_scorer INFO: Prefix 5/8 (end=21, n_frames=4/22): reward=-19.5000 (mean, 1 tok)
2026-04-30 18:55:29,823 mme_vla_suite.pseudo_labeling.topreward_qwen_scorer INFO: Prefix 6/8 (end=26, n_frames=5/27): reward=-20.5000 (mean, 1 tok)
2026-04-30 18:55:36,673 mme_vla_suite.pseudo_labeling.topreward_qwen_scorer INFO: Prefix 7/8 (end=30, n_frames=6/31): reward=-20.2500 (mean, 1 tok)
2026-04-30 18:55:43,628 mme_vla_suite.pseudo_labeling.topreward_qwen_scorer INFO: Prefix 8/8 (end=35, n_frames=7/36): reward=-19.2500 (mean, 1 tok)
2026-04-30 18:55:51,428 mme_vla_suite.pseudo_labeling.topreward_qwen_scorer INFO: Prefix 1/8 (end=4, n_frames=4/5): reward=-20.2500 (mean, 1 tok)
2026-04-30 18:55:58,268 mme_vla_suite.pseudo_labeling.topreward_qwen_scorer INFO: Prefix 2/8 (end=8, n_frames=4/9): reward=-19.8750 (mean, 1 tok)
2026-04-30 18:56:05,134 mme_vla_suite.pseudo_labeling.topreward_qwen_scorer INFO: Prefix 3/8 (end=12, n_frames=4/13): reward=-19.3750 (mean, 1 tok)
2026-04-30 18:56:12,001 mme_vla_suite.pseudo_labeling.topreward_qwen_scorer INFO: Prefix 4/8 (end=17, n_frames=4/18): reward=-18.3750 (mean, 1 tok)
2026-04-30 18:56:18,850 mme_vla_suite.pseudo_labeling.topreward_qwen_scorer INFO: Prefix 5/8 (end=21, n_frames=4/22): reward=-18.7500 (mean, 1 tok)
2026-04-30 18:56:25,725 mme_vla_suite.pseudo_labeling.topreward_qwen_scorer INFO: Prefix 6/8 (end=26, n_frames=5/27): reward=-19.5000 (mean, 1 tok)
2026-04-30 18:56:32,602 mme_vla_suite.pseudo_labeling.topreward_qwen_scorer INFO: Prefix 7/8 (end=30, n_frames=6/31): reward=-18.8750 (mean, 1 tok)
2026-04-30 18:56:39,487 mme_vla_suite.pseudo_labeling.topreward_qwen_scorer INFO: Prefix 8/8 (end=35, n_frames=7/36): reward=-19.0000 (mean, 1 tok)
2026-04-30 18:56:47,259 mme_vla_suite.pseudo_labeling.topreward_qwen_scorer INFO: Prefix 1/8 (end=4, n_frames=4/5): reward=-20.6250 (mean, 1 tok)
2026-04-30 18:56:54,098 mme_vla_suite.pseudo_labeling.topreward_qwen_scorer INFO: Prefix 2/8 (end=8, n_frames=4/9): reward=-19.5000 (mean, 1 tok)
2026-04-30 18:57:00,942 mme_vla_suite.pseudo_labeling.topreward_qwen_scorer INFO: Prefix 3/8 (end=12, n_frames=4/13): reward=-19.7500 (mean, 1 tok)
2026-04-30 18:57:07,741 mme_vla_suite.pseudo_labeling.topreward_qwen_scorer INFO: Prefix 4/8 (end=17, n_frames=4/18): reward=-19.6250 (mean, 1 tok)
2026-04-30 18:57:14,575 mme_vla_suite.pseudo_labeling.topreward_qwen_scorer INFO: Prefix 5/8 (end=21, n_frames=4/22): reward=-20.5000 (mean, 1 tok)
2026-04-30 18:57:21,491 mme_vla_suite.pseudo_labeling.topreward_qwen_scorer INFO: Prefix 6/8 (end=26, n_frames=5/27): reward=-20.7500 (mean, 1 tok)
2026-04-30 18:57:28,334 mme_vla_suite.pseudo_labeling.topreward_qwen_scorer INFO: Prefix 7/8 (end=30, n_frames=6/31): reward=-20.8750 (mean, 1 tok)
2026-04-30 18:57:35,256 mme_vla_suite.pseudo_labeling.topreward_qwen_scorer INFO: Prefix 8/8 (end=35, n_frames=7/36): reward=-20.1250 (mean, 1 tok)
2026-04-30 18:57:43,070 mme_vla_suite.pseudo_labeling.topreward_qwen_scorer INFO: Prefix 1/8 (end=4, n_frames=4/5): reward=-19.8750 (mean, 1 tok)
2026-04-30 18:57:49,883 mme_vla_suite.pseudo_labeling.topreward_qwen_scorer INFO: Prefix 2/8 (end=8, n_frames=4/9): reward=-19.7500 (mean, 1 tok)
2026-04-30 18:57:56,701 mme_vla_suite.pseudo_labeling.topreward_qwen_scorer INFO: Prefix 3/8 (end=12, n_frames=4/13): reward=-19.8750 (mean, 1 tok)
2026-04-30 18:58:03,529 mme_vla_suite.pseudo_labeling.topreward_qwen_scorer INFO: Prefix 4/8 (end=17, n_frames=4/18): reward=-18.0000 (mean, 1 tok)
2026-04-30 18:58:10,355 mme_vla_suite.pseudo_labeling.topreward_qwen_scorer INFO: Prefix 5/8 (end=21, n_frames=4/22): reward=-16.6250 (mean, 1 tok)
2026-04-30 18:58:17,198 mme_vla_suite.pseudo_labeling.topreward_qwen_scorer INFO: Prefix 6/8 (end=26, n_frames=5/27): reward=-17.1250 (mean, 1 tok)
2026-04-30 18:58:24,031 mme_vla_suite.pseudo_labeling.topreward_qwen_scorer INFO: Prefix 7/8 (end=30, n_frames=6/31): reward=-16.7500 (mean, 1 tok)
2026-04-30 18:58:30,871 mme_vla_suite.pseudo_labeling.topreward_qwen_scorer INFO: Prefix 8/8 (end=35, n_frames=7/36): reward=-16.2500 (mean, 1 tok)
2026-04-30 18:58:38,613 mme_vla_suite.pseudo_labeling.topreward_qwen_scorer INFO: Prefix 1/8 (end=7, n_frames=4/8): reward=-20.6250 (mean, 1 tok)
2026-04-30 18:58:45,453 mme_vla_suite.pseudo_labeling.topreward_qwen_scorer INFO: Prefix 2/8 (end=17, n_frames=4/18): reward=-20.3750 (mean, 1 tok)
2026-04-30 18:58:52,328 mme_vla_suite.pseudo_labeling.topreward_qwen_scorer INFO: Prefix 3/8 (end=27, n_frames=6/28): reward=-21.5000 (mean, 1 tok)
2026-04-30 18:58:59,175 mme_vla_suite.pseudo_labeling.topreward_qwen_scorer INFO: Prefix 4/8 (end=37, n_frames=8/38): reward=-21.1250 (mean, 1 tok)
2026-04-30 18:59:06,032 mme_vla_suite.pseudo_labeling.topreward_qwen_scorer INFO: Prefix 5/8 (end=47, n_frames=10/48): reward=-20.8750 (mean, 1 tok)
2026-04-30 18:59:12,888 mme_vla_suite.pseudo_labeling.topreward_qwen_scorer INFO: Prefix 6/8 (end=57, n_frames=12/58): reward=-20.1250 (mean, 1 tok)
2026-04-30 18:59:19,754 mme_vla_suite.pseudo_labeling.topreward_qwen_scorer INFO: Prefix 7/8 (end=67, n_frames=14/68): reward=-20.8750 (mean, 1 tok)
2026-04-30 18:59:26,645 mme_vla_suite.pseudo_labeling.topreward_qwen_scorer INFO: Prefix 8/8 (end=78, n_frames=16/79): reward=-20.0000 (mean, 1 tok)
2026-04-30 18:59:34,611 mme_vla_suite.pseudo_labeling.topreward_qwen_scorer INFO: Prefix 1/8 (end=12, n_frames=4/13): reward=-20.6250 (mean, 1 tok)
2026-04-30 18:59:41,454 mme_vla_suite.pseudo_labeling.topreward_qwen_scorer INFO: Prefix 2/8 (end=27, n_frames=6/28): reward=-21.5000 (mean, 1 tok)
2026-04-30 18:59:48,312 mme_vla_suite.pseudo_labeling.topreward_qwen_scorer INFO: Prefix 3/8 (end=42, n_frames=9/43): reward=-20.6250 (mean, 1 tok)
2026-04-30 18:59:55,169 mme_vla_suite.pseudo_labeling.topreward_qwen_scorer INFO: Prefix 4/8 (end=57, n_frames=12/58): reward=-20.1250 (mean, 1 tok)
2026-04-30 19:00:02,071 mme_vla_suite.pseudo_labeling.topreward_qwen_scorer INFO: Prefix 5/8 (end=73, n_frames=15/74): reward=-19.3750 (mean, 1 tok)
2026-04-30 19:00:09,012 mme_vla_suite.pseudo_labeling.topreward_qwen_scorer INFO: Prefix 6/8 (end=88, n_frames=18/89): reward=-18.8750 (mean, 1 tok)
2026-04-30 19:00:15,986 mme_vla_suite.pseudo_labeling.topreward_qwen_scorer INFO: Prefix 7/8 (end=103, n_frames=21/104): reward=-19.5000 (mean, 1 tok)
2026-04-30 19:00:22,972 mme_vla_suite.pseudo_labeling.topreward_qwen_scorer INFO: Prefix 8/8 (end=119, n_frames=24/120): reward=-19.1250 (mean, 1 tok)
2026-04-30 19:00:31,299 mme_vla_suite.pseudo_labeling.topreward_qwen_scorer INFO: Prefix 1/8 (end=11, n_frames=4/12): reward=-19.3750 (mean, 1 tok)
2026-04-30 19:00:38,151 mme_vla_suite.pseudo_labeling.topreward_qwen_scorer INFO: Prefix 2/8 (end=26, n_frames=5/27): reward=-20.1250 (mean, 1 tok)
2026-04-30 19:00:45,015 mme_vla_suite.pseudo_labeling.topreward_qwen_scorer INFO: Prefix 3/8 (end=41, n_frames=8/42): reward=-15.5000 (mean, 1 tok)
2026-04-30 19:00:51,909 mme_vla_suite.pseudo_labeling.topreward_qwen_scorer INFO: Prefix 4/8 (end=56, n_frames=11/57): reward=-15.0000 (mean, 1 tok)
2026-04-30 19:00:58,820 mme_vla_suite.pseudo_labeling.topreward_qwen_scorer INFO: Prefix 5/8 (end=72, n_frames=15/73): reward=-15.1250 (mean, 1 tok)
2026-04-30 19:01:05,742 mme_vla_suite.pseudo_labeling.topreward_qwen_scorer INFO: Prefix 6/8 (end=87, n_frames=18/88): reward=-14.7500 (mean, 1 tok)
2026-04-30 19:01:12,694 mme_vla_suite.pseudo_labeling.topreward_qwen_scorer INFO: Prefix 7/8 (end=102, n_frames=21/103): reward=-13.7500 (mean, 1 tok)
2026-04-30 19:01:19,675 mme_vla_suite.pseudo_labeling.topreward_qwen_scorer INFO: Prefix 8/8 (end=118, n_frames=24/119): reward=-13.1250 (mean, 1 tok)
2026-04-30 19:01:27,359 mme_vla_suite.pseudo_labeling.topreward_qwen_scorer INFO: Prefix 1/8 (end=4, n_frames=4/5): reward=-21.1250 (mean, 1 tok)
2026-04-30 19:01:34,238 mme_vla_suite.pseudo_labeling.topreward_qwen_scorer INFO: Prefix 2/8 (end=10, n_frames=4/11): reward=-20.6250 (mean, 1 tok)
2026-04-30 19:01:41,087 mme_vla_suite.pseudo_labeling.topreward_qwen_scorer INFO: Prefix 3/8 (end=16, n_frames=4/17): reward=-19.8750 (mean, 1 tok)
2026-04-30 19:01:47,941 mme_vla_suite.pseudo_labeling.topreward_qwen_scorer INFO: Prefix 4/8 (end=22, n_frames=5/23): reward=-19.5000 (mean, 1 tok)
2026-04-30 19:01:54,788 mme_vla_suite.pseudo_labeling.topreward_qwen_scorer INFO: Prefix 5/8 (end=28, n_frames=6/29): reward=-18.7500 (mean, 1 tok)
2026-04-30 19:02:01,670 mme_vla_suite.pseudo_labeling.topreward_qwen_scorer INFO: Prefix 6/8 (end=34, n_frames=7/35): reward=-19.0000 (mean, 1 tok)
2026-04-30 19:02:08,526 mme_vla_suite.pseudo_labeling.topreward_qwen_scorer INFO: Prefix 7/8 (end=40, n_frames=8/41): reward=-18.7500 (mean, 1 tok)
2026-04-30 19:02:15,390 mme_vla_suite.pseudo_labeling.topreward_qwen_scorer INFO: Prefix 8/8 (end=47, n_frames=10/48): reward=-18.5000 (mean, 1 tok)
2026-04-30 19:02:23,157 mme_vla_suite.pseudo_labeling.topreward_qwen_scorer INFO: Prefix 1/8 (end=4, n_frames=4/5): reward=-19.6250 (mean, 1 tok)
2026-04-30 19:02:29,984 mme_vla_suite.pseudo_labeling.topreward_qwen_scorer INFO: Prefix 2/8 (end=9, n_frames=4/10): reward=-18.6250 (mean, 1 tok)
2026-04-30 19:02:36,815 mme_vla_suite.pseudo_labeling.topreward_qwen_scorer INFO: Prefix 3/8 (end=14, n_frames=4/15): reward=-19.0000 (mean, 1 tok)
2026-04-30 19:02:43,653 mme_vla_suite.pseudo_labeling.topreward_qwen_scorer INFO: Prefix 4/8 (end=19, n_frames=4/20): reward=-17.8750 (mean, 1 tok)
2026-04-30 19:02:50,495 mme_vla_suite.pseudo_labeling.topreward_qwen_scorer INFO: Prefix 5/8 (end=24, n_frames=5/25): reward=-19.0000 (mean, 1 tok)
2026-04-30 19:02:57,330 mme_vla_suite.pseudo_labeling.topreward_qwen_scorer INFO: Prefix 6/8 (end=29, n_frames=6/30): reward=-19.2500 (mean, 1 tok)
2026-04-30 19:03:04,174 mme_vla_suite.pseudo_labeling.topreward_qwen_scorer INFO: Prefix 7/8 (end=34, n_frames=7/35): reward=-19.6250 (mean, 1 tok)
2026-04-30 19:03:11,040 mme_vla_suite.pseudo_labeling.topreward_qwen_scorer INFO: Prefix 8/8 (end=39, n_frames=8/40): reward=-19.6250 (mean, 1 tok)
2026-04-30 19:03:18,965 mme_vla_suite.pseudo_labeling.topreward_qwen_scorer INFO: Prefix 1/8 (end=4, n_frames=4/5): reward=-19.3750 (mean, 1 tok)
2026-04-30 19:03:25,800 mme_vla_suite.pseudo_labeling.topreward_qwen_scorer INFO: Prefix 2/8 (end=8, n_frames=4/9): reward=-19.2500 (mean, 1 tok)
2026-04-30 19:03:32,618 mme_vla_suite.pseudo_labeling.topreward_qwen_scorer INFO: Prefix 3/8 (end=12, n_frames=4/13): reward=-19.7500 (mean, 1 tok)
2026-04-30 19:03:39,425 mme_vla_suite.pseudo_labeling.topreward_qwen_scorer INFO: Prefix 4/8 (end=16, n_frames=4/17): reward=-19.1250 (mean, 1 tok)
2026-04-30 19:03:46,254 mme_vla_suite.pseudo_labeling.topreward_qwen_scorer INFO: Prefix 5/8 (end=21, n_frames=4/22): reward=-17.0000 (mean, 1 tok)
2026-04-30 19:03:53,077 mme_vla_suite.pseudo_labeling.topreward_qwen_scorer INFO: Prefix 6/8 (end=25, n_frames=5/26): reward=-18.0000 (mean, 1 tok)
2026-04-30 19:03:59,897 mme_vla_suite.pseudo_labeling.topreward_qwen_scorer INFO: Prefix 7/8 (end=29, n_frames=6/30): reward=-16.8750 (mean, 1 tok)
2026-04-30 19:04:06,735 mme_vla_suite.pseudo_labeling.topreward_qwen_scorer INFO: Prefix 8/8 (end=34, n_frames=7/35): reward=-14.5000 (mean, 1 tok)
2026-04-30 19:04:14,562 mme_vla_suite.pseudo_labeling.topreward_qwen_scorer INFO: Prefix 1/8 (end=6, n_frames=4/7): reward=-21.2500 (mean, 1 tok)
2026-04-30 19:04:21,380 mme_vla_suite.pseudo_labeling.topreward_qwen_scorer INFO: Prefix 2/8 (end=14, n_frames=4/15): reward=-21.0000 (mean, 1 tok)
2026-04-30 19:04:28,205 mme_vla_suite.pseudo_labeling.topreward_qwen_scorer INFO: Prefix 3/8 (end=22, n_frames=5/23): reward=-19.5000 (mean, 1 tok)
2026-04-30 19:04:35,055 mme_vla_suite.pseudo_labeling.topreward_qwen_scorer INFO: Prefix 4/8 (end=30, n_frames=6/31): reward=-20.3750 (mean, 1 tok)
2026-04-30 19:04:41,921 mme_vla_suite.pseudo_labeling.topreward_qwen_scorer INFO: Prefix 5/8 (end=39, n_frames=8/40): reward=-19.5000 (mean, 1 tok)
2026-04-30 19:04:48,861 mme_vla_suite.pseudo_labeling.topreward_qwen_scorer INFO: Prefix 6/8 (end=47, n_frames=10/48): reward=-19.8750 (mean, 1 tok)
2026-04-30 19:04:55,726 mme_vla_suite.pseudo_labeling.topreward_qwen_scorer INFO: Prefix 7/8 (end=55, n_frames=11/56): reward=-19.8750 (mean, 1 tok)
2026-04-30 19:05:02,586 mme_vla_suite.pseudo_labeling.topreward_qwen_scorer INFO: Prefix 8/8 (end=64, n_frames=13/65): reward=-19.3750 (mean, 1 tok)
2026-04-30 19:05:10,564 mme_vla_suite.pseudo_labeling.topreward_qwen_scorer INFO: Prefix 1/8 (end=10, n_frames=4/11): reward=-20.7500 (mean, 1 tok)
2026-04-30 19:05:17,386 mme_vla_suite.pseudo_labeling.topreward_qwen_scorer INFO: Prefix 2/8 (end=23, n_frames=5/24): reward=-19.8750 (mean, 1 tok)
2026-04-30 19:05:24,237 mme_vla_suite.pseudo_labeling.topreward_qwen_scorer INFO: Prefix 3/8 (end=36, n_frames=7/37): reward=-19.7500 (mean, 1 tok)
2026-04-30 19:05:31,089 mme_vla_suite.pseudo_labeling.topreward_qwen_scorer INFO: Prefix 4/8 (end=49, n_frames=10/50): reward=-19.2500 (mean, 1 tok)
2026-04-30 19:05:38,032 mme_vla_suite.pseudo_labeling.topreward_qwen_scorer INFO: Prefix 5/8 (end=62, n_frames=13/63): reward=-18.5000 (mean, 1 tok)
2026-04-30 19:05:44,912 mme_vla_suite.pseudo_labeling.topreward_qwen_scorer INFO: Prefix 6/8 (end=75, n_frames=15/76): reward=-19.5000 (mean, 1 tok)
2026-04-30 19:05:51,924 mme_vla_suite.pseudo_labeling.topreward_qwen_scorer INFO: Prefix 7/8 (end=88, n_frames=18/89): reward=-18.5000 (mean, 1 tok)
2026-04-30 19:05:58,842 mme_vla_suite.pseudo_labeling.topreward_qwen_scorer INFO: Prefix 8/8 (end=102, n_frames=21/103): reward=-19.6250 (mean, 1 tok)
2026-04-30 19:06:06,927 mme_vla_suite.pseudo_labeling.topreward_qwen_scorer INFO: Prefix 1/8 (end=10, n_frames=4/11): reward=-19.2500 (mean, 1 tok)
2026-04-30 19:06:13,759 mme_vla_suite.pseudo_labeling.topreward_qwen_scorer INFO: Prefix 2/8 (end=23, n_frames=5/24): reward=-20.1250 (mean, 1 tok)
2026-04-30 19:06:20,610 mme_vla_suite.pseudo_labeling.topreward_qwen_scorer INFO: Prefix 3/8 (end=36, n_frames=7/37): reward=-15.7500 (mean, 1 tok)
2026-04-30 19:06:27,458 mme_vla_suite.pseudo_labeling.topreward_qwen_scorer INFO: Prefix 4/8 (end=49, n_frames=10/50): reward=-15.0000 (mean, 1 tok)
2026-04-30 19:06:34,348 mme_vla_suite.pseudo_labeling.topreward_qwen_scorer INFO: Prefix 5/8 (end=62, n_frames=13/63): reward=-16.0000 (mean, 1 tok)
2026-04-30 19:06:41,234 mme_vla_suite.pseudo_labeling.topreward_qwen_scorer INFO: Prefix 6/8 (end=75, n_frames=15/76): reward=-15.6250 (mean, 1 tok)
2026-04-30 19:06:48,127 mme_vla_suite.pseudo_labeling.topreward_qwen_scorer INFO: Prefix 7/8 (end=88, n_frames=18/89): reward=-15.0000 (mean, 1 tok)
2026-04-30 19:06:55,033 mme_vla_suite.pseudo_labeling.topreward_qwen_scorer INFO: Prefix 8/8 (end=101, n_frames=20/102): reward=-14.7500 (mean, 1 tok)
2026-04-30 19:07:02,987 mme_vla_suite.pseudo_labeling.topreward_qwen_scorer INFO: Prefix 1/8 (end=4, n_frames=4/5): reward=-19.8750 (mean, 1 tok)
2026-04-30 19:07:09,817 mme_vla_suite.pseudo_labeling.topreward_qwen_scorer INFO: Prefix 2/8 (end=7, n_frames=4/8): reward=-19.7500 (mean, 1 tok)
2026-04-30 19:07:16,632 mme_vla_suite.pseudo_labeling.topreward_qwen_scorer INFO: Prefix 3/8 (end=11, n_frames=4/12): reward=-19.0000 (mean, 1 tok)
2026-04-30 19:07:23,470 mme_vla_suite.pseudo_labeling.topreward_qwen_scorer INFO: Prefix 4/8 (end=15, n_frames=4/16): reward=-18.0000 (mean, 1 tok)
2026-04-30 19:07:30,305 mme_vla_suite.pseudo_labeling.topreward_qwen_scorer INFO: Prefix 5/8 (end=19, n_frames=4/20): reward=-16.8750 (mean, 1 tok)
2026-04-30 19:07:37,154 mme_vla_suite.pseudo_labeling.topreward_qwen_scorer INFO: Prefix 6/8 (end=23, n_frames=5/24): reward=-17.7500 (mean, 1 tok)
2026-04-30 19:07:43,984 mme_vla_suite.pseudo_labeling.topreward_qwen_scorer INFO: Prefix 7/8 (end=27, n_frames=6/28): reward=-18.8750 (mean, 1 tok)
2026-04-30 19:07:50,823 mme_vla_suite.pseudo_labeling.topreward_qwen_scorer INFO: Prefix 8/8 (end=31, n_frames=6/32): reward=-18.2500 (mean, 1 tok)
2026-04-30 19:07:58,508 mme_vla_suite.pseudo_labeling.topreward_qwen_scorer INFO: Prefix 1/8 (end=4, n_frames=4/5): reward=-20.1250 (mean, 1 tok)
2026-04-30 19:08:05,314 mme_vla_suite.pseudo_labeling.topreward_qwen_scorer INFO: Prefix 2/8 (end=8, n_frames=4/9): reward=-19.0000 (mean, 1 tok)
2026-04-30 19:08:12,161 mme_vla_suite.pseudo_labeling.topreward_qwen_scorer INFO: Prefix 3/8 (end=12, n_frames=4/13): reward=-18.3750 (mean, 1 tok)
2026-04-30 19:08:19,010 mme_vla_suite.pseudo_labeling.topreward_qwen_scorer INFO: Prefix 4/8 (end=17, n_frames=4/18): reward=-17.5000 (mean, 1 tok)
2026-04-30 19:08:25,835 mme_vla_suite.pseudo_labeling.topreward_qwen_scorer INFO: Prefix 5/8 (end=21, n_frames=4/22): reward=-17.7500 (mean, 1 tok)
2026-04-30 19:08:32,688 mme_vla_suite.pseudo_labeling.topreward_qwen_scorer INFO: Prefix 6/8 (end=26, n_frames=5/27): reward=-18.2500 (mean, 1 tok)
2026-04-30 19:08:39,548 mme_vla_suite.pseudo_labeling.topreward_qwen_scorer INFO: Prefix 7/8 (end=30, n_frames=6/31): reward=-18.0000 (mean, 1 tok)
2026-04-30 19:08:46,406 mme_vla_suite.pseudo_labeling.topreward_qwen_scorer INFO: Prefix 8/8 (end=35, n_frames=7/36): reward=-18.5000 (mean, 1 tok)
2026-04-30 19:08:54,327 mme_vla_suite.pseudo_labeling.topreward_qwen_scorer INFO: Prefix 1/8 (end=4, n_frames=4/5): reward=-20.3750 (mean, 1 tok)
2026-04-30 19:09:01,156 mme_vla_suite.pseudo_labeling.topreward_qwen_scorer INFO: Prefix 2/8 (end=8, n_frames=4/9): reward=-19.6250 (mean, 1 tok)
2026-04-30 19:09:07,994 mme_vla_suite.pseudo_labeling.topreward_qwen_scorer INFO: Prefix 3/8 (end=12, n_frames=4/13): reward=-19.5000 (mean, 1 tok)
2026-04-30 19:09:14,859 mme_vla_suite.pseudo_labeling.topreward_qwen_scorer INFO: Prefix 4/8 (end=17, n_frames=4/18): reward=-18.8750 (mean, 1 tok)
2026-04-30 19:09:21,692 mme_vla_suite.pseudo_labeling.topreward_qwen_scorer INFO: Prefix 5/8 (end=21, n_frames=4/22): reward=-18.8750 (mean, 1 tok)
2026-04-30 19:09:28,526 mme_vla_suite.pseudo_labeling.topreward_qwen_scorer INFO: Prefix 6/8 (end=26, n_frames=5/27): reward=-19.6250 (mean, 1 tok)
2026-04-30 19:09:35,384 mme_vla_suite.pseudo_labeling.topreward_qwen_scorer INFO: Prefix 7/8 (end=30, n_frames=6/31): reward=-18.5000 (mean, 1 tok)
2026-04-30 19:09:42,320 mme_vla_suite.pseudo_labeling.topreward_qwen_scorer INFO: Prefix 8/8 (end=35, n_frames=7/36): reward=-19.7500 (mean, 1 tok)
2026-04-30 19:09:50,224 mme_vla_suite.pseudo_labeling.topreward_qwen_scorer INFO: Prefix 1/8 (end=4, n_frames=4/5): reward=-20.2500 (mean, 1 tok)
2026-04-30 19:09:57,067 mme_vla_suite.pseudo_labeling.topreward_qwen_scorer INFO: Prefix 2/8 (end=8, n_frames=4/9): reward=-20.0000 (mean, 1 tok)
2026-04-30 19:10:03,900 mme_vla_suite.pseudo_labeling.topreward_qwen_scorer INFO: Prefix 3/8 (end=12, n_frames=4/13): reward=-19.3750 (mean, 1 tok)
2026-04-30 19:10:10,759 mme_vla_suite.pseudo_labeling.topreward_qwen_scorer INFO: Prefix 4/8 (end=17, n_frames=4/18): reward=-18.5000 (mean, 1 tok)
2026-04-30 19:10:17,605 mme_vla_suite.pseudo_labeling.topreward_qwen_scorer INFO: Prefix 5/8 (end=21, n_frames=4/22): reward=-18.5000 (mean, 1 tok)
2026-04-30 19:10:24,453 mme_vla_suite.pseudo_labeling.topreward_qwen_scorer INFO: Prefix 6/8 (end=26, n_frames=5/27): reward=-19.0000 (mean, 1 tok)
2026-04-30 19:10:31,295 mme_vla_suite.pseudo_labeling.topreward_qwen_scorer INFO: Prefix 7/8 (end=30, n_frames=6/31): reward=-18.3750 (mean, 1 tok)
2026-04-30 19:10:38,147 mme_vla_suite.pseudo_labeling.topreward_qwen_scorer INFO: Prefix 8/8 (end=35, n_frames=7/36): reward=-18.6250 (mean, 1 tok)
2026-04-30 19:10:46,069 mme_vla_suite.pseudo_labeling.topreward_qwen_scorer INFO: Prefix 1/8 (end=4, n_frames=4/5): reward=-20.7500 (mean, 1 tok)
2026-04-30 19:10:52,904 mme_vla_suite.pseudo_labeling.topreward_qwen_scorer INFO: Prefix 2/8 (end=8, n_frames=4/9): reward=-20.5000 (mean, 1 tok)
2026-04-30 19:10:59,727 mme_vla_suite.pseudo_labeling.topreward_qwen_scorer INFO: Prefix 3/8 (end=12, n_frames=4/13): reward=-20.1250 (mean, 1 tok)
2026-04-30 19:11:06,564 mme_vla_suite.pseudo_labeling.topreward_qwen_scorer INFO: Prefix 4/8 (end=17, n_frames=4/18): reward=-19.2500 (mean, 1 tok)
2026-04-30 19:11:13,397 mme_vla_suite.pseudo_labeling.topreward_qwen_scorer INFO: Prefix 5/8 (end=21, n_frames=4/22): reward=-20.0000 (mean, 1 tok)
2026-04-30 19:11:20,239 mme_vla_suite.pseudo_labeling.topreward_qwen_scorer INFO: Prefix 6/8 (end=26, n_frames=5/27): reward=-19.8750 (mean, 1 tok)
2026-04-30 19:11:27,095 mme_vla_suite.pseudo_labeling.topreward_qwen_scorer INFO: Prefix 7/8 (end=30, n_frames=6/31): reward=-19.8750 (mean, 1 tok)
2026-04-30 19:11:33,936 mme_vla_suite.pseudo_labeling.topreward_qwen_scorer INFO: Prefix 8/8 (end=35, n_frames=7/36): reward=-20.2500 (mean, 1 tok)
2026-04-30 19:11:41,683 mme_vla_suite.pseudo_labeling.topreward_qwen_scorer INFO: Prefix 1/8 (end=4, n_frames=4/5): reward=-20.8750 (mean, 1 tok)
2026-04-30 19:11:48,505 mme_vla_suite.pseudo_labeling.topreward_qwen_scorer INFO: Prefix 2/8 (end=8, n_frames=4/9): reward=-20.2500 (mean, 1 tok)
2026-04-30 19:11:55,327 mme_vla_suite.pseudo_labeling.topreward_qwen_scorer INFO: Prefix 3/8 (end=12, n_frames=4/13): reward=-19.5000 (mean, 1 tok)
2026-04-30 19:12:02,173 mme_vla_suite.pseudo_labeling.topreward_qwen_scorer INFO: Prefix 4/8 (end=17, n_frames=4/18): reward=-19.1250 (mean, 1 tok)
2026-04-30 19:12:09,030 mme_vla_suite.pseudo_labeling.topreward_qwen_scorer INFO: Prefix 5/8 (end=21, n_frames=4/22): reward=-19.2500 (mean, 1 tok)
2026-04-30 19:12:15,951 mme_vla_suite.pseudo_labeling.topreward_qwen_scorer INFO: Prefix 6/8 (end=26, n_frames=5/27): reward=-19.8750 (mean, 1 tok)
2026-04-30 19:12:22,842 mme_vla_suite.pseudo_labeling.topreward_qwen_scorer INFO: Prefix 7/8 (end=30, n_frames=6/31): reward=-19.0000 (mean, 1 tok)
2026-04-30 19:12:29,747 mme_vla_suite.pseudo_labeling.topreward_qwen_scorer INFO: Prefix 8/8 (end=35, n_frames=7/36): reward=-19.3750 (mean, 1 tok)
2026-04-30 19:12:37,696 mme_vla_suite.pseudo_labeling.topreward_qwen_scorer INFO: Prefix 1/8 (end=4, n_frames=4/5): reward=-20.3750 (mean, 1 tok)
2026-04-30 19:12:44,535 mme_vla_suite.pseudo_labeling.topreward_qwen_scorer INFO: Prefix 2/8 (end=8, n_frames=4/9): reward=-20.8750 (mean, 1 tok)
2026-04-30 19:12:51,381 mme_vla_suite.pseudo_labeling.topreward_qwen_scorer INFO: Prefix 3/8 (end=12, n_frames=4/13): reward=-19.6250 (mean, 1 tok)
2026-04-30 19:12:58,241 mme_vla_suite.pseudo_labeling.topreward_qwen_scorer INFO: Prefix 4/8 (end=17, n_frames=4/18): reward=-17.8750 (mean, 1 tok)
2026-04-30 19:13:05,131 mme_vla_suite.pseudo_labeling.topreward_qwen_scorer INFO: Prefix 5/8 (end=21, n_frames=4/22): reward=-18.5000 (mean, 1 tok)
2026-04-30 19:13:11,980 mme_vla_suite.pseudo_labeling.topreward_qwen_scorer INFO: Prefix 6/8 (end=26, n_frames=5/27): reward=-19.1250 (mean, 1 tok)
2026-04-30 19:13:18,860 mme_vla_suite.pseudo_labeling.topreward_qwen_scorer INFO: Prefix 7/8 (end=30, n_frames=6/31): reward=-19.5000 (mean, 1 tok)
2026-04-30 19:13:25,767 mme_vla_suite.pseudo_labeling.topreward_qwen_scorer INFO: Prefix 8/8 (end=35, n_frames=7/36): reward=-17.8750 (mean, 1 tok)
2026-04-30 19:13:33,674 mme_vla_suite.pseudo_labeling.topreward_qwen_scorer INFO: Prefix 1/8 (end=6, n_frames=4/7): reward=-19.8750 (mean, 1 tok)
2026-04-30 19:13:40,604 mme_vla_suite.pseudo_labeling.topreward_qwen_scorer INFO: Prefix 2/8 (end=14, n_frames=4/15): reward=-19.1250 (mean, 1 tok)
2026-04-30 19:13:47,464 mme_vla_suite.pseudo_labeling.topreward_qwen_scorer INFO: Prefix 3/8 (end=22, n_frames=5/23): reward=-19.2500 (mean, 1 tok)
2026-04-30 19:13:54,319 mme_vla_suite.pseudo_labeling.topreward_qwen_scorer INFO: Prefix 4/8 (end=30, n_frames=6/31): reward=-19.0000 (mean, 1 tok)
2026-04-30 19:14:01,284 mme_vla_suite.pseudo_labeling.topreward_qwen_scorer INFO: Prefix 5/8 (end=38, n_frames=8/39): reward=-18.5000 (mean, 1 tok)
2026-04-30 19:14:08,532 mme_vla_suite.pseudo_labeling.topreward_qwen_scorer INFO: Prefix 6/8 (end=46, n_frames=9/47): reward=-18.8750 (mean, 1 tok)
2026-04-30 19:14:15,703 mme_vla_suite.pseudo_labeling.topreward_qwen_scorer INFO: Prefix 7/8 (end=54, n_frames=11/55): reward=-18.3750 (mean, 1 tok)
2026-04-30 19:14:22,931 mme_vla_suite.pseudo_labeling.topreward_qwen_scorer INFO: Prefix 8/8 (end=63, n_frames=13/64): reward=-18.5000 (mean, 1 tok)
2026-04-30 19:14:31,523 mme_vla_suite.pseudo_labeling.topreward_qwen_scorer INFO: Prefix 1/8 (end=10, n_frames=4/11): reward=-19.2500 (mean, 1 tok)
2026-04-30 19:14:38,579 mme_vla_suite.pseudo_labeling.topreward_qwen_scorer INFO: Prefix 2/8 (end=23, n_frames=5/24): reward=-18.8750 (mean, 1 tok)
2026-04-30 19:14:45,756 mme_vla_suite.pseudo_labeling.topreward_qwen_scorer INFO: Prefix 3/8 (end=36, n_frames=7/37): reward=-19.0000 (mean, 1 tok)
2026-04-30 19:14:52,883 mme_vla_suite.pseudo_labeling.topreward_qwen_scorer INFO: Prefix 4/8 (end=49, n_frames=10/50): reward=-18.3750 (mean, 1 tok)
2026-04-30 19:14:59,938 mme_vla_suite.pseudo_labeling.topreward_qwen_scorer INFO: Prefix 5/8 (end=62, n_frames=13/63): reward=-18.7500 (mean, 1 tok)
2026-04-30 19:15:07,123 mme_vla_suite.pseudo_labeling.topreward_qwen_scorer INFO: Prefix 6/8 (end=75, n_frames=15/76): reward=-18.1250 (mean, 1 tok)
2026-04-30 19:15:14,177 mme_vla_suite.pseudo_labeling.topreward_qwen_scorer INFO: Prefix 7/8 (end=88, n_frames=18/89): reward=-18.2500 (mean, 1 tok)
2026-04-30 19:15:21,136 mme_vla_suite.pseudo_labeling.topreward_qwen_scorer INFO: Prefix 8/8 (end=102, n_frames=21/103): reward=-17.8750 (mean, 1 tok)
2026-04-30 19:15:29,329 mme_vla_suite.pseudo_labeling.topreward_qwen_scorer INFO: Prefix 1/8 (end=11, n_frames=4/12): reward=-18.8750 (mean, 1 tok)
2026-04-30 19:15:36,193 mme_vla_suite.pseudo_labeling.topreward_qwen_scorer INFO: Prefix 2/8 (end=25, n_frames=5/26): reward=-19.0000 (mean, 1 tok)
2026-04-30 19:15:43,062 mme_vla_suite.pseudo_labeling.topreward_qwen_scorer INFO: Prefix 3/8 (end=40, n_frames=8/41): reward=-16.7500 (mean, 1 tok)
2026-04-30 19:15:49,933 mme_vla_suite.pseudo_labeling.topreward_qwen_scorer INFO: Prefix 4/8 (end=54, n_frames=11/55): reward=-16.7500 (mean, 1 tok)
2026-04-30 19:15:56,832 mme_vla_suite.pseudo_labeling.topreward_qwen_scorer INFO: Prefix 5/8 (end=69, n_frames=14/70): reward=-16.2500 (mean, 1 tok)
2026-04-30 19:16:03,740 mme_vla_suite.pseudo_labeling.topreward_qwen_scorer INFO: Prefix 6/8 (end=83, n_frames=17/84): reward=-16.2500 (mean, 1 tok)
2026-04-30 19:16:10,670 mme_vla_suite.pseudo_labeling.topreward_qwen_scorer INFO: Prefix 7/8 (end=98, n_frames=20/99): reward=-15.6250 (mean, 1 tok)
2026-04-30 19:16:17,642 mme_vla_suite.pseudo_labeling.topreward_qwen_scorer INFO: Prefix 8/8 (end=113, n_frames=23/114): reward=-14.8750 (mean, 1 tok)
2026-04-30 19:16:25,274 mme_vla_suite.pseudo_labeling.topreward_qwen_scorer INFO: Prefix 1/8 (end=4, n_frames=4/5): reward=-19.8750 (mean, 1 tok)
2026-04-30 19:16:32,134 mme_vla_suite.pseudo_labeling.topreward_qwen_scorer INFO: Prefix 2/8 (end=6, n_frames=4/7): reward=-19.2500 (mean, 1 tok)
2026-04-30 19:16:39,000 mme_vla_suite.pseudo_labeling.topreward_qwen_scorer INFO: Prefix 3/8 (end=9, n_frames=4/10): reward=-18.7500 (mean, 1 tok)
2026-04-30 19:16:45,856 mme_vla_suite.pseudo_labeling.topreward_qwen_scorer INFO: Prefix 4/8 (end=12, n_frames=4/13): reward=-19.1250 (mean, 1 tok)
2026-04-30 19:16:52,712 mme_vla_suite.pseudo_labeling.topreward_qwen_scorer INFO: Prefix 5/8 (end=14, n_frames=4/15): reward=-18.8750 (mean, 1 tok)
2026-04-30 19:16:59,574 mme_vla_suite.pseudo_labeling.topreward_qwen_scorer INFO: Prefix 6/8 (end=17, n_frames=4/18): reward=-17.7500 (mean, 1 tok)
2026-04-30 19:17:06,431 mme_vla_suite.pseudo_labeling.topreward_qwen_scorer INFO: Prefix 7/8 (end=20, n_frames=4/21): reward=-18.5000 (mean, 1 tok)
2026-04-30 19:17:13,404 mme_vla_suite.pseudo_labeling.topreward_qwen_scorer INFO: Prefix 8/8 (end=23, n_frames=5/24): reward=-20.1250 (mean, 1 tok)
2026-04-30 19:17:21,295 mme_vla_suite.pseudo_labeling.topreward_qwen_scorer INFO: Prefix 1/8 (end=4, n_frames=4/5): reward=-19.3750 (mean, 1 tok)
2026-04-30 19:17:28,143 mme_vla_suite.pseudo_labeling.topreward_qwen_scorer INFO: Prefix 2/8 (end=9, n_frames=4/10): reward=-18.8750 (mean, 1 tok)
2026-04-30 19:17:34,993 mme_vla_suite.pseudo_labeling.topreward_qwen_scorer INFO: Prefix 3/8 (end=14, n_frames=4/15): reward=-17.5000 (mean, 1 tok)
2026-04-30 19:17:41,828 mme_vla_suite.pseudo_labeling.topreward_qwen_scorer INFO: Prefix 4/8 (end=19, n_frames=4/20): reward=-17.5000 (mean, 1 tok)
2026-04-30 19:17:48,686 mme_vla_suite.pseudo_labeling.topreward_qwen_scorer INFO: Prefix 5/8 (end=24, n_frames=5/25): reward=-17.8750 (mean, 1 tok)
2026-04-30 19:17:55,559 mme_vla_suite.pseudo_labeling.topreward_qwen_scorer INFO: Prefix 6/8 (end=29, n_frames=6/30): reward=-17.7500 (mean, 1 tok)
2026-04-30 19:18:02,449 mme_vla_suite.pseudo_labeling.topreward_qwen_scorer INFO: Prefix 7/8 (end=34, n_frames=7/35): reward=-18.1250 (mean, 1 tok)
2026-04-30 19:18:09,338 mme_vla_suite.pseudo_labeling.topreward_qwen_scorer INFO: Prefix 8/8 (end=39, n_frames=8/40): reward=-18.6250 (mean, 1 tok)
2026-04-30 19:18:17,290 mme_vla_suite.pseudo_labeling.topreward_qwen_scorer INFO: Prefix 1/8 (end=4, n_frames=4/5): reward=-19.5000 (mean, 1 tok)
2026-04-30 19:18:24,130 mme_vla_suite.pseudo_labeling.topreward_qwen_scorer INFO: Prefix 2/8 (end=8, n_frames=4/9): reward=-19.0000 (mean, 1 tok)
2026-04-30 19:18:30,970 mme_vla_suite.pseudo_labeling.topreward_qwen_scorer INFO: Prefix 3/8 (end=13, n_frames=4/14): reward=-19.0000 (mean, 1 tok)
2026-04-30 19:18:37,800 mme_vla_suite.pseudo_labeling.topreward_qwen_scorer INFO: Prefix 4/8 (end=18, n_frames=4/19): reward=-18.8750 (mean, 1 tok)
2026-04-30 19:18:44,650 mme_vla_suite.pseudo_labeling.topreward_qwen_scorer INFO: Prefix 5/8 (end=23, n_frames=5/24): reward=-19.2500 (mean, 1 tok)
2026-04-30 19:18:51,504 mme_vla_suite.pseudo_labeling.topreward_qwen_scorer INFO: Prefix 6/8 (end=28, n_frames=6/29): reward=-19.1250 (mean, 1 tok)
2026-04-30 19:18:58,354 mme_vla_suite.pseudo_labeling.topreward_qwen_scorer INFO: Prefix 7/8 (end=33, n_frames=7/34): reward=-19.2500 (mean, 1 tok)
2026-04-30 19:19:05,210 mme_vla_suite.pseudo_labeling.topreward_qwen_scorer INFO: Prefix 8/8 (end=38, n_frames=8/39): reward=-19.0000 (mean, 1 tok)
2026-04-30 19:19:13,034 mme_vla_suite.pseudo_labeling.topreward_qwen_scorer INFO: Prefix 1/8 (end=4, n_frames=4/5): reward=-20.2500 (mean, 1 tok)
2026-04-30 19:19:19,867 mme_vla_suite.pseudo_labeling.topreward_qwen_scorer INFO: Prefix 2/8 (end=9, n_frames=4/10): reward=-20.0000 (mean, 1 tok)
2026-04-30 19:19:26,699 mme_vla_suite.pseudo_labeling.topreward_qwen_scorer INFO: Prefix 3/8 (end=14, n_frames=4/15): reward=-19.3750 (mean, 1 tok)
2026-04-30 19:19:33,537 mme_vla_suite.pseudo_labeling.topreward_qwen_scorer INFO: Prefix 4/8 (end=19, n_frames=4/20): reward=-18.3750 (mean, 1 tok)
2026-04-30 19:19:40,384 mme_vla_suite.pseudo_labeling.topreward_qwen_scorer INFO: Prefix 5/8 (end=24, n_frames=5/25): reward=-18.8750 (mean, 1 tok)
2026-04-30 19:19:47,240 mme_vla_suite.pseudo_labeling.topreward_qwen_scorer INFO: Prefix 6/8 (end=29, n_frames=6/30): reward=-18.5000 (mean, 1 tok)
2026-04-30 19:19:54,098 mme_vla_suite.pseudo_labeling.topreward_qwen_scorer INFO: Prefix 7/8 (end=34, n_frames=7/35): reward=-19.2500 (mean, 1 tok)
2026-04-30 19:20:00,943 mme_vla_suite.pseudo_labeling.topreward_qwen_scorer INFO: Prefix 8/8 (end=39, n_frames=8/40): reward=-19.7500 (mean, 1 tok)
2026-04-30 19:20:08,837 mme_vla_suite.pseudo_labeling.topreward_qwen_scorer INFO: Prefix 1/8 (end=4, n_frames=4/5): reward=-20.1250 (mean, 1 tok)
2026-04-30 19:20:15,674 mme_vla_suite.pseudo_labeling.topreward_qwen_scorer INFO: Prefix 2/8 (end=8, n_frames=4/9): reward=-19.2500 (mean, 1 tok)
2026-04-30 19:20:22,499 mme_vla_suite.pseudo_labeling.topreward_qwen_scorer INFO: Prefix 3/8 (end=12, n_frames=4/13): reward=-19.7500 (mean, 1 tok)
2026-04-30 19:20:29,340 mme_vla_suite.pseudo_labeling.topreward_qwen_scorer INFO: Prefix 4/8 (end=16, n_frames=4/17): reward=-18.6250 (mean, 1 tok)
2026-04-30 19:20:36,171 mme_vla_suite.pseudo_labeling.topreward_qwen_scorer INFO: Prefix 5/8 (end=21, n_frames=4/22): reward=-17.1250 (mean, 1 tok)
2026-04-30 19:20:43,027 mme_vla_suite.pseudo_labeling.topreward_qwen_scorer INFO: Prefix 6/8 (end=25, n_frames=5/26): reward=-18.1250 (mean, 1 tok)
2026-04-30 19:20:49,919 mme_vla_suite.pseudo_labeling.topreward_qwen_scorer INFO: Prefix 7/8 (end=29, n_frames=6/30): reward=-18.3750 (mean, 1 tok)
2026-04-30 19:20:56,810 mme_vla_suite.pseudo_labeling.topreward_qwen_scorer INFO: Prefix 8/8 (end=34, n_frames=7/35): reward=-15.7500 (mean, 1 tok)
2026-04-30 19:21:04,804 mme_vla_suite.pseudo_labeling.topreward_qwen_scorer INFO: Prefix 1/8 (end=6, n_frames=4/7): reward=-19.3750 (mean, 1 tok)
2026-04-30 19:21:11,652 mme_vla_suite.pseudo_labeling.topreward_qwen_scorer INFO: Prefix 2/8 (end=13, n_frames=4/14): reward=-19.2500 (mean, 1 tok)
2026-04-30 19:21:18,499 mme_vla_suite.pseudo_labeling.topreward_qwen_scorer INFO: Prefix 3/8 (end=21, n_frames=4/22): reward=-19.2500 (mean, 1 tok)
2026-04-30 19:21:25,351 mme_vla_suite.pseudo_labeling.topreward_qwen_scorer INFO: Prefix 4/8 (end=28, n_frames=6/29): reward=-19.8750 (mean, 1 tok)
2026-04-30 19:21:32,219 mme_vla_suite.pseudo_labeling.topreward_qwen_scorer INFO: Prefix 5/8 (end=36, n_frames=7/37): reward=-18.6250 (mean, 1 tok)
2026-04-30 19:21:39,108 mme_vla_suite.pseudo_labeling.topreward_qwen_scorer INFO: Prefix 6/8 (end=43, n_frames=9/44): reward=-18.0000 (mean, 1 tok)
2026-04-30 19:21:45,994 mme_vla_suite.pseudo_labeling.topreward_qwen_scorer INFO: Prefix 7/8 (end=51, n_frames=10/52): reward=-18.8750 (mean, 1 tok)
2026-04-30 19:21:52,849 mme_vla_suite.pseudo_labeling.topreward_qwen_scorer INFO: Prefix 8/8 (end=59, n_frames=12/60): reward=-19.1250 (mean, 1 tok)
2026-04-30 19:22:00,836 mme_vla_suite.pseudo_labeling.topreward_qwen_scorer INFO: Prefix 1/8 (end=10, n_frames=4/11): reward=-19.5000 (mean, 1 tok)
2026-04-30 19:22:07,677 mme_vla_suite.pseudo_labeling.topreward_qwen_scorer INFO: Prefix 2/8 (end=22, n_frames=5/23): reward=-19.7500 (mean, 1 tok)
2026-04-30 19:22:14,566 mme_vla_suite.pseudo_labeling.topreward_qwen_scorer INFO: Prefix 3/8 (end=35, n_frames=7/36): reward=-18.8750 (mean, 1 tok)
2026-04-30 19:22:21,443 mme_vla_suite.pseudo_labeling.topreward_qwen_scorer INFO: Prefix 4/8 (end=48, n_frames=10/49): reward=-18.8750 (mean, 1 tok)
2026-04-30 19:22:28,330 mme_vla_suite.pseudo_labeling.topreward_qwen_scorer INFO: Prefix 5/8 (end=60, n_frames=12/61): reward=-18.8750 (mean, 1 tok)
2026-04-30 19:22:35,230 mme_vla_suite.pseudo_labeling.topreward_qwen_scorer INFO: Prefix 6/8 (end=73, n_frames=15/74): reward=-18.6250 (mean, 1 tok)
2026-04-30 19:22:42,153 mme_vla_suite.pseudo_labeling.topreward_qwen_scorer INFO: Prefix 7/8 (end=86, n_frames=17/87): reward=-18.5000 (mean, 1 tok)
2026-04-30 19:22:49,125 mme_vla_suite.pseudo_labeling.topreward_qwen_scorer INFO: Prefix 8/8 (end=99, n_frames=20/100): reward=-19.0000 (mean, 1 tok)
2026-04-30 19:22:57,167 mme_vla_suite.pseudo_labeling.topreward_qwen_scorer INFO: Prefix 1/8 (end=14, n_frames=4/15): reward=-19.7500 (mean, 1 tok)
2026-04-30 19:23:04,122 mme_vla_suite.pseudo_labeling.topreward_qwen_scorer INFO: Prefix 2/8 (end=32, n_frames=7/33): reward=-20.3750 (mean, 1 tok)
2026-04-30 19:23:10,990 mme_vla_suite.pseudo_labeling.topreward_qwen_scorer INFO: Prefix 3/8 (end=51, n_frames=10/52): reward=-19.0000 (mean, 1 tok)
2026-04-30 19:23:17,881 mme_vla_suite.pseudo_labeling.topreward_qwen_scorer INFO: Prefix 4/8 (end=69, n_frames=14/70): reward=-17.0000 (mean, 1 tok)
2026-04-30 19:23:24,815 mme_vla_suite.pseudo_labeling.topreward_qwen_scorer INFO: Prefix 5/8 (end=88, n_frames=18/89): reward=-15.6250 (mean, 1 tok)
2026-04-30 19:23:31,782 mme_vla_suite.pseudo_labeling.topreward_qwen_scorer INFO: Prefix 6/8 (end=106, n_frames=21/107): reward=-15.3750 (mean, 1 tok)
2026-04-30 19:23:38,765 mme_vla_suite.pseudo_labeling.topreward_qwen_scorer INFO: Prefix 7/8 (end=125, n_frames=25/126): reward=-14.7500 (mean, 1 tok)
2026-04-30 19:23:45,754 mme_vla_suite.pseudo_labeling.topreward_qwen_scorer INFO: Prefix 8/8 (end=144, n_frames=29/145): reward=-13.7500 (mean, 1 tok)
2026-04-30 19:23:53,318 mme_vla_suite.pseudo_labeling.topreward_qwen_scorer INFO: Prefix 1/8 (end=4, n_frames=4/5): reward=-20.5000 (mean, 1 tok)
2026-04-30 19:24:00,161 mme_vla_suite.pseudo_labeling.topreward_qwen_scorer INFO: Prefix 2/8 (end=9, n_frames=4/10): reward=-19.6250 (mean, 1 tok)
2026-04-30 19:24:07,014 mme_vla_suite.pseudo_labeling.topreward_qwen_scorer INFO: Prefix 3/8 (end=14, n_frames=4/15): reward=-19.1250 (mean, 1 tok)
2026-04-30 19:24:13,862 mme_vla_suite.pseudo_labeling.topreward_qwen_scorer INFO: Prefix 4/8 (end=19, n_frames=4/20): reward=-21.5000 (mean, 1 tok)
2026-04-30 19:24:20,744 mme_vla_suite.pseudo_labeling.topreward_qwen_scorer INFO: Prefix 5/8 (end=24, n_frames=5/25): reward=-21.6250 (mean, 1 tok)
2026-04-30 19:24:27,633 mme_vla_suite.pseudo_labeling.topreward_qwen_scorer INFO: Prefix 6/8 (end=29, n_frames=6/30): reward=-20.0000 (mean, 1 tok)
2026-04-30 19:24:34,500 mme_vla_suite.pseudo_labeling.topreward_qwen_scorer INFO: Prefix 7/8 (end=34, n_frames=7/35): reward=-20.2500 (mean, 1 tok)
2026-04-30 19:24:41,384 mme_vla_suite.pseudo_labeling.topreward_qwen_scorer INFO: Prefix 8/8 (end=39, n_frames=8/40): reward=-20.3750 (mean, 1 tok)
2026-04-30 19:24:49,223 mme_vla_suite.pseudo_labeling.topreward_qwen_scorer INFO: Prefix 1/8 (end=4, n_frames=4/5): reward=-20.2500 (mean, 1 tok)
2026-04-30 19:24:56,084 mme_vla_suite.pseudo_labeling.topreward_qwen_scorer INFO: Prefix 2/8 (end=9, n_frames=4/10): reward=-18.5000 (mean, 1 tok)
2026-04-30 19:25:02,952 mme_vla_suite.pseudo_labeling.topreward_qwen_scorer INFO: Prefix 3/8 (end=14, n_frames=4/15): reward=-17.8750 (mean, 1 tok)
2026-04-30 19:25:09,813 mme_vla_suite.pseudo_labeling.topreward_qwen_scorer INFO: Prefix 4/8 (end=19, n_frames=4/20): reward=-16.7500 (mean, 1 tok)
2026-04-30 19:25:16,704 mme_vla_suite.pseudo_labeling.topreward_qwen_scorer INFO: Prefix 5/8 (end=24, n_frames=5/25): reward=-18.0000 (mean, 1 tok)
2026-04-30 19:25:23,581 mme_vla_suite.pseudo_labeling.topreward_qwen_scorer INFO: Prefix 6/8 (end=29, n_frames=6/30): reward=-18.0000 (mean, 1 tok)
2026-04-30 19:25:30,440 mme_vla_suite.pseudo_labeling.topreward_qwen_scorer INFO: Prefix 7/8 (end=34, n_frames=7/35): reward=-19.3750 (mean, 1 tok)
2026-04-30 19:25:37,291 mme_vla_suite.pseudo_labeling.topreward_qwen_scorer INFO: Prefix 8/8 (end=39, n_frames=8/40): reward=-19.7500 (mean, 1 tok)
2026-04-30 19:25:44,954 mme_vla_suite.pseudo_labeling.topreward_qwen_scorer INFO: Prefix 1/8 (end=4, n_frames=4/5): reward=-20.1250 (mean, 1 tok)
2026-04-30 19:25:51,772 mme_vla_suite.pseudo_labeling.topreward_qwen_scorer INFO: Prefix 2/8 (end=8, n_frames=4/9): reward=-19.5000 (mean, 1 tok)
2026-04-30 19:25:58,600 mme_vla_suite.pseudo_labeling.topreward_qwen_scorer INFO: Prefix 3/8 (end=12, n_frames=4/13): reward=-19.6250 (mean, 1 tok)
2026-04-30 19:26:05,425 mme_vla_suite.pseudo_labeling.topreward_qwen_scorer INFO: Prefix 4/8 (end=16, n_frames=4/17): reward=-19.5000 (mean, 1 tok)
2026-04-30 19:26:12,258 mme_vla_suite.pseudo_labeling.topreward_qwen_scorer INFO: Prefix 5/8 (end=20, n_frames=4/21): reward=-17.3750 (mean, 1 tok)
2026-04-30 19:26:19,094 mme_vla_suite.pseudo_labeling.topreward_qwen_scorer INFO: Prefix 6/8 (end=24, n_frames=5/25): reward=-19.1250 (mean, 1 tok)
2026-04-30 19:26:25,940 mme_vla_suite.pseudo_labeling.topreward_qwen_scorer INFO: Prefix 7/8 (end=28, n_frames=6/29): reward=-18.8750 (mean, 1 tok)
2026-04-30 19:26:32,789 mme_vla_suite.pseudo_labeling.topreward_qwen_scorer INFO: Prefix 8/8 (end=33, n_frames=7/34): reward=-18.2500 (mean, 1 tok)
2026-04-30 19:26:40,607 mme_vla_suite.pseudo_labeling.topreward_qwen_scorer INFO: Prefix 1/8 (end=6, n_frames=4/7): reward=-20.3750 (mean, 1 tok)
2026-04-30 19:26:47,447 mme_vla_suite.pseudo_labeling.topreward_qwen_scorer INFO: Prefix 2/8 (end=14, n_frames=4/15): reward=-20.1250 (mean, 1 tok)
2026-04-30 19:26:54,274 mme_vla_suite.pseudo_labeling.topreward_qwen_scorer INFO: Prefix 3/8 (end=23, n_frames=5/24): reward=-20.8750 (mean, 1 tok)
2026-04-30 19:27:01,122 mme_vla_suite.pseudo_labeling.topreward_qwen_scorer INFO: Prefix 4/8 (end=31, n_frames=6/32): reward=-20.6250 (mean, 1 tok)
2026-04-30 19:27:08,006 mme_vla_suite.pseudo_labeling.topreward_qwen_scorer INFO: Prefix 5/8 (end=40, n_frames=8/41): reward=-20.2500 (mean, 1 tok)
2026-04-30 19:27:14,897 mme_vla_suite.pseudo_labeling.topreward_qwen_scorer INFO: Prefix 6/8 (end=48, n_frames=10/49): reward=-19.5000 (mean, 1 tok)
2026-04-30 19:27:21,795 mme_vla_suite.pseudo_labeling.topreward_qwen_scorer INFO: Prefix 7/8 (end=57, n_frames=12/58): reward=-19.2500 (mean, 1 tok)
2026-04-30 19:27:28,697 mme_vla_suite.pseudo_labeling.topreward_qwen_scorer INFO: Prefix 8/8 (end=66, n_frames=13/67): reward=-19.1250 (mean, 1 tok)
2026-04-30 19:27:36,448 mme_vla_suite.pseudo_labeling.topreward_qwen_scorer INFO: Prefix 1/8 (end=10, n_frames=4/11): reward=-20.5000 (mean, 1 tok)
2026-04-30 19:27:43,330 mme_vla_suite.pseudo_labeling.topreward_qwen_scorer INFO: Prefix 2/8 (end=22, n_frames=5/23): reward=-20.0000 (mean, 1 tok)
2026-04-30 19:27:50,215 mme_vla_suite.pseudo_labeling.topreward_qwen_scorer INFO: Prefix 3/8 (end=35, n_frames=7/36): reward=-20.3750 (mean, 1 tok)
2026-04-30 19:27:57,099 mme_vla_suite.pseudo_labeling.topreward_qwen_scorer INFO: Prefix 4/8 (end=48, n_frames=10/49): reward=-19.5000 (mean, 1 tok)
2026-04-30 19:28:04,003 mme_vla_suite.pseudo_labeling.topreward_qwen_scorer INFO: Prefix 5/8 (end=60, n_frames=12/61): reward=-20.0000 (mean, 1 tok)
2026-04-30 19:28:10,890 mme_vla_suite.pseudo_labeling.topreward_qwen_scorer INFO: Prefix 6/8 (end=73, n_frames=15/74): reward=-19.1250 (mean, 1 tok)
2026-04-30 19:28:17,772 mme_vla_suite.pseudo_labeling.topreward_qwen_scorer INFO: Prefix 7/8 (end=86, n_frames=17/87): reward=-18.1250 (mean, 1 tok)
2026-04-30 19:28:24,690 mme_vla_suite.pseudo_labeling.topreward_qwen_scorer INFO: Prefix 8/8 (end=99, n_frames=20/100): reward=-18.3750 (mean, 1 tok)
2026-04-30 19:28:32,770 mme_vla_suite.pseudo_labeling.topreward_qwen_scorer INFO: Prefix 1/8 (end=10, n_frames=4/11): reward=-19.0000 (mean, 1 tok)
2026-04-30 19:28:39,601 mme_vla_suite.pseudo_labeling.topreward_qwen_scorer INFO: Prefix 2/8 (end=23, n_frames=5/24): reward=-19.5000 (mean, 1 tok)
2026-04-30 19:28:46,488 mme_vla_suite.pseudo_labeling.topreward_qwen_scorer INFO: Prefix 3/8 (end=37, n_frames=8/38): reward=-15.7500 (mean, 1 tok)
2026-04-30 19:28:53,384 mme_vla_suite.pseudo_labeling.topreward_qwen_scorer INFO: Prefix 4/8 (end=51, n_frames=10/52): reward=-15.2500 (mean, 1 tok)
2026-04-30 19:29:00,292 mme_vla_suite.pseudo_labeling.topreward_qwen_scorer INFO: Prefix 5/8 (end=65, n_frames=13/66): reward=-16.1250 (mean, 1 tok)
2026-04-30 19:29:07,201 mme_vla_suite.pseudo_labeling.topreward_qwen_scorer INFO: Prefix 6/8 (end=79, n_frames=16/80): reward=-15.7500 (mean, 1 tok)
2026-04-30 19:29:14,144 mme_vla_suite.pseudo_labeling.topreward_qwen_scorer INFO: Prefix 7/8 (end=93, n_frames=19/94): reward=-14.0000 (mean, 1 tok)
2026-04-30 19:29:21,118 mme_vla_suite.pseudo_labeling.topreward_qwen_scorer INFO: Prefix 8/8 (end=107, n_frames=22/108): reward=-13.7500 (mean, 1 tok)
2026-04-30 19:29:29,319 mme_vla_suite.pseudo_labeling.topreward_qwen_scorer INFO: Prefix 1/8 (end=4, n_frames=4/5): reward=-21.0000 (mean, 1 tok)
2026-04-30 19:29:36,204 mme_vla_suite.pseudo_labeling.topreward_qwen_scorer INFO: Prefix 2/8 (end=9, n_frames=4/10): reward=-20.2500 (mean, 1 tok)
2026-04-30 19:29:43,097 mme_vla_suite.pseudo_labeling.topreward_qwen_scorer INFO: Prefix 3/8 (end=15, n_frames=4/16): reward=-19.1250 (mean, 1 tok)
2026-04-30 19:29:49,986 mme_vla_suite.pseudo_labeling.topreward_qwen_scorer INFO: Prefix 4/8 (end=21, n_frames=4/22): reward=-19.0000 (mean, 1 tok)
2026-04-30 19:29:56,872 mme_vla_suite.pseudo_labeling.topreward_qwen_scorer INFO: Prefix 5/8 (end=27, n_frames=6/28): reward=-17.3750 (mean, 1 tok)
2026-04-30 19:30:03,769 mme_vla_suite.pseudo_labeling.topreward_qwen_scorer INFO: Prefix 6/8 (end=33, n_frames=7/34): reward=-17.8750 (mean, 1 tok)
2026-04-30 19:30:10,661 mme_vla_suite.pseudo_labeling.topreward_qwen_scorer INFO: Prefix 7/8 (end=39, n_frames=8/40): reward=-18.8750 (mean, 1 tok)
2026-04-30 19:30:17,550 mme_vla_suite.pseudo_labeling.topreward_qwen_scorer INFO: Prefix 8/8 (end=45, n_frames=9/46): reward=-18.1250 (mean, 1 tok)
2026-04-30 19:30:25,337 mme_vla_suite.pseudo_labeling.topreward_qwen_scorer INFO: Prefix 1/8 (end=4, n_frames=4/5): reward=-19.2500 (mean, 1 tok)
2026-04-30 19:30:32,213 mme_vla_suite.pseudo_labeling.topreward_qwen_scorer INFO: Prefix 2/8 (end=8, n_frames=4/9): reward=-18.0000 (mean, 1 tok)
2026-04-30 19:30:39,098 mme_vla_suite.pseudo_labeling.topreward_qwen_scorer INFO: Prefix 3/8 (end=12, n_frames=4/13): reward=-17.0000 (mean, 1 tok)
2026-04-30 19:30:45,944 mme_vla_suite.pseudo_labeling.topreward_qwen_scorer INFO: Prefix 4/8 (end=16, n_frames=4/17): reward=-17.8750 (mean, 1 tok)
2026-04-30 19:30:52,778 mme_vla_suite.pseudo_labeling.topreward_qwen_scorer INFO: Prefix 5/8 (end=21, n_frames=4/22): reward=-17.3750 (mean, 1 tok)
2026-04-30 19:30:59,655 mme_vla_suite.pseudo_labeling.topreward_qwen_scorer INFO: Prefix 6/8 (end=25, n_frames=5/26): reward=-18.5000 (mean, 1 tok)
2026-04-30 19:31:06,521 mme_vla_suite.pseudo_labeling.topreward_qwen_scorer INFO: Prefix 7/8 (end=29, n_frames=6/30): reward=-18.8750 (mean, 1 tok)
2026-04-30 19:31:13,399 mme_vla_suite.pseudo_labeling.topreward_qwen_scorer INFO: Prefix 8/8 (end=34, n_frames=7/35): reward=-20.2500 (mean, 1 tok)
2026-04-30 19:31:21,332 mme_vla_suite.pseudo_labeling.topreward_qwen_scorer INFO: Prefix 1/8 (end=4, n_frames=4/5): reward=-20.5000 (mean, 1 tok)
2026-04-30 19:31:28,194 mme_vla_suite.pseudo_labeling.topreward_qwen_scorer INFO: Prefix 2/8 (end=8, n_frames=4/9): reward=-19.6250 (mean, 1 tok)
2026-04-30 19:31:35,044 mme_vla_suite.pseudo_labeling.topreward_qwen_scorer INFO: Prefix 3/8 (end=12, n_frames=4/13): reward=-19.3750 (mean, 1 tok)
2026-04-30 19:31:41,928 mme_vla_suite.pseudo_labeling.topreward_qwen_scorer INFO: Prefix 4/8 (end=16, n_frames=4/17): reward=-19.2500 (mean, 1 tok)
2026-04-30 19:31:48,784 mme_vla_suite.pseudo_labeling.topreward_qwen_scorer INFO: Prefix 5/8 (end=21, n_frames=4/22): reward=-18.5000 (mean, 1 tok)
2026-04-30 19:31:55,673 mme_vla_suite.pseudo_labeling.topreward_qwen_scorer INFO: Prefix 6/8 (end=25, n_frames=5/26): reward=-19.2500 (mean, 1 tok)
2026-04-30 19:32:02,561 mme_vla_suite.pseudo_labeling.topreward_qwen_scorer INFO: Prefix 7/8 (end=29, n_frames=6/30): reward=-19.0000 (mean, 1 tok)
2026-04-30 19:32:09,523 mme_vla_suite.pseudo_labeling.topreward_qwen_scorer INFO: Prefix 8/8 (end=34, n_frames=7/35): reward=-18.8750 (mean, 1 tok)
2026-04-30 19:32:17,246 mme_vla_suite.pseudo_labeling.topreward_qwen_scorer INFO: Prefix 1/8 (end=4, n_frames=4/5): reward=-19.8750 (mean, 1 tok)
2026-04-30 19:32:24,122 mme_vla_suite.pseudo_labeling.topreward_qwen_scorer INFO: Prefix 2/8 (end=8, n_frames=4/9): reward=-18.8750 (mean, 1 tok)
2026-04-30 19:32:30,991 mme_vla_suite.pseudo_labeling.topreward_qwen_scorer INFO: Prefix 3/8 (end=12, n_frames=4/13): reward=-18.0000 (mean, 1 tok)
2026-04-30 19:32:37,853 mme_vla_suite.pseudo_labeling.topreward_qwen_scorer INFO: Prefix 4/8 (end=16, n_frames=4/17): reward=-19.0000 (mean, 1 tok)
2026-04-30 19:32:44,720 mme_vla_suite.pseudo_labeling.topreward_qwen_scorer INFO: Prefix 5/8 (end=21, n_frames=4/22): reward=-17.7500 (mean, 1 tok)
2026-04-30 19:32:51,602 mme_vla_suite.pseudo_labeling.topreward_qwen_scorer INFO: Prefix 6/8 (end=25, n_frames=5/26): reward=-19.2500 (mean, 1 tok)
2026-04-30 19:32:58,488 mme_vla_suite.pseudo_labeling.topreward_qwen_scorer INFO: Prefix 7/8 (end=29, n_frames=6/30): reward=-18.6250 (mean, 1 tok)
2026-04-30 19:33:05,385 mme_vla_suite.pseudo_labeling.topreward_qwen_scorer INFO: Prefix 8/8 (end=34, n_frames=7/35): reward=-19.6250 (mean, 1 tok)
2026-04-30 19:33:13,327 mme_vla_suite.pseudo_labeling.topreward_qwen_scorer INFO: Prefix 1/8 (end=4, n_frames=4/5): reward=-19.6250 (mean, 1 tok)
2026-04-30 19:33:20,183 mme_vla_suite.pseudo_labeling.topreward_qwen_scorer INFO: Prefix 2/8 (end=8, n_frames=4/9): reward=-19.0000 (mean, 1 tok)
2026-04-30 19:33:27,056 mme_vla_suite.pseudo_labeling.topreward_qwen_scorer INFO: Prefix 3/8 (end=12, n_frames=4/13): reward=-20.2500 (mean, 1 tok)
2026-04-30 19:33:33,921 mme_vla_suite.pseudo_labeling.topreward_qwen_scorer INFO: Prefix 4/8 (end=16, n_frames=4/17): reward=-18.3750 (mean, 1 tok)
2026-04-30 19:33:40,790 mme_vla_suite.pseudo_labeling.topreward_qwen_scorer INFO: Prefix 5/8 (end=21, n_frames=4/22): reward=-18.1250 (mean, 1 tok)
2026-04-30 19:33:47,668 mme_vla_suite.pseudo_labeling.topreward_qwen_scorer INFO: Prefix 6/8 (end=25, n_frames=5/26): reward=-16.6250 (mean, 1 tok)
2026-04-30 19:33:54,541 mme_vla_suite.pseudo_labeling.topreward_qwen_scorer INFO: Prefix 7/8 (end=29, n_frames=6/30): reward=-17.7500 (mean, 1 tok)
2026-04-30 19:34:01,425 mme_vla_suite.pseudo_labeling.topreward_qwen_scorer INFO: Prefix 8/8 (end=34, n_frames=7/35): reward=-16.6250 (mean, 1 tok)
2026-04-30 19:34:09,178 mme_vla_suite.pseudo_labeling.topreward_qwen_scorer INFO: Prefix 1/8 (end=5, n_frames=4/6): reward=-21.3750 (mean, 1 tok)
2026-04-30 19:34:16,017 mme_vla_suite.pseudo_labeling.topreward_qwen_scorer INFO: Prefix 2/8 (end=12, n_frames=4/13): reward=-21.6250 (mean, 1 tok)
2026-04-30 19:34:22,867 mme_vla_suite.pseudo_labeling.topreward_qwen_scorer INFO: Prefix 3/8 (end=19, n_frames=4/20): reward=-21.8750 (mean, 1 tok)
2026-04-30 19:34:29,737 mme_vla_suite.pseudo_labeling.topreward_qwen_scorer INFO: Prefix 4/8 (end=26, n_frames=5/27): reward=-21.1250 (mean, 1 tok)
2026-04-30 19:34:36,582 mme_vla_suite.pseudo_labeling.topreward_qwen_scorer INFO: Prefix 5/8 (end=34, n_frames=7/35): reward=-20.3750 (mean, 1 tok)
2026-04-30 19:34:43,453 mme_vla_suite.pseudo_labeling.topreward_qwen_scorer INFO: Prefix 6/8 (end=41, n_frames=8/42): reward=-20.8750 (mean, 1 tok)
2026-04-30 19:34:50,338 mme_vla_suite.pseudo_labeling.topreward_qwen_scorer INFO: Prefix 7/8 (end=48, n_frames=10/49): reward=-19.1250 (mean, 1 tok)
2026-04-30 19:34:57,208 mme_vla_suite.pseudo_labeling.topreward_qwen_scorer INFO: Prefix 8/8 (end=56, n_frames=11/57): reward=-19.7500 (mean, 1 tok)
2026-04-30 19:35:05,235 mme_vla_suite.pseudo_labeling.topreward_qwen_scorer INFO: Prefix 1/8 (end=9, n_frames=4/10): reward=-21.5000 (mean, 1 tok)
2026-04-30 19:35:12,057 mme_vla_suite.pseudo_labeling.topreward_qwen_scorer INFO: Prefix 2/8 (end=21, n_frames=4/22): reward=-21.1250 (mean, 1 tok)
2026-04-30 19:35:18,907 mme_vla_suite.pseudo_labeling.topreward_qwen_scorer INFO: Prefix 3/8 (end=34, n_frames=7/35): reward=-20.3750 (mean, 1 tok)
2026-04-30 19:35:25,760 mme_vla_suite.pseudo_labeling.topreward_qwen_scorer INFO: Prefix 4/8 (end=47, n_frames=10/48): reward=-20.2500 (mean, 1 tok)
2026-04-30 19:35:32,644 mme_vla_suite.pseudo_labeling.topreward_qwen_scorer INFO: Prefix 5/8 (end=59, n_frames=12/60): reward=-20.0000 (mean, 1 tok)
2026-04-30 19:35:39,522 mme_vla_suite.pseudo_labeling.topreward_qwen_scorer INFO: Prefix 6/8 (end=72, n_frames=15/73): reward=-20.0000 (mean, 1 tok)
2026-04-30 19:35:46,424 mme_vla_suite.pseudo_labeling.topreward_qwen_scorer INFO: Prefix 7/8 (end=85, n_frames=17/86): reward=-20.0000 (mean, 1 tok)
2026-04-30 19:35:53,339 mme_vla_suite.pseudo_labeling.topreward_qwen_scorer INFO: Prefix 8/8 (end=98, n_frames=20/99): reward=-20.3750 (mean, 1 tok)
2026-04-30 19:36:01,309 mme_vla_suite.pseudo_labeling.topreward_qwen_scorer INFO: Prefix 1/8 (end=10, n_frames=4/11): reward=-20.3750 (mean, 1 tok)
2026-04-30 19:36:08,176 mme_vla_suite.pseudo_labeling.topreward_qwen_scorer INFO: Prefix 2/8 (end=23, n_frames=5/24): reward=-21.3750 (mean, 1 tok)
2026-04-30 19:36:15,033 mme_vla_suite.pseudo_labeling.topreward_qwen_scorer INFO: Prefix 3/8 (end=36, n_frames=7/37): reward=-15.5000 (mean, 1 tok)
2026-04-30 19:36:21,912 mme_vla_suite.pseudo_labeling.topreward_qwen_scorer INFO: Prefix 4/8 (end=49, n_frames=10/50): reward=-15.5000 (mean, 1 tok)
2026-04-30 19:36:28,808 mme_vla_suite.pseudo_labeling.topreward_qwen_scorer INFO: Prefix 5/8 (end=62, n_frames=13/63): reward=-15.5000 (mean, 1 tok)
2026-04-30 19:36:35,708 mme_vla_suite.pseudo_labeling.topreward_qwen_scorer INFO: Prefix 6/8 (end=75, n_frames=15/76): reward=-15.0000 (mean, 1 tok)
2026-04-30 19:36:42,613 mme_vla_suite.pseudo_labeling.topreward_qwen_scorer INFO: Prefix 7/8 (end=88, n_frames=18/89): reward=-13.1250 (mean, 1 tok)
2026-04-30 19:36:49,556 mme_vla_suite.pseudo_labeling.topreward_qwen_scorer INFO: Prefix 8/8 (end=102, n_frames=21/103): reward=-12.2500 (mean, 1 tok)
2026-04-30 19:36:57,247 mme_vla_suite.pseudo_labeling.topreward_qwen_scorer INFO: Prefix 1/8 (end=4, n_frames=4/5): reward=-19.7500 (mean, 1 tok)
2026-04-30 19:37:04,112 mme_vla_suite.pseudo_labeling.topreward_qwen_scorer INFO: Prefix 2/8 (end=7, n_frames=4/8): reward=-20.0000 (mean, 1 tok)
2026-04-30 19:37:10,962 mme_vla_suite.pseudo_labeling.topreward_qwen_scorer INFO: Prefix 3/8 (end=11, n_frames=4/12): reward=-19.7500 (mean, 1 tok)
2026-04-30 19:37:17,811 mme_vla_suite.pseudo_labeling.topreward_qwen_scorer INFO: Prefix 4/8 (end=14, n_frames=4/15): reward=-19.7500 (mean, 1 tok)
2026-04-30 19:37:24,657 mme_vla_suite.pseudo_labeling.topreward_qwen_scorer INFO: Prefix 5/8 (end=18, n_frames=4/19): reward=-19.2500 (mean, 1 tok)
2026-04-30 19:37:31,496 mme_vla_suite.pseudo_labeling.topreward_qwen_scorer INFO: Prefix 6/8 (end=21, n_frames=4/22): reward=-18.8750 (mean, 1 tok)
2026-04-30 19:37:38,347 mme_vla_suite.pseudo_labeling.topreward_qwen_scorer INFO: Prefix 7/8 (end=25, n_frames=5/26): reward=-16.2500 (mean, 1 tok)
2026-04-30 19:37:45,198 mme_vla_suite.pseudo_labeling.topreward_qwen_scorer INFO: Prefix 8/8 (end=29, n_frames=6/30): reward=-16.3750 (mean, 1 tok)
2026-04-30 19:37:53,221 mme_vla_suite.pseudo_labeling.topreward_qwen_scorer INFO: Prefix 1/8 (end=4, n_frames=4/5): reward=-19.5000 (mean, 1 tok)
2026-04-30 19:38:00,072 mme_vla_suite.pseudo_labeling.topreward_qwen_scorer INFO: Prefix 2/8 (end=9, n_frames=4/10): reward=-17.8750 (mean, 1 tok)
2026-04-30 19:38:06,938 mme_vla_suite.pseudo_labeling.topreward_qwen_scorer INFO: Prefix 3/8 (end=15, n_frames=4/16): reward=-16.8750 (mean, 1 tok)
2026-04-30 19:38:13,798 mme_vla_suite.pseudo_labeling.topreward_qwen_scorer INFO: Prefix 4/8 (end=21, n_frames=4/22): reward=-16.8750 (mean, 1 tok)
2026-04-30 19:38:20,661 mme_vla_suite.pseudo_labeling.topreward_qwen_scorer INFO: Prefix 5/8 (end=26, n_frames=5/27): reward=-17.0000 (mean, 1 tok)
2026-04-30 19:38:27,525 mme_vla_suite.pseudo_labeling.topreward_qwen_scorer INFO: Prefix 6/8 (end=32, n_frames=7/33): reward=-18.5000 (mean, 1 tok)
2026-04-30 19:38:34,406 mme_vla_suite.pseudo_labeling.topreward_qwen_scorer INFO: Prefix 7/8 (end=38, n_frames=8/39): reward=-18.1250 (mean, 1 tok)
2026-04-30 19:38:41,294 mme_vla_suite.pseudo_labeling.topreward_qwen_scorer INFO: Prefix 8/8 (end=44, n_frames=9/45): reward=-17.7500 (mean, 1 tok)
2026-04-30 19:38:49,125 mme_vla_suite.pseudo_labeling.topreward_qwen_scorer INFO: Prefix 1/8 (end=4, n_frames=4/5): reward=-19.6250 (mean, 1 tok)
2026-04-30 19:38:55,991 mme_vla_suite.pseudo_labeling.topreward_qwen_scorer INFO: Prefix 2/8 (end=9, n_frames=4/10): reward=-18.3750 (mean, 1 tok)
2026-04-30 19:39:02,860 mme_vla_suite.pseudo_labeling.topreward_qwen_scorer INFO: Prefix 3/8 (end=14, n_frames=4/15): reward=-18.8750 (mean, 1 tok)
2026-04-30 19:39:09,728 mme_vla_suite.pseudo_labeling.topreward_qwen_scorer INFO: Prefix 4/8 (end=19, n_frames=4/20): reward=-17.2500 (mean, 1 tok)
2026-04-30 19:39:16,608 mme_vla_suite.pseudo_labeling.topreward_qwen_scorer INFO: Prefix 5/8 (end=25, n_frames=5/26): reward=-18.7500 (mean, 1 tok)
2026-04-30 19:39:23,471 mme_vla_suite.pseudo_labeling.topreward_qwen_scorer INFO: Prefix 6/8 (end=30, n_frames=6/31): reward=-18.5000 (mean, 1 tok)
2026-04-30 19:39:30,339 mme_vla_suite.pseudo_labeling.topreward_qwen_scorer INFO: Prefix 7/8 (end=35, n_frames=7/36): reward=-18.8750 (mean, 1 tok)
2026-04-30 19:39:37,224 mme_vla_suite.pseudo_labeling.topreward_qwen_scorer INFO: Prefix 8/8 (end=41, n_frames=8/42): reward=-18.1250 (mean, 1 tok)
2026-04-30 19:39:45,215 mme_vla_suite.pseudo_labeling.topreward_qwen_scorer INFO: Prefix 1/8 (end=4, n_frames=4/5): reward=-19.8750 (mean, 1 tok)
2026-04-30 19:39:52,083 mme_vla_suite.pseudo_labeling.topreward_qwen_scorer INFO: Prefix 2/8 (end=9, n_frames=4/10): reward=-19.1250 (mean, 1 tok)
2026-04-30 19:39:58,958 mme_vla_suite.pseudo_labeling.topreward_qwen_scorer INFO: Prefix 3/8 (end=14, n_frames=4/15): reward=-19.0000 (mean, 1 tok)
2026-04-30 19:40:05,827 mme_vla_suite.pseudo_labeling.topreward_qwen_scorer INFO: Prefix 4/8 (end=20, n_frames=4/21): reward=-17.1250 (mean, 1 tok)
2026-04-30 19:40:12,703 mme_vla_suite.pseudo_labeling.topreward_qwen_scorer INFO: Prefix 5/8 (end=25, n_frames=5/26): reward=-17.6250 (mean, 1 tok)
2026-04-30 19:40:19,596 mme_vla_suite.pseudo_labeling.topreward_qwen_scorer INFO: Prefix 6/8 (end=31, n_frames=6/32): reward=-16.7500 (mean, 1 tok)
2026-04-30 19:40:26,495 mme_vla_suite.pseudo_labeling.topreward_qwen_scorer INFO: Prefix 7/8 (end=36, n_frames=7/37): reward=-18.2500 (mean, 1 tok)
2026-04-30 19:40:33,381 mme_vla_suite.pseudo_labeling.topreward_qwen_scorer INFO: Prefix 8/8 (end=42, n_frames=9/43): reward=-18.1250 (mean, 1 tok)
2026-04-30 19:40:41,313 mme_vla_suite.pseudo_labeling.topreward_qwen_scorer INFO: Prefix 1/8 (end=4, n_frames=4/5): reward=-20.2500 (mean, 1 tok)
2026-04-30 19:40:48,161 mme_vla_suite.pseudo_labeling.topreward_qwen_scorer INFO: Prefix 2/8 (end=9, n_frames=4/10): reward=-18.6250 (mean, 1 tok)
2026-04-30 19:40:55,016 mme_vla_suite.pseudo_labeling.topreward_qwen_scorer INFO: Prefix 3/8 (end=14, n_frames=4/15): reward=-19.6250 (mean, 1 tok)
2026-04-30 19:41:01,854 mme_vla_suite.pseudo_labeling.topreward_qwen_scorer INFO: Prefix 4/8 (end=19, n_frames=4/20): reward=-18.6250 (mean, 1 tok)
2026-04-30 19:41:08,705 mme_vla_suite.pseudo_labeling.topreward_qwen_scorer INFO: Prefix 5/8 (end=25, n_frames=5/26): reward=-19.2500 (mean, 1 tok)
2026-04-30 19:41:15,556 mme_vla_suite.pseudo_labeling.topreward_qwen_scorer INFO: Prefix 6/8 (end=30, n_frames=6/31): reward=-19.1250 (mean, 1 tok)
2026-04-30 19:41:22,424 mme_vla_suite.pseudo_labeling.topreward_qwen_scorer INFO: Prefix 7/8 (end=35, n_frames=7/36): reward=-19.8750 (mean, 1 tok)
2026-04-30 19:41:29,291 mme_vla_suite.pseudo_labeling.topreward_qwen_scorer INFO: Prefix 8/8 (end=41, n_frames=8/42): reward=-19.2500 (mean, 1 tok)
2026-04-30 19:41:37,272 mme_vla_suite.pseudo_labeling.topreward_qwen_scorer INFO: Prefix 1/8 (end=4, n_frames=4/5): reward=-20.5000 (mean, 1 tok)
2026-04-30 19:41:44,124 mme_vla_suite.pseudo_labeling.topreward_qwen_scorer INFO: Prefix 2/8 (end=9, n_frames=4/10): reward=-19.6250 (mean, 1 tok)
2026-04-30 19:41:50,972 mme_vla_suite.pseudo_labeling.topreward_qwen_scorer INFO: Prefix 3/8 (end=14, n_frames=4/15): reward=-19.5000 (mean, 1 tok)
2026-04-30 19:41:57,815 mme_vla_suite.pseudo_labeling.topreward_qwen_scorer INFO: Prefix 4/8 (end=20, n_frames=4/21): reward=-18.0000 (mean, 1 tok)
2026-04-30 19:42:04,677 mme_vla_suite.pseudo_labeling.topreward_qwen_scorer INFO: Prefix 5/8 (end=25, n_frames=5/26): reward=-18.3750 (mean, 1 tok)
2026-04-30 19:42:11,541 mme_vla_suite.pseudo_labeling.topreward_qwen_scorer INFO: Prefix 6/8 (end=31, n_frames=6/32): reward=-17.5000 (mean, 1 tok)
2026-04-30 19:42:18,396 mme_vla_suite.pseudo_labeling.topreward_qwen_scorer INFO: Prefix 7/8 (end=36, n_frames=7/37): reward=-19.2500 (mean, 1 tok)
2026-04-30 19:42:25,284 mme_vla_suite.pseudo_labeling.topreward_qwen_scorer INFO: Prefix 8/8 (end=42, n_frames=9/43): reward=-18.7500 (mean, 1 tok)
2026-04-30 19:42:33,199 mme_vla_suite.pseudo_labeling.topreward_qwen_scorer INFO: Prefix 1/8 (end=4, n_frames=4/5): reward=-18.3750 (mean, 1 tok)
2026-04-30 19:42:40,072 mme_vla_suite.pseudo_labeling.topreward_qwen_scorer INFO: Prefix 2/8 (end=8, n_frames=4/9): reward=-18.0000 (mean, 1 tok)
2026-04-30 19:42:46,944 mme_vla_suite.pseudo_labeling.topreward_qwen_scorer INFO: Prefix 3/8 (end=12, n_frames=4/13): reward=-18.0000 (mean, 1 tok)
2026-04-30 19:42:53,786 mme_vla_suite.pseudo_labeling.topreward_qwen_scorer INFO: Prefix 4/8 (end=16, n_frames=4/17): reward=-18.0000 (mean, 1 tok)
2026-04-30 19:43:00,627 mme_vla_suite.pseudo_labeling.topreward_qwen_scorer INFO: Prefix 5/8 (end=21, n_frames=4/22): reward=-16.8750 (mean, 1 tok)
2026-04-30 19:43:07,471 mme_vla_suite.pseudo_labeling.topreward_qwen_scorer INFO: Prefix 6/8 (end=25, n_frames=5/26): reward=-15.7500 (mean, 1 tok)
2026-04-30 19:43:14,309 mme_vla_suite.pseudo_labeling.topreward_qwen_scorer INFO: Prefix 7/8 (end=29, n_frames=6/30): reward=-15.3750 (mean, 1 tok)
2026-04-30 19:43:21,162 mme_vla_suite.pseudo_labeling.topreward_qwen_scorer INFO: Prefix 8/8 (end=34, n_frames=7/35): reward=-14.2500 (mean, 1 tok)
2026-04-30 19:43:28,873 mme_vla_suite.pseudo_labeling.topreward_qwen_scorer INFO: Prefix 1/8 (end=7, n_frames=4/8): reward=-21.2500 (mean, 1 tok)
2026-04-30 19:43:35,716 mme_vla_suite.pseudo_labeling.topreward_qwen_scorer INFO: Prefix 2/8 (end=16, n_frames=4/17): reward=-20.0000 (mean, 1 tok)
2026-04-30 19:43:42,581 mme_vla_suite.pseudo_labeling.topreward_qwen_scorer INFO: Prefix 3/8 (end=26, n_frames=5/27): reward=-19.7500 (mean, 1 tok)
2026-04-30 19:43:49,452 mme_vla_suite.pseudo_labeling.topreward_qwen_scorer INFO: Prefix 4/8 (end=36, n_frames=7/37): reward=-19.2500 (mean, 1 tok)
2026-04-30 19:43:56,323 mme_vla_suite.pseudo_labeling.topreward_qwen_scorer INFO: Prefix 5/8 (end=45, n_frames=9/46): reward=-18.7500 (mean, 1 tok)
2026-04-30 19:44:03,208 mme_vla_suite.pseudo_labeling.topreward_qwen_scorer INFO: Prefix 6/8 (end=55, n_frames=11/56): reward=-20.0000 (mean, 1 tok)
2026-04-30 19:44:10,096 mme_vla_suite.pseudo_labeling.topreward_qwen_scorer INFO: Prefix 7/8 (end=65, n_frames=13/66): reward=-19.6250 (mean, 1 tok)
2026-04-30 19:44:16,975 mme_vla_suite.pseudo_labeling.topreward_qwen_scorer INFO: Prefix 8/8 (end=75, n_frames=15/76): reward=-18.8750 (mean, 1 tok)
2026-04-30 19:44:24,834 mme_vla_suite.pseudo_labeling.topreward_qwen_scorer INFO: Prefix 1/8 (end=11, n_frames=4/12): reward=-20.8750 (mean, 1 tok)
2026-04-30 19:44:31,686 mme_vla_suite.pseudo_labeling.topreward_qwen_scorer INFO: Prefix 2/8 (end=25, n_frames=5/26): reward=-19.8750 (mean, 1 tok)
2026-04-30 19:44:38,539 mme_vla_suite.pseudo_labeling.topreward_qwen_scorer INFO: Prefix 3/8 (end=40, n_frames=8/41): reward=-19.2500 (mean, 1 tok)
2026-04-30 19:44:45,419 mme_vla_suite.pseudo_labeling.topreward_qwen_scorer INFO: Prefix 4/8 (end=55, n_frames=11/56): reward=-20.0000 (mean, 1 tok)
2026-04-30 19:44:52,315 mme_vla_suite.pseudo_labeling.topreward_qwen_scorer INFO: Prefix 5/8 (end=70, n_frames=14/71): reward=-19.0000 (mean, 1 tok)
2026-04-30 19:44:59,224 mme_vla_suite.pseudo_labeling.topreward_qwen_scorer INFO: Prefix 6/8 (end=85, n_frames=17/86): reward=-18.8750 (mean, 1 tok)
2026-04-30 19:45:06,197 mme_vla_suite.pseudo_labeling.topreward_qwen_scorer INFO: Prefix 7/8 (end=100, n_frames=20/101): reward=-19.2500 (mean, 1 tok)
2026-04-30 19:45:13,203 mme_vla_suite.pseudo_labeling.topreward_qwen_scorer INFO: Prefix 8/8 (end=115, n_frames=23/116): reward=-18.3750 (mean, 1 tok)
2026-04-30 19:45:21,513 mme_vla_suite.pseudo_labeling.topreward_qwen_scorer INFO: Prefix 1/8 (end=11, n_frames=4/12): reward=-20.6250 (mean, 1 tok)
2026-04-30 19:45:28,386 mme_vla_suite.pseudo_labeling.topreward_qwen_scorer INFO: Prefix 2/8 (end=25, n_frames=5/26): reward=-21.5000 (mean, 1 tok)
2026-04-30 19:45:35,272 mme_vla_suite.pseudo_labeling.topreward_qwen_scorer INFO: Prefix 3/8 (end=39, n_frames=8/40): reward=-16.5000 (mean, 1 tok)
2026-04-30 19:45:42,173 mme_vla_suite.pseudo_labeling.topreward_qwen_scorer INFO: Prefix 4/8 (end=53, n_frames=11/54): reward=-16.7500 (mean, 1 tok)
2026-04-30 19:45:49,071 mme_vla_suite.pseudo_labeling.topreward_qwen_scorer INFO: Prefix 5/8 (end=68, n_frames=14/69): reward=-16.8750 (mean, 1 tok)
2026-04-30 19:45:55,981 mme_vla_suite.pseudo_labeling.topreward_qwen_scorer INFO: Prefix 6/8 (end=82, n_frames=17/83): reward=-15.7500 (mean, 1 tok)
2026-04-30 19:46:02,945 mme_vla_suite.pseudo_labeling.topreward_qwen_scorer INFO: Prefix 7/8 (end=96, n_frames=19/97): reward=-16.0000 (mean, 1 tok)
2026-04-30 19:46:09,914 mme_vla_suite.pseudo_labeling.topreward_qwen_scorer INFO: Prefix 8/8 (end=111, n_frames=22/112): reward=-16.1250 (mean, 1 tok)
2026-04-30 19:46:17,718 mme_vla_suite.pseudo_labeling.topreward_qwen_scorer INFO: Prefix 1/8 (end=4, n_frames=4/5): reward=-19.8750 (mean, 1 tok)
2026-04-30 19:46:24,604 mme_vla_suite.pseudo_labeling.topreward_qwen_scorer INFO: Prefix 2/8 (end=7, n_frames=4/8): reward=-19.5000 (mean, 1 tok)
2026-04-30 19:46:31,475 mme_vla_suite.pseudo_labeling.topreward_qwen_scorer INFO: Prefix 3/8 (end=11, n_frames=4/12): reward=-21.7500 (mean, 1 tok)
2026-04-30 19:46:38,335 mme_vla_suite.pseudo_labeling.topreward_qwen_scorer INFO: Prefix 4/8 (end=14, n_frames=4/15): reward=-22.0000 (mean, 1 tok)
2026-04-30 19:46:45,168 mme_vla_suite.pseudo_labeling.topreward_qwen_scorer INFO: Prefix 5/8 (end=18, n_frames=4/19): reward=-20.3750 (mean, 1 tok)
2026-04-30 19:46:52,004 mme_vla_suite.pseudo_labeling.topreward_qwen_scorer INFO: Prefix 6/8 (end=21, n_frames=4/22): reward=-19.1250 (mean, 1 tok)
2026-04-30 19:46:58,857 mme_vla_suite.pseudo_labeling.topreward_qwen_scorer INFO: Prefix 7/8 (end=25, n_frames=5/26): reward=-18.7500 (mean, 1 tok)
2026-04-30 19:47:05,714 mme_vla_suite.pseudo_labeling.topreward_qwen_scorer INFO: Prefix 8/8 (end=29, n_frames=6/30): reward=-18.2500 (mean, 1 tok)
2026-04-30 19:47:13,411 mme_vla_suite.pseudo_labeling.topreward_qwen_scorer INFO: Prefix 1/8 (end=4, n_frames=4/5): reward=-19.0000 (mean, 1 tok)
2026-04-30 19:47:20,260 mme_vla_suite.pseudo_labeling.topreward_qwen_scorer INFO: Prefix 2/8 (end=9, n_frames=4/10): reward=-18.3750 (mean, 1 tok)
2026-04-30 19:47:27,105 mme_vla_suite.pseudo_labeling.topreward_qwen_scorer INFO: Prefix 3/8 (end=15, n_frames=4/16): reward=-17.2500 (mean, 1 tok)
2026-04-30 19:47:33,950 mme_vla_suite.pseudo_labeling.topreward_qwen_scorer INFO: Prefix 4/8 (end=21, n_frames=4/22): reward=-16.6250 (mean, 1 tok)
2026-04-30 19:47:40,803 mme_vla_suite.pseudo_labeling.topreward_qwen_scorer INFO: Prefix 5/8 (end=26, n_frames=5/27): reward=-16.3750 (mean, 1 tok)
2026-04-30 19:47:47,661 mme_vla_suite.pseudo_labeling.topreward_qwen_scorer INFO: Prefix 6/8 (end=32, n_frames=7/33): reward=-17.8750 (mean, 1 tok)
2026-04-30 19:47:54,537 mme_vla_suite.pseudo_labeling.topreward_qwen_scorer INFO: Prefix 7/8 (end=38, n_frames=8/39): reward=-17.5000 (mean, 1 tok)
2026-04-30 19:48:01,431 mme_vla_suite.pseudo_labeling.topreward_qwen_scorer INFO: Prefix 8/8 (end=44, n_frames=9/45): reward=-17.1250 (mean, 1 tok)
2026-04-30 19:48:09,247 mme_vla_suite.pseudo_labeling.topreward_qwen_scorer INFO: Prefix 1/8 (end=4, n_frames=4/5): reward=-20.5000 (mean, 1 tok)
2026-04-30 19:48:16,094 mme_vla_suite.pseudo_labeling.topreward_qwen_scorer INFO: Prefix 2/8 (end=9, n_frames=4/10): reward=-19.3750 (mean, 1 tok)
2026-04-30 19:48:22,948 mme_vla_suite.pseudo_labeling.topreward_qwen_scorer INFO: Prefix 3/8 (end=15, n_frames=4/16): reward=-18.1250 (mean, 1 tok)
2026-04-30 19:48:29,798 mme_vla_suite.pseudo_labeling.topreward_qwen_scorer INFO: Prefix 4/8 (end=20, n_frames=4/21): reward=-18.2500 (mean, 1 tok)
2026-04-30 19:48:36,668 mme_vla_suite.pseudo_labeling.topreward_qwen_scorer INFO: Prefix 5/8 (end=26, n_frames=5/27): reward=-19.1250 (mean, 1 tok)
2026-04-30 19:48:43,531 mme_vla_suite.pseudo_labeling.topreward_qwen_scorer INFO: Prefix 6/8 (end=31, n_frames=6/32): reward=-18.3750 (mean, 1 tok)
2026-04-30 19:48:50,392 mme_vla_suite.pseudo_labeling.topreward_qwen_scorer INFO: Prefix 7/8 (end=37, n_frames=8/38): reward=-18.7500 (mean, 1 tok)
2026-04-30 19:48:57,263 mme_vla_suite.pseudo_labeling.topreward_qwen_scorer INFO: Prefix 8/8 (end=43, n_frames=9/44): reward=-17.5000 (mean, 1 tok)
2026-04-30 19:49:05,158 mme_vla_suite.pseudo_labeling.topreward_qwen_scorer INFO: Prefix 1/8 (end=4, n_frames=4/5): reward=-19.8750 (mean, 1 tok)
2026-04-30 19:49:12,005 mme_vla_suite.pseudo_labeling.topreward_qwen_scorer INFO: Prefix 2/8 (end=9, n_frames=4/10): reward=-18.8750 (mean, 1 tok)
2026-04-30 19:49:18,860 mme_vla_suite.pseudo_labeling.topreward_qwen_scorer INFO: Prefix 3/8 (end=15, n_frames=4/16): reward=-18.2500 (mean, 1 tok)
2026-04-30 19:49:25,713 mme_vla_suite.pseudo_labeling.topreward_qwen_scorer INFO: Prefix 4/8 (end=20, n_frames=4/21): reward=-19.0000 (mean, 1 tok)
2026-04-30 19:49:32,576 mme_vla_suite.pseudo_labeling.topreward_qwen_scorer INFO: Prefix 5/8 (end=26, n_frames=5/27): reward=-18.2500 (mean, 1 tok)
2026-04-30 19:49:39,442 mme_vla_suite.pseudo_labeling.topreward_qwen_scorer INFO: Prefix 6/8 (end=31, n_frames=6/32): reward=-17.7500 (mean, 1 tok)
2026-04-30 19:49:46,314 mme_vla_suite.pseudo_labeling.topreward_qwen_scorer INFO: Prefix 7/8 (end=37, n_frames=8/38): reward=-18.1250 (mean, 1 tok)
2026-04-30 19:49:53,195 mme_vla_suite.pseudo_labeling.topreward_qwen_scorer INFO: Prefix 8/8 (end=43, n_frames=9/44): reward=-18.2500 (mean, 1 tok)
2026-04-30 19:50:01,147 mme_vla_suite.pseudo_labeling.topreward_qwen_scorer INFO: Prefix 1/8 (end=4, n_frames=4/5): reward=-20.0000 (mean, 1 tok)
2026-04-30 19:50:07,984 mme_vla_suite.pseudo_labeling.topreward_qwen_scorer INFO: Prefix 2/8 (end=8, n_frames=4/9): reward=-20.2500 (mean, 1 tok)
2026-04-30 19:50:14,824 mme_vla_suite.pseudo_labeling.topreward_qwen_scorer INFO: Prefix 3/8 (end=12, n_frames=4/13): reward=-20.0000 (mean, 1 tok)
2026-04-30 19:50:21,665 mme_vla_suite.pseudo_labeling.topreward_qwen_scorer INFO: Prefix 4/8 (end=16, n_frames=4/17): reward=-21.1250 (mean, 1 tok)
2026-04-30 19:50:28,493 mme_vla_suite.pseudo_labeling.topreward_qwen_scorer INFO: Prefix 5/8 (end=20, n_frames=4/21): reward=-18.1250 (mean, 1 tok)
2026-04-30 19:50:35,326 mme_vla_suite.pseudo_labeling.topreward_qwen_scorer INFO: Prefix 6/8 (end=24, n_frames=5/25): reward=-19.5000 (mean, 1 tok)
2026-04-30 19:50:42,158 mme_vla_suite.pseudo_labeling.topreward_qwen_scorer INFO: Prefix 7/8 (end=28, n_frames=6/29): reward=-18.6250 (mean, 1 tok)
2026-04-30 19:50:49,011 mme_vla_suite.pseudo_labeling.topreward_qwen_scorer INFO: Prefix 8/8 (end=33, n_frames=7/34): reward=-17.5000 (mean, 1 tok)
2026-04-30 19:50:56,887 mme_vla_suite.pseudo_labeling.topreward_qwen_scorer INFO: Prefix 1/8 (end=6, n_frames=4/7): reward=-21.0000 (mean, 1 tok)
2026-04-30 19:51:03,708 mme_vla_suite.pseudo_labeling.topreward_qwen_scorer INFO: Prefix 2/8 (end=13, n_frames=4/14): reward=-21.1250 (mean, 1 tok)
2026-04-30 19:51:10,654 mme_vla_suite.pseudo_labeling.topreward_qwen_scorer INFO: Prefix 3/8 (end=21, n_frames=4/22): reward=-20.1250 (mean, 1 tok)
2026-04-30 19:51:17,500 mme_vla_suite.pseudo_labeling.topreward_qwen_scorer INFO: Prefix 4/8 (end=29, n_frames=6/30): reward=-20.0000 (mean, 1 tok)
2026-04-30 19:51:24,330 mme_vla_suite.pseudo_labeling.topreward_qwen_scorer INFO: Prefix 5/8 (end=36, n_frames=7/37): reward=-19.7500 (mean, 1 tok)
2026-04-30 19:51:31,265 mme_vla_suite.pseudo_labeling.topreward_qwen_scorer INFO: Prefix 6/8 (end=44, n_frames=9/45): reward=-19.0000 (mean, 1 tok)
2026-04-30 19:51:38,111 mme_vla_suite.pseudo_labeling.topreward_qwen_scorer INFO: Prefix 7/8 (end=52, n_frames=11/53): reward=-18.5000 (mean, 1 tok)
2026-04-30 19:51:45,004 mme_vla_suite.pseudo_labeling.topreward_qwen_scorer INFO: Prefix 8/8 (end=60, n_frames=12/61): reward=-18.2500 (mean, 1 tok)
2026-04-30 19:51:52,666 mme_vla_suite.pseudo_labeling.topreward_qwen_scorer INFO: Prefix 1/8 (end=10, n_frames=4/11): reward=-21.0000 (mean, 1 tok)
2026-04-30 19:51:59,537 mme_vla_suite.pseudo_labeling.topreward_qwen_scorer INFO: Prefix 2/8 (end=23, n_frames=5/24): reward=-19.2500 (mean, 1 tok)
2026-04-30 19:52:06,387 mme_vla_suite.pseudo_labeling.topreward_qwen_scorer INFO: Prefix 3/8 (end=36, n_frames=7/37): reward=-19.7500 (mean, 1 tok)
2026-04-30 19:52:13,250 mme_vla_suite.pseudo_labeling.topreward_qwen_scorer INFO: Prefix 4/8 (end=49, n_frames=10/50): reward=-18.7500 (mean, 1 tok)
2026-04-30 19:52:20,143 mme_vla_suite.pseudo_labeling.topreward_qwen_scorer INFO: Prefix 5/8 (end=62, n_frames=13/63): reward=-19.0000 (mean, 1 tok)
2026-04-30 19:52:27,032 mme_vla_suite.pseudo_labeling.topreward_qwen_scorer INFO: Prefix 6/8 (end=75, n_frames=15/76): reward=-18.6250 (mean, 1 tok)
2026-04-30 19:52:34,020 mme_vla_suite.pseudo_labeling.topreward_qwen_scorer INFO: Prefix 7/8 (end=88, n_frames=18/89): reward=-18.8750 (mean, 1 tok)
2026-04-30 19:52:40,950 mme_vla_suite.pseudo_labeling.topreward_qwen_scorer INFO: Prefix 8/8 (end=101, n_frames=20/102): reward=-18.7500 (mean, 1 tok)
2026-04-30 19:52:49,333 mme_vla_suite.pseudo_labeling.topreward_qwen_scorer INFO: Prefix 1/8 (end=12, n_frames=4/13): reward=-21.5000 (mean, 1 tok)
2026-04-30 19:52:56,182 mme_vla_suite.pseudo_labeling.topreward_qwen_scorer INFO: Prefix 2/8 (end=28, n_frames=6/29): reward=-22.3750 (mean, 1 tok)
2026-04-30 19:53:03,050 mme_vla_suite.pseudo_labeling.topreward_qwen_scorer INFO: Prefix 3/8 (end=44, n_frames=9/45): reward=-17.6250 (mean, 1 tok)
2026-04-30 19:53:09,954 mme_vla_suite.pseudo_labeling.topreward_qwen_scorer INFO: Prefix 4/8 (end=60, n_frames=12/61): reward=-16.6250 (mean, 1 tok)
2026-04-30 19:53:16,884 mme_vla_suite.pseudo_labeling.topreward_qwen_scorer INFO: Prefix 5/8 (end=77, n_frames=16/78): reward=-16.3750 (mean, 1 tok)
2026-04-30 19:53:23,829 mme_vla_suite.pseudo_labeling.topreward_qwen_scorer INFO: Prefix 6/8 (end=93, n_frames=19/94): reward=-15.8750 (mean, 1 tok)
2026-04-30 19:53:30,802 mme_vla_suite.pseudo_labeling.topreward_qwen_scorer INFO: Prefix 7/8 (end=109, n_frames=22/110): reward=-14.8750 (mean, 1 tok)
2026-04-30 19:53:37,779 mme_vla_suite.pseudo_labeling.topreward_qwen_scorer INFO: Prefix 8/8 (end=126, n_frames=25/127): reward=-15.3750 (mean, 1 tok)
2026-04-30 19:53:45,606 mme_vla_suite.pseudo_labeling.topreward_qwen_scorer INFO: Prefix 1/8 (end=4, n_frames=4/5): reward=-19.8750 (mean, 1 tok)
2026-04-30 19:53:52,454 mme_vla_suite.pseudo_labeling.topreward_qwen_scorer INFO: Prefix 2/8 (end=9, n_frames=4/10): reward=-18.8750 (mean, 1 tok)
2026-04-30 19:53:59,321 mme_vla_suite.pseudo_labeling.topreward_qwen_scorer INFO: Prefix 3/8 (end=14, n_frames=4/15): reward=-18.8750 (mean, 1 tok)
2026-04-30 19:54:06,177 mme_vla_suite.pseudo_labeling.topreward_qwen_scorer INFO: Prefix 4/8 (end=19, n_frames=4/20): reward=-18.8750 (mean, 1 tok)
2026-04-30 19:54:13,041 mme_vla_suite.pseudo_labeling.topreward_qwen_scorer INFO: Prefix 5/8 (end=24, n_frames=5/25): reward=-18.5000 (mean, 1 tok)
2026-04-30 19:54:19,910 mme_vla_suite.pseudo_labeling.topreward_qwen_scorer INFO: Prefix 6/8 (end=29, n_frames=6/30): reward=-18.0000 (mean, 1 tok)
2026-04-30 19:54:26,765 mme_vla_suite.pseudo_labeling.topreward_qwen_scorer INFO: Prefix 7/8 (end=34, n_frames=7/35): reward=-18.2500 (mean, 1 tok)
2026-04-30 19:54:33,653 mme_vla_suite.pseudo_labeling.topreward_qwen_scorer INFO: Prefix 8/8 (end=39, n_frames=8/40): reward=-17.8750 (mean, 1 tok)
2026-04-30 19:54:41,473 mme_vla_suite.pseudo_labeling.topreward_qwen_scorer INFO: Prefix 1/8 (end=4, n_frames=4/5): reward=-20.7500 (mean, 1 tok)
2026-04-30 19:54:48,324 mme_vla_suite.pseudo_labeling.topreward_qwen_scorer INFO: Prefix 2/8 (end=8, n_frames=4/9): reward=-19.6250 (mean, 1 tok)
2026-04-30 19:54:55,188 mme_vla_suite.pseudo_labeling.topreward_qwen_scorer INFO: Prefix 3/8 (end=13, n_frames=4/14): reward=-19.7500 (mean, 1 tok)
2026-04-30 19:55:02,047 mme_vla_suite.pseudo_labeling.topreward_qwen_scorer INFO: Prefix 4/8 (end=18, n_frames=4/19): reward=-18.5000 (mean, 1 tok)
2026-04-30 19:55:08,908 mme_vla_suite.pseudo_labeling.topreward_qwen_scorer INFO: Prefix 5/8 (end=22, n_frames=5/23): reward=-18.3750 (mean, 1 tok)
2026-04-30 19:55:15,795 mme_vla_suite.pseudo_labeling.topreward_qwen_scorer INFO: Prefix 6/8 (end=27, n_frames=6/28): reward=-19.0000 (mean, 1 tok)
2026-04-30 19:55:22,691 mme_vla_suite.pseudo_labeling.topreward_qwen_scorer INFO: Prefix 7/8 (end=32, n_frames=7/33): reward=-19.0000 (mean, 1 tok)
2026-04-30 19:55:29,563 mme_vla_suite.pseudo_labeling.topreward_qwen_scorer INFO: Prefix 8/8 (end=37, n_frames=8/38): reward=-20.2500 (mean, 1 tok)
2026-04-30 19:55:37,351 mme_vla_suite.pseudo_labeling.topreward_qwen_scorer INFO: Prefix 1/8 (end=4, n_frames=4/5): reward=-21.2500 (mean, 1 tok)
2026-04-30 19:55:44,208 mme_vla_suite.pseudo_labeling.topreward_qwen_scorer INFO: Prefix 2/8 (end=8, n_frames=4/9): reward=-20.3750 (mean, 1 tok)
2026-04-30 19:55:51,059 mme_vla_suite.pseudo_labeling.topreward_qwen_scorer INFO: Prefix 3/8 (end=13, n_frames=4/14): reward=-20.1250 (mean, 1 tok)
2026-04-30 19:55:58,054 mme_vla_suite.pseudo_labeling.topreward_qwen_scorer INFO: Prefix 4/8 (end=17, n_frames=4/18): reward=-19.6250 (mean, 1 tok)
2026-04-30 19:56:04,917 mme_vla_suite.pseudo_labeling.topreward_qwen_scorer INFO: Prefix 5/8 (end=22, n_frames=5/23): reward=-19.0000 (mean, 1 tok)
2026-04-30 19:56:11,788 mme_vla_suite.pseudo_labeling.topreward_qwen_scorer INFO: Prefix 6/8 (end=26, n_frames=5/27): reward=-18.8750 (mean, 1 tok)
2026-04-30 19:56:18,666 mme_vla_suite.pseudo_labeling.topreward_qwen_scorer INFO: Prefix 7/8 (end=31, n_frames=6/32): reward=-18.8750 (mean, 1 tok)
2026-04-30 19:56:25,613 mme_vla_suite.pseudo_labeling.topreward_qwen_scorer INFO: Prefix 8/8 (end=36, n_frames=7/37): reward=-19.5000 (mean, 1 tok)
2026-04-30 19:56:33,336 mme_vla_suite.pseudo_labeling.topreward_qwen_scorer INFO: Prefix 1/8 (end=4, n_frames=4/5): reward=-20.8750 (mean, 1 tok)
2026-04-30 19:56:40,185 mme_vla_suite.pseudo_labeling.topreward_qwen_scorer INFO: Prefix 2/8 (end=8, n_frames=4/9): reward=-20.3750 (mean, 1 tok)
2026-04-30 19:56:47,034 mme_vla_suite.pseudo_labeling.topreward_qwen_scorer INFO: Prefix 3/8 (end=13, n_frames=4/14): reward=-19.7500 (mean, 1 tok)
2026-04-30 19:56:53,874 mme_vla_suite.pseudo_labeling.topreward_qwen_scorer INFO: Prefix 4/8 (end=17, n_frames=4/18): reward=-18.3750 (mean, 1 tok)
2026-04-30 19:57:00,726 mme_vla_suite.pseudo_labeling.topreward_qwen_scorer INFO: Prefix 5/8 (end=22, n_frames=5/23): reward=-19.6250 (mean, 1 tok)
2026-04-30 19:57:07,576 mme_vla_suite.pseudo_labeling.topreward_qwen_scorer INFO: Prefix 6/8 (end=26, n_frames=5/27): reward=-18.7500 (mean, 1 tok)
2026-04-30 19:57:14,440 mme_vla_suite.pseudo_labeling.topreward_qwen_scorer INFO: Prefix 7/8 (end=31, n_frames=6/32): reward=-18.8750 (mean, 1 tok)
2026-04-30 19:57:21,320 mme_vla_suite.pseudo_labeling.topreward_qwen_scorer INFO: Prefix 8/8 (end=36, n_frames=7/37): reward=-20.0000 (mean, 1 tok)
2026-04-30 19:57:29,230 mme_vla_suite.pseudo_labeling.topreward_qwen_scorer INFO: Prefix 1/8 (end=4, n_frames=4/5): reward=-20.2500 (mean, 1 tok)
2026-04-30 19:57:36,095 mme_vla_suite.pseudo_labeling.topreward_qwen_scorer INFO: Prefix 2/8 (end=8, n_frames=4/9): reward=-19.8750 (mean, 1 tok)
2026-04-30 19:57:42,951 mme_vla_suite.pseudo_labeling.topreward_qwen_scorer INFO: Prefix 3/8 (end=12, n_frames=4/13): reward=-20.3750 (mean, 1 tok)
2026-04-30 19:57:49,795 mme_vla_suite.pseudo_labeling.topreward_qwen_scorer INFO: Prefix 4/8 (end=17, n_frames=4/18): reward=-19.7500 (mean, 1 tok)
2026-04-30 19:57:56,652 mme_vla_suite.pseudo_labeling.topreward_qwen_scorer INFO: Prefix 5/8 (end=21, n_frames=4/22): reward=-19.7500 (mean, 1 tok)
2026-04-30 19:58:03,526 mme_vla_suite.pseudo_labeling.topreward_qwen_scorer INFO: Prefix 6/8 (end=26, n_frames=5/27): reward=-20.0000 (mean, 1 tok)
2026-04-30 19:58:10,490 mme_vla_suite.pseudo_labeling.topreward_qwen_scorer INFO: Prefix 7/8 (end=30, n_frames=6/31): reward=-20.6250 (mean, 1 tok)
2026-04-30 19:58:17,388 mme_vla_suite.pseudo_labeling.topreward_qwen_scorer INFO: Prefix 8/8 (end=35, n_frames=7/36): reward=-18.6250 (mean, 1 tok)
2026-04-30 19:58:25,339 mme_vla_suite.pseudo_labeling.topreward_qwen_scorer INFO: Prefix 1/8 (end=6, n_frames=4/7): reward=-20.1250 (mean, 1 tok)
2026-04-30 19:58:32,188 mme_vla_suite.pseudo_labeling.topreward_qwen_scorer INFO: Prefix 2/8 (end=14, n_frames=4/15): reward=-20.8750 (mean, 1 tok)
2026-04-30 19:58:39,023 mme_vla_suite.pseudo_labeling.topreward_qwen_scorer INFO: Prefix 3/8 (end=22, n_frames=5/23): reward=-20.2500 (mean, 1 tok)
2026-04-30 19:58:45,881 mme_vla_suite.pseudo_labeling.topreward_qwen_scorer INFO: Prefix 4/8 (end=31, n_frames=6/32): reward=-20.6250 (mean, 1 tok)
2026-04-30 19:58:52,750 mme_vla_suite.pseudo_labeling.topreward_qwen_scorer INFO: Prefix 5/8 (end=39, n_frames=8/40): reward=-19.7500 (mean, 1 tok)
2026-04-30 19:58:59,605 mme_vla_suite.pseudo_labeling.topreward_qwen_scorer INFO: Prefix 6/8 (end=48, n_frames=10/49): reward=-20.0000 (mean, 1 tok)
2026-04-30 19:59:06,479 mme_vla_suite.pseudo_labeling.topreward_qwen_scorer INFO: Prefix 7/8 (end=56, n_frames=11/57): reward=-19.6250 (mean, 1 tok)
2026-04-30 19:59:13,367 mme_vla_suite.pseudo_labeling.topreward_qwen_scorer INFO: Prefix 8/8 (end=65, n_frames=13/66): reward=-19.3750 (mean, 1 tok)
2026-04-30 19:59:21,601 mme_vla_suite.pseudo_labeling.topreward_qwen_scorer INFO: Prefix 1/8 (end=10, n_frames=4/11): reward=-20.5000 (mean, 1 tok)
2026-04-30 19:59:28,454 mme_vla_suite.pseudo_labeling.topreward_qwen_scorer INFO: Prefix 2/8 (end=23, n_frames=5/24): reward=-20.0000 (mean, 1 tok)
2026-04-30 19:59:35,341 mme_vla_suite.pseudo_labeling.topreward_qwen_scorer INFO: Prefix 3/8 (end=37, n_frames=8/38): reward=-19.6250 (mean, 1 tok)
2026-04-30 19:59:42,252 mme_vla_suite.pseudo_labeling.topreward_qwen_scorer INFO: Prefix 4/8 (end=51, n_frames=10/52): reward=-19.7500 (mean, 1 tok)
2026-04-30 19:59:49,155 mme_vla_suite.pseudo_labeling.topreward_qwen_scorer INFO: Prefix 5/8 (end=64, n_frames=13/65): reward=-18.8750 (mean, 1 tok)
2026-04-30 19:59:56,048 mme_vla_suite.pseudo_labeling.topreward_qwen_scorer INFO: Prefix 6/8 (end=78, n_frames=16/79): reward=-20.1250 (mean, 1 tok)
2026-04-30 20:00:02,989 mme_vla_suite.pseudo_labeling.topreward_qwen_scorer INFO: Prefix 7/8 (end=92, n_frames=19/93): reward=-19.3750 (mean, 1 tok)
2026-04-30 20:00:09,934 mme_vla_suite.pseudo_labeling.topreward_qwen_scorer INFO: Prefix 8/8 (end=106, n_frames=21/107): reward=-19.8750 (mean, 1 tok)
2026-04-30 20:00:17,967 mme_vla_suite.pseudo_labeling.topreward_qwen_scorer INFO: Prefix 1/8 (end=12, n_frames=4/13): reward=-19.2500 (mean, 1 tok)
2026-04-30 20:00:24,810 mme_vla_suite.pseudo_labeling.topreward_qwen_scorer INFO: Prefix 2/8 (end=27, n_frames=6/28): reward=-19.2500 (mean, 1 tok)
2026-04-30 20:00:31,678 mme_vla_suite.pseudo_labeling.topreward_qwen_scorer INFO: Prefix 3/8 (end=42, n_frames=9/43): reward=-15.5000 (mean, 1 tok)
2026-04-30 20:00:38,552 mme_vla_suite.pseudo_labeling.topreward_qwen_scorer INFO: Prefix 4/8 (end=58, n_frames=12/59): reward=-13.6250 (mean, 1 tok)
2026-04-30 20:00:45,456 mme_vla_suite.pseudo_labeling.topreward_qwen_scorer INFO: Prefix 5/8 (end=73, n_frames=15/74): reward=-14.5000 (mean, 1 tok)
2026-04-30 20:00:52,388 mme_vla_suite.pseudo_labeling.topreward_qwen_scorer INFO: Prefix 6/8 (end=89, n_frames=18/90): reward=-14.0000 (mean, 1 tok)
2026-04-30 20:00:59,349 mme_vla_suite.pseudo_labeling.topreward_qwen_scorer INFO: Prefix 7/8 (end=104, n_frames=21/105): reward=-14.3750 (mean, 1 tok)
2026-04-30 20:01:06,333 mme_vla_suite.pseudo_labeling.topreward_qwen_scorer INFO: Prefix 8/8 (end=120, n_frames=24/121): reward=-12.7500 (mean, 1 tok)
2026-04-30 20:01:14,056 mme_vla_suite.pseudo_labeling.topreward_qwen_scorer INFO: Prefix 1/8 (end=4, n_frames=4/5): reward=-19.3750 (mean, 1 tok)
2026-04-30 20:01:20,901 mme_vla_suite.pseudo_labeling.topreward_qwen_scorer INFO: Prefix 2/8 (end=8, n_frames=4/9): reward=-17.7500 (mean, 1 tok)
2026-04-30 20:01:27,748 mme_vla_suite.pseudo_labeling.topreward_qwen_scorer INFO: Prefix 3/8 (end=12, n_frames=4/13): reward=-18.0000 (mean, 1 tok)
2026-04-30 20:01:34,611 mme_vla_suite.pseudo_labeling.topreward_qwen_scorer INFO: Prefix 4/8 (end=16, n_frames=4/17): reward=-17.3750 (mean, 1 tok)
2026-04-30 20:01:41,477 mme_vla_suite.pseudo_labeling.topreward_qwen_scorer INFO: Prefix 5/8 (end=21, n_frames=4/22): reward=-16.2500 (mean, 1 tok)
2026-04-30 20:01:48,337 mme_vla_suite.pseudo_labeling.topreward_qwen_scorer INFO: Prefix 6/8 (end=25, n_frames=5/26): reward=-16.7500 (mean, 1 tok)
2026-04-30 20:01:55,210 mme_vla_suite.pseudo_labeling.topreward_qwen_scorer INFO: Prefix 7/8 (end=29, n_frames=6/30): reward=-16.6250 (mean, 1 tok)
2026-04-30 20:02:02,082 mme_vla_suite.pseudo_labeling.topreward_qwen_scorer INFO: Prefix 8/8 (end=34, n_frames=7/35): reward=-17.1250 (mean, 1 tok)
2026-04-30 20:02:10,069 mme_vla_suite.pseudo_labeling.topreward_qwen_scorer INFO: Prefix 1/8 (end=4, n_frames=4/5): reward=-18.7500 (mean, 1 tok)
2026-04-30 20:02:16,951 mme_vla_suite.pseudo_labeling.topreward_qwen_scorer INFO: Prefix 2/8 (end=8, n_frames=4/9): reward=-17.6250 (mean, 1 tok)
2026-04-30 20:02:23,826 mme_vla_suite.pseudo_labeling.topreward_qwen_scorer INFO: Prefix 3/8 (end=13, n_frames=4/14): reward=-17.6250 (mean, 1 tok)
2026-04-30 20:02:30,716 mme_vla_suite.pseudo_labeling.topreward_qwen_scorer INFO: Prefix 4/8 (end=18, n_frames=4/19): reward=-16.0000 (mean, 1 tok)
2026-04-30 20:02:37,603 mme_vla_suite.pseudo_labeling.topreward_qwen_scorer INFO: Prefix 5/8 (end=23, n_frames=5/24): reward=-17.6250 (mean, 1 tok)
2026-04-30 20:02:44,486 mme_vla_suite.pseudo_labeling.topreward_qwen_scorer INFO: Prefix 6/8 (end=28, n_frames=6/29): reward=-16.8750 (mean, 1 tok)
2026-04-30 20:02:51,385 mme_vla_suite.pseudo_labeling.topreward_qwen_scorer INFO: Prefix 7/8 (end=33, n_frames=7/34): reward=-18.6250 (mean, 1 tok)
2026-04-30 20:02:58,292 mme_vla_suite.pseudo_labeling.topreward_qwen_scorer INFO: Prefix 8/8 (end=38, n_frames=8/39): reward=-17.8750 (mean, 1 tok)
2026-04-30 20:03:05,998 mme_vla_suite.pseudo_labeling.topreward_qwen_scorer INFO: Prefix 1/8 (end=4, n_frames=4/5): reward=-18.2500 (mean, 1 tok)
2026-04-30 20:03:12,855 mme_vla_suite.pseudo_labeling.topreward_qwen_scorer INFO: Prefix 2/8 (end=8, n_frames=4/9): reward=-17.5000 (mean, 1 tok)
2026-04-30 20:03:19,717 mme_vla_suite.pseudo_labeling.topreward_qwen_scorer INFO: Prefix 3/8 (end=13, n_frames=4/14): reward=-17.3750 (mean, 1 tok)
2026-04-30 20:03:26,574 mme_vla_suite.pseudo_labeling.topreward_qwen_scorer INFO: Prefix 4/8 (end=18, n_frames=4/19): reward=-18.2500 (mean, 1 tok)
2026-04-30 20:03:33,465 mme_vla_suite.pseudo_labeling.topreward_qwen_scorer INFO: Prefix 5/8 (end=22, n_frames=5/23): reward=-16.7500 (mean, 1 tok)
2026-04-30 20:03:40,325 mme_vla_suite.pseudo_labeling.topreward_qwen_scorer INFO: Prefix 6/8 (end=27, n_frames=6/28): reward=-16.8750 (mean, 1 tok)
2026-04-30 20:03:47,182 mme_vla_suite.pseudo_labeling.topreward_qwen_scorer INFO: Prefix 7/8 (end=32, n_frames=7/33): reward=-16.7500 (mean, 1 tok)
2026-04-30 20:03:54,038 mme_vla_suite.pseudo_labeling.topreward_qwen_scorer INFO: Prefix 8/8 (end=37, n_frames=8/38): reward=-15.6250 (mean, 1 tok)
2026-04-30 20:04:01,893 mme_vla_suite.pseudo_labeling.topreward_qwen_scorer INFO: Prefix 1/8 (end=7, n_frames=4/8): reward=-22.3750 (mean, 1 tok)
2026-04-30 20:04:08,753 mme_vla_suite.pseudo_labeling.topreward_qwen_scorer INFO: Prefix 2/8 (end=16, n_frames=4/17): reward=-21.2500 (mean, 1 tok)
2026-04-30 20:04:15,606 mme_vla_suite.pseudo_labeling.topreward_qwen_scorer INFO: Prefix 3/8 (end=26, n_frames=5/27): reward=-20.8750 (mean, 1 tok)
2026-04-30 20:04:22,458 mme_vla_suite.pseudo_labeling.topreward_qwen_scorer INFO: Prefix 4/8 (end=35, n_frames=7/36): reward=-20.3750 (mean, 1 tok)
2026-04-30 20:04:29,321 mme_vla_suite.pseudo_labeling.topreward_qwen_scorer INFO: Prefix 5/8 (end=45, n_frames=9/46): reward=-19.6250 (mean, 1 tok)
2026-04-30 20:04:36,211 mme_vla_suite.pseudo_labeling.topreward_qwen_scorer INFO: Prefix 6/8 (end=54, n_frames=11/55): reward=-20.2500 (mean, 1 tok)
2026-04-30 20:04:43,101 mme_vla_suite.pseudo_labeling.topreward_qwen_scorer INFO: Prefix 7/8 (end=64, n_frames=13/65): reward=-19.8750 (mean, 1 tok)
2026-04-30 20:04:50,000 mme_vla_suite.pseudo_labeling.topreward_qwen_scorer INFO: Prefix 8/8 (end=74, n_frames=15/75): reward=-18.0000 (mean, 1 tok)
2026-04-30 20:04:57,884 mme_vla_suite.pseudo_labeling.topreward_qwen_scorer INFO: Prefix 1/8 (end=11, n_frames=4/12): reward=-21.5000 (mean, 1 tok)
2026-04-30 20:05:04,768 mme_vla_suite.pseudo_labeling.topreward_qwen_scorer INFO: Prefix 2/8 (end=25, n_frames=5/26): reward=-21.0000 (mean, 1 tok)
2026-04-30 20:05:11,653 mme_vla_suite.pseudo_labeling.topreward_qwen_scorer INFO: Prefix 3/8 (end=40, n_frames=8/41): reward=-20.6250 (mean, 1 tok)
2026-04-30 20:05:18,557 mme_vla_suite.pseudo_labeling.topreward_qwen_scorer INFO: Prefix 4/8 (end=55, n_frames=11/56): reward=-20.5000 (mean, 1 tok)
2026-04-30 20:05:25,482 mme_vla_suite.pseudo_labeling.topreward_qwen_scorer INFO: Prefix 5/8 (end=70, n_frames=14/71): reward=-17.6250 (mean, 1 tok)
2026-04-30 20:05:32,404 mme_vla_suite.pseudo_labeling.topreward_qwen_scorer INFO: Prefix 6/8 (end=85, n_frames=17/86): reward=-17.6250 (mean, 1 tok)
2026-04-30 20:05:39,332 mme_vla_suite.pseudo_labeling.topreward_qwen_scorer INFO: Prefix 7/8 (end=100, n_frames=20/101): reward=-17.2500 (mean, 1 tok)
2026-04-30 20:05:46,316 mme_vla_suite.pseudo_labeling.topreward_qwen_scorer INFO: Prefix 8/8 (end=115, n_frames=23/116): reward=-18.0000 (mean, 1 tok)
2026-04-30 20:05:54,293 mme_vla_suite.pseudo_labeling.topreward_qwen_scorer INFO: Prefix 1/8 (end=14, n_frames=4/15): reward=-20.6250 (mean, 1 tok)
2026-04-30 20:06:01,188 mme_vla_suite.pseudo_labeling.topreward_qwen_scorer INFO: Prefix 2/8 (end=32, n_frames=7/33): reward=-21.1250 (mean, 1 tok)
2026-04-30 20:06:08,078 mme_vla_suite.pseudo_labeling.topreward_qwen_scorer INFO: Prefix 3/8 (end=51, n_frames=10/52): reward=-19.6250 (mean, 1 tok)
2026-04-30 20:06:14,986 mme_vla_suite.pseudo_labeling.topreward_qwen_scorer INFO: Prefix 4/8 (end=70, n_frames=14/71): reward=-18.3750 (mean, 1 tok)
2026-04-30 20:06:21,913 mme_vla_suite.pseudo_labeling.topreward_qwen_scorer INFO: Prefix 5/8 (end=89, n_frames=18/90): reward=-14.6250 (mean, 1 tok)
2026-04-30 20:06:28,877 mme_vla_suite.pseudo_labeling.topreward_qwen_scorer INFO: Prefix 6/8 (end=108, n_frames=22/109): reward=-14.6250 (mean, 1 tok)
2026-04-30 20:06:35,910 mme_vla_suite.pseudo_labeling.topreward_qwen_scorer INFO: Prefix 7/8 (end=127, n_frames=26/128): reward=-14.7500 (mean, 1 tok)
2026-04-30 20:06:42,932 mme_vla_suite.pseudo_labeling.topreward_qwen_scorer INFO: Prefix 8/8 (end=146, n_frames=29/147): reward=-14.0000 (mean, 1 tok)
2026-04-30 20:06:50,637 mme_vla_suite.pseudo_labeling.topreward_qwen_scorer INFO: Prefix 1/8 (end=4, n_frames=4/5): reward=-20.0000 (mean, 1 tok)
2026-04-30 20:06:57,499 mme_vla_suite.pseudo_labeling.topreward_qwen_scorer INFO: Prefix 2/8 (end=8, n_frames=4/9): reward=-19.1250 (mean, 1 tok)
2026-04-30 20:07:04,361 mme_vla_suite.pseudo_labeling.topreward_qwen_scorer INFO: Prefix 3/8 (end=13, n_frames=4/14): reward=-19.1250 (mean, 1 tok)
2026-04-30 20:07:11,225 mme_vla_suite.pseudo_labeling.topreward_qwen_scorer INFO: Prefix 4/8 (end=18, n_frames=4/19): reward=-18.8750 (mean, 1 tok)
2026-04-30 20:07:18,088 mme_vla_suite.pseudo_labeling.topreward_qwen_scorer INFO: Prefix 5/8 (end=23, n_frames=5/24): reward=-18.2500 (mean, 1 tok)
2026-04-30 20:07:24,971 mme_vla_suite.pseudo_labeling.topreward_qwen_scorer INFO: Prefix 6/8 (end=28, n_frames=6/29): reward=-18.8750 (mean, 1 tok)
2026-04-30 20:07:31,850 mme_vla_suite.pseudo_labeling.topreward_qwen_scorer INFO: Prefix 7/8 (end=33, n_frames=7/34): reward=-19.2500 (mean, 1 tok)
2026-04-30 20:07:38,714 mme_vla_suite.pseudo_labeling.topreward_qwen_scorer INFO: Prefix 8/8 (end=38, n_frames=8/39): reward=-19.1250 (mean, 1 tok)
2026-04-30 20:07:46,727 mme_vla_suite.pseudo_labeling.topreward_qwen_scorer INFO: Prefix 1/8 (end=4, n_frames=4/5): reward=-20.7500 (mean, 1 tok)
2026-04-30 20:07:53,574 mme_vla_suite.pseudo_labeling.topreward_qwen_scorer INFO: Prefix 2/8 (end=9, n_frames=4/10): reward=-19.6250 (mean, 1 tok)
2026-04-30 20:08:00,429 mme_vla_suite.pseudo_labeling.topreward_qwen_scorer INFO: Prefix 3/8 (end=14, n_frames=4/15): reward=-19.6250 (mean, 1 tok)
2026-04-30 20:08:07,285 mme_vla_suite.pseudo_labeling.topreward_qwen_scorer INFO: Prefix 4/8 (end=20, n_frames=4/21): reward=-18.1250 (mean, 1 tok)
2026-04-30 20:08:14,149 mme_vla_suite.pseudo_labeling.topreward_qwen_scorer INFO: Prefix 5/8 (end=25, n_frames=5/26): reward=-19.0000 (mean, 1 tok)
2026-04-30 20:08:21,012 mme_vla_suite.pseudo_labeling.topreward_qwen_scorer INFO: Prefix 6/8 (end=31, n_frames=6/32): reward=-19.7500 (mean, 1 tok)
2026-04-30 20:08:27,890 mme_vla_suite.pseudo_labeling.topreward_qwen_scorer INFO: Prefix 7/8 (end=36, n_frames=7/37): reward=-21.0000 (mean, 1 tok)
2026-04-30 20:08:34,759 mme_vla_suite.pseudo_labeling.topreward_qwen_scorer INFO: Prefix 8/8 (end=42, n_frames=9/43): reward=-19.6250 (mean, 1 tok)
2026-04-30 20:08:42,583 mme_vla_suite.pseudo_labeling.topreward_qwen_scorer INFO: Prefix 1/8 (end=4, n_frames=4/5): reward=-20.5000 (mean, 1 tok)
2026-04-30 20:08:49,439 mme_vla_suite.pseudo_labeling.topreward_qwen_scorer INFO: Prefix 2/8 (end=9, n_frames=4/10): reward=-20.1250 (mean, 1 tok)
2026-04-30 20:08:56,302 mme_vla_suite.pseudo_labeling.topreward_qwen_scorer INFO: Prefix 3/8 (end=15, n_frames=4/16): reward=-19.7500 (mean, 1 tok)
2026-04-30 20:09:03,180 mme_vla_suite.pseudo_labeling.topreward_qwen_scorer INFO: Prefix 4/8 (end=21, n_frames=4/22): reward=-20.0000 (mean, 1 tok)
2026-04-30 20:09:10,057 mme_vla_suite.pseudo_labeling.topreward_qwen_scorer INFO: Prefix 5/8 (end=26, n_frames=5/27): reward=-19.7500 (mean, 1 tok)
2026-04-30 20:09:16,923 mme_vla_suite.pseudo_labeling.topreward_qwen_scorer INFO: Prefix 6/8 (end=32, n_frames=7/33): reward=-19.3750 (mean, 1 tok)
2026-04-30 20:09:23,800 mme_vla_suite.pseudo_labeling.topreward_qwen_scorer INFO: Prefix 7/8 (end=38, n_frames=8/39): reward=-19.1250 (mean, 1 tok)
2026-04-30 20:09:30,671 mme_vla_suite.pseudo_labeling.topreward_qwen_scorer INFO: Prefix 8/8 (end=44, n_frames=9/45): reward=-20.0000 (mean, 1 tok)
2026-04-30 20:09:38,640 mme_vla_suite.pseudo_labeling.topreward_qwen_scorer INFO: Prefix 1/8 (end=4, n_frames=4/5): reward=-21.1250 (mean, 1 tok)
2026-04-30 20:09:45,506 mme_vla_suite.pseudo_labeling.topreward_qwen_scorer INFO: Prefix 2/8 (end=9, n_frames=4/10): reward=-20.0000 (mean, 1 tok)
2026-04-30 20:09:52,354 mme_vla_suite.pseudo_labeling.topreward_qwen_scorer INFO: Prefix 3/8 (end=15, n_frames=4/16): reward=-20.0000 (mean, 1 tok)
2026-04-30 20:09:59,211 mme_vla_suite.pseudo_labeling.topreward_qwen_scorer INFO: Prefix 4/8 (end=20, n_frames=4/21): reward=-19.7500 (mean, 1 tok)
2026-04-30 20:10:06,083 mme_vla_suite.pseudo_labeling.topreward_qwen_scorer INFO: Prefix 5/8 (end=26, n_frames=5/27): reward=-19.8750 (mean, 1 tok)
2026-04-30 20:10:12,958 mme_vla_suite.pseudo_labeling.topreward_qwen_scorer INFO: Prefix 6/8 (end=31, n_frames=6/32): reward=-19.5000 (mean, 1 tok)
2026-04-30 20:10:19,826 mme_vla_suite.pseudo_labeling.topreward_qwen_scorer INFO: Prefix 7/8 (end=37, n_frames=8/38): reward=-20.0000 (mean, 1 tok)
2026-04-30 20:10:26,707 mme_vla_suite.pseudo_labeling.topreward_qwen_scorer INFO: Prefix 8/8 (end=43, n_frames=9/44): reward=-20.8750 (mean, 1 tok)
2026-04-30 20:10:34,538 mme_vla_suite.pseudo_labeling.topreward_qwen_scorer INFO: Prefix 1/8 (end=4, n_frames=4/5): reward=-21.2500 (mean, 1 tok)
2026-04-30 20:10:41,402 mme_vla_suite.pseudo_labeling.topreward_qwen_scorer INFO: Prefix 2/8 (end=9, n_frames=4/10): reward=-20.5000 (mean, 1 tok)
2026-04-30 20:10:48,279 mme_vla_suite.pseudo_labeling.topreward_qwen_scorer INFO: Prefix 3/8 (end=15, n_frames=4/16): reward=-20.7500 (mean, 1 tok)
2026-04-30 20:10:55,150 mme_vla_suite.pseudo_labeling.topreward_qwen_scorer INFO: Prefix 4/8 (end=21, n_frames=4/22): reward=-20.8750 (mean, 1 tok)
2026-04-30 20:11:02,027 mme_vla_suite.pseudo_labeling.topreward_qwen_scorer INFO: Prefix 5/8 (end=26, n_frames=5/27): reward=-20.7500 (mean, 1 tok)
2026-04-30 20:11:08,900 mme_vla_suite.pseudo_labeling.topreward_qwen_scorer INFO: Prefix 6/8 (end=32, n_frames=7/33): reward=-20.5000 (mean, 1 tok)
2026-04-30 20:11:15,785 mme_vla_suite.pseudo_labeling.topreward_qwen_scorer INFO: Prefix 7/8 (end=38, n_frames=8/39): reward=-20.1250 (mean, 1 tok)
2026-04-30 20:11:22,678 mme_vla_suite.pseudo_labeling.topreward_qwen_scorer INFO: Prefix 8/8 (end=44, n_frames=9/45): reward=-20.6250 (mean, 1 tok)
2026-04-30 20:11:30,592 mme_vla_suite.pseudo_labeling.topreward_qwen_scorer INFO: Prefix 1/8 (end=4, n_frames=4/5): reward=-21.0000 (mean, 1 tok)
2026-04-30 20:11:37,459 mme_vla_suite.pseudo_labeling.topreward_qwen_scorer INFO: Prefix 2/8 (end=9, n_frames=4/10): reward=-20.5000 (mean, 1 tok)
2026-04-30 20:11:44,308 mme_vla_suite.pseudo_labeling.topreward_qwen_scorer INFO: Prefix 3/8 (end=15, n_frames=4/16): reward=-20.5000 (mean, 1 tok)
2026-04-30 20:11:51,174 mme_vla_suite.pseudo_labeling.topreward_qwen_scorer INFO: Prefix 4/8 (end=20, n_frames=4/21): reward=-20.5000 (mean, 1 tok)
2026-04-30 20:11:58,041 mme_vla_suite.pseudo_labeling.topreward_qwen_scorer INFO: Prefix 5/8 (end=26, n_frames=5/27): reward=-21.1250 (mean, 1 tok)
2026-04-30 20:12:04,919 mme_vla_suite.pseudo_labeling.topreward_qwen_scorer INFO: Prefix 6/8 (end=31, n_frames=6/32): reward=-20.6250 (mean, 1 tok)
2026-04-30 20:12:11,791 mme_vla_suite.pseudo_labeling.topreward_qwen_scorer INFO: Prefix 7/8 (end=37, n_frames=8/38): reward=-21.0000 (mean, 1 tok)
2026-04-30 20:12:18,684 mme_vla_suite.pseudo_labeling.topreward_qwen_scorer INFO: Prefix 8/8 (end=43, n_frames=9/44): reward=-21.7500 (mean, 1 tok)
2026-04-30 20:12:26,630 mme_vla_suite.pseudo_labeling.topreward_qwen_scorer INFO: Prefix 1/8 (end=4, n_frames=4/5): reward=-20.7500 (mean, 1 tok)
2026-04-30 20:12:33,481 mme_vla_suite.pseudo_labeling.topreward_qwen_scorer INFO: Prefix 2/8 (end=8, n_frames=4/9): reward=-19.8750 (mean, 1 tok)
2026-04-30 20:12:40,328 mme_vla_suite.pseudo_labeling.topreward_qwen_scorer INFO: Prefix 3/8 (end=13, n_frames=4/14): reward=-20.0000 (mean, 1 tok)
2026-04-30 20:12:47,163 mme_vla_suite.pseudo_labeling.topreward_qwen_scorer INFO: Prefix 4/8 (end=17, n_frames=4/18): reward=-19.5000 (mean, 1 tok)
2026-04-30 20:12:54,020 mme_vla_suite.pseudo_labeling.topreward_qwen_scorer INFO: Prefix 5/8 (end=22, n_frames=5/23): reward=-19.5000 (mean, 1 tok)
2026-04-30 20:13:00,873 mme_vla_suite.pseudo_labeling.topreward_qwen_scorer INFO: Prefix 6/8 (end=26, n_frames=5/27): reward=-19.5000 (mean, 1 tok)
2026-04-30 20:13:07,714 mme_vla_suite.pseudo_labeling.topreward_qwen_scorer INFO: Prefix 7/8 (end=31, n_frames=6/32): reward=-19.0000 (mean, 1 tok)
2026-04-30 20:13:14,575 mme_vla_suite.pseudo_labeling.topreward_qwen_scorer INFO: Prefix 8/8 (end=36, n_frames=7/37): reward=-16.6250 (mean, 1 tok)
2026-04-30 20:13:22,200 mme_vla_suite.pseudo_labeling.topreward_qwen_scorer INFO: Prefix 1/8 (end=5, n_frames=4/6): reward=-22.7500 (mean, 1 tok)
2026-04-30 20:13:29,050 mme_vla_suite.pseudo_labeling.topreward_qwen_scorer INFO: Prefix 2/8 (end=12, n_frames=4/13): reward=-22.2500 (mean, 1 tok)
2026-04-30 20:13:35,893 mme_vla_suite.pseudo_labeling.topreward_qwen_scorer INFO: Prefix 3/8 (end=20, n_frames=4/21): reward=-22.3750 (mean, 1 tok)
2026-04-30 20:13:42,754 mme_vla_suite.pseudo_labeling.topreward_qwen_scorer INFO: Prefix 4/8 (end=27, n_frames=6/28): reward=-21.2500 (mean, 1 tok)
2026-04-30 20:13:49,626 mme_vla_suite.pseudo_labeling.topreward_qwen_scorer INFO: Prefix 5/8 (end=35, n_frames=7/36): reward=-21.5000 (mean, 1 tok)
2026-04-30 20:13:56,482 mme_vla_suite.pseudo_labeling.topreward_qwen_scorer INFO: Prefix 6/8 (end=42, n_frames=9/43): reward=-19.6250 (mean, 1 tok)
2026-04-30 20:14:03,384 mme_vla_suite.pseudo_labeling.topreward_qwen_scorer INFO: Prefix 7/8 (end=50, n_frames=10/51): reward=-20.1250 (mean, 1 tok)
2026-04-30 20:14:10,263 mme_vla_suite.pseudo_labeling.topreward_qwen_scorer INFO: Prefix 8/8 (end=58, n_frames=12/59): reward=-18.5000 (mean, 1 tok)
2026-04-30 20:14:17,986 mme_vla_suite.pseudo_labeling.topreward_qwen_scorer INFO: Prefix 1/8 (end=9, n_frames=4/10): reward=-22.2500 (mean, 1 tok)
2026-04-30 20:14:24,821 mme_vla_suite.pseudo_labeling.topreward_qwen_scorer INFO: Prefix 2/8 (end=21, n_frames=4/22): reward=-21.5000 (mean, 1 tok)
2026-04-30 20:14:31,676 mme_vla_suite.pseudo_labeling.topreward_qwen_scorer INFO: Prefix 3/8 (end=33, n_frames=7/34): reward=-21.5000 (mean, 1 tok)
2026-04-30 20:14:38,550 mme_vla_suite.pseudo_labeling.topreward_qwen_scorer INFO: Prefix 4/8 (end=45, n_frames=9/46): reward=-21.0000 (mean, 1 tok)
2026-04-30 20:14:45,439 mme_vla_suite.pseudo_labeling.topreward_qwen_scorer INFO: Prefix 5/8 (end=57, n_frames=12/58): reward=-18.8750 (mean, 1 tok)
2026-04-30 20:14:52,328 mme_vla_suite.pseudo_labeling.topreward_qwen_scorer INFO: Prefix 6/8 (end=69, n_frames=14/70): reward=-20.1250 (mean, 1 tok)
2026-04-30 20:14:59,223 mme_vla_suite.pseudo_labeling.topreward_qwen_scorer INFO: Prefix 7/8 (end=81, n_frames=16/82): reward=-19.3750 (mean, 1 tok)
2026-04-30 20:15:06,139 mme_vla_suite.pseudo_labeling.topreward_qwen_scorer INFO: Prefix 8/8 (end=93, n_frames=19/94): reward=-19.5000 (mean, 1 tok)
2026-04-30 20:15:14,190 mme_vla_suite.pseudo_labeling.topreward_qwen_scorer INFO: Prefix 1/8 (end=10, n_frames=4/11): reward=-22.2500 (mean, 1 tok)
2026-04-30 20:15:21,198 mme_vla_suite.pseudo_labeling.topreward_qwen_scorer INFO: Prefix 2/8 (end=23, n_frames=5/24): reward=-22.6250 (mean, 1 tok)
2026-04-30 20:15:28,191 mme_vla_suite.pseudo_labeling.topreward_qwen_scorer INFO: Prefix 3/8 (end=36, n_frames=7/37): reward=-17.0000 (mean, 1 tok)
2026-04-30 20:15:35,075 mme_vla_suite.pseudo_labeling.topreward_qwen_scorer INFO: Prefix 4/8 (end=49, n_frames=10/50): reward=-16.3750 (mean, 1 tok)
2026-04-30 20:15:41,982 mme_vla_suite.pseudo_labeling.topreward_qwen_scorer INFO: Prefix 5/8 (end=62, n_frames=13/63): reward=-16.2500 (mean, 1 tok)
2026-04-30 20:15:49,007 mme_vla_suite.pseudo_labeling.topreward_qwen_scorer INFO: Prefix 6/8 (end=75, n_frames=15/76): reward=-16.8750 (mean, 1 tok)
2026-04-30 20:15:56,003 mme_vla_suite.pseudo_labeling.topreward_qwen_scorer INFO: Prefix 7/8 (end=88, n_frames=18/89): reward=-14.7500 (mean, 1 tok)
2026-04-30 20:16:02,930 mme_vla_suite.pseudo_labeling.topreward_qwen_scorer INFO: Prefix 8/8 (end=101, n_frames=20/102): reward=-15.1250 (mean, 1 tok)
2026-04-30 20:16:11,061 mme_vla_suite.pseudo_labeling.topreward_qwen_scorer INFO: Prefix 1/8 (end=4, n_frames=4/5): reward=-20.7500 (mean, 1 tok)
2026-04-30 20:16:17,931 mme_vla_suite.pseudo_labeling.topreward_qwen_scorer INFO: Prefix 2/8 (end=8, n_frames=4/9): reward=-19.7500 (mean, 1 tok)
2026-04-30 20:16:24,822 mme_vla_suite.pseudo_labeling.topreward_qwen_scorer INFO: Prefix 3/8 (end=13, n_frames=4/14): reward=-19.2500 (mean, 1 tok)
2026-04-30 20:16:31,703 mme_vla_suite.pseudo_labeling.topreward_qwen_scorer INFO: Prefix 4/8 (end=18, n_frames=4/19): reward=-17.8750 (mean, 1 tok)
2026-04-30 20:16:38,599 mme_vla_suite.pseudo_labeling.topreward_qwen_scorer INFO: Prefix 5/8 (end=22, n_frames=5/23): reward=-17.8750 (mean, 1 tok)
2026-04-30 20:16:45,495 mme_vla_suite.pseudo_labeling.topreward_qwen_scorer INFO: Prefix 6/8 (end=27, n_frames=6/28): reward=-18.2500 (mean, 1 tok)
2026-04-30 20:16:52,380 mme_vla_suite.pseudo_labeling.topreward_qwen_scorer INFO: Prefix 7/8 (end=32, n_frames=7/33): reward=-19.7500 (mean, 1 tok)
2026-04-30 20:16:59,272 mme_vla_suite.pseudo_labeling.topreward_qwen_scorer INFO: Prefix 8/8 (end=37, n_frames=8/38): reward=-19.8750 (mean, 1 tok)
2026-04-30 20:17:06,964 mme_vla_suite.pseudo_labeling.topreward_qwen_scorer INFO: Prefix 1/8 (end=4, n_frames=4/5): reward=-20.6250 (mean, 1 tok)
2026-04-30 20:17:13,829 mme_vla_suite.pseudo_labeling.topreward_qwen_scorer INFO: Prefix 2/8 (end=9, n_frames=4/10): reward=-20.0000 (mean, 1 tok)
2026-04-30 20:17:20,681 mme_vla_suite.pseudo_labeling.topreward_qwen_scorer INFO: Prefix 3/8 (end=14, n_frames=4/15): reward=-19.2500 (mean, 1 tok)
2026-04-30 20:17:27,548 mme_vla_suite.pseudo_labeling.topreward_qwen_scorer INFO: Prefix 4/8 (end=19, n_frames=4/20): reward=-17.5000 (mean, 1 tok)
2026-04-30 20:17:34,403 mme_vla_suite.pseudo_labeling.topreward_qwen_scorer INFO: Prefix 5/8 (end=24, n_frames=5/25): reward=-19.1250 (mean, 1 tok)
2026-04-30 20:17:41,252 mme_vla_suite.pseudo_labeling.topreward_qwen_scorer INFO: Prefix 6/8 (end=29, n_frames=6/30): reward=-18.6250 (mean, 1 tok)
2026-04-30 20:17:48,118 mme_vla_suite.pseudo_labeling.topreward_qwen_scorer INFO: Prefix 7/8 (end=34, n_frames=7/35): reward=-19.0000 (mean, 1 tok)
2026-04-30 20:17:54,975 mme_vla_suite.pseudo_labeling.topreward_qwen_scorer INFO: Prefix 8/8 (end=39, n_frames=8/40): reward=-18.8750 (mean, 1 tok)
2026-04-30 20:18:02,789 mme_vla_suite.pseudo_labeling.topreward_qwen_scorer INFO: Prefix 1/8 (end=4, n_frames=4/5): reward=-20.5000 (mean, 1 tok)
2026-04-30 20:18:09,651 mme_vla_suite.pseudo_labeling.topreward_qwen_scorer INFO: Prefix 2/8 (end=9, n_frames=4/10): reward=-20.0000 (mean, 1 tok)
2026-04-30 20:18:16,499 mme_vla_suite.pseudo_labeling.topreward_qwen_scorer INFO: Prefix 3/8 (end=15, n_frames=4/16): reward=-19.2500 (mean, 1 tok)
2026-04-30 20:18:23,342 mme_vla_suite.pseudo_labeling.topreward_qwen_scorer INFO: Prefix 4/8 (end=20, n_frames=4/21): reward=-18.2500 (mean, 1 tok)
2026-04-30 20:18:30,224 mme_vla_suite.pseudo_labeling.topreward_qwen_scorer INFO: Prefix 5/8 (end=26, n_frames=5/27): reward=-19.2500 (mean, 1 tok)
2026-04-30 20:18:37,082 mme_vla_suite.pseudo_labeling.topreward_qwen_scorer INFO: Prefix 6/8 (end=31, n_frames=6/32): reward=-19.1250 (mean, 1 tok)
2026-04-30 20:18:43,971 mme_vla_suite.pseudo_labeling.topreward_qwen_scorer INFO: Prefix 7/8 (end=37, n_frames=8/38): reward=-17.8750 (mean, 1 tok)
2026-04-30 20:18:50,838 mme_vla_suite.pseudo_labeling.topreward_qwen_scorer INFO: Prefix 8/8 (end=43, n_frames=9/44): reward=-19.6250 (mean, 1 tok)
2026-04-30 20:18:58,817 mme_vla_suite.pseudo_labeling.topreward_qwen_scorer INFO: Prefix 1/8 (end=4, n_frames=4/5): reward=-20.6250 (mean, 1 tok)
2026-04-30 20:19:05,786 mme_vla_suite.pseudo_labeling.topreward_qwen_scorer INFO: Prefix 2/8 (end=9, n_frames=4/10): reward=-19.7500 (mean, 1 tok)
2026-04-30 20:19:12,629 mme_vla_suite.pseudo_labeling.topreward_qwen_scorer INFO: Prefix 3/8 (end=14, n_frames=4/15): reward=-19.2500 (mean, 1 tok)
2026-04-30 20:19:19,497 mme_vla_suite.pseudo_labeling.topreward_qwen_scorer INFO: Prefix 4/8 (end=20, n_frames=4/21): reward=-18.8750 (mean, 1 tok)
2026-04-30 20:19:26,365 mme_vla_suite.pseudo_labeling.topreward_qwen_scorer INFO: Prefix 5/8 (end=25, n_frames=5/26): reward=-19.2500 (mean, 1 tok)
2026-04-30 20:19:33,221 mme_vla_suite.pseudo_labeling.topreward_qwen_scorer INFO: Prefix 6/8 (end=31, n_frames=6/32): reward=-18.8750 (mean, 1 tok)
2026-04-30 20:19:40,084 mme_vla_suite.pseudo_labeling.topreward_qwen_scorer INFO: Prefix 7/8 (end=36, n_frames=7/37): reward=-19.7500 (mean, 1 tok)
2026-04-30 20:19:46,977 mme_vla_suite.pseudo_labeling.topreward_qwen_scorer INFO: Prefix 8/8 (end=42, n_frames=9/43): reward=-19.5000 (mean, 1 tok)
2026-04-30 20:19:54,936 mme_vla_suite.pseudo_labeling.topreward_qwen_scorer INFO: Prefix 1/8 (end=4, n_frames=4/5): reward=-21.5000 (mean, 1 tok)
2026-04-30 20:20:01,802 mme_vla_suite.pseudo_labeling.topreward_qwen_scorer INFO: Prefix 2/8 (end=9, n_frames=4/10): reward=-20.2500 (mean, 1 tok)
2026-04-30 20:20:08,692 mme_vla_suite.pseudo_labeling.topreward_qwen_scorer INFO: Prefix 3/8 (end=14, n_frames=4/15): reward=-20.2500 (mean, 1 tok)
2026-04-30 20:20:15,584 mme_vla_suite.pseudo_labeling.topreward_qwen_scorer INFO: Prefix 4/8 (end=20, n_frames=4/21): reward=-19.2500 (mean, 1 tok)
2026-04-30 20:20:22,470 mme_vla_suite.pseudo_labeling.topreward_qwen_scorer INFO: Prefix 5/8 (end=25, n_frames=5/26): reward=-20.0000 (mean, 1 tok)
2026-04-30 20:20:29,352 mme_vla_suite.pseudo_labeling.topreward_qwen_scorer INFO: Prefix 6/8 (end=31, n_frames=6/32): reward=-19.7500 (mean, 1 tok)
2026-04-30 20:20:36,261 mme_vla_suite.pseudo_labeling.topreward_qwen_scorer INFO: Prefix 7/8 (end=36, n_frames=7/37): reward=-20.2500 (mean, 1 tok)
2026-04-30 20:20:43,164 mme_vla_suite.pseudo_labeling.topreward_qwen_scorer INFO: Prefix 8/8 (end=42, n_frames=9/43): reward=-20.2500 (mean, 1 tok)
2026-04-30 20:20:50,991 mme_vla_suite.pseudo_labeling.topreward_qwen_scorer INFO: Prefix 1/8 (end=4, n_frames=4/5): reward=-20.7500 (mean, 1 tok)
2026-04-30 20:20:57,851 mme_vla_suite.pseudo_labeling.topreward_qwen_scorer INFO: Prefix 2/8 (end=9, n_frames=4/10): reward=-20.5000 (mean, 1 tok)
2026-04-30 20:21:04,736 mme_vla_suite.pseudo_labeling.topreward_qwen_scorer INFO: Prefix 3/8 (end=15, n_frames=4/16): reward=-20.1250 (mean, 1 tok)
2026-04-30 20:21:11,620 mme_vla_suite.pseudo_labeling.topreward_qwen_scorer INFO: Prefix 4/8 (end=20, n_frames=4/21): reward=-19.1250 (mean, 1 tok)
2026-04-30 20:21:18,508 mme_vla_suite.pseudo_labeling.topreward_qwen_scorer INFO: Prefix 5/8 (end=26, n_frames=5/27): reward=-19.5000 (mean, 1 tok)
2026-04-30 20:21:25,411 mme_vla_suite.pseudo_labeling.topreward_qwen_scorer INFO: Prefix 6/8 (end=31, n_frames=6/32): reward=-19.5000 (mean, 1 tok)
2026-04-30 20:21:32,304 mme_vla_suite.pseudo_labeling.topreward_qwen_scorer INFO: Prefix 7/8 (end=37, n_frames=8/38): reward=-19.6250 (mean, 1 tok)
2026-04-30 20:21:39,200 mme_vla_suite.pseudo_labeling.topreward_qwen_scorer INFO: Prefix 8/8 (end=43, n_frames=9/44): reward=-20.3750 (mean, 1 tok)
2026-04-30 20:21:46,996 mme_vla_suite.pseudo_labeling.topreward_qwen_scorer INFO: Prefix 1/8 (end=4, n_frames=4/5): reward=-19.1250 (mean, 1 tok)
2026-04-30 20:21:53,847 mme_vla_suite.pseudo_labeling.topreward_qwen_scorer INFO: Prefix 2/8 (end=9, n_frames=4/10): reward=-20.0000 (mean, 1 tok)
2026-04-30 20:22:00,718 mme_vla_suite.pseudo_labeling.topreward_qwen_scorer INFO: Prefix 3/8 (end=14, n_frames=4/15): reward=-20.0000 (mean, 1 tok)
2026-04-30 20:22:07,600 mme_vla_suite.pseudo_labeling.topreward_qwen_scorer INFO: Prefix 4/8 (end=19, n_frames=4/20): reward=-19.3750 (mean, 1 tok)
2026-04-30 20:22:14,450 mme_vla_suite.pseudo_labeling.topreward_qwen_scorer INFO: Prefix 5/8 (end=24, n_frames=5/25): reward=-19.3750 (mean, 1 tok)
2026-04-30 20:22:21,307 mme_vla_suite.pseudo_labeling.topreward_qwen_scorer INFO: Prefix 6/8 (end=29, n_frames=6/30): reward=-17.7500 (mean, 1 tok)
2026-04-30 20:22:28,163 mme_vla_suite.pseudo_labeling.topreward_qwen_scorer INFO: Prefix 7/8 (end=34, n_frames=7/35): reward=-17.8750 (mean, 1 tok)
2026-04-30 20:22:35,031 mme_vla_suite.pseudo_labeling.topreward_qwen_scorer INFO: Prefix 8/8 (end=39, n_frames=8/40): reward=-18.5000 (mean, 1 tok)
2026-04-30 20:22:43,021 mme_vla_suite.pseudo_labeling.topreward_qwen_scorer INFO: Prefix 1/8 (end=5, n_frames=4/6): reward=-21.2500 (mean, 1 tok)
2026-04-30 20:22:49,872 mme_vla_suite.pseudo_labeling.topreward_qwen_scorer INFO: Prefix 2/8 (end=12, n_frames=4/13): reward=-20.3750 (mean, 1 tok)
2026-04-30 20:22:56,720 mme_vla_suite.pseudo_labeling.topreward_qwen_scorer INFO: Prefix 3/8 (end=19, n_frames=4/20): reward=-20.2500 (mean, 1 tok)
2026-04-30 20:23:03,589 mme_vla_suite.pseudo_labeling.topreward_qwen_scorer INFO: Prefix 4/8 (end=26, n_frames=5/27): reward=-20.6250 (mean, 1 tok)
2026-04-30 20:23:10,465 mme_vla_suite.pseudo_labeling.topreward_qwen_scorer INFO: Prefix 5/8 (end=33, n_frames=7/34): reward=-20.0000 (mean, 1 tok)
2026-04-30 20:23:17,322 mme_vla_suite.pseudo_labeling.topreward_qwen_scorer INFO: Prefix 6/8 (end=40, n_frames=8/41): reward=-20.0000 (mean, 1 tok)
2026-04-30 20:23:24,200 mme_vla_suite.pseudo_labeling.topreward_qwen_scorer INFO: Prefix 7/8 (end=47, n_frames=10/48): reward=-19.0000 (mean, 1 tok)
2026-04-30 20:23:31,087 mme_vla_suite.pseudo_labeling.topreward_qwen_scorer INFO: Prefix 8/8 (end=54, n_frames=11/55): reward=-19.2500 (mean, 1 tok)
2026-04-30 20:23:39,255 mme_vla_suite.pseudo_labeling.topreward_qwen_scorer INFO: Prefix 1/8 (end=9, n_frames=4/10): reward=-20.7500 (mean, 1 tok)
2026-04-30 20:23:46,116 mme_vla_suite.pseudo_labeling.topreward_qwen_scorer INFO: Prefix 2/8 (end=21, n_frames=4/22): reward=-20.5000 (mean, 1 tok)
2026-04-30 20:23:53,005 mme_vla_suite.pseudo_labeling.topreward_qwen_scorer INFO: Prefix 3/8 (end=34, n_frames=7/35): reward=-20.6250 (mean, 1 tok)
2026-04-30 20:23:59,880 mme_vla_suite.pseudo_labeling.topreward_qwen_scorer INFO: Prefix 4/8 (end=46, n_frames=9/47): reward=-19.6250 (mean, 1 tok)
2026-04-30 20:24:06,776 mme_vla_suite.pseudo_labeling.topreward_qwen_scorer INFO: Prefix 5/8 (end=59, n_frames=12/60): reward=-19.8750 (mean, 1 tok)
2026-04-30 20:24:13,668 mme_vla_suite.pseudo_labeling.topreward_qwen_scorer INFO: Prefix 6/8 (end=71, n_frames=14/72): reward=-19.6250 (mean, 1 tok)
2026-04-30 20:24:20,609 mme_vla_suite.pseudo_labeling.topreward_qwen_scorer INFO: Prefix 7/8 (end=84, n_frames=17/85): reward=-19.6250 (mean, 1 tok)
2026-04-30 20:24:27,573 mme_vla_suite.pseudo_labeling.topreward_qwen_scorer INFO: Prefix 8/8 (end=97, n_frames=20/98): reward=-20.0000 (mean, 1 tok)
2026-04-30 20:24:35,669 mme_vla_suite.pseudo_labeling.topreward_qwen_scorer INFO: Prefix 1/8 (end=15, n_frames=4/16): reward=-19.7500 (mean, 1 tok)
2026-04-30 20:24:42,542 mme_vla_suite.pseudo_labeling.topreward_qwen_scorer INFO: Prefix 2/8 (end=34, n_frames=7/35): reward=-20.2500 (mean, 1 tok)
2026-04-30 20:24:49,420 mme_vla_suite.pseudo_labeling.topreward_qwen_scorer INFO: Prefix 3/8 (end=53, n_frames=11/54): reward=-18.8750 (mean, 1 tok)
2026-04-30 20:24:56,305 mme_vla_suite.pseudo_labeling.topreward_qwen_scorer INFO: Prefix 4/8 (end=73, n_frames=15/74): reward=-18.6250 (mean, 1 tok)
2026-04-30 20:25:03,245 mme_vla_suite.pseudo_labeling.topreward_qwen_scorer INFO: Prefix 5/8 (end=92, n_frames=19/93): reward=-16.6250 (mean, 1 tok)
2026-04-30 20:25:10,240 mme_vla_suite.pseudo_labeling.topreward_qwen_scorer INFO: Prefix 6/8 (end=112, n_frames=23/113): reward=-16.8750 (mean, 1 tok)
2026-04-30 20:25:17,206 mme_vla_suite.pseudo_labeling.topreward_qwen_scorer INFO: Prefix 7/8 (end=131, n_frames=26/132): reward=-15.2500 (mean, 1 tok)
2026-04-30 20:25:24,191 mme_vla_suite.pseudo_labeling.topreward_qwen_scorer INFO: Prefix 8/8 (end=151, n_frames=30/152): reward=-15.3750 (mean, 1 tok)
2026-04-30 20:25:32,050 mme_vla_suite.pseudo_labeling.topreward_qwen_scorer INFO: Prefix 1/8 (end=5, n_frames=4/6): reward=-21.1250 (mean, 1 tok)
2026-04-30 20:25:38,906 mme_vla_suite.pseudo_labeling.topreward_qwen_scorer INFO: Prefix 2/8 (end=11, n_frames=4/12): reward=-19.3750 (mean, 1 tok)
2026-04-30 20:25:45,751 mme_vla_suite.pseudo_labeling.topreward_qwen_scorer INFO: Prefix 3/8 (end=17, n_frames=4/18): reward=-20.0000 (mean, 1 tok)
2026-04-30 20:25:52,602 mme_vla_suite.pseudo_labeling.topreward_qwen_scorer INFO: Prefix 4/8 (end=23, n_frames=5/24): reward=-18.8750 (mean, 1 tok)
2026-04-30 20:25:59,450 mme_vla_suite.pseudo_labeling.topreward_qwen_scorer INFO: Prefix 5/8 (end=30, n_frames=6/31): reward=-18.6250 (mean, 1 tok)
2026-04-30 20:26:06,325 mme_vla_suite.pseudo_labeling.topreward_qwen_scorer INFO: Prefix 6/8 (end=36, n_frames=7/37): reward=-19.3750 (mean, 1 tok)
2026-04-30 20:26:13,211 mme_vla_suite.pseudo_labeling.topreward_qwen_scorer INFO: Prefix 7/8 (end=42, n_frames=9/43): reward=-18.3750 (mean, 1 tok)
2026-04-30 20:26:20,110 mme_vla_suite.pseudo_labeling.topreward_qwen_scorer INFO: Prefix 8/8 (end=49, n_frames=10/50): reward=-18.7500 (mean, 1 tok)
2026-04-30 20:26:28,153 mme_vla_suite.pseudo_labeling.topreward_qwen_scorer INFO: Prefix 1/8 (end=4, n_frames=4/5): reward=-19.7500 (mean, 1 tok)
2026-04-30 20:26:35,025 mme_vla_suite.pseudo_labeling.topreward_qwen_scorer INFO: Prefix 2/8 (end=9, n_frames=4/10): reward=-19.0000 (mean, 1 tok)
2026-04-30 20:26:41,900 mme_vla_suite.pseudo_labeling.topreward_qwen_scorer INFO: Prefix 3/8 (end=14, n_frames=4/15): reward=-18.8750 (mean, 1 tok)
2026-04-30 20:26:48,777 mme_vla_suite.pseudo_labeling.topreward_qwen_scorer INFO: Prefix 4/8 (end=19, n_frames=4/20): reward=-17.7500 (mean, 1 tok)
2026-04-30 20:26:55,660 mme_vla_suite.pseudo_labeling.topreward_qwen_scorer INFO: Prefix 5/8 (end=24, n_frames=5/25): reward=-17.7500 (mean, 1 tok)
2026-04-30 20:27:02,547 mme_vla_suite.pseudo_labeling.topreward_qwen_scorer INFO: Prefix 6/8 (end=29, n_frames=6/30): reward=-17.8750 (mean, 1 tok)
2026-04-30 20:27:09,437 mme_vla_suite.pseudo_labeling.topreward_qwen_scorer INFO: Prefix 7/8 (end=34, n_frames=7/35): reward=-18.5000 (mean, 1 tok)
2026-04-30 20:27:16,329 mme_vla_suite.pseudo_labeling.topreward_qwen_scorer INFO: Prefix 8/8 (end=40, n_frames=8/41): reward=-18.8750 (mean, 1 tok)
2026-04-30 20:27:24,129 mme_vla_suite.pseudo_labeling.topreward_qwen_scorer INFO: Prefix 1/8 (end=4, n_frames=4/5): reward=-20.6250 (mean, 1 tok)
2026-04-30 20:27:31,015 mme_vla_suite.pseudo_labeling.topreward_qwen_scorer INFO: Prefix 2/8 (end=9, n_frames=4/10): reward=-19.6250 (mean, 1 tok)
2026-04-30 20:27:37,871 mme_vla_suite.pseudo_labeling.topreward_qwen_scorer INFO: Prefix 3/8 (end=14, n_frames=4/15): reward=-19.7500 (mean, 1 tok)
2026-04-30 20:27:44,724 mme_vla_suite.pseudo_labeling.topreward_qwen_scorer INFO: Prefix 4/8 (end=19, n_frames=4/20): reward=-20.0000 (mean, 1 tok)
2026-04-30 20:27:51,596 mme_vla_suite.pseudo_labeling.topreward_qwen_scorer INFO: Prefix 5/8 (end=24, n_frames=5/25): reward=-19.5000 (mean, 1 tok)
2026-04-30 20:27:58,470 mme_vla_suite.pseudo_labeling.topreward_qwen_scorer INFO: Prefix 6/8 (end=29, n_frames=6/30): reward=-18.7500 (mean, 1 tok)
2026-04-30 20:28:05,347 mme_vla_suite.pseudo_labeling.topreward_qwen_scorer INFO: Prefix 7/8 (end=34, n_frames=7/35): reward=-19.2500 (mean, 1 tok)
2026-04-30 20:28:12,249 mme_vla_suite.pseudo_labeling.topreward_qwen_scorer INFO: Prefix 8/8 (end=40, n_frames=8/41): reward=-18.5000 (mean, 1 tok)
2026-04-30 20:28:20,085 mme_vla_suite.pseudo_labeling.topreward_qwen_scorer INFO: Prefix 1/8 (end=4, n_frames=4/5): reward=-21.0000 (mean, 1 tok)
2026-04-30 20:28:26,948 mme_vla_suite.pseudo_labeling.topreward_qwen_scorer INFO: Prefix 2/8 (end=9, n_frames=4/10): reward=-20.1250 (mean, 1 tok)
2026-04-30 20:28:33,794 mme_vla_suite.pseudo_labeling.topreward_qwen_scorer INFO: Prefix 3/8 (end=14, n_frames=4/15): reward=-19.7500 (mean, 1 tok)
2026-04-30 20:28:40,654 mme_vla_suite.pseudo_labeling.topreward_qwen_scorer INFO: Prefix 4/8 (end=19, n_frames=4/20): reward=-18.1250 (mean, 1 tok)
2026-04-30 20:28:47,518 mme_vla_suite.pseudo_labeling.topreward_qwen_scorer INFO: Prefix 5/8 (end=24, n_frames=5/25): reward=-19.0000 (mean, 1 tok)
2026-04-30 20:28:54,378 mme_vla_suite.pseudo_labeling.topreward_qwen_scorer INFO: Prefix 6/8 (end=29, n_frames=6/30): reward=-18.8750 (mean, 1 tok)
2026-04-30 20:29:01,252 mme_vla_suite.pseudo_labeling.topreward_qwen_scorer INFO: Prefix 7/8 (end=34, n_frames=7/35): reward=-19.5000 (mean, 1 tok)
2026-04-30 20:29:08,124 mme_vla_suite.pseudo_labeling.topreward_qwen_scorer INFO: Prefix 8/8 (end=40, n_frames=8/41): reward=-19.1250 (mean, 1 tok)
2026-04-30 20:29:15,920 mme_vla_suite.pseudo_labeling.topreward_qwen_scorer INFO: Prefix 1/8 (end=4, n_frames=4/5): reward=-20.8750 (mean, 1 tok)
2026-04-30 20:29:22,759 mme_vla_suite.pseudo_labeling.topreward_qwen_scorer INFO: Prefix 2/8 (end=9, n_frames=4/10): reward=-20.6250 (mean, 1 tok)
2026-04-30 20:29:29,610 mme_vla_suite.pseudo_labeling.topreward_qwen_scorer INFO: Prefix 3/8 (end=14, n_frames=4/15): reward=-20.0000 (mean, 1 tok)
2026-04-30 20:29:36,477 mme_vla_suite.pseudo_labeling.topreward_qwen_scorer INFO: Prefix 4/8 (end=19, n_frames=4/20): reward=-20.7500 (mean, 1 tok)
2026-04-30 20:29:43,328 mme_vla_suite.pseudo_labeling.topreward_qwen_scorer INFO: Prefix 5/8 (end=24, n_frames=5/25): reward=-19.8750 (mean, 1 tok)
2026-04-30 20:29:50,198 mme_vla_suite.pseudo_labeling.topreward_qwen_scorer INFO: Prefix 6/8 (end=29, n_frames=6/30): reward=-19.7500 (mean, 1 tok)
2026-04-30 20:29:57,140 mme_vla_suite.pseudo_labeling.topreward_qwen_scorer INFO: Prefix 7/8 (end=34, n_frames=7/35): reward=-19.8750 (mean, 1 tok)
2026-04-30 20:30:04,126 mme_vla_suite.pseudo_labeling.topreward_qwen_scorer INFO: Prefix 8/8 (end=40, n_frames=8/41): reward=-19.7500 (mean, 1 tok)
2026-04-30 20:30:12,198 mme_vla_suite.pseudo_labeling.topreward_qwen_scorer INFO: Prefix 1/8 (end=4, n_frames=4/5): reward=-20.3750 (mean, 1 tok)
2026-04-30 20:30:19,067 mme_vla_suite.pseudo_labeling.topreward_qwen_scorer INFO: Prefix 2/8 (end=9, n_frames=4/10): reward=-20.3750 (mean, 1 tok)
2026-04-30 20:30:25,903 mme_vla_suite.pseudo_labeling.topreward_qwen_scorer INFO: Prefix 3/8 (end=14, n_frames=4/15): reward=-20.0000 (mean, 1 tok)
2026-04-30 20:30:32,750 mme_vla_suite.pseudo_labeling.topreward_qwen_scorer INFO: Prefix 4/8 (end=19, n_frames=4/20): reward=-19.0000 (mean, 1 tok)
2026-04-30 20:30:39,611 mme_vla_suite.pseudo_labeling.topreward_qwen_scorer INFO: Prefix 5/8 (end=24, n_frames=5/25): reward=-19.8750 (mean, 1 tok)
2026-04-30 20:30:46,480 mme_vla_suite.pseudo_labeling.topreward_qwen_scorer INFO: Prefix 6/8 (end=29, n_frames=6/30): reward=-20.0000 (mean, 1 tok)
2026-04-30 20:30:53,345 mme_vla_suite.pseudo_labeling.topreward_qwen_scorer INFO: Prefix 7/8 (end=34, n_frames=7/35): reward=-20.7500 (mean, 1 tok)
2026-04-30 20:31:00,227 mme_vla_suite.pseudo_labeling.topreward_qwen_scorer INFO: Prefix 8/8 (end=40, n_frames=8/41): reward=-20.6250 (mean, 1 tok)
2026-04-30 20:31:07,914 mme_vla_suite.pseudo_labeling.topreward_qwen_scorer INFO: Prefix 1/8 (end=4, n_frames=4/5): reward=-21.1250 (mean, 1 tok)
2026-04-30 20:31:14,767 mme_vla_suite.pseudo_labeling.topreward_qwen_scorer INFO: Prefix 2/8 (end=8, n_frames=4/9): reward=-21.0000 (mean, 1 tok)
2026-04-30 20:31:21,623 mme_vla_suite.pseudo_labeling.topreward_qwen_scorer INFO: Prefix 3/8 (end=12, n_frames=4/13): reward=-20.7500 (mean, 1 tok)
2026-04-30 20:31:28,473 mme_vla_suite.pseudo_labeling.topreward_qwen_scorer INFO: Prefix 4/8 (end=17, n_frames=4/18): reward=-19.2500 (mean, 1 tok)
2026-04-30 20:31:35,330 mme_vla_suite.pseudo_labeling.topreward_qwen_scorer INFO: Prefix 5/8 (end=21, n_frames=4/22): reward=-18.5000 (mean, 1 tok)
2026-04-30 20:31:42,328 mme_vla_suite.pseudo_labeling.topreward_qwen_scorer INFO: Prefix 6/8 (end=26, n_frames=5/27): reward=-19.5000 (mean, 1 tok)
2026-04-30 20:31:49,198 mme_vla_suite.pseudo_labeling.topreward_qwen_scorer INFO: Prefix 7/8 (end=30, n_frames=6/31): reward=-19.3750 (mean, 1 tok)
2026-04-30 20:31:56,076 mme_vla_suite.pseudo_labeling.topreward_qwen_scorer INFO: Prefix 8/8 (end=35, n_frames=7/36): reward=-16.6250 (mean, 1 tok)
2026-04-30 20:32:03,892 mme_vla_suite.pseudo_labeling.topreward_qwen_scorer INFO: Prefix 1/8 (end=5, n_frames=4/6): reward=-21.0000 (mean, 1 tok)
2026-04-30 20:32:10,772 mme_vla_suite.pseudo_labeling.topreward_qwen_scorer INFO: Prefix 2/8 (end=12, n_frames=4/13): reward=-20.5000 (mean, 1 tok)
2026-04-30 20:32:17,650 mme_vla_suite.pseudo_labeling.topreward_qwen_scorer INFO: Prefix 3/8 (end=19, n_frames=4/20): reward=-20.3750 (mean, 1 tok)
2026-04-30 20:32:24,509 mme_vla_suite.pseudo_labeling.topreward_qwen_scorer INFO: Prefix 4/8 (end=27, n_frames=6/28): reward=-19.6250 (mean, 1 tok)
2026-04-30 20:32:31,378 mme_vla_suite.pseudo_labeling.topreward_qwen_scorer INFO: Prefix 5/8 (end=34, n_frames=7/35): reward=-20.1250 (mean, 1 tok)
2026-04-30 20:32:38,267 mme_vla_suite.pseudo_labeling.topreward_qwen_scorer INFO: Prefix 6/8 (end=42, n_frames=9/43): reward=-19.2500 (mean, 1 tok)
2026-04-30 20:32:45,155 mme_vla_suite.pseudo_labeling.topreward_qwen_scorer INFO: Prefix 7/8 (end=49, n_frames=10/50): reward=-19.0000 (mean, 1 tok)
2026-04-30 20:32:52,045 mme_vla_suite.pseudo_labeling.topreward_qwen_scorer INFO: Prefix 8/8 (end=57, n_frames=12/58): reward=-18.2500 (mean, 1 tok)
2026-04-30 20:32:59,767 mme_vla_suite.pseudo_labeling.topreward_qwen_scorer INFO: Prefix 1/8 (end=9, n_frames=4/10): reward=-20.3750 (mean, 1 tok)
2026-04-30 20:33:06,619 mme_vla_suite.pseudo_labeling.topreward_qwen_scorer INFO: Prefix 2/8 (end=20, n_frames=4/21): reward=-20.2500 (mean, 1 tok)
2026-04-30 20:33:13,487 mme_vla_suite.pseudo_labeling.topreward_qwen_scorer INFO: Prefix 3/8 (end=32, n_frames=7/33): reward=-20.1250 (mean, 1 tok)
2026-04-30 20:33:20,370 mme_vla_suite.pseudo_labeling.topreward_qwen_scorer INFO: Prefix 4/8 (end=44, n_frames=9/45): reward=-18.7500 (mean, 1 tok)
2026-04-30 20:33:27,260 mme_vla_suite.pseudo_labeling.topreward_qwen_scorer INFO: Prefix 5/8 (end=56, n_frames=11/57): reward=-18.3750 (mean, 1 tok)
2026-04-30 20:33:34,144 mme_vla_suite.pseudo_labeling.topreward_qwen_scorer INFO: Prefix 6/8 (end=68, n_frames=14/69): reward=-18.8750 (mean, 1 tok)
2026-04-30 20:33:41,028 mme_vla_suite.pseudo_labeling.topreward_qwen_scorer INFO: Prefix 7/8 (end=80, n_frames=16/81): reward=-19.2500 (mean, 1 tok)
2026-04-30 20:33:47,961 mme_vla_suite.pseudo_labeling.topreward_qwen_scorer INFO: Prefix 8/8 (end=92, n_frames=19/93): reward=-19.1250 (mean, 1 tok)
2026-04-30 20:33:55,903 mme_vla_suite.pseudo_labeling.topreward_qwen_scorer INFO: Prefix 1/8 (end=10, n_frames=4/11): reward=-20.6250 (mean, 1 tok)
2026-04-30 20:34:02,851 mme_vla_suite.pseudo_labeling.topreward_qwen_scorer INFO: Prefix 2/8 (end=23, n_frames=5/24): reward=-21.2500 (mean, 1 tok)
2026-04-30 20:34:09,812 mme_vla_suite.pseudo_labeling.topreward_qwen_scorer INFO: Prefix 3/8 (end=37, n_frames=8/38): reward=-15.1250 (mean, 1 tok)
2026-04-30 20:34:16,796 mme_vla_suite.pseudo_labeling.topreward_qwen_scorer INFO: Prefix 4/8 (end=50, n_frames=10/51): reward=-15.3750 (mean, 1 tok)
2026-04-30 20:34:23,696 mme_vla_suite.pseudo_labeling.topreward_qwen_scorer INFO: Prefix 5/8 (end=64, n_frames=13/65): reward=-14.6250 (mean, 1 tok)
2026-04-30 20:34:30,617 mme_vla_suite.pseudo_labeling.topreward_qwen_scorer INFO: Prefix 6/8 (end=77, n_frames=16/78): reward=-14.3750 (mean, 1 tok)
2026-04-30 20:34:37,528 mme_vla_suite.pseudo_labeling.topreward_qwen_scorer INFO: Prefix 7/8 (end=91, n_frames=18/92): reward=-14.2500 (mean, 1 tok)
2026-04-30 20:34:44,490 mme_vla_suite.pseudo_labeling.topreward_qwen_scorer INFO: Prefix 8/8 (end=105, n_frames=21/106): reward=-12.5000 (mean, 1 tok)
2026-04-30 20:34:52,217 mme_vla_suite.pseudo_labeling.topreward_qwen_scorer INFO: Prefix 1/8 (end=4, n_frames=4/5): reward=-21.3750 (mean, 1 tok)
2026-04-30 20:34:59,085 mme_vla_suite.pseudo_labeling.topreward_qwen_scorer INFO: Prefix 2/8 (end=9, n_frames=4/10): reward=-21.6250 (mean, 1 tok)
2026-04-30 20:35:05,959 mme_vla_suite.pseudo_labeling.topreward_qwen_scorer INFO: Prefix 3/8 (end=15, n_frames=4/16): reward=-20.7500 (mean, 1 tok)
2026-04-30 20:35:12,817 mme_vla_suite.pseudo_labeling.topreward_qwen_scorer INFO: Prefix 4/8 (end=21, n_frames=4/22): reward=-18.8750 (mean, 1 tok)
2026-04-30 20:35:19,689 mme_vla_suite.pseudo_labeling.topreward_qwen_scorer INFO: Prefix 5/8 (end=27, n_frames=6/28): reward=-20.5000 (mean, 1 tok)
2026-04-30 20:35:26,574 mme_vla_suite.pseudo_labeling.topreward_qwen_scorer INFO: Prefix 6/8 (end=33, n_frames=7/34): reward=-20.1250 (mean, 1 tok)
2026-04-30 20:35:33,447 mme_vla_suite.pseudo_labeling.topreward_qwen_scorer INFO: Prefix 7/8 (end=39, n_frames=8/40): reward=-21.2500 (mean, 1 tok)
2026-04-30 20:35:40,344 mme_vla_suite.pseudo_labeling.topreward_qwen_scorer INFO: Prefix 8/8 (end=45, n_frames=9/46): reward=-19.5000 (mean, 1 tok)
2026-04-30 20:35:48,170 mme_vla_suite.pseudo_labeling.topreward_qwen_scorer INFO: Prefix 1/8 (end=4, n_frames=4/5): reward=-19.2500 (mean, 1 tok)
2026-04-30 20:35:55,018 mme_vla_suite.pseudo_labeling.topreward_qwen_scorer INFO: Prefix 2/8 (end=8, n_frames=4/9): reward=-18.1250 (mean, 1 tok)
2026-04-30 20:36:01,861 mme_vla_suite.pseudo_labeling.topreward_qwen_scorer INFO: Prefix 3/8 (end=13, n_frames=4/14): reward=-18.8750 (mean, 1 tok)
2026-04-30 20:36:08,708 mme_vla_suite.pseudo_labeling.topreward_qwen_scorer INFO: Prefix 4/8 (end=17, n_frames=4/18): reward=-17.6250 (mean, 1 tok)
2026-04-30 20:36:15,579 mme_vla_suite.pseudo_labeling.topreward_qwen_scorer INFO: Prefix 5/8 (end=22, n_frames=5/23): reward=-17.5000 (mean, 1 tok)
2026-04-30 20:36:22,456 mme_vla_suite.pseudo_labeling.topreward_qwen_scorer INFO: Prefix 6/8 (end=26, n_frames=5/27): reward=-17.7500 (mean, 1 tok)
2026-04-30 20:36:29,331 mme_vla_suite.pseudo_labeling.topreward_qwen_scorer INFO: Prefix 7/8 (end=31, n_frames=6/32): reward=-18.0000 (mean, 1 tok)
2026-04-30 20:36:36,219 mme_vla_suite.pseudo_labeling.topreward_qwen_scorer INFO: Prefix 8/8 (end=36, n_frames=7/37): reward=-18.8750 (mean, 1 tok)
2026-04-30 20:36:44,239 mme_vla_suite.pseudo_labeling.topreward_qwen_scorer INFO: Prefix 1/8 (end=4, n_frames=4/5): reward=-18.7500 (mean, 1 tok)
2026-04-30 20:36:51,109 mme_vla_suite.pseudo_labeling.topreward_qwen_scorer INFO: Prefix 2/8 (end=8, n_frames=4/9): reward=-18.7500 (mean, 1 tok)
2026-04-30 20:36:57,971 mme_vla_suite.pseudo_labeling.topreward_qwen_scorer INFO: Prefix 3/8 (end=12, n_frames=4/13): reward=-18.7500 (mean, 1 tok)
2026-04-30 20:37:04,843 mme_vla_suite.pseudo_labeling.topreward_qwen_scorer INFO: Prefix 4/8 (end=17, n_frames=4/18): reward=-18.3750 (mean, 1 tok)
2026-04-30 20:37:11,708 mme_vla_suite.pseudo_labeling.topreward_qwen_scorer INFO: Prefix 5/8 (end=21, n_frames=4/22): reward=-18.1250 (mean, 1 tok)
2026-04-30 20:37:18,563 mme_vla_suite.pseudo_labeling.topreward_qwen_scorer INFO: Prefix 6/8 (end=26, n_frames=5/27): reward=-19.6250 (mean, 1 tok)
2026-04-30 20:37:25,425 mme_vla_suite.pseudo_labeling.topreward_qwen_scorer INFO: Prefix 7/8 (end=30, n_frames=6/31): reward=-17.6250 (mean, 1 tok)
2026-04-30 20:37:32,307 mme_vla_suite.pseudo_labeling.topreward_qwen_scorer INFO: Prefix 8/8 (end=35, n_frames=7/36): reward=-16.8750 (mean, 1 tok)
2026-04-30 20:37:40,306 mme_vla_suite.pseudo_labeling.topreward_qwen_scorer INFO: Prefix 1/8 (end=6, n_frames=4/7): reward=-22.3750 (mean, 1 tok)
2026-04-30 20:37:47,175 mme_vla_suite.pseudo_labeling.topreward_qwen_scorer INFO: Prefix 2/8 (end=14, n_frames=4/15): reward=-22.2500 (mean, 1 tok)
2026-04-30 20:37:54,035 mme_vla_suite.pseudo_labeling.topreward_qwen_scorer INFO: Prefix 3/8 (end=22, n_frames=5/23): reward=-21.6250 (mean, 1 tok)
2026-04-30 20:38:00,903 mme_vla_suite.pseudo_labeling.topreward_qwen_scorer INFO: Prefix 4/8 (end=30, n_frames=6/31): reward=-21.5000 (mean, 1 tok)
2026-04-30 20:38:07,789 mme_vla_suite.pseudo_labeling.topreward_qwen_scorer INFO: Prefix 5/8 (end=38, n_frames=8/39): reward=-20.8750 (mean, 1 tok)
2026-04-30 20:38:14,677 mme_vla_suite.pseudo_labeling.topreward_qwen_scorer INFO: Prefix 6/8 (end=46, n_frames=9/47): reward=-20.5000 (mean, 1 tok)
2026-04-30 20:38:21,564 mme_vla_suite.pseudo_labeling.topreward_qwen_scorer INFO: Prefix 7/8 (end=54, n_frames=11/55): reward=-19.7500 (mean, 1 tok)
2026-04-30 20:38:28,463 mme_vla_suite.pseudo_labeling.topreward_qwen_scorer INFO: Prefix 8/8 (end=63, n_frames=13/64): reward=-17.7500 (mean, 1 tok)
2026-04-30 20:38:36,136 mme_vla_suite.pseudo_labeling.topreward_qwen_scorer INFO: Prefix 1/8 (end=9, n_frames=4/10): reward=-22.2500 (mean, 1 tok)
2026-04-30 20:38:42,990 mme_vla_suite.pseudo_labeling.topreward_qwen_scorer INFO: Prefix 2/8 (end=21, n_frames=4/22): reward=-21.2500 (mean, 1 tok)
2026-04-30 20:38:49,855 mme_vla_suite.pseudo_labeling.topreward_qwen_scorer INFO: Prefix 3/8 (end=34, n_frames=7/35): reward=-20.6250 (mean, 1 tok)
2026-04-30 20:38:56,722 mme_vla_suite.pseudo_labeling.topreward_qwen_scorer INFO: Prefix 4/8 (end=47, n_frames=10/48): reward=-20.2500 (mean, 1 tok)
2026-04-30 20:39:03,590 mme_vla_suite.pseudo_labeling.topreward_qwen_scorer INFO: Prefix 5/8 (end=59, n_frames=12/60): reward=-17.1250 (mean, 1 tok)
2026-04-30 20:39:10,460 mme_vla_suite.pseudo_labeling.topreward_qwen_scorer INFO: Prefix 6/8 (end=72, n_frames=15/73): reward=-18.6250 (mean, 1 tok)
2026-04-30 20:39:17,362 mme_vla_suite.pseudo_labeling.topreward_qwen_scorer INFO: Prefix 7/8 (end=85, n_frames=17/86): reward=-17.2500 (mean, 1 tok)
2026-04-30 20:39:24,295 mme_vla_suite.pseudo_labeling.topreward_qwen_scorer INFO: Prefix 8/8 (end=98, n_frames=20/99): reward=-18.3750 (mean, 1 tok)
2026-04-30 20:39:32,379 mme_vla_suite.pseudo_labeling.topreward_qwen_scorer INFO: Prefix 1/8 (end=11, n_frames=4/12): reward=-20.0000 (mean, 1 tok)
2026-04-30 20:39:39,201 mme_vla_suite.pseudo_labeling.topreward_qwen_scorer INFO: Prefix 2/8 (end=25, n_frames=5/26): reward=-20.6250 (mean, 1 tok)
2026-04-30 20:39:46,080 mme_vla_suite.pseudo_labeling.topreward_qwen_scorer INFO: Prefix 3/8 (end=39, n_frames=8/40): reward=-16.5000 (mean, 1 tok)
2026-04-30 20:39:52,954 mme_vla_suite.pseudo_labeling.topreward_qwen_scorer INFO: Prefix 4/8 (end=53, n_frames=11/54): reward=-15.3750 (mean, 1 tok)
2026-04-30 20:39:59,850 mme_vla_suite.pseudo_labeling.topreward_qwen_scorer INFO: Prefix 5/8 (end=67, n_frames=14/68): reward=-15.3750 (mean, 1 tok)
2026-04-30 20:40:06,761 mme_vla_suite.pseudo_labeling.topreward_qwen_scorer INFO: Prefix 6/8 (end=81, n_frames=16/82): reward=-15.5000 (mean, 1 tok)
2026-04-30 20:40:13,715 mme_vla_suite.pseudo_labeling.topreward_qwen_scorer INFO: Prefix 7/8 (end=95, n_frames=19/96): reward=-15.1250 (mean, 1 tok)
2026-04-30 20:40:20,669 mme_vla_suite.pseudo_labeling.topreward_qwen_scorer INFO: Prefix 8/8 (end=110, n_frames=22/111): reward=-13.6250 (mean, 1 tok)
2026-04-30 20:40:28,314 mme_vla_suite.pseudo_labeling.topreward_qwen_scorer INFO: Prefix 1/8 (end=4, n_frames=4/5): reward=-18.8750 (mean, 1 tok)
2026-04-30 20:40:35,164 mme_vla_suite.pseudo_labeling.topreward_qwen_scorer INFO: Prefix 2/8 (end=6, n_frames=4/7): reward=-18.3750 (mean, 1 tok)
2026-04-30 20:40:42,016 mme_vla_suite.pseudo_labeling.topreward_qwen_scorer INFO: Prefix 3/8 (end=9, n_frames=4/10): reward=-18.8750 (mean, 1 tok)
2026-04-30 20:40:48,876 mme_vla_suite.pseudo_labeling.topreward_qwen_scorer INFO: Prefix 4/8 (end=12, n_frames=4/13): reward=-18.2500 (mean, 1 tok)
2026-04-30 20:40:55,731 mme_vla_suite.pseudo_labeling.topreward_qwen_scorer INFO: Prefix 5/8 (end=15, n_frames=4/16): reward=-18.3750 (mean, 1 tok)
2026-04-30 20:41:02,594 mme_vla_suite.pseudo_labeling.topreward_qwen_scorer INFO: Prefix 6/8 (end=18, n_frames=4/19): reward=-17.2500 (mean, 1 tok)
2026-04-30 20:41:09,459 mme_vla_suite.pseudo_labeling.topreward_qwen_scorer INFO: Prefix 7/8 (end=21, n_frames=4/22): reward=-19.3750 (mean, 1 tok)
2026-04-30 20:41:16,322 mme_vla_suite.pseudo_labeling.topreward_qwen_scorer INFO: Prefix 8/8 (end=24, n_frames=5/25): reward=-18.3750 (mean, 1 tok)
2026-04-30 20:41:24,094 mme_vla_suite.pseudo_labeling.topreward_qwen_scorer INFO: Prefix 1/8 (end=4, n_frames=4/5): reward=-19.5000 (mean, 1 tok)
2026-04-30 20:41:30,959 mme_vla_suite.pseudo_labeling.topreward_qwen_scorer INFO: Prefix 2/8 (end=8, n_frames=4/9): reward=-18.5000 (mean, 1 tok)
2026-04-30 20:41:37,827 mme_vla_suite.pseudo_labeling.topreward_qwen_scorer INFO: Prefix 3/8 (end=13, n_frames=4/14): reward=-19.0000 (mean, 1 tok)
2026-04-30 20:41:44,687 mme_vla_suite.pseudo_labeling.topreward_qwen_scorer INFO: Prefix 4/8 (end=17, n_frames=4/18): reward=-18.8750 (mean, 1 tok)
2026-04-30 20:41:51,558 mme_vla_suite.pseudo_labeling.topreward_qwen_scorer INFO: Prefix 5/8 (end=22, n_frames=5/23): reward=-18.5000 (mean, 1 tok)
2026-04-30 20:41:58,414 mme_vla_suite.pseudo_labeling.topreward_qwen_scorer INFO: Prefix 6/8 (end=26, n_frames=5/27): reward=-19.5000 (mean, 1 tok)
2026-04-30 20:42:05,277 mme_vla_suite.pseudo_labeling.topreward_qwen_scorer INFO: Prefix 7/8 (end=31, n_frames=6/32): reward=-19.7500 (mean, 1 tok)
2026-04-30 20:42:12,158 mme_vla_suite.pseudo_labeling.topreward_qwen_scorer INFO: Prefix 8/8 (end=36, n_frames=7/37): reward=-19.6250 (mean, 1 tok)
2026-04-30 20:42:20,113 mme_vla_suite.pseudo_labeling.topreward_qwen_scorer INFO: Prefix 1/8 (end=4, n_frames=4/5): reward=-19.8750 (mean, 1 tok)
2026-04-30 20:42:26,972 mme_vla_suite.pseudo_labeling.topreward_qwen_scorer INFO: Prefix 2/8 (end=8, n_frames=4/9): reward=-20.2500 (mean, 1 tok)
2026-04-30 20:42:33,830 mme_vla_suite.pseudo_labeling.topreward_qwen_scorer INFO: Prefix 3/8 (end=13, n_frames=4/14): reward=-18.8750 (mean, 1 tok)
2026-04-30 20:42:40,682 mme_vla_suite.pseudo_labeling.topreward_qwen_scorer INFO: Prefix 4/8 (end=17, n_frames=4/18): reward=-19.0000 (mean, 1 tok)
2026-04-30 20:42:47,566 mme_vla_suite.pseudo_labeling.topreward_qwen_scorer INFO: Prefix 5/8 (end=22, n_frames=5/23): reward=-18.7500 (mean, 1 tok)
2026-04-30 20:42:54,432 mme_vla_suite.pseudo_labeling.topreward_qwen_scorer INFO: Prefix 6/8 (end=26, n_frames=5/27): reward=-19.5000 (mean, 1 tok)
2026-04-30 20:43:01,313 mme_vla_suite.pseudo_labeling.topreward_qwen_scorer INFO: Prefix 7/8 (end=31, n_frames=6/32): reward=-18.1250 (mean, 1 tok)
2026-04-30 20:43:08,193 mme_vla_suite.pseudo_labeling.topreward_qwen_scorer INFO: Prefix 8/8 (end=36, n_frames=7/37): reward=-18.7500 (mean, 1 tok)
2026-04-30 20:43:16,120 mme_vla_suite.pseudo_labeling.topreward_qwen_scorer INFO: Prefix 1/8 (end=4, n_frames=4/5): reward=-19.6250 (mean, 1 tok)
2026-04-30 20:43:22,981 mme_vla_suite.pseudo_labeling.topreward_qwen_scorer INFO: Prefix 2/8 (end=8, n_frames=4/9): reward=-19.2500 (mean, 1 tok)
2026-04-30 20:43:29,840 mme_vla_suite.pseudo_labeling.topreward_qwen_scorer INFO: Prefix 3/8 (end=13, n_frames=4/14): reward=-19.2500 (mean, 1 tok)
2026-04-30 20:43:36,705 mme_vla_suite.pseudo_labeling.topreward_qwen_scorer INFO: Prefix 4/8 (end=17, n_frames=4/18): reward=-19.1250 (mean, 1 tok)
2026-04-30 20:43:43,587 mme_vla_suite.pseudo_labeling.topreward_qwen_scorer INFO: Prefix 5/8 (end=22, n_frames=5/23): reward=-19.6250 (mean, 1 tok)
2026-04-30 20:43:50,444 mme_vla_suite.pseudo_labeling.topreward_qwen_scorer INFO: Prefix 6/8 (end=26, n_frames=5/27): reward=-20.3750 (mean, 1 tok)
2026-04-30 20:43:57,328 mme_vla_suite.pseudo_labeling.topreward_qwen_scorer INFO: Prefix 7/8 (end=31, n_frames=6/32): reward=-19.3750 (mean, 1 tok)
2026-04-30 20:44:04,211 mme_vla_suite.pseudo_labeling.topreward_qwen_scorer INFO: Prefix 8/8 (end=36, n_frames=7/37): reward=-19.5000 (mean, 1 tok)
2026-04-30 20:44:12,148 mme_vla_suite.pseudo_labeling.topreward_qwen_scorer INFO: Prefix 1/8 (end=4, n_frames=4/5): reward=-20.5000 (mean, 1 tok)
2026-04-30 20:44:19,010 mme_vla_suite.pseudo_labeling.topreward_qwen_scorer INFO: Prefix 2/8 (end=8, n_frames=4/9): reward=-20.3750 (mean, 1 tok)
2026-04-30 20:44:25,852 mme_vla_suite.pseudo_labeling.topreward_qwen_scorer INFO: Prefix 3/8 (end=13, n_frames=4/14): reward=-20.0000 (mean, 1 tok)
2026-04-30 20:44:32,699 mme_vla_suite.pseudo_labeling.topreward_qwen_scorer INFO: Prefix 4/8 (end=17, n_frames=4/18): reward=-20.0000 (mean, 1 tok)
2026-04-30 20:44:39,555 mme_vla_suite.pseudo_labeling.topreward_qwen_scorer INFO: Prefix 5/8 (end=22, n_frames=5/23): reward=-19.7500 (mean, 1 tok)
2026-04-30 20:44:46,539 mme_vla_suite.pseudo_labeling.topreward_qwen_scorer INFO: Prefix 6/8 (end=26, n_frames=5/27): reward=-20.3750 (mean, 1 tok)
2026-04-30 20:44:53,401 mme_vla_suite.pseudo_labeling.topreward_qwen_scorer INFO: Prefix 7/8 (end=31, n_frames=6/32): reward=-19.3750 (mean, 1 tok)
2026-04-30 20:45:00,281 mme_vla_suite.pseudo_labeling.topreward_qwen_scorer INFO: Prefix 8/8 (end=36, n_frames=7/37): reward=-19.1250 (mean, 1 tok)
2026-04-30 20:45:08,078 mme_vla_suite.pseudo_labeling.topreward_qwen_scorer INFO: Prefix 1/8 (end=4, n_frames=4/5): reward=-20.3750 (mean, 1 tok)
2026-04-30 20:45:14,920 mme_vla_suite.pseudo_labeling.topreward_qwen_scorer INFO: Prefix 2/8 (end=8, n_frames=4/9): reward=-19.5000 (mean, 1 tok)
2026-04-30 20:45:21,761 mme_vla_suite.pseudo_labeling.topreward_qwen_scorer INFO: Prefix 3/8 (end=13, n_frames=4/14): reward=-19.5000 (mean, 1 tok)
2026-04-30 20:45:28,608 mme_vla_suite.pseudo_labeling.topreward_qwen_scorer INFO: Prefix 4/8 (end=17, n_frames=4/18): reward=-20.1250 (mean, 1 tok)
2026-04-30 20:45:35,499 mme_vla_suite.pseudo_labeling.topreward_qwen_scorer INFO: Prefix 5/8 (end=22, n_frames=5/23): reward=-20.0000 (mean, 1 tok)
2026-04-30 20:45:42,347 mme_vla_suite.pseudo_labeling.topreward_qwen_scorer INFO: Prefix 6/8 (end=26, n_frames=5/27): reward=-20.8750 (mean, 1 tok)
2026-04-30 20:45:49,213 mme_vla_suite.pseudo_labeling.topreward_qwen_scorer INFO: Prefix 7/8 (end=31, n_frames=6/32): reward=-20.2500 (mean, 1 tok)
2026-04-30 20:45:56,087 mme_vla_suite.pseudo_labeling.topreward_qwen_scorer INFO: Prefix 8/8 (end=36, n_frames=7/37): reward=-20.1250 (mean, 1 tok)
2026-04-30 20:46:04,098 mme_vla_suite.pseudo_labeling.topreward_qwen_scorer INFO: Prefix 1/8 (end=4, n_frames=4/5): reward=-20.6250 (mean, 1 tok)
2026-04-30 20:46:10,943 mme_vla_suite.pseudo_labeling.topreward_qwen_scorer INFO: Prefix 2/8 (end=8, n_frames=4/9): reward=-20.2500 (mean, 1 tok)
2026-04-30 20:46:17,801 mme_vla_suite.pseudo_labeling.topreward_qwen_scorer INFO: Prefix 3/8 (end=12, n_frames=4/13): reward=-21.1250 (mean, 1 tok)
2026-04-30 20:46:24,643 mme_vla_suite.pseudo_labeling.topreward_qwen_scorer INFO: Prefix 4/8 (end=17, n_frames=4/18): reward=-19.1250 (mean, 1 tok)
2026-04-30 20:46:31,502 mme_vla_suite.pseudo_labeling.topreward_qwen_scorer INFO: Prefix 5/8 (end=21, n_frames=4/22): reward=-20.8750 (mean, 1 tok)
2026-04-30 20:46:38,360 mme_vla_suite.pseudo_labeling.topreward_qwen_scorer INFO: Prefix 6/8 (end=26, n_frames=5/27): reward=-21.0000 (mean, 1 tok)
2026-04-30 20:46:45,210 mme_vla_suite.pseudo_labeling.topreward_qwen_scorer INFO: Prefix 7/8 (end=30, n_frames=6/31): reward=-19.1250 (mean, 1 tok)
2026-04-30 20:46:52,092 mme_vla_suite.pseudo_labeling.topreward_qwen_scorer INFO: Prefix 8/8 (end=35, n_frames=7/36): reward=-15.8750 (mean, 1 tok)
2026-04-30 20:46:59,924 mme_vla_suite.pseudo_labeling.topreward_qwen_scorer INFO: Prefix 1/8 (end=6, n_frames=4/7): reward=-20.2500 (mean, 1 tok)
2026-04-30 20:47:06,759 mme_vla_suite.pseudo_labeling.topreward_qwen_scorer INFO: Prefix 2/8 (end=13, n_frames=4/14): reward=-19.7500 (mean, 1 tok)
2026-04-30 20:47:13,624 mme_vla_suite.pseudo_labeling.topreward_qwen_scorer INFO: Prefix 3/8 (end=21, n_frames=4/22): reward=-19.1250 (mean, 1 tok)
2026-04-30 20:47:20,496 mme_vla_suite.pseudo_labeling.topreward_qwen_scorer INFO: Prefix 4/8 (end=29, n_frames=6/30): reward=-18.6250 (mean, 1 tok)
2026-04-30 20:47:27,361 mme_vla_suite.pseudo_labeling.topreward_qwen_scorer INFO: Prefix 5/8 (end=36, n_frames=7/37): reward=-18.5000 (mean, 1 tok)
2026-04-30 20:47:34,254 mme_vla_suite.pseudo_labeling.topreward_qwen_scorer INFO: Prefix 6/8 (end=44, n_frames=9/45): reward=-18.1250 (mean, 1 tok)
2026-04-30 20:47:41,144 mme_vla_suite.pseudo_labeling.topreward_qwen_scorer INFO: Prefix 7/8 (end=52, n_frames=11/53): reward=-17.7500 (mean, 1 tok)
2026-04-30 20:47:48,026 mme_vla_suite.pseudo_labeling.topreward_qwen_scorer INFO: Prefix 8/8 (end=60, n_frames=12/61): reward=-19.1250 (mean, 1 tok)
2026-04-30 20:47:55,876 mme_vla_suite.pseudo_labeling.topreward_qwen_scorer INFO: Prefix 1/8 (end=9, n_frames=4/10): reward=-20.2500 (mean, 1 tok)
2026-04-30 20:48:02,733 mme_vla_suite.pseudo_labeling.topreward_qwen_scorer INFO: Prefix 2/8 (end=21, n_frames=4/22): reward=-19.1250 (mean, 1 tok)
2026-04-30 20:48:09,611 mme_vla_suite.pseudo_labeling.topreward_qwen_scorer INFO: Prefix 3/8 (end=33, n_frames=7/34): reward=-18.5000 (mean, 1 tok)
2026-04-30 20:48:16,500 mme_vla_suite.pseudo_labeling.topreward_qwen_scorer INFO: Prefix 4/8 (end=45, n_frames=9/46): reward=-17.7500 (mean, 1 tok)
2026-04-30 20:48:23,411 mme_vla_suite.pseudo_labeling.topreward_qwen_scorer INFO: Prefix 5/8 (end=58, n_frames=12/59): reward=-18.2500 (mean, 1 tok)
2026-04-30 20:48:30,284 mme_vla_suite.pseudo_labeling.topreward_qwen_scorer INFO: Prefix 6/8 (end=70, n_frames=14/71): reward=-18.7500 (mean, 1 tok)
2026-04-30 20:48:37,178 mme_vla_suite.pseudo_labeling.topreward_qwen_scorer INFO: Prefix 7/8 (end=82, n_frames=17/83): reward=-18.8750 (mean, 1 tok)
2026-04-30 20:48:44,129 mme_vla_suite.pseudo_labeling.topreward_qwen_scorer INFO: Prefix 8/8 (end=95, n_frames=19/96): reward=-18.8750 (mean, 1 tok)
2026-04-30 20:48:52,139 mme_vla_suite.pseudo_labeling.topreward_qwen_scorer INFO: Prefix 1/8 (end=11, n_frames=4/12): reward=-19.1250 (mean, 1 tok)
2026-04-30 20:48:59,004 mme_vla_suite.pseudo_labeling.topreward_qwen_scorer INFO: Prefix 2/8 (end=25, n_frames=5/26): reward=-19.7500 (mean, 1 tok)
2026-04-30 20:49:05,855 mme_vla_suite.pseudo_labeling.topreward_qwen_scorer INFO: Prefix 3/8 (end=39, n_frames=8/40): reward=-16.8750 (mean, 1 tok)
2026-04-30 20:49:12,737 mme_vla_suite.pseudo_labeling.topreward_qwen_scorer INFO: Prefix 4/8 (end=53, n_frames=11/54): reward=-16.1250 (mean, 1 tok)
2026-04-30 20:49:19,643 mme_vla_suite.pseudo_labeling.topreward_qwen_scorer INFO: Prefix 5/8 (end=67, n_frames=14/68): reward=-16.6250 (mean, 1 tok)
2026-04-30 20:49:26,563 mme_vla_suite.pseudo_labeling.topreward_qwen_scorer INFO: Prefix 6/8 (end=81, n_frames=16/82): reward=-16.8750 (mean, 1 tok)
2026-04-30 20:49:33,521 mme_vla_suite.pseudo_labeling.topreward_qwen_scorer INFO: Prefix 7/8 (end=95, n_frames=19/96): reward=-17.0000 (mean, 1 tok)
2026-04-30 20:49:40,505 mme_vla_suite.pseudo_labeling.topreward_qwen_scorer INFO: Prefix 8/8 (end=110, n_frames=22/111): reward=-14.2500 (mean, 1 tok)
2026-04-30 20:49:48,221 mme_vla_suite.pseudo_labeling.topreward_qwen_scorer INFO: Prefix 1/8 (end=4, n_frames=4/5): reward=-19.8750 (mean, 1 tok)
2026-04-30 20:49:55,084 mme_vla_suite.pseudo_labeling.topreward_qwen_scorer INFO: Prefix 2/8 (end=6, n_frames=4/7): reward=-19.2500 (mean, 1 tok)
2026-04-30 20:50:01,959 mme_vla_suite.pseudo_labeling.topreward_qwen_scorer INFO: Prefix 3/8 (end=9, n_frames=4/10): reward=-18.3750 (mean, 1 tok)
2026-04-30 20:50:08,816 mme_vla_suite.pseudo_labeling.topreward_qwen_scorer INFO: Prefix 4/8 (end=11, n_frames=4/12): reward=-18.8750 (mean, 1 tok)
2026-04-30 20:50:15,663 mme_vla_suite.pseudo_labeling.topreward_qwen_scorer INFO: Prefix 5/8 (end=14, n_frames=4/15): reward=-18.3750 (mean, 1 tok)
2026-04-30 20:50:22,515 mme_vla_suite.pseudo_labeling.topreward_qwen_scorer INFO: Prefix 6/8 (end=16, n_frames=4/17): reward=-18.8750 (mean, 1 tok)
2026-04-30 20:50:29,355 mme_vla_suite.pseudo_labeling.topreward_qwen_scorer INFO: Prefix 7/8 (end=19, n_frames=4/20): reward=-17.8750 (mean, 1 tok)
2026-04-30 20:50:36,217 mme_vla_suite.pseudo_labeling.topreward_qwen_scorer INFO: Prefix 8/8 (end=22, n_frames=5/23): reward=-19.6250 (mean, 1 tok)
2026-04-30 20:50:44,182 mme_vla_suite.pseudo_labeling.topreward_qwen_scorer INFO: Prefix 1/8 (end=4, n_frames=4/5): reward=-19.8750 (mean, 1 tok)
2026-04-30 20:50:51,023 mme_vla_suite.pseudo_labeling.topreward_qwen_scorer INFO: Prefix 2/8 (end=8, n_frames=4/9): reward=-18.7500 (mean, 1 tok)
2026-04-30 20:50:57,895 mme_vla_suite.pseudo_labeling.topreward_qwen_scorer INFO: Prefix 3/8 (end=13, n_frames=4/14): reward=-18.6250 (mean, 1 tok)
2026-04-30 20:51:04,750 mme_vla_suite.pseudo_labeling.topreward_qwen_scorer INFO: Prefix 4/8 (end=18, n_frames=4/19): reward=-17.6250 (mean, 1 tok)
2026-04-30 20:51:11,615 mme_vla_suite.pseudo_labeling.topreward_qwen_scorer INFO: Prefix 5/8 (end=22, n_frames=5/23): reward=-18.1250 (mean, 1 tok)
2026-04-30 20:51:18,468 mme_vla_suite.pseudo_labeling.topreward_qwen_scorer INFO: Prefix 6/8 (end=27, n_frames=6/28): reward=-18.3750 (mean, 1 tok)
2026-04-30 20:51:25,331 mme_vla_suite.pseudo_labeling.topreward_qwen_scorer INFO: Prefix 7/8 (end=32, n_frames=7/33): reward=-19.3750 (mean, 1 tok)
2026-04-30 20:51:32,213 mme_vla_suite.pseudo_labeling.topreward_qwen_scorer INFO: Prefix 8/8 (end=37, n_frames=8/38): reward=-19.1250 (mean, 1 tok)
2026-04-30 20:51:39,984 mme_vla_suite.pseudo_labeling.topreward_qwen_scorer INFO: Prefix 1/8 (end=4, n_frames=4/5): reward=-20.2500 (mean, 1 tok)
2026-04-30 20:51:46,834 mme_vla_suite.pseudo_labeling.topreward_qwen_scorer INFO: Prefix 2/8 (end=8, n_frames=4/9): reward=-20.0000 (mean, 1 tok)
2026-04-30 20:51:53,683 mme_vla_suite.pseudo_labeling.topreward_qwen_scorer INFO: Prefix 3/8 (end=12, n_frames=4/13): reward=-20.3750 (mean, 1 tok)
2026-04-30 20:52:00,528 mme_vla_suite.pseudo_labeling.topreward_qwen_scorer INFO: Prefix 4/8 (end=17, n_frames=4/18): reward=-19.7500 (mean, 1 tok)
2026-04-30 20:52:07,382 mme_vla_suite.pseudo_labeling.topreward_qwen_scorer INFO: Prefix 5/8 (end=21, n_frames=4/22): reward=-20.8750 (mean, 1 tok)
2026-04-30 20:52:14,253 mme_vla_suite.pseudo_labeling.topreward_qwen_scorer INFO: Prefix 6/8 (end=26, n_frames=5/27): reward=-21.1250 (mean, 1 tok)
2026-04-30 20:52:21,134 mme_vla_suite.pseudo_labeling.topreward_qwen_scorer INFO: Prefix 7/8 (end=30, n_frames=6/31): reward=-19.1250 (mean, 1 tok)
2026-04-30 20:52:28,138 mme_vla_suite.pseudo_labeling.topreward_qwen_scorer INFO: Prefix 8/8 (end=35, n_frames=7/36): reward=-17.2500 (mean, 1 tok)
2026-04-30 20:52:36,052 mme_vla_suite.pseudo_labeling.topreward_qwen_scorer INFO: Prefix 1/8 (end=5, n_frames=4/6): reward=-21.3750 (mean, 1 tok)
2026-04-30 20:52:42,925 mme_vla_suite.pseudo_labeling.topreward_qwen_scorer INFO: Prefix 2/8 (end=11, n_frames=4/12): reward=-21.1250 (mean, 1 tok)
2026-04-30 20:52:49,777 mme_vla_suite.pseudo_labeling.topreward_qwen_scorer INFO: Prefix 3/8 (end=18, n_frames=4/19): reward=-21.0000 (mean, 1 tok)
2026-04-30 20:52:56,626 mme_vla_suite.pseudo_labeling.topreward_qwen_scorer INFO: Prefix 4/8 (end=25, n_frames=5/26): reward=-21.0000 (mean, 1 tok)
2026-04-30 20:53:03,486 mme_vla_suite.pseudo_labeling.topreward_qwen_scorer INFO: Prefix 5/8 (end=32, n_frames=7/33): reward=-19.6250 (mean, 1 tok)
2026-04-30 20:53:10,346 mme_vla_suite.pseudo_labeling.topreward_qwen_scorer INFO: Prefix 6/8 (end=39, n_frames=8/40): reward=-19.8750 (mean, 1 tok)
2026-04-30 20:53:17,250 mme_vla_suite.pseudo_labeling.topreward_qwen_scorer INFO: Prefix 7/8 (end=46, n_frames=9/47): reward=-18.7500 (mean, 1 tok)
2026-04-30 20:53:24,201 mme_vla_suite.pseudo_labeling.topreward_qwen_scorer INFO: Prefix 8/8 (end=53, n_frames=11/54): reward=-19.3750 (mean, 1 tok)
2026-04-30 20:53:32,341 mme_vla_suite.pseudo_labeling.topreward_qwen_scorer INFO: Prefix 1/8 (end=8, n_frames=4/9): reward=-21.3750 (mean, 1 tok)
2026-04-30 20:53:39,199 mme_vla_suite.pseudo_labeling.topreward_qwen_scorer INFO: Prefix 2/8 (end=19, n_frames=4/20): reward=-21.0000 (mean, 1 tok)
2026-04-30 20:53:46,068 mme_vla_suite.pseudo_labeling.topreward_qwen_scorer INFO: Prefix 3/8 (end=30, n_frames=6/31): reward=-20.6250 (mean, 1 tok)
2026-04-30 20:53:52,943 mme_vla_suite.pseudo_labeling.topreward_qwen_scorer INFO: Prefix 4/8 (end=41, n_frames=8/42): reward=-19.5000 (mean, 1 tok)
2026-04-30 20:53:59,843 mme_vla_suite.pseudo_labeling.topreward_qwen_scorer INFO: Prefix 5/8 (end=53, n_frames=11/54): reward=-19.3750 (mean, 1 tok)
2026-04-30 20:54:06,737 mme_vla_suite.pseudo_labeling.topreward_qwen_scorer INFO: Prefix 6/8 (end=64, n_frames=13/65): reward=-19.5000 (mean, 1 tok)
2026-04-30 20:54:13,668 mme_vla_suite.pseudo_labeling.topreward_qwen_scorer INFO: Prefix 7/8 (end=75, n_frames=15/76): reward=-18.6250 (mean, 1 tok)
2026-04-30 20:54:20,547 mme_vla_suite.pseudo_labeling.topreward_qwen_scorer INFO: Prefix 8/8 (end=87, n_frames=18/88): reward=-19.3750 (mean, 1 tok)
2026-04-30 20:54:28,508 mme_vla_suite.pseudo_labeling.topreward_qwen_scorer INFO: Prefix 1/8 (end=10, n_frames=4/11): reward=-19.6250 (mean, 1 tok)
2026-04-30 20:54:35,376 mme_vla_suite.pseudo_labeling.topreward_qwen_scorer INFO: Prefix 2/8 (end=24, n_frames=5/25): reward=-20.5000 (mean, 1 tok)
2026-04-30 20:54:42,246 mme_vla_suite.pseudo_labeling.topreward_qwen_scorer INFO: Prefix 3/8 (end=38, n_frames=8/39): reward=-16.1250 (mean, 1 tok)
2026-04-30 20:54:49,147 mme_vla_suite.pseudo_labeling.topreward_qwen_scorer INFO: Prefix 4/8 (end=52, n_frames=11/53): reward=-16.0000 (mean, 1 tok)
2026-04-30 20:54:56,065 mme_vla_suite.pseudo_labeling.topreward_qwen_scorer INFO: Prefix 5/8 (end=66, n_frames=13/67): reward=-16.0000 (mean, 1 tok)
2026-04-30 20:55:02,999 mme_vla_suite.pseudo_labeling.topreward_qwen_scorer INFO: Prefix 6/8 (end=80, n_frames=16/81): reward=-15.8750 (mean, 1 tok)
2026-04-30 20:55:09,941 mme_vla_suite.pseudo_labeling.topreward_qwen_scorer INFO: Prefix 7/8 (end=94, n_frames=19/95): reward=-15.5000 (mean, 1 tok)
2026-04-30 20:55:16,911 mme_vla_suite.pseudo_labeling.topreward_qwen_scorer INFO: Prefix 8/8 (end=108, n_frames=22/109): reward=-14.2500 (mean, 1 tok)
2026-04-30 20:55:24,532 mme_vla_suite.pseudo_labeling.topreward_qwen_scorer INFO: Prefix 1/8 (end=4, n_frames=4/5): reward=-21.1250 (mean, 1 tok)
2026-04-30 20:55:31,396 mme_vla_suite.pseudo_labeling.topreward_qwen_scorer INFO: Prefix 2/8 (end=6, n_frames=4/7): reward=-20.8750 (mean, 1 tok)
2026-04-30 20:55:38,248 mme_vla_suite.pseudo_labeling.topreward_qwen_scorer INFO: Prefix 3/8 (end=8, n_frames=4/9): reward=-21.0000 (mean, 1 tok)
2026-04-30 20:55:45,114 mme_vla_suite.pseudo_labeling.topreward_qwen_scorer INFO: Prefix 4/8 (end=11, n_frames=4/12): reward=-21.1250 (mean, 1 tok)
2026-04-30 20:55:51,977 mme_vla_suite.pseudo_labeling.topreward_qwen_scorer INFO: Prefix 5/8 (end=13, n_frames=4/14): reward=-20.5000 (mean, 1 tok)
2026-04-30 20:55:58,849 mme_vla_suite.pseudo_labeling.topreward_qwen_scorer INFO: Prefix 6/8 (end=16, n_frames=4/17): reward=-20.1250 (mean, 1 tok)
2026-04-30 20:56:05,714 mme_vla_suite.pseudo_labeling.topreward_qwen_scorer INFO: Prefix 7/8 (end=18, n_frames=4/19): reward=-21.5000 (mean, 1 tok)
2026-04-30 20:56:12,595 mme_vla_suite.pseudo_labeling.topreward_qwen_scorer INFO: Prefix 8/8 (end=21, n_frames=4/22): reward=-21.0000 (mean, 1 tok)
2026-04-30 20:56:20,496 mme_vla_suite.pseudo_labeling.topreward_qwen_scorer INFO: Prefix 1/8 (end=4, n_frames=4/5): reward=-20.0000 (mean, 1 tok)
2026-04-30 20:56:27,373 mme_vla_suite.pseudo_labeling.topreward_qwen_scorer INFO: Prefix 2/8 (end=9, n_frames=4/10): reward=-18.3750 (mean, 1 tok)
2026-04-30 20:56:34,240 mme_vla_suite.pseudo_labeling.topreward_qwen_scorer INFO: Prefix 3/8 (end=14, n_frames=4/15): reward=-18.6250 (mean, 1 tok)
2026-04-30 20:56:41,100 mme_vla_suite.pseudo_labeling.topreward_qwen_scorer INFO: Prefix 4/8 (end=19, n_frames=4/20): reward=-18.2500 (mean, 1 tok)
2026-04-30 20:56:47,979 mme_vla_suite.pseudo_labeling.topreward_qwen_scorer INFO: Prefix 5/8 (end=24, n_frames=5/25): reward=-18.2500 (mean, 1 tok)
2026-04-30 20:56:54,859 mme_vla_suite.pseudo_labeling.topreward_qwen_scorer INFO: Prefix 6/8 (end=29, n_frames=6/30): reward=-17.1250 (mean, 1 tok)
2026-04-30 20:57:01,742 mme_vla_suite.pseudo_labeling.topreward_qwen_scorer INFO: Prefix 7/8 (end=34, n_frames=7/35): reward=-18.5000 (mean, 1 tok)
2026-04-30 20:57:08,624 mme_vla_suite.pseudo_labeling.topreward_qwen_scorer INFO: Prefix 8/8 (end=40, n_frames=8/41): reward=-18.8750 (mean, 1 tok)
2026-04-30 20:57:16,574 mme_vla_suite.pseudo_labeling.topreward_qwen_scorer INFO: Prefix 1/8 (end=4, n_frames=4/5): reward=-20.5000 (mean, 1 tok)
2026-04-30 20:57:23,440 mme_vla_suite.pseudo_labeling.topreward_qwen_scorer INFO: Prefix 2/8 (end=9, n_frames=4/10): reward=-20.2500 (mean, 1 tok)
2026-04-30 20:57:30,299 mme_vla_suite.pseudo_labeling.topreward_qwen_scorer INFO: Prefix 3/8 (end=14, n_frames=4/15): reward=-20.1250 (mean, 1 tok)
2026-04-30 20:57:37,170 mme_vla_suite.pseudo_labeling.topreward_qwen_scorer INFO: Prefix 4/8 (end=19, n_frames=4/20): reward=-18.7500 (mean, 1 tok)
2026-04-30 20:57:44,047 mme_vla_suite.pseudo_labeling.topreward_qwen_scorer INFO: Prefix 5/8 (end=25, n_frames=5/26): reward=-18.7500 (mean, 1 tok)
2026-04-30 20:57:50,920 mme_vla_suite.pseudo_labeling.topreward_qwen_scorer INFO: Prefix 6/8 (end=30, n_frames=6/31): reward=-18.8750 (mean, 1 tok)
2026-04-30 20:57:57,805 mme_vla_suite.pseudo_labeling.topreward_qwen_scorer INFO: Prefix 7/8 (end=35, n_frames=7/36): reward=-18.5000 (mean, 1 tok)
2026-04-30 20:58:04,694 mme_vla_suite.pseudo_labeling.topreward_qwen_scorer INFO: Prefix 8/8 (end=41, n_frames=8/42): reward=-18.5000 (mean, 1 tok)
2026-04-30 20:58:12,518 mme_vla_suite.pseudo_labeling.topreward_qwen_scorer INFO: Prefix 1/8 (end=4, n_frames=4/5): reward=-20.3750 (mean, 1 tok)
2026-04-30 20:58:19,362 mme_vla_suite.pseudo_labeling.topreward_qwen_scorer INFO: Prefix 2/8 (end=9, n_frames=4/10): reward=-19.3750 (mean, 1 tok)
2026-04-30 20:58:26,218 mme_vla_suite.pseudo_labeling.topreward_qwen_scorer INFO: Prefix 3/8 (end=14, n_frames=4/15): reward=-18.8750 (mean, 1 tok)
2026-04-30 20:58:33,099 mme_vla_suite.pseudo_labeling.topreward_qwen_scorer INFO: Prefix 4/8 (end=19, n_frames=4/20): reward=-18.6250 (mean, 1 tok)
2026-04-30 20:58:39,972 mme_vla_suite.pseudo_labeling.topreward_qwen_scorer INFO: Prefix 5/8 (end=25, n_frames=5/26): reward=-19.0000 (mean, 1 tok)
2026-04-30 20:58:46,856 mme_vla_suite.pseudo_labeling.topreward_qwen_scorer INFO: Prefix 6/8 (end=30, n_frames=6/31): reward=-18.5000 (mean, 1 tok)
2026-04-30 20:58:53,743 mme_vla_suite.pseudo_labeling.topreward_qwen_scorer INFO: Prefix 7/8 (end=35, n_frames=7/36): reward=-18.3750 (mean, 1 tok)
2026-04-30 20:59:00,608 mme_vla_suite.pseudo_labeling.topreward_qwen_scorer INFO: Prefix 8/8 (end=41, n_frames=8/42): reward=-19.3750 (mean, 1 tok)
2026-04-30 20:59:08,544 mme_vla_suite.pseudo_labeling.topreward_qwen_scorer INFO: Prefix 1/8 (end=4, n_frames=4/5): reward=-21.0000 (mean, 1 tok)
2026-04-30 20:59:15,413 mme_vla_suite.pseudo_labeling.topreward_qwen_scorer INFO: Prefix 2/8 (end=9, n_frames=4/10): reward=-20.7500 (mean, 1 tok)
2026-04-30 20:59:22,262 mme_vla_suite.pseudo_labeling.topreward_qwen_scorer INFO: Prefix 3/8 (end=14, n_frames=4/15): reward=-20.6250 (mean, 1 tok)
2026-04-30 20:59:29,116 mme_vla_suite.pseudo_labeling.topreward_qwen_scorer INFO: Prefix 4/8 (end=19, n_frames=4/20): reward=-19.3750 (mean, 1 tok)
2026-04-30 20:59:35,978 mme_vla_suite.pseudo_labeling.topreward_qwen_scorer INFO: Prefix 5/8 (end=25, n_frames=5/26): reward=-20.1250 (mean, 1 tok)
2026-04-30 20:59:42,853 mme_vla_suite.pseudo_labeling.topreward_qwen_scorer INFO: Prefix 6/8 (end=30, n_frames=6/31): reward=-19.7500 (mean, 1 tok)
2026-04-30 20:59:49,732 mme_vla_suite.pseudo_labeling.topreward_qwen_scorer INFO: Prefix 7/8 (end=35, n_frames=7/36): reward=-19.7500 (mean, 1 tok)
2026-04-30 20:59:56,600 mme_vla_suite.pseudo_labeling.topreward_qwen_scorer INFO: Prefix 8/8 (end=41, n_frames=8/42): reward=-19.5000 (mean, 1 tok)
2026-04-30 21:00:04,438 mme_vla_suite.pseudo_labeling.topreward_qwen_scorer INFO: Prefix 1/8 (end=4, n_frames=4/5): reward=-20.3750 (mean, 1 tok)
2026-04-30 21:00:11,326 mme_vla_suite.pseudo_labeling.topreward_qwen_scorer INFO: Prefix 2/8 (end=9, n_frames=4/10): reward=-19.7500 (mean, 1 tok)
2026-04-30 21:00:18,217 mme_vla_suite.pseudo_labeling.topreward_qwen_scorer INFO: Prefix 3/8 (end=14, n_frames=4/15): reward=-19.6250 (mean, 1 tok)
2026-04-30 21:00:25,116 mme_vla_suite.pseudo_labeling.topreward_qwen_scorer INFO: Prefix 4/8 (end=19, n_frames=4/20): reward=-19.7500 (mean, 1 tok)
2026-04-30 21:00:32,011 mme_vla_suite.pseudo_labeling.topreward_qwen_scorer INFO: Prefix 5/8 (end=25, n_frames=5/26): reward=-19.8750 (mean, 1 tok)
2026-04-30 21:00:38,888 mme_vla_suite.pseudo_labeling.topreward_qwen_scorer INFO: Prefix 6/8 (end=30, n_frames=6/31): reward=-19.1250 (mean, 1 tok)
2026-04-30 21:00:45,752 mme_vla_suite.pseudo_labeling.topreward_qwen_scorer INFO: Prefix 7/8 (end=35, n_frames=7/36): reward=-19.2500 (mean, 1 tok)
2026-04-30 21:00:52,632 mme_vla_suite.pseudo_labeling.topreward_qwen_scorer INFO: Prefix 8/8 (end=41, n_frames=8/42): reward=-19.5000 (mean, 1 tok)
2026-04-30 21:01:00,727 mme_vla_suite.pseudo_labeling.topreward_qwen_scorer INFO: Prefix 1/8 (end=4, n_frames=4/5): reward=-19.7500 (mean, 1 tok)
2026-04-30 21:01:07,571 mme_vla_suite.pseudo_labeling.topreward_qwen_scorer INFO: Prefix 2/8 (end=8, n_frames=4/9): reward=-20.3750 (mean, 1 tok)
2026-04-30 21:01:14,416 mme_vla_suite.pseudo_labeling.topreward_qwen_scorer INFO: Prefix 3/8 (end=12, n_frames=4/13): reward=-19.6250 (mean, 1 tok)
2026-04-30 21:01:21,271 mme_vla_suite.pseudo_labeling.topreward_qwen_scorer INFO: Prefix 4/8 (end=17, n_frames=4/18): reward=-19.6250 (mean, 1 tok)
2026-04-30 21:01:28,104 mme_vla_suite.pseudo_labeling.topreward_qwen_scorer INFO: Prefix 5/8 (end=21, n_frames=4/22): reward=-20.2500 (mean, 1 tok)
2026-04-30 21:01:34,948 mme_vla_suite.pseudo_labeling.topreward_qwen_scorer INFO: Prefix 6/8 (end=26, n_frames=5/27): reward=-19.8750 (mean, 1 tok)
2026-04-30 21:01:41,790 mme_vla_suite.pseudo_labeling.topreward_qwen_scorer INFO: Prefix 7/8 (end=30, n_frames=6/31): reward=-19.8750 (mean, 1 tok)
2026-04-30 21:01:48,660 mme_vla_suite.pseudo_labeling.topreward_qwen_scorer INFO: Prefix 8/8 (end=35, n_frames=7/36): reward=-17.7500 (mean, 1 tok)
2026-04-30 21:01:56,458 mme_vla_suite.pseudo_labeling.topreward_qwen_scorer INFO: Prefix 1/8 (end=5, n_frames=4/6): reward=-20.3750 (mean, 1 tok)
2026-04-30 21:02:03,330 mme_vla_suite.pseudo_labeling.topreward_qwen_scorer INFO: Prefix 2/8 (end=12, n_frames=4/13): reward=-20.3750 (mean, 1 tok)
2026-04-30 21:02:10,178 mme_vla_suite.pseudo_labeling.topreward_qwen_scorer INFO: Prefix 3/8 (end=19, n_frames=4/20): reward=-20.5000 (mean, 1 tok)
2026-04-30 21:02:17,046 mme_vla_suite.pseudo_labeling.topreward_qwen_scorer INFO: Prefix 4/8 (end=26, n_frames=5/27): reward=-19.3750 (mean, 1 tok)
2026-04-30 21:02:23,925 mme_vla_suite.pseudo_labeling.topreward_qwen_scorer INFO: Prefix 5/8 (end=33, n_frames=7/34): reward=-19.7500 (mean, 1 tok)
2026-04-30 21:02:30,799 mme_vla_suite.pseudo_labeling.topreward_qwen_scorer INFO: Prefix 6/8 (end=40, n_frames=8/41): reward=-19.6250 (mean, 1 tok)
2026-04-30 21:02:37,688 mme_vla_suite.pseudo_labeling.topreward_qwen_scorer INFO: Prefix 7/8 (end=47, n_frames=10/48): reward=-19.2500 (mean, 1 tok)
2026-04-30 21:02:44,595 mme_vla_suite.pseudo_labeling.topreward_qwen_scorer INFO: Prefix 8/8 (end=55, n_frames=11/56): reward=-18.2500 (mean, 1 tok)
2026-04-30 21:02:52,337 mme_vla_suite.pseudo_labeling.topreward_qwen_scorer INFO: Prefix 1/8 (end=9, n_frames=4/10): reward=-20.5000 (mean, 1 tok)
2026-04-30 21:02:59,195 mme_vla_suite.pseudo_labeling.topreward_qwen_scorer INFO: Prefix 2/8 (end=20, n_frames=4/21): reward=-19.6250 (mean, 1 tok)
2026-04-30 21:03:06,077 mme_vla_suite.pseudo_labeling.topreward_qwen_scorer INFO: Prefix 3/8 (end=32, n_frames=7/33): reward=-19.5000 (mean, 1 tok)
2026-04-30 21:03:12,950 mme_vla_suite.pseudo_labeling.topreward_qwen_scorer INFO: Prefix 4/8 (end=43, n_frames=9/44): reward=-19.3750 (mean, 1 tok)
2026-04-30 21:03:19,816 mme_vla_suite.pseudo_labeling.topreward_qwen_scorer INFO: Prefix 5/8 (end=55, n_frames=11/56): reward=-18.2500 (mean, 1 tok)
2026-04-30 21:03:26,700 mme_vla_suite.pseudo_labeling.topreward_qwen_scorer INFO: Prefix 6/8 (end=66, n_frames=13/67): reward=-19.0000 (mean, 1 tok)
2026-04-30 21:03:33,592 mme_vla_suite.pseudo_labeling.topreward_qwen_scorer INFO: Prefix 7/8 (end=78, n_frames=16/79): reward=-18.5000 (mean, 1 tok)
2026-04-30 21:03:40,490 mme_vla_suite.pseudo_labeling.topreward_qwen_scorer INFO: Prefix 8/8 (end=90, n_frames=18/91): reward=-19.3750 (mean, 1 tok)
2026-04-30 21:03:48,620 mme_vla_suite.pseudo_labeling.topreward_qwen_scorer INFO: Prefix 1/8 (end=13, n_frames=4/14): reward=-20.2500 (mean, 1 tok)
2026-04-30 21:03:55,470 mme_vla_suite.pseudo_labeling.topreward_qwen_scorer INFO: Prefix 2/8 (end=30, n_frames=6/31): reward=-20.7500 (mean, 1 tok)
2026-04-30 21:04:02,352 mme_vla_suite.pseudo_labeling.topreward_qwen_scorer INFO: Prefix 3/8 (end=48, n_frames=10/49): reward=-18.7500 (mean, 1 tok)
2026-04-30 21:04:09,236 mme_vla_suite.pseudo_labeling.topreward_qwen_scorer INFO: Prefix 4/8 (end=65, n_frames=13/66): reward=-17.3750 (mean, 1 tok)
2026-04-30 21:04:16,113 mme_vla_suite.pseudo_labeling.topreward_qwen_scorer INFO: Prefix 5/8 (end=83, n_frames=17/84): reward=-15.8750 (mean, 1 tok)
2026-04-30 21:04:23,093 mme_vla_suite.pseudo_labeling.topreward_qwen_scorer INFO: Prefix 6/8 (end=100, n_frames=20/101): reward=-15.1250 (mean, 1 tok)
2026-04-30 21:04:30,041 mme_vla_suite.pseudo_labeling.topreward_qwen_scorer INFO: Prefix 7/8 (end=118, n_frames=24/119): reward=-15.0000 (mean, 1 tok)
2026-04-30 21:04:37,062 mme_vla_suite.pseudo_labeling.topreward_qwen_scorer INFO: Prefix 8/8 (end=136, n_frames=27/137): reward=-15.0000 (mean, 1 tok)
2026-04-30 21:04:44,892 mme_vla_suite.pseudo_labeling.topreward_qwen_scorer INFO: Prefix 1/8 (end=4, n_frames=4/5): reward=-20.7500 (mean, 1 tok)
2026-04-30 21:04:51,731 mme_vla_suite.pseudo_labeling.topreward_qwen_scorer INFO: Prefix 2/8 (end=9, n_frames=4/10): reward=-19.3750 (mean, 1 tok)
2026-04-30 21:04:58,559 mme_vla_suite.pseudo_labeling.topreward_qwen_scorer INFO: Prefix 3/8 (end=15, n_frames=4/16): reward=-19.0000 (mean, 1 tok)
2026-04-30 21:05:05,399 mme_vla_suite.pseudo_labeling.topreward_qwen_scorer INFO: Prefix 4/8 (end=21, n_frames=4/22): reward=-19.5000 (mean, 1 tok)
2026-04-30 21:05:12,247 mme_vla_suite.pseudo_labeling.topreward_qwen_scorer INFO: Prefix 5/8 (end=26, n_frames=5/27): reward=-17.7500 (mean, 1 tok)
2026-04-30 21:05:19,103 mme_vla_suite.pseudo_labeling.topreward_qwen_scorer INFO: Prefix 6/8 (end=32, n_frames=7/33): reward=-18.1250 (mean, 1 tok)
2026-04-30 21:05:25,961 mme_vla_suite.pseudo_labeling.topreward_qwen_scorer INFO: Prefix 7/8 (end=38, n_frames=8/39): reward=-18.2500 (mean, 1 tok)
2026-04-30 21:05:32,826 mme_vla_suite.pseudo_labeling.topreward_qwen_scorer INFO: Prefix 8/8 (end=44, n_frames=9/45): reward=-18.6250 (mean, 1 tok)
2026-04-30 21:05:40,676 mme_vla_suite.pseudo_labeling.topreward_qwen_scorer INFO: Prefix 1/8 (end=4, n_frames=4/5): reward=-19.5000 (mean, 1 tok)
2026-04-30 21:05:47,522 mme_vla_suite.pseudo_labeling.topreward_qwen_scorer INFO: Prefix 2/8 (end=10, n_frames=4/11): reward=-18.8750 (mean, 1 tok)
2026-04-30 21:05:54,376 mme_vla_suite.pseudo_labeling.topreward_qwen_scorer INFO: Prefix 3/8 (end=16, n_frames=4/17): reward=-17.7500 (mean, 1 tok)
2026-04-30 21:06:01,239 mme_vla_suite.pseudo_labeling.topreward_qwen_scorer INFO: Prefix 4/8 (end=22, n_frames=5/23): reward=-16.7500 (mean, 1 tok)
2026-04-30 21:06:08,097 mme_vla_suite.pseudo_labeling.topreward_qwen_scorer INFO: Prefix 5/8 (end=28, n_frames=6/29): reward=-17.3750 (mean, 1 tok)
2026-04-30 21:06:14,951 mme_vla_suite.pseudo_labeling.topreward_qwen_scorer INFO: Prefix 6/8 (end=34, n_frames=7/35): reward=-17.5000 (mean, 1 tok)
2026-04-30 21:06:21,820 mme_vla_suite.pseudo_labeling.topreward_qwen_scorer INFO: Prefix 7/8 (end=40, n_frames=8/41): reward=-17.7500 (mean, 1 tok)
2026-04-30 21:06:28,699 mme_vla_suite.pseudo_labeling.topreward_qwen_scorer INFO: Prefix 8/8 (end=46, n_frames=9/47): reward=-19.1250 (mean, 1 tok)
2026-04-30 21:06:36,513 mme_vla_suite.pseudo_labeling.topreward_qwen_scorer INFO: Prefix 1/8 (end=4, n_frames=4/5): reward=-20.3750 (mean, 1 tok)
2026-04-30 21:06:43,368 mme_vla_suite.pseudo_labeling.topreward_qwen_scorer INFO: Prefix 2/8 (end=9, n_frames=4/10): reward=-19.8750 (mean, 1 tok)
2026-04-30 21:06:50,218 mme_vla_suite.pseudo_labeling.topreward_qwen_scorer INFO: Prefix 3/8 (end=14, n_frames=4/15): reward=-19.3750 (mean, 1 tok)
2026-04-30 21:06:57,072 mme_vla_suite.pseudo_labeling.topreward_qwen_scorer INFO: Prefix 4/8 (end=19, n_frames=4/20): reward=-19.0000 (mean, 1 tok)
2026-04-30 21:07:03,931 mme_vla_suite.pseudo_labeling.topreward_qwen_scorer INFO: Prefix 5/8 (end=25, n_frames=5/26): reward=-19.0000 (mean, 1 tok)
2026-04-30 21:07:10,787 mme_vla_suite.pseudo_labeling.topreward_qwen_scorer INFO: Prefix 6/8 (end=30, n_frames=6/31): reward=-18.2500 (mean, 1 tok)
2026-04-30 21:07:17,660 mme_vla_suite.pseudo_labeling.topreward_qwen_scorer INFO: Prefix 7/8 (end=35, n_frames=7/36): reward=-18.7500 (mean, 1 tok)
2026-04-30 21:07:24,551 mme_vla_suite.pseudo_labeling.topreward_qwen_scorer INFO: Prefix 8/8 (end=41, n_frames=8/42): reward=-18.5000 (mean, 1 tok)
2026-04-30 21:07:32,369 mme_vla_suite.pseudo_labeling.topreward_qwen_scorer INFO: Prefix 1/8 (end=4, n_frames=4/5): reward=-20.1250 (mean, 1 tok)
2026-04-30 21:07:39,229 mme_vla_suite.pseudo_labeling.topreward_qwen_scorer INFO: Prefix 2/8 (end=9, n_frames=4/10): reward=-20.0000 (mean, 1 tok)
2026-04-30 21:07:46,081 mme_vla_suite.pseudo_labeling.topreward_qwen_scorer INFO: Prefix 3/8 (end=14, n_frames=4/15): reward=-19.6250 (mean, 1 tok)
2026-04-30 21:07:52,944 mme_vla_suite.pseudo_labeling.topreward_qwen_scorer INFO: Prefix 4/8 (end=19, n_frames=4/20): reward=-18.8750 (mean, 1 tok)
2026-04-30 21:07:59,800 mme_vla_suite.pseudo_labeling.topreward_qwen_scorer INFO: Prefix 5/8 (end=25, n_frames=5/26): reward=-18.6250 (mean, 1 tok)
2026-04-30 21:08:06,662 mme_vla_suite.pseudo_labeling.topreward_qwen_scorer INFO: Prefix 6/8 (end=30, n_frames=6/31): reward=-18.1250 (mean, 1 tok)
2026-04-30 21:08:13,532 mme_vla_suite.pseudo_labeling.topreward_qwen_scorer INFO: Prefix 7/8 (end=35, n_frames=7/36): reward=-19.0000 (mean, 1 tok)
2026-04-30 21:08:20,417 mme_vla_suite.pseudo_labeling.topreward_qwen_scorer INFO: Prefix 8/8 (end=41, n_frames=8/42): reward=-19.2500 (mean, 1 tok)
2026-04-30 21:08:28,190 mme_vla_suite.pseudo_labeling.topreward_qwen_scorer INFO: Prefix 1/8 (end=4, n_frames=4/5): reward=-18.6250 (mean, 1 tok)
2026-04-30 21:08:35,049 mme_vla_suite.pseudo_labeling.topreward_qwen_scorer INFO: Prefix 2/8 (end=9, n_frames=4/10): reward=-17.8750 (mean, 1 tok)
2026-04-30 21:08:41,931 mme_vla_suite.pseudo_labeling.topreward_qwen_scorer INFO: Prefix 3/8 (end=14, n_frames=4/15): reward=-17.8750 (mean, 1 tok)
2026-04-30 21:08:48,820 mme_vla_suite.pseudo_labeling.topreward_qwen_scorer INFO: Prefix 4/8 (end=20, n_frames=4/21): reward=-17.7500 (mean, 1 tok)
2026-04-30 21:08:55,722 mme_vla_suite.pseudo_labeling.topreward_qwen_scorer INFO: Prefix 5/8 (end=25, n_frames=5/26): reward=-17.3750 (mean, 1 tok)
2026-04-30 21:09:02,602 mme_vla_suite.pseudo_labeling.topreward_qwen_scorer INFO: Prefix 6/8 (end=31, n_frames=6/32): reward=-17.1250 (mean, 1 tok)
2026-04-30 21:09:09,475 mme_vla_suite.pseudo_labeling.topreward_qwen_scorer INFO: Prefix 7/8 (end=36, n_frames=7/37): reward=-16.2500 (mean, 1 tok)
2026-04-30 21:09:16,385 mme_vla_suite.pseudo_labeling.topreward_qwen_scorer INFO: Prefix 8/8 (end=42, n_frames=9/43): reward=-15.8750 (mean, 1 tok)
2026-04-30 21:09:24,286 mme_vla_suite.pseudo_labeling.topreward_qwen_scorer INFO: Prefix 1/8 (end=7, n_frames=4/8): reward=-22.3750 (mean, 1 tok)
2026-04-30 21:09:31,150 mme_vla_suite.pseudo_labeling.topreward_qwen_scorer INFO: Prefix 2/8 (end=17, n_frames=4/18): reward=-21.1250 (mean, 1 tok)
2026-04-30 21:09:38,029 mme_vla_suite.pseudo_labeling.topreward_qwen_scorer INFO: Prefix 3/8 (end=27, n_frames=6/28): reward=-21.2500 (mean, 1 tok)
2026-04-30 21:09:44,898 mme_vla_suite.pseudo_labeling.topreward_qwen_scorer INFO: Prefix 4/8 (end=37, n_frames=8/38): reward=-20.5000 (mean, 1 tok)
2026-04-30 21:09:51,817 mme_vla_suite.pseudo_labeling.topreward_qwen_scorer INFO: Prefix 5/8 (end=47, n_frames=10/48): reward=-21.1250 (mean, 1 tok)
2026-04-30 21:09:58,749 mme_vla_suite.pseudo_labeling.topreward_qwen_scorer INFO: Prefix 6/8 (end=57, n_frames=12/58): reward=-21.5000 (mean, 1 tok)
2026-04-30 21:10:05,662 mme_vla_suite.pseudo_labeling.topreward_qwen_scorer INFO: Prefix 7/8 (end=67, n_frames=14/68): reward=-19.6250 (mean, 1 tok)
2026-04-30 21:10:12,592 mme_vla_suite.pseudo_labeling.topreward_qwen_scorer INFO: Prefix 8/8 (end=78, n_frames=16/79): reward=-18.3750 (mean, 1 tok)
2026-04-30 21:10:20,380 mme_vla_suite.pseudo_labeling.topreward_qwen_scorer INFO: Prefix 1/8 (end=11, n_frames=4/12): reward=-21.7500 (mean, 1 tok)
2026-04-30 21:10:27,233 mme_vla_suite.pseudo_labeling.topreward_qwen_scorer INFO: Prefix 2/8 (end=25, n_frames=5/26): reward=-20.8750 (mean, 1 tok)
2026-04-30 21:10:34,088 mme_vla_suite.pseudo_labeling.topreward_qwen_scorer INFO: Prefix 3/8 (end=40, n_frames=8/41): reward=-20.7500 (mean, 1 tok)
2026-04-30 21:10:40,968 mme_vla_suite.pseudo_labeling.topreward_qwen_scorer INFO: Prefix 4/8 (end=55, n_frames=11/56): reward=-21.0000 (mean, 1 tok)
2026-04-30 21:10:47,852 mme_vla_suite.pseudo_labeling.topreward_qwen_scorer INFO: Prefix 5/8 (end=69, n_frames=14/70): reward=-19.1250 (mean, 1 tok)
2026-04-30 21:10:54,760 mme_vla_suite.pseudo_labeling.topreward_qwen_scorer INFO: Prefix 6/8 (end=84, n_frames=17/85): reward=-18.0000 (mean, 1 tok)
2026-04-30 21:11:01,690 mme_vla_suite.pseudo_labeling.topreward_qwen_scorer INFO: Prefix 7/8 (end=99, n_frames=20/100): reward=-18.7500 (mean, 1 tok)
2026-04-30 21:11:08,651 mme_vla_suite.pseudo_labeling.topreward_qwen_scorer INFO: Prefix 8/8 (end=114, n_frames=23/115): reward=-18.3750 (mean, 1 tok)
2026-04-30 21:11:16,501 mme_vla_suite.pseudo_labeling.topreward_qwen_scorer INFO: Prefix 1/8 (end=11, n_frames=4/12): reward=-18.8750 (mean, 1 tok)
2026-04-30 21:11:23,355 mme_vla_suite.pseudo_labeling.topreward_qwen_scorer INFO: Prefix 2/8 (end=25, n_frames=5/26): reward=-19.8750 (mean, 1 tok)
2026-04-30 21:11:30,218 mme_vla_suite.pseudo_labeling.topreward_qwen_scorer INFO: Prefix 3/8 (end=40, n_frames=8/41): reward=-14.5000 (mean, 1 tok)
2026-04-30 21:11:37,094 mme_vla_suite.pseudo_labeling.topreward_qwen_scorer INFO: Prefix 4/8 (end=55, n_frames=11/56): reward=-15.3750 (mean, 1 tok)
2026-04-30 21:11:43,989 mme_vla_suite.pseudo_labeling.topreward_qwen_scorer INFO: Prefix 5/8 (end=70, n_frames=14/71): reward=-15.2500 (mean, 1 tok)
2026-04-30 21:11:50,909 mme_vla_suite.pseudo_labeling.topreward_qwen_scorer INFO: Prefix 6/8 (end=85, n_frames=17/86): reward=-15.2500 (mean, 1 tok)
2026-04-30 21:11:57,846 mme_vla_suite.pseudo_labeling.topreward_qwen_scorer INFO: Prefix 7/8 (end=100, n_frames=20/101): reward=-14.0000 (mean, 1 tok)
2026-04-30 21:12:04,805 mme_vla_suite.pseudo_labeling.topreward_qwen_scorer INFO: Prefix 8/8 (end=115, n_frames=23/116): reward=-14.2500 (mean, 1 tok)
2026-04-30 21:12:12,757 mme_vla_suite.pseudo_labeling.topreward_qwen_scorer INFO: Prefix 1/8 (end=4, n_frames=4/5): reward=-19.1250 (mean, 1 tok)
2026-04-30 21:12:19,616 mme_vla_suite.pseudo_labeling.topreward_qwen_scorer INFO: Prefix 2/8 (end=7, n_frames=4/8): reward=-19.1250 (mean, 1 tok)
2026-04-30 21:12:26,463 mme_vla_suite.pseudo_labeling.topreward_qwen_scorer INFO: Prefix 3/8 (end=11, n_frames=4/12): reward=-19.0000 (mean, 1 tok)
2026-04-30 21:12:33,322 mme_vla_suite.pseudo_labeling.topreward_qwen_scorer INFO: Prefix 4/8 (end=15, n_frames=4/16): reward=-18.2500 (mean, 1 tok)
2026-04-30 21:12:40,190 mme_vla_suite.pseudo_labeling.topreward_qwen_scorer INFO: Prefix 5/8 (end=19, n_frames=4/20): reward=-17.8750 (mean, 1 tok)
2026-04-30 21:12:47,074 mme_vla_suite.pseudo_labeling.topreward_qwen_scorer INFO: Prefix 6/8 (end=23, n_frames=5/24): reward=-18.0000 (mean, 1 tok)
2026-04-30 21:12:53,937 mme_vla_suite.pseudo_labeling.topreward_qwen_scorer INFO: Prefix 7/8 (end=27, n_frames=6/28): reward=-19.1250 (mean, 1 tok)
2026-04-30 21:13:00,809 mme_vla_suite.pseudo_labeling.topreward_qwen_scorer INFO: Prefix 8/8 (end=31, n_frames=6/32): reward=-18.3750 (mean, 1 tok)
2026-04-30 21:13:08,595 mme_vla_suite.pseudo_labeling.topreward_qwen_scorer INFO: Prefix 1/8 (end=4, n_frames=4/5): reward=-19.6250 (mean, 1 tok)
2026-04-30 21:13:15,456 mme_vla_suite.pseudo_labeling.topreward_qwen_scorer INFO: Prefix 2/8 (end=10, n_frames=4/11): reward=-18.7500 (mean, 1 tok)
2026-04-30 21:13:22,326 mme_vla_suite.pseudo_labeling.topreward_qwen_scorer INFO: Prefix 3/8 (end=16, n_frames=4/17): reward=-17.1250 (mean, 1 tok)
2026-04-30 21:13:29,214 mme_vla_suite.pseudo_labeling.topreward_qwen_scorer INFO: Prefix 4/8 (end=22, n_frames=5/23): reward=-18.0000 (mean, 1 tok)
2026-04-30 21:13:36,093 mme_vla_suite.pseudo_labeling.topreward_qwen_scorer INFO: Prefix 5/8 (end=28, n_frames=6/29): reward=-17.2500 (mean, 1 tok)
2026-04-30 21:13:42,970 mme_vla_suite.pseudo_labeling.topreward_qwen_scorer INFO: Prefix 6/8 (end=34, n_frames=7/35): reward=-18.1250 (mean, 1 tok)
2026-04-30 21:13:49,847 mme_vla_suite.pseudo_labeling.topreward_qwen_scorer INFO: Prefix 7/8 (end=40, n_frames=8/41): reward=-18.5000 (mean, 1 tok)
2026-04-30 21:13:56,723 mme_vla_suite.pseudo_labeling.topreward_qwen_scorer INFO: Prefix 8/8 (end=46, n_frames=9/47): reward=-20.7500 (mean, 1 tok)
2026-04-30 21:14:04,703 mme_vla_suite.pseudo_labeling.topreward_qwen_scorer INFO: Prefix 1/8 (end=4, n_frames=4/5): reward=-20.2500 (mean, 1 tok)
2026-04-30 21:14:11,561 mme_vla_suite.pseudo_labeling.topreward_qwen_scorer INFO: Prefix 2/8 (end=9, n_frames=4/10): reward=-19.6250 (mean, 1 tok)
2026-04-30 21:14:18,417 mme_vla_suite.pseudo_labeling.topreward_qwen_scorer INFO: Prefix 3/8 (end=15, n_frames=4/16): reward=-19.0000 (mean, 1 tok)
2026-04-30 21:14:25,281 mme_vla_suite.pseudo_labeling.topreward_qwen_scorer INFO: Prefix 4/8 (end=21, n_frames=4/22): reward=-18.3750 (mean, 1 tok)
2026-04-30 21:14:32,144 mme_vla_suite.pseudo_labeling.topreward_qwen_scorer INFO: Prefix 5/8 (end=27, n_frames=6/28): reward=-19.0000 (mean, 1 tok)
2026-04-30 21:14:38,999 mme_vla_suite.pseudo_labeling.topreward_qwen_scorer INFO: Prefix 6/8 (end=33, n_frames=7/34): reward=-19.2500 (mean, 1 tok)
2026-04-30 21:14:45,866 mme_vla_suite.pseudo_labeling.topreward_qwen_scorer INFO: Prefix 7/8 (end=39, n_frames=8/40): reward=-19.0000 (mean, 1 tok)
2026-04-30 21:14:52,756 mme_vla_suite.pseudo_labeling.topreward_qwen_scorer INFO: Prefix 8/8 (end=45, n_frames=9/46): reward=-18.8750 (mean, 1 tok)
2026-04-30 21:15:00,587 mme_vla_suite.pseudo_labeling.topreward_qwen_scorer INFO: Prefix 1/8 (end=4, n_frames=4/5): reward=-20.0000 (mean, 1 tok)
2026-04-30 21:15:07,453 mme_vla_suite.pseudo_labeling.topreward_qwen_scorer INFO: Prefix 2/8 (end=9, n_frames=4/10): reward=-20.1250 (mean, 1 tok)
2026-04-30 21:15:14,303 mme_vla_suite.pseudo_labeling.topreward_qwen_scorer INFO: Prefix 3/8 (end=15, n_frames=4/16): reward=-18.5000 (mean, 1 tok)
2026-04-30 21:15:21,144 mme_vla_suite.pseudo_labeling.topreward_qwen_scorer INFO: Prefix 4/8 (end=21, n_frames=4/22): reward=-18.5000 (mean, 1 tok)
2026-04-30 21:15:28,006 mme_vla_suite.pseudo_labeling.topreward_qwen_scorer INFO: Prefix 5/8 (end=27, n_frames=6/28): reward=-19.0000 (mean, 1 tok)
2026-04-30 21:15:34,867 mme_vla_suite.pseudo_labeling.topreward_qwen_scorer INFO: Prefix 6/8 (end=33, n_frames=7/34): reward=-19.3750 (mean, 1 tok)
2026-04-30 21:15:41,727 mme_vla_suite.pseudo_labeling.topreward_qwen_scorer INFO: Prefix 7/8 (end=39, n_frames=8/40): reward=-18.8750 (mean, 1 tok)
2026-04-30 21:15:48,603 mme_vla_suite.pseudo_labeling.topreward_qwen_scorer INFO: Prefix 8/8 (end=45, n_frames=9/46): reward=-20.2500 (mean, 1 tok)
2026-04-30 21:15:56,470 mme_vla_suite.pseudo_labeling.topreward_qwen_scorer INFO: Prefix 1/8 (end=4, n_frames=4/5): reward=-20.7500 (mean, 1 tok)
2026-04-30 21:16:03,333 mme_vla_suite.pseudo_labeling.topreward_qwen_scorer INFO: Prefix 2/8 (end=9, n_frames=4/10): reward=-20.5000 (mean, 1 tok)
2026-04-30 21:16:10,200 mme_vla_suite.pseudo_labeling.topreward_qwen_scorer INFO: Prefix 3/8 (end=15, n_frames=4/16): reward=-19.5000 (mean, 1 tok)
2026-04-30 21:16:17,060 mme_vla_suite.pseudo_labeling.topreward_qwen_scorer INFO: Prefix 4/8 (end=21, n_frames=4/22): reward=-19.8750 (mean, 1 tok)
2026-04-30 21:16:23,937 mme_vla_suite.pseudo_labeling.topreward_qwen_scorer INFO: Prefix 5/8 (end=27, n_frames=6/28): reward=-19.0000 (mean, 1 tok)
2026-04-30 21:16:30,809 mme_vla_suite.pseudo_labeling.topreward_qwen_scorer INFO: Prefix 6/8 (end=33, n_frames=7/34): reward=-20.0000 (mean, 1 tok)
2026-04-30 21:16:37,675 mme_vla_suite.pseudo_labeling.topreward_qwen_scorer INFO: Prefix 7/8 (end=39, n_frames=8/40): reward=-19.8750 (mean, 1 tok)
2026-04-30 21:16:44,548 mme_vla_suite.pseudo_labeling.topreward_qwen_scorer INFO: Prefix 8/8 (end=45, n_frames=9/46): reward=-19.8750 (mean, 1 tok)
2026-04-30 21:16:52,713 mme_vla_suite.pseudo_labeling.topreward_qwen_scorer INFO: Prefix 1/8 (end=4, n_frames=4/5): reward=-20.2500 (mean, 1 tok)
2026-04-30 21:16:59,556 mme_vla_suite.pseudo_labeling.topreward_qwen_scorer INFO: Prefix 2/8 (end=9, n_frames=4/10): reward=-19.8750 (mean, 1 tok)
2026-04-30 21:17:06,425 mme_vla_suite.pseudo_labeling.topreward_qwen_scorer INFO: Prefix 3/8 (end=15, n_frames=4/16): reward=-19.3750 (mean, 1 tok)
2026-04-30 21:17:13,295 mme_vla_suite.pseudo_labeling.topreward_qwen_scorer INFO: Prefix 4/8 (end=21, n_frames=4/22): reward=-19.5000 (mean, 1 tok)
2026-04-30 21:17:20,159 mme_vla_suite.pseudo_labeling.topreward_qwen_scorer INFO: Prefix 5/8 (end=27, n_frames=6/28): reward=-19.5000 (mean, 1 tok)
2026-04-30 21:17:27,030 mme_vla_suite.pseudo_labeling.topreward_qwen_scorer INFO: Prefix 6/8 (end=33, n_frames=7/34): reward=-20.5000 (mean, 1 tok)
2026-04-30 21:17:33,889 mme_vla_suite.pseudo_labeling.topreward_qwen_scorer INFO: Prefix 7/8 (end=39, n_frames=8/40): reward=-20.2500 (mean, 1 tok)
2026-04-30 21:17:40,773 mme_vla_suite.pseudo_labeling.topreward_qwen_scorer INFO: Prefix 8/8 (end=45, n_frames=9/46): reward=-20.7500 (mean, 1 tok)
2026-04-30 21:17:48,550 mme_vla_suite.pseudo_labeling.topreward_qwen_scorer INFO: Prefix 1/8 (end=4, n_frames=4/5): reward=-18.8750 (mean, 1 tok)
2026-04-30 21:17:55,387 mme_vla_suite.pseudo_labeling.topreward_qwen_scorer INFO: Prefix 2/8 (end=8, n_frames=4/9): reward=-19.5000 (mean, 1 tok)
2026-04-30 21:18:02,223 mme_vla_suite.pseudo_labeling.topreward_qwen_scorer INFO: Prefix 3/8 (end=12, n_frames=4/13): reward=-18.8750 (mean, 1 tok)
2026-04-30 21:18:09,078 mme_vla_suite.pseudo_labeling.topreward_qwen_scorer INFO: Prefix 4/8 (end=17, n_frames=4/18): reward=-18.2500 (mean, 1 tok)
2026-04-30 21:18:15,919 mme_vla_suite.pseudo_labeling.topreward_qwen_scorer INFO: Prefix 5/8 (end=21, n_frames=4/22): reward=-17.8750 (mean, 1 tok)
2026-04-30 21:18:22,771 mme_vla_suite.pseudo_labeling.topreward_qwen_scorer INFO: Prefix 6/8 (end=26, n_frames=5/27): reward=-17.1250 (mean, 1 tok)
2026-04-30 21:18:29,633 mme_vla_suite.pseudo_labeling.topreward_qwen_scorer INFO: Prefix 7/8 (end=30, n_frames=6/31): reward=-17.5000 (mean, 1 tok)
2026-04-30 21:18:36,490 mme_vla_suite.pseudo_labeling.topreward_qwen_scorer INFO: Prefix 8/8 (end=35, n_frames=7/36): reward=-16.3750 (mean, 1 tok)
2026-04-30 21:18:44,217 mme_vla_suite.pseudo_labeling.topreward_qwen_scorer INFO: Prefix 1/8 (end=7, n_frames=4/8): reward=-21.0000 (mean, 1 tok)
2026-04-30 21:18:51,058 mme_vla_suite.pseudo_labeling.topreward_qwen_scorer INFO: Prefix 2/8 (end=16, n_frames=4/17): reward=-20.0000 (mean, 1 tok)
2026-04-30 21:18:57,918 mme_vla_suite.pseudo_labeling.topreward_qwen_scorer INFO: Prefix 3/8 (end=25, n_frames=5/26): reward=-19.3750 (mean, 1 tok)
2026-04-30 21:19:04,790 mme_vla_suite.pseudo_labeling.topreward_qwen_scorer INFO: Prefix 4/8 (end=34, n_frames=7/35): reward=-19.3750 (mean, 1 tok)
2026-04-30 21:19:11,658 mme_vla_suite.pseudo_labeling.topreward_qwen_scorer INFO: Prefix 5/8 (end=43, n_frames=9/44): reward=-19.0000 (mean, 1 tok)
2026-04-30 21:19:18,569 mme_vla_suite.pseudo_labeling.topreward_qwen_scorer INFO: Prefix 6/8 (end=52, n_frames=11/53): reward=-19.6250 (mean, 1 tok)
2026-04-30 21:19:25,441 mme_vla_suite.pseudo_labeling.topreward_qwen_scorer INFO: Prefix 7/8 (end=61, n_frames=12/62): reward=-20.3750 (mean, 1 tok)
2026-04-30 21:19:32,332 mme_vla_suite.pseudo_labeling.topreward_qwen_scorer INFO: Prefix 8/8 (end=71, n_frames=14/72): reward=-18.7500 (mean, 1 tok)
2026-04-30 21:19:40,189 mme_vla_suite.pseudo_labeling.topreward_qwen_scorer INFO: Prefix 1/8 (end=10, n_frames=4/11): reward=-20.7500 (mean, 1 tok)
2026-04-30 21:19:47,076 mme_vla_suite.pseudo_labeling.topreward_qwen_scorer INFO: Prefix 2/8 (end=24, n_frames=5/25): reward=-19.5000 (mean, 1 tok)
2026-04-30 21:19:53,940 mme_vla_suite.pseudo_labeling.topreward_qwen_scorer INFO: Prefix 3/8 (end=38, n_frames=8/39): reward=-19.0000 (mean, 1 tok)
2026-04-30 21:20:00,831 mme_vla_suite.pseudo_labeling.topreward_qwen_scorer INFO: Prefix 4/8 (end=52, n_frames=11/53): reward=-19.6250 (mean, 1 tok)
2026-04-30 21:20:07,711 mme_vla_suite.pseudo_labeling.topreward_qwen_scorer INFO: Prefix 5/8 (end=66, n_frames=13/67): reward=-18.8750 (mean, 1 tok)
2026-04-30 21:20:14,621 mme_vla_suite.pseudo_labeling.topreward_qwen_scorer INFO: Prefix 6/8 (end=80, n_frames=16/81): reward=-19.3750 (mean, 1 tok)
2026-04-30 21:20:21,587 mme_vla_suite.pseudo_labeling.topreward_qwen_scorer INFO: Prefix 7/8 (end=94, n_frames=19/95): reward=-18.3750 (mean, 1 tok)
2026-04-30 21:20:28,547 mme_vla_suite.pseudo_labeling.topreward_qwen_scorer INFO: Prefix 8/8 (end=108, n_frames=22/109): reward=-20.0000 (mean, 1 tok)
2026-04-30 21:20:36,596 mme_vla_suite.pseudo_labeling.topreward_qwen_scorer INFO: Prefix 1/8 (end=11, n_frames=4/12): reward=-19.2500 (mean, 1 tok)
2026-04-30 21:20:43,452 mme_vla_suite.pseudo_labeling.topreward_qwen_scorer INFO: Prefix 2/8 (end=25, n_frames=5/26): reward=-20.2500 (mean, 1 tok)
2026-04-30 21:20:50,332 mme_vla_suite.pseudo_labeling.topreward_qwen_scorer INFO: Prefix 3/8 (end=39, n_frames=8/40): reward=-17.5000 (mean, 1 tok)
2026-04-30 21:20:57,211 mme_vla_suite.pseudo_labeling.topreward_qwen_scorer INFO: Prefix 4/8 (end=53, n_frames=11/54): reward=-15.7500 (mean, 1 tok)
2026-04-30 21:21:04,104 mme_vla_suite.pseudo_labeling.topreward_qwen_scorer INFO: Prefix 5/8 (end=67, n_frames=14/68): reward=-16.3750 (mean, 1 tok)
2026-04-30 21:21:10,996 mme_vla_suite.pseudo_labeling.topreward_qwen_scorer INFO: Prefix 6/8 (end=81, n_frames=16/82): reward=-16.3750 (mean, 1 tok)
2026-04-30 21:21:17,921 mme_vla_suite.pseudo_labeling.topreward_qwen_scorer INFO: Prefix 7/8 (end=95, n_frames=19/96): reward=-15.7500 (mean, 1 tok)
2026-04-30 21:21:24,885 mme_vla_suite.pseudo_labeling.topreward_qwen_scorer INFO: Prefix 8/8 (end=110, n_frames=22/111): reward=-14.6250 (mean, 1 tok)
2026-04-30 21:21:32,682 mme_vla_suite.pseudo_labeling.topreward_qwen_scorer INFO: Prefix 1/8 (end=4, n_frames=4/5): reward=-20.8750 (mean, 1 tok)
2026-04-30 21:21:39,568 mme_vla_suite.pseudo_labeling.topreward_qwen_scorer INFO: Prefix 2/8 (end=6, n_frames=4/7): reward=-20.7500 (mean, 1 tok)
2026-04-30 21:21:46,434 mme_vla_suite.pseudo_labeling.topreward_qwen_scorer INFO: Prefix 3/8 (end=9, n_frames=4/10): reward=-23.0000 (mean, 1 tok)
2026-04-30 21:21:53,303 mme_vla_suite.pseudo_labeling.topreward_qwen_scorer INFO: Prefix 4/8 (end=12, n_frames=4/13): reward=-23.2500 (mean, 1 tok)
2026-04-30 21:22:00,184 mme_vla_suite.pseudo_labeling.topreward_qwen_scorer INFO: Prefix 5/8 (end=14, n_frames=4/15): reward=-24.1250 (mean, 1 tok)
2026-04-30 21:22:07,053 mme_vla_suite.pseudo_labeling.topreward_qwen_scorer INFO: Prefix 6/8 (end=17, n_frames=4/18): reward=-20.6250 (mean, 1 tok)
2026-04-30 21:22:13,920 mme_vla_suite.pseudo_labeling.topreward_qwen_scorer INFO: Prefix 7/8 (end=20, n_frames=4/21): reward=-21.0000 (mean, 1 tok)
2026-04-30 21:22:20,800 mme_vla_suite.pseudo_labeling.topreward_qwen_scorer INFO: Prefix 8/8 (end=23, n_frames=5/24): reward=-22.3750 (mean, 1 tok)
2026-04-30 21:22:28,630 mme_vla_suite.pseudo_labeling.topreward_qwen_scorer INFO: Prefix 1/8 (end=4, n_frames=4/5): reward=-19.6250 (mean, 1 tok)
2026-04-30 21:22:35,503 mme_vla_suite.pseudo_labeling.topreward_qwen_scorer INFO: Prefix 2/8 (end=9, n_frames=4/10): reward=-19.5000 (mean, 1 tok)
2026-04-30 21:22:42,383 mme_vla_suite.pseudo_labeling.topreward_qwen_scorer INFO: Prefix 3/8 (end=14, n_frames=4/15): reward=-19.1250 (mean, 1 tok)
2026-04-30 21:22:49,230 mme_vla_suite.pseudo_labeling.topreward_qwen_scorer INFO: Prefix 4/8 (end=19, n_frames=4/20): reward=-18.1250 (mean, 1 tok)
2026-04-30 21:22:56,099 mme_vla_suite.pseudo_labeling.topreward_qwen_scorer INFO: Prefix 5/8 (end=24, n_frames=5/25): reward=-17.5000 (mean, 1 tok)
2026-04-30 21:23:02,977 mme_vla_suite.pseudo_labeling.topreward_qwen_scorer INFO: Prefix 6/8 (end=29, n_frames=6/30): reward=-18.7500 (mean, 1 tok)
2026-04-30 21:23:09,869 mme_vla_suite.pseudo_labeling.topreward_qwen_scorer INFO: Prefix 7/8 (end=34, n_frames=7/35): reward=-20.0000 (mean, 1 tok)
2026-04-30 21:23:16,774 mme_vla_suite.pseudo_labeling.topreward_qwen_scorer INFO: Prefix 8/8 (end=40, n_frames=8/41): reward=-20.0000 (mean, 1 tok)
2026-04-30 21:23:24,520 mme_vla_suite.pseudo_labeling.topreward_qwen_scorer INFO: Prefix 1/8 (end=4, n_frames=4/5): reward=-20.5000 (mean, 1 tok)
2026-04-30 21:23:31,390 mme_vla_suite.pseudo_labeling.topreward_qwen_scorer INFO: Prefix 2/8 (end=8, n_frames=4/9): reward=-20.5000 (mean, 1 tok)
2026-04-30 21:23:38,236 mme_vla_suite.pseudo_labeling.topreward_qwen_scorer INFO: Prefix 3/8 (end=12, n_frames=4/13): reward=-20.8750 (mean, 1 tok)
2026-04-30 21:23:45,064 mme_vla_suite.pseudo_labeling.topreward_qwen_scorer INFO: Prefix 4/8 (end=17, n_frames=4/18): reward=-19.3750 (mean, 1 tok)
2026-04-30 21:23:51,920 mme_vla_suite.pseudo_labeling.topreward_qwen_scorer INFO: Prefix 5/8 (end=21, n_frames=4/22): reward=-18.7500 (mean, 1 tok)
2026-04-30 21:23:58,793 mme_vla_suite.pseudo_labeling.topreward_qwen_scorer INFO: Prefix 6/8 (end=26, n_frames=5/27): reward=-20.1250 (mean, 1 tok)
2026-04-30 21:24:05,643 mme_vla_suite.pseudo_labeling.topreward_qwen_scorer INFO: Prefix 7/8 (end=30, n_frames=6/31): reward=-20.2500 (mean, 1 tok)
2026-04-30 21:24:12,509 mme_vla_suite.pseudo_labeling.topreward_qwen_scorer INFO: Prefix 8/8 (end=35, n_frames=7/36): reward=-18.2500 (mean, 1 tok)
2026-04-30 21:24:20,526 mme_vla_suite.pseudo_labeling.topreward_qwen_scorer INFO: Prefix 1/8 (end=7, n_frames=4/8): reward=-21.5000 (mean, 1 tok)
2026-04-30 21:24:27,365 mme_vla_suite.pseudo_labeling.topreward_qwen_scorer INFO: Prefix 2/8 (end=16, n_frames=4/17): reward=-21.0000 (mean, 1 tok)
2026-04-30 21:24:34,261 mme_vla_suite.pseudo_labeling.topreward_qwen_scorer INFO: Prefix 3/8 (end=25, n_frames=5/26): reward=-21.1250 (mean, 1 tok)
2026-04-30 21:24:41,127 mme_vla_suite.pseudo_labeling.topreward_qwen_scorer INFO: Prefix 4/8 (end=34, n_frames=7/35): reward=-20.7500 (mean, 1 tok)
2026-04-30 21:24:47,978 mme_vla_suite.pseudo_labeling.topreward_qwen_scorer INFO: Prefix 5/8 (end=44, n_frames=9/45): reward=-19.6250 (mean, 1 tok)
2026-04-30 21:24:54,850 mme_vla_suite.pseudo_labeling.topreward_qwen_scorer INFO: Prefix 6/8 (end=53, n_frames=11/54): reward=-20.8750 (mean, 1 tok)
2026-04-30 21:25:01,743 mme_vla_suite.pseudo_labeling.topreward_qwen_scorer INFO: Prefix 7/8 (end=62, n_frames=13/63): reward=-21.2500 (mean, 1 tok)
2026-04-30 21:25:08,643 mme_vla_suite.pseudo_labeling.topreward_qwen_scorer INFO: Prefix 8/8 (end=72, n_frames=15/73): reward=-19.1250 (mean, 1 tok)
2026-04-30 21:25:16,523 mme_vla_suite.pseudo_labeling.topreward_qwen_scorer INFO: Prefix 1/8 (end=11, n_frames=4/12): reward=-21.3750 (mean, 1 tok)
2026-04-30 21:25:23,378 mme_vla_suite.pseudo_labeling.topreward_qwen_scorer INFO: Prefix 2/8 (end=25, n_frames=5/26): reward=-21.1250 (mean, 1 tok)
2026-04-30 21:25:30,247 mme_vla_suite.pseudo_labeling.topreward_qwen_scorer INFO: Prefix 3/8 (end=39, n_frames=8/40): reward=-20.1250 (mean, 1 tok)
2026-04-30 21:25:37,141 mme_vla_suite.pseudo_labeling.topreward_qwen_scorer INFO: Prefix 4/8 (end=53, n_frames=11/54): reward=-20.8750 (mean, 1 tok)
2026-04-30 21:25:44,031 mme_vla_suite.pseudo_labeling.topreward_qwen_scorer INFO: Prefix 5/8 (end=67, n_frames=14/68): reward=-19.1250 (mean, 1 tok)
2026-04-30 21:25:50,939 mme_vla_suite.pseudo_labeling.topreward_qwen_scorer INFO: Prefix 6/8 (end=81, n_frames=16/82): reward=-20.0000 (mean, 1 tok)
2026-04-30 21:25:57,866 mme_vla_suite.pseudo_labeling.topreward_qwen_scorer INFO: Prefix 7/8 (end=95, n_frames=19/96): reward=-19.6250 (mean, 1 tok)
2026-04-30 21:26:04,827 mme_vla_suite.pseudo_labeling.topreward_qwen_scorer INFO: Prefix 8/8 (end=109, n_frames=22/110): reward=-19.7500 (mean, 1 tok)
2026-04-30 21:26:12,948 mme_vla_suite.pseudo_labeling.topreward_qwen_scorer INFO: Prefix 1/8 (end=11, n_frames=4/12): reward=-18.6250 (mean, 1 tok)
2026-04-30 21:26:19,790 mme_vla_suite.pseudo_labeling.topreward_qwen_scorer INFO: Prefix 2/8 (end=25, n_frames=5/26): reward=-18.8750 (mean, 1 tok)
2026-04-30 21:26:26,639 mme_vla_suite.pseudo_labeling.topreward_qwen_scorer INFO: Prefix 3/8 (end=40, n_frames=8/41): reward=-17.2500 (mean, 1 tok)
2026-04-30 21:26:33,519 mme_vla_suite.pseudo_labeling.topreward_qwen_scorer INFO: Prefix 4/8 (end=54, n_frames=11/55): reward=-16.5000 (mean, 1 tok)
2026-04-30 21:26:40,402 mme_vla_suite.pseudo_labeling.topreward_qwen_scorer INFO: Prefix 5/8 (end=69, n_frames=14/70): reward=-17.0000 (mean, 1 tok)
2026-04-30 21:26:47,307 mme_vla_suite.pseudo_labeling.topreward_qwen_scorer INFO: Prefix 6/8 (end=83, n_frames=17/84): reward=-16.1250 (mean, 1 tok)
2026-04-30 21:26:54,255 mme_vla_suite.pseudo_labeling.topreward_qwen_scorer INFO: Prefix 7/8 (end=98, n_frames=20/99): reward=-16.1250 (mean, 1 tok)
2026-04-30 21:27:01,227 mme_vla_suite.pseudo_labeling.topreward_qwen_scorer INFO: Prefix 8/8 (end=113, n_frames=23/114): reward=-15.3750 (mean, 1 tok)
2026-04-30 21:27:09,017 mme_vla_suite.pseudo_labeling.topreward_qwen_scorer INFO: Prefix 1/8 (end=4, n_frames=4/5): reward=-19.5000 (mean, 1 tok)
2026-04-30 21:27:15,861 mme_vla_suite.pseudo_labeling.topreward_qwen_scorer INFO: Prefix 2/8 (end=6, n_frames=4/7): reward=-19.2500 (mean, 1 tok)
2026-04-30 21:27:22,711 mme_vla_suite.pseudo_labeling.topreward_qwen_scorer INFO: Prefix 3/8 (end=9, n_frames=4/10): reward=-19.1250 (mean, 1 tok)
2026-04-30 21:27:29,560 mme_vla_suite.pseudo_labeling.topreward_qwen_scorer INFO: Prefix 4/8 (end=11, n_frames=4/12): reward=-19.1250 (mean, 1 tok)
2026-04-30 21:27:36,405 mme_vla_suite.pseudo_labeling.topreward_qwen_scorer INFO: Prefix 5/8 (end=14, n_frames=4/15): reward=-19.1250 (mean, 1 tok)
2026-04-30 21:27:43,254 mme_vla_suite.pseudo_labeling.topreward_qwen_scorer INFO: Prefix 6/8 (end=16, n_frames=4/17): reward=-19.0000 (mean, 1 tok)
2026-04-30 21:27:50,112 mme_vla_suite.pseudo_labeling.topreward_qwen_scorer INFO: Prefix 7/8 (end=19, n_frames=4/20): reward=-19.2500 (mean, 1 tok)
2026-04-30 21:27:56,981 mme_vla_suite.pseudo_labeling.topreward_qwen_scorer INFO: Prefix 8/8 (end=22, n_frames=5/23): reward=-19.6250 (mean, 1 tok)
2026-04-30 21:28:04,740 mme_vla_suite.pseudo_labeling.topreward_qwen_scorer INFO: Prefix 1/8 (end=4, n_frames=4/5): reward=-20.5000 (mean, 1 tok)
2026-04-30 21:28:11,581 mme_vla_suite.pseudo_labeling.topreward_qwen_scorer INFO: Prefix 2/8 (end=9, n_frames=4/10): reward=-19.0000 (mean, 1 tok)
2026-04-30 21:28:18,452 mme_vla_suite.pseudo_labeling.topreward_qwen_scorer INFO: Prefix 3/8 (end=14, n_frames=4/15): reward=-19.5000 (mean, 1 tok)
2026-04-30 21:28:25,330 mme_vla_suite.pseudo_labeling.topreward_qwen_scorer INFO: Prefix 4/8 (end=20, n_frames=4/21): reward=-17.6250 (mean, 1 tok)
2026-04-30 21:28:32,195 mme_vla_suite.pseudo_labeling.topreward_qwen_scorer INFO: Prefix 5/8 (end=25, n_frames=5/26): reward=-17.8750 (mean, 1 tok)
2026-04-30 21:28:39,176 mme_vla_suite.pseudo_labeling.topreward_qwen_scorer INFO: Prefix 6/8 (end=31, n_frames=6/32): reward=-17.8750 (mean, 1 tok)
2026-04-30 21:28:46,052 mme_vla_suite.pseudo_labeling.topreward_qwen_scorer INFO: Prefix 7/8 (end=36, n_frames=7/37): reward=-18.5000 (mean, 1 tok)
2026-04-30 21:28:52,928 mme_vla_suite.pseudo_labeling.topreward_qwen_scorer INFO: Prefix 8/8 (end=42, n_frames=9/43): reward=-18.5000 (mean, 1 tok)
2026-04-30 21:29:00,942 mme_vla_suite.pseudo_labeling.topreward_qwen_scorer INFO: Prefix 1/8 (end=4, n_frames=4/5): reward=-19.7500 (mean, 1 tok)
2026-04-30 21:29:07,806 mme_vla_suite.pseudo_labeling.topreward_qwen_scorer INFO: Prefix 2/8 (end=9, n_frames=4/10): reward=-19.5000 (mean, 1 tok)
2026-04-30 21:29:14,669 mme_vla_suite.pseudo_labeling.topreward_qwen_scorer INFO: Prefix 3/8 (end=14, n_frames=4/15): reward=-18.7500 (mean, 1 tok)
2026-04-30 21:29:21,505 mme_vla_suite.pseudo_labeling.topreward_qwen_scorer INFO: Prefix 4/8 (end=19, n_frames=4/20): reward=-18.3750 (mean, 1 tok)
2026-04-30 21:29:28,367 mme_vla_suite.pseudo_labeling.topreward_qwen_scorer INFO: Prefix 5/8 (end=25, n_frames=5/26): reward=-18.5000 (mean, 1 tok)
2026-04-30 21:29:35,235 mme_vla_suite.pseudo_labeling.topreward_qwen_scorer INFO: Prefix 6/8 (end=30, n_frames=6/31): reward=-18.5000 (mean, 1 tok)
2026-04-30 21:29:42,114 mme_vla_suite.pseudo_labeling.topreward_qwen_scorer INFO: Prefix 7/8 (end=35, n_frames=7/36): reward=-18.7500 (mean, 1 tok)
2026-04-30 21:29:48,982 mme_vla_suite.pseudo_labeling.topreward_qwen_scorer INFO: Prefix 8/8 (end=41, n_frames=8/42): reward=-19.1250 (mean, 1 tok)
2026-04-30 21:29:56,760 mme_vla_suite.pseudo_labeling.topreward_qwen_scorer INFO: Prefix 1/8 (end=4, n_frames=4/5): reward=-20.7500 (mean, 1 tok)
2026-04-30 21:30:03,626 mme_vla_suite.pseudo_labeling.topreward_qwen_scorer INFO: Prefix 2/8 (end=9, n_frames=4/10): reward=-20.0000 (mean, 1 tok)
2026-04-30 21:30:10,505 mme_vla_suite.pseudo_labeling.topreward_qwen_scorer INFO: Prefix 3/8 (end=14, n_frames=4/15): reward=-19.5000 (mean, 1 tok)
2026-04-30 21:30:17,360 mme_vla_suite.pseudo_labeling.topreward_qwen_scorer INFO: Prefix 4/8 (end=19, n_frames=4/20): reward=-18.2500 (mean, 1 tok)
2026-04-30 21:30:24,225 mme_vla_suite.pseudo_labeling.topreward_qwen_scorer INFO: Prefix 5/8 (end=25, n_frames=5/26): reward=-18.7500 (mean, 1 tok)
2026-04-30 21:30:31,084 mme_vla_suite.pseudo_labeling.topreward_qwen_scorer INFO: Prefix 6/8 (end=30, n_frames=6/31): reward=-19.1250 (mean, 1 tok)
2026-04-30 21:30:37,961 mme_vla_suite.pseudo_labeling.topreward_qwen_scorer INFO: Prefix 7/8 (end=35, n_frames=7/36): reward=-19.1250 (mean, 1 tok)
2026-04-30 21:30:44,827 mme_vla_suite.pseudo_labeling.topreward_qwen_scorer INFO: Prefix 8/8 (end=41, n_frames=8/42): reward=-18.7500 (mean, 1 tok)
2026-04-30 21:30:52,673 mme_vla_suite.pseudo_labeling.topreward_qwen_scorer INFO: Prefix 1/8 (end=4, n_frames=4/5): reward=-20.6250 (mean, 1 tok)
2026-04-30 21:30:59,507 mme_vla_suite.pseudo_labeling.topreward_qwen_scorer INFO: Prefix 2/8 (end=8, n_frames=4/9): reward=-20.0000 (mean, 1 tok)
2026-04-30 21:31:06,348 mme_vla_suite.pseudo_labeling.topreward_qwen_scorer INFO: Prefix 3/8 (end=12, n_frames=4/13): reward=-19.7500 (mean, 1 tok)
2026-04-30 21:31:13,182 mme_vla_suite.pseudo_labeling.topreward_qwen_scorer INFO: Prefix 4/8 (end=17, n_frames=4/18): reward=-17.8750 (mean, 1 tok)
2026-04-30 21:31:20,041 mme_vla_suite.pseudo_labeling.topreward_qwen_scorer INFO: Prefix 5/8 (end=21, n_frames=4/22): reward=-19.1250 (mean, 1 tok)
2026-04-30 21:31:26,900 mme_vla_suite.pseudo_labeling.topreward_qwen_scorer INFO: Prefix 6/8 (end=26, n_frames=5/27): reward=-19.0000 (mean, 1 tok)
2026-04-30 21:31:33,746 mme_vla_suite.pseudo_labeling.topreward_qwen_scorer INFO: Prefix 7/8 (end=30, n_frames=6/31): reward=-17.6250 (mean, 1 tok)
2026-04-30 21:31:40,633 mme_vla_suite.pseudo_labeling.topreward_qwen_scorer INFO: Prefix 8/8 (end=35, n_frames=7/36): reward=-16.6250 (mean, 1 tok)
2026-04-30 21:31:48,459 mme_vla_suite.pseudo_labeling.topreward_qwen_scorer INFO: Prefix 1/8 (end=6, n_frames=4/7): reward=-20.1250 (mean, 1 tok)
2026-04-30 21:31:55,330 mme_vla_suite.pseudo_labeling.topreward_qwen_scorer INFO: Prefix 2/8 (end=14, n_frames=4/15): reward=-20.5000 (mean, 1 tok)
2026-04-30 21:32:02,193 mme_vla_suite.pseudo_labeling.topreward_qwen_scorer INFO: Prefix 3/8 (end=22, n_frames=5/23): reward=-19.7500 (mean, 1 tok)
2026-04-30 21:32:09,046 mme_vla_suite.pseudo_labeling.topreward_qwen_scorer INFO: Prefix 4/8 (end=30, n_frames=6/31): reward=-20.3750 (mean, 1 tok)
2026-04-30 21:32:15,936 mme_vla_suite.pseudo_labeling.topreward_qwen_scorer INFO: Prefix 5/8 (end=39, n_frames=8/40): reward=-20.3750 (mean, 1 tok)
2026-04-30 21:32:22,826 mme_vla_suite.pseudo_labeling.topreward_qwen_scorer INFO: Prefix 6/8 (end=47, n_frames=10/48): reward=-20.3750 (mean, 1 tok)
2026-04-30 21:32:29,731 mme_vla_suite.pseudo_labeling.topreward_qwen_scorer INFO: Prefix 7/8 (end=55, n_frames=11/56): reward=-19.7500 (mean, 1 tok)
2026-04-30 21:32:36,644 mme_vla_suite.pseudo_labeling.topreward_qwen_scorer INFO: Prefix 8/8 (end=64, n_frames=13/65): reward=-19.0000 (mean, 1 tok)
2026-04-30 21:32:44,941 mme_vla_suite.pseudo_labeling.topreward_qwen_scorer INFO: Prefix 1/8 (end=10, n_frames=4/11): reward=-20.2500 (mean, 1 tok)
2026-04-30 21:32:51,783 mme_vla_suite.pseudo_labeling.topreward_qwen_scorer INFO: Prefix 2/8 (end=23, n_frames=5/24): reward=-20.2500 (mean, 1 tok)
2026-04-30 21:32:58,656 mme_vla_suite.pseudo_labeling.topreward_qwen_scorer INFO: Prefix 3/8 (end=37, n_frames=8/38): reward=-20.2500 (mean, 1 tok)
2026-04-30 21:33:05,530 mme_vla_suite.pseudo_labeling.topreward_qwen_scorer INFO: Prefix 4/8 (end=51, n_frames=10/52): reward=-20.6250 (mean, 1 tok)
2026-04-30 21:33:12,426 mme_vla_suite.pseudo_labeling.topreward_qwen_scorer INFO: Prefix 5/8 (end=64, n_frames=13/65): reward=-19.0000 (mean, 1 tok)
2026-04-30 21:33:19,318 mme_vla_suite.pseudo_labeling.topreward_qwen_scorer INFO: Prefix 6/8 (end=78, n_frames=16/79): reward=-19.3750 (mean, 1 tok)
2026-04-30 21:33:26,240 mme_vla_suite.pseudo_labeling.topreward_qwen_scorer INFO: Prefix 7/8 (end=92, n_frames=19/93): reward=-18.8750 (mean, 1 tok)
2026-04-30 21:33:33,190 mme_vla_suite.pseudo_labeling.topreward_qwen_scorer INFO: Prefix 8/8 (end=106, n_frames=21/107): reward=-18.6250 (mean, 1 tok)
2026-04-30 21:33:41,112 mme_vla_suite.pseudo_labeling.topreward_qwen_scorer INFO: Prefix 1/8 (end=10, n_frames=4/11): reward=-18.3750 (mean, 1 tok)
2026-04-30 21:33:47,953 mme_vla_suite.pseudo_labeling.topreward_qwen_scorer INFO: Prefix 2/8 (end=23, n_frames=5/24): reward=-19.1250 (mean, 1 tok)
2026-04-30 21:33:54,819 mme_vla_suite.pseudo_labeling.topreward_qwen_scorer INFO: Prefix 3/8 (end=36, n_frames=7/37): reward=-15.2500 (mean, 1 tok)
2026-04-30 21:34:01,687 mme_vla_suite.pseudo_labeling.topreward_qwen_scorer INFO: Prefix 4/8 (end=49, n_frames=10/50): reward=-14.5000 (mean, 1 tok)
2026-04-30 21:34:08,568 mme_vla_suite.pseudo_labeling.topreward_qwen_scorer INFO: Prefix 5/8 (end=63, n_frames=13/64): reward=-15.0000 (mean, 1 tok)
2026-04-30 21:34:15,461 mme_vla_suite.pseudo_labeling.topreward_qwen_scorer INFO: Prefix 6/8 (end=76, n_frames=15/77): reward=-15.5000 (mean, 1 tok)
2026-04-30 21:34:22,357 mme_vla_suite.pseudo_labeling.topreward_qwen_scorer INFO: Prefix 7/8 (end=89, n_frames=18/90): reward=-14.3750 (mean, 1 tok)
2026-04-30 21:34:29,322 mme_vla_suite.pseudo_labeling.topreward_qwen_scorer INFO: Prefix 8/8 (end=103, n_frames=21/104): reward=-13.2500 (mean, 1 tok)
2026-04-30 21:34:37,143 mme_vla_suite.pseudo_labeling.topreward_qwen_scorer INFO: Prefix 1/8 (end=4, n_frames=4/5): reward=-18.8750 (mean, 1 tok)
2026-04-30 21:34:43,997 mme_vla_suite.pseudo_labeling.topreward_qwen_scorer INFO: Prefix 2/8 (end=7, n_frames=4/8): reward=-18.8750 (mean, 1 tok)
2026-04-30 21:34:50,842 mme_vla_suite.pseudo_labeling.topreward_qwen_scorer INFO: Prefix 3/8 (end=11, n_frames=4/12): reward=-18.6250 (mean, 1 tok)
2026-04-30 21:34:57,721 mme_vla_suite.pseudo_labeling.topreward_qwen_scorer INFO: Prefix 4/8 (end=14, n_frames=4/15): reward=-18.1250 (mean, 1 tok)
2026-04-30 21:35:04,581 mme_vla_suite.pseudo_labeling.topreward_qwen_scorer INFO: Prefix 5/8 (end=18, n_frames=4/19): reward=-17.7500 (mean, 1 tok)
2026-04-30 21:35:11,423 mme_vla_suite.pseudo_labeling.topreward_qwen_scorer INFO: Prefix 6/8 (end=21, n_frames=4/22): reward=-18.5000 (mean, 1 tok)
2026-04-30 21:35:18,284 mme_vla_suite.pseudo_labeling.topreward_qwen_scorer INFO: Prefix 7/8 (end=25, n_frames=5/26): reward=-18.1250 (mean, 1 tok)
2026-04-30 21:35:25,150 mme_vla_suite.pseudo_labeling.topreward_qwen_scorer INFO: Prefix 8/8 (end=29, n_frames=6/30): reward=-18.1250 (mean, 1 tok)
2026-04-30 21:35:32,813 mme_vla_suite.pseudo_labeling.topreward_qwen_scorer INFO: Prefix 1/8 (end=4, n_frames=4/5): reward=-19.1250 (mean, 1 tok)
2026-04-30 21:35:39,674 mme_vla_suite.pseudo_labeling.topreward_qwen_scorer INFO: Prefix 2/8 (end=8, n_frames=4/9): reward=-18.5000 (mean, 1 tok)
2026-04-30 21:35:46,541 mme_vla_suite.pseudo_labeling.topreward_qwen_scorer INFO: Prefix 3/8 (end=13, n_frames=4/14): reward=-18.3750 (mean, 1 tok)
2026-04-30 21:35:53,404 mme_vla_suite.pseudo_labeling.topreward_qwen_scorer INFO: Prefix 4/8 (end=18, n_frames=4/19): reward=-17.6250 (mean, 1 tok)
2026-04-30 21:36:00,277 mme_vla_suite.pseudo_labeling.topreward_qwen_scorer INFO: Prefix 5/8 (end=23, n_frames=5/24): reward=-17.0000 (mean, 1 tok)
2026-04-30 21:36:07,140 mme_vla_suite.pseudo_labeling.topreward_qwen_scorer INFO: Prefix 6/8 (end=28, n_frames=6/29): reward=-18.6250 (mean, 1 tok)
2026-04-30 21:36:14,020 mme_vla_suite.pseudo_labeling.topreward_qwen_scorer INFO: Prefix 7/8 (end=33, n_frames=7/34): reward=-18.0000 (mean, 1 tok)
2026-04-30 21:36:20,892 mme_vla_suite.pseudo_labeling.topreward_qwen_scorer INFO: Prefix 8/8 (end=38, n_frames=8/39): reward=-18.1250 (mean, 1 tok)
2026-04-30 21:36:28,672 mme_vla_suite.pseudo_labeling.topreward_qwen_scorer INFO: Prefix 1/8 (end=4, n_frames=4/5): reward=-19.6250 (mean, 1 tok)
2026-04-30 21:36:35,526 mme_vla_suite.pseudo_labeling.topreward_qwen_scorer INFO: Prefix 2/8 (end=8, n_frames=4/9): reward=-19.3750 (mean, 1 tok)
2026-04-30 21:36:42,365 mme_vla_suite.pseudo_labeling.topreward_qwen_scorer INFO: Prefix 3/8 (end=12, n_frames=4/13): reward=-19.3750 (mean, 1 tok)
2026-04-30 21:36:49,216 mme_vla_suite.pseudo_labeling.topreward_qwen_scorer INFO: Prefix 4/8 (end=17, n_frames=4/18): reward=-18.7500 (mean, 1 tok)
2026-04-30 21:36:56,072 mme_vla_suite.pseudo_labeling.topreward_qwen_scorer INFO: Prefix 5/8 (end=21, n_frames=4/22): reward=-18.6250 (mean, 1 tok)
2026-04-30 21:37:02,920 mme_vla_suite.pseudo_labeling.topreward_qwen_scorer INFO: Prefix 6/8 (end=26, n_frames=5/27): reward=-17.8750 (mean, 1 tok)
2026-04-30 21:37:09,781 mme_vla_suite.pseudo_labeling.topreward_qwen_scorer INFO: Prefix 7/8 (end=30, n_frames=6/31): reward=-18.2500 (mean, 1 tok)
2026-04-30 21:37:16,654 mme_vla_suite.pseudo_labeling.topreward_qwen_scorer INFO: Prefix 8/8 (end=35, n_frames=7/36): reward=-16.5000 (mean, 1 tok)
2026-04-30 21:37:24,487 mme_vla_suite.pseudo_labeling.topreward_qwen_scorer INFO: Prefix 1/8 (end=6, n_frames=4/7): reward=-21.0000 (mean, 1 tok)
2026-04-30 21:37:31,324 mme_vla_suite.pseudo_labeling.topreward_qwen_scorer INFO: Prefix 2/8 (end=14, n_frames=4/15): reward=-20.3750 (mean, 1 tok)
2026-04-30 21:37:38,179 mme_vla_suite.pseudo_labeling.topreward_qwen_scorer INFO: Prefix 3/8 (end=22, n_frames=5/23): reward=-20.0000 (mean, 1 tok)
2026-04-30 21:37:45,030 mme_vla_suite.pseudo_labeling.topreward_qwen_scorer INFO: Prefix 4/8 (end=30, n_frames=6/31): reward=-19.3750 (mean, 1 tok)
2026-04-30 21:37:51,891 mme_vla_suite.pseudo_labeling.topreward_qwen_scorer INFO: Prefix 5/8 (end=38, n_frames=8/39): reward=-19.5000 (mean, 1 tok)
2026-04-30 21:37:58,751 mme_vla_suite.pseudo_labeling.topreward_qwen_scorer INFO: Prefix 6/8 (end=46, n_frames=9/47): reward=-19.5000 (mean, 1 tok)
2026-04-30 21:38:05,622 mme_vla_suite.pseudo_labeling.topreward_qwen_scorer INFO: Prefix 7/8 (end=54, n_frames=11/55): reward=-19.8750 (mean, 1 tok)
2026-04-30 21:38:12,510 mme_vla_suite.pseudo_labeling.topreward_qwen_scorer INFO: Prefix 8/8 (end=63, n_frames=13/64): reward=-19.0000 (mean, 1 tok)
2026-04-30 21:38:20,424 mme_vla_suite.pseudo_labeling.topreward_qwen_scorer INFO: Prefix 1/8 (end=10, n_frames=4/11): reward=-19.7500 (mean, 1 tok)
2026-04-30 21:38:27,276 mme_vla_suite.pseudo_labeling.topreward_qwen_scorer INFO: Prefix 2/8 (end=23, n_frames=5/24): reward=-19.2500 (mean, 1 tok)
2026-04-30 21:38:34,157 mme_vla_suite.pseudo_labeling.topreward_qwen_scorer INFO: Prefix 3/8 (end=36, n_frames=7/37): reward=-19.1250 (mean, 1 tok)
2026-04-30 21:38:41,040 mme_vla_suite.pseudo_labeling.topreward_qwen_scorer INFO: Prefix 4/8 (end=49, n_frames=10/50): reward=-19.2500 (mean, 1 tok)
2026-04-30 21:38:47,921 mme_vla_suite.pseudo_labeling.topreward_qwen_scorer INFO: Prefix 5/8 (end=62, n_frames=13/63): reward=-19.2500 (mean, 1 tok)
2026-04-30 21:38:54,822 mme_vla_suite.pseudo_labeling.topreward_qwen_scorer INFO: Prefix 6/8 (end=75, n_frames=15/76): reward=-19.6250 (mean, 1 tok)
2026-04-30 21:39:01,711 mme_vla_suite.pseudo_labeling.topreward_qwen_scorer INFO: Prefix 7/8 (end=88, n_frames=18/89): reward=-18.6250 (mean, 1 tok)
2026-04-30 21:39:08,626 mme_vla_suite.pseudo_labeling.topreward_qwen_scorer INFO: Prefix 8/8 (end=102, n_frames=21/103): reward=-18.8750 (mean, 1 tok)
2026-04-30 21:39:16,832 mme_vla_suite.pseudo_labeling.topreward_qwen_scorer INFO: Prefix 1/8 (end=12, n_frames=4/13): reward=-19.6250 (mean, 1 tok)
2026-04-30 21:39:23,664 mme_vla_suite.pseudo_labeling.topreward_qwen_scorer INFO: Prefix 2/8 (end=27, n_frames=6/28): reward=-19.8750 (mean, 1 tok)
2026-04-30 21:39:30,520 mme_vla_suite.pseudo_labeling.topreward_qwen_scorer INFO: Prefix 3/8 (end=42, n_frames=9/43): reward=-17.5000 (mean, 1 tok)
2026-04-30 21:39:37,459 mme_vla_suite.pseudo_labeling.topreward_qwen_scorer INFO: Prefix 4/8 (end=57, n_frames=12/58): reward=-15.3750 (mean, 1 tok)
2026-04-30 21:39:44,343 mme_vla_suite.pseudo_labeling.topreward_qwen_scorer INFO: Prefix 5/8 (end=73, n_frames=15/74): reward=-14.6250 (mean, 1 tok)
2026-04-30 21:39:51,213 mme_vla_suite.pseudo_labeling.topreward_qwen_scorer INFO: Prefix 6/8 (end=88, n_frames=18/89): reward=-14.0000 (mean, 1 tok)
2026-04-30 21:39:58,122 mme_vla_suite.pseudo_labeling.topreward_qwen_scorer INFO: Prefix 7/8 (end=103, n_frames=21/104): reward=-14.7500 (mean, 1 tok)
2026-04-30 21:40:05,103 mme_vla_suite.pseudo_labeling.topreward_qwen_scorer INFO: Prefix 8/8 (end=119, n_frames=24/120): reward=-13.2500 (mean, 1 tok)
2026-04-30 21:40:13,204 mme_vla_suite.pseudo_labeling.topreward_qwen_scorer INFO: Prefix 1/8 (end=4, n_frames=4/5): reward=-20.1250 (mean, 1 tok)
2026-04-30 21:40:20,044 mme_vla_suite.pseudo_labeling.topreward_qwen_scorer INFO: Prefix 2/8 (end=7, n_frames=4/8): reward=-20.2500 (mean, 1 tok)
2026-04-30 21:40:26,898 mme_vla_suite.pseudo_labeling.topreward_qwen_scorer INFO: Prefix 3/8 (end=10, n_frames=4/11): reward=-20.0000 (mean, 1 tok)
2026-04-30 21:40:33,745 mme_vla_suite.pseudo_labeling.topreward_qwen_scorer INFO: Prefix 4/8 (end=14, n_frames=4/15): reward=-19.8750 (mean, 1 tok)
2026-04-30 21:40:40,594 mme_vla_suite.pseudo_labeling.topreward_qwen_scorer INFO: Prefix 5/8 (end=17, n_frames=4/18): reward=-20.5000 (mean, 1 tok)
2026-04-30 21:40:47,452 mme_vla_suite.pseudo_labeling.topreward_qwen_scorer INFO: Prefix 6/8 (end=21, n_frames=4/22): reward=-20.7500 (mean, 1 tok)
2026-04-30 21:40:54,315 mme_vla_suite.pseudo_labeling.topreward_qwen_scorer INFO: Prefix 7/8 (end=24, n_frames=5/25): reward=-19.6250 (mean, 1 tok)
2026-04-30 21:41:01,150 mme_vla_suite.pseudo_labeling.topreward_qwen_scorer INFO: Prefix 8/8 (end=28, n_frames=6/29): reward=-19.5000 (mean, 1 tok)
2026-04-30 21:41:08,890 mme_vla_suite.pseudo_labeling.topreward_qwen_scorer INFO: Prefix 1/8 (end=4, n_frames=4/5): reward=-19.3750 (mean, 1 tok)
2026-04-30 21:41:15,729 mme_vla_suite.pseudo_labeling.topreward_qwen_scorer INFO: Prefix 2/8 (end=9, n_frames=4/10): reward=-18.8750 (mean, 1 tok)
2026-04-30 21:41:22,595 mme_vla_suite.pseudo_labeling.topreward_qwen_scorer INFO: Prefix 3/8 (end=14, n_frames=4/15): reward=-18.2500 (mean, 1 tok)
2026-04-30 21:41:29,447 mme_vla_suite.pseudo_labeling.topreward_qwen_scorer INFO: Prefix 4/8 (end=20, n_frames=4/21): reward=-17.8750 (mean, 1 tok)
2026-04-30 21:41:36,299 mme_vla_suite.pseudo_labeling.topreward_qwen_scorer INFO: Prefix 5/8 (end=25, n_frames=5/26): reward=-18.7500 (mean, 1 tok)
2026-04-30 21:41:43,172 mme_vla_suite.pseudo_labeling.topreward_qwen_scorer INFO: Prefix 6/8 (end=31, n_frames=6/32): reward=-18.2500 (mean, 1 tok)
2026-04-30 21:41:50,048 mme_vla_suite.pseudo_labeling.topreward_qwen_scorer INFO: Prefix 7/8 (end=36, n_frames=7/37): reward=-20.3750 (mean, 1 tok)
2026-04-30 21:41:56,920 mme_vla_suite.pseudo_labeling.topreward_qwen_scorer INFO: Prefix 8/8 (end=42, n_frames=9/43): reward=-19.6250 (mean, 1 tok)
2026-04-30 21:42:04,869 mme_vla_suite.pseudo_labeling.topreward_qwen_scorer INFO: Prefix 1/8 (end=4, n_frames=4/5): reward=-20.0000 (mean, 1 tok)
2026-04-30 21:42:11,710 mme_vla_suite.pseudo_labeling.topreward_qwen_scorer INFO: Prefix 2/8 (end=9, n_frames=4/10): reward=-19.6250 (mean, 1 tok)
2026-04-30 21:42:18,578 mme_vla_suite.pseudo_labeling.topreward_qwen_scorer INFO: Prefix 3/8 (end=14, n_frames=4/15): reward=-19.1250 (mean, 1 tok)
2026-04-30 21:42:25,508 mme_vla_suite.pseudo_labeling.topreward_qwen_scorer INFO: Prefix 4/8 (end=19, n_frames=4/20): reward=-18.7500 (mean, 1 tok)
2026-04-30 21:42:32,378 mme_vla_suite.pseudo_labeling.topreward_qwen_scorer INFO: Prefix 5/8 (end=24, n_frames=5/25): reward=-18.8750 (mean, 1 tok)
2026-04-30 21:42:39,371 mme_vla_suite.pseudo_labeling.topreward_qwen_scorer INFO: Prefix 6/8 (end=29, n_frames=6/30): reward=-19.0000 (mean, 1 tok)
2026-04-30 21:42:46,255 mme_vla_suite.pseudo_labeling.topreward_qwen_scorer INFO: Prefix 7/8 (end=34, n_frames=7/35): reward=-18.5000 (mean, 1 tok)
2026-04-30 21:42:53,122 mme_vla_suite.pseudo_labeling.topreward_qwen_scorer INFO: Prefix 8/8 (end=39, n_frames=8/40): reward=-18.7500 (mean, 1 tok)
2026-04-30 21:43:01,102 mme_vla_suite.pseudo_labeling.topreward_qwen_scorer INFO: Prefix 1/8 (end=4, n_frames=4/5): reward=-20.7500 (mean, 1 tok)
2026-04-30 21:43:07,959 mme_vla_suite.pseudo_labeling.topreward_qwen_scorer INFO: Prefix 2/8 (end=9, n_frames=4/10): reward=-20.0000 (mean, 1 tok)
2026-04-30 21:43:14,812 mme_vla_suite.pseudo_labeling.topreward_qwen_scorer INFO: Prefix 3/8 (end=14, n_frames=4/15): reward=-19.3750 (mean, 1 tok)
2026-04-30 21:43:21,659 mme_vla_suite.pseudo_labeling.topreward_qwen_scorer INFO: Prefix 4/8 (end=19, n_frames=4/20): reward=-18.8750 (mean, 1 tok)
2026-04-30 21:43:28,503 mme_vla_suite.pseudo_labeling.topreward_qwen_scorer INFO: Prefix 5/8 (end=24, n_frames=5/25): reward=-18.7500 (mean, 1 tok)
2026-04-30 21:43:35,348 mme_vla_suite.pseudo_labeling.topreward_qwen_scorer INFO: Prefix 6/8 (end=29, n_frames=6/30): reward=-18.5000 (mean, 1 tok)
2026-04-30 21:43:42,188 mme_vla_suite.pseudo_labeling.topreward_qwen_scorer INFO: Prefix 7/8 (end=34, n_frames=7/35): reward=-19.5000 (mean, 1 tok)
2026-04-30 21:43:49,051 mme_vla_suite.pseudo_labeling.topreward_qwen_scorer INFO: Prefix 8/8 (end=40, n_frames=8/41): reward=-19.3750 (mean, 1 tok)
2026-04-30 21:43:56,808 mme_vla_suite.pseudo_labeling.topreward_qwen_scorer INFO: Prefix 1/8 (end=4, n_frames=4/5): reward=-20.3750 (mean, 1 tok)
2026-04-30 21:44:03,652 mme_vla_suite.pseudo_labeling.topreward_qwen_scorer INFO: Prefix 2/8 (end=8, n_frames=4/9): reward=-20.2500 (mean, 1 tok)
2026-04-30 21:44:10,509 mme_vla_suite.pseudo_labeling.topreward_qwen_scorer INFO: Prefix 3/8 (end=13, n_frames=4/14): reward=-19.6250 (mean, 1 tok)
2026-04-30 21:44:17,360 mme_vla_suite.pseudo_labeling.topreward_qwen_scorer INFO: Prefix 4/8 (end=18, n_frames=4/19): reward=-19.2500 (mean, 1 tok)
2026-04-30 21:44:24,214 mme_vla_suite.pseudo_labeling.topreward_qwen_scorer INFO: Prefix 5/8 (end=23, n_frames=5/24): reward=-19.6250 (mean, 1 tok)
2026-04-30 21:44:31,065 mme_vla_suite.pseudo_labeling.topreward_qwen_scorer INFO: Prefix 6/8 (end=28, n_frames=6/29): reward=-19.6250 (mean, 1 tok)
2026-04-30 21:44:37,925 mme_vla_suite.pseudo_labeling.topreward_qwen_scorer INFO: Prefix 7/8 (end=33, n_frames=7/34): reward=-19.7500 (mean, 1 tok)
2026-04-30 21:44:44,781 mme_vla_suite.pseudo_labeling.topreward_qwen_scorer INFO: Prefix 8/8 (end=38, n_frames=8/39): reward=-19.5000 (mean, 1 tok)
2026-04-30 21:44:52,584 mme_vla_suite.pseudo_labeling.topreward_qwen_scorer INFO: Prefix 1/8 (end=4, n_frames=4/5): reward=-21.2500 (mean, 1 tok)
2026-04-30 21:44:59,436 mme_vla_suite.pseudo_labeling.topreward_qwen_scorer INFO: Prefix 2/8 (end=9, n_frames=4/10): reward=-20.5000 (mean, 1 tok)
2026-04-30 21:45:06,299 mme_vla_suite.pseudo_labeling.topreward_qwen_scorer INFO: Prefix 3/8 (end=14, n_frames=4/15): reward=-20.0000 (mean, 1 tok)
2026-04-30 21:45:13,130 mme_vla_suite.pseudo_labeling.topreward_qwen_scorer INFO: Prefix 4/8 (end=19, n_frames=4/20): reward=-19.3750 (mean, 1 tok)
2026-04-30 21:45:19,985 mme_vla_suite.pseudo_labeling.topreward_qwen_scorer INFO: Prefix 5/8 (end=24, n_frames=5/25): reward=-19.3750 (mean, 1 tok)
2026-04-30 21:45:26,857 mme_vla_suite.pseudo_labeling.topreward_qwen_scorer INFO: Prefix 6/8 (end=29, n_frames=6/30): reward=-19.5000 (mean, 1 tok)
2026-04-30 21:45:33,726 mme_vla_suite.pseudo_labeling.topreward_qwen_scorer INFO: Prefix 7/8 (end=34, n_frames=7/35): reward=-20.1250 (mean, 1 tok)
2026-04-30 21:45:40,588 mme_vla_suite.pseudo_labeling.topreward_qwen_scorer INFO: Prefix 8/8 (end=40, n_frames=8/41): reward=-20.3750 (mean, 1 tok)
2026-04-30 21:45:48,328 mme_vla_suite.pseudo_labeling.topreward_qwen_scorer INFO: Prefix 1/8 (end=4, n_frames=4/5): reward=-18.2500 (mean, 1 tok)
2026-04-30 21:45:55,154 mme_vla_suite.pseudo_labeling.topreward_qwen_scorer INFO: Prefix 2/8 (end=9, n_frames=4/10): reward=-18.2500 (mean, 1 tok)
2026-04-30 21:46:01,996 mme_vla_suite.pseudo_labeling.topreward_qwen_scorer INFO: Prefix 3/8 (end=14, n_frames=4/15): reward=-18.5000 (mean, 1 tok)
2026-04-30 21:46:08,858 mme_vla_suite.pseudo_labeling.topreward_qwen_scorer INFO: Prefix 4/8 (end=19, n_frames=4/20): reward=-17.7500 (mean, 1 tok)
2026-04-30 21:46:15,709 mme_vla_suite.pseudo_labeling.topreward_qwen_scorer INFO: Prefix 5/8 (end=24, n_frames=5/25): reward=-17.6250 (mean, 1 tok)
2026-04-30 21:46:22,567 mme_vla_suite.pseudo_labeling.topreward_qwen_scorer INFO: Prefix 6/8 (end=29, n_frames=6/30): reward=-16.7500 (mean, 1 tok)
2026-04-30 21:46:29,429 mme_vla_suite.pseudo_labeling.topreward_qwen_scorer INFO: Prefix 7/8 (end=34, n_frames=7/35): reward=-16.8750 (mean, 1 tok)
2026-04-30 21:46:36,386 mme_vla_suite.pseudo_labeling.topreward_qwen_scorer INFO: Prefix 8/8 (end=39, n_frames=8/40): reward=-17.3750 (mean, 1 tok)
2026-04-30 21:46:44,158 mme_vla_suite.pseudo_labeling.topreward_qwen_scorer INFO: Prefix 1/8 (end=5, n_frames=4/6): reward=-20.2500 (mean, 1 tok)
2026-04-30 21:46:51,005 mme_vla_suite.pseudo_labeling.topreward_qwen_scorer INFO: Prefix 2/8 (end=11, n_frames=4/12): reward=-19.5000 (mean, 1 tok)
2026-04-30 21:46:57,876 mme_vla_suite.pseudo_labeling.topreward_qwen_scorer INFO: Prefix 3/8 (end=18, n_frames=4/19): reward=-19.1250 (mean, 1 tok)
2026-04-30 21:47:04,757 mme_vla_suite.pseudo_labeling.topreward_qwen_scorer INFO: Prefix 4/8 (end=25, n_frames=5/26): reward=-19.5000 (mean, 1 tok)
2026-04-30 21:47:11,614 mme_vla_suite.pseudo_labeling.topreward_qwen_scorer INFO: Prefix 5/8 (end=32, n_frames=7/33): reward=-19.8750 (mean, 1 tok)
2026-04-30 21:47:18,474 mme_vla_suite.pseudo_labeling.topreward_qwen_scorer INFO: Prefix 6/8 (end=39, n_frames=8/40): reward=-19.6250 (mean, 1 tok)
2026-04-30 21:47:25,335 mme_vla_suite.pseudo_labeling.topreward_qwen_scorer INFO: Prefix 7/8 (end=46, n_frames=9/47): reward=-18.6250 (mean, 1 tok)
2026-04-30 21:47:32,238 mme_vla_suite.pseudo_labeling.topreward_qwen_scorer INFO: Prefix 8/8 (end=53, n_frames=11/54): reward=-17.3750 (mean, 1 tok)
2026-04-30 21:47:40,423 mme_vla_suite.pseudo_labeling.topreward_qwen_scorer INFO: Prefix 1/8 (end=9, n_frames=4/10): reward=-19.7500 (mean, 1 tok)
2026-04-30 21:47:47,284 mme_vla_suite.pseudo_labeling.topreward_qwen_scorer INFO: Prefix 2/8 (end=21, n_frames=4/22): reward=-18.6250 (mean, 1 tok)
2026-04-30 21:47:54,180 mme_vla_suite.pseudo_labeling.topreward_qwen_scorer INFO: Prefix 3/8 (end=33, n_frames=7/34): reward=-18.8750 (mean, 1 tok)
2026-04-30 21:48:01,093 mme_vla_suite.pseudo_labeling.topreward_qwen_scorer INFO: Prefix 4/8 (end=45, n_frames=9/46): reward=-18.2500 (mean, 1 tok)
2026-04-30 21:48:08,004 mme_vla_suite.pseudo_labeling.topreward_qwen_scorer INFO: Prefix 5/8 (end=57, n_frames=12/58): reward=-18.5000 (mean, 1 tok)
2026-04-30 21:48:14,893 mme_vla_suite.pseudo_labeling.topreward_qwen_scorer INFO: Prefix 6/8 (end=69, n_frames=14/70): reward=-18.2500 (mean, 1 tok)
2026-04-30 21:48:21,810 mme_vla_suite.pseudo_labeling.topreward_qwen_scorer INFO: Prefix 7/8 (end=81, n_frames=16/82): reward=-18.2500 (mean, 1 tok)
2026-04-30 21:48:28,746 mme_vla_suite.pseudo_labeling.topreward_qwen_scorer INFO: Prefix 8/8 (end=94, n_frames=19/95): reward=-17.5000 (mean, 1 tok)
2026-04-30 21:48:36,637 mme_vla_suite.pseudo_labeling.topreward_qwen_scorer INFO: Prefix 1/8 (end=10, n_frames=4/11): reward=-21.6250 (mean, 1 tok)
2026-04-30 21:48:43,489 mme_vla_suite.pseudo_labeling.topreward_qwen_scorer INFO: Prefix 2/8 (end=23, n_frames=5/24): reward=-22.2500 (mean, 1 tok)
2026-04-30 21:48:50,349 mme_vla_suite.pseudo_labeling.topreward_qwen_scorer INFO: Prefix 3/8 (end=37, n_frames=8/38): reward=-18.1250 (mean, 1 tok)
2026-04-30 21:48:57,232 mme_vla_suite.pseudo_labeling.topreward_qwen_scorer INFO: Prefix 4/8 (end=51, n_frames=10/52): reward=-16.1250 (mean, 1 tok)
2026-04-30 21:49:04,117 mme_vla_suite.pseudo_labeling.topreward_qwen_scorer INFO: Prefix 5/8 (end=65, n_frames=13/66): reward=-16.2500 (mean, 1 tok)
2026-04-30 21:49:11,018 mme_vla_suite.pseudo_labeling.topreward_qwen_scorer INFO: Prefix 6/8 (end=79, n_frames=16/80): reward=-14.8750 (mean, 1 tok)
2026-04-30 21:49:17,955 mme_vla_suite.pseudo_labeling.topreward_qwen_scorer INFO: Prefix 7/8 (end=93, n_frames=19/94): reward=-15.3750 (mean, 1 tok)
2026-04-30 21:49:24,911 mme_vla_suite.pseudo_labeling.topreward_qwen_scorer INFO: Prefix 8/8 (end=107, n_frames=22/108): reward=-14.7500 (mean, 1 tok)
2026-04-30 21:49:32,495 mme_vla_suite.pseudo_labeling.topreward_qwen_scorer INFO: Prefix 1/8 (end=4, n_frames=4/5): reward=-19.7500 (mean, 1 tok)
2026-04-30 21:49:39,367 mme_vla_suite.pseudo_labeling.topreward_qwen_scorer INFO: Prefix 2/8 (end=9, n_frames=4/10): reward=-17.8750 (mean, 1 tok)
2026-04-30 21:49:46,217 mme_vla_suite.pseudo_labeling.topreward_qwen_scorer INFO: Prefix 3/8 (end=14, n_frames=4/15): reward=-18.3750 (mean, 1 tok)
2026-04-30 21:49:53,070 mme_vla_suite.pseudo_labeling.topreward_qwen_scorer INFO: Prefix 4/8 (end=20, n_frames=4/21): reward=-17.1250 (mean, 1 tok)
2026-04-30 21:49:59,941 mme_vla_suite.pseudo_labeling.topreward_qwen_scorer INFO: Prefix 5/8 (end=25, n_frames=5/26): reward=-18.7500 (mean, 1 tok)
2026-04-30 21:50:06,821 mme_vla_suite.pseudo_labeling.topreward_qwen_scorer INFO: Prefix 6/8 (end=31, n_frames=6/32): reward=-18.3750 (mean, 1 tok)
2026-04-30 21:50:13,701 mme_vla_suite.pseudo_labeling.topreward_qwen_scorer INFO: Prefix 7/8 (end=36, n_frames=7/37): reward=-17.1250 (mean, 1 tok)
2026-04-30 21:50:20,578 mme_vla_suite.pseudo_labeling.topreward_qwen_scorer INFO: Prefix 8/8 (end=42, n_frames=9/43): reward=-18.5000 (mean, 1 tok)
2026-04-30 21:50:28,594 mme_vla_suite.pseudo_labeling.topreward_qwen_scorer INFO: Prefix 1/8 (end=4, n_frames=4/5): reward=-19.7500 (mean, 1 tok)
2026-04-30 21:50:35,461 mme_vla_suite.pseudo_labeling.topreward_qwen_scorer INFO: Prefix 2/8 (end=9, n_frames=4/10): reward=-19.5000 (mean, 1 tok)
2026-04-30 21:50:42,326 mme_vla_suite.pseudo_labeling.topreward_qwen_scorer INFO: Prefix 3/8 (end=14, n_frames=4/15): reward=-18.6250 (mean, 1 tok)
2026-04-30 21:50:49,187 mme_vla_suite.pseudo_labeling.topreward_qwen_scorer INFO: Prefix 4/8 (end=19, n_frames=4/20): reward=-18.3750 (mean, 1 tok)
2026-04-30 21:50:56,065 mme_vla_suite.pseudo_labeling.topreward_qwen_scorer INFO: Prefix 5/8 (end=25, n_frames=5/26): reward=-19.7500 (mean, 1 tok)
2026-04-30 21:51:02,956 mme_vla_suite.pseudo_labeling.topreward_qwen_scorer INFO: Prefix 6/8 (end=30, n_frames=6/31): reward=-19.5000 (mean, 1 tok)
2026-04-30 21:51:09,831 mme_vla_suite.pseudo_labeling.topreward_qwen_scorer INFO: Prefix 7/8 (end=35, n_frames=7/36): reward=-18.7500 (mean, 1 tok)
2026-04-30 21:51:16,714 mme_vla_suite.pseudo_labeling.topreward_qwen_scorer INFO: Prefix 8/8 (end=41, n_frames=8/42): reward=-18.5000 (mean, 1 tok)
2026-04-30 21:51:24,485 mme_vla_suite.pseudo_labeling.topreward_qwen_scorer INFO: Prefix 1/8 (end=4, n_frames=4/5): reward=-20.7500 (mean, 1 tok)
2026-04-30 21:51:31,337 mme_vla_suite.pseudo_labeling.topreward_qwen_scorer INFO: Prefix 2/8 (end=9, n_frames=4/10): reward=-19.3750 (mean, 1 tok)
2026-04-30 21:51:38,186 mme_vla_suite.pseudo_labeling.topreward_qwen_scorer INFO: Prefix 3/8 (end=14, n_frames=4/15): reward=-18.8750 (mean, 1 tok)
2026-04-30 21:51:45,033 mme_vla_suite.pseudo_labeling.topreward_qwen_scorer INFO: Prefix 4/8 (end=19, n_frames=4/20): reward=-18.7500 (mean, 1 tok)
2026-04-30 21:51:51,896 mme_vla_suite.pseudo_labeling.topreward_qwen_scorer INFO: Prefix 5/8 (end=25, n_frames=5/26): reward=-19.0000 (mean, 1 tok)
2026-04-30 21:51:58,767 mme_vla_suite.pseudo_labeling.topreward_qwen_scorer INFO: Prefix 6/8 (end=30, n_frames=6/31): reward=-18.8750 (mean, 1 tok)
2026-04-30 21:52:05,615 mme_vla_suite.pseudo_labeling.topreward_qwen_scorer INFO: Prefix 7/8 (end=35, n_frames=7/36): reward=-18.3750 (mean, 1 tok)
2026-04-30 21:52:12,504 mme_vla_suite.pseudo_labeling.topreward_qwen_scorer INFO: Prefix 8/8 (end=41, n_frames=8/42): reward=-18.5000 (mean, 1 tok)
2026-04-30 21:52:20,438 mme_vla_suite.pseudo_labeling.topreward_qwen_scorer INFO: Prefix 1/8 (end=4, n_frames=4/5): reward=-20.5000 (mean, 1 tok)
2026-04-30 21:52:27,278 mme_vla_suite.pseudo_labeling.topreward_qwen_scorer INFO: Prefix 2/8 (end=9, n_frames=4/10): reward=-19.8750 (mean, 1 tok)
2026-04-30 21:52:34,133 mme_vla_suite.pseudo_labeling.topreward_qwen_scorer INFO: Prefix 3/8 (end=14, n_frames=4/15): reward=-19.5000 (mean, 1 tok)
2026-04-30 21:52:40,992 mme_vla_suite.pseudo_labeling.topreward_qwen_scorer INFO: Prefix 4/8 (end=19, n_frames=4/20): reward=-19.3750 (mean, 1 tok)
2026-04-30 21:52:47,881 mme_vla_suite.pseudo_labeling.topreward_qwen_scorer INFO: Prefix 5/8 (end=25, n_frames=5/26): reward=-19.5000 (mean, 1 tok)
2026-04-30 21:52:54,755 mme_vla_suite.pseudo_labeling.topreward_qwen_scorer INFO: Prefix 6/8 (end=30, n_frames=6/31): reward=-19.8750 (mean, 1 tok)
2026-04-30 21:53:01,647 mme_vla_suite.pseudo_labeling.topreward_qwen_scorer INFO: Prefix 7/8 (end=35, n_frames=7/36): reward=-18.8750 (mean, 1 tok)
2026-04-30 21:53:08,541 mme_vla_suite.pseudo_labeling.topreward_qwen_scorer INFO: Prefix 8/8 (end=41, n_frames=8/42): reward=-18.3750 (mean, 1 tok)
2026-04-30 21:53:16,335 mme_vla_suite.pseudo_labeling.topreward_qwen_scorer INFO: Prefix 1/8 (end=4, n_frames=4/5): reward=-18.6250 (mean, 1 tok)
2026-04-30 21:53:23,190 mme_vla_suite.pseudo_labeling.topreward_qwen_scorer INFO: Prefix 2/8 (end=8, n_frames=4/9): reward=-19.0000 (mean, 1 tok)
2026-04-30 21:53:30,033 mme_vla_suite.pseudo_labeling.topreward_qwen_scorer INFO: Prefix 3/8 (end=13, n_frames=4/14): reward=-19.1250 (mean, 1 tok)
2026-04-30 21:53:36,898 mme_vla_suite.pseudo_labeling.topreward_qwen_scorer INFO: Prefix 4/8 (end=18, n_frames=4/19): reward=-19.2500 (mean, 1 tok)
2026-04-30 21:53:43,874 mme_vla_suite.pseudo_labeling.topreward_qwen_scorer INFO: Prefix 5/8 (end=23, n_frames=5/24): reward=-18.6250 (mean, 1 tok)
2026-04-30 21:53:50,819 mme_vla_suite.pseudo_labeling.topreward_qwen_scorer INFO: Prefix 6/8 (end=28, n_frames=6/29): reward=-18.5000 (mean, 1 tok)
2026-04-30 21:53:57,686 mme_vla_suite.pseudo_labeling.topreward_qwen_scorer INFO: Prefix 7/8 (end=33, n_frames=7/34): reward=-17.2500 (mean, 1 tok)
2026-04-30 21:54:04,585 mme_vla_suite.pseudo_labeling.topreward_qwen_scorer INFO: Prefix 8/8 (end=38, n_frames=8/39): reward=-17.5000 (mean, 1 tok)
2026-04-30 21:54:12,500 mme_vla_suite.pseudo_labeling.topreward_qwen_scorer INFO: Prefix 1/8 (end=5, n_frames=4/6): reward=-19.6250 (mean, 1 tok)
2026-04-30 21:54:19,352 mme_vla_suite.pseudo_labeling.topreward_qwen_scorer INFO: Prefix 2/8 (end=12, n_frames=4/13): reward=-19.1250 (mean, 1 tok)
2026-04-30 21:54:26,189 mme_vla_suite.pseudo_labeling.topreward_qwen_scorer INFO: Prefix 3/8 (end=19, n_frames=4/20): reward=-19.1250 (mean, 1 tok)
2026-04-30 21:54:33,045 mme_vla_suite.pseudo_labeling.topreward_qwen_scorer INFO: Prefix 4/8 (end=26, n_frames=5/27): reward=-18.7500 (mean, 1 tok)
2026-04-30 21:54:39,906 mme_vla_suite.pseudo_labeling.topreward_qwen_scorer INFO: Prefix 5/8 (end=33, n_frames=7/34): reward=-17.8750 (mean, 1 tok)
2026-04-30 21:54:47,079 mme_vla_suite.pseudo_labeling.topreward_qwen_scorer INFO: Prefix 6/8 (end=40, n_frames=8/41): reward=-18.2500 (mean, 1 tok)
2026-04-30 21:54:53,967 mme_vla_suite.pseudo_labeling.topreward_qwen_scorer INFO: Prefix 7/8 (end=47, n_frames=10/48): reward=-18.6250 (mean, 1 tok)
2026-04-30 21:55:00,900 mme_vla_suite.pseudo_labeling.topreward_qwen_scorer INFO: Prefix 8/8 (end=54, n_frames=11/55): reward=-19.0000 (mean, 1 tok)
2026-04-30 21:55:08,749 mme_vla_suite.pseudo_labeling.topreward_qwen_scorer INFO: Prefix 1/8 (end=9, n_frames=4/10): reward=-19.5000 (mean, 1 tok)
2026-04-30 21:55:15,606 mme_vla_suite.pseudo_labeling.topreward_qwen_scorer INFO: Prefix 2/8 (end=20, n_frames=4/21): reward=-19.3750 (mean, 1 tok)
2026-04-30 21:55:22,484 mme_vla_suite.pseudo_labeling.topreward_qwen_scorer INFO: Prefix 3/8 (end=32, n_frames=7/33): reward=-18.1250 (mean, 1 tok)
2026-04-30 21:55:29,360 mme_vla_suite.pseudo_labeling.topreward_qwen_scorer INFO: Prefix 4/8 (end=44, n_frames=9/45): reward=-17.6250 (mean, 1 tok)
2026-04-30 21:55:36,248 mme_vla_suite.pseudo_labeling.topreward_qwen_scorer INFO: Prefix 5/8 (end=55, n_frames=11/56): reward=-19.0000 (mean, 1 tok)
2026-04-30 21:55:43,148 mme_vla_suite.pseudo_labeling.topreward_qwen_scorer INFO: Prefix 6/8 (end=67, n_frames=14/68): reward=-19.2500 (mean, 1 tok)
2026-04-30 21:55:50,088 mme_vla_suite.pseudo_labeling.topreward_qwen_scorer INFO: Prefix 7/8 (end=79, n_frames=16/80): reward=-19.2500 (mean, 1 tok)
2026-04-30 21:55:57,058 mme_vla_suite.pseudo_labeling.topreward_qwen_scorer INFO: Prefix 8/8 (end=91, n_frames=18/92): reward=-19.1250 (mean, 1 tok)
2026-04-30 21:56:05,054 mme_vla_suite.pseudo_labeling.topreward_qwen_scorer INFO: Prefix 1/8 (end=11, n_frames=4/12): reward=-19.8750 (mean, 1 tok)
2026-04-30 21:56:11,916 mme_vla_suite.pseudo_labeling.topreward_qwen_scorer INFO: Prefix 2/8 (end=26, n_frames=5/27): reward=-20.7500 (mean, 1 tok)
2026-04-30 21:56:18,793 mme_vla_suite.pseudo_labeling.topreward_qwen_scorer INFO: Prefix 3/8 (end=41, n_frames=8/42): reward=-16.6250 (mean, 1 tok)
2026-04-30 21:56:25,682 mme_vla_suite.pseudo_labeling.topreward_qwen_scorer INFO: Prefix 4/8 (end=56, n_frames=11/57): reward=-16.5000 (mean, 1 tok)
2026-04-30 21:56:32,595 mme_vla_suite.pseudo_labeling.topreward_qwen_scorer INFO: Prefix 5/8 (end=72, n_frames=15/73): reward=-16.6250 (mean, 1 tok)
2026-04-30 21:56:39,520 mme_vla_suite.pseudo_labeling.topreward_qwen_scorer INFO: Prefix 6/8 (end=87, n_frames=18/88): reward=-16.2500 (mean, 1 tok)
2026-04-30 21:56:46,465 mme_vla_suite.pseudo_labeling.topreward_qwen_scorer INFO: Prefix 7/8 (end=102, n_frames=21/103): reward=-14.6250 (mean, 1 tok)
2026-04-30 21:56:53,423 mme_vla_suite.pseudo_labeling.topreward_qwen_scorer INFO: Prefix 8/8 (end=118, n_frames=24/119): reward=-14.2500 (mean, 1 tok)
2026-04-30 21:57:00,953 mme_vla_suite.pseudo_labeling.topreward_qwen_scorer INFO: Prefix 1/8 (end=4, n_frames=4/5): reward=-19.5000 (mean, 1 tok)
2026-04-30 21:57:07,794 mme_vla_suite.pseudo_labeling.topreward_qwen_scorer INFO: Prefix 2/8 (end=6, n_frames=4/7): reward=-19.2500 (mean, 1 tok)
2026-04-30 21:57:14,643 mme_vla_suite.pseudo_labeling.topreward_qwen_scorer INFO: Prefix 3/8 (end=9, n_frames=4/10): reward=-18.6250 (mean, 1 tok)
2026-04-30 21:57:21,490 mme_vla_suite.pseudo_labeling.topreward_qwen_scorer INFO: Prefix 4/8 (end=12, n_frames=4/13): reward=-19.1250 (mean, 1 tok)
2026-04-30 21:57:28,321 mme_vla_suite.pseudo_labeling.topreward_qwen_scorer INFO: Prefix 5/8 (end=15, n_frames=4/16): reward=-18.1250 (mean, 1 tok)
2026-04-30 21:57:35,182 mme_vla_suite.pseudo_labeling.topreward_qwen_scorer INFO: Prefix 6/8 (end=18, n_frames=4/19): reward=-17.5000 (mean, 1 tok)
2026-04-30 21:57:42,015 mme_vla_suite.pseudo_labeling.topreward_qwen_scorer INFO: Prefix 7/8 (end=21, n_frames=4/22): reward=-17.7500 (mean, 1 tok)
2026-04-30 21:57:48,857 mme_vla_suite.pseudo_labeling.topreward_qwen_scorer INFO: Prefix 8/8 (end=24, n_frames=5/25): reward=-18.7500 (mean, 1 tok)
2026-04-30 21:57:56,638 mme_vla_suite.pseudo_labeling.topreward_qwen_scorer INFO: Prefix 1/8 (end=4, n_frames=4/5): reward=-18.7500 (mean, 1 tok)
2026-04-30 21:58:03,471 mme_vla_suite.pseudo_labeling.topreward_qwen_scorer INFO: Prefix 2/8 (end=8, n_frames=4/9): reward=-18.2500 (mean, 1 tok)
2026-04-30 21:58:10,307 mme_vla_suite.pseudo_labeling.topreward_qwen_scorer INFO: Prefix 3/8 (end=13, n_frames=4/14): reward=-17.3750 (mean, 1 tok)
2026-04-30 21:58:17,153 mme_vla_suite.pseudo_labeling.topreward_qwen_scorer INFO: Prefix 4/8 (end=18, n_frames=4/19): reward=-16.6250 (mean, 1 tok)
2026-04-30 21:58:24,011 mme_vla_suite.pseudo_labeling.topreward_qwen_scorer INFO: Prefix 5/8 (end=23, n_frames=5/24): reward=-15.8750 (mean, 1 tok)
2026-04-30 21:58:30,854 mme_vla_suite.pseudo_labeling.topreward_qwen_scorer INFO: Prefix 6/8 (end=28, n_frames=6/29): reward=-16.0000 (mean, 1 tok)
2026-04-30 21:58:37,717 mme_vla_suite.pseudo_labeling.topreward_qwen_scorer INFO: Prefix 7/8 (end=33, n_frames=7/34): reward=-18.5000 (mean, 1 tok)
2026-04-30 21:58:44,573 mme_vla_suite.pseudo_labeling.topreward_qwen_scorer INFO: Prefix 8/8 (end=38, n_frames=8/39): reward=-18.3750 (mean, 1 tok)
2026-04-30 21:58:52,361 mme_vla_suite.pseudo_labeling.topreward_qwen_scorer INFO: Prefix 1/8 (end=4, n_frames=4/5): reward=-20.8750 (mean, 1 tok)
2026-04-30 21:58:59,209 mme_vla_suite.pseudo_labeling.topreward_qwen_scorer INFO: Prefix 2/8 (end=9, n_frames=4/10): reward=-20.1250 (mean, 1 tok)
2026-04-30 21:59:06,065 mme_vla_suite.pseudo_labeling.topreward_qwen_scorer INFO: Prefix 3/8 (end=14, n_frames=4/15): reward=-20.0000 (mean, 1 tok)
2026-04-30 21:59:12,938 mme_vla_suite.pseudo_labeling.topreward_qwen_scorer INFO: Prefix 4/8 (end=19, n_frames=4/20): reward=-19.5000 (mean, 1 tok)
2026-04-30 21:59:19,801 mme_vla_suite.pseudo_labeling.topreward_qwen_scorer INFO: Prefix 5/8 (end=24, n_frames=5/25): reward=-18.5000 (mean, 1 tok)
2026-04-30 21:59:26,717 mme_vla_suite.pseudo_labeling.topreward_qwen_scorer INFO: Prefix 6/8 (end=29, n_frames=6/30): reward=-19.0000 (mean, 1 tok)
2026-04-30 21:59:33,587 mme_vla_suite.pseudo_labeling.topreward_qwen_scorer INFO: Prefix 7/8 (end=34, n_frames=7/35): reward=-19.8750 (mean, 1 tok)
2026-04-30 21:59:40,439 mme_vla_suite.pseudo_labeling.topreward_qwen_scorer INFO: Prefix 8/8 (end=39, n_frames=8/40): reward=-18.5000 (mean, 1 tok)
2026-04-30 21:59:48,257 mme_vla_suite.pseudo_labeling.topreward_qwen_scorer INFO: Prefix 1/8 (end=4, n_frames=4/5): reward=-18.8750 (mean, 1 tok)
2026-04-30 21:59:55,179 mme_vla_suite.pseudo_labeling.topreward_qwen_scorer INFO: Prefix 2/8 (end=9, n_frames=4/10): reward=-19.0000 (mean, 1 tok)
2026-04-30 22:00:02,023 mme_vla_suite.pseudo_labeling.topreward_qwen_scorer INFO: Prefix 3/8 (end=14, n_frames=4/15): reward=-18.0000 (mean, 1 tok)
2026-04-30 22:00:08,857 mme_vla_suite.pseudo_labeling.topreward_qwen_scorer INFO: Prefix 4/8 (end=19, n_frames=4/20): reward=-18.1250 (mean, 1 tok)
2026-04-30 22:00:15,716 mme_vla_suite.pseudo_labeling.topreward_qwen_scorer INFO: Prefix 5/8 (end=24, n_frames=5/25): reward=-18.1250 (mean, 1 tok)
2026-04-30 22:00:22,570 mme_vla_suite.pseudo_labeling.topreward_qwen_scorer INFO: Prefix 6/8 (end=29, n_frames=6/30): reward=-17.7500 (mean, 1 tok)
2026-04-30 22:00:29,431 mme_vla_suite.pseudo_labeling.topreward_qwen_scorer INFO: Prefix 7/8 (end=34, n_frames=7/35): reward=-19.5000 (mean, 1 tok)
2026-04-30 22:00:36,293 mme_vla_suite.pseudo_labeling.topreward_qwen_scorer INFO: Prefix 8/8 (end=39, n_frames=8/40): reward=-18.7500 (mean, 1 tok)
2026-04-30 22:00:44,068 mme_vla_suite.pseudo_labeling.topreward_qwen_scorer INFO: Prefix 1/8 (end=4, n_frames=4/5): reward=-21.1250 (mean, 1 tok)
2026-04-30 22:00:50,925 mme_vla_suite.pseudo_labeling.topreward_qwen_scorer INFO: Prefix 2/8 (end=9, n_frames=4/10): reward=-20.3750 (mean, 1 tok)
2026-04-30 22:00:57,802 mme_vla_suite.pseudo_labeling.topreward_qwen_scorer INFO: Prefix 3/8 (end=14, n_frames=4/15): reward=-20.5000 (mean, 1 tok)
2026-04-30 22:01:04,669 mme_vla_suite.pseudo_labeling.topreward_qwen_scorer INFO: Prefix 4/8 (end=19, n_frames=4/20): reward=-20.1250 (mean, 1 tok)
2026-04-30 22:01:11,525 mme_vla_suite.pseudo_labeling.topreward_qwen_scorer INFO: Prefix 5/8 (end=24, n_frames=5/25): reward=-19.6250 (mean, 1 tok)
2026-04-30 22:01:18,382 mme_vla_suite.pseudo_labeling.topreward_qwen_scorer INFO: Prefix 6/8 (end=29, n_frames=6/30): reward=-19.7500 (mean, 1 tok)
2026-04-30 22:01:25,236 mme_vla_suite.pseudo_labeling.topreward_qwen_scorer INFO: Prefix 7/8 (end=34, n_frames=7/35): reward=-20.0000 (mean, 1 tok)
2026-04-30 22:01:32,101 mme_vla_suite.pseudo_labeling.topreward_qwen_scorer INFO: Prefix 8/8 (end=39, n_frames=8/40): reward=-19.5000 (mean, 1 tok)
2026-04-30 22:01:39,917 mme_vla_suite.pseudo_labeling.topreward_qwen_scorer INFO: Prefix 1/8 (end=4, n_frames=4/5): reward=-19.7500 (mean, 1 tok)
2026-04-30 22:01:46,775 mme_vla_suite.pseudo_labeling.topreward_qwen_scorer INFO: Prefix 2/8 (end=9, n_frames=4/10): reward=-19.3750 (mean, 1 tok)
2026-04-30 22:01:53,626 mme_vla_suite.pseudo_labeling.topreward_qwen_scorer INFO: Prefix 3/8 (end=14, n_frames=4/15): reward=-18.8750 (mean, 1 tok)
2026-04-30 22:02:00,480 mme_vla_suite.pseudo_labeling.topreward_qwen_scorer INFO: Prefix 4/8 (end=19, n_frames=4/20): reward=-18.6250 (mean, 1 tok)
2026-04-30 22:02:07,340 mme_vla_suite.pseudo_labeling.topreward_qwen_scorer INFO: Prefix 5/8 (end=24, n_frames=5/25): reward=-18.7500 (mean, 1 tok)
2026-04-30 22:02:14,210 mme_vla_suite.pseudo_labeling.topreward_qwen_scorer INFO: Prefix 6/8 (end=29, n_frames=6/30): reward=-18.8750 (mean, 1 tok)
2026-04-30 22:02:21,076 mme_vla_suite.pseudo_labeling.topreward_qwen_scorer INFO: Prefix 7/8 (end=34, n_frames=7/35): reward=-20.5000 (mean, 1 tok)
2026-04-30 22:02:27,955 mme_vla_suite.pseudo_labeling.topreward_qwen_scorer INFO: Prefix 8/8 (end=39, n_frames=8/40): reward=-19.5000 (mean, 1 tok)
2026-04-30 22:02:36,023 mme_vla_suite.pseudo_labeling.topreward_qwen_scorer INFO: Prefix 1/8 (end=4, n_frames=4/5): reward=-21.2500 (mean, 1 tok)
2026-04-30 22:02:42,941 mme_vla_suite.pseudo_labeling.topreward_qwen_scorer INFO: Prefix 2/8 (end=8, n_frames=4/9): reward=-20.5000 (mean, 1 tok)
2026-04-30 22:02:49,778 mme_vla_suite.pseudo_labeling.topreward_qwen_scorer INFO: Prefix 3/8 (end=12, n_frames=4/13): reward=-21.7500 (mean, 1 tok)
2026-04-30 22:02:56,627 mme_vla_suite.pseudo_labeling.topreward_qwen_scorer INFO: Prefix 4/8 (end=17, n_frames=4/18): reward=-18.5000 (mean, 1 tok)
2026-04-30 22:03:03,463 mme_vla_suite.pseudo_labeling.topreward_qwen_scorer INFO: Prefix 5/8 (end=21, n_frames=4/22): reward=-17.8750 (mean, 1 tok)
2026-04-30 22:03:10,304 mme_vla_suite.pseudo_labeling.topreward_qwen_scorer INFO: Prefix 6/8 (end=26, n_frames=5/27): reward=-19.1250 (mean, 1 tok)
2026-04-30 22:03:17,285 mme_vla_suite.pseudo_labeling.topreward_qwen_scorer INFO: Prefix 7/8 (end=30, n_frames=6/31): reward=-18.0000 (mean, 1 tok)
2026-04-30 22:03:24,220 mme_vla_suite.pseudo_labeling.topreward_qwen_scorer INFO: Prefix 8/8 (end=35, n_frames=7/36): reward=-16.1250 (mean, 1 tok)
2026-04-30 22:03:32,055 mme_vla_suite.pseudo_labeling.topreward_qwen_scorer INFO: Prefix 1/8 (end=7, n_frames=4/8): reward=-21.2500 (mean, 1 tok)
2026-04-30 22:03:38,903 mme_vla_suite.pseudo_labeling.topreward_qwen_scorer INFO: Prefix 2/8 (end=16, n_frames=4/17): reward=-21.3750 (mean, 1 tok)
2026-04-30 22:03:45,747 mme_vla_suite.pseudo_labeling.topreward_qwen_scorer INFO: Prefix 3/8 (end=25, n_frames=5/26): reward=-21.1250 (mean, 1 tok)
2026-04-30 22:03:52,585 mme_vla_suite.pseudo_labeling.topreward_qwen_scorer INFO: Prefix 4/8 (end=34, n_frames=7/35): reward=-20.2500 (mean, 1 tok)
2026-04-30 22:03:59,449 mme_vla_suite.pseudo_labeling.topreward_qwen_scorer INFO: Prefix 5/8 (end=43, n_frames=9/44): reward=-20.0000 (mean, 1 tok)
2026-04-30 22:04:06,314 mme_vla_suite.pseudo_labeling.topreward_qwen_scorer INFO: Prefix 6/8 (end=52, n_frames=11/53): reward=-20.6250 (mean, 1 tok)
2026-04-30 22:04:13,229 mme_vla_suite.pseudo_labeling.topreward_qwen_scorer INFO: Prefix 7/8 (end=61, n_frames=12/62): reward=-20.0000 (mean, 1 tok)
2026-04-30 22:04:20,120 mme_vla_suite.pseudo_labeling.topreward_qwen_scorer INFO: Prefix 8/8 (end=71, n_frames=14/72): reward=-19.1250 (mean, 1 tok)
2026-04-30 22:04:28,022 mme_vla_suite.pseudo_labeling.topreward_qwen_scorer INFO: Prefix 1/8 (end=11, n_frames=4/12): reward=-21.7500 (mean, 1 tok)
2026-04-30 22:04:34,884 mme_vla_suite.pseudo_labeling.topreward_qwen_scorer INFO: Prefix 2/8 (end=25, n_frames=5/26): reward=-21.1250 (mean, 1 tok)
2026-04-30 22:04:41,750 mme_vla_suite.pseudo_labeling.topreward_qwen_scorer INFO: Prefix 3/8 (end=40, n_frames=8/41): reward=-20.6250 (mean, 1 tok)
2026-04-30 22:04:48,644 mme_vla_suite.pseudo_labeling.topreward_qwen_scorer INFO: Prefix 4/8 (end=55, n_frames=11/56): reward=-20.6250 (mean, 1 tok)
2026-04-30 22:04:55,537 mme_vla_suite.pseudo_labeling.topreward_qwen_scorer INFO: Prefix 5/8 (end=69, n_frames=14/70): reward=-18.8750 (mean, 1 tok)
2026-04-30 22:05:02,465 mme_vla_suite.pseudo_labeling.topreward_qwen_scorer INFO: Prefix 6/8 (end=84, n_frames=17/85): reward=-19.5000 (mean, 1 tok)
2026-04-30 22:05:09,416 mme_vla_suite.pseudo_labeling.topreward_qwen_scorer INFO: Prefix 7/8 (end=99, n_frames=20/100): reward=-19.1250 (mean, 1 tok)
2026-04-30 22:05:16,384 mme_vla_suite.pseudo_labeling.topreward_qwen_scorer INFO: Prefix 8/8 (end=114, n_frames=23/115): reward=-20.0000 (mean, 1 tok)
2026-04-30 22:05:24,366 mme_vla_suite.pseudo_labeling.topreward_qwen_scorer INFO: Prefix 1/8 (end=11, n_frames=4/12): reward=-18.6250 (mean, 1 tok)
2026-04-30 22:05:31,219 mme_vla_suite.pseudo_labeling.topreward_qwen_scorer INFO: Prefix 2/8 (end=25, n_frames=5/26): reward=-19.0000 (mean, 1 tok)
2026-04-30 22:05:38,083 mme_vla_suite.pseudo_labeling.topreward_qwen_scorer INFO: Prefix 3/8 (end=40, n_frames=8/41): reward=-15.5000 (mean, 1 tok)
2026-04-30 22:05:44,960 mme_vla_suite.pseudo_labeling.topreward_qwen_scorer INFO: Prefix 4/8 (end=55, n_frames=11/56): reward=-14.6250 (mean, 1 tok)
2026-04-30 22:05:51,842 mme_vla_suite.pseudo_labeling.topreward_qwen_scorer INFO: Prefix 5/8 (end=69, n_frames=14/70): reward=-15.0000 (mean, 1 tok)
2026-04-30 22:05:58,753 mme_vla_suite.pseudo_labeling.topreward_qwen_scorer INFO: Prefix 6/8 (end=84, n_frames=17/85): reward=-14.5000 (mean, 1 tok)
2026-04-30 22:06:05,697 mme_vla_suite.pseudo_labeling.topreward_qwen_scorer INFO: Prefix 7/8 (end=99, n_frames=20/100): reward=-14.5000 (mean, 1 tok)
2026-04-30 22:06:12,682 mme_vla_suite.pseudo_labeling.topreward_qwen_scorer INFO: Prefix 8/8 (end=114, n_frames=23/115): reward=-13.6250 (mean, 1 tok)
2026-04-30 22:06:20,262 mme_vla_suite.pseudo_labeling.topreward_qwen_scorer INFO: Prefix 1/8 (end=4, n_frames=4/5): reward=-18.8750 (mean, 1 tok)
2026-04-30 22:06:27,140 mme_vla_suite.pseudo_labeling.topreward_qwen_scorer INFO: Prefix 2/8 (end=8, n_frames=4/9): reward=-17.2500 (mean, 1 tok)
2026-04-30 22:06:33,994 mme_vla_suite.pseudo_labeling.topreward_qwen_scorer INFO: Prefix 3/8 (end=12, n_frames=4/13): reward=-17.6250 (mean, 1 tok)
2026-04-30 22:06:40,844 mme_vla_suite.pseudo_labeling.topreward_qwen_scorer INFO: Prefix 4/8 (end=17, n_frames=4/18): reward=-17.1250 (mean, 1 tok)
2026-04-30 22:06:47,674 mme_vla_suite.pseudo_labeling.topreward_qwen_scorer INFO: Prefix 5/8 (end=21, n_frames=4/22): reward=-16.6250 (mean, 1 tok)
2026-04-30 22:06:54,540 mme_vla_suite.pseudo_labeling.topreward_qwen_scorer INFO: Prefix 6/8 (end=26, n_frames=5/27): reward=-17.7500 (mean, 1 tok)
2026-04-30 22:07:01,413 mme_vla_suite.pseudo_labeling.topreward_qwen_scorer INFO: Prefix 7/8 (end=30, n_frames=6/31): reward=-17.3750 (mean, 1 tok)
2026-04-30 22:07:08,266 mme_vla_suite.pseudo_labeling.topreward_qwen_scorer INFO: Prefix 8/8 (end=35, n_frames=7/36): reward=-18.3750 (mean, 1 tok)
2026-04-30 22:07:16,233 mme_vla_suite.pseudo_labeling.topreward_qwen_scorer INFO: Prefix 1/8 (end=4, n_frames=4/5): reward=-20.6250 (mean, 1 tok)
2026-04-30 22:07:23,086 mme_vla_suite.pseudo_labeling.topreward_qwen_scorer INFO: Prefix 2/8 (end=9, n_frames=4/10): reward=-20.0000 (mean, 1 tok)
2026-04-30 22:07:29,953 mme_vla_suite.pseudo_labeling.topreward_qwen_scorer INFO: Prefix 3/8 (end=15, n_frames=4/16): reward=-18.3750 (mean, 1 tok)
2026-04-30 22:07:36,810 mme_vla_suite.pseudo_labeling.topreward_qwen_scorer INFO: Prefix 4/8 (end=20, n_frames=4/21): reward=-18.5000 (mean, 1 tok)
2026-04-30 22:07:43,675 mme_vla_suite.pseudo_labeling.topreward_qwen_scorer INFO: Prefix 5/8 (end=26, n_frames=5/27): reward=-18.6250 (mean, 1 tok)
2026-04-30 22:07:50,543 mme_vla_suite.pseudo_labeling.topreward_qwen_scorer INFO: Prefix 6/8 (end=31, n_frames=6/32): reward=-19.0000 (mean, 1 tok)
2026-04-30 22:07:57,409 mme_vla_suite.pseudo_labeling.topreward_qwen_scorer INFO: Prefix 7/8 (end=37, n_frames=8/38): reward=-19.1250 (mean, 1 tok)
2026-04-30 22:08:04,286 mme_vla_suite.pseudo_labeling.topreward_qwen_scorer INFO: Prefix 8/8 (end=43, n_frames=9/44): reward=-20.1250 (mean, 1 tok)
2026-04-30 22:08:12,109 mme_vla_suite.pseudo_labeling.topreward_qwen_scorer INFO: Prefix 1/8 (end=4, n_frames=4/5): reward=-20.5000 (mean, 1 tok)
2026-04-30 22:08:18,958 mme_vla_suite.pseudo_labeling.topreward_qwen_scorer INFO: Prefix 2/8 (end=9, n_frames=4/10): reward=-19.3750 (mean, 1 tok)
2026-04-30 22:08:25,810 mme_vla_suite.pseudo_labeling.topreward_qwen_scorer INFO: Prefix 3/8 (end=15, n_frames=4/16): reward=-18.1250 (mean, 1 tok)
2026-04-30 22:08:32,670 mme_vla_suite.pseudo_labeling.topreward_qwen_scorer INFO: Prefix 4/8 (end=20, n_frames=4/21): reward=-18.8750 (mean, 1 tok)
2026-04-30 22:08:39,531 mme_vla_suite.pseudo_labeling.topreward_qwen_scorer INFO: Prefix 5/8 (end=26, n_frames=5/27): reward=-17.8750 (mean, 1 tok)
2026-04-30 22:08:46,400 mme_vla_suite.pseudo_labeling.topreward_qwen_scorer INFO: Prefix 6/8 (end=31, n_frames=6/32): reward=-18.5000 (mean, 1 tok)
2026-04-30 22:08:53,255 mme_vla_suite.pseudo_labeling.topreward_qwen_scorer INFO: Prefix 7/8 (end=37, n_frames=8/38): reward=-17.6250 (mean, 1 tok)
2026-04-30 22:09:00,126 mme_vla_suite.pseudo_labeling.topreward_qwen_scorer INFO: Prefix 8/8 (end=43, n_frames=9/44): reward=-18.7500 (mean, 1 tok)
2026-04-30 22:09:08,125 mme_vla_suite.pseudo_labeling.topreward_qwen_scorer INFO: Prefix 1/8 (end=4, n_frames=4/5): reward=-20.7500 (mean, 1 tok)
2026-04-30 22:09:14,970 mme_vla_suite.pseudo_labeling.topreward_qwen_scorer INFO: Prefix 2/8 (end=9, n_frames=4/10): reward=-20.7500 (mean, 1 tok)
2026-04-30 22:09:21,825 mme_vla_suite.pseudo_labeling.topreward_qwen_scorer INFO: Prefix 3/8 (end=14, n_frames=4/15): reward=-20.1250 (mean, 1 tok)
2026-04-30 22:09:28,683 mme_vla_suite.pseudo_labeling.topreward_qwen_scorer INFO: Prefix 4/8 (end=20, n_frames=4/21): reward=-19.5000 (mean, 1 tok)
2026-04-30 22:09:35,546 mme_vla_suite.pseudo_labeling.topreward_qwen_scorer INFO: Prefix 5/8 (end=25, n_frames=5/26): reward=-19.3750 (mean, 1 tok)
2026-04-30 22:09:42,411 mme_vla_suite.pseudo_labeling.topreward_qwen_scorer INFO: Prefix 6/8 (end=31, n_frames=6/32): reward=-18.7500 (mean, 1 tok)
2026-04-30 22:09:49,289 mme_vla_suite.pseudo_labeling.topreward_qwen_scorer INFO: Prefix 7/8 (end=36, n_frames=7/37): reward=-20.3750 (mean, 1 tok)
2026-04-30 22:09:56,161 mme_vla_suite.pseudo_labeling.topreward_qwen_scorer INFO: Prefix 8/8 (end=42, n_frames=9/43): reward=-19.5000 (mean, 1 tok)
2026-04-30 22:10:04,173 mme_vla_suite.pseudo_labeling.topreward_qwen_scorer INFO: Prefix 1/8 (end=4, n_frames=4/5): reward=-18.6250 (mean, 1 tok)
2026-04-30 22:10:11,013 mme_vla_suite.pseudo_labeling.topreward_qwen_scorer INFO: Prefix 2/8 (end=8, n_frames=4/9): reward=-18.6250 (mean, 1 tok)
2026-04-30 22:10:17,877 mme_vla_suite.pseudo_labeling.topreward_qwen_scorer INFO: Prefix 3/8 (end=12, n_frames=4/13): reward=-19.0000 (mean, 1 tok)
2026-04-30 22:10:24,707 mme_vla_suite.pseudo_labeling.topreward_qwen_scorer INFO: Prefix 4/8 (end=17, n_frames=4/18): reward=-19.1250 (mean, 1 tok)
2026-04-30 22:10:31,549 mme_vla_suite.pseudo_labeling.topreward_qwen_scorer INFO: Prefix 5/8 (end=21, n_frames=4/22): reward=-18.3750 (mean, 1 tok)
2026-04-30 22:10:38,397 mme_vla_suite.pseudo_labeling.topreward_qwen_scorer INFO: Prefix 6/8 (end=26, n_frames=5/27): reward=-18.6250 (mean, 1 tok)
2026-04-30 22:10:45,247 mme_vla_suite.pseudo_labeling.topreward_qwen_scorer INFO: Prefix 7/8 (end=30, n_frames=6/31): reward=-19.8750 (mean, 1 tok)
2026-04-30 22:10:52,097 mme_vla_suite.pseudo_labeling.topreward_qwen_scorer INFO: Prefix 8/8 (end=35, n_frames=7/36): reward=-15.5000 (mean, 1 tok)
2026-04-30 22:10:59,993 mme_vla_suite.pseudo_labeling.topreward_qwen_scorer INFO: Prefix 1/8 (end=6, n_frames=4/7): reward=-19.6250 (mean, 1 tok)
2026-04-30 22:11:06,838 mme_vla_suite.pseudo_labeling.topreward_qwen_scorer INFO: Prefix 2/8 (end=14, n_frames=4/15): reward=-19.6250 (mean, 1 tok)
2026-04-30 22:11:13,685 mme_vla_suite.pseudo_labeling.topreward_qwen_scorer INFO: Prefix 3/8 (end=22, n_frames=5/23): reward=-20.0000 (mean, 1 tok)
2026-04-30 22:11:20,544 mme_vla_suite.pseudo_labeling.topreward_qwen_scorer INFO: Prefix 4/8 (end=30, n_frames=6/31): reward=-19.5000 (mean, 1 tok)
2026-04-30 22:11:27,410 mme_vla_suite.pseudo_labeling.topreward_qwen_scorer INFO: Prefix 5/8 (end=38, n_frames=8/39): reward=-19.7500 (mean, 1 tok)
2026-04-30 22:11:34,291 mme_vla_suite.pseudo_labeling.topreward_qwen_scorer INFO: Prefix 6/8 (end=46, n_frames=9/47): reward=-19.1250 (mean, 1 tok)
2026-04-30 22:11:41,192 mme_vla_suite.pseudo_labeling.topreward_qwen_scorer INFO: Prefix 7/8 (end=54, n_frames=11/55): reward=-19.1250 (mean, 1 tok)
2026-04-30 22:11:48,101 mme_vla_suite.pseudo_labeling.topreward_qwen_scorer INFO: Prefix 8/8 (end=63, n_frames=13/64): reward=-19.2500 (mean, 1 tok)
2026-04-30 22:11:56,156 mme_vla_suite.pseudo_labeling.topreward_qwen_scorer INFO: Prefix 1/8 (end=10, n_frames=4/11): reward=-19.3750 (mean, 1 tok)
2026-04-30 22:12:03,031 mme_vla_suite.pseudo_labeling.topreward_qwen_scorer INFO: Prefix 2/8 (end=23, n_frames=5/24): reward=-19.2500 (mean, 1 tok)
2026-04-30 22:12:10,025 mme_vla_suite.pseudo_labeling.topreward_qwen_scorer INFO: Prefix 3/8 (end=36, n_frames=7/37): reward=-19.1250 (mean, 1 tok)
2026-04-30 22:12:16,925 mme_vla_suite.pseudo_labeling.topreward_qwen_scorer INFO: Prefix 4/8 (end=50, n_frames=10/51): reward=-19.2500 (mean, 1 tok)
2026-04-30 22:12:23,808 mme_vla_suite.pseudo_labeling.topreward_qwen_scorer INFO: Prefix 5/8 (end=63, n_frames=13/64): reward=-19.2500 (mean, 1 tok)
2026-04-30 22:12:30,698 mme_vla_suite.pseudo_labeling.topreward_qwen_scorer INFO: Prefix 6/8 (end=77, n_frames=16/78): reward=-19.6250 (mean, 1 tok)
2026-04-30 22:12:37,603 mme_vla_suite.pseudo_labeling.topreward_qwen_scorer INFO: Prefix 7/8 (end=90, n_frames=18/91): reward=-19.1250 (mean, 1 tok)
2026-04-30 22:12:44,571 mme_vla_suite.pseudo_labeling.topreward_qwen_scorer INFO: Prefix 8/8 (end=104, n_frames=21/105): reward=-19.1250 (mean, 1 tok)
2026-04-30 22:12:52,727 mme_vla_suite.pseudo_labeling.topreward_qwen_scorer INFO: Prefix 1/8 (end=11, n_frames=4/12): reward=-19.8750 (mean, 1 tok)
2026-04-30 22:12:59,574 mme_vla_suite.pseudo_labeling.topreward_qwen_scorer INFO: Prefix 2/8 (end=25, n_frames=5/26): reward=-20.3750 (mean, 1 tok)
2026-04-30 22:13:06,446 mme_vla_suite.pseudo_labeling.topreward_qwen_scorer INFO: Prefix 3/8 (end=39, n_frames=8/40): reward=-14.3750 (mean, 1 tok)
2026-04-30 22:13:13,325 mme_vla_suite.pseudo_labeling.topreward_qwen_scorer INFO: Prefix 4/8 (end=53, n_frames=11/54): reward=-14.8750 (mean, 1 tok)
2026-04-30 22:13:20,249 mme_vla_suite.pseudo_labeling.topreward_qwen_scorer INFO: Prefix 5/8 (end=67, n_frames=14/68): reward=-14.6250 (mean, 1 tok)
2026-04-30 22:13:27,148 mme_vla_suite.pseudo_labeling.topreward_qwen_scorer INFO: Prefix 6/8 (end=81, n_frames=16/82): reward=-14.5000 (mean, 1 tok)
2026-04-30 22:13:34,060 mme_vla_suite.pseudo_labeling.topreward_qwen_scorer INFO: Prefix 7/8 (end=95, n_frames=19/96): reward=-15.0000 (mean, 1 tok)
2026-04-30 22:13:41,037 mme_vla_suite.pseudo_labeling.topreward_qwen_scorer INFO: Prefix 8/8 (end=110, n_frames=22/111): reward=-14.0000 (mean, 1 tok)
2026-04-30 22:13:48,605 mme_vla_suite.pseudo_labeling.topreward_qwen_scorer INFO: Prefix 1/8 (end=4, n_frames=4/5): reward=-21.0000 (mean, 1 tok)
2026-04-30 22:13:55,472 mme_vla_suite.pseudo_labeling.topreward_qwen_scorer INFO: Prefix 2/8 (end=7, n_frames=4/8): reward=-20.8750 (mean, 1 tok)
2026-04-30 22:14:02,343 mme_vla_suite.pseudo_labeling.topreward_qwen_scorer INFO: Prefix 3/8 (end=10, n_frames=4/11): reward=-20.5000 (mean, 1 tok)
2026-04-30 22:14:09,190 mme_vla_suite.pseudo_labeling.topreward_qwen_scorer INFO: Prefix 4/8 (end=14, n_frames=4/15): reward=-20.8750 (mean, 1 tok)
2026-04-30 22:14:16,037 mme_vla_suite.pseudo_labeling.topreward_qwen_scorer INFO: Prefix 5/8 (end=17, n_frames=4/18): reward=-20.6250 (mean, 1 tok)
2026-04-30 22:14:22,888 mme_vla_suite.pseudo_labeling.topreward_qwen_scorer INFO: Prefix 6/8 (end=21, n_frames=4/22): reward=-20.0000 (mean, 1 tok)
2026-04-30 22:14:29,741 mme_vla_suite.pseudo_labeling.topreward_qwen_scorer INFO: Prefix 7/8 (end=24, n_frames=5/25): reward=-20.3750 (mean, 1 tok)
2026-04-30 22:14:36,604 mme_vla_suite.pseudo_labeling.topreward_qwen_scorer INFO: Prefix 8/8 (end=28, n_frames=6/29): reward=-19.5000 (mean, 1 tok)
2026-04-30 22:14:44,470 mme_vla_suite.pseudo_labeling.topreward_qwen_scorer INFO: Prefix 1/8 (end=4, n_frames=4/5): reward=-19.6250 (mean, 1 tok)
2026-04-30 22:14:51,302 mme_vla_suite.pseudo_labeling.topreward_qwen_scorer INFO: Prefix 2/8 (end=9, n_frames=4/10): reward=-19.1250 (mean, 1 tok)
2026-04-30 22:14:58,152 mme_vla_suite.pseudo_labeling.topreward_qwen_scorer INFO: Prefix 3/8 (end=15, n_frames=4/16): reward=-18.0000 (mean, 1 tok)
2026-04-30 22:15:05,009 mme_vla_suite.pseudo_labeling.topreward_qwen_scorer INFO: Prefix 4/8 (end=20, n_frames=4/21): reward=-17.2500 (mean, 1 tok)
2026-04-30 22:15:11,857 mme_vla_suite.pseudo_labeling.topreward_qwen_scorer INFO: Prefix 5/8 (end=26, n_frames=5/27): reward=-18.0000 (mean, 1 tok)
2026-04-30 22:15:18,707 mme_vla_suite.pseudo_labeling.topreward_qwen_scorer INFO: Prefix 6/8 (end=31, n_frames=6/32): reward=-18.2500 (mean, 1 tok)
2026-04-30 22:15:25,580 mme_vla_suite.pseudo_labeling.topreward_qwen_scorer INFO: Prefix 7/8 (end=37, n_frames=8/38): reward=-20.3750 (mean, 1 tok)
2026-04-30 22:15:32,445 mme_vla_suite.pseudo_labeling.topreward_qwen_scorer INFO: Prefix 8/8 (end=43, n_frames=9/44): reward=-20.1250 (mean, 1 tok)
2026-04-30 22:15:40,215 mme_vla_suite.pseudo_labeling.topreward_qwen_scorer INFO: Prefix 1/8 (end=4, n_frames=4/5): reward=-20.2500 (mean, 1 tok)
2026-04-30 22:15:47,048 mme_vla_suite.pseudo_labeling.topreward_qwen_scorer INFO: Prefix 2/8 (end=9, n_frames=4/10): reward=-19.1250 (mean, 1 tok)
2026-04-30 22:15:53,891 mme_vla_suite.pseudo_labeling.topreward_qwen_scorer INFO: Prefix 3/8 (end=14, n_frames=4/15): reward=-19.3750 (mean, 1 tok)
2026-04-30 22:16:00,724 mme_vla_suite.pseudo_labeling.topreward_qwen_scorer INFO: Prefix 4/8 (end=20, n_frames=4/21): reward=-19.5000 (mean, 1 tok)
2026-04-30 22:16:07,593 mme_vla_suite.pseudo_labeling.topreward_qwen_scorer INFO: Prefix 5/8 (end=25, n_frames=5/26): reward=-18.6250 (mean, 1 tok)
2026-04-30 22:16:14,459 mme_vla_suite.pseudo_labeling.topreward_qwen_scorer INFO: Prefix 6/8 (end=31, n_frames=6/32): reward=-18.6250 (mean, 1 tok)
2026-04-30 22:16:21,305 mme_vla_suite.pseudo_labeling.topreward_qwen_scorer INFO: Prefix 7/8 (end=36, n_frames=7/37): reward=-18.1250 (mean, 1 tok)
2026-04-30 22:16:28,181 mme_vla_suite.pseudo_labeling.topreward_qwen_scorer INFO: Prefix 8/8 (end=42, n_frames=9/43): reward=-18.5000 (mean, 1 tok)
2026-04-30 22:16:36,297 mme_vla_suite.pseudo_labeling.topreward_qwen_scorer INFO: Prefix 1/8 (end=4, n_frames=4/5): reward=-20.6250 (mean, 1 tok)
2026-04-30 22:16:43,168 mme_vla_suite.pseudo_labeling.topreward_qwen_scorer INFO: Prefix 2/8 (end=9, n_frames=4/10): reward=-20.1250 (mean, 1 tok)
2026-04-30 22:16:50,023 mme_vla_suite.pseudo_labeling.topreward_qwen_scorer INFO: Prefix 3/8 (end=14, n_frames=4/15): reward=-20.0000 (mean, 1 tok)
2026-04-30 22:16:56,885 mme_vla_suite.pseudo_labeling.topreward_qwen_scorer INFO: Prefix 4/8 (end=20, n_frames=4/21): reward=-19.3750 (mean, 1 tok)
2026-04-30 22:17:03,755 mme_vla_suite.pseudo_labeling.topreward_qwen_scorer INFO: Prefix 5/8 (end=25, n_frames=5/26): reward=-18.8750 (mean, 1 tok)
2026-04-30 22:17:10,634 mme_vla_suite.pseudo_labeling.topreward_qwen_scorer INFO: Prefix 6/8 (end=31, n_frames=6/32): reward=-18.5000 (mean, 1 tok)
2026-04-30 22:17:17,488 mme_vla_suite.pseudo_labeling.topreward_qwen_scorer INFO: Prefix 7/8 (end=36, n_frames=7/37): reward=-19.3750 (mean, 1 tok)
2026-04-30 22:17:24,346 mme_vla_suite.pseudo_labeling.topreward_qwen_scorer INFO: Prefix 8/8 (end=42, n_frames=9/43): reward=-19.6250 (mean, 1 tok)
2026-04-30 22:17:32,115 mme_vla_suite.pseudo_labeling.topreward_qwen_scorer INFO: Prefix 1/8 (end=4, n_frames=4/5): reward=-20.5000 (mean, 1 tok)
2026-04-30 22:17:38,960 mme_vla_suite.pseudo_labeling.topreward_qwen_scorer INFO: Prefix 2/8 (end=9, n_frames=4/10): reward=-19.8750 (mean, 1 tok)
2026-04-30 22:17:45,819 mme_vla_suite.pseudo_labeling.topreward_qwen_scorer INFO: Prefix 3/8 (end=14, n_frames=4/15): reward=-20.1250 (mean, 1 tok)
2026-04-30 22:17:52,678 mme_vla_suite.pseudo_labeling.topreward_qwen_scorer INFO: Prefix 4/8 (end=20, n_frames=4/21): reward=-19.6250 (mean, 1 tok)
2026-04-30 22:17:59,556 mme_vla_suite.pseudo_labeling.topreward_qwen_scorer INFO: Prefix 5/8 (end=25, n_frames=5/26): reward=-19.3750 (mean, 1 tok)
2026-04-30 22:18:06,442 mme_vla_suite.pseudo_labeling.topreward_qwen_scorer INFO: Prefix 6/8 (end=31, n_frames=6/32): reward=-19.1250 (mean, 1 tok)
2026-04-30 22:18:13,319 mme_vla_suite.pseudo_labeling.topreward_qwen_scorer INFO: Prefix 7/8 (end=36, n_frames=7/37): reward=-18.8750 (mean, 1 tok)
2026-04-30 22:18:20,198 mme_vla_suite.pseudo_labeling.topreward_qwen_scorer INFO: Prefix 8/8 (end=42, n_frames=9/43): reward=-19.3750 (mean, 1 tok)
2026-04-30 22:18:28,171 mme_vla_suite.pseudo_labeling.topreward_qwen_scorer INFO: Prefix 1/8 (end=4, n_frames=4/5): reward=-20.8750 (mean, 1 tok)
2026-04-30 22:18:35,009 mme_vla_suite.pseudo_labeling.topreward_qwen_scorer INFO: Prefix 2/8 (end=9, n_frames=4/10): reward=-20.1250 (mean, 1 tok)
2026-04-30 22:18:41,856 mme_vla_suite.pseudo_labeling.topreward_qwen_scorer INFO: Prefix 3/8 (end=14, n_frames=4/15): reward=-20.3750 (mean, 1 tok)
2026-04-30 22:18:48,692 mme_vla_suite.pseudo_labeling.topreward_qwen_scorer INFO: Prefix 4/8 (end=20, n_frames=4/21): reward=-20.2500 (mean, 1 tok)
2026-04-30 22:18:55,546 mme_vla_suite.pseudo_labeling.topreward_qwen_scorer INFO: Prefix 5/8 (end=25, n_frames=5/26): reward=-19.5000 (mean, 1 tok)
2026-04-30 22:19:02,396 mme_vla_suite.pseudo_labeling.topreward_qwen_scorer INFO: Prefix 6/8 (end=31, n_frames=6/32): reward=-19.2500 (mean, 1 tok)
2026-04-30 22:19:09,266 mme_vla_suite.pseudo_labeling.topreward_qwen_scorer INFO: Prefix 7/8 (end=36, n_frames=7/37): reward=-20.5000 (mean, 1 tok)
2026-04-30 22:19:16,141 mme_vla_suite.pseudo_labeling.topreward_qwen_scorer INFO: Prefix 8/8 (end=42, n_frames=9/43): reward=-21.0000 (mean, 1 tok)
2026-04-30 22:19:24,068 mme_vla_suite.pseudo_labeling.topreward_qwen_scorer INFO: Prefix 1/8 (end=4, n_frames=4/5): reward=-19.7500 (mean, 1 tok)
2026-04-30 22:19:30,914 mme_vla_suite.pseudo_labeling.topreward_qwen_scorer INFO: Prefix 2/8 (end=8, n_frames=4/9): reward=-19.7500 (mean, 1 tok)
2026-04-30 22:19:37,763 mme_vla_suite.pseudo_labeling.topreward_qwen_scorer INFO: Prefix 3/8 (end=12, n_frames=4/13): reward=-20.3750 (mean, 1 tok)
2026-04-30 22:19:44,611 mme_vla_suite.pseudo_labeling.topreward_qwen_scorer INFO: Prefix 4/8 (end=16, n_frames=4/17): reward=-19.6250 (mean, 1 tok)
2026-04-30 22:19:51,474 mme_vla_suite.pseudo_labeling.topreward_qwen_scorer INFO: Prefix 5/8 (end=21, n_frames=4/22): reward=-19.1250 (mean, 1 tok)
2026-04-30 22:19:58,315 mme_vla_suite.pseudo_labeling.topreward_qwen_scorer INFO: Prefix 6/8 (end=25, n_frames=5/26): reward=-19.3750 (mean, 1 tok)
2026-04-30 22:20:05,209 mme_vla_suite.pseudo_labeling.topreward_qwen_scorer INFO: Prefix 7/8 (end=29, n_frames=6/30): reward=-17.7500 (mean, 1 tok)
2026-04-30 22:20:12,083 mme_vla_suite.pseudo_labeling.topreward_qwen_scorer INFO: Prefix 8/8 (end=34, n_frames=7/35): reward=-17.2500 (mean, 1 tok)
2026-04-30 22:20:19,974 mme_vla_suite.pseudo_labeling.topreward_qwen_scorer INFO: Prefix 1/8 (end=6, n_frames=4/7): reward=-20.3750 (mean, 1 tok)
2026-04-30 22:20:26,975 mme_vla_suite.pseudo_labeling.topreward_qwen_scorer INFO: Prefix 2/8 (end=14, n_frames=4/15): reward=-18.5000 (mean, 1 tok)
2026-04-30 22:20:33,853 mme_vla_suite.pseudo_labeling.topreward_qwen_scorer INFO: Prefix 3/8 (end=22, n_frames=5/23): reward=-18.5000 (mean, 1 tok)
2026-04-30 22:20:40,708 mme_vla_suite.pseudo_labeling.topreward_qwen_scorer INFO: Prefix 4/8 (end=30, n_frames=6/31): reward=-19.5000 (mean, 1 tok)
2026-04-30 22:20:47,561 mme_vla_suite.pseudo_labeling.topreward_qwen_scorer INFO: Prefix 5/8 (end=38, n_frames=8/39): reward=-18.8750 (mean, 1 tok)
2026-04-30 22:20:54,419 mme_vla_suite.pseudo_labeling.topreward_qwen_scorer INFO: Prefix 6/8 (end=46, n_frames=9/47): reward=-17.8750 (mean, 1 tok)
2026-04-30 22:21:01,294 mme_vla_suite.pseudo_labeling.topreward_qwen_scorer INFO: Prefix 7/8 (end=54, n_frames=11/55): reward=-18.3750 (mean, 1 tok)
2026-04-30 22:21:08,180 mme_vla_suite.pseudo_labeling.topreward_qwen_scorer INFO: Prefix 8/8 (end=62, n_frames=13/63): reward=-18.0000 (mean, 1 tok)
2026-04-30 22:21:16,053 mme_vla_suite.pseudo_labeling.topreward_qwen_scorer INFO: Prefix 1/8 (end=10, n_frames=4/11): reward=-18.7500 (mean, 1 tok)
2026-04-30 22:21:22,874 mme_vla_suite.pseudo_labeling.topreward_qwen_scorer INFO: Prefix 2/8 (end=22, n_frames=5/23): reward=-18.5000 (mean, 1 tok)
2026-04-30 22:21:29,797 mme_vla_suite.pseudo_labeling.topreward_qwen_scorer INFO: Prefix 3/8 (end=35, n_frames=7/36): reward=-19.2500 (mean, 1 tok)
2026-04-30 22:21:36,648 mme_vla_suite.pseudo_labeling.topreward_qwen_scorer INFO: Prefix 4/8 (end=48, n_frames=10/49): reward=-19.3750 (mean, 1 tok)
2026-04-30 22:21:43,521 mme_vla_suite.pseudo_labeling.topreward_qwen_scorer INFO: Prefix 5/8 (end=61, n_frames=12/62): reward=-18.1250 (mean, 1 tok)
2026-04-30 22:21:50,550 mme_vla_suite.pseudo_labeling.topreward_qwen_scorer INFO: Prefix 6/8 (end=74, n_frames=15/75): reward=-18.3750 (mean, 1 tok)
2026-04-30 22:21:57,548 mme_vla_suite.pseudo_labeling.topreward_qwen_scorer INFO: Prefix 7/8 (end=87, n_frames=18/88): reward=-18.3750 (mean, 1 tok)
2026-04-30 22:22:04,468 mme_vla_suite.pseudo_labeling.topreward_qwen_scorer INFO: Prefix 8/8 (end=100, n_frames=20/101): reward=-19.2500 (mean, 1 tok)
2026-04-30 22:22:12,631 mme_vla_suite.pseudo_labeling.topreward_qwen_scorer INFO: Prefix 1/8 (end=15, n_frames=4/16): reward=-18.8750 (mean, 1 tok)
2026-04-30 22:22:19,497 mme_vla_suite.pseudo_labeling.topreward_qwen_scorer INFO: Prefix 2/8 (end=35, n_frames=7/36): reward=-19.1250 (mean, 1 tok)
2026-04-30 22:22:26,372 mme_vla_suite.pseudo_labeling.topreward_qwen_scorer INFO: Prefix 3/8 (end=55, n_frames=11/56): reward=-18.2500 (mean, 1 tok)
2026-04-30 22:22:33,275 mme_vla_suite.pseudo_labeling.topreward_qwen_scorer INFO: Prefix 4/8 (end=75, n_frames=15/76): reward=-18.2500 (mean, 1 tok)
2026-04-30 22:22:40,225 mme_vla_suite.pseudo_labeling.topreward_qwen_scorer INFO: Prefix 5/8 (end=95, n_frames=19/96): reward=-16.0000 (mean, 1 tok)
2026-04-30 22:22:47,209 mme_vla_suite.pseudo_labeling.topreward_qwen_scorer INFO: Prefix 6/8 (end=115, n_frames=23/116): reward=-16.6250 (mean, 1 tok)
2026-04-30 22:22:54,260 mme_vla_suite.pseudo_labeling.topreward_qwen_scorer INFO: Prefix 7/8 (end=135, n_frames=27/136): reward=-16.3750 (mean, 1 tok)
2026-04-30 22:23:01,302 mme_vla_suite.pseudo_labeling.topreward_qwen_scorer INFO: Prefix 8/8 (end=155, n_frames=31/156): reward=-15.8750 (mean, 1 tok)
2026-04-30 22:23:09,191 mme_vla_suite.pseudo_labeling.topreward_qwen_scorer INFO: Prefix 1/8 (end=4, n_frames=4/5): reward=-20.7500 (mean, 1 tok)
2026-04-30 22:23:16,073 mme_vla_suite.pseudo_labeling.topreward_qwen_scorer INFO: Prefix 2/8 (end=9, n_frames=4/10): reward=-21.1250 (mean, 1 tok)
2026-04-30 22:23:22,947 mme_vla_suite.pseudo_labeling.topreward_qwen_scorer INFO: Prefix 3/8 (end=14, n_frames=4/15): reward=-20.3750 (mean, 1 tok)
2026-04-30 22:23:29,823 mme_vla_suite.pseudo_labeling.topreward_qwen_scorer INFO: Prefix 4/8 (end=20, n_frames=4/21): reward=-21.0000 (mean, 1 tok)
2026-04-30 22:23:36,691 mme_vla_suite.pseudo_labeling.topreward_qwen_scorer INFO: Prefix 5/8 (end=25, n_frames=5/26): reward=-20.7500 (mean, 1 tok)
2026-04-30 22:23:43,548 mme_vla_suite.pseudo_labeling.topreward_qwen_scorer INFO: Prefix 6/8 (end=31, n_frames=6/32): reward=-20.3750 (mean, 1 tok)
2026-04-30 22:23:50,410 mme_vla_suite.pseudo_labeling.topreward_qwen_scorer INFO: Prefix 7/8 (end=36, n_frames=7/37): reward=-20.7500 (mean, 1 tok)
2026-04-30 22:23:57,279 mme_vla_suite.pseudo_labeling.topreward_qwen_scorer INFO: Prefix 8/8 (end=42, n_frames=9/43): reward=-21.3750 (mean, 1 tok)
2026-04-30 22:24:05,473 mme_vla_suite.pseudo_labeling.topreward_qwen_scorer INFO: Prefix 1/8 (end=4, n_frames=4/5): reward=-19.2500 (mean, 1 tok)
2026-04-30 22:24:12,311 mme_vla_suite.pseudo_labeling.topreward_qwen_scorer INFO: Prefix 2/8 (end=9, n_frames=4/10): reward=-18.6250 (mean, 1 tok)
2026-04-30 22:24:19,163 mme_vla_suite.pseudo_labeling.topreward_qwen_scorer INFO: Prefix 3/8 (end=14, n_frames=4/15): reward=-18.2500 (mean, 1 tok)
2026-04-30 22:24:26,034 mme_vla_suite.pseudo_labeling.topreward_qwen_scorer INFO: Prefix 4/8 (end=19, n_frames=4/20): reward=-17.2500 (mean, 1 tok)
2026-04-30 22:24:32,880 mme_vla_suite.pseudo_labeling.topreward_qwen_scorer INFO: Prefix 5/8 (end=24, n_frames=5/25): reward=-17.5000 (mean, 1 tok)
2026-04-30 22:24:39,742 mme_vla_suite.pseudo_labeling.topreward_qwen_scorer INFO: Prefix 6/8 (end=29, n_frames=6/30): reward=-17.1250 (mean, 1 tok)
2026-04-30 22:24:46,633 mme_vla_suite.pseudo_labeling.topreward_qwen_scorer INFO: Prefix 7/8 (end=34, n_frames=7/35): reward=-19.3750 (mean, 1 tok)
2026-04-30 22:24:53,515 mme_vla_suite.pseudo_labeling.topreward_qwen_scorer INFO: Prefix 8/8 (end=40, n_frames=8/41): reward=-20.6250 (mean, 1 tok)
2026-04-30 22:25:01,266 mme_vla_suite.pseudo_labeling.topreward_qwen_scorer INFO: Prefix 1/8 (end=4, n_frames=4/5): reward=-20.1250 (mean, 1 tok)
2026-04-30 22:25:08,131 mme_vla_suite.pseudo_labeling.topreward_qwen_scorer INFO: Prefix 2/8 (end=9, n_frames=4/10): reward=-19.6250 (mean, 1 tok)
2026-04-30 22:25:15,015 mme_vla_suite.pseudo_labeling.topreward_qwen_scorer INFO: Prefix 3/8 (end=14, n_frames=4/15): reward=-19.2500 (mean, 1 tok)
2026-04-30 22:25:21,874 mme_vla_suite.pseudo_labeling.topreward_qwen_scorer INFO: Prefix 4/8 (end=19, n_frames=4/20): reward=-19.2500 (mean, 1 tok)
2026-04-30 22:25:28,733 mme_vla_suite.pseudo_labeling.topreward_qwen_scorer INFO: Prefix 5/8 (end=24, n_frames=5/25): reward=-18.8750 (mean, 1 tok)
2026-04-30 22:25:35,602 mme_vla_suite.pseudo_labeling.topreward_qwen_scorer INFO: Prefix 6/8 (end=29, n_frames=6/30): reward=-17.8750 (mean, 1 tok)
2026-04-30 22:25:42,485 mme_vla_suite.pseudo_labeling.topreward_qwen_scorer INFO: Prefix 7/8 (end=34, n_frames=7/35): reward=-16.5000 (mean, 1 tok)
2026-04-30 22:25:49,354 mme_vla_suite.pseudo_labeling.topreward_qwen_scorer INFO: Prefix 8/8 (end=39, n_frames=8/40): reward=-17.6250 (mean, 1 tok)
2026-04-30 22:25:57,172 mme_vla_suite.pseudo_labeling.topreward_qwen_scorer INFO: Prefix 1/8 (end=7, n_frames=4/8): reward=-20.5000 (mean, 1 tok)
2026-04-30 22:26:04,024 mme_vla_suite.pseudo_labeling.topreward_qwen_scorer INFO: Prefix 2/8 (end=16, n_frames=4/17): reward=-21.1250 (mean, 1 tok)
2026-04-30 22:26:10,876 mme_vla_suite.pseudo_labeling.topreward_qwen_scorer INFO: Prefix 3/8 (end=25, n_frames=5/26): reward=-19.5000 (mean, 1 tok)
2026-04-30 22:26:17,720 mme_vla_suite.pseudo_labeling.topreward_qwen_scorer INFO: Prefix 4/8 (end=35, n_frames=7/36): reward=-19.7500 (mean, 1 tok)
2026-04-30 22:26:24,595 mme_vla_suite.pseudo_labeling.topreward_qwen_scorer INFO: Prefix 5/8 (end=44, n_frames=9/45): reward=-18.5000 (mean, 1 tok)
2026-04-30 22:26:31,482 mme_vla_suite.pseudo_labeling.topreward_qwen_scorer INFO: Prefix 6/8 (end=54, n_frames=11/55): reward=-18.7500 (mean, 1 tok)
2026-04-30 22:26:38,366 mme_vla_suite.pseudo_labeling.topreward_qwen_scorer INFO: Prefix 7/8 (end=63, n_frames=13/64): reward=-19.2500 (mean, 1 tok)
2026-04-30 22:26:45,284 mme_vla_suite.pseudo_labeling.topreward_qwen_scorer INFO: Prefix 8/8 (end=73, n_frames=15/74): reward=-18.7500 (mean, 1 tok)
2026-04-30 22:26:53,119 mme_vla_suite.pseudo_labeling.topreward_qwen_scorer INFO: Prefix 1/8 (end=11, n_frames=4/12): reward=-20.5000 (mean, 1 tok)
2026-04-30 22:26:59,966 mme_vla_suite.pseudo_labeling.topreward_qwen_scorer INFO: Prefix 2/8 (end=25, n_frames=5/26): reward=-19.5000 (mean, 1 tok)
2026-04-30 22:27:06,832 mme_vla_suite.pseudo_labeling.topreward_qwen_scorer INFO: Prefix 3/8 (end=39, n_frames=8/40): reward=-19.3750 (mean, 1 tok)
2026-04-30 22:27:13,722 mme_vla_suite.pseudo_labeling.topreward_qwen_scorer INFO: Prefix 4/8 (end=53, n_frames=11/54): reward=-18.8750 (mean, 1 tok)
2026-04-30 22:27:20,597 mme_vla_suite.pseudo_labeling.topreward_qwen_scorer INFO: Prefix 5/8 (end=68, n_frames=14/69): reward=-19.0000 (mean, 1 tok)
2026-04-30 22:27:27,532 mme_vla_suite.pseudo_labeling.topreward_qwen_scorer INFO: Prefix 6/8 (end=82, n_frames=17/83): reward=-19.7500 (mean, 1 tok)
2026-04-30 22:27:34,493 mme_vla_suite.pseudo_labeling.topreward_qwen_scorer INFO: Prefix 7/8 (end=96, n_frames=19/97): reward=-19.2500 (mean, 1 tok)
2026-04-30 22:27:41,444 mme_vla_suite.pseudo_labeling.topreward_qwen_scorer INFO: Prefix 8/8 (end=111, n_frames=22/112): reward=-19.6250 (mean, 1 tok)
2026-04-30 22:27:49,458 mme_vla_suite.pseudo_labeling.topreward_qwen_scorer INFO: Prefix 1/8 (end=11, n_frames=4/12): reward=-20.6250 (mean, 1 tok)
2026-04-30 22:27:56,304 mme_vla_suite.pseudo_labeling.topreward_qwen_scorer INFO: Prefix 2/8 (end=25, n_frames=5/26): reward=-21.3750 (mean, 1 tok)
2026-04-30 22:28:03,154 mme_vla_suite.pseudo_labeling.topreward_qwen_scorer INFO: Prefix 3/8 (end=39, n_frames=8/40): reward=-16.3750 (mean, 1 tok)
2026-04-30 22:28:10,045 mme_vla_suite.pseudo_labeling.topreward_qwen_scorer INFO: Prefix 4/8 (end=53, n_frames=11/54): reward=-16.7500 (mean, 1 tok)
2026-04-30 22:28:16,910 mme_vla_suite.pseudo_labeling.topreward_qwen_scorer INFO: Prefix 5/8 (end=67, n_frames=14/68): reward=-16.2500 (mean, 1 tok)
2026-04-30 22:28:23,809 mme_vla_suite.pseudo_labeling.topreward_qwen_scorer INFO: Prefix 6/8 (end=81, n_frames=16/82): reward=-16.2500 (mean, 1 tok)
2026-04-30 22:28:30,758 mme_vla_suite.pseudo_labeling.topreward_qwen_scorer INFO: Prefix 7/8 (end=95, n_frames=19/96): reward=-15.5000 (mean, 1 tok)
2026-04-30 22:28:37,705 mme_vla_suite.pseudo_labeling.topreward_qwen_scorer INFO: Prefix 8/8 (end=109, n_frames=22/110): reward=-14.0000 (mean, 1 tok)
2026-04-30 22:28:45,404 mme_vla_suite.pseudo_labeling.topreward_qwen_scorer INFO: Prefix 1/8 (end=4, n_frames=4/5): reward=-21.5000 (mean, 1 tok)
2026-04-30 22:28:52,269 mme_vla_suite.pseudo_labeling.topreward_qwen_scorer INFO: Prefix 2/8 (end=8, n_frames=4/9): reward=-21.2500 (mean, 1 tok)
2026-04-30 22:28:59,126 mme_vla_suite.pseudo_labeling.topreward_qwen_scorer INFO: Prefix 3/8 (end=13, n_frames=4/14): reward=-20.3750 (mean, 1 tok)
2026-04-30 22:29:05,981 mme_vla_suite.pseudo_labeling.topreward_qwen_scorer INFO: Prefix 4/8 (end=17, n_frames=4/18): reward=-20.1250 (mean, 1 tok)
2026-04-30 22:29:12,859 mme_vla_suite.pseudo_labeling.topreward_qwen_scorer INFO: Prefix 5/8 (end=22, n_frames=5/23): reward=-20.0000 (mean, 1 tok)
2026-04-30 22:29:19,713 mme_vla_suite.pseudo_labeling.topreward_qwen_scorer INFO: Prefix 6/8 (end=26, n_frames=5/27): reward=-19.3750 (mean, 1 tok)
2026-04-30 22:29:26,568 mme_vla_suite.pseudo_labeling.topreward_qwen_scorer INFO: Prefix 7/8 (end=31, n_frames=6/32): reward=-19.6250 (mean, 1 tok)
2026-04-30 22:29:33,440 mme_vla_suite.pseudo_labeling.topreward_qwen_scorer INFO: Prefix 8/8 (end=36, n_frames=7/37): reward=-19.7500 (mean, 1 tok)
2026-04-30 22:29:41,116 mme_vla_suite.pseudo_labeling.topreward_qwen_scorer INFO: Prefix 1/8 (end=4, n_frames=4/5): reward=-19.2500 (mean, 1 tok)
2026-04-30 22:29:47,960 mme_vla_suite.pseudo_labeling.topreward_qwen_scorer INFO: Prefix 2/8 (end=7, n_frames=4/8): reward=-19.1250 (mean, 1 tok)
2026-04-30 22:29:54,797 mme_vla_suite.pseudo_labeling.topreward_qwen_scorer INFO: Prefix 3/8 (end=11, n_frames=4/12): reward=-18.1250 (mean, 1 tok)
2026-04-30 22:30:01,640 mme_vla_suite.pseudo_labeling.topreward_qwen_scorer INFO: Prefix 4/8 (end=15, n_frames=4/16): reward=-17.2500 (mean, 1 tok)
2026-04-30 22:30:08,490 mme_vla_suite.pseudo_labeling.topreward_qwen_scorer INFO: Prefix 5/8 (end=19, n_frames=4/20): reward=-17.0000 (mean, 1 tok)
2026-04-30 22:30:15,336 mme_vla_suite.pseudo_labeling.topreward_qwen_scorer INFO: Prefix 6/8 (end=23, n_frames=5/24): reward=-18.6250 (mean, 1 tok)
2026-04-30 22:30:22,189 mme_vla_suite.pseudo_labeling.topreward_qwen_scorer INFO: Prefix 7/8 (end=27, n_frames=6/28): reward=-17.0000 (mean, 1 tok)
2026-04-30 22:30:29,052 mme_vla_suite.pseudo_labeling.topreward_qwen_scorer INFO: Prefix 8/8 (end=31, n_frames=6/32): reward=-17.8750 (mean, 1 tok)
2026-04-30 22:30:36,959 mme_vla_suite.pseudo_labeling.topreward_qwen_scorer INFO: Prefix 1/8 (end=4, n_frames=4/5): reward=-21.1250 (mean, 1 tok)
2026-04-30 22:30:43,810 mme_vla_suite.pseudo_labeling.topreward_qwen_scorer INFO: Prefix 2/8 (end=7, n_frames=4/8): reward=-21.1250 (mean, 1 tok)
2026-04-30 22:30:50,680 mme_vla_suite.pseudo_labeling.topreward_qwen_scorer INFO: Prefix 3/8 (end=11, n_frames=4/12): reward=-20.1250 (mean, 1 tok)
2026-04-30 22:30:57,533 mme_vla_suite.pseudo_labeling.topreward_qwen_scorer INFO: Prefix 4/8 (end=15, n_frames=4/16): reward=-18.8750 (mean, 1 tok)
2026-04-30 22:31:04,387 mme_vla_suite.pseudo_labeling.topreward_qwen_scorer INFO: Prefix 5/8 (end=19, n_frames=4/20): reward=-19.5000 (mean, 1 tok)
2026-04-30 22:31:11,238 mme_vla_suite.pseudo_labeling.topreward_qwen_scorer INFO: Prefix 6/8 (end=23, n_frames=5/24): reward=-20.0000 (mean, 1 tok)
2026-04-30 22:31:18,081 mme_vla_suite.pseudo_labeling.topreward_qwen_scorer INFO: Prefix 7/8 (end=27, n_frames=6/28): reward=-18.8750 (mean, 1 tok)
2026-04-30 22:31:24,947 mme_vla_suite.pseudo_labeling.topreward_qwen_scorer INFO: Prefix 8/8 (end=31, n_frames=6/32): reward=-19.0000 (mean, 1 tok)
2026-04-30 22:31:32,898 mme_vla_suite.pseudo_labeling.topreward_qwen_scorer INFO: Prefix 1/8 (end=4, n_frames=4/5): reward=-19.7500 (mean, 1 tok)
2026-04-30 22:31:39,758 mme_vla_suite.pseudo_labeling.topreward_qwen_scorer INFO: Prefix 2/8 (end=7, n_frames=4/8): reward=-18.7500 (mean, 1 tok)
2026-04-30 22:31:46,632 mme_vla_suite.pseudo_labeling.topreward_qwen_scorer INFO: Prefix 3/8 (end=11, n_frames=4/12): reward=-19.2500 (mean, 1 tok)
2026-04-30 22:31:53,476 mme_vla_suite.pseudo_labeling.topreward_qwen_scorer INFO: Prefix 4/8 (end=15, n_frames=4/16): reward=-17.7500 (mean, 1 tok)
2026-04-30 22:32:00,321 mme_vla_suite.pseudo_labeling.topreward_qwen_scorer INFO: Prefix 5/8 (end=19, n_frames=4/20): reward=-17.7500 (mean, 1 tok)
2026-04-30 22:32:07,189 mme_vla_suite.pseudo_labeling.topreward_qwen_scorer INFO: Prefix 6/8 (end=23, n_frames=5/24): reward=-18.8750 (mean, 1 tok)
2026-04-30 22:32:14,053 mme_vla_suite.pseudo_labeling.topreward_qwen_scorer INFO: Prefix 7/8 (end=27, n_frames=6/28): reward=-18.1250 (mean, 1 tok)
2026-04-30 22:32:20,917 mme_vla_suite.pseudo_labeling.topreward_qwen_scorer INFO: Prefix 8/8 (end=31, n_frames=6/32): reward=-18.5000 (mean, 1 tok)
2026-04-30 22:32:29,079 mme_vla_suite.pseudo_labeling.topreward_qwen_scorer INFO: Prefix 1/8 (end=4, n_frames=4/5): reward=-21.5000 (mean, 1 tok)
2026-04-30 22:32:35,925 mme_vla_suite.pseudo_labeling.topreward_qwen_scorer INFO: Prefix 2/8 (end=7, n_frames=4/8): reward=-21.1250 (mean, 1 tok)
2026-04-30 22:32:42,771 mme_vla_suite.pseudo_labeling.topreward_qwen_scorer INFO: Prefix 3/8 (end=11, n_frames=4/12): reward=-20.8750 (mean, 1 tok)
2026-04-30 22:32:49,654 mme_vla_suite.pseudo_labeling.topreward_qwen_scorer INFO: Prefix 4/8 (end=15, n_frames=4/16): reward=-19.0000 (mean, 1 tok)
2026-04-30 22:32:56,504 mme_vla_suite.pseudo_labeling.topreward_qwen_scorer INFO: Prefix 5/8 (end=19, n_frames=4/20): reward=-20.6250 (mean, 1 tok)
2026-04-30 22:33:03,363 mme_vla_suite.pseudo_labeling.topreward_qwen_scorer INFO: Prefix 6/8 (end=23, n_frames=5/24): reward=-20.7500 (mean, 1 tok)
2026-04-30 22:33:10,218 mme_vla_suite.pseudo_labeling.topreward_qwen_scorer INFO: Prefix 7/8 (end=27, n_frames=6/28): reward=-20.1250 (mean, 1 tok)
2026-04-30 22:33:17,061 mme_vla_suite.pseudo_labeling.topreward_qwen_scorer INFO: Prefix 8/8 (end=31, n_frames=6/32): reward=-20.0000 (mean, 1 tok)
2026-04-30 22:33:24,830 mme_vla_suite.pseudo_labeling.topreward_qwen_scorer INFO: Prefix 1/8 (end=4, n_frames=4/5): reward=-19.8750 (mean, 1 tok)
2026-04-30 22:33:31,669 mme_vla_suite.pseudo_labeling.topreward_qwen_scorer INFO: Prefix 2/8 (end=7, n_frames=4/8): reward=-19.3750 (mean, 1 tok)
2026-04-30 22:33:38,520 mme_vla_suite.pseudo_labeling.topreward_qwen_scorer INFO: Prefix 3/8 (end=11, n_frames=4/12): reward=-19.3750 (mean, 1 tok)
2026-04-30 22:33:45,372 mme_vla_suite.pseudo_labeling.topreward_qwen_scorer INFO: Prefix 4/8 (end=15, n_frames=4/16): reward=-18.5000 (mean, 1 tok)
2026-04-30 22:33:52,237 mme_vla_suite.pseudo_labeling.topreward_qwen_scorer INFO: Prefix 5/8 (end=19, n_frames=4/20): reward=-19.0000 (mean, 1 tok)
2026-04-30 22:33:59,110 mme_vla_suite.pseudo_labeling.topreward_qwen_scorer INFO: Prefix 6/8 (end=23, n_frames=5/24): reward=-20.2500 (mean, 1 tok)
2026-04-30 22:34:05,988 mme_vla_suite.pseudo_labeling.topreward_qwen_scorer INFO: Prefix 7/8 (end=27, n_frames=6/28): reward=-19.2500 (mean, 1 tok)
2026-04-30 22:34:12,864 mme_vla_suite.pseudo_labeling.topreward_qwen_scorer INFO: Prefix 8/8 (end=31, n_frames=6/32): reward=-19.3750 (mean, 1 tok)
2026-04-30 22:34:20,657 mme_vla_suite.pseudo_labeling.topreward_qwen_scorer INFO: Prefix 1/8 (end=4, n_frames=4/5): reward=-20.7500 (mean, 1 tok)
2026-04-30 22:34:27,488 mme_vla_suite.pseudo_labeling.topreward_qwen_scorer INFO: Prefix 2/8 (end=8, n_frames=4/9): reward=-20.8750 (mean, 1 tok)
2026-04-30 22:34:34,324 mme_vla_suite.pseudo_labeling.topreward_qwen_scorer INFO: Prefix 3/8 (end=12, n_frames=4/13): reward=-22.0000 (mean, 1 tok)
2026-04-30 22:34:41,177 mme_vla_suite.pseudo_labeling.topreward_qwen_scorer INFO: Prefix 4/8 (end=16, n_frames=4/17): reward=-20.5000 (mean, 1 tok)
2026-04-30 22:34:48,025 mme_vla_suite.pseudo_labeling.topreward_qwen_scorer INFO: Prefix 5/8 (end=21, n_frames=4/22): reward=-20.7500 (mean, 1 tok)
2026-04-30 22:34:54,878 mme_vla_suite.pseudo_labeling.topreward_qwen_scorer INFO: Prefix 6/8 (end=25, n_frames=5/26): reward=-20.1250 (mean, 1 tok)
2026-04-30 22:35:01,724 mme_vla_suite.pseudo_labeling.topreward_qwen_scorer INFO: Prefix 7/8 (end=29, n_frames=6/30): reward=-20.6250 (mean, 1 tok)
2026-04-30 22:35:08,560 mme_vla_suite.pseudo_labeling.topreward_qwen_scorer INFO: Prefix 8/8 (end=34, n_frames=7/35): reward=-18.3750 (mean, 1 tok)
2026-04-30 22:35:16,310 mme_vla_suite.pseudo_labeling.topreward_qwen_scorer INFO: Prefix 1/8 (end=5, n_frames=4/6): reward=-19.7500 (mean, 1 tok)
2026-04-30 22:35:23,136 mme_vla_suite.pseudo_labeling.topreward_qwen_scorer INFO: Prefix 2/8 (end=11, n_frames=4/12): reward=-19.7500 (mean, 1 tok)
2026-04-30 22:35:29,969 mme_vla_suite.pseudo_labeling.topreward_qwen_scorer INFO: Prefix 3/8 (end=18, n_frames=4/19): reward=-19.0000 (mean, 1 tok)
2026-04-30 22:35:36,817 mme_vla_suite.pseudo_labeling.topreward_qwen_scorer INFO: Prefix 4/8 (end=25, n_frames=5/26): reward=-18.1250 (mean, 1 tok)
2026-04-30 22:35:43,666 mme_vla_suite.pseudo_labeling.topreward_qwen_scorer INFO: Prefix 5/8 (end=31, n_frames=6/32): reward=-18.3750 (mean, 1 tok)
2026-04-30 22:35:50,534 mme_vla_suite.pseudo_labeling.topreward_qwen_scorer INFO: Prefix 6/8 (end=38, n_frames=8/39): reward=-18.8750 (mean, 1 tok)
2026-04-30 22:35:57,400 mme_vla_suite.pseudo_labeling.topreward_qwen_scorer INFO: Prefix 7/8 (end=45, n_frames=9/46): reward=-18.3750 (mean, 1 tok)
2026-04-30 22:36:04,284 mme_vla_suite.pseudo_labeling.topreward_qwen_scorer INFO: Prefix 8/8 (end=52, n_frames=11/53): reward=-18.0000 (mean, 1 tok)
2026-04-30 22:36:11,996 mme_vla_suite.pseudo_labeling.topreward_qwen_scorer INFO: Prefix 1/8 (end=9, n_frames=4/10): reward=-19.5000 (mean, 1 tok)
2026-04-30 22:36:18,835 mme_vla_suite.pseudo_labeling.topreward_qwen_scorer INFO: Prefix 2/8 (end=20, n_frames=4/21): reward=-19.1250 (mean, 1 tok)
2026-04-30 22:36:25,697 mme_vla_suite.pseudo_labeling.topreward_qwen_scorer INFO: Prefix 3/8 (end=32, n_frames=7/33): reward=-19.3750 (mean, 1 tok)
2026-04-30 22:36:32,566 mme_vla_suite.pseudo_labeling.topreward_qwen_scorer INFO: Prefix 4/8 (end=43, n_frames=9/44): reward=-17.8750 (mean, 1 tok)
2026-04-30 22:36:39,433 mme_vla_suite.pseudo_labeling.topreward_qwen_scorer INFO: Prefix 5/8 (end=55, n_frames=11/56): reward=-18.0000 (mean, 1 tok)
2026-04-30 22:36:46,325 mme_vla_suite.pseudo_labeling.topreward_qwen_scorer INFO: Prefix 6/8 (end=66, n_frames=13/67): reward=-17.5000 (mean, 1 tok)
2026-04-30 22:36:53,247 mme_vla_suite.pseudo_labeling.topreward_qwen_scorer INFO: Prefix 7/8 (end=78, n_frames=16/79): reward=-18.5000 (mean, 1 tok)
2026-04-30 22:37:00,188 mme_vla_suite.pseudo_labeling.topreward_qwen_scorer INFO: Prefix 8/8 (end=90, n_frames=18/91): reward=-18.3750 (mean, 1 tok)
2026-04-30 22:37:08,149 mme_vla_suite.pseudo_labeling.topreward_qwen_scorer INFO: Prefix 1/8 (end=13, n_frames=4/14): reward=-21.5000 (mean, 1 tok)
2026-04-30 22:37:15,113 mme_vla_suite.pseudo_labeling.topreward_qwen_scorer INFO: Prefix 2/8 (end=30, n_frames=6/31): reward=-21.5000 (mean, 1 tok)
2026-04-30 22:37:22,107 mme_vla_suite.pseudo_labeling.topreward_qwen_scorer INFO: Prefix 3/8 (end=47, n_frames=10/48): reward=-19.7500 (mean, 1 tok)
2026-04-30 22:37:29,135 mme_vla_suite.pseudo_labeling.topreward_qwen_scorer INFO: Prefix 4/8 (end=64, n_frames=13/65): reward=-19.6250 (mean, 1 tok)
2026-04-30 22:37:36,129 mme_vla_suite.pseudo_labeling.topreward_qwen_scorer INFO: Prefix 5/8 (end=81, n_frames=16/82): reward=-15.6250 (mean, 1 tok)
2026-04-30 22:37:43,127 mme_vla_suite.pseudo_labeling.topreward_qwen_scorer INFO: Prefix 6/8 (end=98, n_frames=20/99): reward=-15.0000 (mean, 1 tok)
2026-04-30 22:37:50,207 mme_vla_suite.pseudo_labeling.topreward_qwen_scorer INFO: Prefix 7/8 (end=115, n_frames=23/116): reward=-14.3750 (mean, 1 tok)
2026-04-30 22:37:57,208 mme_vla_suite.pseudo_labeling.topreward_qwen_scorer INFO: Prefix 8/8 (end=132, n_frames=27/133): reward=-14.1250 (mean, 1 tok)
2026-04-30 22:38:04,855 mme_vla_suite.pseudo_labeling.topreward_qwen_scorer INFO: Prefix 1/8 (end=4, n_frames=4/5): reward=-19.3750 (mean, 1 tok)
2026-04-30 22:38:11,679 mme_vla_suite.pseudo_labeling.topreward_qwen_scorer INFO: Prefix 2/8 (end=8, n_frames=4/9): reward=-19.3750 (mean, 1 tok)
2026-04-30 22:38:18,517 mme_vla_suite.pseudo_labeling.topreward_qwen_scorer INFO: Prefix 3/8 (end=12, n_frames=4/13): reward=-19.5000 (mean, 1 tok)
2026-04-30 22:38:25,364 mme_vla_suite.pseudo_labeling.topreward_qwen_scorer INFO: Prefix 4/8 (end=16, n_frames=4/17): reward=-19.5000 (mean, 1 tok)
2026-04-30 22:38:32,203 mme_vla_suite.pseudo_labeling.topreward_qwen_scorer INFO: Prefix 5/8 (end=20, n_frames=4/21): reward=-19.0000 (mean, 1 tok)
2026-04-30 22:38:39,051 mme_vla_suite.pseudo_labeling.topreward_qwen_scorer INFO: Prefix 6/8 (end=24, n_frames=5/25): reward=-19.0000 (mean, 1 tok)
2026-04-30 22:38:45,888 mme_vla_suite.pseudo_labeling.topreward_qwen_scorer INFO: Prefix 7/8 (end=28, n_frames=6/29): reward=-19.6250 (mean, 1 tok)
2026-04-30 22:38:52,738 mme_vla_suite.pseudo_labeling.topreward_qwen_scorer INFO: Prefix 8/8 (end=32, n_frames=7/33): reward=-19.5000 (mean, 1 tok)
2026-04-30 22:39:00,711 mme_vla_suite.pseudo_labeling.topreward_qwen_scorer INFO: Prefix 1/8 (end=4, n_frames=4/5): reward=-20.6250 (mean, 1 tok)
2026-04-30 22:39:07,547 mme_vla_suite.pseudo_labeling.topreward_qwen_scorer INFO: Prefix 2/8 (end=8, n_frames=4/9): reward=-19.7500 (mean, 1 tok)
2026-04-30 22:39:14,372 mme_vla_suite.pseudo_labeling.topreward_qwen_scorer INFO: Prefix 3/8 (end=12, n_frames=4/13): reward=-18.0000 (mean, 1 tok)
2026-04-30 22:39:21,198 mme_vla_suite.pseudo_labeling.topreward_qwen_scorer INFO: Prefix 4/8 (end=17, n_frames=4/18): reward=-18.1250 (mean, 1 tok)
2026-04-30 22:39:28,034 mme_vla_suite.pseudo_labeling.topreward_qwen_scorer INFO: Prefix 5/8 (end=21, n_frames=4/22): reward=-17.7500 (mean, 1 tok)
2026-04-30 22:39:34,875 mme_vla_suite.pseudo_labeling.topreward_qwen_scorer INFO: Prefix 6/8 (end=26, n_frames=5/27): reward=-19.5000 (mean, 1 tok)
2026-04-30 22:39:41,717 mme_vla_suite.pseudo_labeling.topreward_qwen_scorer INFO: Prefix 7/8 (end=30, n_frames=6/31): reward=-18.7500 (mean, 1 tok)
2026-04-30 22:39:48,569 mme_vla_suite.pseudo_labeling.topreward_qwen_scorer INFO: Prefix 8/8 (end=35, n_frames=7/36): reward=-19.3750 (mean, 1 tok)
2026-04-30 22:39:56,543 mme_vla_suite.pseudo_labeling.topreward_qwen_scorer INFO: Prefix 1/8 (end=4, n_frames=4/5): reward=-20.2500 (mean, 1 tok)
2026-04-30 22:40:03,402 mme_vla_suite.pseudo_labeling.topreward_qwen_scorer INFO: Prefix 2/8 (end=8, n_frames=4/9): reward=-20.1250 (mean, 1 tok)
2026-04-30 22:40:10,251 mme_vla_suite.pseudo_labeling.topreward_qwen_scorer INFO: Prefix 3/8 (end=12, n_frames=4/13): reward=-19.7500 (mean, 1 tok)
2026-04-30 22:40:17,086 mme_vla_suite.pseudo_labeling.topreward_qwen_scorer INFO: Prefix 4/8 (end=17, n_frames=4/18): reward=-18.7500 (mean, 1 tok)
2026-04-30 22:40:23,932 mme_vla_suite.pseudo_labeling.topreward_qwen_scorer INFO: Prefix 5/8 (end=21, n_frames=4/22): reward=-18.6250 (mean, 1 tok)
2026-04-30 22:40:30,817 mme_vla_suite.pseudo_labeling.topreward_qwen_scorer INFO: Prefix 6/8 (end=26, n_frames=5/27): reward=-19.0000 (mean, 1 tok)
2026-04-30 22:40:37,663 mme_vla_suite.pseudo_labeling.topreward_qwen_scorer INFO: Prefix 7/8 (end=30, n_frames=6/31): reward=-19.6250 (mean, 1 tok)
2026-04-30 22:40:44,515 mme_vla_suite.pseudo_labeling.topreward_qwen_scorer INFO: Prefix 8/8 (end=35, n_frames=7/36): reward=-19.2500 (mean, 1 tok)
2026-04-30 22:40:52,245 mme_vla_suite.pseudo_labeling.topreward_qwen_scorer INFO: Prefix 1/8 (end=4, n_frames=4/5): reward=-21.1250 (mean, 1 tok)
2026-04-30 22:40:59,083 mme_vla_suite.pseudo_labeling.topreward_qwen_scorer INFO: Prefix 2/8 (end=8, n_frames=4/9): reward=-20.7500 (mean, 1 tok)
2026-04-30 22:41:05,916 mme_vla_suite.pseudo_labeling.topreward_qwen_scorer INFO: Prefix 3/8 (end=12, n_frames=4/13): reward=-19.7500 (mean, 1 tok)
2026-04-30 22:41:12,742 mme_vla_suite.pseudo_labeling.topreward_qwen_scorer INFO: Prefix 4/8 (end=17, n_frames=4/18): reward=-19.5000 (mean, 1 tok)
2026-04-30 22:41:19,577 mme_vla_suite.pseudo_labeling.topreward_qwen_scorer INFO: Prefix 5/8 (end=21, n_frames=4/22): reward=-18.7500 (mean, 1 tok)
2026-04-30 22:41:26,437 mme_vla_suite.pseudo_labeling.topreward_qwen_scorer INFO: Prefix 6/8 (end=26, n_frames=5/27): reward=-19.8750 (mean, 1 tok)
2026-04-30 22:41:33,285 mme_vla_suite.pseudo_labeling.topreward_qwen_scorer INFO: Prefix 7/8 (end=30, n_frames=6/31): reward=-19.3750 (mean, 1 tok)
2026-04-30 22:41:40,134 mme_vla_suite.pseudo_labeling.topreward_qwen_scorer INFO: Prefix 8/8 (end=35, n_frames=7/36): reward=-19.8750 (mean, 1 tok)
2026-04-30 22:41:47,893 mme_vla_suite.pseudo_labeling.topreward_qwen_scorer INFO: Prefix 1/8 (end=4, n_frames=4/5): reward=-18.7500 (mean, 1 tok)
2026-04-30 22:41:54,728 mme_vla_suite.pseudo_labeling.topreward_qwen_scorer INFO: Prefix 2/8 (end=8, n_frames=4/9): reward=-19.2500 (mean, 1 tok)
2026-04-30 22:42:01,557 mme_vla_suite.pseudo_labeling.topreward_qwen_scorer INFO: Prefix 3/8 (end=12, n_frames=4/13): reward=-18.7500 (mean, 1 tok)
2026-04-30 22:42:08,381 mme_vla_suite.pseudo_labeling.topreward_qwen_scorer INFO: Prefix 4/8 (end=16, n_frames=4/17): reward=-18.6250 (mean, 1 tok)
2026-04-30 22:42:15,212 mme_vla_suite.pseudo_labeling.topreward_qwen_scorer INFO: Prefix 5/8 (end=21, n_frames=4/22): reward=-18.8750 (mean, 1 tok)
2026-04-30 22:42:22,070 mme_vla_suite.pseudo_labeling.topreward_qwen_scorer INFO: Prefix 6/8 (end=25, n_frames=5/26): reward=-18.3750 (mean, 1 tok)
2026-04-30 22:42:28,919 mme_vla_suite.pseudo_labeling.topreward_qwen_scorer INFO: Prefix 7/8 (end=29, n_frames=6/30): reward=-17.6250 (mean, 1 tok)
2026-04-30 22:42:35,763 mme_vla_suite.pseudo_labeling.topreward_qwen_scorer INFO: Prefix 8/8 (end=34, n_frames=7/35): reward=-16.6250 (mean, 1 tok)
2026-04-30 22:42:43,408 mme_vla_suite.pseudo_labeling.topreward_qwen_scorer INFO: Prefix 1/8 (end=5, n_frames=4/6): reward=-20.7500 (mean, 1 tok)
2026-04-30 22:42:50,262 mme_vla_suite.pseudo_labeling.topreward_qwen_scorer INFO: Prefix 2/8 (end=11, n_frames=4/12): reward=-20.7500 (mean, 1 tok)
2026-04-30 22:42:57,102 mme_vla_suite.pseudo_labeling.topreward_qwen_scorer INFO: Prefix 3/8 (end=18, n_frames=4/19): reward=-20.7500 (mean, 1 tok)
2026-04-30 22:43:03,957 mme_vla_suite.pseudo_labeling.topreward_qwen_scorer INFO: Prefix 4/8 (end=24, n_frames=5/25): reward=-19.6250 (mean, 1 tok)
2026-04-30 22:43:10,833 mme_vla_suite.pseudo_labeling.topreward_qwen_scorer INFO: Prefix 5/8 (end=31, n_frames=6/32): reward=-19.0000 (mean, 1 tok)
2026-04-30 22:43:17,684 mme_vla_suite.pseudo_labeling.topreward_qwen_scorer INFO: Prefix 6/8 (end=37, n_frames=8/38): reward=-18.8750 (mean, 1 tok)
2026-04-30 22:43:24,559 mme_vla_suite.pseudo_labeling.topreward_qwen_scorer INFO: Prefix 7/8 (end=44, n_frames=9/45): reward=-18.6250 (mean, 1 tok)
2026-04-30 22:43:31,425 mme_vla_suite.pseudo_labeling.topreward_qwen_scorer INFO: Prefix 8/8 (end=51, n_frames=10/52): reward=-18.5000 (mean, 1 tok)
2026-04-30 22:43:38,983 mme_vla_suite.pseudo_labeling.topreward_qwen_scorer INFO: Prefix 1/8 (end=8, n_frames=4/9): reward=-20.7500 (mean, 1 tok)
2026-04-30 22:43:45,856 mme_vla_suite.pseudo_labeling.topreward_qwen_scorer INFO: Prefix 2/8 (end=19, n_frames=4/20): reward=-21.0000 (mean, 1 tok)
2026-04-30 22:43:52,698 mme_vla_suite.pseudo_labeling.topreward_qwen_scorer INFO: Prefix 3/8 (end=30, n_frames=6/31): reward=-19.1250 (mean, 1 tok)
2026-04-30 22:43:59,564 mme_vla_suite.pseudo_labeling.topreward_qwen_scorer INFO: Prefix 4/8 (end=41, n_frames=8/42): reward=-18.3750 (mean, 1 tok)
2026-04-30 22:44:06,438 mme_vla_suite.pseudo_labeling.topreward_qwen_scorer INFO: Prefix 5/8 (end=52, n_frames=11/53): reward=-18.3750 (mean, 1 tok)
2026-04-30 22:44:13,319 mme_vla_suite.pseudo_labeling.topreward_qwen_scorer INFO: Prefix 6/8 (end=63, n_frames=13/64): reward=-19.0000 (mean, 1 tok)
2026-04-30 22:44:20,223 mme_vla_suite.pseudo_labeling.topreward_qwen_scorer INFO: Prefix 7/8 (end=74, n_frames=15/75): reward=-18.8750 (mean, 1 tok)
2026-04-30 22:44:27,149 mme_vla_suite.pseudo_labeling.topreward_qwen_scorer INFO: Prefix 8/8 (end=85, n_frames=17/86): reward=-20.0000 (mean, 1 tok)
2026-04-30 22:44:35,249 mme_vla_suite.pseudo_labeling.topreward_qwen_scorer INFO: Prefix 1/8 (end=17, n_frames=4/18): reward=-21.5000 (mean, 1 tok)
2026-04-30 22:44:42,111 mme_vla_suite.pseudo_labeling.topreward_qwen_scorer INFO: Prefix 2/8 (end=39, n_frames=8/40): reward=-22.2500 (mean, 1 tok)
2026-04-30 22:44:49,001 mme_vla_suite.pseudo_labeling.topreward_qwen_scorer INFO: Prefix 3/8 (end=62, n_frames=13/63): reward=-18.5000 (mean, 1 tok)
2026-04-30 22:44:55,921 mme_vla_suite.pseudo_labeling.topreward_qwen_scorer INFO: Prefix 4/8 (end=85, n_frames=17/86): reward=-14.0000 (mean, 1 tok)
2026-04-30 22:45:02,888 mme_vla_suite.pseudo_labeling.topreward_qwen_scorer INFO: Prefix 5/8 (end=108, n_frames=22/109): reward=-14.5000 (mean, 1 tok)
2026-04-30 22:45:09,922 mme_vla_suite.pseudo_labeling.topreward_qwen_scorer INFO: Prefix 6/8 (end=131, n_frames=26/132): reward=-13.7500 (mean, 1 tok)
2026-04-30 22:45:16,965 mme_vla_suite.pseudo_labeling.topreward_qwen_scorer INFO: Prefix 7/8 (end=154, n_frames=31/155): reward=-12.8750 (mean, 1 tok)
2026-04-30 22:45:24,085 mme_vla_suite.pseudo_labeling.topreward_qwen_scorer INFO: Prefix 8/8 (end=177, n_frames=36/178): reward=-12.3750 (mean, 1 tok)
2026-04-30 22:45:31,843 mme_vla_suite.pseudo_labeling.topreward_qwen_scorer INFO: Prefix 1/8 (end=4, n_frames=4/5): reward=-21.8750 (mean, 1 tok)
2026-04-30 22:45:38,695 mme_vla_suite.pseudo_labeling.topreward_qwen_scorer INFO: Prefix 2/8 (end=10, n_frames=4/11): reward=-21.8750 (mean, 1 tok)
2026-04-30 22:45:45,554 mme_vla_suite.pseudo_labeling.topreward_qwen_scorer INFO: Prefix 3/8 (end=16, n_frames=4/17): reward=-21.1250 (mean, 1 tok)
2026-04-30 22:45:52,414 mme_vla_suite.pseudo_labeling.topreward_qwen_scorer INFO: Prefix 4/8 (end=22, n_frames=5/23): reward=-20.3750 (mean, 1 tok)
2026-04-30 22:45:59,298 mme_vla_suite.pseudo_labeling.topreward_qwen_scorer INFO: Prefix 5/8 (end=29, n_frames=6/30): reward=-20.3750 (mean, 1 tok)
2026-04-30 22:46:06,171 mme_vla_suite.pseudo_labeling.topreward_qwen_scorer INFO: Prefix 6/8 (end=35, n_frames=7/36): reward=-20.5000 (mean, 1 tok)
2026-04-30 22:46:13,176 mme_vla_suite.pseudo_labeling.topreward_qwen_scorer INFO: Prefix 7/8 (end=41, n_frames=8/42): reward=-18.6250 (mean, 1 tok)
2026-04-30 22:46:20,149 mme_vla_suite.pseudo_labeling.topreward_qwen_scorer INFO: Prefix 8/8 (end=48, n_frames=10/49): reward=-19.2500 (mean, 1 tok)
2026-04-30 22:46:27,919 mme_vla_suite.pseudo_labeling.topreward_qwen_scorer INFO: Prefix 1/8 (end=4, n_frames=4/5): reward=-19.1250 (mean, 1 tok)
2026-04-30 22:46:34,770 mme_vla_suite.pseudo_labeling.topreward_qwen_scorer INFO: Prefix 2/8 (end=9, n_frames=4/10): reward=-18.2500 (mean, 1 tok)
2026-04-30 22:46:41,640 mme_vla_suite.pseudo_labeling.topreward_qwen_scorer INFO: Prefix 3/8 (end=15, n_frames=4/16): reward=-17.5000 (mean, 1 tok)
2026-04-30 22:46:48,517 mme_vla_suite.pseudo_labeling.topreward_qwen_scorer INFO: Prefix 4/8 (end=21, n_frames=4/22): reward=-17.7500 (mean, 1 tok)
2026-04-30 22:46:55,380 mme_vla_suite.pseudo_labeling.topreward_qwen_scorer INFO: Prefix 5/8 (end=27, n_frames=6/28): reward=-18.3750 (mean, 1 tok)
2026-04-30 22:47:02,272 mme_vla_suite.pseudo_labeling.topreward_qwen_scorer INFO: Prefix 6/8 (end=33, n_frames=7/34): reward=-18.3750 (mean, 1 tok)
2026-04-30 22:47:09,144 mme_vla_suite.pseudo_labeling.topreward_qwen_scorer INFO: Prefix 7/8 (end=39, n_frames=8/40): reward=-18.7500 (mean, 1 tok)
2026-04-30 22:47:16,013 mme_vla_suite.pseudo_labeling.topreward_qwen_scorer INFO: Prefix 8/8 (end=45, n_frames=9/46): reward=-18.5000 (mean, 1 tok)
2026-04-30 22:47:23,810 mme_vla_suite.pseudo_labeling.topreward_qwen_scorer INFO: Prefix 1/8 (end=4, n_frames=4/5): reward=-20.5000 (mean, 1 tok)
2026-04-30 22:47:30,673 mme_vla_suite.pseudo_labeling.topreward_qwen_scorer INFO: Prefix 2/8 (end=9, n_frames=4/10): reward=-19.7500 (mean, 1 tok)
2026-04-30 22:47:37,514 mme_vla_suite.pseudo_labeling.topreward_qwen_scorer INFO: Prefix 3/8 (end=14, n_frames=4/15): reward=-19.8750 (mean, 1 tok)
2026-04-30 22:47:44,343 mme_vla_suite.pseudo_labeling.topreward_qwen_scorer INFO: Prefix 4/8 (end=20, n_frames=4/21): reward=-19.5000 (mean, 1 tok)
2026-04-30 22:47:51,194 mme_vla_suite.pseudo_labeling.topreward_qwen_scorer INFO: Prefix 5/8 (end=25, n_frames=5/26): reward=-18.8750 (mean, 1 tok)
2026-04-30 22:47:58,030 mme_vla_suite.pseudo_labeling.topreward_qwen_scorer INFO: Prefix 6/8 (end=31, n_frames=6/32): reward=-18.8750 (mean, 1 tok)
2026-04-30 22:48:04,883 mme_vla_suite.pseudo_labeling.topreward_qwen_scorer INFO: Prefix 7/8 (end=36, n_frames=7/37): reward=-18.7500 (mean, 1 tok)
2026-04-30 22:48:11,736 mme_vla_suite.pseudo_labeling.topreward_qwen_scorer INFO: Prefix 8/8 (end=42, n_frames=9/43): reward=-18.3750 (mean, 1 tok)
2026-04-30 22:48:19,550 mme_vla_suite.pseudo_labeling.topreward_qwen_scorer INFO: Prefix 1/8 (end=4, n_frames=4/5): reward=-19.6250 (mean, 1 tok)
2026-04-30 22:48:26,377 mme_vla_suite.pseudo_labeling.topreward_qwen_scorer INFO: Prefix 2/8 (end=9, n_frames=4/10): reward=-19.5000 (mean, 1 tok)
2026-04-30 22:48:33,212 mme_vla_suite.pseudo_labeling.topreward_qwen_scorer INFO: Prefix 3/8 (end=15, n_frames=4/16): reward=-19.0000 (mean, 1 tok)
2026-04-30 22:48:40,032 mme_vla_suite.pseudo_labeling.topreward_qwen_scorer INFO: Prefix 4/8 (end=21, n_frames=4/22): reward=-18.8750 (mean, 1 tok)
2026-04-30 22:48:46,859 mme_vla_suite.pseudo_labeling.topreward_qwen_scorer INFO: Prefix 5/8 (end=26, n_frames=5/27): reward=-18.7500 (mean, 1 tok)
2026-04-30 22:48:53,710 mme_vla_suite.pseudo_labeling.topreward_qwen_scorer INFO: Prefix 6/8 (end=32, n_frames=7/33): reward=-20.2500 (mean, 1 tok)
2026-04-30 22:49:00,565 mme_vla_suite.pseudo_labeling.topreward_qwen_scorer INFO: Prefix 7/8 (end=38, n_frames=8/39): reward=-20.6250 (mean, 1 tok)
2026-04-30 22:49:07,429 mme_vla_suite.pseudo_labeling.topreward_qwen_scorer INFO: Prefix 8/8 (end=44, n_frames=9/45): reward=-18.7500 (mean, 1 tok)
2026-04-30 22:49:15,172 mme_vla_suite.pseudo_labeling.topreward_qwen_scorer INFO: Prefix 1/8 (end=4, n_frames=4/5): reward=-21.5000 (mean, 1 tok)
2026-04-30 22:49:22,006 mme_vla_suite.pseudo_labeling.topreward_qwen_scorer INFO: Prefix 2/8 (end=9, n_frames=4/10): reward=-20.3750 (mean, 1 tok)
2026-04-30 22:49:28,835 mme_vla_suite.pseudo_labeling.topreward_qwen_scorer INFO: Prefix 3/8 (end=14, n_frames=4/15): reward=-20.5000 (mean, 1 tok)
2026-04-30 22:49:35,658 mme_vla_suite.pseudo_labeling.topreward_qwen_scorer INFO: Prefix 4/8 (end=20, n_frames=4/21): reward=-20.7500 (mean, 1 tok)
2026-04-30 22:49:42,494 mme_vla_suite.pseudo_labeling.topreward_qwen_scorer INFO: Prefix 5/8 (end=25, n_frames=5/26): reward=-20.0000 (mean, 1 tok)
2026-04-30 22:49:49,342 mme_vla_suite.pseudo_labeling.topreward_qwen_scorer INFO: Prefix 6/8 (end=31, n_frames=6/32): reward=-19.5000 (mean, 1 tok)
2026-04-30 22:49:56,189 mme_vla_suite.pseudo_labeling.topreward_qwen_scorer INFO: Prefix 7/8 (end=36, n_frames=7/37): reward=-19.7500 (mean, 1 tok)
2026-04-30 22:50:03,045 mme_vla_suite.pseudo_labeling.topreward_qwen_scorer INFO: Prefix 8/8 (end=42, n_frames=9/43): reward=-19.1250 (mean, 1 tok)
2026-04-30 22:50:10,940 mme_vla_suite.pseudo_labeling.topreward_qwen_scorer INFO: Prefix 1/8 (end=4, n_frames=4/5): reward=-20.2500 (mean, 1 tok)
2026-04-30 22:50:17,777 mme_vla_suite.pseudo_labeling.topreward_qwen_scorer INFO: Prefix 2/8 (end=9, n_frames=4/10): reward=-20.1250 (mean, 1 tok)
2026-04-30 22:50:24,608 mme_vla_suite.pseudo_labeling.topreward_qwen_scorer INFO: Prefix 3/8 (end=15, n_frames=4/16): reward=-19.7500 (mean, 1 tok)
2026-04-30 22:50:31,451 mme_vla_suite.pseudo_labeling.topreward_qwen_scorer INFO: Prefix 4/8 (end=21, n_frames=4/22): reward=-19.6250 (mean, 1 tok)
2026-04-30 22:50:38,308 mme_vla_suite.pseudo_labeling.topreward_qwen_scorer INFO: Prefix 5/8 (end=26, n_frames=5/27): reward=-19.5000 (mean, 1 tok)
2026-04-30 22:50:45,162 mme_vla_suite.pseudo_labeling.topreward_qwen_scorer INFO: Prefix 6/8 (end=32, n_frames=7/33): reward=-20.8750 (mean, 1 tok)
2026-04-30 22:50:52,015 mme_vla_suite.pseudo_labeling.topreward_qwen_scorer INFO: Prefix 7/8 (end=38, n_frames=8/39): reward=-21.5000 (mean, 1 tok)
2026-04-30 22:50:58,876 mme_vla_suite.pseudo_labeling.topreward_qwen_scorer INFO: Prefix 8/8 (end=44, n_frames=9/45): reward=-20.2500 (mean, 1 tok)
2026-04-30 22:51:06,654 mme_vla_suite.pseudo_labeling.topreward_qwen_scorer INFO: Prefix 1/8 (end=4, n_frames=4/5): reward=-18.7500 (mean, 1 tok)
2026-04-30 22:51:13,480 mme_vla_suite.pseudo_labeling.topreward_qwen_scorer INFO: Prefix 2/8 (end=8, n_frames=4/9): reward=-18.7500 (mean, 1 tok)
2026-04-30 22:51:20,295 mme_vla_suite.pseudo_labeling.topreward_qwen_scorer INFO: Prefix 3/8 (end=13, n_frames=4/14): reward=-19.8750 (mean, 1 tok)
2026-04-30 22:51:27,121 mme_vla_suite.pseudo_labeling.topreward_qwen_scorer INFO: Prefix 4/8 (end=18, n_frames=4/19): reward=-19.6250 (mean, 1 tok)
2026-04-30 22:51:33,952 mme_vla_suite.pseudo_labeling.topreward_qwen_scorer INFO: Prefix 5/8 (end=22, n_frames=5/23): reward=-18.3750 (mean, 1 tok)
2026-04-30 22:51:40,788 mme_vla_suite.pseudo_labeling.topreward_qwen_scorer INFO: Prefix 6/8 (end=27, n_frames=6/28): reward=-18.7500 (mean, 1 tok)
2026-04-30 22:51:47,627 mme_vla_suite.pseudo_labeling.topreward_qwen_scorer INFO: Prefix 7/8 (end=32, n_frames=7/33): reward=-18.0000 (mean, 1 tok)
2026-04-30 22:51:54,480 mme_vla_suite.pseudo_labeling.topreward_qwen_scorer INFO: Prefix 8/8 (end=37, n_frames=8/38): reward=-17.2500 (mean, 1 tok)
2026-04-30 22:52:02,317 mme_vla_suite.pseudo_labeling.topreward_qwen_scorer INFO: Prefix 1/8 (end=4, n_frames=4/5): reward=-21.6250 (mean, 1 tok)
2026-04-30 22:52:09,133 mme_vla_suite.pseudo_labeling.topreward_qwen_scorer INFO: Prefix 2/8 (end=10, n_frames=4/11): reward=-20.7500 (mean, 1 tok)
2026-04-30 22:52:15,966 mme_vla_suite.pseudo_labeling.topreward_qwen_scorer INFO: Prefix 3/8 (end=16, n_frames=4/17): reward=-19.6250 (mean, 1 tok)
2026-04-30 22:52:22,790 mme_vla_suite.pseudo_labeling.topreward_qwen_scorer INFO: Prefix 4/8 (end=22, n_frames=5/23): reward=-19.3750 (mean, 1 tok)
2026-04-30 22:52:29,620 mme_vla_suite.pseudo_labeling.topreward_qwen_scorer INFO: Prefix 5/8 (end=29, n_frames=6/30): reward=-18.7500 (mean, 1 tok)
2026-04-30 22:52:36,447 mme_vla_suite.pseudo_labeling.topreward_qwen_scorer INFO: Prefix 6/8 (end=35, n_frames=7/36): reward=-18.6250 (mean, 1 tok)
2026-04-30 22:52:43,278 mme_vla_suite.pseudo_labeling.topreward_qwen_scorer INFO: Prefix 7/8 (end=41, n_frames=8/42): reward=-18.8750 (mean, 1 tok)
2026-04-30 22:52:50,140 mme_vla_suite.pseudo_labeling.topreward_qwen_scorer INFO: Prefix 8/8 (end=48, n_frames=10/49): reward=-19.1250 (mean, 1 tok)
2026-04-30 22:52:57,782 mme_vla_suite.pseudo_labeling.topreward_qwen_scorer INFO: Prefix 1/8 (end=8, n_frames=4/9): reward=-20.2500 (mean, 1 tok)
2026-04-30 22:53:04,607 mme_vla_suite.pseudo_labeling.topreward_qwen_scorer INFO: Prefix 2/8 (end=18, n_frames=4/19): reward=-19.6250 (mean, 1 tok)
2026-04-30 22:53:11,448 mme_vla_suite.pseudo_labeling.topreward_qwen_scorer INFO: Prefix 3/8 (end=29, n_frames=6/30): reward=-18.7500 (mean, 1 tok)
2026-04-30 22:53:18,277 mme_vla_suite.pseudo_labeling.topreward_qwen_scorer INFO: Prefix 4/8 (end=39, n_frames=8/40): reward=-19.0000 (mean, 1 tok)
2026-04-30 22:53:25,123 mme_vla_suite.pseudo_labeling.topreward_qwen_scorer INFO: Prefix 5/8 (end=50, n_frames=10/51): reward=-19.5000 (mean, 1 tok)
2026-04-30 22:53:32,012 mme_vla_suite.pseudo_labeling.topreward_qwen_scorer INFO: Prefix 6/8 (end=60, n_frames=12/61): reward=-19.1250 (mean, 1 tok)
2026-04-30 22:53:38,906 mme_vla_suite.pseudo_labeling.topreward_qwen_scorer INFO: Prefix 7/8 (end=71, n_frames=14/72): reward=-18.8750 (mean, 1 tok)
2026-04-30 22:53:45,795 mme_vla_suite.pseudo_labeling.topreward_qwen_scorer INFO: Prefix 8/8 (end=82, n_frames=17/83): reward=-19.2500 (mean, 1 tok)
2026-04-30 22:53:53,848 mme_vla_suite.pseudo_labeling.topreward_qwen_scorer INFO: Prefix 1/8 (end=10, n_frames=4/11): reward=-22.8750 (mean, 1 tok)
2026-04-30 22:54:00,808 mme_vla_suite.pseudo_labeling.topreward_qwen_scorer INFO: Prefix 2/8 (end=23, n_frames=5/24): reward=-23.3750 (mean, 1 tok)
2026-04-30 22:54:07,664 mme_vla_suite.pseudo_labeling.topreward_qwen_scorer INFO: Prefix 3/8 (end=37, n_frames=8/38): reward=-16.7500 (mean, 1 tok)
2026-04-30 22:54:14,519 mme_vla_suite.pseudo_labeling.topreward_qwen_scorer INFO: Prefix 4/8 (end=50, n_frames=10/51): reward=-15.6250 (mean, 1 tok)
2026-04-30 22:54:21,391 mme_vla_suite.pseudo_labeling.topreward_qwen_scorer INFO: Prefix 5/8 (end=64, n_frames=13/65): reward=-16.3750 (mean, 1 tok)
2026-04-30 22:54:28,360 mme_vla_suite.pseudo_labeling.topreward_qwen_scorer INFO: Prefix 6/8 (end=77, n_frames=16/78): reward=-15.3750 (mean, 1 tok)
2026-04-30 22:54:35,344 mme_vla_suite.pseudo_labeling.topreward_qwen_scorer INFO: Prefix 7/8 (end=91, n_frames=18/92): reward=-14.3750 (mean, 1 tok)
2026-04-30 22:54:42,245 mme_vla_suite.pseudo_labeling.topreward_qwen_scorer INFO: Prefix 8/8 (end=105, n_frames=21/106): reward=-14.3750 (mean, 1 tok)
2026-04-30 22:54:50,124 mme_vla_suite.pseudo_labeling.topreward_qwen_scorer INFO: Prefix 1/8 (end=4, n_frames=4/5): reward=-22.1250 (mean, 1 tok)
2026-04-30 22:54:56,938 mme_vla_suite.pseudo_labeling.topreward_qwen_scorer INFO: Prefix 2/8 (end=9, n_frames=4/10): reward=-21.0000 (mean, 1 tok)
2026-04-30 22:55:03,759 mme_vla_suite.pseudo_labeling.topreward_qwen_scorer INFO: Prefix 3/8 (end=14, n_frames=4/15): reward=-20.1250 (mean, 1 tok)
2026-04-30 22:55:10,579 mme_vla_suite.pseudo_labeling.topreward_qwen_scorer INFO: Prefix 4/8 (end=19, n_frames=4/20): reward=-18.5000 (mean, 1 tok)
2026-04-30 22:55:17,406 mme_vla_suite.pseudo_labeling.topreward_qwen_scorer INFO: Prefix 5/8 (end=24, n_frames=5/25): reward=-18.2500 (mean, 1 tok)
2026-04-30 22:55:24,237 mme_vla_suite.pseudo_labeling.topreward_qwen_scorer INFO: Prefix 6/8 (end=29, n_frames=6/30): reward=-18.3750 (mean, 1 tok)
2026-04-30 22:55:31,104 mme_vla_suite.pseudo_labeling.topreward_qwen_scorer INFO: Prefix 7/8 (end=34, n_frames=7/35): reward=-18.8750 (mean, 1 tok)
2026-04-30 22:55:37,943 mme_vla_suite.pseudo_labeling.topreward_qwen_scorer INFO: Prefix 8/8 (end=39, n_frames=8/40): reward=-19.6250 (mean, 1 tok)
2026-04-30 22:55:45,850 mme_vla_suite.pseudo_labeling.topreward_qwen_scorer INFO: Prefix 1/8 (end=4, n_frames=4/5): reward=-19.6250 (mean, 1 tok)
2026-04-30 22:55:52,693 mme_vla_suite.pseudo_labeling.topreward_qwen_scorer INFO: Prefix 2/8 (end=9, n_frames=4/10): reward=-18.2500 (mean, 1 tok)
2026-04-30 22:55:59,540 mme_vla_suite.pseudo_labeling.topreward_qwen_scorer INFO: Prefix 3/8 (end=14, n_frames=4/15): reward=-18.6250 (mean, 1 tok)
2026-04-30 22:56:06,376 mme_vla_suite.pseudo_labeling.topreward_qwen_scorer INFO: Prefix 4/8 (end=19, n_frames=4/20): reward=-18.1250 (mean, 1 tok)
2026-04-30 22:56:13,211 mme_vla_suite.pseudo_labeling.topreward_qwen_scorer INFO: Prefix 5/8 (end=25, n_frames=5/26): reward=-18.0000 (mean, 1 tok)
2026-04-30 22:56:20,076 mme_vla_suite.pseudo_labeling.topreward_qwen_scorer INFO: Prefix 6/8 (end=30, n_frames=6/31): reward=-18.0000 (mean, 1 tok)
2026-04-30 22:56:26,926 mme_vla_suite.pseudo_labeling.topreward_qwen_scorer INFO: Prefix 7/8 (end=35, n_frames=7/36): reward=-19.5000 (mean, 1 tok)
2026-04-30 22:56:33,790 mme_vla_suite.pseudo_labeling.topreward_qwen_scorer INFO: Prefix 8/8 (end=41, n_frames=8/42): reward=-19.2500 (mean, 1 tok)
2026-04-30 22:56:41,751 mme_vla_suite.pseudo_labeling.topreward_qwen_scorer INFO: Prefix 1/8 (end=4, n_frames=4/5): reward=-20.5000 (mean, 1 tok)
2026-04-30 22:56:48,590 mme_vla_suite.pseudo_labeling.topreward_qwen_scorer INFO: Prefix 2/8 (end=9, n_frames=4/10): reward=-19.8750 (mean, 1 tok)
2026-04-30 22:56:55,408 mme_vla_suite.pseudo_labeling.topreward_qwen_scorer INFO: Prefix 3/8 (end=14, n_frames=4/15): reward=-20.2500 (mean, 1 tok)
2026-04-30 22:57:02,242 mme_vla_suite.pseudo_labeling.topreward_qwen_scorer INFO: Prefix 4/8 (end=19, n_frames=4/20): reward=-19.1250 (mean, 1 tok)
2026-04-30 22:57:09,082 mme_vla_suite.pseudo_labeling.topreward_qwen_scorer INFO: Prefix 5/8 (end=24, n_frames=5/25): reward=-19.0000 (mean, 1 tok)
2026-04-30 22:57:15,935 mme_vla_suite.pseudo_labeling.topreward_qwen_scorer INFO: Prefix 6/8 (end=29, n_frames=6/30): reward=-18.7500 (mean, 1 tok)
2026-04-30 22:57:22,782 mme_vla_suite.pseudo_labeling.topreward_qwen_scorer INFO: Prefix 7/8 (end=34, n_frames=7/35): reward=-18.6250 (mean, 1 tok)
2026-04-30 22:57:29,624 mme_vla_suite.pseudo_labeling.topreward_qwen_scorer INFO: Prefix 8/8 (end=39, n_frames=8/40): reward=-18.2500 (mean, 1 tok)
2026-04-30 22:57:37,413 mme_vla_suite.pseudo_labeling.topreward_qwen_scorer INFO: Prefix 1/8 (end=4, n_frames=4/5): reward=-19.8750 (mean, 1 tok)
2026-04-30 22:57:44,253 mme_vla_suite.pseudo_labeling.topreward_qwen_scorer INFO: Prefix 2/8 (end=9, n_frames=4/10): reward=-19.0000 (mean, 1 tok)
2026-04-30 22:57:51,078 mme_vla_suite.pseudo_labeling.topreward_qwen_scorer INFO: Prefix 3/8 (end=14, n_frames=4/15): reward=-18.5000 (mean, 1 tok)
2026-04-30 22:57:57,918 mme_vla_suite.pseudo_labeling.topreward_qwen_scorer INFO: Prefix 4/8 (end=19, n_frames=4/20): reward=-18.3750 (mean, 1 tok)
2026-04-30 22:58:04,758 mme_vla_suite.pseudo_labeling.topreward_qwen_scorer INFO: Prefix 5/8 (end=24, n_frames=5/25): reward=-19.0000 (mean, 1 tok)
2026-04-30 22:58:11,606 mme_vla_suite.pseudo_labeling.topreward_qwen_scorer INFO: Prefix 6/8 (end=29, n_frames=6/30): reward=-18.3750 (mean, 1 tok)
2026-04-30 22:58:18,460 mme_vla_suite.pseudo_labeling.topreward_qwen_scorer INFO: Prefix 7/8 (end=34, n_frames=7/35): reward=-20.1250 (mean, 1 tok)
2026-04-30 22:58:25,302 mme_vla_suite.pseudo_labeling.topreward_qwen_scorer INFO: Prefix 8/8 (end=39, n_frames=8/40): reward=-20.6250 (mean, 1 tok)
2026-04-30 22:58:33,186 mme_vla_suite.pseudo_labeling.topreward_qwen_scorer INFO: Prefix 1/8 (end=4, n_frames=4/5): reward=-21.0000 (mean, 1 tok)
2026-04-30 22:58:40,025 mme_vla_suite.pseudo_labeling.topreward_qwen_scorer INFO: Prefix 2/8 (end=9, n_frames=4/10): reward=-20.3750 (mean, 1 tok)
2026-04-30 22:58:46,844 mme_vla_suite.pseudo_labeling.topreward_qwen_scorer INFO: Prefix 3/8 (end=14, n_frames=4/15): reward=-20.7500 (mean, 1 tok)
2026-04-30 22:58:53,670 mme_vla_suite.pseudo_labeling.topreward_qwen_scorer INFO: Prefix 4/8 (end=19, n_frames=4/20): reward=-19.6250 (mean, 1 tok)
2026-04-30 22:59:00,503 mme_vla_suite.pseudo_labeling.topreward_qwen_scorer INFO: Prefix 5/8 (end=24, n_frames=5/25): reward=-20.1250 (mean, 1 tok)
2026-04-30 22:59:07,356 mme_vla_suite.pseudo_labeling.topreward_qwen_scorer INFO: Prefix 6/8 (end=29, n_frames=6/30): reward=-19.3750 (mean, 1 tok)
2026-04-30 22:59:14,220 mme_vla_suite.pseudo_labeling.topreward_qwen_scorer INFO: Prefix 7/8 (end=34, n_frames=7/35): reward=-19.3750 (mean, 1 tok)
2026-04-30 22:59:21,085 mme_vla_suite.pseudo_labeling.topreward_qwen_scorer INFO: Prefix 8/8 (end=40, n_frames=8/41): reward=-19.5000 (mean, 1 tok)
2026-04-30 22:59:29,102 mme_vla_suite.pseudo_labeling.topreward_qwen_scorer INFO: Prefix 1/8 (end=4, n_frames=4/5): reward=-20.6250 (mean, 1 tok)
2026-04-30 22:59:35,941 mme_vla_suite.pseudo_labeling.topreward_qwen_scorer INFO: Prefix 2/8 (end=9, n_frames=4/10): reward=-19.2500 (mean, 1 tok)
2026-04-30 22:59:42,791 mme_vla_suite.pseudo_labeling.topreward_qwen_scorer INFO: Prefix 3/8 (end=14, n_frames=4/15): reward=-19.6250 (mean, 1 tok)
2026-04-30 22:59:49,639 mme_vla_suite.pseudo_labeling.topreward_qwen_scorer INFO: Prefix 4/8 (end=19, n_frames=4/20): reward=-19.0000 (mean, 1 tok)
2026-04-30 22:59:56,512 mme_vla_suite.pseudo_labeling.topreward_qwen_scorer INFO: Prefix 5/8 (end=24, n_frames=5/25): reward=-19.6250 (mean, 1 tok)
2026-04-30 23:00:03,397 mme_vla_suite.pseudo_labeling.topreward_qwen_scorer INFO: Prefix 6/8 (end=29, n_frames=6/30): reward=-19.6250 (mean, 1 tok)
2026-04-30 23:00:10,250 mme_vla_suite.pseudo_labeling.topreward_qwen_scorer INFO: Prefix 7/8 (end=34, n_frames=7/35): reward=-20.8750 (mean, 1 tok)
2026-04-30 23:00:17,107 mme_vla_suite.pseudo_labeling.topreward_qwen_scorer INFO: Prefix 8/8 (end=39, n_frames=8/40): reward=-21.1250 (mean, 1 tok)
2026-04-30 23:00:25,056 mme_vla_suite.pseudo_labeling.topreward_qwen_scorer INFO: Prefix 1/8 (end=4, n_frames=4/5): reward=-19.2500 (mean, 1 tok)
2026-04-30 23:00:31,893 mme_vla_suite.pseudo_labeling.topreward_qwen_scorer INFO: Prefix 2/8 (end=8, n_frames=4/9): reward=-19.1250 (mean, 1 tok)
2026-04-30 23:00:38,730 mme_vla_suite.pseudo_labeling.topreward_qwen_scorer INFO: Prefix 3/8 (end=12, n_frames=4/13): reward=-19.3750 (mean, 1 tok)
2026-04-30 23:00:45,573 mme_vla_suite.pseudo_labeling.topreward_qwen_scorer INFO: Prefix 4/8 (end=17, n_frames=4/18): reward=-20.0000 (mean, 1 tok)
2026-04-30 23:00:52,394 mme_vla_suite.pseudo_labeling.topreward_qwen_scorer INFO: Prefix 5/8 (end=21, n_frames=4/22): reward=-19.1250 (mean, 1 tok)
2026-04-30 23:00:59,240 mme_vla_suite.pseudo_labeling.topreward_qwen_scorer INFO: Prefix 6/8 (end=26, n_frames=5/27): reward=-19.2500 (mean, 1 tok)
2026-04-30 23:01:06,157 mme_vla_suite.pseudo_labeling.topreward_qwen_scorer INFO: Prefix 7/8 (end=30, n_frames=6/31): reward=-19.5000 (mean, 1 tok)
2026-04-30 23:01:13,010 mme_vla_suite.pseudo_labeling.topreward_qwen_scorer INFO: Prefix 8/8 (end=35, n_frames=7/36): reward=-16.2500 (mean, 1 tok)
2026-04-30 23:01:20,670 mme_vla_suite.pseudo_labeling.topreward_qwen_scorer INFO: Prefix 1/8 (end=5, n_frames=4/6): reward=-21.3750 (mean, 1 tok)
2026-04-30 23:01:27,503 mme_vla_suite.pseudo_labeling.topreward_qwen_scorer INFO: Prefix 2/8 (end=11, n_frames=4/12): reward=-20.8750 (mean, 1 tok)
2026-04-30 23:01:34,326 mme_vla_suite.pseudo_labeling.topreward_qwen_scorer INFO: Prefix 3/8 (end=18, n_frames=4/19): reward=-21.0000 (mean, 1 tok)
2026-04-30 23:01:41,159 mme_vla_suite.pseudo_labeling.topreward_qwen_scorer INFO: Prefix 4/8 (end=24, n_frames=5/25): reward=-19.8750 (mean, 1 tok)
2026-04-30 23:01:47,994 mme_vla_suite.pseudo_labeling.topreward_qwen_scorer INFO: Prefix 5/8 (end=31, n_frames=6/32): reward=-19.6250 (mean, 1 tok)
2026-04-30 23:01:54,850 mme_vla_suite.pseudo_labeling.topreward_qwen_scorer INFO: Prefix 6/8 (end=37, n_frames=8/38): reward=-19.5000 (mean, 1 tok)
2026-04-30 23:02:01,731 mme_vla_suite.pseudo_labeling.topreward_qwen_scorer INFO: Prefix 7/8 (end=44, n_frames=9/45): reward=-19.2500 (mean, 1 tok)
2026-04-30 23:02:08,588 mme_vla_suite.pseudo_labeling.topreward_qwen_scorer INFO: Prefix 8/8 (end=51, n_frames=10/52): reward=-18.7500 (mean, 1 tok)
2026-04-30 23:02:16,161 mme_vla_suite.pseudo_labeling.topreward_qwen_scorer INFO: Prefix 1/8 (end=9, n_frames=4/10): reward=-20.8750 (mean, 1 tok)
2026-04-30 23:02:23,008 mme_vla_suite.pseudo_labeling.topreward_qwen_scorer INFO: Prefix 2/8 (end=20, n_frames=4/21): reward=-21.1250 (mean, 1 tok)
2026-04-30 23:02:29,859 mme_vla_suite.pseudo_labeling.topreward_qwen_scorer INFO: Prefix 3/8 (end=32, n_frames=7/33): reward=-20.0000 (mean, 1 tok)
2026-04-30 23:02:36,730 mme_vla_suite.pseudo_labeling.topreward_qwen_scorer INFO: Prefix 4/8 (end=44, n_frames=9/45): reward=-19.2500 (mean, 1 tok)
2026-04-30 23:02:43,615 mme_vla_suite.pseudo_labeling.topreward_qwen_scorer INFO: Prefix 5/8 (end=56, n_frames=11/57): reward=-20.0000 (mean, 1 tok)
2026-04-30 23:02:50,528 mme_vla_suite.pseudo_labeling.topreward_qwen_scorer INFO: Prefix 6/8 (end=68, n_frames=14/69): reward=-19.2500 (mean, 1 tok)
2026-04-30 23:02:57,435 mme_vla_suite.pseudo_labeling.topreward_qwen_scorer INFO: Prefix 7/8 (end=80, n_frames=16/81): reward=-19.7500 (mean, 1 tok)
2026-04-30 23:03:04,358 mme_vla_suite.pseudo_labeling.topreward_qwen_scorer INFO: Prefix 8/8 (end=92, n_frames=19/93): reward=-19.2500 (mean, 1 tok)
2026-04-30 23:03:12,359 mme_vla_suite.pseudo_labeling.topreward_qwen_scorer INFO: Prefix 1/8 (end=10, n_frames=4/11): reward=-21.0000 (mean, 1 tok)
2026-04-30 23:03:19,215 mme_vla_suite.pseudo_labeling.topreward_qwen_scorer INFO: Prefix 2/8 (end=23, n_frames=5/24): reward=-21.6250 (mean, 1 tok)
2026-04-30 23:03:26,063 mme_vla_suite.pseudo_labeling.topreward_qwen_scorer INFO: Prefix 3/8 (end=37, n_frames=8/38): reward=-16.7500 (mean, 1 tok)
2026-04-30 23:03:32,920 mme_vla_suite.pseudo_labeling.topreward_qwen_scorer INFO: Prefix 4/8 (end=51, n_frames=10/52): reward=-16.2500 (mean, 1 tok)
2026-04-30 23:03:39,804 mme_vla_suite.pseudo_labeling.topreward_qwen_scorer INFO: Prefix 5/8 (end=64, n_frames=13/65): reward=-16.1250 (mean, 1 tok)
2026-04-30 23:03:46,699 mme_vla_suite.pseudo_labeling.topreward_qwen_scorer INFO: Prefix 6/8 (end=78, n_frames=16/79): reward=-16.3750 (mean, 1 tok)
2026-04-30 23:03:53,621 mme_vla_suite.pseudo_labeling.topreward_qwen_scorer INFO: Prefix 7/8 (end=92, n_frames=19/93): reward=-16.2500 (mean, 1 tok)
2026-04-30 23:04:00,589 mme_vla_suite.pseudo_labeling.topreward_qwen_scorer INFO: Prefix 8/8 (end=106, n_frames=21/107): reward=-14.1250 (mean, 1 tok)
2026-04-30 23:04:08,456 mme_vla_suite.pseudo_labeling.topreward_qwen_scorer INFO: Prefix 1/8 (end=4, n_frames=4/5): reward=-21.8750 (mean, 1 tok)
2026-04-30 23:04:15,306 mme_vla_suite.pseudo_labeling.topreward_qwen_scorer INFO: Prefix 2/8 (end=8, n_frames=4/9): reward=-21.8750 (mean, 1 tok)
2026-04-30 23:04:22,161 mme_vla_suite.pseudo_labeling.topreward_qwen_scorer INFO: Prefix 3/8 (end=13, n_frames=4/14): reward=-20.2500 (mean, 1 tok)
2026-04-30 23:04:29,028 mme_vla_suite.pseudo_labeling.topreward_qwen_scorer INFO: Prefix 4/8 (end=18, n_frames=4/19): reward=-18.6250 (mean, 1 tok)
2026-04-30 23:04:35,902 mme_vla_suite.pseudo_labeling.topreward_qwen_scorer INFO: Prefix 5/8 (end=22, n_frames=5/23): reward=-18.7500 (mean, 1 tok)
2026-04-30 23:04:42,771 mme_vla_suite.pseudo_labeling.topreward_qwen_scorer INFO: Prefix 6/8 (end=27, n_frames=6/28): reward=-18.6250 (mean, 1 tok)
2026-04-30 23:04:49,654 mme_vla_suite.pseudo_labeling.topreward_qwen_scorer INFO: Prefix 7/8 (end=32, n_frames=7/33): reward=-19.5000 (mean, 1 tok)
2026-04-30 23:04:56,531 mme_vla_suite.pseudo_labeling.topreward_qwen_scorer INFO: Prefix 8/8 (end=37, n_frames=8/38): reward=-19.8750 (mean, 1 tok)
2026-04-30 23:22:04,572 mme_vla_suite.pseudo_labeling.topreward_qwen_scorer INFO: Prefix 1/8 (end=4, n_frames=4/5): reward=-19.7500 (mean, 1 tok)
2026-04-30 23:22:11,442 mme_vla_suite.pseudo_labeling.topreward_qwen_scorer INFO: Prefix 2/8 (end=9, n_frames=4/10): reward=-19.0000 (mean, 1 tok)
2026-04-30 23:22:18,310 mme_vla_suite.pseudo_labeling.topreward_qwen_scorer INFO: Prefix 3/8 (end=14, n_frames=4/15): reward=-19.1250 (mean, 1 tok)
2026-04-30 23:22:25,198 mme_vla_suite.pseudo_labeling.topreward_qwen_scorer INFO: Prefix 4/8 (end=19, n_frames=4/20): reward=-17.2500 (mean, 1 tok)
2026-04-30 23:22:32,086 mme_vla_suite.pseudo_labeling.topreward_qwen_scorer INFO: Prefix 5/8 (end=24, n_frames=5/25): reward=-17.3750 (mean, 1 tok)
2026-04-30 23:22:38,967 mme_vla_suite.pseudo_labeling.topreward_qwen_scorer INFO: Prefix 6/8 (end=29, n_frames=6/30): reward=-18.0000 (mean, 1 tok)
2026-04-30 23:22:45,857 mme_vla_suite.pseudo_labeling.topreward_qwen_scorer INFO: Prefix 7/8 (end=34, n_frames=7/35): reward=-18.5000 (mean, 1 tok)
2026-04-30 23:22:52,748 mme_vla_suite.pseudo_labeling.topreward_qwen_scorer INFO: Prefix 8/8 (end=39, n_frames=8/40): reward=-18.0000 (mean, 1 tok)
2026-04-30 23:23:00,591 mme_vla_suite.pseudo_labeling.topreward_qwen_scorer INFO: Prefix 1/8 (end=4, n_frames=4/5): reward=-21.1250 (mean, 1 tok)
2026-04-30 23:23:07,458 mme_vla_suite.pseudo_labeling.topreward_qwen_scorer INFO: Prefix 2/8 (end=8, n_frames=4/9): reward=-20.6250 (mean, 1 tok)
2026-04-30 23:23:14,326 mme_vla_suite.pseudo_labeling.topreward_qwen_scorer INFO: Prefix 3/8 (end=12, n_frames=4/13): reward=-21.5000 (mean, 1 tok)
2026-04-30 23:23:21,192 mme_vla_suite.pseudo_labeling.topreward_qwen_scorer INFO: Prefix 4/8 (end=17, n_frames=4/18): reward=-18.8750 (mean, 1 tok)
2026-04-30 23:23:28,038 mme_vla_suite.pseudo_labeling.topreward_qwen_scorer INFO: Prefix 5/8 (end=21, n_frames=4/22): reward=-18.8750 (mean, 1 tok)
2026-04-30 23:23:34,997 mme_vla_suite.pseudo_labeling.topreward_qwen_scorer INFO: Prefix 6/8 (end=26, n_frames=5/27): reward=-20.1250 (mean, 1 tok)
2026-04-30 23:23:41,879 mme_vla_suite.pseudo_labeling.topreward_qwen_scorer INFO: Prefix 7/8 (end=30, n_frames=6/31): reward=-18.8750 (mean, 1 tok)
2026-04-30 23:23:48,769 mme_vla_suite.pseudo_labeling.topreward_qwen_scorer INFO: Prefix 8/8 (end=35, n_frames=7/36): reward=-17.3750 (mean, 1 tok)
2026-04-30 23:23:56,616 mme_vla_suite.pseudo_labeling.topreward_qwen_scorer INFO: Prefix 1/8 (end=7, n_frames=4/8): reward=-20.7500 (mean, 1 tok)
2026-04-30 23:24:03,481 mme_vla_suite.pseudo_labeling.topreward_qwen_scorer INFO: Prefix 2/8 (end=16, n_frames=4/17): reward=-20.1250 (mean, 1 tok)
2026-04-30 23:24:10,349 mme_vla_suite.pseudo_labeling.topreward_qwen_scorer INFO: Prefix 3/8 (end=25, n_frames=5/26): reward=-20.5000 (mean, 1 tok)
2026-04-30 23:24:17,240 mme_vla_suite.pseudo_labeling.topreward_qwen_scorer INFO: Prefix 4/8 (end=34, n_frames=7/35): reward=-19.5000 (mean, 1 tok)
2026-04-30 23:24:24,145 mme_vla_suite.pseudo_labeling.topreward_qwen_scorer INFO: Prefix 5/8 (end=43, n_frames=9/44): reward=-19.6250 (mean, 1 tok)
2026-04-30 23:24:31,034 mme_vla_suite.pseudo_labeling.topreward_qwen_scorer INFO: Prefix 6/8 (end=52, n_frames=11/53): reward=-19.3750 (mean, 1 tok)
2026-04-30 23:24:37,922 mme_vla_suite.pseudo_labeling.topreward_qwen_scorer INFO: Prefix 7/8 (end=61, n_frames=12/62): reward=-19.6250 (mean, 1 tok)
2026-04-30 23:24:44,836 mme_vla_suite.pseudo_labeling.topreward_qwen_scorer INFO: Prefix 8/8 (end=71, n_frames=14/72): reward=-19.1250 (mean, 1 tok)
2026-04-30 23:24:52,686 mme_vla_suite.pseudo_labeling.topreward_qwen_scorer INFO: Prefix 1/8 (end=11, n_frames=4/12): reward=-20.6250 (mean, 1 tok)
2026-04-30 23:24:59,569 mme_vla_suite.pseudo_labeling.topreward_qwen_scorer INFO: Prefix 2/8 (end=26, n_frames=5/27): reward=-20.3750 (mean, 1 tok)
2026-04-30 23:25:06,434 mme_vla_suite.pseudo_labeling.topreward_qwen_scorer INFO: Prefix 3/8 (end=41, n_frames=8/42): reward=-20.1250 (mean, 1 tok)
2026-04-30 23:25:13,445 mme_vla_suite.pseudo_labeling.topreward_qwen_scorer INFO: Prefix 4/8 (end=56, n_frames=11/57): reward=-19.8750 (mean, 1 tok)
2026-04-30 23:25:20,342 mme_vla_suite.pseudo_labeling.topreward_qwen_scorer INFO: Prefix 5/8 (end=71, n_frames=14/72): reward=-19.1250 (mean, 1 tok)
2026-04-30 23:25:27,246 mme_vla_suite.pseudo_labeling.topreward_qwen_scorer INFO: Prefix 6/8 (end=86, n_frames=17/87): reward=-18.2500 (mean, 1 tok)
2026-04-30 23:25:34,184 mme_vla_suite.pseudo_labeling.topreward_qwen_scorer INFO: Prefix 7/8 (end=101, n_frames=20/102): reward=-18.6250 (mean, 1 tok)
2026-04-30 23:25:41,164 mme_vla_suite.pseudo_labeling.topreward_qwen_scorer INFO: Prefix 8/8 (end=116, n_frames=23/117): reward=-19.1250 (mean, 1 tok)
2026-04-30 23:25:49,052 mme_vla_suite.pseudo_labeling.topreward_qwen_scorer INFO: Prefix 1/8 (end=11, n_frames=4/12): reward=-18.0000 (mean, 1 tok)
2026-04-30 23:25:55,904 mme_vla_suite.pseudo_labeling.topreward_qwen_scorer INFO: Prefix 2/8 (end=26, n_frames=5/27): reward=-18.8750 (mean, 1 tok)
2026-04-30 23:26:02,766 mme_vla_suite.pseudo_labeling.topreward_qwen_scorer INFO: Prefix 3/8 (end=41, n_frames=8/42): reward=-15.5000 (mean, 1 tok)
2026-04-30 23:26:09,672 mme_vla_suite.pseudo_labeling.topreward_qwen_scorer INFO: Prefix 4/8 (end=56, n_frames=11/57): reward=-16.0000 (mean, 1 tok)
2026-04-30 23:26:16,556 mme_vla_suite.pseudo_labeling.topreward_qwen_scorer INFO: Prefix 5/8 (end=71, n_frames=14/72): reward=-15.2500 (mean, 1 tok)
2026-04-30 23:26:23,462 mme_vla_suite.pseudo_labeling.topreward_qwen_scorer INFO: Prefix 6/8 (end=86, n_frames=17/87): reward=-15.3750 (mean, 1 tok)
2026-04-30 23:26:30,389 mme_vla_suite.pseudo_labeling.topreward_qwen_scorer INFO: Prefix 7/8 (end=101, n_frames=20/102): reward=-15.0000 (mean, 1 tok)
2026-04-30 23:26:37,361 mme_vla_suite.pseudo_labeling.topreward_qwen_scorer INFO: Prefix 8/8 (end=117, n_frames=24/118): reward=-14.1250 (mean, 1 tok)
2026-04-30 23:26:45,097 mme_vla_suite.pseudo_labeling.topreward_qwen_scorer INFO: Prefix 1/8 (end=4, n_frames=4/5): reward=-21.2500 (mean, 1 tok)
2026-04-30 23:26:51,934 mme_vla_suite.pseudo_labeling.topreward_qwen_scorer INFO: Prefix 2/8 (end=9, n_frames=4/10): reward=-20.0000 (mean, 1 tok)
2026-04-30 23:26:58,782 mme_vla_suite.pseudo_labeling.topreward_qwen_scorer INFO: Prefix 3/8 (end=14, n_frames=4/15): reward=-19.5000 (mean, 1 tok)
2026-04-30 23:27:05,624 mme_vla_suite.pseudo_labeling.topreward_qwen_scorer INFO: Prefix 4/8 (end=19, n_frames=4/20): reward=-18.6250 (mean, 1 tok)
2026-04-30 23:27:12,461 mme_vla_suite.pseudo_labeling.topreward_qwen_scorer INFO: Prefix 5/8 (end=25, n_frames=5/26): reward=-18.1250 (mean, 1 tok)
2026-04-30 23:27:19,295 mme_vla_suite.pseudo_labeling.topreward_qwen_scorer INFO: Prefix 6/8 (end=30, n_frames=6/31): reward=-18.3750 (mean, 1 tok)
2026-04-30 23:27:26,140 mme_vla_suite.pseudo_labeling.topreward_qwen_scorer INFO: Prefix 7/8 (end=35, n_frames=7/36): reward=-17.3750 (mean, 1 tok)
2026-04-30 23:27:33,000 mme_vla_suite.pseudo_labeling.topreward_qwen_scorer INFO: Prefix 8/8 (end=41, n_frames=8/42): reward=-19.1250 (mean, 1 tok)
2026-04-30 23:27:40,768 mme_vla_suite.pseudo_labeling.topreward_qwen_scorer INFO: Prefix 1/8 (end=4, n_frames=4/5): reward=-19.7500 (mean, 1 tok)
2026-04-30 23:27:47,602 mme_vla_suite.pseudo_labeling.topreward_qwen_scorer INFO: Prefix 2/8 (end=9, n_frames=4/10): reward=-18.7500 (mean, 1 tok)
2026-04-30 23:27:54,438 mme_vla_suite.pseudo_labeling.topreward_qwen_scorer INFO: Prefix 3/8 (end=14, n_frames=4/15): reward=-18.7500 (mean, 1 tok)
2026-04-30 23:28:01,272 mme_vla_suite.pseudo_labeling.topreward_qwen_scorer INFO: Prefix 4/8 (end=19, n_frames=4/20): reward=-18.7500 (mean, 1 tok)
2026-04-30 23:28:08,108 mme_vla_suite.pseudo_labeling.topreward_qwen_scorer INFO: Prefix 5/8 (end=25, n_frames=5/26): reward=-18.2500 (mean, 1 tok)
2026-04-30 23:28:14,965 mme_vla_suite.pseudo_labeling.topreward_qwen_scorer INFO: Prefix 6/8 (end=30, n_frames=6/31): reward=-19.5000 (mean, 1 tok)
2026-04-30 23:28:21,822 mme_vla_suite.pseudo_labeling.topreward_qwen_scorer INFO: Prefix 7/8 (end=35, n_frames=7/36): reward=-20.0000 (mean, 1 tok)
2026-04-30 23:28:28,665 mme_vla_suite.pseudo_labeling.topreward_qwen_scorer INFO: Prefix 8/8 (end=41, n_frames=8/42): reward=-20.2500 (mean, 1 tok)
2026-04-30 23:28:36,474 mme_vla_suite.pseudo_labeling.topreward_qwen_scorer INFO: Prefix 1/8 (end=4, n_frames=4/5): reward=-21.1250 (mean, 1 tok)
2026-04-30 23:28:43,340 mme_vla_suite.pseudo_labeling.topreward_qwen_scorer INFO: Prefix 2/8 (end=8, n_frames=4/9): reward=-20.8750 (mean, 1 tok)
2026-04-30 23:28:50,208 mme_vla_suite.pseudo_labeling.topreward_qwen_scorer INFO: Prefix 3/8 (end=12, n_frames=4/13): reward=-20.3750 (mean, 1 tok)
2026-04-30 23:28:57,073 mme_vla_suite.pseudo_labeling.topreward_qwen_scorer INFO: Prefix 4/8 (end=17, n_frames=4/18): reward=-18.2500 (mean, 1 tok)
2026-04-30 23:29:03,928 mme_vla_suite.pseudo_labeling.topreward_qwen_scorer INFO: Prefix 5/8 (end=21, n_frames=4/22): reward=-17.3750 (mean, 1 tok)
2026-04-30 23:29:10,782 mme_vla_suite.pseudo_labeling.topreward_qwen_scorer INFO: Prefix 6/8 (end=26, n_frames=5/27): reward=-16.5000 (mean, 1 tok)
2026-04-30 23:29:17,654 mme_vla_suite.pseudo_labeling.topreward_qwen_scorer INFO: Prefix 7/8 (end=30, n_frames=6/31): reward=-16.5000 (mean, 1 tok)
2026-04-30 23:29:24,510 mme_vla_suite.pseudo_labeling.topreward_qwen_scorer INFO: Prefix 8/8 (end=35, n_frames=7/36): reward=-15.3750 (mean, 1 tok)
2026-04-30 23:29:32,352 mme_vla_suite.pseudo_labeling.topreward_qwen_scorer INFO: Prefix 1/8 (end=8, n_frames=4/9): reward=-20.5000 (mean, 1 tok)
2026-04-30 23:29:39,210 mme_vla_suite.pseudo_labeling.topreward_qwen_scorer INFO: Prefix 2/8 (end=18, n_frames=4/19): reward=-20.1250 (mean, 1 tok)
2026-04-30 23:29:46,091 mme_vla_suite.pseudo_labeling.topreward_qwen_scorer INFO: Prefix 3/8 (end=29, n_frames=6/30): reward=-20.2500 (mean, 1 tok)
2026-04-30 23:29:52,944 mme_vla_suite.pseudo_labeling.topreward_qwen_scorer INFO: Prefix 4/8 (end=39, n_frames=8/40): reward=-19.7500 (mean, 1 tok)
2026-04-30 23:29:59,810 mme_vla_suite.pseudo_labeling.topreward_qwen_scorer INFO: Prefix 5/8 (end=50, n_frames=10/51): reward=-20.0000 (mean, 1 tok)
2026-04-30 23:30:06,695 mme_vla_suite.pseudo_labeling.topreward_qwen_scorer INFO: Prefix 6/8 (end=60, n_frames=12/61): reward=-20.1250 (mean, 1 tok)
2026-04-30 23:30:13,604 mme_vla_suite.pseudo_labeling.topreward_qwen_scorer INFO: Prefix 7/8 (end=71, n_frames=14/72): reward=-20.3750 (mean, 1 tok)
2026-04-30 23:30:20,538 mme_vla_suite.pseudo_labeling.topreward_qwen_scorer INFO: Prefix 8/8 (end=82, n_frames=17/83): reward=-18.8750 (mean, 1 tok)
2026-04-30 23:30:28,294 mme_vla_suite.pseudo_labeling.topreward_qwen_scorer INFO: Prefix 1/8 (end=12, n_frames=4/13): reward=-20.2500 (mean, 1 tok)
2026-04-30 23:30:35,131 mme_vla_suite.pseudo_labeling.topreward_qwen_scorer INFO: Prefix 2/8 (end=27, n_frames=6/28): reward=-19.6250 (mean, 1 tok)
2026-04-30 23:30:42,015 mme_vla_suite.pseudo_labeling.topreward_qwen_scorer INFO: Prefix 3/8 (end=42, n_frames=9/43): reward=-19.7500 (mean, 1 tok)
2026-04-30 23:30:48,894 mme_vla_suite.pseudo_labeling.topreward_qwen_scorer INFO: Prefix 4/8 (end=57, n_frames=12/58): reward=-20.3750 (mean, 1 tok)
2026-04-30 23:30:55,801 mme_vla_suite.pseudo_labeling.topreward_qwen_scorer INFO: Prefix 5/8 (end=73, n_frames=15/74): reward=-20.5000 (mean, 1 tok)
2026-04-30 23:31:02,739 mme_vla_suite.pseudo_labeling.topreward_qwen_scorer INFO: Prefix 6/8 (end=88, n_frames=18/89): reward=-19.8750 (mean, 1 tok)
2026-04-30 23:31:09,705 mme_vla_suite.pseudo_labeling.topreward_qwen_scorer INFO: Prefix 7/8 (end=103, n_frames=21/104): reward=-18.1250 (mean, 1 tok)
2026-04-30 23:31:16,660 mme_vla_suite.pseudo_labeling.topreward_qwen_scorer INFO: Prefix 8/8 (end=119, n_frames=24/120): reward=-18.5000 (mean, 1 tok)
2026-04-30 23:31:24,653 mme_vla_suite.pseudo_labeling.topreward_qwen_scorer INFO: Prefix 1/8 (end=10, n_frames=4/11): reward=-19.8750 (mean, 1 tok)
2026-04-30 23:31:31,512 mme_vla_suite.pseudo_labeling.topreward_qwen_scorer INFO: Prefix 2/8 (end=23, n_frames=5/24): reward=-20.8750 (mean, 1 tok)
2026-04-30 23:31:38,380 mme_vla_suite.pseudo_labeling.topreward_qwen_scorer INFO: Prefix 3/8 (end=36, n_frames=7/37): reward=-15.2500 (mean, 1 tok)
2026-04-30 23:31:45,253 mme_vla_suite.pseudo_labeling.topreward_qwen_scorer INFO: Prefix 4/8 (end=50, n_frames=10/51): reward=-14.8750 (mean, 1 tok)
2026-04-30 23:31:52,154 mme_vla_suite.pseudo_labeling.topreward_qwen_scorer INFO: Prefix 5/8 (end=63, n_frames=13/64): reward=-15.0000 (mean, 1 tok)
2026-04-30 23:31:59,082 mme_vla_suite.pseudo_labeling.topreward_qwen_scorer INFO: Prefix 6/8 (end=77, n_frames=16/78): reward=-15.3750 (mean, 1 tok)
2026-04-30 23:32:06,026 mme_vla_suite.pseudo_labeling.topreward_qwen_scorer INFO: Prefix 7/8 (end=90, n_frames=18/91): reward=-13.2500 (mean, 1 tok)
2026-04-30 23:32:13,011 mme_vla_suite.pseudo_labeling.topreward_qwen_scorer INFO: Prefix 8/8 (end=104, n_frames=21/105): reward=-13.5000 (mean, 1 tok)
2026-04-30 23:37:02,101 mme_vla_suite.pseudo_labeling.topreward_qwen_scorer INFO: Prefix 1/8 (end=4, n_frames=4/5): reward=-20.5000 (mean, 1 tok)
2026-04-30 23:37:08,965 mme_vla_suite.pseudo_labeling.topreward_qwen_scorer INFO: Prefix 2/8 (end=9, n_frames=4/10): reward=-19.5000 (mean, 1 tok)
2026-04-30 23:37:15,841 mme_vla_suite.pseudo_labeling.topreward_qwen_scorer INFO: Prefix 3/8 (end=14, n_frames=4/15): reward=-19.0000 (mean, 1 tok)
2026-04-30 23:37:22,673 mme_vla_suite.pseudo_labeling.topreward_qwen_scorer INFO: Prefix 4/8 (end=19, n_frames=4/20): reward=-17.5000 (mean, 1 tok)
2026-04-30 23:37:29,548 mme_vla_suite.pseudo_labeling.topreward_qwen_scorer INFO: Prefix 5/8 (end=24, n_frames=5/25): reward=-17.8750 (mean, 1 tok)
2026-04-30 23:37:36,430 mme_vla_suite.pseudo_labeling.topreward_qwen_scorer INFO: Prefix 6/8 (end=29, n_frames=6/30): reward=-18.3750 (mean, 1 tok)
2026-04-30 23:37:43,301 mme_vla_suite.pseudo_labeling.topreward_qwen_scorer INFO: Prefix 7/8 (end=34, n_frames=7/35): reward=-18.3750 (mean, 1 tok)
2026-04-30 23:37:50,195 mme_vla_suite.pseudo_labeling.topreward_qwen_scorer INFO: Prefix 8/8 (end=40, n_frames=8/41): reward=-19.0000 (mean, 1 tok)
2026-04-30 23:37:57,997 mme_vla_suite.pseudo_labeling.topreward_qwen_scorer INFO: Prefix 1/8 (end=4, n_frames=4/5): reward=-20.1250 (mean, 1 tok)
2026-04-30 23:38:04,847 mme_vla_suite.pseudo_labeling.topreward_qwen_scorer INFO: Prefix 2/8 (end=8, n_frames=4/9): reward=-19.1250 (mean, 1 tok)
2026-04-30 23:38:11,711 mme_vla_suite.pseudo_labeling.topreward_qwen_scorer INFO: Prefix 3/8 (end=13, n_frames=4/14): reward=-19.1250 (mean, 1 tok)
2026-04-30 23:38:18,562 mme_vla_suite.pseudo_labeling.topreward_qwen_scorer INFO: Prefix 4/8 (end=18, n_frames=4/19): reward=-18.5000 (mean, 1 tok)
2026-04-30 23:38:25,438 mme_vla_suite.pseudo_labeling.topreward_qwen_scorer INFO: Prefix 5/8 (end=22, n_frames=5/23): reward=-19.0000 (mean, 1 tok)
2026-04-30 23:38:32,300 mme_vla_suite.pseudo_labeling.topreward_qwen_scorer INFO: Prefix 6/8 (end=27, n_frames=6/28): reward=-19.6250 (mean, 1 tok)
2026-04-30 23:38:39,169 mme_vla_suite.pseudo_labeling.topreward_qwen_scorer INFO: Prefix 7/8 (end=32, n_frames=7/33): reward=-19.5000 (mean, 1 tok)
2026-04-30 23:38:46,047 mme_vla_suite.pseudo_labeling.topreward_qwen_scorer INFO: Prefix 8/8 (end=37, n_frames=8/38): reward=-19.1250 (mean, 1 tok)
2026-04-30 23:38:53,850 mme_vla_suite.pseudo_labeling.topreward_qwen_scorer INFO: Prefix 1/8 (end=4, n_frames=4/5): reward=-20.5000 (mean, 1 tok)
2026-04-30 23:39:00,683 mme_vla_suite.pseudo_labeling.topreward_qwen_scorer INFO: Prefix 2/8 (end=9, n_frames=4/10): reward=-20.0000 (mean, 1 tok)
2026-04-30 23:39:07,538 mme_vla_suite.pseudo_labeling.topreward_qwen_scorer INFO: Prefix 3/8 (end=14, n_frames=4/15): reward=-19.5000 (mean, 1 tok)
2026-04-30 23:39:14,396 mme_vla_suite.pseudo_labeling.topreward_qwen_scorer INFO: Prefix 4/8 (end=20, n_frames=4/21): reward=-18.3750 (mean, 1 tok)
2026-04-30 23:39:21,238 mme_vla_suite.pseudo_labeling.topreward_qwen_scorer INFO: Prefix 5/8 (end=25, n_frames=5/26): reward=-19.3750 (mean, 1 tok)
2026-04-30 23:39:28,079 mme_vla_suite.pseudo_labeling.topreward_qwen_scorer INFO: Prefix 6/8 (end=31, n_frames=6/32): reward=-19.5000 (mean, 1 tok)
2026-04-30 23:39:34,965 mme_vla_suite.pseudo_labeling.topreward_qwen_scorer INFO: Prefix 7/8 (end=36, n_frames=7/37): reward=-19.1250 (mean, 1 tok)
2026-04-30 23:39:41,862 mme_vla_suite.pseudo_labeling.topreward_qwen_scorer INFO: Prefix 8/8 (end=42, n_frames=9/43): reward=-19.7500 (mean, 1 tok)
2026-04-30 23:39:49,654 mme_vla_suite.pseudo_labeling.topreward_qwen_scorer INFO: Prefix 1/8 (end=4, n_frames=4/5): reward=-21.1250 (mean, 1 tok)
2026-04-30 23:39:56,512 mme_vla_suite.pseudo_labeling.topreward_qwen_scorer INFO: Prefix 2/8 (end=9, n_frames=4/10): reward=-20.1250 (mean, 1 tok)
2026-04-30 23:40:03,356 mme_vla_suite.pseudo_labeling.topreward_qwen_scorer INFO: Prefix 3/8 (end=14, n_frames=4/15): reward=-20.1250 (mean, 1 tok)
2026-04-30 23:40:10,219 mme_vla_suite.pseudo_labeling.topreward_qwen_scorer INFO: Prefix 4/8 (end=19, n_frames=4/20): reward=-19.3750 (mean, 1 tok)
2026-04-30 23:40:17,068 mme_vla_suite.pseudo_labeling.topreward_qwen_scorer INFO: Prefix 5/8 (end=25, n_frames=5/26): reward=-19.2500 (mean, 1 tok)
2026-04-30 23:40:23,949 mme_vla_suite.pseudo_labeling.topreward_qwen_scorer INFO: Prefix 6/8 (end=30, n_frames=6/31): reward=-18.7500 (mean, 1 tok)
2026-04-30 23:40:30,814 mme_vla_suite.pseudo_labeling.topreward_qwen_scorer INFO: Prefix 7/8 (end=35, n_frames=7/36): reward=-19.6250 (mean, 1 tok)
2026-04-30 23:40:37,676 mme_vla_suite.pseudo_labeling.topreward_qwen_scorer INFO: Prefix 8/8 (end=41, n_frames=8/42): reward=-19.5000 (mean, 1 tok)
2026-04-30 23:40:45,364 mme_vla_suite.pseudo_labeling.topreward_qwen_scorer INFO: Prefix 1/8 (end=4, n_frames=4/5): reward=-20.8750 (mean, 1 tok)
2026-04-30 23:40:52,230 mme_vla_suite.pseudo_labeling.topreward_qwen_scorer INFO: Prefix 2/8 (end=9, n_frames=4/10): reward=-20.6250 (mean, 1 tok)
2026-04-30 23:40:59,096 mme_vla_suite.pseudo_labeling.topreward_qwen_scorer INFO: Prefix 3/8 (end=14, n_frames=4/15): reward=-20.6250 (mean, 1 tok)
2026-04-30 23:41:05,973 mme_vla_suite.pseudo_labeling.topreward_qwen_scorer INFO: Prefix 4/8 (end=19, n_frames=4/20): reward=-19.5000 (mean, 1 tok)
2026-04-30 23:41:12,848 mme_vla_suite.pseudo_labeling.topreward_qwen_scorer INFO: Prefix 5/8 (end=25, n_frames=5/26): reward=-20.1250 (mean, 1 tok)
2026-04-30 23:41:19,729 mme_vla_suite.pseudo_labeling.topreward_qwen_scorer INFO: Prefix 6/8 (end=30, n_frames=6/31): reward=-20.2500 (mean, 1 tok)
2026-04-30 23:41:26,633 mme_vla_suite.pseudo_labeling.topreward_qwen_scorer INFO: Prefix 7/8 (end=35, n_frames=7/36): reward=-19.6250 (mean, 1 tok)
2026-04-30 23:41:33,515 mme_vla_suite.pseudo_labeling.topreward_qwen_scorer INFO: Prefix 8/8 (end=41, n_frames=8/42): reward=-19.7500 (mean, 1 tok)
2026-04-30 23:41:41,602 mme_vla_suite.pseudo_labeling.topreward_qwen_scorer INFO: Prefix 1/8 (end=4, n_frames=4/5): reward=-21.3750 (mean, 1 tok)
2026-04-30 23:41:48,470 mme_vla_suite.pseudo_labeling.topreward_qwen_scorer INFO: Prefix 2/8 (end=9, n_frames=4/10): reward=-20.6250 (mean, 1 tok)
2026-04-30 23:41:55,341 mme_vla_suite.pseudo_labeling.topreward_qwen_scorer INFO: Prefix 3/8 (end=14, n_frames=4/15): reward=-20.3750 (mean, 1 tok)
2026-04-30 23:42:02,207 mme_vla_suite.pseudo_labeling.topreward_qwen_scorer INFO: Prefix 4/8 (end=19, n_frames=4/20): reward=-20.0000 (mean, 1 tok)
2026-04-30 23:42:09,066 mme_vla_suite.pseudo_labeling.topreward_qwen_scorer INFO: Prefix 5/8 (end=25, n_frames=5/26): reward=-19.8750 (mean, 1 tok)
2026-04-30 23:42:15,917 mme_vla_suite.pseudo_labeling.topreward_qwen_scorer INFO: Prefix 6/8 (end=30, n_frames=6/31): reward=-20.0000 (mean, 1 tok)
2026-04-30 23:42:22,782 mme_vla_suite.pseudo_labeling.topreward_qwen_scorer INFO: Prefix 7/8 (end=35, n_frames=7/36): reward=-20.6250 (mean, 1 tok)
2026-04-30 23:42:29,648 mme_vla_suite.pseudo_labeling.topreward_qwen_scorer INFO: Prefix 8/8 (end=41, n_frames=8/42): reward=-20.6250 (mean, 1 tok)
2026-04-30 23:42:37,330 mme_vla_suite.pseudo_labeling.topreward_qwen_scorer INFO: Prefix 1/8 (end=4, n_frames=4/5): reward=-20.5000 (mean, 1 tok)
2026-04-30 23:42:44,166 mme_vla_suite.pseudo_labeling.topreward_qwen_scorer INFO: Prefix 2/8 (end=8, n_frames=4/9): reward=-20.6250 (mean, 1 tok)
2026-04-30 23:42:51,018 mme_vla_suite.pseudo_labeling.topreward_qwen_scorer INFO: Prefix 3/8 (end=13, n_frames=4/14): reward=-20.5000 (mean, 1 tok)
2026-04-30 23:42:57,855 mme_vla_suite.pseudo_labeling.topreward_qwen_scorer INFO: Prefix 4/8 (end=18, n_frames=4/19): reward=-19.8750 (mean, 1 tok)
2026-04-30 23:43:04,701 mme_vla_suite.pseudo_labeling.topreward_qwen_scorer INFO: Prefix 5/8 (end=23, n_frames=5/24): reward=-18.3750 (mean, 1 tok)
2026-04-30 23:43:11,553 mme_vla_suite.pseudo_labeling.topreward_qwen_scorer INFO: Prefix 6/8 (end=28, n_frames=6/29): reward=-20.1250 (mean, 1 tok)
2026-04-30 23:43:18,414 mme_vla_suite.pseudo_labeling.topreward_qwen_scorer INFO: Prefix 7/8 (end=33, n_frames=7/34): reward=-19.2500 (mean, 1 tok)
2026-04-30 23:43:25,262 mme_vla_suite.pseudo_labeling.topreward_qwen_scorer INFO: Prefix 8/8 (end=38, n_frames=8/39): reward=-19.8750 (mean, 1 tok)
2026-04-30 23:43:33,065 mme_vla_suite.pseudo_labeling.topreward_qwen_scorer INFO: Prefix 1/8 (end=5, n_frames=4/6): reward=-21.8750 (mean, 1 tok)
2026-04-30 23:43:39,917 mme_vla_suite.pseudo_labeling.topreward_qwen_scorer INFO: Prefix 2/8 (end=12, n_frames=4/13): reward=-21.8750 (mean, 1 tok)
2026-04-30 23:43:46,774 mme_vla_suite.pseudo_labeling.topreward_qwen_scorer INFO: Prefix 3/8 (end=19, n_frames=4/20): reward=-20.8750 (mean, 1 tok)
2026-04-30 23:43:53,631 mme_vla_suite.pseudo_labeling.topreward_qwen_scorer INFO: Prefix 4/8 (end=26, n_frames=5/27): reward=-19.7500 (mean, 1 tok)
2026-04-30 23:44:00,494 mme_vla_suite.pseudo_labeling.topreward_qwen_scorer INFO: Prefix 5/8 (end=33, n_frames=7/34): reward=-20.0000 (mean, 1 tok)
2026-04-30 23:44:07,369 mme_vla_suite.pseudo_labeling.topreward_qwen_scorer INFO: Prefix 6/8 (end=40, n_frames=8/41): reward=-19.3750 (mean, 1 tok)
2026-04-30 23:44:14,231 mme_vla_suite.pseudo_labeling.topreward_qwen_scorer INFO: Prefix 7/8 (end=47, n_frames=10/48): reward=-19.3750 (mean, 1 tok)
2026-04-30 23:44:21,121 mme_vla_suite.pseudo_labeling.topreward_qwen_scorer INFO: Prefix 8/8 (end=54, n_frames=11/55): reward=-18.3750 (mean, 1 tok)
2026-04-30 23:44:28,810 mme_vla_suite.pseudo_labeling.topreward_qwen_scorer INFO: Prefix 1/8 (end=9, n_frames=4/10): reward=-22.2500 (mean, 1 tok)
2026-04-30 23:44:35,663 mme_vla_suite.pseudo_labeling.topreward_qwen_scorer INFO: Prefix 2/8 (end=21, n_frames=4/22): reward=-21.1250 (mean, 1 tok)
2026-04-30 23:44:42,514 mme_vla_suite.pseudo_labeling.topreward_qwen_scorer INFO: Prefix 3/8 (end=34, n_frames=7/35): reward=-19.6250 (mean, 1 tok)
2026-04-30 23:44:49,378 mme_vla_suite.pseudo_labeling.topreward_qwen_scorer INFO: Prefix 4/8 (end=46, n_frames=9/47): reward=-19.6250 (mean, 1 tok)
2026-04-30 23:44:56,270 mme_vla_suite.pseudo_labeling.topreward_qwen_scorer INFO: Prefix 5/8 (end=59, n_frames=12/60): reward=-19.5000 (mean, 1 tok)
2026-04-30 23:45:03,155 mme_vla_suite.pseudo_labeling.topreward_qwen_scorer INFO: Prefix 6/8 (end=71, n_frames=14/72): reward=-18.6250 (mean, 1 tok)
2026-04-30 23:45:10,082 mme_vla_suite.pseudo_labeling.topreward_qwen_scorer INFO: Prefix 7/8 (end=84, n_frames=17/85): reward=-18.8750 (mean, 1 tok)
2026-04-30 23:45:17,029 mme_vla_suite.pseudo_labeling.topreward_qwen_scorer INFO: Prefix 8/8 (end=97, n_frames=20/98): reward=-19.5000 (mean, 1 tok)
2026-04-30 23:45:25,001 mme_vla_suite.pseudo_labeling.topreward_qwen_scorer INFO: Prefix 1/8 (end=11, n_frames=4/12): reward=-22.0000 (mean, 1 tok)
2026-04-30 23:45:31,845 mme_vla_suite.pseudo_labeling.topreward_qwen_scorer INFO: Prefix 2/8 (end=25, n_frames=5/26): reward=-22.6250 (mean, 1 tok)
2026-04-30 23:45:38,701 mme_vla_suite.pseudo_labeling.topreward_qwen_scorer INFO: Prefix 3/8 (end=39, n_frames=8/40): reward=-17.2500 (mean, 1 tok)
2026-04-30 23:45:45,581 mme_vla_suite.pseudo_labeling.topreward_qwen_scorer INFO: Prefix 4/8 (end=53, n_frames=11/54): reward=-16.7500 (mean, 1 tok)
2026-04-30 23:45:52,463 mme_vla_suite.pseudo_labeling.topreward_qwen_scorer INFO: Prefix 5/8 (end=68, n_frames=14/69): reward=-16.5000 (mean, 1 tok)
2026-04-30 23:45:59,388 mme_vla_suite.pseudo_labeling.topreward_qwen_scorer INFO: Prefix 6/8 (end=82, n_frames=17/83): reward=-15.1250 (mean, 1 tok)
2026-04-30 23:46:06,368 mme_vla_suite.pseudo_labeling.topreward_qwen_scorer INFO: Prefix 7/8 (end=96, n_frames=19/97): reward=-15.6250 (mean, 1 tok)
2026-04-30 23:46:13,332 mme_vla_suite.pseudo_labeling.topreward_qwen_scorer INFO: Prefix 8/8 (end=111, n_frames=22/112): reward=-13.8750 (mean, 1 tok)
2026-04-30 23:46:20,927 mme_vla_suite.pseudo_labeling.topreward_qwen_scorer INFO: Prefix 1/8 (end=4, n_frames=4/5): reward=-20.8750 (mean, 1 tok)
2026-04-30 23:46:27,805 mme_vla_suite.pseudo_labeling.topreward_qwen_scorer INFO: Prefix 2/8 (end=9, n_frames=4/10): reward=-20.6250 (mean, 1 tok)
2026-04-30 23:46:34,684 mme_vla_suite.pseudo_labeling.topreward_qwen_scorer INFO: Prefix 3/8 (end=14, n_frames=4/15): reward=-20.3750 (mean, 1 tok)
2026-04-30 23:46:41,597 mme_vla_suite.pseudo_labeling.topreward_qwen_scorer INFO: Prefix 4/8 (end=19, n_frames=4/20): reward=-19.8750 (mean, 1 tok)
2026-04-30 23:46:48,482 mme_vla_suite.pseudo_labeling.topreward_qwen_scorer INFO: Prefix 5/8 (end=25, n_frames=5/26): reward=-19.6250 (mean, 1 tok)
2026-04-30 23:46:55,332 mme_vla_suite.pseudo_labeling.topreward_qwen_scorer INFO: Prefix 6/8 (end=30, n_frames=6/31): reward=-19.3750 (mean, 1 tok)
2026-04-30 23:47:02,225 mme_vla_suite.pseudo_labeling.topreward_qwen_scorer INFO: Prefix 7/8 (end=35, n_frames=7/36): reward=-19.0000 (mean, 1 tok)
2026-04-30 23:47:09,104 mme_vla_suite.pseudo_labeling.topreward_qwen_scorer INFO: Prefix 8/8 (end=41, n_frames=8/42): reward=-18.7500 (mean, 1 tok)
2026-04-30 23:47:16,755 mme_vla_suite.pseudo_labeling.topreward_qwen_scorer INFO: Prefix 1/8 (end=4, n_frames=4/5): reward=-19.8750 (mean, 1 tok)
2026-04-30 23:47:23,637 mme_vla_suite.pseudo_labeling.topreward_qwen_scorer INFO: Prefix 2/8 (end=8, n_frames=4/9): reward=-18.8750 (mean, 1 tok)
2026-04-30 23:47:30,493 mme_vla_suite.pseudo_labeling.topreward_qwen_scorer INFO: Prefix 3/8 (end=12, n_frames=4/13): reward=-18.3750 (mean, 1 tok)
2026-04-30 23:47:37,357 mme_vla_suite.pseudo_labeling.topreward_qwen_scorer INFO: Prefix 4/8 (end=17, n_frames=4/18): reward=-17.7500 (mean, 1 tok)
2026-04-30 23:47:44,237 mme_vla_suite.pseudo_labeling.topreward_qwen_scorer INFO: Prefix 5/8 (end=21, n_frames=4/22): reward=-17.5000 (mean, 1 tok)
2026-04-30 23:47:51,106 mme_vla_suite.pseudo_labeling.topreward_qwen_scorer INFO: Prefix 6/8 (end=26, n_frames=5/27): reward=-18.2500 (mean, 1 tok)
2026-04-30 23:47:58,005 mme_vla_suite.pseudo_labeling.topreward_qwen_scorer INFO: Prefix 7/8 (end=30, n_frames=6/31): reward=-18.3750 (mean, 1 tok)
2026-04-30 23:48:04,871 mme_vla_suite.pseudo_labeling.topreward_qwen_scorer INFO: Prefix 8/8 (end=35, n_frames=7/36): reward=-19.2500 (mean, 1 tok)
2026-04-30 23:48:12,636 mme_vla_suite.pseudo_labeling.topreward_qwen_scorer INFO: Prefix 1/8 (end=4, n_frames=4/5): reward=-20.2500 (mean, 1 tok)
2026-04-30 23:48:19,477 mme_vla_suite.pseudo_labeling.topreward_qwen_scorer INFO: Prefix 2/8 (end=8, n_frames=4/9): reward=-20.0000 (mean, 1 tok)
2026-04-30 23:48:26,324 mme_vla_suite.pseudo_labeling.topreward_qwen_scorer INFO: Prefix 3/8 (end=12, n_frames=4/13): reward=-19.7500 (mean, 1 tok)
2026-04-30 23:48:33,246 mme_vla_suite.pseudo_labeling.topreward_qwen_scorer INFO: Prefix 4/8 (end=17, n_frames=4/18): reward=-18.8750 (mean, 1 tok)
2026-04-30 23:48:40,083 mme_vla_suite.pseudo_labeling.topreward_qwen_scorer INFO: Prefix 5/8 (end=21, n_frames=4/22): reward=-19.2500 (mean, 1 tok)
2026-04-30 23:48:46,938 mme_vla_suite.pseudo_labeling.topreward_qwen_scorer INFO: Prefix 6/8 (end=26, n_frames=5/27): reward=-18.2500 (mean, 1 tok)
2026-04-30 23:48:53,797 mme_vla_suite.pseudo_labeling.topreward_qwen_scorer INFO: Prefix 7/8 (end=30, n_frames=6/31): reward=-17.8750 (mean, 1 tok)
2026-04-30 23:49:00,652 mme_vla_suite.pseudo_labeling.topreward_qwen_scorer INFO: Prefix 8/8 (end=35, n_frames=7/36): reward=-17.8750 (mean, 1 tok)
2026-04-30 23:49:08,573 mme_vla_suite.pseudo_labeling.topreward_qwen_scorer INFO: Prefix 1/8 (end=4, n_frames=4/5): reward=-20.0000 (mean, 1 tok)
2026-04-30 23:49:15,443 mme_vla_suite.pseudo_labeling.topreward_qwen_scorer INFO: Prefix 2/8 (end=8, n_frames=4/9): reward=-19.2500 (mean, 1 tok)
2026-04-30 23:49:22,303 mme_vla_suite.pseudo_labeling.topreward_qwen_scorer INFO: Prefix 3/8 (end=12, n_frames=4/13): reward=-19.1250 (mean, 1 tok)
2026-04-30 23:49:29,147 mme_vla_suite.pseudo_labeling.topreward_qwen_scorer INFO: Prefix 4/8 (end=17, n_frames=4/18): reward=-18.8750 (mean, 1 tok)
2026-04-30 23:49:35,977 mme_vla_suite.pseudo_labeling.topreward_qwen_scorer INFO: Prefix 5/8 (end=21, n_frames=4/22): reward=-18.1250 (mean, 1 tok)
2026-04-30 23:49:42,836 mme_vla_suite.pseudo_labeling.topreward_qwen_scorer INFO: Prefix 6/8 (end=26, n_frames=5/27): reward=-19.2500 (mean, 1 tok)
2026-04-30 23:49:49,690 mme_vla_suite.pseudo_labeling.topreward_qwen_scorer INFO: Prefix 7/8 (end=30, n_frames=6/31): reward=-19.0000 (mean, 1 tok)
2026-04-30 23:49:56,672 mme_vla_suite.pseudo_labeling.topreward_qwen_scorer INFO: Prefix 8/8 (end=35, n_frames=7/36): reward=-19.1250 (mean, 1 tok)
2026-04-30 23:50:04,625 mme_vla_suite.pseudo_labeling.topreward_qwen_scorer INFO: Prefix 1/8 (end=4, n_frames=4/5): reward=-21.8750 (mean, 1 tok)
2026-04-30 23:50:11,468 mme_vla_suite.pseudo_labeling.topreward_qwen_scorer INFO: Prefix 2/8 (end=8, n_frames=4/9): reward=-21.6250 (mean, 1 tok)
2026-04-30 23:50:18,313 mme_vla_suite.pseudo_labeling.topreward_qwen_scorer INFO: Prefix 3/8 (end=12, n_frames=4/13): reward=-21.1250 (mean, 1 tok)
2026-04-30 23:50:25,150 mme_vla_suite.pseudo_labeling.topreward_qwen_scorer INFO: Prefix 4/8 (end=17, n_frames=4/18): reward=-19.5000 (mean, 1 tok)
2026-04-30 23:50:31,983 mme_vla_suite.pseudo_labeling.topreward_qwen_scorer INFO: Prefix 5/8 (end=21, n_frames=4/22): reward=-19.7500 (mean, 1 tok)
2026-04-30 23:50:38,828 mme_vla_suite.pseudo_labeling.topreward_qwen_scorer INFO: Prefix 6/8 (end=26, n_frames=5/27): reward=-19.6250 (mean, 1 tok)
2026-04-30 23:50:45,675 mme_vla_suite.pseudo_labeling.topreward_qwen_scorer INFO: Prefix 7/8 (end=30, n_frames=6/31): reward=-20.2500 (mean, 1 tok)
2026-04-30 23:50:52,522 mme_vla_suite.pseudo_labeling.topreward_qwen_scorer INFO: Prefix 8/8 (end=35, n_frames=7/36): reward=-18.2500 (mean, 1 tok)
2026-04-30 23:51:00,246 mme_vla_suite.pseudo_labeling.topreward_qwen_scorer INFO: Prefix 1/8 (end=6, n_frames=4/7): reward=-20.3750 (mean, 1 tok)
2026-04-30 23:51:07,076 mme_vla_suite.pseudo_labeling.topreward_qwen_scorer INFO: Prefix 2/8 (end=14, n_frames=4/15): reward=-20.1250 (mean, 1 tok)
2026-04-30 23:51:13,909 mme_vla_suite.pseudo_labeling.topreward_qwen_scorer INFO: Prefix 3/8 (end=23, n_frames=5/24): reward=-19.7500 (mean, 1 tok)
2026-04-30 23:51:20,749 mme_vla_suite.pseudo_labeling.topreward_qwen_scorer INFO: Prefix 4/8 (end=31, n_frames=6/32): reward=-19.7500 (mean, 1 tok)
2026-04-30 23:51:27,597 mme_vla_suite.pseudo_labeling.topreward_qwen_scorer INFO: Prefix 5/8 (end=40, n_frames=8/41): reward=-19.2500 (mean, 1 tok)
2026-04-30 23:51:34,469 mme_vla_suite.pseudo_labeling.topreward_qwen_scorer INFO: Prefix 6/8 (end=48, n_frames=10/49): reward=-19.6250 (mean, 1 tok)
2026-04-30 23:51:41,338 mme_vla_suite.pseudo_labeling.topreward_qwen_scorer INFO: Prefix 7/8 (end=57, n_frames=12/58): reward=-19.6250 (mean, 1 tok)
2026-04-30 23:51:48,236 mme_vla_suite.pseudo_labeling.topreward_qwen_scorer INFO: Prefix 8/8 (end=66, n_frames=13/67): reward=-18.5000 (mean, 1 tok)
2026-04-30 23:51:56,093 mme_vla_suite.pseudo_labeling.topreward_qwen_scorer INFO: Prefix 1/8 (end=11, n_frames=4/12): reward=-20.1250 (mean, 1 tok)
2026-04-30 23:52:02,953 mme_vla_suite.pseudo_labeling.topreward_qwen_scorer INFO: Prefix 2/8 (end=25, n_frames=5/26): reward=-20.2500 (mean, 1 tok)
2026-04-30 23:52:09,823 mme_vla_suite.pseudo_labeling.topreward_qwen_scorer INFO: Prefix 3/8 (end=40, n_frames=8/41): reward=-19.2500 (mean, 1 tok)
2026-04-30 23:52:16,716 mme_vla_suite.pseudo_labeling.topreward_qwen_scorer INFO: Prefix 4/8 (end=54, n_frames=11/55): reward=-20.3750 (mean, 1 tok)
2026-04-30 23:52:23,591 mme_vla_suite.pseudo_labeling.topreward_qwen_scorer INFO: Prefix 5/8 (end=69, n_frames=14/70): reward=-19.7500 (mean, 1 tok)
2026-04-30 23:52:30,512 mme_vla_suite.pseudo_labeling.topreward_qwen_scorer INFO: Prefix 6/8 (end=83, n_frames=17/84): reward=-17.7500 (mean, 1 tok)
2026-04-30 23:52:37,483 mme_vla_suite.pseudo_labeling.topreward_qwen_scorer INFO: Prefix 7/8 (end=98, n_frames=20/99): reward=-18.1250 (mean, 1 tok)
2026-04-30 23:52:44,435 mme_vla_suite.pseudo_labeling.topreward_qwen_scorer INFO: Prefix 8/8 (end=113, n_frames=23/114): reward=-19.2500 (mean, 1 tok)
2026-04-30 23:52:52,527 mme_vla_suite.pseudo_labeling.topreward_qwen_scorer INFO: Prefix 1/8 (end=11, n_frames=4/12): reward=-19.7500 (mean, 1 tok)
2026-04-30 23:52:59,369 mme_vla_suite.pseudo_labeling.topreward_qwen_scorer INFO: Prefix 2/8 (end=25, n_frames=5/26): reward=-20.6250 (mean, 1 tok)
2026-04-30 23:53:06,215 mme_vla_suite.pseudo_labeling.topreward_qwen_scorer INFO: Prefix 3/8 (end=40, n_frames=8/41): reward=-16.6250 (mean, 1 tok)
2026-04-30 23:53:13,084 mme_vla_suite.pseudo_labeling.topreward_qwen_scorer INFO: Prefix 4/8 (end=55, n_frames=11/56): reward=-15.3750 (mean, 1 tok)
2026-04-30 23:53:20,005 mme_vla_suite.pseudo_labeling.topreward_qwen_scorer INFO: Prefix 5/8 (end=69, n_frames=14/70): reward=-14.8750 (mean, 1 tok)
2026-04-30 23:53:26,972 mme_vla_suite.pseudo_labeling.topreward_qwen_scorer INFO: Prefix 6/8 (end=84, n_frames=17/85): reward=-15.2500 (mean, 1 tok)
2026-04-30 23:53:33,922 mme_vla_suite.pseudo_labeling.topreward_qwen_scorer INFO: Prefix 7/8 (end=99, n_frames=20/100): reward=-15.2500 (mean, 1 tok)
2026-04-30 23:53:40,887 mme_vla_suite.pseudo_labeling.topreward_qwen_scorer INFO: Prefix 8/8 (end=114, n_frames=23/115): reward=-14.2500 (mean, 1 tok)
2026-04-30 23:53:48,535 mme_vla_suite.pseudo_labeling.topreward_qwen_scorer INFO: Prefix 1/8 (end=4, n_frames=4/5): reward=-20.0000 (mean, 1 tok)
2026-04-30 23:53:55,399 mme_vla_suite.pseudo_labeling.topreward_qwen_scorer INFO: Prefix 2/8 (end=7, n_frames=4/8): reward=-20.0000 (mean, 1 tok)
2026-04-30 23:54:02,245 mme_vla_suite.pseudo_labeling.topreward_qwen_scorer INFO: Prefix 3/8 (end=10, n_frames=4/11): reward=-20.5000 (mean, 1 tok)
2026-04-30 23:54:09,072 mme_vla_suite.pseudo_labeling.topreward_qwen_scorer INFO: Prefix 4/8 (end=13, n_frames=4/14): reward=-20.5000 (mean, 1 tok)
2026-04-30 23:54:15,920 mme_vla_suite.pseudo_labeling.topreward_qwen_scorer INFO: Prefix 5/8 (end=16, n_frames=4/17): reward=-20.6250 (mean, 1 tok)
2026-04-30 23:54:22,764 mme_vla_suite.pseudo_labeling.topreward_qwen_scorer INFO: Prefix 6/8 (end=19, n_frames=4/20): reward=-20.5000 (mean, 1 tok)
2026-04-30 23:54:29,620 mme_vla_suite.pseudo_labeling.topreward_qwen_scorer INFO: Prefix 7/8 (end=22, n_frames=5/23): reward=-23.7500 (mean, 1 tok)
2026-04-30 23:54:36,481 mme_vla_suite.pseudo_labeling.topreward_qwen_scorer INFO: Prefix 8/8 (end=25, n_frames=5/26): reward=-23.5000 (mean, 1 tok)
2026-04-30 23:54:44,392 mme_vla_suite.pseudo_labeling.topreward_qwen_scorer INFO: Prefix 1/8 (end=4, n_frames=4/5): reward=-20.6250 (mean, 1 tok)
2026-04-30 23:54:51,235 mme_vla_suite.pseudo_labeling.topreward_qwen_scorer INFO: Prefix 2/8 (end=8, n_frames=4/9): reward=-19.3750 (mean, 1 tok)
2026-04-30 23:54:58,092 mme_vla_suite.pseudo_labeling.topreward_qwen_scorer INFO: Prefix 3/8 (end=13, n_frames=4/14): reward=-19.6250 (mean, 1 tok)
2026-04-30 23:55:04,937 mme_vla_suite.pseudo_labeling.topreward_qwen_scorer INFO: Prefix 4/8 (end=18, n_frames=4/19): reward=-17.6250 (mean, 1 tok)
2026-04-30 23:55:11,799 mme_vla_suite.pseudo_labeling.topreward_qwen_scorer INFO: Prefix 5/8 (end=23, n_frames=5/24): reward=-18.0000 (mean, 1 tok)
2026-04-30 23:55:18,654 mme_vla_suite.pseudo_labeling.topreward_qwen_scorer INFO: Prefix 6/8 (end=28, n_frames=6/29): reward=-18.2500 (mean, 1 tok)
2026-04-30 23:55:25,504 mme_vla_suite.pseudo_labeling.topreward_qwen_scorer INFO: Prefix 7/8 (end=33, n_frames=7/34): reward=-19.1250 (mean, 1 tok)
2026-04-30 23:55:32,375 mme_vla_suite.pseudo_labeling.topreward_qwen_scorer INFO: Prefix 8/8 (end=38, n_frames=8/39): reward=-19.1250 (mean, 1 tok)
2026-04-30 23:55:40,254 mme_vla_suite.pseudo_labeling.topreward_qwen_scorer INFO: Prefix 1/8 (end=4, n_frames=4/5): reward=-21.2500 (mean, 1 tok)
2026-04-30 23:55:47,095 mme_vla_suite.pseudo_labeling.topreward_qwen_scorer INFO: Prefix 2/8 (end=8, n_frames=4/9): reward=-20.2500 (mean, 1 tok)
2026-04-30 23:55:53,938 mme_vla_suite.pseudo_labeling.topreward_qwen_scorer INFO: Prefix 3/8 (end=13, n_frames=4/14): reward=-19.2500 (mean, 1 tok)
2026-04-30 23:56:00,795 mme_vla_suite.pseudo_labeling.topreward_qwen_scorer INFO: Prefix 4/8 (end=18, n_frames=4/19): reward=-19.1250 (mean, 1 tok)
2026-04-30 23:56:07,655 mme_vla_suite.pseudo_labeling.topreward_qwen_scorer INFO: Prefix 5/8 (end=23, n_frames=5/24): reward=-18.7500 (mean, 1 tok)
2026-04-30 23:56:14,552 mme_vla_suite.pseudo_labeling.topreward_qwen_scorer INFO: Prefix 6/8 (end=28, n_frames=6/29): reward=-18.5000 (mean, 1 tok)
2026-04-30 23:56:21,428 mme_vla_suite.pseudo_labeling.topreward_qwen_scorer INFO: Prefix 7/8 (end=33, n_frames=7/34): reward=-18.8750 (mean, 1 tok)
2026-04-30 23:56:28,281 mme_vla_suite.pseudo_labeling.topreward_qwen_scorer INFO: Prefix 8/8 (end=38, n_frames=8/39): reward=-18.7500 (mean, 1 tok)
2026-04-30 23:56:36,089 mme_vla_suite.pseudo_labeling.topreward_qwen_scorer INFO: Prefix 1/8 (end=4, n_frames=4/5): reward=-21.2500 (mean, 1 tok)
2026-04-30 23:56:42,936 mme_vla_suite.pseudo_labeling.topreward_qwen_scorer INFO: Prefix 2/8 (end=8, n_frames=4/9): reward=-20.3750 (mean, 1 tok)
2026-04-30 23:56:49,783 mme_vla_suite.pseudo_labeling.topreward_qwen_scorer INFO: Prefix 3/8 (end=13, n_frames=4/14): reward=-20.2500 (mean, 1 tok)
2026-04-30 23:56:56,640 mme_vla_suite.pseudo_labeling.topreward_qwen_scorer INFO: Prefix 4/8 (end=18, n_frames=4/19): reward=-19.0000 (mean, 1 tok)
2026-04-30 23:57:03,521 mme_vla_suite.pseudo_labeling.topreward_qwen_scorer INFO: Prefix 5/8 (end=23, n_frames=5/24): reward=-18.7500 (mean, 1 tok)
2026-04-30 23:57:10,398 mme_vla_suite.pseudo_labeling.topreward_qwen_scorer INFO: Prefix 6/8 (end=28, n_frames=6/29): reward=-19.0000 (mean, 1 tok)
2026-04-30 23:57:17,268 mme_vla_suite.pseudo_labeling.topreward_qwen_scorer INFO: Prefix 7/8 (end=33, n_frames=7/34): reward=-19.5000 (mean, 1 tok)
2026-04-30 23:57:24,145 mme_vla_suite.pseudo_labeling.topreward_qwen_scorer INFO: Prefix 8/8 (end=38, n_frames=8/39): reward=-19.8750 (mean, 1 tok)
2026-04-30 23:57:31,900 mme_vla_suite.pseudo_labeling.topreward_qwen_scorer INFO: Prefix 1/8 (end=4, n_frames=4/5): reward=-19.2500 (mean, 1 tok)
2026-04-30 23:57:38,753 mme_vla_suite.pseudo_labeling.topreward_qwen_scorer INFO: Prefix 2/8 (end=8, n_frames=4/9): reward=-19.2500 (mean, 1 tok)
2026-04-30 23:57:45,606 mme_vla_suite.pseudo_labeling.topreward_qwen_scorer INFO: Prefix 3/8 (end=12, n_frames=4/13): reward=-19.2500 (mean, 1 tok)
2026-04-30 23:57:52,444 mme_vla_suite.pseudo_labeling.topreward_qwen_scorer INFO: Prefix 4/8 (end=16, n_frames=4/17): reward=-19.7500 (mean, 1 tok)
2026-04-30 23:57:59,286 mme_vla_suite.pseudo_labeling.topreward_qwen_scorer INFO: Prefix 5/8 (end=21, n_frames=4/22): reward=-18.7500 (mean, 1 tok)
2026-04-30 23:58:06,142 mme_vla_suite.pseudo_labeling.topreward_qwen_scorer INFO: Prefix 6/8 (end=25, n_frames=5/26): reward=-19.5000 (mean, 1 tok)
2026-04-30 23:58:13,007 mme_vla_suite.pseudo_labeling.topreward_qwen_scorer INFO: Prefix 7/8 (end=29, n_frames=6/30): reward=-19.7500 (mean, 1 tok)
2026-04-30 23:58:19,875 mme_vla_suite.pseudo_labeling.topreward_qwen_scorer INFO: Prefix 8/8 (end=34, n_frames=7/35): reward=-19.0000 (mean, 1 tok)
2026-04-30 23:58:28,166 mme_vla_suite.pseudo_labeling.topreward_qwen_scorer INFO: Prefix 1/8 (end=5, n_frames=4/6): reward=-21.1250 (mean, 1 tok)
2026-04-30 23:58:35,024 mme_vla_suite.pseudo_labeling.topreward_qwen_scorer INFO: Prefix 2/8 (end=12, n_frames=4/13): reward=-20.3750 (mean, 1 tok)
2026-04-30 23:58:41,873 mme_vla_suite.pseudo_labeling.topreward_qwen_scorer INFO: Prefix 3/8 (end=19, n_frames=4/20): reward=-20.1250 (mean, 1 tok)
2026-04-30 23:58:48,707 mme_vla_suite.pseudo_labeling.topreward_qwen_scorer INFO: Prefix 4/8 (end=27, n_frames=6/28): reward=-19.7500 (mean, 1 tok)
2026-04-30 23:58:55,570 mme_vla_suite.pseudo_labeling.topreward_qwen_scorer INFO: Prefix 5/8 (end=34, n_frames=7/35): reward=-20.3750 (mean, 1 tok)
2026-04-30 23:59:02,484 mme_vla_suite.pseudo_labeling.topreward_qwen_scorer INFO: Prefix 6/8 (end=42, n_frames=9/43): reward=-19.2500 (mean, 1 tok)
2026-04-30 23:59:09,372 mme_vla_suite.pseudo_labeling.topreward_qwen_scorer INFO: Prefix 7/8 (end=49, n_frames=10/50): reward=-19.0000 (mean, 1 tok)
2026-04-30 23:59:16,266 mme_vla_suite.pseudo_labeling.topreward_qwen_scorer INFO: Prefix 8/8 (end=57, n_frames=12/58): reward=-19.1250 (mean, 1 tok)
2026-04-30 23:59:24,154 mme_vla_suite.pseudo_labeling.topreward_qwen_scorer INFO: Prefix 1/8 (end=9, n_frames=4/10): reward=-20.8750 (mean, 1 tok)
2026-04-30 23:59:31,014 mme_vla_suite.pseudo_labeling.topreward_qwen_scorer INFO: Prefix 2/8 (end=21, n_frames=4/22): reward=-19.0000 (mean, 1 tok)
2026-04-30 23:59:37,880 mme_vla_suite.pseudo_labeling.topreward_qwen_scorer INFO: Prefix 3/8 (end=34, n_frames=7/35): reward=-20.3750 (mean, 1 tok)
2026-04-30 23:59:44,753 mme_vla_suite.pseudo_labeling.topreward_qwen_scorer INFO: Prefix 4/8 (end=46, n_frames=9/47): reward=-19.5000 (mean, 1 tok)
2026-04-30 23:59:51,615 mme_vla_suite.pseudo_labeling.topreward_qwen_scorer INFO: Prefix 5/8 (end=59, n_frames=12/60): reward=-19.3750 (mean, 1 tok)
2026-04-30 23:59:58,503 mme_vla_suite.pseudo_labeling.topreward_qwen_scorer INFO: Prefix 6/8 (end=71, n_frames=14/72): reward=-19.6250 (mean, 1 tok)
2026-05-01 00:00:05,441 mme_vla_suite.pseudo_labeling.topreward_qwen_scorer INFO: Prefix 7/8 (end=84, n_frames=17/85): reward=-19.1250 (mean, 1 tok)
2026-05-01 00:00:12,413 mme_vla_suite.pseudo_labeling.topreward_qwen_scorer INFO: Prefix 8/8 (end=97, n_frames=20/98): reward=-19.8750 (mean, 1 tok)
2026-05-01 00:00:20,543 mme_vla_suite.pseudo_labeling.topreward_qwen_scorer INFO: Prefix 1/8 (end=11, n_frames=4/12): reward=-18.6250 (mean, 1 tok)
2026-05-01 00:00:27,392 mme_vla_suite.pseudo_labeling.topreward_qwen_scorer INFO: Prefix 2/8 (end=26, n_frames=5/27): reward=-18.7500 (mean, 1 tok)
2026-05-01 00:00:34,268 mme_vla_suite.pseudo_labeling.topreward_qwen_scorer INFO: Prefix 3/8 (end=41, n_frames=8/42): reward=-16.7500 (mean, 1 tok)
2026-05-01 00:00:41,151 mme_vla_suite.pseudo_labeling.topreward_qwen_scorer INFO: Prefix 4/8 (end=56, n_frames=11/57): reward=-13.6250 (mean, 1 tok)
2026-05-01 00:00:48,071 mme_vla_suite.pseudo_labeling.topreward_qwen_scorer INFO: Prefix 5/8 (end=72, n_frames=15/73): reward=-13.6250 (mean, 1 tok)
2026-05-01 00:00:55,015 mme_vla_suite.pseudo_labeling.topreward_qwen_scorer INFO: Prefix 6/8 (end=87, n_frames=18/88): reward=-13.3750 (mean, 1 tok)
2026-05-01 00:01:01,969 mme_vla_suite.pseudo_labeling.topreward_qwen_scorer INFO: Prefix 7/8 (end=102, n_frames=21/103): reward=-13.6250 (mean, 1 tok)
2026-05-01 00:01:08,927 mme_vla_suite.pseudo_labeling.topreward_qwen_scorer INFO: Prefix 8/8 (end=118, n_frames=24/119): reward=-13.5000 (mean, 1 tok)
2026-05-01 00:01:16,591 mme_vla_suite.pseudo_labeling.topreward_qwen_scorer INFO: Prefix 1/8 (end=4, n_frames=4/5): reward=-18.6250 (mean, 1 tok)
2026-05-01 00:01:23,449 mme_vla_suite.pseudo_labeling.topreward_qwen_scorer INFO: Prefix 2/8 (end=8, n_frames=4/9): reward=-18.7500 (mean, 1 tok)
2026-05-01 00:01:30,298 mme_vla_suite.pseudo_labeling.topreward_qwen_scorer INFO: Prefix 3/8 (end=13, n_frames=4/14): reward=-17.7500 (mean, 1 tok)
2026-05-01 00:01:37,159 mme_vla_suite.pseudo_labeling.topreward_qwen_scorer INFO: Prefix 4/8 (end=17, n_frames=4/18): reward=-17.8750 (mean, 1 tok)
2026-05-01 00:01:44,012 mme_vla_suite.pseudo_labeling.topreward_qwen_scorer INFO: Prefix 5/8 (end=22, n_frames=5/23): reward=-18.0000 (mean, 1 tok)
2026-05-01 00:01:50,866 mme_vla_suite.pseudo_labeling.topreward_qwen_scorer INFO: Prefix 6/8 (end=26, n_frames=5/27): reward=-18.3750 (mean, 1 tok)
2026-05-01 00:01:57,743 mme_vla_suite.pseudo_labeling.topreward_qwen_scorer INFO: Prefix 7/8 (end=31, n_frames=6/32): reward=-18.3750 (mean, 1 tok)
2026-05-01 00:02:04,606 mme_vla_suite.pseudo_labeling.topreward_qwen_scorer INFO: Prefix 8/8 (end=36, n_frames=7/37): reward=-19.5000 (mean, 1 tok)
2026-05-01 00:02:12,404 mme_vla_suite.pseudo_labeling.topreward_qwen_scorer INFO: Prefix 1/8 (end=4, n_frames=4/5): reward=-18.8750 (mean, 1 tok)
2026-05-01 00:02:19,255 mme_vla_suite.pseudo_labeling.topreward_qwen_scorer INFO: Prefix 2/8 (end=9, n_frames=4/10): reward=-19.0000 (mean, 1 tok)
2026-05-01 00:02:26,108 mme_vla_suite.pseudo_labeling.topreward_qwen_scorer INFO: Prefix 3/8 (end=14, n_frames=4/15): reward=-18.3750 (mean, 1 tok)
2026-05-01 00:02:32,954 mme_vla_suite.pseudo_labeling.topreward_qwen_scorer INFO: Prefix 4/8 (end=19, n_frames=4/20): reward=-17.6250 (mean, 1 tok)
2026-05-01 00:02:39,813 mme_vla_suite.pseudo_labeling.topreward_qwen_scorer INFO: Prefix 5/8 (end=24, n_frames=5/25): reward=-17.6250 (mean, 1 tok)
2026-05-01 00:02:46,675 mme_vla_suite.pseudo_labeling.topreward_qwen_scorer INFO: Prefix 6/8 (end=29, n_frames=6/30): reward=-18.2500 (mean, 1 tok)
2026-05-01 00:02:53,541 mme_vla_suite.pseudo_labeling.topreward_qwen_scorer INFO: Prefix 7/8 (end=34, n_frames=7/35): reward=-18.5000 (mean, 1 tok)
2026-05-01 00:03:00,407 mme_vla_suite.pseudo_labeling.topreward_qwen_scorer INFO: Prefix 8/8 (end=40, n_frames=8/41): reward=-18.0000 (mean, 1 tok)
2026-05-01 00:03:08,230 mme_vla_suite.pseudo_labeling.topreward_qwen_scorer INFO: Prefix 1/8 (end=4, n_frames=4/5): reward=-20.2500 (mean, 1 tok)
2026-05-01 00:03:15,086 mme_vla_suite.pseudo_labeling.topreward_qwen_scorer INFO: Prefix 2/8 (end=9, n_frames=4/10): reward=-19.8750 (mean, 1 tok)
2026-05-01 00:03:21,938 mme_vla_suite.pseudo_labeling.topreward_qwen_scorer INFO: Prefix 3/8 (end=14, n_frames=4/15): reward=-19.3750 (mean, 1 tok)
2026-05-01 00:03:28,786 mme_vla_suite.pseudo_labeling.topreward_qwen_scorer INFO: Prefix 4/8 (end=19, n_frames=4/20): reward=-18.5000 (mean, 1 tok)
2026-05-01 00:03:35,635 mme_vla_suite.pseudo_labeling.topreward_qwen_scorer INFO: Prefix 5/8 (end=24, n_frames=5/25): reward=-18.7500 (mean, 1 tok)
2026-05-01 00:03:42,480 mme_vla_suite.pseudo_labeling.topreward_qwen_scorer INFO: Prefix 6/8 (end=29, n_frames=6/30): reward=-18.0000 (mean, 1 tok)
2026-05-01 00:03:49,348 mme_vla_suite.pseudo_labeling.topreward_qwen_scorer INFO: Prefix 7/8 (end=34, n_frames=7/35): reward=-18.6250 (mean, 1 tok)
2026-05-01 00:03:56,243 mme_vla_suite.pseudo_labeling.topreward_qwen_scorer INFO: Prefix 8/8 (end=40, n_frames=8/41): reward=-19.1250 (mean, 1 tok)
2026-05-01 00:04:04,179 mme_vla_suite.pseudo_labeling.topreward_qwen_scorer INFO: Prefix 1/8 (end=4, n_frames=4/5): reward=-19.7500 (mean, 1 tok)
2026-05-01 00:04:11,024 mme_vla_suite.pseudo_labeling.topreward_qwen_scorer INFO: Prefix 2/8 (end=9, n_frames=4/10): reward=-19.7500 (mean, 1 tok)
2026-05-01 00:04:17,869 mme_vla_suite.pseudo_labeling.topreward_qwen_scorer INFO: Prefix 3/8 (end=14, n_frames=4/15): reward=-19.7500 (mean, 1 tok)
2026-05-01 00:04:24,707 mme_vla_suite.pseudo_labeling.topreward_qwen_scorer INFO: Prefix 4/8 (end=19, n_frames=4/20): reward=-18.3750 (mean, 1 tok)
2026-05-01 00:04:31,567 mme_vla_suite.pseudo_labeling.topreward_qwen_scorer INFO: Prefix 5/8 (end=24, n_frames=5/25): reward=-18.6250 (mean, 1 tok)
2026-05-01 00:04:38,431 mme_vla_suite.pseudo_labeling.topreward_qwen_scorer INFO: Prefix 6/8 (end=29, n_frames=6/30): reward=-18.6250 (mean, 1 tok)
2026-05-01 00:04:45,295 mme_vla_suite.pseudo_labeling.topreward_qwen_scorer INFO: Prefix 7/8 (end=34, n_frames=7/35): reward=-19.2500 (mean, 1 tok)
2026-05-01 00:04:52,161 mme_vla_suite.pseudo_labeling.topreward_qwen_scorer INFO: Prefix 8/8 (end=40, n_frames=8/41): reward=-19.2500 (mean, 1 tok)
2026-05-01 00:04:59,871 mme_vla_suite.pseudo_labeling.topreward_qwen_scorer INFO: Prefix 1/8 (end=4, n_frames=4/5): reward=-19.1250 (mean, 1 tok)
2026-05-01 00:05:06,717 mme_vla_suite.pseudo_labeling.topreward_qwen_scorer INFO: Prefix 2/8 (end=8, n_frames=4/9): reward=-18.6250 (mean, 1 tok)
2026-05-01 00:05:13,575 mme_vla_suite.pseudo_labeling.topreward_qwen_scorer INFO: Prefix 3/8 (end=13, n_frames=4/14): reward=-18.5000 (mean, 1 tok)
2026-05-01 00:05:20,420 mme_vla_suite.pseudo_labeling.topreward_qwen_scorer INFO: Prefix 4/8 (end=17, n_frames=4/18): reward=-18.0000 (mean, 1 tok)
2026-05-01 00:05:27,280 mme_vla_suite.pseudo_labeling.topreward_qwen_scorer INFO: Prefix 5/8 (end=22, n_frames=5/23): reward=-18.1250 (mean, 1 tok)
2026-05-01 00:05:34,122 mme_vla_suite.pseudo_labeling.topreward_qwen_scorer INFO: Prefix 6/8 (end=26, n_frames=5/27): reward=-17.7500 (mean, 1 tok)
2026-05-01 00:05:40,966 mme_vla_suite.pseudo_labeling.topreward_qwen_scorer INFO: Prefix 7/8 (end=31, n_frames=6/32): reward=-17.6250 (mean, 1 tok)
2026-05-01 00:05:47,941 mme_vla_suite.pseudo_labeling.topreward_qwen_scorer INFO: Prefix 8/8 (end=36, n_frames=7/37): reward=-15.6250 (mean, 1 tok)
2026-05-01 00:05:55,770 mme_vla_suite.pseudo_labeling.topreward_qwen_scorer INFO: Prefix 1/8 (end=5, n_frames=4/6): reward=-20.8750 (mean, 1 tok)
2026-05-01 00:06:02,612 mme_vla_suite.pseudo_labeling.topreward_qwen_scorer INFO: Prefix 2/8 (end=12, n_frames=4/13): reward=-20.6250 (mean, 1 tok)
2026-05-01 00:06:09,448 mme_vla_suite.pseudo_labeling.topreward_qwen_scorer INFO: Prefix 3/8 (end=19, n_frames=4/20): reward=-20.1250 (mean, 1 tok)
2026-05-01 00:06:16,293 mme_vla_suite.pseudo_labeling.topreward_qwen_scorer INFO: Prefix 4/8 (end=27, n_frames=6/28): reward=-19.6250 (mean, 1 tok)
2026-05-01 00:06:23,172 mme_vla_suite.pseudo_labeling.topreward_qwen_scorer INFO: Prefix 5/8 (end=34, n_frames=7/35): reward=-19.6250 (mean, 1 tok)
2026-05-01 00:06:30,049 mme_vla_suite.pseudo_labeling.topreward_qwen_scorer INFO: Prefix 6/8 (end=42, n_frames=9/43): reward=-19.0000 (mean, 1 tok)
2026-05-01 00:06:36,921 mme_vla_suite.pseudo_labeling.topreward_qwen_scorer INFO: Prefix 7/8 (end=49, n_frames=10/50): reward=-19.3750 (mean, 1 tok)
2026-05-01 00:06:43,793 mme_vla_suite.pseudo_labeling.topreward_qwen_scorer INFO: Prefix 8/8 (end=57, n_frames=12/58): reward=-18.7500 (mean, 1 tok)
2026-05-01 00:06:51,534 mme_vla_suite.pseudo_labeling.topreward_qwen_scorer INFO: Prefix 1/8 (end=9, n_frames=4/10): reward=-20.6250 (mean, 1 tok)
2026-05-01 00:06:58,385 mme_vla_suite.pseudo_labeling.topreward_qwen_scorer INFO: Prefix 2/8 (end=21, n_frames=4/22): reward=-20.3750 (mean, 1 tok)
2026-05-01 00:07:05,235 mme_vla_suite.pseudo_labeling.topreward_qwen_scorer INFO: Prefix 3/8 (end=33, n_frames=7/34): reward=-19.5000 (mean, 1 tok)
2026-05-01 00:07:12,111 mme_vla_suite.pseudo_labeling.topreward_qwen_scorer INFO: Prefix 4/8 (end=45, n_frames=9/46): reward=-19.1250 (mean, 1 tok)
2026-05-01 00:07:19,006 mme_vla_suite.pseudo_labeling.topreward_qwen_scorer INFO: Prefix 5/8 (end=57, n_frames=12/58): reward=-18.7500 (mean, 1 tok)
2026-05-01 00:07:25,894 mme_vla_suite.pseudo_labeling.topreward_qwen_scorer INFO: Prefix 6/8 (end=69, n_frames=14/70): reward=-19.8750 (mean, 1 tok)
2026-05-01 00:07:32,791 mme_vla_suite.pseudo_labeling.topreward_qwen_scorer INFO: Prefix 7/8 (end=81, n_frames=16/82): reward=-18.8750 (mean, 1 tok)
2026-05-01 00:07:39,762 mme_vla_suite.pseudo_labeling.topreward_qwen_scorer INFO: Prefix 8/8 (end=93, n_frames=19/94): reward=-19.2500 (mean, 1 tok)
2026-05-01 00:07:47,747 mme_vla_suite.pseudo_labeling.topreward_qwen_scorer INFO: Prefix 1/8 (end=11, n_frames=4/12): reward=-20.8750 (mean, 1 tok)
2026-05-01 00:07:54,600 mme_vla_suite.pseudo_labeling.topreward_qwen_scorer INFO: Prefix 2/8 (end=25, n_frames=5/26): reward=-21.1250 (mean, 1 tok)
2026-05-01 00:08:01,568 mme_vla_suite.pseudo_labeling.topreward_qwen_scorer INFO: Prefix 3/8 (end=40, n_frames=8/41): reward=-15.1250 (mean, 1 tok)
2026-05-01 00:08:08,466 mme_vla_suite.pseudo_labeling.topreward_qwen_scorer INFO: Prefix 4/8 (end=54, n_frames=11/55): reward=-14.8750 (mean, 1 tok)
2026-05-01 00:08:15,361 mme_vla_suite.pseudo_labeling.topreward_qwen_scorer INFO: Prefix 5/8 (end=69, n_frames=14/70): reward=-15.0000 (mean, 1 tok)
2026-05-01 00:08:22,292 mme_vla_suite.pseudo_labeling.topreward_qwen_scorer INFO: Prefix 6/8 (end=83, n_frames=17/84): reward=-13.8750 (mean, 1 tok)
2026-05-01 00:08:29,253 mme_vla_suite.pseudo_labeling.topreward_qwen_scorer INFO: Prefix 7/8 (end=98, n_frames=20/99): reward=-13.6250 (mean, 1 tok)
2026-05-01 00:08:36,222 mme_vla_suite.pseudo_labeling.topreward_qwen_scorer INFO: Prefix 8/8 (end=113, n_frames=23/114): reward=-13.2500 (mean, 1 tok)
2026-05-01 00:08:43,922 mme_vla_suite.pseudo_labeling.topreward_qwen_scorer INFO: Prefix 1/8 (end=4, n_frames=4/5): reward=-19.7500 (mean, 1 tok)
2026-05-01 00:08:50,768 mme_vla_suite.pseudo_labeling.topreward_qwen_scorer INFO: Prefix 2/8 (end=9, n_frames=4/10): reward=-18.3750 (mean, 1 tok)
2026-05-01 00:08:57,618 mme_vla_suite.pseudo_labeling.topreward_qwen_scorer INFO: Prefix 3/8 (end=14, n_frames=4/15): reward=-18.0000 (mean, 1 tok)
2026-05-01 00:09:04,482 mme_vla_suite.pseudo_labeling.topreward_qwen_scorer INFO: Prefix 4/8 (end=20, n_frames=4/21): reward=-17.5000 (mean, 1 tok)
2026-05-01 00:09:11,335 mme_vla_suite.pseudo_labeling.topreward_qwen_scorer INFO: Prefix 5/8 (end=25, n_frames=5/26): reward=-16.8750 (mean, 1 tok)
2026-05-01 00:09:18,193 mme_vla_suite.pseudo_labeling.topreward_qwen_scorer INFO: Prefix 6/8 (end=31, n_frames=6/32): reward=-17.1250 (mean, 1 tok)
2026-05-01 00:09:25,062 mme_vla_suite.pseudo_labeling.topreward_qwen_scorer INFO: Prefix 7/8 (end=36, n_frames=7/37): reward=-17.5000 (mean, 1 tok)
2026-05-01 00:09:31,954 mme_vla_suite.pseudo_labeling.topreward_qwen_scorer INFO: Prefix 8/8 (end=42, n_frames=9/43): reward=-18.2500 (mean, 1 tok)
2026-05-01 00:09:39,757 mme_vla_suite.pseudo_labeling.topreward_qwen_scorer INFO: Prefix 1/8 (end=4, n_frames=4/5): reward=-18.6250 (mean, 1 tok)
2026-05-01 00:09:46,611 mme_vla_suite.pseudo_labeling.topreward_qwen_scorer INFO: Prefix 2/8 (end=9, n_frames=4/10): reward=-19.2500 (mean, 1 tok)
2026-05-01 00:09:53,471 mme_vla_suite.pseudo_labeling.topreward_qwen_scorer INFO: Prefix 3/8 (end=15, n_frames=4/16): reward=-17.1250 (mean, 1 tok)
2026-05-01 00:10:00,330 mme_vla_suite.pseudo_labeling.topreward_qwen_scorer INFO: Prefix 4/8 (end=20, n_frames=4/21): reward=-16.5000 (mean, 1 tok)
2026-05-01 00:10:07,184 mme_vla_suite.pseudo_labeling.topreward_qwen_scorer INFO: Prefix 5/8 (end=26, n_frames=5/27): reward=-18.3750 (mean, 1 tok)
2026-05-01 00:10:14,056 mme_vla_suite.pseudo_labeling.topreward_qwen_scorer INFO: Prefix 6/8 (end=31, n_frames=6/32): reward=-17.7500 (mean, 1 tok)
2026-05-01 00:10:20,939 mme_vla_suite.pseudo_labeling.topreward_qwen_scorer INFO: Prefix 7/8 (end=37, n_frames=8/38): reward=-17.7500 (mean, 1 tok)
2026-05-01 00:10:27,830 mme_vla_suite.pseudo_labeling.topreward_qwen_scorer INFO: Prefix 8/8 (end=43, n_frames=9/44): reward=-21.0000 (mean, 1 tok)
2026-05-01 00:10:35,795 mme_vla_suite.pseudo_labeling.topreward_qwen_scorer INFO: Prefix 1/8 (end=4, n_frames=4/5): reward=-20.3750 (mean, 1 tok)
2026-05-01 00:10:42,654 mme_vla_suite.pseudo_labeling.topreward_qwen_scorer INFO: Prefix 2/8 (end=9, n_frames=4/10): reward=-19.3750 (mean, 1 tok)
2026-05-01 00:10:49,490 mme_vla_suite.pseudo_labeling.topreward_qwen_scorer INFO: Prefix 3/8 (end=14, n_frames=4/15): reward=-19.7500 (mean, 1 tok)
2026-05-01 00:10:56,338 mme_vla_suite.pseudo_labeling.topreward_qwen_scorer INFO: Prefix 4/8 (end=19, n_frames=4/20): reward=-18.7500 (mean, 1 tok)
2026-05-01 00:11:03,198 mme_vla_suite.pseudo_labeling.topreward_qwen_scorer INFO: Prefix 5/8 (end=25, n_frames=5/26): reward=-18.6250 (mean, 1 tok)
2026-05-01 00:11:10,057 mme_vla_suite.pseudo_labeling.topreward_qwen_scorer INFO: Prefix 6/8 (end=30, n_frames=6/31): reward=-18.6250 (mean, 1 tok)
2026-05-01 00:11:16,921 mme_vla_suite.pseudo_labeling.topreward_qwen_scorer INFO: Prefix 7/8 (end=35, n_frames=7/36): reward=-18.8750 (mean, 1 tok)
2026-05-01 00:11:23,776 mme_vla_suite.pseudo_labeling.topreward_qwen_scorer INFO: Prefix 8/8 (end=41, n_frames=8/42): reward=-18.6250 (mean, 1 tok)
2026-05-01 00:11:31,661 mme_vla_suite.pseudo_labeling.topreward_qwen_scorer INFO: Prefix 1/8 (end=4, n_frames=4/5): reward=-20.1250 (mean, 1 tok)
2026-05-01 00:11:38,503 mme_vla_suite.pseudo_labeling.topreward_qwen_scorer INFO: Prefix 2/8 (end=9, n_frames=4/10): reward=-19.5000 (mean, 1 tok)
2026-05-01 00:11:45,369 mme_vla_suite.pseudo_labeling.topreward_qwen_scorer INFO: Prefix 3/8 (end=14, n_frames=4/15): reward=-19.3750 (mean, 1 tok)
2026-05-01 00:11:52,225 mme_vla_suite.pseudo_labeling.topreward_qwen_scorer INFO: Prefix 4/8 (end=19, n_frames=4/20): reward=-17.7500 (mean, 1 tok)
2026-05-01 00:11:59,113 mme_vla_suite.pseudo_labeling.topreward_qwen_scorer INFO: Prefix 5/8 (end=25, n_frames=5/26): reward=-18.6250 (mean, 1 tok)
2026-05-01 00:12:05,993 mme_vla_suite.pseudo_labeling.topreward_qwen_scorer INFO: Prefix 6/8 (end=30, n_frames=6/31): reward=-17.8750 (mean, 1 tok)
2026-05-01 00:12:12,894 mme_vla_suite.pseudo_labeling.topreward_qwen_scorer INFO: Prefix 7/8 (end=35, n_frames=7/36): reward=-20.0000 (mean, 1 tok)
2026-05-01 00:12:19,787 mme_vla_suite.pseudo_labeling.topreward_qwen_scorer INFO: Prefix 8/8 (end=41, n_frames=8/42): reward=-19.1250 (mean, 1 tok)
2026-05-01 00:12:27,759 mme_vla_suite.pseudo_labeling.topreward_qwen_scorer INFO: Prefix 1/8 (end=4, n_frames=4/5): reward=-20.1250 (mean, 1 tok)
2026-05-01 00:12:34,625 mme_vla_suite.pseudo_labeling.topreward_qwen_scorer INFO: Prefix 2/8 (end=9, n_frames=4/10): reward=-19.6250 (mean, 1 tok)
2026-05-01 00:12:41,515 mme_vla_suite.pseudo_labeling.topreward_qwen_scorer INFO: Prefix 3/8 (end=14, n_frames=4/15): reward=-19.8750 (mean, 1 tok)
2026-05-01 00:12:48,402 mme_vla_suite.pseudo_labeling.topreward_qwen_scorer INFO: Prefix 4/8 (end=19, n_frames=4/20): reward=-19.7500 (mean, 1 tok)
2026-05-01 00:12:55,286 mme_vla_suite.pseudo_labeling.topreward_qwen_scorer INFO: Prefix 5/8 (end=25, n_frames=5/26): reward=-19.5000 (mean, 1 tok)
2026-05-01 00:13:02,162 mme_vla_suite.pseudo_labeling.topreward_qwen_scorer INFO: Prefix 6/8 (end=30, n_frames=6/31): reward=-19.7500 (mean, 1 tok)
2026-05-01 00:13:09,045 mme_vla_suite.pseudo_labeling.topreward_qwen_scorer INFO: Prefix 7/8 (end=35, n_frames=7/36): reward=-19.2500 (mean, 1 tok)
2026-05-01 00:13:15,940 mme_vla_suite.pseudo_labeling.topreward_qwen_scorer INFO: Prefix 8/8 (end=41, n_frames=8/42): reward=-19.7500 (mean, 1 tok)
2026-05-01 00:13:23,978 mme_vla_suite.pseudo_labeling.topreward_qwen_scorer INFO: Prefix 1/8 (end=4, n_frames=4/5): reward=-20.2500 (mean, 1 tok)
2026-05-01 00:13:30,827 mme_vla_suite.pseudo_labeling.topreward_qwen_scorer INFO: Prefix 2/8 (end=9, n_frames=4/10): reward=-19.6250 (mean, 1 tok)
2026-05-01 00:13:37,680 mme_vla_suite.pseudo_labeling.topreward_qwen_scorer INFO: Prefix 3/8 (end=14, n_frames=4/15): reward=-20.0000 (mean, 1 tok)
2026-05-01 00:13:44,504 mme_vla_suite.pseudo_labeling.topreward_qwen_scorer INFO: Prefix 4/8 (end=19, n_frames=4/20): reward=-18.7500 (mean, 1 tok)
2026-05-01 00:13:51,363 mme_vla_suite.pseudo_labeling.topreward_qwen_scorer INFO: Prefix 5/8 (end=25, n_frames=5/26): reward=-19.0000 (mean, 1 tok)
2026-05-01 00:13:58,329 mme_vla_suite.pseudo_labeling.topreward_qwen_scorer INFO: Prefix 6/8 (end=30, n_frames=6/31): reward=-18.5000 (mean, 1 tok)
2026-05-01 00:14:05,193 mme_vla_suite.pseudo_labeling.topreward_qwen_scorer INFO: Prefix 7/8 (end=35, n_frames=7/36): reward=-20.6250 (mean, 1 tok)
2026-05-01 00:14:12,098 mme_vla_suite.pseudo_labeling.topreward_qwen_scorer INFO: Prefix 8/8 (end=41, n_frames=8/42): reward=-20.6250 (mean, 1 tok)
2026-05-01 00:14:20,277 mme_vla_suite.pseudo_labeling.topreward_qwen_scorer INFO: Prefix 1/8 (end=4, n_frames=4/5): reward=-18.7500 (mean, 1 tok)
2026-05-01 00:14:27,126 mme_vla_suite.pseudo_labeling.topreward_qwen_scorer INFO: Prefix 2/8 (end=8, n_frames=4/9): reward=-18.8750 (mean, 1 tok)
2026-05-01 00:14:33,961 mme_vla_suite.pseudo_labeling.topreward_qwen_scorer INFO: Prefix 3/8 (end=12, n_frames=4/13): reward=-19.1250 (mean, 1 tok)
2026-05-01 00:14:40,810 mme_vla_suite.pseudo_labeling.topreward_qwen_scorer INFO: Prefix 4/8 (end=17, n_frames=4/18): reward=-18.5000 (mean, 1 tok)
2026-05-01 00:14:47,639 mme_vla_suite.pseudo_labeling.topreward_qwen_scorer INFO: Prefix 5/8 (end=21, n_frames=4/22): reward=-18.7500 (mean, 1 tok)
2026-05-01 00:14:54,493 mme_vla_suite.pseudo_labeling.topreward_qwen_scorer INFO: Prefix 6/8 (end=26, n_frames=5/27): reward=-18.1250 (mean, 1 tok)
2026-05-01 00:15:01,334 mme_vla_suite.pseudo_labeling.topreward_qwen_scorer INFO: Prefix 7/8 (end=30, n_frames=6/31): reward=-17.7500 (mean, 1 tok)
2026-05-01 00:15:08,273 mme_vla_suite.pseudo_labeling.topreward_qwen_scorer INFO: Prefix 8/8 (end=35, n_frames=7/36): reward=-17.3750 (mean, 1 tok)
2026-05-01 00:15:16,078 mme_vla_suite.pseudo_labeling.topreward_qwen_scorer INFO: Prefix 1/8 (end=5, n_frames=4/6): reward=-21.0000 (mean, 1 tok)
2026-05-01 00:15:22,926 mme_vla_suite.pseudo_labeling.topreward_qwen_scorer INFO: Prefix 2/8 (end=12, n_frames=4/13): reward=-20.5000 (mean, 1 tok)
2026-05-01 00:15:29,764 mme_vla_suite.pseudo_labeling.topreward_qwen_scorer INFO: Prefix 3/8 (end=19, n_frames=4/20): reward=-20.6250 (mean, 1 tok)
2026-05-01 00:15:36,627 mme_vla_suite.pseudo_labeling.topreward_qwen_scorer INFO: Prefix 4/8 (end=27, n_frames=6/28): reward=-19.2500 (mean, 1 tok)
2026-05-01 00:15:43,491 mme_vla_suite.pseudo_labeling.topreward_qwen_scorer INFO: Prefix 5/8 (end=34, n_frames=7/35): reward=-19.2500 (mean, 1 tok)
2026-05-01 00:15:50,375 mme_vla_suite.pseudo_labeling.topreward_qwen_scorer INFO: Prefix 6/8 (end=42, n_frames=9/43): reward=-19.1250 (mean, 1 tok)
2026-05-01 00:15:57,257 mme_vla_suite.pseudo_labeling.topreward_qwen_scorer INFO: Prefix 7/8 (end=49, n_frames=10/50): reward=-18.8750 (mean, 1 tok)
2026-05-01 00:16:04,144 mme_vla_suite.pseudo_labeling.topreward_qwen_scorer INFO: Prefix 8/8 (end=57, n_frames=12/58): reward=-18.7500 (mean, 1 tok)
2026-05-01 00:16:11,715 mme_vla_suite.pseudo_labeling.topreward_qwen_scorer INFO: Prefix 1/8 (end=9, n_frames=4/10): reward=-20.7500 (mean, 1 tok)
2026-05-01 00:16:18,549 mme_vla_suite.pseudo_labeling.topreward_qwen_scorer INFO: Prefix 2/8 (end=20, n_frames=4/21): reward=-20.5000 (mean, 1 tok)
2026-05-01 00:16:25,402 mme_vla_suite.pseudo_labeling.topreward_qwen_scorer INFO: Prefix 3/8 (end=32, n_frames=7/33): reward=-19.5000 (mean, 1 tok)
2026-05-01 00:16:32,271 mme_vla_suite.pseudo_labeling.topreward_qwen_scorer INFO: Prefix 4/8 (end=44, n_frames=9/45): reward=-18.7500 (mean, 1 tok)
2026-05-01 00:16:39,128 mme_vla_suite.pseudo_labeling.topreward_qwen_scorer INFO: Prefix 5/8 (end=55, n_frames=11/56): reward=-18.3750 (mean, 1 tok)
2026-05-01 00:16:46,002 mme_vla_suite.pseudo_labeling.topreward_qwen_scorer INFO: Prefix 6/8 (end=67, n_frames=14/68): reward=-18.8750 (mean, 1 tok)
2026-05-01 00:16:52,917 mme_vla_suite.pseudo_labeling.topreward_qwen_scorer INFO: Prefix 7/8 (end=79, n_frames=16/80): reward=-19.1250 (mean, 1 tok)
2026-05-01 00:16:59,864 mme_vla_suite.pseudo_labeling.topreward_qwen_scorer INFO: Prefix 8/8 (end=91, n_frames=18/92): reward=-19.2500 (mean, 1 tok)
2026-05-01 00:17:07,842 mme_vla_suite.pseudo_labeling.topreward_qwen_scorer INFO: Prefix 1/8 (end=12, n_frames=4/13): reward=-19.5000 (mean, 1 tok)
2026-05-01 00:17:14,681 mme_vla_suite.pseudo_labeling.topreward_qwen_scorer INFO: Prefix 2/8 (end=28, n_frames=6/29): reward=-20.0000 (mean, 1 tok)
2026-05-01 00:17:21,575 mme_vla_suite.pseudo_labeling.topreward_qwen_scorer INFO: Prefix 3/8 (end=44, n_frames=9/45): reward=-17.7500 (mean, 1 tok)
2026-05-01 00:17:28,451 mme_vla_suite.pseudo_labeling.topreward_qwen_scorer INFO: Prefix 4/8 (end=60, n_frames=12/61): reward=-16.1250 (mean, 1 tok)
2026-05-01 00:17:35,377 mme_vla_suite.pseudo_labeling.topreward_qwen_scorer INFO: Prefix 5/8 (end=76, n_frames=15/77): reward=-16.6250 (mean, 1 tok)
2026-05-01 00:17:42,317 mme_vla_suite.pseudo_labeling.topreward_qwen_scorer INFO: Prefix 6/8 (end=92, n_frames=19/93): reward=-16.0000 (mean, 1 tok)
2026-05-01 00:17:49,272 mme_vla_suite.pseudo_labeling.topreward_qwen_scorer INFO: Prefix 7/8 (end=108, n_frames=22/109): reward=-16.1250 (mean, 1 tok)
2026-05-01 00:17:56,238 mme_vla_suite.pseudo_labeling.topreward_qwen_scorer INFO: Prefix 8/8 (end=125, n_frames=25/126): reward=-15.7500 (mean, 1 tok)
2026-05-01 00:18:04,015 mme_vla_suite.pseudo_labeling.topreward_qwen_scorer INFO: Prefix 1/8 (end=4, n_frames=4/5): reward=-19.7500 (mean, 1 tok)
2026-05-01 00:18:10,857 mme_vla_suite.pseudo_labeling.topreward_qwen_scorer INFO: Prefix 2/8 (end=8, n_frames=4/9): reward=-18.5000 (mean, 1 tok)
2026-05-01 00:18:17,694 mme_vla_suite.pseudo_labeling.topreward_qwen_scorer INFO: Prefix 3/8 (end=12, n_frames=4/13): reward=-18.8750 (mean, 1 tok)
2026-05-01 00:18:24,547 mme_vla_suite.pseudo_labeling.topreward_qwen_scorer INFO: Prefix 4/8 (end=16, n_frames=4/17): reward=-20.3750 (mean, 1 tok)
2026-05-01 00:18:31,410 mme_vla_suite.pseudo_labeling.topreward_qwen_scorer INFO: Prefix 5/8 (end=21, n_frames=4/22): reward=-18.0000 (mean, 1 tok)
2026-05-01 00:18:38,273 mme_vla_suite.pseudo_labeling.topreward_qwen_scorer INFO: Prefix 6/8 (end=25, n_frames=5/26): reward=-18.6250 (mean, 1 tok)
2026-05-01 00:18:45,126 mme_vla_suite.pseudo_labeling.topreward_qwen_scorer INFO: Prefix 7/8 (end=29, n_frames=6/30): reward=-18.6250 (mean, 1 tok)
2026-05-01 00:18:52,008 mme_vla_suite.pseudo_labeling.topreward_qwen_scorer INFO: Prefix 8/8 (end=34, n_frames=7/35): reward=-19.7500 (mean, 1 tok)
2026-05-01 00:18:59,943 mme_vla_suite.pseudo_labeling.topreward_qwen_scorer INFO: Prefix 1/8 (end=4, n_frames=4/5): reward=-19.3750 (mean, 1 tok)
2026-05-01 00:19:06,789 mme_vla_suite.pseudo_labeling.topreward_qwen_scorer INFO: Prefix 2/8 (end=8, n_frames=4/9): reward=-19.2500 (mean, 1 tok)
2026-05-01 00:19:13,660 mme_vla_suite.pseudo_labeling.topreward_qwen_scorer INFO: Prefix 3/8 (end=13, n_frames=4/14): reward=-18.7500 (mean, 1 tok)
2026-05-01 00:19:20,533 mme_vla_suite.pseudo_labeling.topreward_qwen_scorer INFO: Prefix 4/8 (end=18, n_frames=4/19): reward=-17.5000 (mean, 1 tok)
2026-05-01 00:19:27,394 mme_vla_suite.pseudo_labeling.topreward_qwen_scorer INFO: Prefix 5/8 (end=22, n_frames=5/23): reward=-18.3750 (mean, 1 tok)
2026-05-01 00:19:34,278 mme_vla_suite.pseudo_labeling.topreward_qwen_scorer INFO: Prefix 6/8 (end=27, n_frames=6/28): reward=-18.3750 (mean, 1 tok)
2026-05-01 00:19:41,136 mme_vla_suite.pseudo_labeling.topreward_qwen_scorer INFO: Prefix 7/8 (end=32, n_frames=7/33): reward=-18.7500 (mean, 1 tok)
2026-05-01 00:19:48,009 mme_vla_suite.pseudo_labeling.topreward_qwen_scorer INFO: Prefix 8/8 (end=37, n_frames=8/38): reward=-18.6250 (mean, 1 tok)
2026-05-01 00:19:55,802 mme_vla_suite.pseudo_labeling.topreward_qwen_scorer INFO: Prefix 1/8 (end=4, n_frames=4/5): reward=-21.0000 (mean, 1 tok)
2026-05-01 00:20:02,655 mme_vla_suite.pseudo_labeling.topreward_qwen_scorer INFO: Prefix 2/8 (end=8, n_frames=4/9): reward=-19.7500 (mean, 1 tok)
2026-05-01 00:20:09,506 mme_vla_suite.pseudo_labeling.topreward_qwen_scorer INFO: Prefix 3/8 (end=13, n_frames=4/14): reward=-19.6250 (mean, 1 tok)
2026-05-01 00:20:16,356 mme_vla_suite.pseudo_labeling.topreward_qwen_scorer INFO: Prefix 4/8 (end=18, n_frames=4/19): reward=-18.0000 (mean, 1 tok)
2026-05-01 00:20:23,204 mme_vla_suite.pseudo_labeling.topreward_qwen_scorer INFO: Prefix 5/8 (end=22, n_frames=5/23): reward=-18.7500 (mean, 1 tok)
2026-05-01 00:20:30,087 mme_vla_suite.pseudo_labeling.topreward_qwen_scorer INFO: Prefix 6/8 (end=27, n_frames=6/28): reward=-18.3750 (mean, 1 tok)
2026-05-01 00:20:36,986 mme_vla_suite.pseudo_labeling.topreward_qwen_scorer INFO: Prefix 7/8 (end=32, n_frames=7/33): reward=-18.5000 (mean, 1 tok)
2026-05-01 00:20:43,843 mme_vla_suite.pseudo_labeling.topreward_qwen_scorer INFO: Prefix 8/8 (end=37, n_frames=8/38): reward=-18.2500 (mean, 1 tok)
2026-05-01 00:20:51,621 mme_vla_suite.pseudo_labeling.topreward_qwen_scorer INFO: Prefix 1/8 (end=4, n_frames=4/5): reward=-20.7500 (mean, 1 tok)
2026-05-01 00:20:58,458 mme_vla_suite.pseudo_labeling.topreward_qwen_scorer INFO: Prefix 2/8 (end=8, n_frames=4/9): reward=-19.8750 (mean, 1 tok)
2026-05-01 00:21:05,301 mme_vla_suite.pseudo_labeling.topreward_qwen_scorer INFO: Prefix 3/8 (end=13, n_frames=4/14): reward=-19.7500 (mean, 1 tok)
2026-05-01 00:21:12,142 mme_vla_suite.pseudo_labeling.topreward_qwen_scorer INFO: Prefix 4/8 (end=18, n_frames=4/19): reward=-19.5000 (mean, 1 tok)
2026-05-01 00:21:18,995 mme_vla_suite.pseudo_labeling.topreward_qwen_scorer INFO: Prefix 5/8 (end=22, n_frames=5/23): reward=-19.3750 (mean, 1 tok)
2026-05-01 00:21:25,970 mme_vla_suite.pseudo_labeling.topreward_qwen_scorer INFO: Prefix 6/8 (end=27, n_frames=6/28): reward=-19.5000 (mean, 1 tok)
2026-05-01 00:21:32,834 mme_vla_suite.pseudo_labeling.topreward_qwen_scorer INFO: Prefix 7/8 (end=32, n_frames=7/33): reward=-20.8750 (mean, 1 tok)
2026-05-01 00:21:39,696 mme_vla_suite.pseudo_labeling.topreward_qwen_scorer INFO: Prefix 8/8 (end=37, n_frames=8/38): reward=-19.7500 (mean, 1 tok)
2026-05-01 00:21:47,475 mme_vla_suite.pseudo_labeling.topreward_qwen_scorer INFO: Prefix 1/8 (end=4, n_frames=4/5): reward=-19.8750 (mean, 1 tok)
2026-05-01 00:21:54,313 mme_vla_suite.pseudo_labeling.topreward_qwen_scorer INFO: Prefix 2/8 (end=8, n_frames=4/9): reward=-20.5000 (mean, 1 tok)
2026-05-01 00:22:01,179 mme_vla_suite.pseudo_labeling.topreward_qwen_scorer INFO: Prefix 3/8 (end=12, n_frames=4/13): reward=-20.0000 (mean, 1 tok)
2026-05-01 00:22:08,031 mme_vla_suite.pseudo_labeling.topreward_qwen_scorer INFO: Prefix 4/8 (end=17, n_frames=4/18): reward=-19.0000 (mean, 1 tok)
2026-05-01 00:22:14,871 mme_vla_suite.pseudo_labeling.topreward_qwen_scorer INFO: Prefix 5/8 (end=21, n_frames=4/22): reward=-18.5000 (mean, 1 tok)
2026-05-01 00:22:21,717 mme_vla_suite.pseudo_labeling.topreward_qwen_scorer INFO: Prefix 6/8 (end=26, n_frames=5/27): reward=-19.3750 (mean, 1 tok)
2026-05-01 00:22:28,595 mme_vla_suite.pseudo_labeling.topreward_qwen_scorer INFO: Prefix 7/8 (end=30, n_frames=6/31): reward=-18.8750 (mean, 1 tok)
2026-05-01 00:22:35,460 mme_vla_suite.pseudo_labeling.topreward_qwen_scorer INFO: Prefix 8/8 (end=35, n_frames=7/36): reward=-17.8750 (mean, 1 tok)
2026-05-01 00:22:43,621 mme_vla_suite.pseudo_labeling.topreward_qwen_scorer INFO: Prefix 1/8 (end=7, n_frames=4/8): reward=-20.1250 (mean, 1 tok)
2026-05-01 00:22:50,489 mme_vla_suite.pseudo_labeling.topreward_qwen_scorer INFO: Prefix 2/8 (end=17, n_frames=4/18): reward=-19.5000 (mean, 1 tok)
2026-05-01 00:22:57,363 mme_vla_suite.pseudo_labeling.topreward_qwen_scorer INFO: Prefix 3/8 (end=27, n_frames=6/28): reward=-20.1250 (mean, 1 tok)
2026-05-01 00:23:04,225 mme_vla_suite.pseudo_labeling.topreward_qwen_scorer INFO: Prefix 4/8 (end=37, n_frames=8/38): reward=-19.7500 (mean, 1 tok)
2026-05-01 00:23:11,119 mme_vla_suite.pseudo_labeling.topreward_qwen_scorer INFO: Prefix 5/8 (end=47, n_frames=10/48): reward=-19.5000 (mean, 1 tok)
2026-05-01 00:23:17,990 mme_vla_suite.pseudo_labeling.topreward_qwen_scorer INFO: Prefix 6/8 (end=57, n_frames=12/58): reward=-20.2500 (mean, 1 tok)
2026-05-01 00:23:24,876 mme_vla_suite.pseudo_labeling.topreward_qwen_scorer INFO: Prefix 7/8 (end=67, n_frames=14/68): reward=-20.2500 (mean, 1 tok)
2026-05-01 00:23:31,773 mme_vla_suite.pseudo_labeling.topreward_qwen_scorer INFO: Prefix 8/8 (end=77, n_frames=16/78): reward=-19.6250 (mean, 1 tok)
2026-05-01 00:23:39,693 mme_vla_suite.pseudo_labeling.topreward_qwen_scorer INFO: Prefix 1/8 (end=11, n_frames=4/12): reward=-20.2500 (mean, 1 tok)
2026-05-01 00:23:46,555 mme_vla_suite.pseudo_labeling.topreward_qwen_scorer INFO: Prefix 2/8 (end=26, n_frames=5/27): reward=-20.0000 (mean, 1 tok)
2026-05-01 00:23:53,406 mme_vla_suite.pseudo_labeling.topreward_qwen_scorer INFO: Prefix 3/8 (end=41, n_frames=8/42): reward=-19.5000 (mean, 1 tok)
2026-05-01 00:24:00,283 mme_vla_suite.pseudo_labeling.topreward_qwen_scorer INFO: Prefix 4/8 (end=56, n_frames=11/57): reward=-19.5000 (mean, 1 tok)
2026-05-01 00:24:07,234 mme_vla_suite.pseudo_labeling.topreward_qwen_scorer INFO: Prefix 5/8 (end=71, n_frames=14/72): reward=-19.7500 (mean, 1 tok)
2026-05-01 00:24:14,217 mme_vla_suite.pseudo_labeling.topreward_qwen_scorer INFO: Prefix 6/8 (end=86, n_frames=17/87): reward=-19.6250 (mean, 1 tok)
2026-05-01 00:24:21,178 mme_vla_suite.pseudo_labeling.topreward_qwen_scorer INFO: Prefix 7/8 (end=101, n_frames=20/102): reward=-19.6250 (mean, 1 tok)
2026-05-01 00:24:28,146 mme_vla_suite.pseudo_labeling.topreward_qwen_scorer INFO: Prefix 8/8 (end=116, n_frames=23/117): reward=-20.1250 (mean, 1 tok)
2026-05-01 00:24:36,186 mme_vla_suite.pseudo_labeling.topreward_qwen_scorer INFO: Prefix 1/8 (end=13, n_frames=4/14): reward=-19.0000 (mean, 1 tok)
2026-05-01 00:24:43,053 mme_vla_suite.pseudo_labeling.topreward_qwen_scorer INFO: Prefix 2/8 (end=30, n_frames=6/31): reward=-18.7500 (mean, 1 tok)
srun: forcing job termination
srun: got SIGCONT
