/coc/testnvme/shalbe3/miniconda/envs/robomme/lib/python3.11/site-packages/torch/cuda/__init__.py:63: FutureWarning: The pynvml package is deprecated. Please install nvidia-ml-py instead. If you did not install pynvml directly, please report this to the maintainers of the package that installed pynvml for you.
  import pynvml  # type: ignore[import]
`torch_dtype` is deprecated! Use `dtype` instead!
You are attempting to use Flash Attention 2 without specifying a torch dtype. This might lead to unexpected behaviour
2026-04-30 14:03:07,108 mme_vla_suite.pseudo_labeling.topreward_qwen_scorer WARNING: flash_attention_2 unavailable (/coc/testnvme/shalbe3/miniconda/envs/robomme/lib/python3.11/site-packages/flash_attn_2_cuda.cpython-311-x86_64-linux-gnu.so: undefined symbol: _ZNK3c106SymInt6sym_neERKS0_), using default attention
Loading checkpoint shards:   0%|          | 0/4 [00:00<?, ?it/s]Loading checkpoint shards:  25%|██▌       | 1/4 [00:11<00:35, 11.78s/it]Loading checkpoint shards:  50%|█████     | 2/4 [00:22<00:21, 10.87s/it]Loading checkpoint shards:  75%|███████▌  | 3/4 [00:32<00:10, 10.47s/it]Loading checkpoint shards: 100%|██████████| 4/4 [00:37<00:00,  8.50s/it]Loading checkpoint shards: 100%|██████████| 4/4 [00:37<00:00,  9.37s/it]
Asked to sample `fps` frames per second but no video metadata was provided which is required when sampling with `fps`. Defaulting to `fps=24`. Please provide `video_metadata` for more accurate results.
2026-04-30 14:03:55,124 mme_vla_suite.pseudo_labeling.topreward_qwen_scorer INFO: Prefix 1/8 (end=11, n_frames=4/12): reward=-22.2500 (mean, 1 tok)
2026-04-30 14:04:02,303 mme_vla_suite.pseudo_labeling.topreward_qwen_scorer INFO: Prefix 2/8 (end=25, n_frames=5/26): reward=-22.0000 (mean, 1 tok)
2026-04-30 14:04:09,366 mme_vla_suite.pseudo_labeling.topreward_qwen_scorer INFO: Prefix 3/8 (end=40, n_frames=8/41): reward=-21.2500 (mean, 1 tok)
2026-04-30 14:04:16,455 mme_vla_suite.pseudo_labeling.topreward_qwen_scorer INFO: Prefix 4/8 (end=55, n_frames=11/56): reward=-18.2500 (mean, 1 tok)
2026-04-30 14:04:23,625 mme_vla_suite.pseudo_labeling.topreward_qwen_scorer INFO: Prefix 5/8 (end=70, n_frames=14/71): reward=-18.3750 (mean, 1 tok)
2026-04-30 14:04:30,809 mme_vla_suite.pseudo_labeling.topreward_qwen_scorer INFO: Prefix 6/8 (end=85, n_frames=17/86): reward=-19.1250 (mean, 1 tok)
2026-04-30 14:04:38,027 mme_vla_suite.pseudo_labeling.topreward_qwen_scorer INFO: Prefix 7/8 (end=100, n_frames=20/101): reward=-17.7500 (mean, 1 tok)
2026-04-30 14:04:45,332 mme_vla_suite.pseudo_labeling.topreward_qwen_scorer INFO: Prefix 8/8 (end=115, n_frames=23/116): reward=-17.6250 (mean, 1 tok)
2026-04-30 14:04:53,703 mme_vla_suite.pseudo_labeling.topreward_qwen_scorer INFO: Prefix 1/8 (end=16, n_frames=4/17): reward=-23.5000 (mean, 1 tok)
2026-04-30 14:05:00,780 mme_vla_suite.pseudo_labeling.topreward_qwen_scorer INFO: Prefix 2/8 (end=37, n_frames=8/38): reward=-22.6250 (mean, 1 tok)
2026-04-30 14:05:07,834 mme_vla_suite.pseudo_labeling.topreward_qwen_scorer INFO: Prefix 3/8 (end=58, n_frames=12/59): reward=-22.6250 (mean, 1 tok)
2026-04-30 14:05:14,818 mme_vla_suite.pseudo_labeling.topreward_qwen_scorer INFO: Prefix 4/8 (end=79, n_frames=16/80): reward=-21.7500 (mean, 1 tok)
2026-04-30 14:05:21,953 mme_vla_suite.pseudo_labeling.topreward_qwen_scorer INFO: Prefix 5/8 (end=100, n_frames=20/101): reward=-21.5000 (mean, 1 tok)
2026-04-30 14:05:29,198 mme_vla_suite.pseudo_labeling.topreward_qwen_scorer INFO: Prefix 6/8 (end=121, n_frames=24/122): reward=-21.6250 (mean, 1 tok)
2026-04-30 14:05:36,558 mme_vla_suite.pseudo_labeling.topreward_qwen_scorer INFO: Prefix 7/8 (end=142, n_frames=29/143): reward=-20.2500 (mean, 1 tok)
2026-04-30 14:05:44,002 mme_vla_suite.pseudo_labeling.topreward_qwen_scorer INFO: Prefix 8/8 (end=163, n_frames=33/164): reward=-18.0000 (mean, 1 tok)
2026-04-30 14:05:52,021 mme_vla_suite.pseudo_labeling.topreward_qwen_scorer INFO: Prefix 1/8 (end=17, n_frames=4/18): reward=-23.3750 (mean, 1 tok)
2026-04-30 14:05:59,166 mme_vla_suite.pseudo_labeling.topreward_qwen_scorer INFO: Prefix 2/8 (end=39, n_frames=8/40): reward=-23.0000 (mean, 1 tok)
2026-04-30 14:06:06,282 mme_vla_suite.pseudo_labeling.topreward_qwen_scorer INFO: Prefix 3/8 (end=61, n_frames=12/62): reward=-21.8750 (mean, 1 tok)
2026-04-30 14:06:13,417 mme_vla_suite.pseudo_labeling.topreward_qwen_scorer INFO: Prefix 4/8 (end=84, n_frames=17/85): reward=-21.8750 (mean, 1 tok)
2026-04-30 14:06:20,619 mme_vla_suite.pseudo_labeling.topreward_qwen_scorer INFO: Prefix 5/8 (end=106, n_frames=21/107): reward=-22.0000 (mean, 1 tok)
2026-04-30 14:06:27,921 mme_vla_suite.pseudo_labeling.topreward_qwen_scorer INFO: Prefix 6/8 (end=129, n_frames=26/130): reward=-21.3750 (mean, 1 tok)
2026-04-30 14:06:35,285 mme_vla_suite.pseudo_labeling.topreward_qwen_scorer INFO: Prefix 7/8 (end=151, n_frames=30/152): reward=-19.8750 (mean, 1 tok)
2026-04-30 14:06:42,658 mme_vla_suite.pseudo_labeling.topreward_qwen_scorer INFO: Prefix 8/8 (end=174, n_frames=35/175): reward=-18.1250 (mean, 1 tok)
2026-04-30 14:06:50,684 mme_vla_suite.pseudo_labeling.topreward_qwen_scorer INFO: Prefix 1/8 (end=11, n_frames=4/12): reward=-22.1250 (mean, 1 tok)
2026-04-30 14:06:57,710 mme_vla_suite.pseudo_labeling.topreward_qwen_scorer INFO: Prefix 2/8 (end=25, n_frames=5/26): reward=-21.8750 (mean, 1 tok)
2026-04-30 14:07:04,751 mme_vla_suite.pseudo_labeling.topreward_qwen_scorer INFO: Prefix 3/8 (end=39, n_frames=8/40): reward=-19.0000 (mean, 1 tok)
2026-04-30 14:07:11,745 mme_vla_suite.pseudo_labeling.topreward_qwen_scorer INFO: Prefix 4/8 (end=53, n_frames=11/54): reward=-19.1250 (mean, 1 tok)
2026-04-30 14:07:18,762 mme_vla_suite.pseudo_labeling.topreward_qwen_scorer INFO: Prefix 5/8 (end=68, n_frames=14/69): reward=-20.5000 (mean, 1 tok)
2026-04-30 14:07:25,888 mme_vla_suite.pseudo_labeling.topreward_qwen_scorer INFO: Prefix 6/8 (end=82, n_frames=17/83): reward=-22.6250 (mean, 1 tok)
2026-04-30 14:07:32,994 mme_vla_suite.pseudo_labeling.topreward_qwen_scorer INFO: Prefix 7/8 (end=96, n_frames=19/97): reward=-18.0000 (mean, 1 tok)
2026-04-30 14:07:40,219 mme_vla_suite.pseudo_labeling.topreward_qwen_scorer INFO: Prefix 8/8 (end=111, n_frames=22/112): reward=-18.3750 (mean, 1 tok)
2026-04-30 14:07:48,853 mme_vla_suite.pseudo_labeling.topreward_qwen_scorer INFO: Prefix 1/8 (end=17, n_frames=4/18): reward=-22.6250 (mean, 1 tok)
2026-04-30 14:07:55,918 mme_vla_suite.pseudo_labeling.topreward_qwen_scorer INFO: Prefix 2/8 (end=38, n_frames=8/39): reward=-20.8750 (mean, 1 tok)
2026-04-30 14:08:03,095 mme_vla_suite.pseudo_labeling.topreward_qwen_scorer INFO: Prefix 3/8 (end=60, n_frames=12/61): reward=-20.3750 (mean, 1 tok)
2026-04-30 14:08:10,232 mme_vla_suite.pseudo_labeling.topreward_qwen_scorer INFO: Prefix 4/8 (end=82, n_frames=17/83): reward=-20.0000 (mean, 1 tok)
2026-04-30 14:08:17,244 mme_vla_suite.pseudo_labeling.topreward_qwen_scorer INFO: Prefix 5/8 (end=103, n_frames=21/104): reward=-21.3750 (mean, 1 tok)
2026-04-30 14:08:24,450 mme_vla_suite.pseudo_labeling.topreward_qwen_scorer INFO: Prefix 6/8 (end=125, n_frames=25/126): reward=-21.5000 (mean, 1 tok)
2026-04-30 14:08:31,495 mme_vla_suite.pseudo_labeling.topreward_qwen_scorer INFO: Prefix 7/8 (end=147, n_frames=30/148): reward=-21.7500 (mean, 1 tok)
2026-04-30 14:08:38,600 mme_vla_suite.pseudo_labeling.topreward_qwen_scorer INFO: Prefix 8/8 (end=169, n_frames=34/170): reward=-17.8750 (mean, 1 tok)
2026-04-30 14:08:46,390 mme_vla_suite.pseudo_labeling.topreward_qwen_scorer INFO: Prefix 1/8 (end=18, n_frames=4/19): reward=-22.5000 (mean, 1 tok)
2026-04-30 14:08:53,277 mme_vla_suite.pseudo_labeling.topreward_qwen_scorer INFO: Prefix 2/8 (end=41, n_frames=8/42): reward=-21.6250 (mean, 1 tok)
2026-04-30 14:09:00,177 mme_vla_suite.pseudo_labeling.topreward_qwen_scorer INFO: Prefix 3/8 (end=64, n_frames=13/65): reward=-22.1250 (mean, 1 tok)
2026-04-30 14:09:07,118 mme_vla_suite.pseudo_labeling.topreward_qwen_scorer INFO: Prefix 4/8 (end=87, n_frames=18/88): reward=-20.3750 (mean, 1 tok)
2026-04-30 14:09:14,358 mme_vla_suite.pseudo_labeling.topreward_qwen_scorer INFO: Prefix 5/8 (end=111, n_frames=22/112): reward=-21.5000 (mean, 1 tok)
2026-04-30 14:09:22,005 mme_vla_suite.pseudo_labeling.topreward_qwen_scorer INFO: Prefix 6/8 (end=134, n_frames=27/135): reward=-22.8750 (mean, 1 tok)
2026-04-30 14:09:29,505 mme_vla_suite.pseudo_labeling.topreward_qwen_scorer INFO: Prefix 7/8 (end=157, n_frames=32/158): reward=-22.0000 (mean, 1 tok)
2026-04-30 14:09:36,713 mme_vla_suite.pseudo_labeling.topreward_qwen_scorer INFO: Prefix 8/8 (end=181, n_frames=36/182): reward=-18.5000 (mean, 1 tok)
2026-04-30 14:09:44,987 mme_vla_suite.pseudo_labeling.topreward_qwen_scorer INFO: Prefix 1/8 (end=11, n_frames=4/12): reward=-21.1250 (mean, 1 tok)
2026-04-30 14:09:52,002 mme_vla_suite.pseudo_labeling.topreward_qwen_scorer INFO: Prefix 2/8 (end=25, n_frames=5/26): reward=-21.2500 (mean, 1 tok)
2026-04-30 14:09:59,077 mme_vla_suite.pseudo_labeling.topreward_qwen_scorer INFO: Prefix 3/8 (end=40, n_frames=8/41): reward=-20.6250 (mean, 1 tok)
2026-04-30 14:10:06,233 mme_vla_suite.pseudo_labeling.topreward_qwen_scorer INFO: Prefix 4/8 (end=55, n_frames=11/56): reward=-19.8750 (mean, 1 tok)
2026-04-30 14:10:13,482 mme_vla_suite.pseudo_labeling.topreward_qwen_scorer INFO: Prefix 5/8 (end=69, n_frames=14/70): reward=-20.5000 (mean, 1 tok)
2026-04-30 14:10:20,629 mme_vla_suite.pseudo_labeling.topreward_qwen_scorer INFO: Prefix 6/8 (end=84, n_frames=17/85): reward=-22.0000 (mean, 1 tok)
2026-04-30 14:10:27,831 mme_vla_suite.pseudo_labeling.topreward_qwen_scorer INFO: Prefix 7/8 (end=99, n_frames=20/100): reward=-20.8750 (mean, 1 tok)
2026-04-30 14:10:35,013 mme_vla_suite.pseudo_labeling.topreward_qwen_scorer INFO: Prefix 8/8 (end=114, n_frames=23/115): reward=-18.3750 (mean, 1 tok)
2026-04-30 14:10:43,254 mme_vla_suite.pseudo_labeling.topreward_qwen_scorer INFO: Prefix 1/8 (end=14, n_frames=4/15): reward=-23.8750 (mean, 1 tok)
2026-04-30 14:10:50,263 mme_vla_suite.pseudo_labeling.topreward_qwen_scorer INFO: Prefix 2/8 (end=32, n_frames=7/33): reward=-23.0000 (mean, 1 tok)
2026-04-30 14:10:57,461 mme_vla_suite.pseudo_labeling.topreward_qwen_scorer INFO: Prefix 3/8 (end=51, n_frames=10/52): reward=-22.0000 (mean, 1 tok)
2026-04-30 14:11:04,647 mme_vla_suite.pseudo_labeling.topreward_qwen_scorer INFO: Prefix 4/8 (end=69, n_frames=14/70): reward=-22.1250 (mean, 1 tok)
2026-04-30 14:11:11,866 mme_vla_suite.pseudo_labeling.topreward_qwen_scorer INFO: Prefix 5/8 (end=88, n_frames=18/89): reward=-21.8750 (mean, 1 tok)
2026-04-30 14:11:19,105 mme_vla_suite.pseudo_labeling.topreward_qwen_scorer INFO: Prefix 6/8 (end=106, n_frames=21/107): reward=-22.3750 (mean, 1 tok)
2026-04-30 14:11:26,346 mme_vla_suite.pseudo_labeling.topreward_qwen_scorer INFO: Prefix 7/8 (end=125, n_frames=25/126): reward=-21.8750 (mean, 1 tok)
2026-04-30 14:11:33,632 mme_vla_suite.pseudo_labeling.topreward_qwen_scorer INFO: Prefix 8/8 (end=144, n_frames=29/145): reward=-18.6250 (mean, 1 tok)
2026-04-30 14:11:42,076 mme_vla_suite.pseudo_labeling.topreward_qwen_scorer INFO: Prefix 1/8 (end=15, n_frames=4/16): reward=-23.7500 (mean, 1 tok)
2026-04-30 14:11:49,277 mme_vla_suite.pseudo_labeling.topreward_qwen_scorer INFO: Prefix 2/8 (end=34, n_frames=7/35): reward=-23.3750 (mean, 1 tok)
2026-04-30 14:11:56,493 mme_vla_suite.pseudo_labeling.topreward_qwen_scorer INFO: Prefix 3/8 (end=53, n_frames=11/54): reward=-21.7500 (mean, 1 tok)
2026-04-30 14:12:03,709 mme_vla_suite.pseudo_labeling.topreward_qwen_scorer INFO: Prefix 4/8 (end=73, n_frames=15/74): reward=-22.1250 (mean, 1 tok)
2026-04-30 14:12:10,958 mme_vla_suite.pseudo_labeling.topreward_qwen_scorer INFO: Prefix 5/8 (end=92, n_frames=19/93): reward=-22.3750 (mean, 1 tok)
2026-04-30 14:12:18,329 mme_vla_suite.pseudo_labeling.topreward_qwen_scorer INFO: Prefix 6/8 (end=112, n_frames=23/113): reward=-22.6250 (mean, 1 tok)
2026-04-30 14:12:25,654 mme_vla_suite.pseudo_labeling.topreward_qwen_scorer INFO: Prefix 7/8 (end=131, n_frames=26/132): reward=-22.0000 (mean, 1 tok)
2026-04-30 14:12:33,030 mme_vla_suite.pseudo_labeling.topreward_qwen_scorer INFO: Prefix 8/8 (end=151, n_frames=30/152): reward=-18.6250 (mean, 1 tok)
2026-04-30 14:12:41,307 mme_vla_suite.pseudo_labeling.topreward_qwen_scorer INFO: Prefix 1/8 (end=11, n_frames=4/12): reward=-22.5000 (mean, 1 tok)
2026-04-30 14:12:48,297 mme_vla_suite.pseudo_labeling.topreward_qwen_scorer INFO: Prefix 2/8 (end=25, n_frames=5/26): reward=-22.7500 (mean, 1 tok)
2026-04-30 14:12:55,278 mme_vla_suite.pseudo_labeling.topreward_qwen_scorer INFO: Prefix 3/8 (end=40, n_frames=8/41): reward=-22.7500 (mean, 1 tok)
2026-04-30 14:13:02,254 mme_vla_suite.pseudo_labeling.topreward_qwen_scorer INFO: Prefix 4/8 (end=55, n_frames=11/56): reward=-21.6250 (mean, 1 tok)
2026-04-30 14:13:09,255 mme_vla_suite.pseudo_labeling.topreward_qwen_scorer INFO: Prefix 5/8 (end=69, n_frames=14/70): reward=-22.6250 (mean, 1 tok)
2026-04-30 14:13:16,323 mme_vla_suite.pseudo_labeling.topreward_qwen_scorer INFO: Prefix 6/8 (end=84, n_frames=17/85): reward=-21.5000 (mean, 1 tok)
2026-04-30 14:13:23,458 mme_vla_suite.pseudo_labeling.topreward_qwen_scorer INFO: Prefix 7/8 (end=99, n_frames=20/100): reward=-19.0000 (mean, 1 tok)
2026-04-30 14:13:30,948 mme_vla_suite.pseudo_labeling.topreward_qwen_scorer INFO: Prefix 8/8 (end=114, n_frames=23/115): reward=-18.5000 (mean, 1 tok)
2026-04-30 14:13:39,900 mme_vla_suite.pseudo_labeling.topreward_qwen_scorer INFO: Prefix 1/8 (end=20, n_frames=4/21): reward=-23.5000 (mean, 1 tok)
2026-04-30 14:13:47,309 mme_vla_suite.pseudo_labeling.topreward_qwen_scorer INFO: Prefix 2/8 (end=45, n_frames=9/46): reward=-23.3750 (mean, 1 tok)
2026-04-30 14:13:54,626 mme_vla_suite.pseudo_labeling.topreward_qwen_scorer INFO: Prefix 3/8 (end=71, n_frames=14/72): reward=-22.2500 (mean, 1 tok)
2026-04-30 14:14:01,812 mme_vla_suite.pseudo_labeling.topreward_qwen_scorer INFO: Prefix 4/8 (end=97, n_frames=20/98): reward=-21.2500 (mean, 1 tok)
2026-04-30 14:14:08,977 mme_vla_suite.pseudo_labeling.topreward_qwen_scorer INFO: Prefix 5/8 (end=123, n_frames=25/124): reward=-22.6250 (mean, 1 tok)
2026-04-30 14:14:16,252 mme_vla_suite.pseudo_labeling.topreward_qwen_scorer INFO: Prefix 6/8 (end=149, n_frames=30/150): reward=-21.6250 (mean, 1 tok)
2026-04-30 14:14:23,472 mme_vla_suite.pseudo_labeling.topreward_qwen_scorer INFO: Prefix 7/8 (end=175, n_frames=35/176): reward=-20.6250 (mean, 1 tok)
2026-04-30 14:14:30,856 mme_vla_suite.pseudo_labeling.topreward_qwen_scorer INFO: Prefix 8/8 (end=201, n_frames=40/202): reward=-16.6250 (mean, 1 tok)
2026-04-30 14:14:39,109 mme_vla_suite.pseudo_labeling.topreward_qwen_scorer INFO: Prefix 1/8 (end=4, n_frames=4/5): reward=-22.6250 (mean, 1 tok)
2026-04-30 14:14:46,260 mme_vla_suite.pseudo_labeling.topreward_qwen_scorer INFO: Prefix 2/8 (end=9, n_frames=4/10): reward=-22.0000 (mean, 1 tok)
2026-04-30 14:14:53,356 mme_vla_suite.pseudo_labeling.topreward_qwen_scorer INFO: Prefix 3/8 (end=14, n_frames=4/15): reward=-22.5000 (mean, 1 tok)
2026-04-30 14:15:00,457 mme_vla_suite.pseudo_labeling.topreward_qwen_scorer INFO: Prefix 4/8 (end=19, n_frames=4/20): reward=-22.6250 (mean, 1 tok)
2026-04-30 14:15:07,571 mme_vla_suite.pseudo_labeling.topreward_qwen_scorer INFO: Prefix 5/8 (end=24, n_frames=5/25): reward=-22.1250 (mean, 1 tok)
2026-04-30 14:15:14,718 mme_vla_suite.pseudo_labeling.topreward_qwen_scorer INFO: Prefix 6/8 (end=29, n_frames=6/30): reward=-21.7500 (mean, 1 tok)
2026-04-30 14:15:21,890 mme_vla_suite.pseudo_labeling.topreward_qwen_scorer INFO: Prefix 7/8 (end=34, n_frames=7/35): reward=-21.5000 (mean, 1 tok)
2026-04-30 14:15:28,918 mme_vla_suite.pseudo_labeling.topreward_qwen_scorer INFO: Prefix 8/8 (end=40, n_frames=8/41): reward=-21.6250 (mean, 1 tok)
2026-04-30 14:15:37,291 mme_vla_suite.pseudo_labeling.topreward_qwen_scorer INFO: Prefix 1/8 (end=8, n_frames=4/9): reward=-24.6250 (mean, 1 tok)
2026-04-30 14:15:44,431 mme_vla_suite.pseudo_labeling.topreward_qwen_scorer INFO: Prefix 2/8 (end=19, n_frames=4/20): reward=-25.0000 (mean, 1 tok)
2026-04-30 14:15:51,624 mme_vla_suite.pseudo_labeling.topreward_qwen_scorer INFO: Prefix 3/8 (end=30, n_frames=6/31): reward=-22.5000 (mean, 1 tok)
2026-04-30 14:15:58,718 mme_vla_suite.pseudo_labeling.topreward_qwen_scorer INFO: Prefix 4/8 (end=41, n_frames=8/42): reward=-22.7500 (mean, 1 tok)
2026-04-30 14:16:05,917 mme_vla_suite.pseudo_labeling.topreward_qwen_scorer INFO: Prefix 5/8 (end=52, n_frames=11/53): reward=-24.2500 (mean, 1 tok)
2026-04-30 14:16:13,038 mme_vla_suite.pseudo_labeling.topreward_qwen_scorer INFO: Prefix 6/8 (end=63, n_frames=13/64): reward=-25.1250 (mean, 1 tok)
2026-04-30 14:16:20,075 mme_vla_suite.pseudo_labeling.topreward_qwen_scorer INFO: Prefix 7/8 (end=74, n_frames=15/75): reward=-23.6250 (mean, 1 tok)
2026-04-30 14:16:27,139 mme_vla_suite.pseudo_labeling.topreward_qwen_scorer INFO: Prefix 8/8 (end=86, n_frames=17/87): reward=-17.8750 (mean, 1 tok)
2026-04-30 14:16:35,113 mme_vla_suite.pseudo_labeling.topreward_qwen_scorer INFO: Prefix 1/8 (end=9, n_frames=4/10): reward=-24.3750 (mean, 1 tok)
2026-04-30 14:16:42,112 mme_vla_suite.pseudo_labeling.topreward_qwen_scorer INFO: Prefix 2/8 (end=21, n_frames=4/22): reward=-23.7500 (mean, 1 tok)
2026-04-30 14:16:49,252 mme_vla_suite.pseudo_labeling.topreward_qwen_scorer INFO: Prefix 3/8 (end=33, n_frames=7/34): reward=-23.5000 (mean, 1 tok)
2026-04-30 14:16:56,389 mme_vla_suite.pseudo_labeling.topreward_qwen_scorer INFO: Prefix 4/8 (end=45, n_frames=9/46): reward=-22.8750 (mean, 1 tok)
2026-04-30 14:17:03,602 mme_vla_suite.pseudo_labeling.topreward_qwen_scorer INFO: Prefix 5/8 (end=57, n_frames=12/58): reward=-24.8750 (mean, 1 tok)
2026-04-30 14:17:10,845 mme_vla_suite.pseudo_labeling.topreward_qwen_scorer INFO: Prefix 6/8 (end=69, n_frames=14/70): reward=-24.0000 (mean, 1 tok)
2026-04-30 14:17:17,948 mme_vla_suite.pseudo_labeling.topreward_qwen_scorer INFO: Prefix 7/8 (end=81, n_frames=16/82): reward=-22.3750 (mean, 1 tok)
2026-04-30 14:17:24,975 mme_vla_suite.pseudo_labeling.topreward_qwen_scorer INFO: Prefix 8/8 (end=93, n_frames=19/94): reward=-17.0000 (mean, 1 tok)
2026-04-30 14:17:33,133 mme_vla_suite.pseudo_labeling.topreward_qwen_scorer INFO: Prefix 1/8 (end=11, n_frames=4/12): reward=-21.5000 (mean, 1 tok)
2026-04-30 14:17:40,115 mme_vla_suite.pseudo_labeling.topreward_qwen_scorer INFO: Prefix 2/8 (end=25, n_frames=5/26): reward=-21.3750 (mean, 1 tok)
2026-04-30 14:17:47,133 mme_vla_suite.pseudo_labeling.topreward_qwen_scorer INFO: Prefix 3/8 (end=39, n_frames=8/40): reward=-19.8750 (mean, 1 tok)
2026-04-30 14:17:54,295 mme_vla_suite.pseudo_labeling.topreward_qwen_scorer INFO: Prefix 4/8 (end=53, n_frames=11/54): reward=-19.7500 (mean, 1 tok)
2026-04-30 14:18:01,323 mme_vla_suite.pseudo_labeling.topreward_qwen_scorer INFO: Prefix 5/8 (end=67, n_frames=14/68): reward=-22.3750 (mean, 1 tok)
2026-04-30 14:18:08,430 mme_vla_suite.pseudo_labeling.topreward_qwen_scorer INFO: Prefix 6/8 (end=81, n_frames=16/82): reward=-20.7500 (mean, 1 tok)
2026-04-30 14:18:15,670 mme_vla_suite.pseudo_labeling.topreward_qwen_scorer INFO: Prefix 7/8 (end=95, n_frames=19/96): reward=-18.6250 (mean, 1 tok)
2026-04-30 14:18:22,777 mme_vla_suite.pseudo_labeling.topreward_qwen_scorer INFO: Prefix 8/8 (end=110, n_frames=22/111): reward=-17.8750 (mean, 1 tok)
2026-04-30 14:18:30,981 mme_vla_suite.pseudo_labeling.topreward_qwen_scorer INFO: Prefix 1/8 (end=20, n_frames=4/21): reward=-23.1250 (mean, 1 tok)
2026-04-30 14:18:38,035 mme_vla_suite.pseudo_labeling.topreward_qwen_scorer INFO: Prefix 2/8 (end=45, n_frames=9/46): reward=-21.7500 (mean, 1 tok)
2026-04-30 14:18:45,113 mme_vla_suite.pseudo_labeling.topreward_qwen_scorer INFO: Prefix 3/8 (end=71, n_frames=14/72): reward=-21.0000 (mean, 1 tok)
2026-04-30 14:18:52,132 mme_vla_suite.pseudo_labeling.topreward_qwen_scorer INFO: Prefix 4/8 (end=97, n_frames=20/98): reward=-21.3750 (mean, 1 tok)
2026-04-30 14:18:59,289 mme_vla_suite.pseudo_labeling.topreward_qwen_scorer INFO: Prefix 5/8 (end=122, n_frames=25/123): reward=-22.1250 (mean, 1 tok)
2026-04-30 14:19:06,470 mme_vla_suite.pseudo_labeling.topreward_qwen_scorer INFO: Prefix 6/8 (end=148, n_frames=30/149): reward=-19.2500 (mean, 1 tok)
2026-04-30 14:19:13,752 mme_vla_suite.pseudo_labeling.topreward_qwen_scorer INFO: Prefix 7/8 (end=174, n_frames=35/175): reward=-20.2500 (mean, 1 tok)
2026-04-30 14:19:21,056 mme_vla_suite.pseudo_labeling.topreward_qwen_scorer INFO: Prefix 8/8 (end=200, n_frames=40/201): reward=-18.5000 (mean, 1 tok)
2026-04-30 14:19:28,991 mme_vla_suite.pseudo_labeling.topreward_qwen_scorer INFO: Prefix 1/8 (end=21, n_frames=4/22): reward=-23.0000 (mean, 1 tok)
2026-04-30 14:19:35,963 mme_vla_suite.pseudo_labeling.topreward_qwen_scorer INFO: Prefix 2/8 (end=48, n_frames=10/49): reward=-22.2500 (mean, 1 tok)
2026-04-30 14:19:42,960 mme_vla_suite.pseudo_labeling.topreward_qwen_scorer INFO: Prefix 3/8 (end=75, n_frames=15/76): reward=-21.7500 (mean, 1 tok)
2026-04-30 14:19:49,932 mme_vla_suite.pseudo_labeling.topreward_qwen_scorer INFO: Prefix 4/8 (end=102, n_frames=21/103): reward=-21.5000 (mean, 1 tok)
2026-04-30 14:19:57,101 mme_vla_suite.pseudo_labeling.topreward_qwen_scorer INFO: Prefix 5/8 (end=129, n_frames=26/130): reward=-22.2500 (mean, 1 tok)
2026-04-30 14:20:04,363 mme_vla_suite.pseudo_labeling.topreward_qwen_scorer INFO: Prefix 6/8 (end=156, n_frames=31/157): reward=-20.8750 (mean, 1 tok)
2026-04-30 14:20:11,629 mme_vla_suite.pseudo_labeling.topreward_qwen_scorer INFO: Prefix 7/8 (end=183, n_frames=37/184): reward=-20.1250 (mean, 1 tok)
2026-04-30 14:20:18,921 mme_vla_suite.pseudo_labeling.topreward_qwen_scorer INFO: Prefix 8/8 (end=211, n_frames=42/212): reward=-17.7500 (mean, 1 tok)
2026-04-30 14:20:27,537 mme_vla_suite.pseudo_labeling.topreward_qwen_scorer INFO: Prefix 1/8 (end=11, n_frames=4/12): reward=-21.2500 (mean, 1 tok)
2026-04-30 14:20:34,735 mme_vla_suite.pseudo_labeling.topreward_qwen_scorer INFO: Prefix 2/8 (end=25, n_frames=5/26): reward=-21.3750 (mean, 1 tok)
2026-04-30 14:20:41,840 mme_vla_suite.pseudo_labeling.topreward_qwen_scorer INFO: Prefix 3/8 (end=40, n_frames=8/41): reward=-20.0000 (mean, 1 tok)
2026-04-30 14:20:48,829 mme_vla_suite.pseudo_labeling.topreward_qwen_scorer INFO: Prefix 4/8 (end=55, n_frames=11/56): reward=-18.8750 (mean, 1 tok)
2026-04-30 14:20:55,896 mme_vla_suite.pseudo_labeling.topreward_qwen_scorer INFO: Prefix 5/8 (end=69, n_frames=14/70): reward=-20.5000 (mean, 1 tok)
2026-04-30 14:21:02,938 mme_vla_suite.pseudo_labeling.topreward_qwen_scorer INFO: Prefix 6/8 (end=84, n_frames=17/85): reward=-21.5000 (mean, 1 tok)
2026-04-30 14:21:10,159 mme_vla_suite.pseudo_labeling.topreward_qwen_scorer INFO: Prefix 7/8 (end=99, n_frames=20/100): reward=-20.0000 (mean, 1 tok)
2026-04-30 14:21:17,457 mme_vla_suite.pseudo_labeling.topreward_qwen_scorer INFO: Prefix 8/8 (end=114, n_frames=23/115): reward=-18.5000 (mean, 1 tok)
2026-04-30 14:21:25,787 mme_vla_suite.pseudo_labeling.topreward_qwen_scorer INFO: Prefix 1/8 (end=17, n_frames=4/18): reward=-22.0000 (mean, 1 tok)
2026-04-30 14:21:32,797 mme_vla_suite.pseudo_labeling.topreward_qwen_scorer INFO: Prefix 2/8 (end=39, n_frames=8/40): reward=-21.6250 (mean, 1 tok)
2026-04-30 14:21:39,863 mme_vla_suite.pseudo_labeling.topreward_qwen_scorer INFO: Prefix 3/8 (end=61, n_frames=12/62): reward=-19.8750 (mean, 1 tok)
2026-04-30 14:21:46,965 mme_vla_suite.pseudo_labeling.topreward_qwen_scorer INFO: Prefix 4/8 (end=84, n_frames=17/85): reward=-19.3750 (mean, 1 tok)
2026-04-30 14:21:54,219 mme_vla_suite.pseudo_labeling.topreward_qwen_scorer INFO: Prefix 5/8 (end=106, n_frames=21/107): reward=-19.6250 (mean, 1 tok)
2026-04-30 14:22:01,496 mme_vla_suite.pseudo_labeling.topreward_qwen_scorer INFO: Prefix 6/8 (end=129, n_frames=26/130): reward=-21.0000 (mean, 1 tok)
2026-04-30 14:22:08,792 mme_vla_suite.pseudo_labeling.topreward_qwen_scorer INFO: Prefix 7/8 (end=151, n_frames=30/152): reward=-19.1250 (mean, 1 tok)
2026-04-30 14:22:16,120 mme_vla_suite.pseudo_labeling.topreward_qwen_scorer INFO: Prefix 8/8 (end=174, n_frames=35/175): reward=-18.1250 (mean, 1 tok)
2026-04-30 14:22:24,247 mme_vla_suite.pseudo_labeling.topreward_qwen_scorer INFO: Prefix 1/8 (end=18, n_frames=4/19): reward=-22.3750 (mean, 1 tok)
2026-04-30 14:22:31,299 mme_vla_suite.pseudo_labeling.topreward_qwen_scorer INFO: Prefix 2/8 (end=41, n_frames=8/42): reward=-21.2500 (mean, 1 tok)
2026-04-30 14:22:38,351 mme_vla_suite.pseudo_labeling.topreward_qwen_scorer INFO: Prefix 3/8 (end=65, n_frames=13/66): reward=-21.3750 (mean, 1 tok)
2026-04-30 14:22:45,548 mme_vla_suite.pseudo_labeling.topreward_qwen_scorer INFO: Prefix 4/8 (end=88, n_frames=18/89): reward=-18.2500 (mean, 1 tok)
2026-04-30 14:22:52,796 mme_vla_suite.pseudo_labeling.topreward_qwen_scorer INFO: Prefix 5/8 (end=112, n_frames=23/113): reward=-20.0000 (mean, 1 tok)
2026-04-30 14:23:00,093 mme_vla_suite.pseudo_labeling.topreward_qwen_scorer INFO: Prefix 6/8 (end=135, n_frames=27/136): reward=-21.7500 (mean, 1 tok)
2026-04-30 14:23:07,447 mme_vla_suite.pseudo_labeling.topreward_qwen_scorer INFO: Prefix 7/8 (end=159, n_frames=32/160): reward=-19.1250 (mean, 1 tok)
2026-04-30 14:23:14,855 mme_vla_suite.pseudo_labeling.topreward_qwen_scorer INFO: Prefix 8/8 (end=183, n_frames=37/184): reward=-17.2500 (mean, 1 tok)
2026-04-30 14:23:23,111 mme_vla_suite.pseudo_labeling.topreward_qwen_scorer INFO: Prefix 1/8 (end=11, n_frames=4/12): reward=-20.8750 (mean, 1 tok)
2026-04-30 14:23:30,248 mme_vla_suite.pseudo_labeling.topreward_qwen_scorer INFO: Prefix 2/8 (end=26, n_frames=5/27): reward=-20.8750 (mean, 1 tok)
2026-04-30 14:23:37,182 mme_vla_suite.pseudo_labeling.topreward_qwen_scorer INFO: Prefix 3/8 (end=41, n_frames=8/42): reward=-20.6250 (mean, 1 tok)
2026-04-30 14:23:44,287 mme_vla_suite.pseudo_labeling.topreward_qwen_scorer INFO: Prefix 4/8 (end=56, n_frames=11/57): reward=-18.6250 (mean, 1 tok)
2026-04-30 14:23:51,454 mme_vla_suite.pseudo_labeling.topreward_qwen_scorer INFO: Prefix 5/8 (end=71, n_frames=14/72): reward=-19.2500 (mean, 1 tok)
2026-04-30 14:23:58,631 mme_vla_suite.pseudo_labeling.topreward_qwen_scorer INFO: Prefix 6/8 (end=86, n_frames=17/87): reward=-20.3750 (mean, 1 tok)
2026-04-30 14:24:06,150 mme_vla_suite.pseudo_labeling.topreward_qwen_scorer INFO: Prefix 7/8 (end=101, n_frames=20/102): reward=-17.7500 (mean, 1 tok)
2026-04-30 14:24:13,721 mme_vla_suite.pseudo_labeling.topreward_qwen_scorer INFO: Prefix 8/8 (end=116, n_frames=23/117): reward=-19.2500 (mean, 1 tok)
2026-04-30 14:24:22,186 mme_vla_suite.pseudo_labeling.topreward_qwen_scorer INFO: Prefix 1/8 (end=9, n_frames=4/10): reward=-23.3750 (mean, 1 tok)
2026-04-30 14:24:29,211 mme_vla_suite.pseudo_labeling.topreward_qwen_scorer INFO: Prefix 2/8 (end=21, n_frames=4/22): reward=-22.8750 (mean, 1 tok)
2026-04-30 14:24:36,170 mme_vla_suite.pseudo_labeling.topreward_qwen_scorer INFO: Prefix 3/8 (end=33, n_frames=7/34): reward=-22.5000 (mean, 1 tok)
2026-04-30 14:24:43,177 mme_vla_suite.pseudo_labeling.topreward_qwen_scorer INFO: Prefix 4/8 (end=45, n_frames=9/46): reward=-22.3750 (mean, 1 tok)
2026-04-30 14:24:50,166 mme_vla_suite.pseudo_labeling.topreward_qwen_scorer INFO: Prefix 5/8 (end=57, n_frames=12/58): reward=-22.0000 (mean, 1 tok)
2026-04-30 14:24:57,169 mme_vla_suite.pseudo_labeling.topreward_qwen_scorer INFO: Prefix 6/8 (end=69, n_frames=14/70): reward=-20.8750 (mean, 1 tok)
2026-04-30 14:25:04,306 mme_vla_suite.pseudo_labeling.topreward_qwen_scorer INFO: Prefix 7/8 (end=81, n_frames=16/82): reward=-21.7500 (mean, 1 tok)
2026-04-30 14:25:11,410 mme_vla_suite.pseudo_labeling.topreward_qwen_scorer INFO: Prefix 8/8 (end=94, n_frames=19/95): reward=-18.2500 (mean, 1 tok)
2026-04-30 14:25:19,394 mme_vla_suite.pseudo_labeling.topreward_qwen_scorer INFO: Prefix 1/8 (end=10, n_frames=4/11): reward=-23.0000 (mean, 1 tok)
2026-04-30 14:25:26,375 mme_vla_suite.pseudo_labeling.topreward_qwen_scorer INFO: Prefix 2/8 (end=23, n_frames=5/24): reward=-23.0000 (mean, 1 tok)
2026-04-30 14:25:33,405 mme_vla_suite.pseudo_labeling.topreward_qwen_scorer INFO: Prefix 3/8 (end=36, n_frames=7/37): reward=-22.1250 (mean, 1 tok)
2026-04-30 14:25:40,342 mme_vla_suite.pseudo_labeling.topreward_qwen_scorer INFO: Prefix 4/8 (end=49, n_frames=10/50): reward=-22.0000 (mean, 1 tok)
2026-04-30 14:25:47,355 mme_vla_suite.pseudo_labeling.topreward_qwen_scorer INFO: Prefix 5/8 (end=62, n_frames=13/63): reward=-21.7500 (mean, 1 tok)
2026-04-30 14:25:54,475 mme_vla_suite.pseudo_labeling.topreward_qwen_scorer INFO: Prefix 6/8 (end=75, n_frames=15/76): reward=-20.8750 (mean, 1 tok)
2026-04-30 14:26:01,604 mme_vla_suite.pseudo_labeling.topreward_qwen_scorer INFO: Prefix 7/8 (end=88, n_frames=18/89): reward=-17.5000 (mean, 1 tok)
2026-04-30 14:26:08,834 mme_vla_suite.pseudo_labeling.topreward_qwen_scorer INFO: Prefix 8/8 (end=102, n_frames=21/103): reward=-18.5000 (mean, 1 tok)
2026-04-30 14:26:17,098 mme_vla_suite.pseudo_labeling.topreward_qwen_scorer INFO: Prefix 1/8 (end=11, n_frames=4/12): reward=-21.2500 (mean, 1 tok)
2026-04-30 14:26:24,304 mme_vla_suite.pseudo_labeling.topreward_qwen_scorer INFO: Prefix 2/8 (end=25, n_frames=5/26): reward=-21.5000 (mean, 1 tok)
2026-04-30 14:26:31,465 mme_vla_suite.pseudo_labeling.topreward_qwen_scorer INFO: Prefix 3/8 (end=40, n_frames=8/41): reward=-20.6250 (mean, 1 tok)
2026-04-30 14:26:38,657 mme_vla_suite.pseudo_labeling.topreward_qwen_scorer INFO: Prefix 4/8 (end=55, n_frames=11/56): reward=-19.3750 (mean, 1 tok)
2026-04-30 14:26:45,837 mme_vla_suite.pseudo_labeling.topreward_qwen_scorer INFO: Prefix 5/8 (end=69, n_frames=14/70): reward=-19.5000 (mean, 1 tok)
2026-04-30 14:26:52,982 mme_vla_suite.pseudo_labeling.topreward_qwen_scorer INFO: Prefix 6/8 (end=84, n_frames=17/85): reward=-19.1250 (mean, 1 tok)
2026-04-30 14:27:00,248 mme_vla_suite.pseudo_labeling.topreward_qwen_scorer INFO: Prefix 7/8 (end=99, n_frames=20/100): reward=-19.0000 (mean, 1 tok)
2026-04-30 14:27:07,360 mme_vla_suite.pseudo_labeling.topreward_qwen_scorer INFO: Prefix 8/8 (end=114, n_frames=23/115): reward=-18.1250 (mean, 1 tok)
2026-04-30 14:27:15,303 mme_vla_suite.pseudo_labeling.topreward_qwen_scorer INFO: Prefix 1/8 (end=11, n_frames=4/12): reward=-22.5000 (mean, 1 tok)
2026-04-30 14:27:22,299 mme_vla_suite.pseudo_labeling.topreward_qwen_scorer INFO: Prefix 2/8 (end=25, n_frames=5/26): reward=-22.0000 (mean, 1 tok)
2026-04-30 14:27:29,331 mme_vla_suite.pseudo_labeling.topreward_qwen_scorer INFO: Prefix 3/8 (end=39, n_frames=8/40): reward=-21.3750 (mean, 1 tok)
2026-04-30 14:27:36,418 mme_vla_suite.pseudo_labeling.topreward_qwen_scorer INFO: Prefix 4/8 (end=53, n_frames=11/54): reward=-21.0000 (mean, 1 tok)
2026-04-30 14:27:43,669 mme_vla_suite.pseudo_labeling.topreward_qwen_scorer INFO: Prefix 5/8 (end=68, n_frames=14/69): reward=-21.0000 (mean, 1 tok)
2026-04-30 14:27:50,788 mme_vla_suite.pseudo_labeling.topreward_qwen_scorer INFO: Prefix 6/8 (end=82, n_frames=17/83): reward=-19.6250 (mean, 1 tok)
2026-04-30 14:27:57,907 mme_vla_suite.pseudo_labeling.topreward_qwen_scorer INFO: Prefix 7/8 (end=96, n_frames=19/97): reward=-17.5000 (mean, 1 tok)
2026-04-30 14:28:05,069 mme_vla_suite.pseudo_labeling.topreward_qwen_scorer INFO: Prefix 8/8 (end=111, n_frames=22/112): reward=-18.2500 (mean, 1 tok)
2026-04-30 14:28:13,008 mme_vla_suite.pseudo_labeling.topreward_qwen_scorer INFO: Prefix 1/8 (end=5, n_frames=4/6): reward=-20.7500 (mean, 1 tok)
2026-04-30 14:28:19,995 mme_vla_suite.pseudo_labeling.topreward_qwen_scorer INFO: Prefix 2/8 (end=11, n_frames=4/12): reward=-21.7500 (mean, 1 tok)
2026-04-30 14:28:27,028 mme_vla_suite.pseudo_labeling.topreward_qwen_scorer INFO: Prefix 3/8 (end=17, n_frames=4/18): reward=-21.3750 (mean, 1 tok)
2026-04-30 14:28:34,066 mme_vla_suite.pseudo_labeling.topreward_qwen_scorer INFO: Prefix 4/8 (end=23, n_frames=5/24): reward=-21.7500 (mean, 1 tok)
2026-04-30 14:28:41,219 mme_vla_suite.pseudo_labeling.topreward_qwen_scorer INFO: Prefix 5/8 (end=30, n_frames=6/31): reward=-21.7500 (mean, 1 tok)
2026-04-30 14:28:48,238 mme_vla_suite.pseudo_labeling.topreward_qwen_scorer INFO: Prefix 6/8 (end=36, n_frames=7/37): reward=-22.1250 (mean, 1 tok)
2026-04-30 14:28:55,229 mme_vla_suite.pseudo_labeling.topreward_qwen_scorer INFO: Prefix 7/8 (end=42, n_frames=9/43): reward=-18.1250 (mean, 1 tok)
2026-04-30 14:29:02,240 mme_vla_suite.pseudo_labeling.topreward_qwen_scorer INFO: Prefix 8/8 (end=49, n_frames=10/50): reward=-19.6250 (mean, 1 tok)
2026-04-30 14:29:10,548 mme_vla_suite.pseudo_labeling.topreward_qwen_scorer INFO: Prefix 1/8 (end=9, n_frames=4/10): reward=-23.7500 (mean, 1 tok)
2026-04-30 14:29:17,502 mme_vla_suite.pseudo_labeling.topreward_qwen_scorer INFO: Prefix 2/8 (end=20, n_frames=4/21): reward=-23.6250 (mean, 1 tok)
2026-04-30 14:29:24,472 mme_vla_suite.pseudo_labeling.topreward_qwen_scorer INFO: Prefix 3/8 (end=32, n_frames=7/33): reward=-23.1250 (mean, 1 tok)
2026-04-30 14:29:31,449 mme_vla_suite.pseudo_labeling.topreward_qwen_scorer INFO: Prefix 4/8 (end=44, n_frames=9/45): reward=-20.3750 (mean, 1 tok)
2026-04-30 14:29:38,445 mme_vla_suite.pseudo_labeling.topreward_qwen_scorer INFO: Prefix 5/8 (end=56, n_frames=11/57): reward=-22.0000 (mean, 1 tok)
2026-04-30 14:29:45,501 mme_vla_suite.pseudo_labeling.topreward_qwen_scorer INFO: Prefix 6/8 (end=68, n_frames=14/69): reward=-21.5000 (mean, 1 tok)
2026-04-30 14:29:52,610 mme_vla_suite.pseudo_labeling.topreward_qwen_scorer INFO: Prefix 7/8 (end=80, n_frames=16/81): reward=-22.7500 (mean, 1 tok)
2026-04-30 14:29:59,704 mme_vla_suite.pseudo_labeling.topreward_qwen_scorer INFO: Prefix 8/8 (end=92, n_frames=19/93): reward=-19.7500 (mean, 1 tok)
2026-04-30 14:30:07,765 mme_vla_suite.pseudo_labeling.topreward_qwen_scorer INFO: Prefix 1/8 (end=10, n_frames=4/11): reward=-23.6250 (mean, 1 tok)
2026-04-30 14:30:14,736 mme_vla_suite.pseudo_labeling.topreward_qwen_scorer INFO: Prefix 2/8 (end=22, n_frames=5/23): reward=-23.3750 (mean, 1 tok)
2026-04-30 14:30:21,705 mme_vla_suite.pseudo_labeling.topreward_qwen_scorer INFO: Prefix 3/8 (end=35, n_frames=7/36): reward=-23.0000 (mean, 1 tok)
2026-04-30 14:30:28,717 mme_vla_suite.pseudo_labeling.topreward_qwen_scorer INFO: Prefix 4/8 (end=48, n_frames=10/49): reward=-20.7500 (mean, 1 tok)
2026-04-30 14:30:35,716 mme_vla_suite.pseudo_labeling.topreward_qwen_scorer INFO: Prefix 5/8 (end=60, n_frames=12/61): reward=-21.8750 (mean, 1 tok)
2026-04-30 14:30:42,949 mme_vla_suite.pseudo_labeling.topreward_qwen_scorer INFO: Prefix 6/8 (end=73, n_frames=15/74): reward=-23.3750 (mean, 1 tok)
2026-04-30 14:30:50,089 mme_vla_suite.pseudo_labeling.topreward_qwen_scorer INFO: Prefix 7/8 (end=86, n_frames=17/87): reward=-24.0000 (mean, 1 tok)
2026-04-30 14:30:57,226 mme_vla_suite.pseudo_labeling.topreward_qwen_scorer INFO: Prefix 8/8 (end=99, n_frames=20/100): reward=-18.6250 (mean, 1 tok)
2026-04-30 14:31:05,424 mme_vla_suite.pseudo_labeling.topreward_qwen_scorer INFO: Prefix 1/8 (end=11, n_frames=4/12): reward=-21.3750 (mean, 1 tok)
2026-04-30 14:31:12,587 mme_vla_suite.pseudo_labeling.topreward_qwen_scorer INFO: Prefix 2/8 (end=25, n_frames=5/26): reward=-22.1250 (mean, 1 tok)
2026-04-30 14:31:19,786 mme_vla_suite.pseudo_labeling.topreward_qwen_scorer INFO: Prefix 3/8 (end=39, n_frames=8/40): reward=-19.3750 (mean, 1 tok)
2026-04-30 14:31:26,814 mme_vla_suite.pseudo_labeling.topreward_qwen_scorer INFO: Prefix 4/8 (end=53, n_frames=11/54): reward=-18.2500 (mean, 1 tok)
2026-04-30 14:31:33,950 mme_vla_suite.pseudo_labeling.topreward_qwen_scorer INFO: Prefix 5/8 (end=67, n_frames=14/68): reward=-18.5000 (mean, 1 tok)
2026-04-30 14:31:41,157 mme_vla_suite.pseudo_labeling.topreward_qwen_scorer INFO: Prefix 6/8 (end=81, n_frames=16/82): reward=-20.0000 (mean, 1 tok)
2026-04-30 14:31:48,310 mme_vla_suite.pseudo_labeling.topreward_qwen_scorer INFO: Prefix 7/8 (end=95, n_frames=19/96): reward=-17.6250 (mean, 1 tok)
2026-04-30 14:31:55,636 mme_vla_suite.pseudo_labeling.topreward_qwen_scorer INFO: Prefix 8/8 (end=110, n_frames=22/111): reward=-19.1250 (mean, 1 tok)
2026-04-30 14:32:03,780 mme_vla_suite.pseudo_labeling.topreward_qwen_scorer INFO: Prefix 1/8 (end=8, n_frames=4/9): reward=-22.6250 (mean, 1 tok)
2026-04-30 14:32:10,721 mme_vla_suite.pseudo_labeling.topreward_qwen_scorer INFO: Prefix 2/8 (end=19, n_frames=4/20): reward=-22.3750 (mean, 1 tok)
2026-04-30 14:32:17,605 mme_vla_suite.pseudo_labeling.topreward_qwen_scorer INFO: Prefix 3/8 (end=30, n_frames=6/31): reward=-21.5000 (mean, 1 tok)
2026-04-30 14:32:24,500 mme_vla_suite.pseudo_labeling.topreward_qwen_scorer INFO: Prefix 4/8 (end=42, n_frames=9/43): reward=-21.2500 (mean, 1 tok)
2026-04-30 14:32:31,411 mme_vla_suite.pseudo_labeling.topreward_qwen_scorer INFO: Prefix 5/8 (end=53, n_frames=11/54): reward=-20.5000 (mean, 1 tok)
2026-04-30 14:32:38,304 mme_vla_suite.pseudo_labeling.topreward_qwen_scorer INFO: Prefix 6/8 (end=65, n_frames=13/66): reward=-20.3750 (mean, 1 tok)
2026-04-30 14:32:45,273 mme_vla_suite.pseudo_labeling.topreward_qwen_scorer INFO: Prefix 7/8 (end=76, n_frames=15/77): reward=-21.6250 (mean, 1 tok)
2026-04-30 14:32:52,291 mme_vla_suite.pseudo_labeling.topreward_qwen_scorer INFO: Prefix 8/8 (end=88, n_frames=18/89): reward=-18.0000 (mean, 1 tok)
2026-04-30 14:33:00,144 mme_vla_suite.pseudo_labeling.topreward_qwen_scorer INFO: Prefix 1/8 (end=9, n_frames=4/10): reward=-22.2500 (mean, 1 tok)
2026-04-30 14:33:07,159 mme_vla_suite.pseudo_labeling.topreward_qwen_scorer INFO: Prefix 2/8 (end=21, n_frames=4/22): reward=-21.7500 (mean, 1 tok)
2026-04-30 14:33:14,199 mme_vla_suite.pseudo_labeling.topreward_qwen_scorer INFO: Prefix 3/8 (end=33, n_frames=7/34): reward=-22.1250 (mean, 1 tok)
2026-04-30 14:33:21,132 mme_vla_suite.pseudo_labeling.topreward_qwen_scorer INFO: Prefix 4/8 (end=45, n_frames=9/46): reward=-21.6250 (mean, 1 tok)
2026-04-30 14:33:28,149 mme_vla_suite.pseudo_labeling.topreward_qwen_scorer INFO: Prefix 5/8 (end=58, n_frames=12/59): reward=-21.3750 (mean, 1 tok)
2026-04-30 14:33:35,167 mme_vla_suite.pseudo_labeling.topreward_qwen_scorer INFO: Prefix 6/8 (end=70, n_frames=14/71): reward=-20.8750 (mean, 1 tok)
2026-04-30 14:33:42,242 mme_vla_suite.pseudo_labeling.topreward_qwen_scorer INFO: Prefix 7/8 (end=82, n_frames=17/83): reward=-19.8750 (mean, 1 tok)
2026-04-30 14:33:49,352 mme_vla_suite.pseudo_labeling.topreward_qwen_scorer INFO: Prefix 8/8 (end=95, n_frames=19/96): reward=-18.5000 (mean, 1 tok)
2026-04-30 14:33:57,192 mme_vla_suite.pseudo_labeling.topreward_qwen_scorer INFO: Prefix 1/8 (end=11, n_frames=4/12): reward=-21.3750 (mean, 1 tok)
2026-04-30 14:34:04,174 mme_vla_suite.pseudo_labeling.topreward_qwen_scorer INFO: Prefix 2/8 (end=25, n_frames=5/26): reward=-21.5000 (mean, 1 tok)
2026-04-30 14:34:11,290 mme_vla_suite.pseudo_labeling.topreward_qwen_scorer INFO: Prefix 3/8 (end=39, n_frames=8/40): reward=-20.6250 (mean, 1 tok)
2026-04-30 14:34:18,328 mme_vla_suite.pseudo_labeling.topreward_qwen_scorer INFO: Prefix 4/8 (end=53, n_frames=11/54): reward=-19.5000 (mean, 1 tok)
2026-04-30 14:34:25,399 mme_vla_suite.pseudo_labeling.topreward_qwen_scorer INFO: Prefix 5/8 (end=68, n_frames=14/69): reward=-19.5000 (mean, 1 tok)
2026-04-30 14:34:32,465 mme_vla_suite.pseudo_labeling.topreward_qwen_scorer INFO: Prefix 6/8 (end=82, n_frames=17/83): reward=-21.2500 (mean, 1 tok)
2026-04-30 14:34:39,615 mme_vla_suite.pseudo_labeling.topreward_qwen_scorer INFO: Prefix 7/8 (end=96, n_frames=19/97): reward=-18.5000 (mean, 1 tok)
2026-04-30 14:34:46,756 mme_vla_suite.pseudo_labeling.topreward_qwen_scorer INFO: Prefix 8/8 (end=111, n_frames=22/112): reward=-17.7500 (mean, 1 tok)
2026-04-30 14:34:54,814 mme_vla_suite.pseudo_labeling.topreward_qwen_scorer INFO: Prefix 1/8 (end=10, n_frames=4/11): reward=-22.1250 (mean, 1 tok)
2026-04-30 14:35:01,843 mme_vla_suite.pseudo_labeling.topreward_qwen_scorer INFO: Prefix 2/8 (end=22, n_frames=5/23): reward=-21.2500 (mean, 1 tok)
2026-04-30 14:35:08,891 mme_vla_suite.pseudo_labeling.topreward_qwen_scorer INFO: Prefix 3/8 (end=35, n_frames=7/36): reward=-22.1250 (mean, 1 tok)
2026-04-30 14:35:15,947 mme_vla_suite.pseudo_labeling.topreward_qwen_scorer INFO: Prefix 4/8 (end=48, n_frames=10/49): reward=-19.8750 (mean, 1 tok)
2026-04-30 14:35:23,009 mme_vla_suite.pseudo_labeling.topreward_qwen_scorer INFO: Prefix 5/8 (end=61, n_frames=12/62): reward=-20.7500 (mean, 1 tok)
2026-04-30 14:35:30,032 mme_vla_suite.pseudo_labeling.topreward_qwen_scorer INFO: Prefix 6/8 (end=74, n_frames=15/75): reward=-19.1250 (mean, 1 tok)
2026-04-30 14:35:37,074 mme_vla_suite.pseudo_labeling.topreward_qwen_scorer INFO: Prefix 7/8 (end=87, n_frames=18/88): reward=-19.7500 (mean, 1 tok)
2026-04-30 14:35:44,126 mme_vla_suite.pseudo_labeling.topreward_qwen_scorer INFO: Prefix 8/8 (end=100, n_frames=20/101): reward=-17.3750 (mean, 1 tok)
2026-04-30 14:35:52,243 mme_vla_suite.pseudo_labeling.topreward_qwen_scorer INFO: Prefix 1/8 (end=10, n_frames=4/11): reward=-22.1250 (mean, 1 tok)
2026-04-30 14:35:59,309 mme_vla_suite.pseudo_labeling.topreward_qwen_scorer INFO: Prefix 2/8 (end=23, n_frames=5/24): reward=-21.3750 (mean, 1 tok)
2026-04-30 14:36:06,450 mme_vla_suite.pseudo_labeling.topreward_qwen_scorer INFO: Prefix 3/8 (end=37, n_frames=8/38): reward=-21.8750 (mean, 1 tok)
2026-04-30 14:36:13,605 mme_vla_suite.pseudo_labeling.topreward_qwen_scorer INFO: Prefix 4/8 (end=51, n_frames=10/52): reward=-20.5000 (mean, 1 tok)
2026-04-30 14:36:20,813 mme_vla_suite.pseudo_labeling.topreward_qwen_scorer INFO: Prefix 5/8 (end=64, n_frames=13/65): reward=-20.0000 (mean, 1 tok)
2026-04-30 14:36:27,837 mme_vla_suite.pseudo_labeling.topreward_qwen_scorer INFO: Prefix 6/8 (end=78, n_frames=16/79): reward=-19.1250 (mean, 1 tok)
2026-04-30 14:36:34,884 mme_vla_suite.pseudo_labeling.topreward_qwen_scorer INFO: Prefix 7/8 (end=92, n_frames=19/93): reward=-20.1250 (mean, 1 tok)
2026-04-30 14:36:41,969 mme_vla_suite.pseudo_labeling.topreward_qwen_scorer INFO: Prefix 8/8 (end=106, n_frames=21/107): reward=-18.0000 (mean, 1 tok)
2026-04-30 14:36:50,578 mme_vla_suite.pseudo_labeling.topreward_qwen_scorer INFO: Prefix 1/8 (end=11, n_frames=4/12): reward=-20.8750 (mean, 1 tok)
2026-04-30 14:36:57,508 mme_vla_suite.pseudo_labeling.topreward_qwen_scorer INFO: Prefix 2/8 (end=26, n_frames=5/27): reward=-21.0000 (mean, 1 tok)
2026-04-30 14:37:04,484 mme_vla_suite.pseudo_labeling.topreward_qwen_scorer INFO: Prefix 3/8 (end=41, n_frames=8/42): reward=-19.1250 (mean, 1 tok)
2026-04-30 14:37:11,490 mme_vla_suite.pseudo_labeling.topreward_qwen_scorer INFO: Prefix 4/8 (end=56, n_frames=11/57): reward=-19.1250 (mean, 1 tok)
2026-04-30 14:37:18,592 mme_vla_suite.pseudo_labeling.topreward_qwen_scorer INFO: Prefix 5/8 (end=71, n_frames=14/72): reward=-20.0000 (mean, 1 tok)
2026-04-30 14:37:25,751 mme_vla_suite.pseudo_labeling.topreward_qwen_scorer INFO: Prefix 6/8 (end=86, n_frames=17/87): reward=-19.1250 (mean, 1 tok)
2026-04-30 14:37:32,956 mme_vla_suite.pseudo_labeling.topreward_qwen_scorer INFO: Prefix 7/8 (end=101, n_frames=20/102): reward=-18.7500 (mean, 1 tok)
2026-04-30 14:37:40,169 mme_vla_suite.pseudo_labeling.topreward_qwen_scorer INFO: Prefix 8/8 (end=116, n_frames=23/117): reward=-19.6250 (mean, 1 tok)
2026-04-30 14:37:48,364 mme_vla_suite.pseudo_labeling.topreward_qwen_scorer INFO: Prefix 1/8 (end=10, n_frames=4/11): reward=-22.7500 (mean, 1 tok)
2026-04-30 14:37:55,599 mme_vla_suite.pseudo_labeling.topreward_qwen_scorer INFO: Prefix 2/8 (end=22, n_frames=5/23): reward=-21.6250 (mean, 1 tok)
2026-04-30 14:38:02,669 mme_vla_suite.pseudo_labeling.topreward_qwen_scorer INFO: Prefix 3/8 (end=35, n_frames=7/36): reward=-21.3750 (mean, 1 tok)
2026-04-30 14:38:09,761 mme_vla_suite.pseudo_labeling.topreward_qwen_scorer INFO: Prefix 4/8 (end=48, n_frames=10/49): reward=-20.7500 (mean, 1 tok)
2026-04-30 14:38:16,792 mme_vla_suite.pseudo_labeling.topreward_qwen_scorer INFO: Prefix 5/8 (end=60, n_frames=12/61): reward=-20.8750 (mean, 1 tok)
2026-04-30 14:38:23,826 mme_vla_suite.pseudo_labeling.topreward_qwen_scorer INFO: Prefix 6/8 (end=73, n_frames=15/74): reward=-21.5000 (mean, 1 tok)
2026-04-30 14:38:30,899 mme_vla_suite.pseudo_labeling.topreward_qwen_scorer INFO: Prefix 7/8 (end=86, n_frames=17/87): reward=-23.2500 (mean, 1 tok)
2026-04-30 14:38:37,953 mme_vla_suite.pseudo_labeling.topreward_qwen_scorer INFO: Prefix 8/8 (end=99, n_frames=20/100): reward=-17.6250 (mean, 1 tok)
2026-04-30 14:38:45,698 mme_vla_suite.pseudo_labeling.topreward_qwen_scorer INFO: Prefix 1/8 (end=11, n_frames=4/12): reward=-22.6250 (mean, 1 tok)
2026-04-30 14:38:52,625 mme_vla_suite.pseudo_labeling.topreward_qwen_scorer INFO: Prefix 2/8 (end=25, n_frames=5/26): reward=-21.3750 (mean, 1 tok)
2026-04-30 14:38:59,542 mme_vla_suite.pseudo_labeling.topreward_qwen_scorer INFO: Prefix 3/8 (end=39, n_frames=8/40): reward=-21.5000 (mean, 1 tok)
2026-04-30 14:39:06,587 mme_vla_suite.pseudo_labeling.topreward_qwen_scorer INFO: Prefix 4/8 (end=53, n_frames=11/54): reward=-20.5000 (mean, 1 tok)
2026-04-30 14:39:13,551 mme_vla_suite.pseudo_labeling.topreward_qwen_scorer INFO: Prefix 5/8 (end=67, n_frames=14/68): reward=-21.1250 (mean, 1 tok)
2026-04-30 14:39:20,567 mme_vla_suite.pseudo_labeling.topreward_qwen_scorer INFO: Prefix 6/8 (end=81, n_frames=16/82): reward=-20.8750 (mean, 1 tok)
2026-04-30 14:39:27,615 mme_vla_suite.pseudo_labeling.topreward_qwen_scorer INFO: Prefix 7/8 (end=95, n_frames=19/96): reward=-19.5000 (mean, 1 tok)
2026-04-30 14:39:34,642 mme_vla_suite.pseudo_labeling.topreward_qwen_scorer INFO: Prefix 8/8 (end=109, n_frames=22/110): reward=-17.7500 (mean, 1 tok)
2026-04-30 14:39:42,816 mme_vla_suite.pseudo_labeling.topreward_qwen_scorer INFO: Prefix 1/8 (end=12, n_frames=4/13): reward=-21.3750 (mean, 1 tok)
2026-04-30 14:39:49,700 mme_vla_suite.pseudo_labeling.topreward_qwen_scorer INFO: Prefix 2/8 (end=27, n_frames=6/28): reward=-21.6250 (mean, 1 tok)
2026-04-30 14:39:56,635 mme_vla_suite.pseudo_labeling.topreward_qwen_scorer INFO: Prefix 3/8 (end=43, n_frames=9/44): reward=-21.0000 (mean, 1 tok)
2026-04-30 14:40:03,661 mme_vla_suite.pseudo_labeling.topreward_qwen_scorer INFO: Prefix 4/8 (end=59, n_frames=12/60): reward=-21.0000 (mean, 1 tok)
2026-04-30 14:40:10,672 mme_vla_suite.pseudo_labeling.topreward_qwen_scorer INFO: Prefix 5/8 (end=74, n_frames=15/75): reward=-19.5000 (mean, 1 tok)
2026-04-30 14:40:17,668 mme_vla_suite.pseudo_labeling.topreward_qwen_scorer INFO: Prefix 6/8 (end=90, n_frames=18/91): reward=-21.2500 (mean, 1 tok)
2026-04-30 14:40:24,695 mme_vla_suite.pseudo_labeling.topreward_qwen_scorer INFO: Prefix 7/8 (end=106, n_frames=21/107): reward=-18.3750 (mean, 1 tok)
2026-04-30 14:40:31,865 mme_vla_suite.pseudo_labeling.topreward_qwen_scorer INFO: Prefix 8/8 (end=122, n_frames=25/123): reward=-21.8750 (mean, 1 tok)
2026-04-30 14:40:40,094 mme_vla_suite.pseudo_labeling.topreward_qwen_scorer INFO: Prefix 1/8 (end=12, n_frames=4/13): reward=-22.7500 (mean, 1 tok)
2026-04-30 14:40:47,077 mme_vla_suite.pseudo_labeling.topreward_qwen_scorer INFO: Prefix 2/8 (end=27, n_frames=6/28): reward=-21.8750 (mean, 1 tok)
2026-04-30 14:40:54,031 mme_vla_suite.pseudo_labeling.topreward_qwen_scorer INFO: Prefix 3/8 (end=43, n_frames=9/44): reward=-21.3750 (mean, 1 tok)
2026-04-30 14:41:00,937 mme_vla_suite.pseudo_labeling.topreward_qwen_scorer INFO: Prefix 4/8 (end=58, n_frames=12/59): reward=-22.0000 (mean, 1 tok)
2026-04-30 14:41:07,904 mme_vla_suite.pseudo_labeling.topreward_qwen_scorer INFO: Prefix 5/8 (end=74, n_frames=15/75): reward=-22.5000 (mean, 1 tok)
2026-04-30 14:41:14,888 mme_vla_suite.pseudo_labeling.topreward_qwen_scorer INFO: Prefix 6/8 (end=89, n_frames=18/90): reward=-22.1250 (mean, 1 tok)
2026-04-30 14:41:21,934 mme_vla_suite.pseudo_labeling.topreward_qwen_scorer INFO: Prefix 7/8 (end=105, n_frames=21/106): reward=-20.7500 (mean, 1 tok)
2026-04-30 14:41:28,958 mme_vla_suite.pseudo_labeling.topreward_qwen_scorer INFO: Prefix 8/8 (end=121, n_frames=24/122): reward=-19.2500 (mean, 1 tok)
2026-04-30 14:41:36,873 mme_vla_suite.pseudo_labeling.topreward_qwen_scorer INFO: Prefix 1/8 (end=4, n_frames=4/5): reward=-22.5000 (mean, 1 tok)
2026-04-30 14:41:43,769 mme_vla_suite.pseudo_labeling.topreward_qwen_scorer INFO: Prefix 2/8 (end=9, n_frames=4/10): reward=-22.7500 (mean, 1 tok)
2026-04-30 14:41:50,639 mme_vla_suite.pseudo_labeling.topreward_qwen_scorer INFO: Prefix 3/8 (end=14, n_frames=4/15): reward=-23.1250 (mean, 1 tok)
2026-04-30 14:41:57,522 mme_vla_suite.pseudo_labeling.topreward_qwen_scorer INFO: Prefix 4/8 (end=19, n_frames=4/20): reward=-23.1250 (mean, 1 tok)
2026-04-30 14:42:04,423 mme_vla_suite.pseudo_labeling.topreward_qwen_scorer INFO: Prefix 5/8 (end=24, n_frames=5/25): reward=-22.8750 (mean, 1 tok)
2026-04-30 14:42:11,358 mme_vla_suite.pseudo_labeling.topreward_qwen_scorer INFO: Prefix 6/8 (end=29, n_frames=6/30): reward=-22.7500 (mean, 1 tok)
2026-04-30 14:42:18,309 mme_vla_suite.pseudo_labeling.topreward_qwen_scorer INFO: Prefix 7/8 (end=34, n_frames=7/35): reward=-22.5000 (mean, 1 tok)
2026-04-30 14:42:25,255 mme_vla_suite.pseudo_labeling.topreward_qwen_scorer INFO: Prefix 8/8 (end=40, n_frames=8/41): reward=-22.8750 (mean, 1 tok)
2026-04-30 14:42:33,431 mme_vla_suite.pseudo_labeling.topreward_qwen_scorer INFO: Prefix 1/8 (end=10, n_frames=4/11): reward=-24.7500 (mean, 1 tok)
2026-04-30 14:42:40,309 mme_vla_suite.pseudo_labeling.topreward_qwen_scorer INFO: Prefix 2/8 (end=23, n_frames=5/24): reward=-24.6250 (mean, 1 tok)
2026-04-30 14:42:47,189 mme_vla_suite.pseudo_labeling.topreward_qwen_scorer INFO: Prefix 3/8 (end=36, n_frames=7/37): reward=-24.3750 (mean, 1 tok)
2026-04-30 14:42:54,143 mme_vla_suite.pseudo_labeling.topreward_qwen_scorer INFO: Prefix 4/8 (end=50, n_frames=10/51): reward=-23.5000 (mean, 1 tok)
2026-04-30 14:43:01,131 mme_vla_suite.pseudo_labeling.topreward_qwen_scorer INFO: Prefix 5/8 (end=63, n_frames=13/64): reward=-22.5000 (mean, 1 tok)
2026-04-30 14:43:08,190 mme_vla_suite.pseudo_labeling.topreward_qwen_scorer INFO: Prefix 6/8 (end=77, n_frames=16/78): reward=-25.0000 (mean, 1 tok)
2026-04-30 14:43:15,237 mme_vla_suite.pseudo_labeling.topreward_qwen_scorer INFO: Prefix 7/8 (end=90, n_frames=18/91): reward=-25.3750 (mean, 1 tok)
2026-04-30 14:43:22,332 mme_vla_suite.pseudo_labeling.topreward_qwen_scorer INFO: Prefix 8/8 (end=104, n_frames=21/105): reward=-18.8750 (mean, 1 tok)
2026-04-30 14:43:30,272 mme_vla_suite.pseudo_labeling.topreward_qwen_scorer INFO: Prefix 1/8 (end=11, n_frames=4/12): reward=-24.6250 (mean, 1 tok)
2026-04-30 14:43:37,247 mme_vla_suite.pseudo_labeling.topreward_qwen_scorer INFO: Prefix 2/8 (end=25, n_frames=5/26): reward=-24.5000 (mean, 1 tok)
2026-04-30 14:43:44,209 mme_vla_suite.pseudo_labeling.topreward_qwen_scorer INFO: Prefix 3/8 (end=39, n_frames=8/40): reward=-24.5000 (mean, 1 tok)
2026-04-30 14:43:51,175 mme_vla_suite.pseudo_labeling.topreward_qwen_scorer INFO: Prefix 4/8 (end=53, n_frames=11/54): reward=-22.6250 (mean, 1 tok)
2026-04-30 14:43:58,146 mme_vla_suite.pseudo_labeling.topreward_qwen_scorer INFO: Prefix 5/8 (end=68, n_frames=14/69): reward=-22.7500 (mean, 1 tok)
2026-04-30 14:44:05,177 mme_vla_suite.pseudo_labeling.topreward_qwen_scorer INFO: Prefix 6/8 (end=82, n_frames=17/83): reward=-25.6250 (mean, 1 tok)
2026-04-30 14:44:12,244 mme_vla_suite.pseudo_labeling.topreward_qwen_scorer INFO: Prefix 7/8 (end=96, n_frames=19/97): reward=-24.7500 (mean, 1 tok)
2026-04-30 14:44:19,371 mme_vla_suite.pseudo_labeling.topreward_qwen_scorer INFO: Prefix 8/8 (end=111, n_frames=22/112): reward=-19.5000 (mean, 1 tok)
2026-04-30 14:44:27,413 mme_vla_suite.pseudo_labeling.topreward_qwen_scorer INFO: Prefix 1/8 (end=11, n_frames=4/12): reward=-20.6250 (mean, 1 tok)
2026-04-30 14:44:34,332 mme_vla_suite.pseudo_labeling.topreward_qwen_scorer INFO: Prefix 2/8 (end=26, n_frames=5/27): reward=-20.7500 (mean, 1 tok)
2026-04-30 14:44:41,276 mme_vla_suite.pseudo_labeling.topreward_qwen_scorer INFO: Prefix 3/8 (end=41, n_frames=8/42): reward=-18.7500 (mean, 1 tok)
2026-04-30 14:44:48,264 mme_vla_suite.pseudo_labeling.topreward_qwen_scorer INFO: Prefix 4/8 (end=56, n_frames=11/57): reward=-17.8750 (mean, 1 tok)
2026-04-30 14:44:55,200 mme_vla_suite.pseudo_labeling.topreward_qwen_scorer INFO: Prefix 5/8 (end=71, n_frames=14/72): reward=-18.8750 (mean, 1 tok)
2026-04-30 14:45:02,150 mme_vla_suite.pseudo_labeling.topreward_qwen_scorer INFO: Prefix 6/8 (end=86, n_frames=17/87): reward=-19.2500 (mean, 1 tok)
2026-04-30 14:45:09,135 mme_vla_suite.pseudo_labeling.topreward_qwen_scorer INFO: Prefix 7/8 (end=101, n_frames=20/102): reward=-17.6250 (mean, 1 tok)
2026-04-30 14:45:16,143 mme_vla_suite.pseudo_labeling.topreward_qwen_scorer INFO: Prefix 8/8 (end=116, n_frames=23/117): reward=-18.7500 (mean, 1 tok)
2026-04-30 14:45:24,450 mme_vla_suite.pseudo_labeling.topreward_qwen_scorer INFO: Prefix 1/8 (end=9, n_frames=4/10): reward=-23.1250 (mean, 1 tok)
2026-04-30 14:45:31,342 mme_vla_suite.pseudo_labeling.topreward_qwen_scorer INFO: Prefix 2/8 (end=21, n_frames=4/22): reward=-22.6250 (mean, 1 tok)
2026-04-30 14:45:38,257 mme_vla_suite.pseudo_labeling.topreward_qwen_scorer INFO: Prefix 3/8 (end=33, n_frames=7/34): reward=-21.5000 (mean, 1 tok)
2026-04-30 14:45:45,191 mme_vla_suite.pseudo_labeling.topreward_qwen_scorer INFO: Prefix 4/8 (end=45, n_frames=9/46): reward=-20.7500 (mean, 1 tok)
2026-04-30 14:45:52,103 mme_vla_suite.pseudo_labeling.topreward_qwen_scorer INFO: Prefix 5/8 (end=58, n_frames=12/59): reward=-22.1250 (mean, 1 tok)
2026-04-30 14:45:59,062 mme_vla_suite.pseudo_labeling.topreward_qwen_scorer INFO: Prefix 6/8 (end=70, n_frames=14/71): reward=-22.3750 (mean, 1 tok)
2026-04-30 14:46:06,104 mme_vla_suite.pseudo_labeling.topreward_qwen_scorer INFO: Prefix 7/8 (end=82, n_frames=17/83): reward=-22.1250 (mean, 1 tok)
2026-04-30 14:46:13,190 mme_vla_suite.pseudo_labeling.topreward_qwen_scorer INFO: Prefix 8/8 (end=95, n_frames=19/96): reward=-18.7500 (mean, 1 tok)
2026-04-30 14:46:20,946 mme_vla_suite.pseudo_labeling.topreward_qwen_scorer INFO: Prefix 1/8 (end=10, n_frames=4/11): reward=-22.7500 (mean, 1 tok)
2026-04-30 14:46:27,874 mme_vla_suite.pseudo_labeling.topreward_qwen_scorer INFO: Prefix 2/8 (end=23, n_frames=5/24): reward=-22.1250 (mean, 1 tok)
2026-04-30 14:46:34,879 mme_vla_suite.pseudo_labeling.topreward_qwen_scorer INFO: Prefix 3/8 (end=36, n_frames=7/37): reward=-21.6250 (mean, 1 tok)
2026-04-30 14:46:41,873 mme_vla_suite.pseudo_labeling.topreward_qwen_scorer INFO: Prefix 4/8 (end=49, n_frames=10/50): reward=-20.8750 (mean, 1 tok)
2026-04-30 14:46:48,805 mme_vla_suite.pseudo_labeling.topreward_qwen_scorer INFO: Prefix 5/8 (end=62, n_frames=13/63): reward=-21.6250 (mean, 1 tok)
2026-04-30 14:46:55,796 mme_vla_suite.pseudo_labeling.topreward_qwen_scorer INFO: Prefix 6/8 (end=75, n_frames=15/76): reward=-22.0000 (mean, 1 tok)
2026-04-30 14:47:02,825 mme_vla_suite.pseudo_labeling.topreward_qwen_scorer INFO: Prefix 7/8 (end=88, n_frames=18/89): reward=-22.7500 (mean, 1 tok)
2026-04-30 14:47:09,978 mme_vla_suite.pseudo_labeling.topreward_qwen_scorer INFO: Prefix 8/8 (end=102, n_frames=21/103): reward=-18.1250 (mean, 1 tok)
2026-04-30 14:47:18,100 mme_vla_suite.pseudo_labeling.topreward_qwen_scorer INFO: Prefix 1/8 (end=12, n_frames=4/13): reward=-21.1250 (mean, 1 tok)
2026-04-30 14:47:25,048 mme_vla_suite.pseudo_labeling.topreward_qwen_scorer INFO: Prefix 2/8 (end=27, n_frames=6/28): reward=-20.8750 (mean, 1 tok)
2026-04-30 14:47:32,004 mme_vla_suite.pseudo_labeling.topreward_qwen_scorer INFO: Prefix 3/8 (end=43, n_frames=9/44): reward=-22.2500 (mean, 1 tok)
2026-04-30 14:47:38,960 mme_vla_suite.pseudo_labeling.topreward_qwen_scorer INFO: Prefix 4/8 (end=58, n_frames=12/59): reward=-21.6250 (mean, 1 tok)
2026-04-30 14:47:45,965 mme_vla_suite.pseudo_labeling.topreward_qwen_scorer INFO: Prefix 5/8 (end=74, n_frames=15/75): reward=-20.3750 (mean, 1 tok)
2026-04-30 14:47:52,994 mme_vla_suite.pseudo_labeling.topreward_qwen_scorer INFO: Prefix 6/8 (end=89, n_frames=18/90): reward=-21.6250 (mean, 1 tok)
2026-04-30 14:48:00,083 mme_vla_suite.pseudo_labeling.topreward_qwen_scorer INFO: Prefix 7/8 (end=105, n_frames=21/106): reward=-19.2500 (mean, 1 tok)
2026-04-30 14:48:07,165 mme_vla_suite.pseudo_labeling.topreward_qwen_scorer INFO: Prefix 8/8 (end=121, n_frames=24/122): reward=-19.6250 (mean, 1 tok)
2026-04-30 14:48:15,527 mme_vla_suite.pseudo_labeling.topreward_qwen_scorer INFO: Prefix 1/8 (end=11, n_frames=4/12): reward=-22.2500 (mean, 1 tok)
2026-04-30 14:48:22,463 mme_vla_suite.pseudo_labeling.topreward_qwen_scorer INFO: Prefix 2/8 (end=25, n_frames=5/26): reward=-21.5000 (mean, 1 tok)
2026-04-30 14:48:29,374 mme_vla_suite.pseudo_labeling.topreward_qwen_scorer INFO: Prefix 3/8 (end=39, n_frames=8/40): reward=-20.8750 (mean, 1 tok)
2026-04-30 14:48:36,265 mme_vla_suite.pseudo_labeling.topreward_qwen_scorer INFO: Prefix 4/8 (end=54, n_frames=11/55): reward=-20.3750 (mean, 1 tok)
2026-04-30 14:48:43,220 mme_vla_suite.pseudo_labeling.topreward_qwen_scorer INFO: Prefix 5/8 (end=68, n_frames=14/69): reward=-20.7500 (mean, 1 tok)
2026-04-30 14:48:50,203 mme_vla_suite.pseudo_labeling.topreward_qwen_scorer INFO: Prefix 6/8 (end=83, n_frames=17/84): reward=-19.3750 (mean, 1 tok)
2026-04-30 14:48:57,225 mme_vla_suite.pseudo_labeling.topreward_qwen_scorer INFO: Prefix 7/8 (end=97, n_frames=20/98): reward=-19.5000 (mean, 1 tok)
2026-04-30 14:49:04,256 mme_vla_suite.pseudo_labeling.topreward_qwen_scorer INFO: Prefix 8/8 (end=112, n_frames=23/113): reward=-18.7500 (mean, 1 tok)
2026-04-30 14:49:12,179 mme_vla_suite.pseudo_labeling.topreward_qwen_scorer INFO: Prefix 1/8 (end=11, n_frames=4/12): reward=-22.2500 (mean, 1 tok)
2026-04-30 14:49:19,134 mme_vla_suite.pseudo_labeling.topreward_qwen_scorer INFO: Prefix 2/8 (end=26, n_frames=5/27): reward=-21.1250 (mean, 1 tok)
2026-04-30 14:49:26,050 mme_vla_suite.pseudo_labeling.topreward_qwen_scorer INFO: Prefix 3/8 (end=41, n_frames=8/42): reward=-20.3750 (mean, 1 tok)
2026-04-30 14:49:32,986 mme_vla_suite.pseudo_labeling.topreward_qwen_scorer INFO: Prefix 4/8 (end=56, n_frames=11/57): reward=-19.7500 (mean, 1 tok)
2026-04-30 14:49:39,965 mme_vla_suite.pseudo_labeling.topreward_qwen_scorer INFO: Prefix 5/8 (end=72, n_frames=15/73): reward=-20.6250 (mean, 1 tok)
2026-04-30 14:49:46,985 mme_vla_suite.pseudo_labeling.topreward_qwen_scorer INFO: Prefix 6/8 (end=87, n_frames=18/88): reward=-18.8750 (mean, 1 tok)
2026-04-30 14:49:54,054 mme_vla_suite.pseudo_labeling.topreward_qwen_scorer INFO: Prefix 7/8 (end=102, n_frames=21/103): reward=-19.3750 (mean, 1 tok)
2026-04-30 14:50:01,101 mme_vla_suite.pseudo_labeling.topreward_qwen_scorer INFO: Prefix 8/8 (end=118, n_frames=24/119): reward=-19.6250 (mean, 1 tok)
2026-04-30 14:50:09,376 mme_vla_suite.pseudo_labeling.topreward_qwen_scorer INFO: Prefix 1/8 (end=11, n_frames=4/12): reward=-21.5000 (mean, 1 tok)
2026-04-30 14:50:16,317 mme_vla_suite.pseudo_labeling.topreward_qwen_scorer INFO: Prefix 2/8 (end=25, n_frames=5/26): reward=-21.3750 (mean, 1 tok)
2026-04-30 14:50:23,231 mme_vla_suite.pseudo_labeling.topreward_qwen_scorer INFO: Prefix 3/8 (end=39, n_frames=8/40): reward=-19.8750 (mean, 1 tok)
2026-04-30 14:50:30,283 mme_vla_suite.pseudo_labeling.topreward_qwen_scorer INFO: Prefix 4/8 (end=53, n_frames=11/54): reward=-19.7500 (mean, 1 tok)
2026-04-30 14:50:37,234 mme_vla_suite.pseudo_labeling.topreward_qwen_scorer INFO: Prefix 5/8 (end=67, n_frames=14/68): reward=-18.8750 (mean, 1 tok)
2026-04-30 14:50:44,256 mme_vla_suite.pseudo_labeling.topreward_qwen_scorer INFO: Prefix 6/8 (end=81, n_frames=16/82): reward=-19.6250 (mean, 1 tok)
2026-04-30 14:50:51,271 mme_vla_suite.pseudo_labeling.topreward_qwen_scorer INFO: Prefix 7/8 (end=95, n_frames=19/96): reward=-17.6250 (mean, 1 tok)
2026-04-30 14:50:58,373 mme_vla_suite.pseudo_labeling.topreward_qwen_scorer INFO: Prefix 8/8 (end=110, n_frames=22/111): reward=-17.6250 (mean, 1 tok)
2026-04-30 14:51:06,512 mme_vla_suite.pseudo_labeling.topreward_qwen_scorer INFO: Prefix 1/8 (end=10, n_frames=4/11): reward=-21.7500 (mean, 1 tok)
2026-04-30 14:51:13,405 mme_vla_suite.pseudo_labeling.topreward_qwen_scorer INFO: Prefix 2/8 (end=23, n_frames=5/24): reward=-20.5000 (mean, 1 tok)
2026-04-30 14:51:20,337 mme_vla_suite.pseudo_labeling.topreward_qwen_scorer INFO: Prefix 3/8 (end=36, n_frames=7/37): reward=-19.7500 (mean, 1 tok)
2026-04-30 14:51:27,273 mme_vla_suite.pseudo_labeling.topreward_qwen_scorer INFO: Prefix 4/8 (end=49, n_frames=10/50): reward=-20.3750 (mean, 1 tok)
2026-04-30 14:51:34,226 mme_vla_suite.pseudo_labeling.topreward_qwen_scorer INFO: Prefix 5/8 (end=62, n_frames=13/63): reward=-21.3750 (mean, 1 tok)
2026-04-30 14:51:41,219 mme_vla_suite.pseudo_labeling.topreward_qwen_scorer INFO: Prefix 6/8 (end=75, n_frames=15/76): reward=-20.7500 (mean, 1 tok)
2026-04-30 14:51:48,188 mme_vla_suite.pseudo_labeling.topreward_qwen_scorer INFO: Prefix 7/8 (end=88, n_frames=18/89): reward=-21.3750 (mean, 1 tok)
2026-04-30 14:51:55,187 mme_vla_suite.pseudo_labeling.topreward_qwen_scorer INFO: Prefix 8/8 (end=102, n_frames=21/103): reward=-17.7500 (mean, 1 tok)
2026-04-30 14:52:03,030 mme_vla_suite.pseudo_labeling.topreward_qwen_scorer INFO: Prefix 1/8 (end=11, n_frames=4/12): reward=-21.8750 (mean, 1 tok)
2026-04-30 14:52:09,932 mme_vla_suite.pseudo_labeling.topreward_qwen_scorer INFO: Prefix 2/8 (end=25, n_frames=5/26): reward=-20.2500 (mean, 1 tok)
2026-04-30 14:52:16,885 mme_vla_suite.pseudo_labeling.topreward_qwen_scorer INFO: Prefix 3/8 (end=39, n_frames=8/40): reward=-20.2500 (mean, 1 tok)
2026-04-30 14:52:23,833 mme_vla_suite.pseudo_labeling.topreward_qwen_scorer INFO: Prefix 4/8 (end=54, n_frames=11/55): reward=-20.7500 (mean, 1 tok)
2026-04-30 14:52:30,790 mme_vla_suite.pseudo_labeling.topreward_qwen_scorer INFO: Prefix 5/8 (end=68, n_frames=14/69): reward=-21.0000 (mean, 1 tok)
2026-04-30 14:52:37,796 mme_vla_suite.pseudo_labeling.topreward_qwen_scorer INFO: Prefix 6/8 (end=83, n_frames=17/84): reward=-21.2500 (mean, 1 tok)
2026-04-30 14:52:44,784 mme_vla_suite.pseudo_labeling.topreward_qwen_scorer INFO: Prefix 7/8 (end=97, n_frames=20/98): reward=-21.7500 (mean, 1 tok)
2026-04-30 14:52:51,807 mme_vla_suite.pseudo_labeling.topreward_qwen_scorer INFO: Prefix 8/8 (end=112, n_frames=23/113): reward=-18.2500 (mean, 1 tok)
2026-04-30 14:52:59,750 mme_vla_suite.pseudo_labeling.topreward_qwen_scorer INFO: Prefix 1/8 (end=11, n_frames=4/12): reward=-22.3750 (mean, 1 tok)
2026-04-30 14:53:06,640 mme_vla_suite.pseudo_labeling.topreward_qwen_scorer INFO: Prefix 2/8 (end=25, n_frames=5/26): reward=-22.5000 (mean, 1 tok)
2026-04-30 14:53:13,562 mme_vla_suite.pseudo_labeling.topreward_qwen_scorer INFO: Prefix 3/8 (end=39, n_frames=8/40): reward=-19.0000 (mean, 1 tok)
2026-04-30 14:53:20,495 mme_vla_suite.pseudo_labeling.topreward_qwen_scorer INFO: Prefix 4/8 (end=54, n_frames=11/55): reward=-18.6250 (mean, 1 tok)
2026-04-30 14:53:27,421 mme_vla_suite.pseudo_labeling.topreward_qwen_scorer INFO: Prefix 5/8 (end=68, n_frames=14/69): reward=-20.5000 (mean, 1 tok)
2026-04-30 14:53:34,401 mme_vla_suite.pseudo_labeling.topreward_qwen_scorer INFO: Prefix 6/8 (end=83, n_frames=17/84): reward=-22.7500 (mean, 1 tok)
2026-04-30 14:53:41,362 mme_vla_suite.pseudo_labeling.topreward_qwen_scorer INFO: Prefix 7/8 (end=97, n_frames=20/98): reward=-18.8750 (mean, 1 tok)
2026-04-30 14:53:48,394 mme_vla_suite.pseudo_labeling.topreward_qwen_scorer INFO: Prefix 8/8 (end=112, n_frames=23/113): reward=-20.7500 (mean, 1 tok)
2026-04-30 14:53:56,684 mme_vla_suite.pseudo_labeling.topreward_qwen_scorer INFO: Prefix 1/8 (end=10, n_frames=4/11): reward=-22.1250 (mean, 1 tok)
2026-04-30 14:54:03,573 mme_vla_suite.pseudo_labeling.topreward_qwen_scorer INFO: Prefix 2/8 (end=22, n_frames=5/23): reward=-21.7500 (mean, 1 tok)
2026-04-30 14:54:10,459 mme_vla_suite.pseudo_labeling.topreward_qwen_scorer INFO: Prefix 3/8 (end=35, n_frames=7/36): reward=-22.1250 (mean, 1 tok)
2026-04-30 14:54:17,422 mme_vla_suite.pseudo_labeling.topreward_qwen_scorer INFO: Prefix 4/8 (end=48, n_frames=10/49): reward=-20.8750 (mean, 1 tok)
2026-04-30 14:54:24,391 mme_vla_suite.pseudo_labeling.topreward_qwen_scorer INFO: Prefix 5/8 (end=61, n_frames=12/62): reward=-21.0000 (mean, 1 tok)
2026-04-30 14:54:31,393 mme_vla_suite.pseudo_labeling.topreward_qwen_scorer INFO: Prefix 6/8 (end=74, n_frames=15/75): reward=-22.0000 (mean, 1 tok)
2026-04-30 14:54:38,423 mme_vla_suite.pseudo_labeling.topreward_qwen_scorer INFO: Prefix 7/8 (end=87, n_frames=18/88): reward=-21.5000 (mean, 1 tok)
2026-04-30 14:54:45,471 mme_vla_suite.pseudo_labeling.topreward_qwen_scorer INFO: Prefix 8/8 (end=100, n_frames=20/101): reward=-18.1250 (mean, 1 tok)
2026-04-30 14:54:53,537 mme_vla_suite.pseudo_labeling.topreward_qwen_scorer INFO: Prefix 1/8 (end=5, n_frames=4/6): reward=-20.1250 (mean, 1 tok)
2026-04-30 14:55:00,436 mme_vla_suite.pseudo_labeling.topreward_qwen_scorer INFO: Prefix 2/8 (end=11, n_frames=4/12): reward=-20.0000 (mean, 1 tok)
2026-04-30 14:55:07,335 mme_vla_suite.pseudo_labeling.topreward_qwen_scorer INFO: Prefix 3/8 (end=17, n_frames=4/18): reward=-19.6250 (mean, 1 tok)
2026-04-30 14:55:14,239 mme_vla_suite.pseudo_labeling.topreward_qwen_scorer INFO: Prefix 4/8 (end=23, n_frames=5/24): reward=-20.0000 (mean, 1 tok)
2026-04-30 14:55:21,151 mme_vla_suite.pseudo_labeling.topreward_qwen_scorer INFO: Prefix 5/8 (end=30, n_frames=6/31): reward=-19.3750 (mean, 1 tok)
2026-04-30 14:55:28,045 mme_vla_suite.pseudo_labeling.topreward_qwen_scorer INFO: Prefix 6/8 (end=36, n_frames=7/37): reward=-19.1250 (mean, 1 tok)
2026-04-30 14:55:34,931 mme_vla_suite.pseudo_labeling.topreward_qwen_scorer INFO: Prefix 7/8 (end=42, n_frames=9/43): reward=-19.6250 (mean, 1 tok)
2026-04-30 14:55:41,858 mme_vla_suite.pseudo_labeling.topreward_qwen_scorer INFO: Prefix 8/8 (end=49, n_frames=10/50): reward=-19.2500 (mean, 1 tok)
2026-04-30 14:55:49,923 mme_vla_suite.pseudo_labeling.topreward_qwen_scorer INFO: Prefix 1/8 (end=9, n_frames=4/10): reward=-23.3750 (mean, 1 tok)
2026-04-30 14:55:56,829 mme_vla_suite.pseudo_labeling.topreward_qwen_scorer INFO: Prefix 2/8 (end=20, n_frames=4/21): reward=-22.6250 (mean, 1 tok)
2026-04-30 14:56:03,754 mme_vla_suite.pseudo_labeling.topreward_qwen_scorer INFO: Prefix 3/8 (end=32, n_frames=7/33): reward=-23.5000 (mean, 1 tok)
2026-04-30 14:56:10,680 mme_vla_suite.pseudo_labeling.topreward_qwen_scorer INFO: Prefix 4/8 (end=43, n_frames=9/44): reward=-21.8750 (mean, 1 tok)
2026-04-30 14:56:17,583 mme_vla_suite.pseudo_labeling.topreward_qwen_scorer INFO: Prefix 5/8 (end=55, n_frames=11/56): reward=-22.5000 (mean, 1 tok)
2026-04-30 14:56:24,509 mme_vla_suite.pseudo_labeling.topreward_qwen_scorer INFO: Prefix 6/8 (end=66, n_frames=13/67): reward=-22.3750 (mean, 1 tok)
2026-04-30 14:56:31,501 mme_vla_suite.pseudo_labeling.topreward_qwen_scorer INFO: Prefix 7/8 (end=78, n_frames=16/79): reward=-23.0000 (mean, 1 tok)
2026-04-30 14:56:38,530 mme_vla_suite.pseudo_labeling.topreward_qwen_scorer INFO: Prefix 8/8 (end=90, n_frames=18/91): reward=-19.5000 (mean, 1 tok)
2026-04-30 14:56:46,516 mme_vla_suite.pseudo_labeling.topreward_qwen_scorer INFO: Prefix 1/8 (end=9, n_frames=4/10): reward=-23.3750 (mean, 1 tok)
2026-04-30 14:56:53,476 mme_vla_suite.pseudo_labeling.topreward_qwen_scorer INFO: Prefix 2/8 (end=21, n_frames=4/22): reward=-22.2500 (mean, 1 tok)
2026-04-30 14:57:00,416 mme_vla_suite.pseudo_labeling.topreward_qwen_scorer INFO: Prefix 3/8 (end=33, n_frames=7/34): reward=-23.5000 (mean, 1 tok)
2026-04-30 14:57:07,319 mme_vla_suite.pseudo_labeling.topreward_qwen_scorer INFO: Prefix 4/8 (end=46, n_frames=9/47): reward=-22.3750 (mean, 1 tok)
2026-04-30 14:57:14,199 mme_vla_suite.pseudo_labeling.topreward_qwen_scorer INFO: Prefix 5/8 (end=58, n_frames=12/59): reward=-22.5000 (mean, 1 tok)
2026-04-30 14:57:21,161 mme_vla_suite.pseudo_labeling.topreward_qwen_scorer INFO: Prefix 6/8 (end=71, n_frames=14/72): reward=-22.6250 (mean, 1 tok)
2026-04-30 14:57:28,133 mme_vla_suite.pseudo_labeling.topreward_qwen_scorer INFO: Prefix 7/8 (end=83, n_frames=17/84): reward=-22.8750 (mean, 1 tok)
2026-04-30 14:57:35,163 mme_vla_suite.pseudo_labeling.topreward_qwen_scorer INFO: Prefix 8/8 (end=96, n_frames=19/97): reward=-19.3750 (mean, 1 tok)
2026-04-30 14:57:43,176 mme_vla_suite.pseudo_labeling.topreward_qwen_scorer INFO: Prefix 1/8 (end=11, n_frames=4/12): reward=-22.3750 (mean, 1 tok)
2026-04-30 14:57:50,265 mme_vla_suite.pseudo_labeling.topreward_qwen_scorer INFO: Prefix 2/8 (end=25, n_frames=5/26): reward=-22.2500 (mean, 1 tok)
2026-04-30 14:57:57,259 mme_vla_suite.pseudo_labeling.topreward_qwen_scorer INFO: Prefix 3/8 (end=39, n_frames=8/40): reward=-20.3750 (mean, 1 tok)
2026-04-30 14:58:04,318 mme_vla_suite.pseudo_labeling.topreward_qwen_scorer INFO: Prefix 4/8 (end=53, n_frames=11/54): reward=-19.0000 (mean, 1 tok)
2026-04-30 14:58:11,356 mme_vla_suite.pseudo_labeling.topreward_qwen_scorer INFO: Prefix 5/8 (end=67, n_frames=14/68): reward=-21.2500 (mean, 1 tok)
2026-04-30 14:58:18,441 mme_vla_suite.pseudo_labeling.topreward_qwen_scorer INFO: Prefix 6/8 (end=81, n_frames=16/82): reward=-21.5000 (mean, 1 tok)
2026-04-30 14:58:25,581 mme_vla_suite.pseudo_labeling.topreward_qwen_scorer INFO: Prefix 7/8 (end=95, n_frames=19/96): reward=-18.7500 (mean, 1 tok)
2026-04-30 14:58:32,589 mme_vla_suite.pseudo_labeling.topreward_qwen_scorer INFO: Prefix 8/8 (end=109, n_frames=22/110): reward=-19.6250 (mean, 1 tok)
2026-04-30 14:58:40,729 mme_vla_suite.pseudo_labeling.topreward_qwen_scorer INFO: Prefix 1/8 (end=8, n_frames=4/9): reward=-23.6250 (mean, 1 tok)
2026-04-30 14:58:47,645 mme_vla_suite.pseudo_labeling.topreward_qwen_scorer INFO: Prefix 2/8 (end=18, n_frames=4/19): reward=-23.1250 (mean, 1 tok)
2026-04-30 14:58:54,598 mme_vla_suite.pseudo_labeling.topreward_qwen_scorer INFO: Prefix 3/8 (end=28, n_frames=6/29): reward=-23.1250 (mean, 1 tok)
2026-04-30 14:59:01,501 mme_vla_suite.pseudo_labeling.topreward_qwen_scorer INFO: Prefix 4/8 (end=38, n_frames=8/39): reward=-22.7500 (mean, 1 tok)
2026-04-30 14:59:08,397 mme_vla_suite.pseudo_labeling.topreward_qwen_scorer INFO: Prefix 5/8 (end=48, n_frames=10/49): reward=-21.6250 (mean, 1 tok)
2026-04-30 14:59:15,297 mme_vla_suite.pseudo_labeling.topreward_qwen_scorer INFO: Prefix 6/8 (end=58, n_frames=12/59): reward=-22.0000 (mean, 1 tok)
2026-04-30 14:59:22,158 mme_vla_suite.pseudo_labeling.topreward_qwen_scorer INFO: Prefix 7/8 (end=68, n_frames=14/69): reward=-22.5000 (mean, 1 tok)
2026-04-30 14:59:29,103 mme_vla_suite.pseudo_labeling.topreward_qwen_scorer INFO: Prefix 8/8 (end=79, n_frames=16/80): reward=-18.6250 (mean, 1 tok)
2026-04-30 14:59:37,053 mme_vla_suite.pseudo_labeling.topreward_qwen_scorer INFO: Prefix 1/8 (end=8, n_frames=4/9): reward=-23.6250 (mean, 1 tok)
2026-04-30 14:59:44,007 mme_vla_suite.pseudo_labeling.topreward_qwen_scorer INFO: Prefix 2/8 (end=19, n_frames=4/20): reward=-23.0000 (mean, 1 tok)
2026-04-30 14:59:50,916 mme_vla_suite.pseudo_labeling.topreward_qwen_scorer INFO: Prefix 3/8 (end=30, n_frames=6/31): reward=-22.7500 (mean, 1 tok)
2026-04-30 14:59:57,854 mme_vla_suite.pseudo_labeling.topreward_qwen_scorer INFO: Prefix 4/8 (end=41, n_frames=8/42): reward=-23.0000 (mean, 1 tok)
2026-04-30 15:00:04,776 mme_vla_suite.pseudo_labeling.topreward_qwen_scorer INFO: Prefix 5/8 (end=53, n_frames=11/54): reward=-22.3750 (mean, 1 tok)
2026-04-30 15:00:11,720 mme_vla_suite.pseudo_labeling.topreward_qwen_scorer INFO: Prefix 6/8 (end=64, n_frames=13/65): reward=-22.6250 (mean, 1 tok)
2026-04-30 15:00:18,665 mme_vla_suite.pseudo_labeling.topreward_qwen_scorer INFO: Prefix 7/8 (end=75, n_frames=15/76): reward=-19.2500 (mean, 1 tok)
2026-04-30 15:00:25,653 mme_vla_suite.pseudo_labeling.topreward_qwen_scorer INFO: Prefix 8/8 (end=87, n_frames=18/88): reward=-19.7500 (mean, 1 tok)
2026-04-30 15:00:33,731 mme_vla_suite.pseudo_labeling.topreward_qwen_scorer INFO: Prefix 1/8 (end=11, n_frames=4/12): reward=-22.1250 (mean, 1 tok)
2026-04-30 15:00:40,655 mme_vla_suite.pseudo_labeling.topreward_qwen_scorer INFO: Prefix 2/8 (end=25, n_frames=5/26): reward=-22.3750 (mean, 1 tok)
2026-04-30 15:00:47,603 mme_vla_suite.pseudo_labeling.topreward_qwen_scorer INFO: Prefix 3/8 (end=39, n_frames=8/40): reward=-21.1250 (mean, 1 tok)
2026-04-30 15:00:54,502 mme_vla_suite.pseudo_labeling.topreward_qwen_scorer INFO: Prefix 4/8 (end=53, n_frames=11/54): reward=-18.8750 (mean, 1 tok)
2026-04-30 15:01:01,425 mme_vla_suite.pseudo_labeling.topreward_qwen_scorer INFO: Prefix 5/8 (end=68, n_frames=14/69): reward=-18.2500 (mean, 1 tok)
2026-04-30 15:01:08,383 mme_vla_suite.pseudo_labeling.topreward_qwen_scorer INFO: Prefix 6/8 (end=82, n_frames=17/83): reward=-18.8750 (mean, 1 tok)
2026-04-30 15:01:15,411 mme_vla_suite.pseudo_labeling.topreward_qwen_scorer INFO: Prefix 7/8 (end=96, n_frames=19/97): reward=-18.2500 (mean, 1 tok)
2026-04-30 15:01:22,450 mme_vla_suite.pseudo_labeling.topreward_qwen_scorer INFO: Prefix 8/8 (end=111, n_frames=22/112): reward=-19.1250 (mean, 1 tok)
2026-04-30 15:01:30,762 mme_vla_suite.pseudo_labeling.topreward_qwen_scorer INFO: Prefix 1/8 (end=9, n_frames=4/10): reward=-22.7500 (mean, 1 tok)
2026-04-30 15:01:37,681 mme_vla_suite.pseudo_labeling.topreward_qwen_scorer INFO: Prefix 2/8 (end=20, n_frames=4/21): reward=-22.2500 (mean, 1 tok)
2026-04-30 15:01:44,646 mme_vla_suite.pseudo_labeling.topreward_qwen_scorer INFO: Prefix 3/8 (end=32, n_frames=7/33): reward=-21.2500 (mean, 1 tok)
2026-04-30 15:01:51,614 mme_vla_suite.pseudo_labeling.topreward_qwen_scorer INFO: Prefix 4/8 (end=43, n_frames=9/44): reward=-21.2500 (mean, 1 tok)
2026-04-30 15:01:58,586 mme_vla_suite.pseudo_labeling.topreward_qwen_scorer INFO: Prefix 5/8 (end=55, n_frames=11/56): reward=-21.2500 (mean, 1 tok)
2026-04-30 15:02:05,539 mme_vla_suite.pseudo_labeling.topreward_qwen_scorer INFO: Prefix 6/8 (end=66, n_frames=13/67): reward=-21.3750 (mean, 1 tok)
2026-04-30 15:02:12,539 mme_vla_suite.pseudo_labeling.topreward_qwen_scorer INFO: Prefix 7/8 (end=78, n_frames=16/79): reward=-21.0000 (mean, 1 tok)
2026-04-30 15:02:19,527 mme_vla_suite.pseudo_labeling.topreward_qwen_scorer INFO: Prefix 8/8 (end=90, n_frames=18/91): reward=-18.8750 (mean, 1 tok)
2026-04-30 15:02:27,048 mme_vla_suite.pseudo_labeling.topreward_qwen_scorer INFO: Prefix 1/8 (end=9, n_frames=4/10): reward=-22.7500 (mean, 1 tok)
2026-04-30 15:02:33,892 mme_vla_suite.pseudo_labeling.topreward_qwen_scorer INFO: Prefix 2/8 (end=21, n_frames=4/22): reward=-22.2500 (mean, 1 tok)
2026-04-30 15:02:40,865 mme_vla_suite.pseudo_labeling.topreward_qwen_scorer INFO: Prefix 3/8 (end=34, n_frames=7/35): reward=-21.8750 (mean, 1 tok)
2026-04-30 15:02:47,799 mme_vla_suite.pseudo_labeling.topreward_qwen_scorer INFO: Prefix 4/8 (end=46, n_frames=9/47): reward=-21.3750 (mean, 1 tok)
2026-04-30 15:02:54,718 mme_vla_suite.pseudo_labeling.topreward_qwen_scorer INFO: Prefix 5/8 (end=59, n_frames=12/60): reward=-20.7500 (mean, 1 tok)
2026-04-30 15:03:01,644 mme_vla_suite.pseudo_labeling.topreward_qwen_scorer INFO: Prefix 6/8 (end=71, n_frames=14/72): reward=-21.3750 (mean, 1 tok)
2026-04-30 15:03:08,661 mme_vla_suite.pseudo_labeling.topreward_qwen_scorer INFO: Prefix 7/8 (end=84, n_frames=17/85): reward=-20.6250 (mean, 1 tok)
2026-04-30 15:03:15,716 mme_vla_suite.pseudo_labeling.topreward_qwen_scorer INFO: Prefix 8/8 (end=97, n_frames=20/98): reward=-18.5000 (mean, 1 tok)
2026-04-30 15:03:23,603 mme_vla_suite.pseudo_labeling.topreward_qwen_scorer INFO: Prefix 1/8 (end=11, n_frames=4/12): reward=-21.1250 (mean, 1 tok)
2026-04-30 15:03:30,530 mme_vla_suite.pseudo_labeling.topreward_qwen_scorer INFO: Prefix 2/8 (end=25, n_frames=5/26): reward=-21.1250 (mean, 1 tok)
2026-04-30 15:03:37,473 mme_vla_suite.pseudo_labeling.topreward_qwen_scorer INFO: Prefix 3/8 (end=39, n_frames=8/40): reward=-20.5000 (mean, 1 tok)
2026-04-30 15:03:44,426 mme_vla_suite.pseudo_labeling.topreward_qwen_scorer INFO: Prefix 4/8 (end=53, n_frames=11/54): reward=-18.5000 (mean, 1 tok)
2026-04-30 15:03:51,340 mme_vla_suite.pseudo_labeling.topreward_qwen_scorer INFO: Prefix 5/8 (end=67, n_frames=14/68): reward=-18.3750 (mean, 1 tok)
2026-04-30 15:03:58,324 mme_vla_suite.pseudo_labeling.topreward_qwen_scorer INFO: Prefix 6/8 (end=81, n_frames=16/82): reward=-19.8750 (mean, 1 tok)
2026-04-30 15:04:05,342 mme_vla_suite.pseudo_labeling.topreward_qwen_scorer INFO: Prefix 7/8 (end=95, n_frames=19/96): reward=-17.7500 (mean, 1 tok)
2026-04-30 15:04:12,382 mme_vla_suite.pseudo_labeling.topreward_qwen_scorer INFO: Prefix 8/8 (end=110, n_frames=22/111): reward=-18.0000 (mean, 1 tok)
2026-04-30 15:04:20,556 mme_vla_suite.pseudo_labeling.topreward_qwen_scorer INFO: Prefix 1/8 (end=10, n_frames=4/11): reward=-22.7500 (mean, 1 tok)
2026-04-30 15:04:27,435 mme_vla_suite.pseudo_labeling.topreward_qwen_scorer INFO: Prefix 2/8 (end=23, n_frames=5/24): reward=-22.3750 (mean, 1 tok)
2026-04-30 15:04:34,394 mme_vla_suite.pseudo_labeling.topreward_qwen_scorer INFO: Prefix 3/8 (end=37, n_frames=8/38): reward=-22.6250 (mean, 1 tok)
2026-04-30 15:04:41,362 mme_vla_suite.pseudo_labeling.topreward_qwen_scorer INFO: Prefix 4/8 (end=51, n_frames=10/52): reward=-21.8750 (mean, 1 tok)
2026-04-30 15:04:48,314 mme_vla_suite.pseudo_labeling.topreward_qwen_scorer INFO: Prefix 5/8 (end=64, n_frames=13/65): reward=-21.8750 (mean, 1 tok)
2026-04-30 15:04:55,296 mme_vla_suite.pseudo_labeling.topreward_qwen_scorer INFO: Prefix 6/8 (end=78, n_frames=16/79): reward=-21.7500 (mean, 1 tok)
2026-04-30 15:05:02,316 mme_vla_suite.pseudo_labeling.topreward_qwen_scorer INFO: Prefix 7/8 (end=92, n_frames=19/93): reward=-21.8750 (mean, 1 tok)
2026-04-30 15:05:09,330 mme_vla_suite.pseudo_labeling.topreward_qwen_scorer INFO: Prefix 8/8 (end=106, n_frames=21/107): reward=-18.1250 (mean, 1 tok)
2026-04-30 15:05:16,941 mme_vla_suite.pseudo_labeling.topreward_qwen_scorer INFO: Prefix 1/8 (end=11, n_frames=4/12): reward=-22.7500 (mean, 1 tok)
2026-04-30 15:05:23,836 mme_vla_suite.pseudo_labeling.topreward_qwen_scorer INFO: Prefix 2/8 (end=26, n_frames=5/27): reward=-22.5000 (mean, 1 tok)
2026-04-30 15:05:30,740 mme_vla_suite.pseudo_labeling.topreward_qwen_scorer INFO: Prefix 3/8 (end=41, n_frames=8/42): reward=-22.2500 (mean, 1 tok)
2026-04-30 15:05:37,676 mme_vla_suite.pseudo_labeling.topreward_qwen_scorer INFO: Prefix 4/8 (end=56, n_frames=11/57): reward=-21.2500 (mean, 1 tok)
2026-04-30 15:05:44,619 mme_vla_suite.pseudo_labeling.topreward_qwen_scorer INFO: Prefix 5/8 (end=72, n_frames=15/73): reward=-21.2500 (mean, 1 tok)
2026-04-30 15:05:51,576 mme_vla_suite.pseudo_labeling.topreward_qwen_scorer INFO: Prefix 6/8 (end=87, n_frames=18/88): reward=-21.5000 (mean, 1 tok)
2026-04-30 15:05:58,587 mme_vla_suite.pseudo_labeling.topreward_qwen_scorer INFO: Prefix 7/8 (end=102, n_frames=21/103): reward=-17.5000 (mean, 1 tok)
2026-04-30 15:06:05,637 mme_vla_suite.pseudo_labeling.topreward_qwen_scorer INFO: Prefix 8/8 (end=118, n_frames=24/119): reward=-18.1250 (mean, 1 tok)
2026-04-30 15:06:13,557 mme_vla_suite.pseudo_labeling.topreward_qwen_scorer INFO: Prefix 1/8 (end=12, n_frames=4/13): reward=-20.7500 (mean, 1 tok)
2026-04-30 15:06:20,441 mme_vla_suite.pseudo_labeling.topreward_qwen_scorer INFO: Prefix 2/8 (end=27, n_frames=6/28): reward=-20.7500 (mean, 1 tok)
2026-04-30 15:06:27,319 mme_vla_suite.pseudo_labeling.topreward_qwen_scorer INFO: Prefix 3/8 (end=42, n_frames=9/43): reward=-21.0000 (mean, 1 tok)
2026-04-30 15:06:34,211 mme_vla_suite.pseudo_labeling.topreward_qwen_scorer INFO: Prefix 4/8 (end=58, n_frames=12/59): reward=-20.3750 (mean, 1 tok)
2026-04-30 15:06:41,159 mme_vla_suite.pseudo_labeling.topreward_qwen_scorer INFO: Prefix 5/8 (end=73, n_frames=15/74): reward=-21.1250 (mean, 1 tok)
2026-04-30 15:06:48,277 mme_vla_suite.pseudo_labeling.topreward_qwen_scorer INFO: Prefix 6/8 (end=89, n_frames=18/90): reward=-20.3750 (mean, 1 tok)
2026-04-30 15:06:55,325 mme_vla_suite.pseudo_labeling.topreward_qwen_scorer INFO: Prefix 7/8 (end=104, n_frames=21/105): reward=-19.0000 (mean, 1 tok)
2026-04-30 15:07:02,370 mme_vla_suite.pseudo_labeling.topreward_qwen_scorer INFO: Prefix 8/8 (end=120, n_frames=24/121): reward=-18.6250 (mean, 1 tok)
2026-04-30 15:07:10,319 mme_vla_suite.pseudo_labeling.topreward_qwen_scorer INFO: Prefix 1/8 (end=10, n_frames=4/11): reward=-22.7500 (mean, 1 tok)
2026-04-30 15:07:17,242 mme_vla_suite.pseudo_labeling.topreward_qwen_scorer INFO: Prefix 2/8 (end=22, n_frames=5/23): reward=-22.5000 (mean, 1 tok)
2026-04-30 15:07:24,158 mme_vla_suite.pseudo_labeling.topreward_qwen_scorer INFO: Prefix 3/8 (end=35, n_frames=7/36): reward=-22.7500 (mean, 1 tok)
2026-04-30 15:07:31,096 mme_vla_suite.pseudo_labeling.topreward_qwen_scorer INFO: Prefix 4/8 (end=48, n_frames=10/49): reward=-22.2500 (mean, 1 tok)
2026-04-30 15:07:38,024 mme_vla_suite.pseudo_labeling.topreward_qwen_scorer INFO: Prefix 5/8 (end=60, n_frames=12/61): reward=-21.6250 (mean, 1 tok)
2026-04-30 15:07:45,020 mme_vla_suite.pseudo_labeling.topreward_qwen_scorer INFO: Prefix 6/8 (end=73, n_frames=15/74): reward=-21.2500 (mean, 1 tok)
2026-04-30 15:07:52,032 mme_vla_suite.pseudo_labeling.topreward_qwen_scorer INFO: Prefix 7/8 (end=86, n_frames=17/87): reward=-18.2500 (mean, 1 tok)
2026-04-30 15:07:59,020 mme_vla_suite.pseudo_labeling.topreward_qwen_scorer INFO: Prefix 8/8 (end=99, n_frames=20/100): reward=-18.3750 (mean, 1 tok)
2026-04-30 15:08:06,908 mme_vla_suite.pseudo_labeling.topreward_qwen_scorer INFO: Prefix 1/8 (end=5, n_frames=4/6): reward=-19.5000 (mean, 1 tok)
2026-04-30 15:08:13,809 mme_vla_suite.pseudo_labeling.topreward_qwen_scorer INFO: Prefix 2/8 (end=11, n_frames=4/12): reward=-19.8750 (mean, 1 tok)
2026-04-30 15:08:20,682 mme_vla_suite.pseudo_labeling.topreward_qwen_scorer INFO: Prefix 3/8 (end=17, n_frames=4/18): reward=-19.7500 (mean, 1 tok)
2026-04-30 15:08:27,547 mme_vla_suite.pseudo_labeling.topreward_qwen_scorer INFO: Prefix 4/8 (end=23, n_frames=5/24): reward=-19.8750 (mean, 1 tok)
2026-04-30 15:08:34,417 mme_vla_suite.pseudo_labeling.topreward_qwen_scorer INFO: Prefix 5/8 (end=30, n_frames=6/31): reward=-19.8750 (mean, 1 tok)
2026-04-30 15:08:41,333 mme_vla_suite.pseudo_labeling.topreward_qwen_scorer INFO: Prefix 6/8 (end=36, n_frames=7/37): reward=-19.5000 (mean, 1 tok)
2026-04-30 15:08:48,247 mme_vla_suite.pseudo_labeling.topreward_qwen_scorer INFO: Prefix 7/8 (end=42, n_frames=9/43): reward=-18.3750 (mean, 1 tok)
2026-04-30 15:08:55,104 mme_vla_suite.pseudo_labeling.topreward_qwen_scorer INFO: Prefix 8/8 (end=49, n_frames=10/50): reward=-19.0000 (mean, 1 tok)
2026-04-30 15:09:03,190 mme_vla_suite.pseudo_labeling.topreward_qwen_scorer INFO: Prefix 1/8 (end=9, n_frames=4/10): reward=-24.0000 (mean, 1 tok)
2026-04-30 15:09:10,059 mme_vla_suite.pseudo_labeling.topreward_qwen_scorer INFO: Prefix 2/8 (end=21, n_frames=4/22): reward=-22.8750 (mean, 1 tok)
2026-04-30 15:09:16,967 mme_vla_suite.pseudo_labeling.topreward_qwen_scorer INFO: Prefix 3/8 (end=34, n_frames=7/35): reward=-23.5000 (mean, 1 tok)
2026-04-30 15:09:23,851 mme_vla_suite.pseudo_labeling.topreward_qwen_scorer INFO: Prefix 4/8 (end=46, n_frames=9/47): reward=-23.3750 (mean, 1 tok)
2026-04-30 15:09:30,779 mme_vla_suite.pseudo_labeling.topreward_qwen_scorer INFO: Prefix 5/8 (end=59, n_frames=12/60): reward=-22.3750 (mean, 1 tok)
2026-04-30 15:09:37,705 mme_vla_suite.pseudo_labeling.topreward_qwen_scorer INFO: Prefix 6/8 (end=71, n_frames=14/72): reward=-23.2500 (mean, 1 tok)
2026-04-30 15:09:44,685 mme_vla_suite.pseudo_labeling.topreward_qwen_scorer INFO: Prefix 7/8 (end=84, n_frames=17/85): reward=-23.8750 (mean, 1 tok)
2026-04-30 15:09:51,684 mme_vla_suite.pseudo_labeling.topreward_qwen_scorer INFO: Prefix 8/8 (end=97, n_frames=20/98): reward=-20.7500 (mean, 1 tok)
2026-04-30 15:09:59,648 mme_vla_suite.pseudo_labeling.topreward_qwen_scorer INFO: Prefix 1/8 (end=10, n_frames=4/11): reward=-23.7500 (mean, 1 tok)
2026-04-30 15:10:06,555 mme_vla_suite.pseudo_labeling.topreward_qwen_scorer INFO: Prefix 2/8 (end=23, n_frames=5/24): reward=-23.5000 (mean, 1 tok)
2026-04-30 15:10:13,449 mme_vla_suite.pseudo_labeling.topreward_qwen_scorer INFO: Prefix 3/8 (end=36, n_frames=7/37): reward=-23.7500 (mean, 1 tok)
2026-04-30 15:10:20,360 mme_vla_suite.pseudo_labeling.topreward_qwen_scorer INFO: Prefix 4/8 (end=49, n_frames=10/50): reward=-23.2500 (mean, 1 tok)
2026-04-30 15:10:27,280 mme_vla_suite.pseudo_labeling.topreward_qwen_scorer INFO: Prefix 5/8 (end=63, n_frames=13/64): reward=-23.0000 (mean, 1 tok)
2026-04-30 15:10:34,218 mme_vla_suite.pseudo_labeling.topreward_qwen_scorer INFO: Prefix 6/8 (end=76, n_frames=15/77): reward=-23.8750 (mean, 1 tok)
2026-04-30 15:10:41,176 mme_vla_suite.pseudo_labeling.topreward_qwen_scorer INFO: Prefix 7/8 (end=89, n_frames=18/90): reward=-23.7500 (mean, 1 tok)
2026-04-30 15:10:48,183 mme_vla_suite.pseudo_labeling.topreward_qwen_scorer INFO: Prefix 8/8 (end=103, n_frames=21/104): reward=-20.2500 (mean, 1 tok)
2026-04-30 15:10:56,255 mme_vla_suite.pseudo_labeling.topreward_qwen_scorer INFO: Prefix 1/8 (end=11, n_frames=4/12): reward=-22.3750 (mean, 1 tok)
2026-04-30 15:11:03,183 mme_vla_suite.pseudo_labeling.topreward_qwen_scorer INFO: Prefix 2/8 (end=25, n_frames=5/26): reward=-22.5000 (mean, 1 tok)
2026-04-30 15:11:10,117 mme_vla_suite.pseudo_labeling.topreward_qwen_scorer INFO: Prefix 3/8 (end=39, n_frames=8/40): reward=-21.6250 (mean, 1 tok)
2026-04-30 15:11:17,052 mme_vla_suite.pseudo_labeling.topreward_qwen_scorer INFO: Prefix 4/8 (end=53, n_frames=11/54): reward=-21.6250 (mean, 1 tok)
2026-04-30 15:11:23,995 mme_vla_suite.pseudo_labeling.topreward_qwen_scorer INFO: Prefix 5/8 (end=67, n_frames=14/68): reward=-21.8750 (mean, 1 tok)
2026-04-30 15:11:30,972 mme_vla_suite.pseudo_labeling.topreward_qwen_scorer INFO: Prefix 6/8 (end=81, n_frames=16/82): reward=-22.5000 (mean, 1 tok)
2026-04-30 15:11:37,982 mme_vla_suite.pseudo_labeling.topreward_qwen_scorer INFO: Prefix 7/8 (end=95, n_frames=19/96): reward=-19.0000 (mean, 1 tok)
2026-04-30 15:11:45,013 mme_vla_suite.pseudo_labeling.topreward_qwen_scorer INFO: Prefix 8/8 (end=109, n_frames=22/110): reward=-17.3750 (mean, 1 tok)
2026-04-30 15:11:52,779 mme_vla_suite.pseudo_labeling.topreward_qwen_scorer INFO: Prefix 1/8 (end=12, n_frames=4/13): reward=-22.6250 (mean, 1 tok)
2026-04-30 15:11:59,667 mme_vla_suite.pseudo_labeling.topreward_qwen_scorer INFO: Prefix 2/8 (end=27, n_frames=6/28): reward=-22.1250 (mean, 1 tok)
2026-04-30 15:12:06,562 mme_vla_suite.pseudo_labeling.topreward_qwen_scorer INFO: Prefix 3/8 (end=43, n_frames=9/44): reward=-19.8750 (mean, 1 tok)
2026-04-30 15:12:13,453 mme_vla_suite.pseudo_labeling.topreward_qwen_scorer INFO: Prefix 4/8 (end=59, n_frames=12/60): reward=-20.6250 (mean, 1 tok)
2026-04-30 15:12:20,418 mme_vla_suite.pseudo_labeling.topreward_qwen_scorer INFO: Prefix 5/8 (end=74, n_frames=15/75): reward=-21.3750 (mean, 1 tok)
2026-04-30 15:12:27,397 mme_vla_suite.pseudo_labeling.topreward_qwen_scorer INFO: Prefix 6/8 (end=90, n_frames=18/91): reward=-21.2500 (mean, 1 tok)
2026-04-30 15:12:34,385 mme_vla_suite.pseudo_labeling.topreward_qwen_scorer INFO: Prefix 7/8 (end=106, n_frames=21/107): reward=-20.8750 (mean, 1 tok)
2026-04-30 15:12:41,517 mme_vla_suite.pseudo_labeling.topreward_qwen_scorer INFO: Prefix 8/8 (end=122, n_frames=25/123): reward=-18.5000 (mean, 1 tok)
2026-04-30 15:12:49,464 mme_vla_suite.pseudo_labeling.topreward_qwen_scorer INFO: Prefix 1/8 (end=13, n_frames=4/14): reward=-22.3750 (mean, 1 tok)
2026-04-30 15:12:56,390 mme_vla_suite.pseudo_labeling.topreward_qwen_scorer INFO: Prefix 2/8 (end=30, n_frames=6/31): reward=-19.5000 (mean, 1 tok)
2026-04-30 15:13:03,361 mme_vla_suite.pseudo_labeling.topreward_qwen_scorer INFO: Prefix 3/8 (end=47, n_frames=10/48): reward=-20.1250 (mean, 1 tok)
2026-04-30 15:13:10,273 mme_vla_suite.pseudo_labeling.topreward_qwen_scorer INFO: Prefix 4/8 (end=64, n_frames=13/65): reward=-21.1250 (mean, 1 tok)
2026-04-30 15:13:17,250 mme_vla_suite.pseudo_labeling.topreward_qwen_scorer INFO: Prefix 5/8 (end=81, n_frames=16/82): reward=-21.7500 (mean, 1 tok)
2026-04-30 15:13:24,279 mme_vla_suite.pseudo_labeling.topreward_qwen_scorer INFO: Prefix 6/8 (end=98, n_frames=20/99): reward=-20.3750 (mean, 1 tok)
2026-04-30 15:13:31,336 mme_vla_suite.pseudo_labeling.topreward_qwen_scorer INFO: Prefix 7/8 (end=115, n_frames=23/116): reward=-22.7500 (mean, 1 tok)
2026-04-30 15:13:38,439 mme_vla_suite.pseudo_labeling.topreward_qwen_scorer INFO: Prefix 8/8 (end=133, n_frames=27/134): reward=-19.1250 (mean, 1 tok)
2026-04-30 15:13:46,466 mme_vla_suite.pseudo_labeling.topreward_qwen_scorer INFO: Prefix 1/8 (end=11, n_frames=4/12): reward=-21.8750 (mean, 1 tok)
2026-04-30 15:13:53,366 mme_vla_suite.pseudo_labeling.topreward_qwen_scorer INFO: Prefix 2/8 (end=25, n_frames=5/26): reward=-22.2500 (mean, 1 tok)
2026-04-30 15:14:00,240 mme_vla_suite.pseudo_labeling.topreward_qwen_scorer INFO: Prefix 3/8 (end=40, n_frames=8/41): reward=-20.6250 (mean, 1 tok)
2026-04-30 15:14:07,119 mme_vla_suite.pseudo_labeling.topreward_qwen_scorer INFO: Prefix 4/8 (end=54, n_frames=11/55): reward=-19.0000 (mean, 1 tok)
2026-04-30 15:14:14,046 mme_vla_suite.pseudo_labeling.topreward_qwen_scorer INFO: Prefix 5/8 (end=69, n_frames=14/70): reward=-19.1250 (mean, 1 tok)
2026-04-30 15:14:21,013 mme_vla_suite.pseudo_labeling.topreward_qwen_scorer INFO: Prefix 6/8 (end=83, n_frames=17/84): reward=-18.7500 (mean, 1 tok)
2026-04-30 15:14:28,053 mme_vla_suite.pseudo_labeling.topreward_qwen_scorer INFO: Prefix 7/8 (end=98, n_frames=20/99): reward=-18.3750 (mean, 1 tok)
2026-04-30 15:14:35,083 mme_vla_suite.pseudo_labeling.topreward_qwen_scorer INFO: Prefix 8/8 (end=113, n_frames=23/114): reward=-18.0000 (mean, 1 tok)
2026-04-30 15:14:42,989 mme_vla_suite.pseudo_labeling.topreward_qwen_scorer INFO: Prefix 1/8 (end=9, n_frames=4/10): reward=-23.3750 (mean, 1 tok)
2026-04-30 15:14:49,888 mme_vla_suite.pseudo_labeling.topreward_qwen_scorer INFO: Prefix 2/8 (end=21, n_frames=4/22): reward=-22.8750 (mean, 1 tok)
2026-04-30 15:14:56,824 mme_vla_suite.pseudo_labeling.topreward_qwen_scorer INFO: Prefix 3/8 (end=33, n_frames=7/34): reward=-23.1250 (mean, 1 tok)
2026-04-30 15:15:03,774 mme_vla_suite.pseudo_labeling.topreward_qwen_scorer INFO: Prefix 4/8 (end=45, n_frames=9/46): reward=-21.7500 (mean, 1 tok)
2026-04-30 15:15:10,728 mme_vla_suite.pseudo_labeling.topreward_qwen_scorer INFO: Prefix 5/8 (end=57, n_frames=12/58): reward=-22.0000 (mean, 1 tok)
2026-04-30 15:15:17,730 mme_vla_suite.pseudo_labeling.topreward_qwen_scorer INFO: Prefix 6/8 (end=69, n_frames=14/70): reward=-22.3750 (mean, 1 tok)
2026-04-30 15:15:24,707 mme_vla_suite.pseudo_labeling.topreward_qwen_scorer INFO: Prefix 7/8 (end=81, n_frames=16/82): reward=-23.3750 (mean, 1 tok)
2026-04-30 15:15:31,717 mme_vla_suite.pseudo_labeling.topreward_qwen_scorer INFO: Prefix 8/8 (end=93, n_frames=19/94): reward=-18.6250 (mean, 1 tok)
2026-04-30 15:15:39,537 mme_vla_suite.pseudo_labeling.topreward_qwen_scorer INFO: Prefix 1/8 (end=10, n_frames=4/11): reward=-23.2500 (mean, 1 tok)
2026-04-30 15:15:46,418 mme_vla_suite.pseudo_labeling.topreward_qwen_scorer INFO: Prefix 2/8 (end=22, n_frames=5/23): reward=-23.1250 (mean, 1 tok)
2026-04-30 15:15:53,353 mme_vla_suite.pseudo_labeling.topreward_qwen_scorer INFO: Prefix 3/8 (end=35, n_frames=7/36): reward=-22.6250 (mean, 1 tok)
2026-04-30 15:16:00,277 mme_vla_suite.pseudo_labeling.topreward_qwen_scorer INFO: Prefix 4/8 (end=48, n_frames=10/49): reward=-21.8750 (mean, 1 tok)
2026-04-30 15:16:07,229 mme_vla_suite.pseudo_labeling.topreward_qwen_scorer INFO: Prefix 5/8 (end=61, n_frames=12/62): reward=-22.6250 (mean, 1 tok)
2026-04-30 15:16:14,173 mme_vla_suite.pseudo_labeling.topreward_qwen_scorer INFO: Prefix 6/8 (end=74, n_frames=15/75): reward=-22.2500 (mean, 1 tok)
2026-04-30 15:16:21,159 mme_vla_suite.pseudo_labeling.topreward_qwen_scorer INFO: Prefix 7/8 (end=87, n_frames=18/88): reward=-22.7500 (mean, 1 tok)
2026-04-30 15:16:28,103 mme_vla_suite.pseudo_labeling.topreward_qwen_scorer INFO: Prefix 8/8 (end=100, n_frames=20/101): reward=-19.1250 (mean, 1 tok)
2026-04-30 15:16:35,998 mme_vla_suite.pseudo_labeling.topreward_qwen_scorer INFO: Prefix 1/8 (end=12, n_frames=4/13): reward=-22.0000 (mean, 1 tok)
2026-04-30 15:16:42,896 mme_vla_suite.pseudo_labeling.topreward_qwen_scorer INFO: Prefix 2/8 (end=27, n_frames=6/28): reward=-22.0000 (mean, 1 tok)
2026-04-30 15:16:49,818 mme_vla_suite.pseudo_labeling.topreward_qwen_scorer INFO: Prefix 3/8 (end=42, n_frames=9/43): reward=-19.3750 (mean, 1 tok)
2026-04-30 15:16:56,756 mme_vla_suite.pseudo_labeling.topreward_qwen_scorer INFO: Prefix 4/8 (end=57, n_frames=12/58): reward=-20.8750 (mean, 1 tok)
2026-04-30 15:17:03,736 mme_vla_suite.pseudo_labeling.topreward_qwen_scorer INFO: Prefix 5/8 (end=73, n_frames=15/74): reward=-20.1250 (mean, 1 tok)
2026-04-30 15:17:10,726 mme_vla_suite.pseudo_labeling.topreward_qwen_scorer INFO: Prefix 6/8 (end=88, n_frames=18/89): reward=-21.7500 (mean, 1 tok)
2026-04-30 15:17:17,694 mme_vla_suite.pseudo_labeling.topreward_qwen_scorer INFO: Prefix 7/8 (end=103, n_frames=21/104): reward=-17.3750 (mean, 1 tok)
2026-04-30 15:17:24,723 mme_vla_suite.pseudo_labeling.topreward_qwen_scorer INFO: Prefix 8/8 (end=119, n_frames=24/120): reward=-17.6250 (mean, 1 tok)
2026-04-30 15:17:33,016 mme_vla_suite.pseudo_labeling.topreward_qwen_scorer INFO: Prefix 1/8 (end=10, n_frames=4/11): reward=-22.3750 (mean, 1 tok)
2026-04-30 15:17:39,923 mme_vla_suite.pseudo_labeling.topreward_qwen_scorer INFO: Prefix 2/8 (end=23, n_frames=5/24): reward=-22.1250 (mean, 1 tok)
2026-04-30 15:17:46,850 mme_vla_suite.pseudo_labeling.topreward_qwen_scorer INFO: Prefix 3/8 (end=36, n_frames=7/37): reward=-21.5000 (mean, 1 tok)
2026-04-30 15:17:53,774 mme_vla_suite.pseudo_labeling.topreward_qwen_scorer INFO: Prefix 4/8 (end=50, n_frames=10/51): reward=-20.5000 (mean, 1 tok)
2026-04-30 15:18:00,697 mme_vla_suite.pseudo_labeling.topreward_qwen_scorer INFO: Prefix 5/8 (end=63, n_frames=13/64): reward=-21.8750 (mean, 1 tok)
2026-04-30 15:18:07,660 mme_vla_suite.pseudo_labeling.topreward_qwen_scorer INFO: Prefix 6/8 (end=77, n_frames=16/78): reward=-21.5000 (mean, 1 tok)
2026-04-30 15:18:14,611 mme_vla_suite.pseudo_labeling.topreward_qwen_scorer INFO: Prefix 7/8 (end=90, n_frames=18/91): reward=-20.3750 (mean, 1 tok)
2026-04-30 15:18:21,582 mme_vla_suite.pseudo_labeling.topreward_qwen_scorer INFO: Prefix 8/8 (end=104, n_frames=21/105): reward=-19.2500 (mean, 1 tok)
2026-04-30 15:18:29,620 mme_vla_suite.pseudo_labeling.topreward_qwen_scorer INFO: Prefix 1/8 (end=11, n_frames=4/12): reward=-23.0000 (mean, 1 tok)
2026-04-30 15:18:36,528 mme_vla_suite.pseudo_labeling.topreward_qwen_scorer INFO: Prefix 2/8 (end=25, n_frames=5/26): reward=-21.8750 (mean, 1 tok)
2026-04-30 15:18:43,427 mme_vla_suite.pseudo_labeling.topreward_qwen_scorer INFO: Prefix 3/8 (end=40, n_frames=8/41): reward=-21.6250 (mean, 1 tok)
2026-04-30 15:18:50,385 mme_vla_suite.pseudo_labeling.topreward_qwen_scorer INFO: Prefix 4/8 (end=54, n_frames=11/55): reward=-21.8750 (mean, 1 tok)
2026-04-30 15:18:57,290 mme_vla_suite.pseudo_labeling.topreward_qwen_scorer INFO: Prefix 5/8 (end=69, n_frames=14/70): reward=-21.3750 (mean, 1 tok)
2026-04-30 15:19:04,200 mme_vla_suite.pseudo_labeling.topreward_qwen_scorer INFO: Prefix 6/8 (end=83, n_frames=17/84): reward=-20.3750 (mean, 1 tok)
2026-04-30 15:19:11,098 mme_vla_suite.pseudo_labeling.topreward_qwen_scorer INFO: Prefix 7/8 (end=98, n_frames=20/99): reward=-20.6250 (mean, 1 tok)
2026-04-30 15:19:18,129 mme_vla_suite.pseudo_labeling.topreward_qwen_scorer INFO: Prefix 8/8 (end=113, n_frames=23/114): reward=-18.2500 (mean, 1 tok)
2026-04-30 15:19:25,993 mme_vla_suite.pseudo_labeling.topreward_qwen_scorer INFO: Prefix 1/8 (end=11, n_frames=4/12): reward=-22.3750 (mean, 1 tok)
2026-04-30 15:19:32,904 mme_vla_suite.pseudo_labeling.topreward_qwen_scorer INFO: Prefix 2/8 (end=26, n_frames=5/27): reward=-22.8750 (mean, 1 tok)
2026-04-30 15:19:39,812 mme_vla_suite.pseudo_labeling.topreward_qwen_scorer INFO: Prefix 3/8 (end=41, n_frames=8/42): reward=-21.7500 (mean, 1 tok)
2026-04-30 15:19:46,721 mme_vla_suite.pseudo_labeling.topreward_qwen_scorer INFO: Prefix 4/8 (end=56, n_frames=11/57): reward=-20.7500 (mean, 1 tok)
2026-04-30 15:19:53,695 mme_vla_suite.pseudo_labeling.topreward_qwen_scorer INFO: Prefix 5/8 (end=71, n_frames=14/72): reward=-20.5000 (mean, 1 tok)
2026-04-30 15:20:00,854 mme_vla_suite.pseudo_labeling.topreward_qwen_scorer INFO: Prefix 6/8 (end=86, n_frames=17/87): reward=-20.7500 (mean, 1 tok)
2026-04-30 15:20:07,901 mme_vla_suite.pseudo_labeling.topreward_qwen_scorer INFO: Prefix 7/8 (end=101, n_frames=20/102): reward=-18.8750 (mean, 1 tok)
2026-04-30 15:20:14,923 mme_vla_suite.pseudo_labeling.topreward_qwen_scorer INFO: Prefix 8/8 (end=116, n_frames=23/117): reward=-19.3750 (mean, 1 tok)
2026-04-30 15:20:22,892 mme_vla_suite.pseudo_labeling.topreward_qwen_scorer INFO: Prefix 1/8 (end=10, n_frames=4/11): reward=-23.1250 (mean, 1 tok)
2026-04-30 15:20:29,794 mme_vla_suite.pseudo_labeling.topreward_qwen_scorer INFO: Prefix 2/8 (end=23, n_frames=5/24): reward=-22.5000 (mean, 1 tok)
2026-04-30 15:20:36,678 mme_vla_suite.pseudo_labeling.topreward_qwen_scorer INFO: Prefix 3/8 (end=36, n_frames=7/37): reward=-23.3750 (mean, 1 tok)
2026-04-30 15:20:43,569 mme_vla_suite.pseudo_labeling.topreward_qwen_scorer INFO: Prefix 4/8 (end=49, n_frames=10/50): reward=-22.5000 (mean, 1 tok)
2026-04-30 15:20:50,474 mme_vla_suite.pseudo_labeling.topreward_qwen_scorer INFO: Prefix 5/8 (end=62, n_frames=13/63): reward=-22.6250 (mean, 1 tok)
2026-04-30 15:20:57,438 mme_vla_suite.pseudo_labeling.topreward_qwen_scorer INFO: Prefix 6/8 (end=75, n_frames=15/76): reward=-21.1250 (mean, 1 tok)
2026-04-30 15:21:04,436 mme_vla_suite.pseudo_labeling.topreward_qwen_scorer INFO: Prefix 7/8 (end=88, n_frames=18/89): reward=-19.3750 (mean, 1 tok)
2026-04-30 15:21:11,464 mme_vla_suite.pseudo_labeling.topreward_qwen_scorer INFO: Prefix 8/8 (end=101, n_frames=20/102): reward=-18.6250 (mean, 1 tok)
2026-04-30 15:21:19,171 mme_vla_suite.pseudo_labeling.topreward_qwen_scorer INFO: Prefix 1/8 (end=4, n_frames=4/5): reward=-19.0000 (mean, 1 tok)
2026-04-30 15:21:26,050 mme_vla_suite.pseudo_labeling.topreward_qwen_scorer INFO: Prefix 2/8 (end=10, n_frames=4/11): reward=-19.3750 (mean, 1 tok)
2026-04-30 15:21:32,909 mme_vla_suite.pseudo_labeling.topreward_qwen_scorer INFO: Prefix 3/8 (end=16, n_frames=4/17): reward=-20.2500 (mean, 1 tok)
2026-04-30 15:21:39,792 mme_vla_suite.pseudo_labeling.topreward_qwen_scorer INFO: Prefix 4/8 (end=22, n_frames=5/23): reward=-20.6250 (mean, 1 tok)
2026-04-30 15:21:46,658 mme_vla_suite.pseudo_labeling.topreward_qwen_scorer INFO: Prefix 5/8 (end=28, n_frames=6/29): reward=-20.7500 (mean, 1 tok)
2026-04-30 15:21:53,578 mme_vla_suite.pseudo_labeling.topreward_qwen_scorer INFO: Prefix 6/8 (end=34, n_frames=7/35): reward=-19.6250 (mean, 1 tok)
2026-04-30 15:22:00,506 mme_vla_suite.pseudo_labeling.topreward_qwen_scorer INFO: Prefix 7/8 (end=40, n_frames=8/41): reward=-21.0000 (mean, 1 tok)
2026-04-30 15:22:07,418 mme_vla_suite.pseudo_labeling.topreward_qwen_scorer INFO: Prefix 8/8 (end=46, n_frames=9/47): reward=-18.3750 (mean, 1 tok)
2026-04-30 15:22:15,360 mme_vla_suite.pseudo_labeling.topreward_qwen_scorer INFO: Prefix 1/8 (end=9, n_frames=4/10): reward=-24.2500 (mean, 1 tok)
2026-04-30 15:22:22,280 mme_vla_suite.pseudo_labeling.topreward_qwen_scorer INFO: Prefix 2/8 (end=21, n_frames=4/22): reward=-23.7500 (mean, 1 tok)
2026-04-30 15:22:29,187 mme_vla_suite.pseudo_labeling.topreward_qwen_scorer INFO: Prefix 3/8 (end=33, n_frames=7/34): reward=-22.6250 (mean, 1 tok)
2026-04-30 15:22:36,115 mme_vla_suite.pseudo_labeling.topreward_qwen_scorer INFO: Prefix 4/8 (end=45, n_frames=9/46): reward=-21.1250 (mean, 1 tok)
2026-04-30 15:22:43,018 mme_vla_suite.pseudo_labeling.topreward_qwen_scorer INFO: Prefix 5/8 (end=58, n_frames=12/59): reward=-21.3750 (mean, 1 tok)
2026-04-30 15:22:49,962 mme_vla_suite.pseudo_labeling.topreward_qwen_scorer INFO: Prefix 6/8 (end=70, n_frames=14/71): reward=-22.2500 (mean, 1 tok)
2026-04-30 15:22:56,944 mme_vla_suite.pseudo_labeling.topreward_qwen_scorer INFO: Prefix 7/8 (end=82, n_frames=17/83): reward=-21.1250 (mean, 1 tok)
2026-04-30 15:23:03,964 mme_vla_suite.pseudo_labeling.topreward_qwen_scorer INFO: Prefix 8/8 (end=95, n_frames=19/96): reward=-18.0000 (mean, 1 tok)
2026-04-30 15:23:11,935 mme_vla_suite.pseudo_labeling.topreward_qwen_scorer INFO: Prefix 1/8 (end=10, n_frames=4/11): reward=-24.0000 (mean, 1 tok)
2026-04-30 15:23:18,995 mme_vla_suite.pseudo_labeling.topreward_qwen_scorer INFO: Prefix 2/8 (end=23, n_frames=5/24): reward=-23.2500 (mean, 1 tok)
2026-04-30 15:23:26,095 mme_vla_suite.pseudo_labeling.topreward_qwen_scorer INFO: Prefix 3/8 (end=37, n_frames=8/38): reward=-23.2500 (mean, 1 tok)
2026-04-30 15:23:33,174 mme_vla_suite.pseudo_labeling.topreward_qwen_scorer INFO: Prefix 4/8 (end=51, n_frames=10/52): reward=-21.2500 (mean, 1 tok)
2026-04-30 15:23:40,270 mme_vla_suite.pseudo_labeling.topreward_qwen_scorer INFO: Prefix 5/8 (end=64, n_frames=13/65): reward=-22.3750 (mean, 1 tok)
2026-04-30 15:23:47,316 mme_vla_suite.pseudo_labeling.topreward_qwen_scorer INFO: Prefix 6/8 (end=78, n_frames=16/79): reward=-23.1250 (mean, 1 tok)
2026-04-30 15:23:54,408 mme_vla_suite.pseudo_labeling.topreward_qwen_scorer INFO: Prefix 7/8 (end=92, n_frames=19/93): reward=-19.0000 (mean, 1 tok)
2026-04-30 15:24:01,572 mme_vla_suite.pseudo_labeling.topreward_qwen_scorer INFO: Prefix 8/8 (end=106, n_frames=21/107): reward=-18.5000 (mean, 1 tok)
2026-04-30 15:24:09,536 mme_vla_suite.pseudo_labeling.topreward_qwen_scorer INFO: Prefix 1/8 (end=11, n_frames=4/12): reward=-22.0000 (mean, 1 tok)
2026-04-30 15:24:16,488 mme_vla_suite.pseudo_labeling.topreward_qwen_scorer INFO: Prefix 2/8 (end=25, n_frames=5/26): reward=-22.3750 (mean, 1 tok)
2026-04-30 15:24:23,420 mme_vla_suite.pseudo_labeling.topreward_qwen_scorer INFO: Prefix 3/8 (end=40, n_frames=8/41): reward=-19.1250 (mean, 1 tok)
2026-04-30 15:24:30,323 mme_vla_suite.pseudo_labeling.topreward_qwen_scorer INFO: Prefix 4/8 (end=54, n_frames=11/55): reward=-18.3750 (mean, 1 tok)
2026-04-30 15:24:37,230 mme_vla_suite.pseudo_labeling.topreward_qwen_scorer INFO: Prefix 5/8 (end=69, n_frames=14/70): reward=-19.2500 (mean, 1 tok)
2026-04-30 15:24:44,156 mme_vla_suite.pseudo_labeling.topreward_qwen_scorer INFO: Prefix 6/8 (end=83, n_frames=17/84): reward=-23.3750 (mean, 1 tok)
2026-04-30 15:24:51,128 mme_vla_suite.pseudo_labeling.topreward_qwen_scorer INFO: Prefix 7/8 (end=98, n_frames=20/99): reward=-20.0000 (mean, 1 tok)
2026-04-30 15:24:58,158 mme_vla_suite.pseudo_labeling.topreward_qwen_scorer INFO: Prefix 8/8 (end=113, n_frames=23/114): reward=-19.2500 (mean, 1 tok)
2026-04-30 15:25:06,095 mme_vla_suite.pseudo_labeling.topreward_qwen_scorer INFO: Prefix 1/8 (end=10, n_frames=4/11): reward=-22.5000 (mean, 1 tok)
2026-04-30 15:25:13,014 mme_vla_suite.pseudo_labeling.topreward_qwen_scorer INFO: Prefix 2/8 (end=23, n_frames=5/24): reward=-21.6250 (mean, 1 tok)
2026-04-30 15:25:19,953 mme_vla_suite.pseudo_labeling.topreward_qwen_scorer INFO: Prefix 3/8 (end=36, n_frames=7/37): reward=-20.8750 (mean, 1 tok)
2026-04-30 15:25:26,897 mme_vla_suite.pseudo_labeling.topreward_qwen_scorer INFO: Prefix 4/8 (end=49, n_frames=10/50): reward=-20.2500 (mean, 1 tok)
2026-04-30 15:25:33,842 mme_vla_suite.pseudo_labeling.topreward_qwen_scorer INFO: Prefix 5/8 (end=62, n_frames=13/63): reward=-21.8750 (mean, 1 tok)
2026-04-30 15:25:40,753 mme_vla_suite.pseudo_labeling.topreward_qwen_scorer INFO: Prefix 6/8 (end=75, n_frames=15/76): reward=-20.8750 (mean, 1 tok)
2026-04-30 15:25:47,679 mme_vla_suite.pseudo_labeling.topreward_qwen_scorer INFO: Prefix 7/8 (end=88, n_frames=18/89): reward=-21.0000 (mean, 1 tok)
2026-04-30 15:25:54,640 mme_vla_suite.pseudo_labeling.topreward_qwen_scorer INFO: Prefix 8/8 (end=102, n_frames=21/103): reward=-18.3750 (mean, 1 tok)
2026-04-30 15:26:02,384 mme_vla_suite.pseudo_labeling.topreward_qwen_scorer INFO: Prefix 1/8 (end=11, n_frames=4/12): reward=-22.1250 (mean, 1 tok)
2026-04-30 15:26:09,331 mme_vla_suite.pseudo_labeling.topreward_qwen_scorer INFO: Prefix 2/8 (end=25, n_frames=5/26): reward=-21.6250 (mean, 1 tok)
2026-04-30 15:26:16,278 mme_vla_suite.pseudo_labeling.topreward_qwen_scorer INFO: Prefix 3/8 (end=40, n_frames=8/41): reward=-20.8750 (mean, 1 tok)
2026-04-30 15:26:23,225 mme_vla_suite.pseudo_labeling.topreward_qwen_scorer INFO: Prefix 4/8 (end=54, n_frames=11/55): reward=-20.7500 (mean, 1 tok)
2026-04-30 15:26:30,171 mme_vla_suite.pseudo_labeling.topreward_qwen_scorer INFO: Prefix 5/8 (end=69, n_frames=14/70): reward=-21.5000 (mean, 1 tok)
2026-04-30 15:26:37,123 mme_vla_suite.pseudo_labeling.topreward_qwen_scorer INFO: Prefix 6/8 (end=83, n_frames=17/84): reward=-21.1250 (mean, 1 tok)
2026-04-30 15:26:44,135 mme_vla_suite.pseudo_labeling.topreward_qwen_scorer INFO: Prefix 7/8 (end=98, n_frames=20/99): reward=-22.5000 (mean, 1 tok)
2026-04-30 15:26:51,169 mme_vla_suite.pseudo_labeling.topreward_qwen_scorer INFO: Prefix 8/8 (end=113, n_frames=23/114): reward=-19.5000 (mean, 1 tok)
2026-04-30 15:26:59,475 mme_vla_suite.pseudo_labeling.topreward_qwen_scorer INFO: Prefix 1/8 (end=11, n_frames=4/12): reward=-22.2500 (mean, 1 tok)
2026-04-30 15:27:06,426 mme_vla_suite.pseudo_labeling.topreward_qwen_scorer INFO: Prefix 2/8 (end=25, n_frames=5/26): reward=-22.2500 (mean, 1 tok)
2026-04-30 15:27:13,381 mme_vla_suite.pseudo_labeling.topreward_qwen_scorer INFO: Prefix 3/8 (end=39, n_frames=8/40): reward=-22.5000 (mean, 1 tok)
2026-04-30 15:27:20,285 mme_vla_suite.pseudo_labeling.topreward_qwen_scorer INFO: Prefix 4/8 (end=54, n_frames=11/55): reward=-20.5000 (mean, 1 tok)
2026-04-30 15:27:27,202 mme_vla_suite.pseudo_labeling.topreward_qwen_scorer INFO: Prefix 5/8 (end=68, n_frames=14/69): reward=-21.5000 (mean, 1 tok)
2026-04-30 15:27:34,223 mme_vla_suite.pseudo_labeling.topreward_qwen_scorer INFO: Prefix 6/8 (end=83, n_frames=17/84): reward=-22.3750 (mean, 1 tok)
2026-04-30 15:27:41,199 mme_vla_suite.pseudo_labeling.topreward_qwen_scorer INFO: Prefix 7/8 (end=97, n_frames=20/98): reward=-18.6250 (mean, 1 tok)
2026-04-30 15:27:48,215 mme_vla_suite.pseudo_labeling.topreward_qwen_scorer INFO: Prefix 8/8 (end=112, n_frames=23/113): reward=-21.6250 (mean, 1 tok)
2026-04-30 15:27:56,246 mme_vla_suite.pseudo_labeling.topreward_qwen_scorer INFO: Prefix 1/8 (end=9, n_frames=4/10): reward=-23.0000 (mean, 1 tok)
2026-04-30 15:28:03,141 mme_vla_suite.pseudo_labeling.topreward_qwen_scorer INFO: Prefix 2/8 (end=21, n_frames=4/22): reward=-22.8750 (mean, 1 tok)
2026-04-30 15:28:10,060 mme_vla_suite.pseudo_labeling.topreward_qwen_scorer INFO: Prefix 3/8 (end=34, n_frames=7/35): reward=-22.6250 (mean, 1 tok)
2026-04-30 15:28:17,053 mme_vla_suite.pseudo_labeling.topreward_qwen_scorer INFO: Prefix 4/8 (end=47, n_frames=10/48): reward=-22.0000 (mean, 1 tok)
2026-04-30 15:28:24,021 mme_vla_suite.pseudo_labeling.topreward_qwen_scorer INFO: Prefix 5/8 (end=59, n_frames=12/60): reward=-21.6250 (mean, 1 tok)
2026-04-30 15:28:30,999 mme_vla_suite.pseudo_labeling.topreward_qwen_scorer INFO: Prefix 6/8 (end=72, n_frames=15/73): reward=-21.7500 (mean, 1 tok)
2026-04-30 15:28:37,993 mme_vla_suite.pseudo_labeling.topreward_qwen_scorer INFO: Prefix 7/8 (end=85, n_frames=17/86): reward=-21.8750 (mean, 1 tok)
2026-04-30 15:28:44,977 mme_vla_suite.pseudo_labeling.topreward_qwen_scorer INFO: Prefix 8/8 (end=98, n_frames=20/99): reward=-18.8750 (mean, 1 tok)
2026-04-30 15:28:52,563 mme_vla_suite.pseudo_labeling.topreward_qwen_scorer INFO: Prefix 1/8 (end=10, n_frames=4/11): reward=-23.1250 (mean, 1 tok)
2026-04-30 15:28:59,444 mme_vla_suite.pseudo_labeling.topreward_qwen_scorer INFO: Prefix 2/8 (end=23, n_frames=5/24): reward=-22.8750 (mean, 1 tok)
2026-04-30 15:29:06,465 mme_vla_suite.pseudo_labeling.topreward_qwen_scorer INFO: Prefix 3/8 (end=37, n_frames=8/38): reward=-22.7500 (mean, 1 tok)
2026-04-30 15:29:13,568 mme_vla_suite.pseudo_labeling.topreward_qwen_scorer INFO: Prefix 4/8 (end=51, n_frames=10/52): reward=-22.2500 (mean, 1 tok)
2026-04-30 15:29:20,574 mme_vla_suite.pseudo_labeling.topreward_qwen_scorer INFO: Prefix 5/8 (end=65, n_frames=13/66): reward=-21.5000 (mean, 1 tok)
2026-04-30 15:29:27,576 mme_vla_suite.pseudo_labeling.topreward_qwen_scorer INFO: Prefix 6/8 (end=79, n_frames=16/80): reward=-20.7500 (mean, 1 tok)
2026-04-30 15:29:34,570 mme_vla_suite.pseudo_labeling.topreward_qwen_scorer INFO: Prefix 7/8 (end=93, n_frames=19/94): reward=-19.1250 (mean, 1 tok)
2026-04-30 15:29:41,569 mme_vla_suite.pseudo_labeling.topreward_qwen_scorer INFO: Prefix 8/8 (end=107, n_frames=22/108): reward=-18.7500 (mean, 1 tok)
2026-04-30 15:29:49,413 mme_vla_suite.pseudo_labeling.topreward_qwen_scorer INFO: Prefix 1/8 (end=12, n_frames=4/13): reward=-22.1250 (mean, 1 tok)
2026-04-30 15:29:56,303 mme_vla_suite.pseudo_labeling.topreward_qwen_scorer INFO: Prefix 2/8 (end=27, n_frames=6/28): reward=-22.6250 (mean, 1 tok)
2026-04-30 15:30:03,204 mme_vla_suite.pseudo_labeling.topreward_qwen_scorer INFO: Prefix 3/8 (end=43, n_frames=9/44): reward=-20.7500 (mean, 1 tok)
2026-04-30 15:30:10,132 mme_vla_suite.pseudo_labeling.topreward_qwen_scorer INFO: Prefix 4/8 (end=59, n_frames=12/60): reward=-21.0000 (mean, 1 tok)
2026-04-30 15:30:17,130 mme_vla_suite.pseudo_labeling.topreward_qwen_scorer INFO: Prefix 5/8 (end=74, n_frames=15/75): reward=-19.6250 (mean, 1 tok)
2026-04-30 15:30:24,164 mme_vla_suite.pseudo_labeling.topreward_qwen_scorer INFO: Prefix 6/8 (end=90, n_frames=18/91): reward=-21.2500 (mean, 1 tok)
2026-04-30 15:30:31,194 mme_vla_suite.pseudo_labeling.topreward_qwen_scorer INFO: Prefix 7/8 (end=106, n_frames=21/107): reward=-18.7500 (mean, 1 tok)
2026-04-30 15:30:38,223 mme_vla_suite.pseudo_labeling.topreward_qwen_scorer INFO: Prefix 8/8 (end=122, n_frames=25/123): reward=-20.7500 (mean, 1 tok)
2026-04-30 15:30:46,177 mme_vla_suite.pseudo_labeling.topreward_qwen_scorer INFO: Prefix 1/8 (end=10, n_frames=4/11): reward=-24.1250 (mean, 1 tok)
2026-04-30 15:30:52,999 mme_vla_suite.pseudo_labeling.topreward_qwen_scorer INFO: Prefix 2/8 (end=23, n_frames=5/24): reward=-23.6250 (mean, 1 tok)
2026-04-30 15:30:59,819 mme_vla_suite.pseudo_labeling.topreward_qwen_scorer INFO: Prefix 3/8 (end=36, n_frames=7/37): reward=-23.0000 (mean, 1 tok)
2026-04-30 15:31:06,683 mme_vla_suite.pseudo_labeling.topreward_qwen_scorer INFO: Prefix 4/8 (end=49, n_frames=10/50): reward=-22.7500 (mean, 1 tok)
2026-04-30 15:31:13,616 mme_vla_suite.pseudo_labeling.topreward_qwen_scorer INFO: Prefix 5/8 (end=63, n_frames=13/64): reward=-23.5000 (mean, 1 tok)
2026-04-30 15:31:20,619 mme_vla_suite.pseudo_labeling.topreward_qwen_scorer INFO: Prefix 6/8 (end=76, n_frames=15/77): reward=-22.8750 (mean, 1 tok)
2026-04-30 15:31:27,651 mme_vla_suite.pseudo_labeling.topreward_qwen_scorer INFO: Prefix 7/8 (end=89, n_frames=18/90): reward=-22.0000 (mean, 1 tok)
2026-04-30 15:31:34,691 mme_vla_suite.pseudo_labeling.topreward_qwen_scorer INFO: Prefix 8/8 (end=103, n_frames=21/104): reward=-19.3750 (mean, 1 tok)
2026-04-30 15:31:42,595 mme_vla_suite.pseudo_labeling.topreward_qwen_scorer INFO: Prefix 1/8 (end=11, n_frames=4/12): reward=-24.2500 (mean, 1 tok)
2026-04-30 15:31:49,632 mme_vla_suite.pseudo_labeling.topreward_qwen_scorer INFO: Prefix 2/8 (end=25, n_frames=5/26): reward=-23.2500 (mean, 1 tok)
2026-04-30 15:31:56,667 mme_vla_suite.pseudo_labeling.topreward_qwen_scorer INFO: Prefix 3/8 (end=39, n_frames=8/40): reward=-23.6250 (mean, 1 tok)
2026-04-30 15:32:03,701 mme_vla_suite.pseudo_labeling.topreward_qwen_scorer INFO: Prefix 4/8 (end=53, n_frames=11/54): reward=-22.7500 (mean, 1 tok)
2026-04-30 15:32:10,617 mme_vla_suite.pseudo_labeling.topreward_qwen_scorer INFO: Prefix 5/8 (end=68, n_frames=14/69): reward=-23.2500 (mean, 1 tok)
2026-04-30 15:32:17,765 mme_vla_suite.pseudo_labeling.topreward_qwen_scorer INFO: Prefix 6/8 (end=82, n_frames=17/83): reward=-21.8750 (mean, 1 tok)
2026-04-30 15:32:24,932 mme_vla_suite.pseudo_labeling.topreward_qwen_scorer INFO: Prefix 7/8 (end=96, n_frames=19/97): reward=-22.5000 (mean, 1 tok)
2026-04-30 15:32:32,011 mme_vla_suite.pseudo_labeling.topreward_qwen_scorer INFO: Prefix 8/8 (end=111, n_frames=22/112): reward=-19.3750 (mean, 1 tok)
2026-04-30 15:32:40,042 mme_vla_suite.pseudo_labeling.topreward_qwen_scorer INFO: Prefix 1/8 (end=11, n_frames=4/12): reward=-21.2500 (mean, 1 tok)
2026-04-30 15:32:46,947 mme_vla_suite.pseudo_labeling.topreward_qwen_scorer INFO: Prefix 2/8 (end=25, n_frames=5/26): reward=-21.3750 (mean, 1 tok)
2026-04-30 15:32:53,846 mme_vla_suite.pseudo_labeling.topreward_qwen_scorer INFO: Prefix 3/8 (end=39, n_frames=8/40): reward=-22.3750 (mean, 1 tok)
2026-04-30 15:33:00,744 mme_vla_suite.pseudo_labeling.topreward_qwen_scorer INFO: Prefix 4/8 (end=53, n_frames=11/54): reward=-20.1250 (mean, 1 tok)
2026-04-30 15:33:07,695 mme_vla_suite.pseudo_labeling.topreward_qwen_scorer INFO: Prefix 5/8 (end=67, n_frames=14/68): reward=-20.7500 (mean, 1 tok)
2026-04-30 15:33:14,688 mme_vla_suite.pseudo_labeling.topreward_qwen_scorer INFO: Prefix 6/8 (end=81, n_frames=16/82): reward=-19.8750 (mean, 1 tok)
2026-04-30 15:33:21,751 mme_vla_suite.pseudo_labeling.topreward_qwen_scorer INFO: Prefix 7/8 (end=95, n_frames=19/96): reward=-18.6250 (mean, 1 tok)
2026-04-30 15:33:28,830 mme_vla_suite.pseudo_labeling.topreward_qwen_scorer INFO: Prefix 8/8 (end=110, n_frames=22/111): reward=-17.8750 (mean, 1 tok)
2026-04-30 15:33:36,848 mme_vla_suite.pseudo_labeling.topreward_qwen_scorer INFO: Prefix 1/8 (end=9, n_frames=4/10): reward=-22.6250 (mean, 1 tok)
2026-04-30 15:33:43,741 mme_vla_suite.pseudo_labeling.topreward_qwen_scorer INFO: Prefix 2/8 (end=20, n_frames=4/21): reward=-22.1250 (mean, 1 tok)
2026-04-30 15:33:50,650 mme_vla_suite.pseudo_labeling.topreward_qwen_scorer INFO: Prefix 3/8 (end=32, n_frames=7/33): reward=-21.5000 (mean, 1 tok)
2026-04-30 15:33:57,550 mme_vla_suite.pseudo_labeling.topreward_qwen_scorer INFO: Prefix 4/8 (end=44, n_frames=9/45): reward=-21.1250 (mean, 1 tok)
2026-04-30 15:34:04,463 mme_vla_suite.pseudo_labeling.topreward_qwen_scorer INFO: Prefix 5/8 (end=55, n_frames=11/56): reward=-19.5000 (mean, 1 tok)
2026-04-30 15:34:11,375 mme_vla_suite.pseudo_labeling.topreward_qwen_scorer INFO: Prefix 6/8 (end=67, n_frames=14/68): reward=-21.2500 (mean, 1 tok)
2026-04-30 15:34:18,439 mme_vla_suite.pseudo_labeling.topreward_qwen_scorer INFO: Prefix 7/8 (end=79, n_frames=16/80): reward=-18.2500 (mean, 1 tok)
2026-04-30 15:34:25,423 mme_vla_suite.pseudo_labeling.topreward_qwen_scorer INFO: Prefix 8/8 (end=91, n_frames=18/92): reward=-18.3750 (mean, 1 tok)
2026-04-30 15:34:33,493 mme_vla_suite.pseudo_labeling.topreward_qwen_scorer INFO: Prefix 1/8 (end=5, n_frames=4/6): reward=-21.2500 (mean, 1 tok)
2026-04-30 15:34:40,374 mme_vla_suite.pseudo_labeling.topreward_qwen_scorer INFO: Prefix 2/8 (end=11, n_frames=4/12): reward=-20.6250 (mean, 1 tok)
2026-04-30 15:34:47,236 mme_vla_suite.pseudo_labeling.topreward_qwen_scorer INFO: Prefix 3/8 (end=17, n_frames=4/18): reward=-21.0000 (mean, 1 tok)
2026-04-30 15:34:54,117 mme_vla_suite.pseudo_labeling.topreward_qwen_scorer INFO: Prefix 4/8 (end=24, n_frames=5/25): reward=-20.6250 (mean, 1 tok)
2026-04-30 15:35:01,023 mme_vla_suite.pseudo_labeling.topreward_qwen_scorer INFO: Prefix 5/8 (end=30, n_frames=6/31): reward=-21.1250 (mean, 1 tok)
2026-04-30 15:35:07,902 mme_vla_suite.pseudo_labeling.topreward_qwen_scorer INFO: Prefix 6/8 (end=37, n_frames=8/38): reward=-21.5000 (mean, 1 tok)
2026-04-30 15:35:14,817 mme_vla_suite.pseudo_labeling.topreward_qwen_scorer INFO: Prefix 7/8 (end=43, n_frames=9/44): reward=-20.1250 (mean, 1 tok)
2026-04-30 15:35:21,766 mme_vla_suite.pseudo_labeling.topreward_qwen_scorer INFO: Prefix 8/8 (end=50, n_frames=10/51): reward=-21.3750 (mean, 1 tok)
2026-04-30 15:35:30,233 mme_vla_suite.pseudo_labeling.topreward_qwen_scorer INFO: Prefix 1/8 (end=10, n_frames=4/11): reward=-23.3750 (mean, 1 tok)
2026-04-30 15:35:37,170 mme_vla_suite.pseudo_labeling.topreward_qwen_scorer INFO: Prefix 2/8 (end=22, n_frames=5/23): reward=-23.0000 (mean, 1 tok)
2026-04-30 15:35:44,111 mme_vla_suite.pseudo_labeling.topreward_qwen_scorer INFO: Prefix 3/8 (end=35, n_frames=7/36): reward=-23.3750 (mean, 1 tok)
2026-04-30 15:35:51,056 mme_vla_suite.pseudo_labeling.topreward_qwen_scorer INFO: Prefix 4/8 (end=48, n_frames=10/49): reward=-22.0000 (mean, 1 tok)
2026-04-30 15:35:57,979 mme_vla_suite.pseudo_labeling.topreward_qwen_scorer INFO: Prefix 5/8 (end=60, n_frames=12/61): reward=-23.0000 (mean, 1 tok)
2026-04-30 15:36:04,969 mme_vla_suite.pseudo_labeling.topreward_qwen_scorer INFO: Prefix 6/8 (end=73, n_frames=15/74): reward=-23.0000 (mean, 1 tok)
2026-04-30 15:36:11,963 mme_vla_suite.pseudo_labeling.topreward_qwen_scorer INFO: Prefix 7/8 (end=86, n_frames=17/87): reward=-23.5000 (mean, 1 tok)
2026-04-30 15:36:19,010 mme_vla_suite.pseudo_labeling.topreward_qwen_scorer INFO: Prefix 8/8 (end=99, n_frames=20/100): reward=-19.6250 (mean, 1 tok)
2026-04-30 15:36:26,708 mme_vla_suite.pseudo_labeling.topreward_qwen_scorer INFO: Prefix 1/8 (end=10, n_frames=4/11): reward=-23.3750 (mean, 1 tok)
2026-04-30 15:36:33,619 mme_vla_suite.pseudo_labeling.topreward_qwen_scorer INFO: Prefix 2/8 (end=23, n_frames=5/24): reward=-23.0000 (mean, 1 tok)
2026-04-30 15:36:40,532 mme_vla_suite.pseudo_labeling.topreward_qwen_scorer INFO: Prefix 3/8 (end=37, n_frames=8/38): reward=-23.0000 (mean, 1 tok)
2026-04-30 15:36:47,452 mme_vla_suite.pseudo_labeling.topreward_qwen_scorer INFO: Prefix 4/8 (end=50, n_frames=10/51): reward=-22.2500 (mean, 1 tok)
2026-04-30 15:36:54,380 mme_vla_suite.pseudo_labeling.topreward_qwen_scorer INFO: Prefix 5/8 (end=64, n_frames=13/65): reward=-22.7500 (mean, 1 tok)
2026-04-30 15:37:01,333 mme_vla_suite.pseudo_labeling.topreward_qwen_scorer INFO: Prefix 6/8 (end=77, n_frames=16/78): reward=-22.3750 (mean, 1 tok)
2026-04-30 15:37:08,358 mme_vla_suite.pseudo_labeling.topreward_qwen_scorer INFO: Prefix 7/8 (end=91, n_frames=18/92): reward=-23.3750 (mean, 1 tok)
2026-04-30 15:37:15,367 mme_vla_suite.pseudo_labeling.topreward_qwen_scorer INFO: Prefix 8/8 (end=105, n_frames=21/106): reward=-21.7500 (mean, 1 tok)
2026-04-30 15:37:23,420 mme_vla_suite.pseudo_labeling.topreward_qwen_scorer INFO: Prefix 1/8 (end=12, n_frames=4/13): reward=-22.1250 (mean, 1 tok)
2026-04-30 15:37:30,328 mme_vla_suite.pseudo_labeling.topreward_qwen_scorer INFO: Prefix 2/8 (end=28, n_frames=6/29): reward=-22.0000 (mean, 1 tok)
2026-04-30 15:37:37,278 mme_vla_suite.pseudo_labeling.topreward_qwen_scorer INFO: Prefix 3/8 (end=44, n_frames=9/45): reward=-21.3750 (mean, 1 tok)
2026-04-30 15:37:44,209 mme_vla_suite.pseudo_labeling.topreward_qwen_scorer INFO: Prefix 4/8 (end=60, n_frames=12/61): reward=-21.5000 (mean, 1 tok)
2026-04-30 15:37:51,182 mme_vla_suite.pseudo_labeling.topreward_qwen_scorer INFO: Prefix 5/8 (end=76, n_frames=15/77): reward=-20.3750 (mean, 1 tok)
2026-04-30 15:37:58,167 mme_vla_suite.pseudo_labeling.topreward_qwen_scorer INFO: Prefix 6/8 (end=92, n_frames=19/93): reward=-22.0000 (mean, 1 tok)
2026-04-30 15:38:05,213 mme_vla_suite.pseudo_labeling.topreward_qwen_scorer INFO: Prefix 7/8 (end=108, n_frames=22/109): reward=-22.2500 (mean, 1 tok)
2026-04-30 15:38:12,302 mme_vla_suite.pseudo_labeling.topreward_qwen_scorer INFO: Prefix 8/8 (end=124, n_frames=25/125): reward=-21.1250 (mean, 1 tok)
2026-04-30 15:38:20,403 mme_vla_suite.pseudo_labeling.topreward_qwen_scorer INFO: Prefix 1/8 (end=11, n_frames=4/12): reward=-23.3750 (mean, 1 tok)
2026-04-30 15:38:27,290 mme_vla_suite.pseudo_labeling.topreward_qwen_scorer INFO: Prefix 2/8 (end=25, n_frames=5/26): reward=-22.1250 (mean, 1 tok)
2026-04-30 15:38:34,196 mme_vla_suite.pseudo_labeling.topreward_qwen_scorer INFO: Prefix 3/8 (end=39, n_frames=8/40): reward=-22.0000 (mean, 1 tok)
2026-04-30 15:38:41,113 mme_vla_suite.pseudo_labeling.topreward_qwen_scorer INFO: Prefix 4/8 (end=53, n_frames=11/54): reward=-20.8750 (mean, 1 tok)
2026-04-30 15:38:48,009 mme_vla_suite.pseudo_labeling.topreward_qwen_scorer INFO: Prefix 5/8 (end=67, n_frames=14/68): reward=-22.1250 (mean, 1 tok)
2026-04-30 15:38:54,982 mme_vla_suite.pseudo_labeling.topreward_qwen_scorer INFO: Prefix 6/8 (end=81, n_frames=16/82): reward=-23.2500 (mean, 1 tok)
2026-04-30 15:39:01,954 mme_vla_suite.pseudo_labeling.topreward_qwen_scorer INFO: Prefix 7/8 (end=95, n_frames=19/96): reward=-22.8750 (mean, 1 tok)
2026-04-30 15:39:08,946 mme_vla_suite.pseudo_labeling.topreward_qwen_scorer INFO: Prefix 8/8 (end=110, n_frames=22/111): reward=-19.0000 (mean, 1 tok)
2026-04-30 15:39:16,875 mme_vla_suite.pseudo_labeling.topreward_qwen_scorer INFO: Prefix 1/8 (end=11, n_frames=4/12): reward=-23.3750 (mean, 1 tok)
2026-04-30 15:39:23,781 mme_vla_suite.pseudo_labeling.topreward_qwen_scorer INFO: Prefix 2/8 (end=26, n_frames=5/27): reward=-22.5000 (mean, 1 tok)
2026-04-30 15:39:30,730 mme_vla_suite.pseudo_labeling.topreward_qwen_scorer INFO: Prefix 3/8 (end=41, n_frames=8/42): reward=-22.5000 (mean, 1 tok)
2026-04-30 15:39:37,700 mme_vla_suite.pseudo_labeling.topreward_qwen_scorer INFO: Prefix 4/8 (end=56, n_frames=11/57): reward=-22.0000 (mean, 1 tok)
2026-04-30 15:39:44,654 mme_vla_suite.pseudo_labeling.topreward_qwen_scorer INFO: Prefix 5/8 (end=71, n_frames=14/72): reward=-22.5000 (mean, 1 tok)
2026-04-30 15:39:51,615 mme_vla_suite.pseudo_labeling.topreward_qwen_scorer INFO: Prefix 6/8 (end=86, n_frames=17/87): reward=-22.2500 (mean, 1 tok)
2026-04-30 15:39:58,638 mme_vla_suite.pseudo_labeling.topreward_qwen_scorer INFO: Prefix 7/8 (end=101, n_frames=20/102): reward=-22.6250 (mean, 1 tok)
2026-04-30 15:40:05,650 mme_vla_suite.pseudo_labeling.topreward_qwen_scorer INFO: Prefix 8/8 (end=116, n_frames=23/117): reward=-20.0000 (mean, 1 tok)
2026-04-30 15:40:13,770 mme_vla_suite.pseudo_labeling.topreward_qwen_scorer INFO: Prefix 1/8 (end=11, n_frames=4/12): reward=-20.5000 (mean, 1 tok)
2026-04-30 15:40:20,626 mme_vla_suite.pseudo_labeling.topreward_qwen_scorer INFO: Prefix 2/8 (end=26, n_frames=5/27): reward=-20.5000 (mean, 1 tok)
2026-04-30 15:40:27,489 mme_vla_suite.pseudo_labeling.topreward_qwen_scorer INFO: Prefix 3/8 (end=41, n_frames=8/42): reward=-18.5000 (mean, 1 tok)
2026-04-30 15:40:34,427 mme_vla_suite.pseudo_labeling.topreward_qwen_scorer INFO: Prefix 4/8 (end=56, n_frames=11/57): reward=-19.2500 (mean, 1 tok)
2026-04-30 15:40:41,399 mme_vla_suite.pseudo_labeling.topreward_qwen_scorer INFO: Prefix 5/8 (end=71, n_frames=14/72): reward=-20.1250 (mean, 1 tok)
2026-04-30 15:40:48,350 mme_vla_suite.pseudo_labeling.topreward_qwen_scorer INFO: Prefix 6/8 (end=86, n_frames=17/87): reward=-18.8750 (mean, 1 tok)
2026-04-30 15:40:55,338 mme_vla_suite.pseudo_labeling.topreward_qwen_scorer INFO: Prefix 7/8 (end=101, n_frames=20/102): reward=-19.3750 (mean, 1 tok)
2026-04-30 15:41:02,354 mme_vla_suite.pseudo_labeling.topreward_qwen_scorer INFO: Prefix 8/8 (end=116, n_frames=23/117): reward=-17.2500 (mean, 1 tok)
2026-04-30 15:41:10,276 mme_vla_suite.pseudo_labeling.topreward_qwen_scorer INFO: Prefix 1/8 (end=8, n_frames=4/9): reward=-22.8750 (mean, 1 tok)
2026-04-30 15:41:17,161 mme_vla_suite.pseudo_labeling.topreward_qwen_scorer INFO: Prefix 2/8 (end=18, n_frames=4/19): reward=-22.7500 (mean, 1 tok)
2026-04-30 15:41:24,027 mme_vla_suite.pseudo_labeling.topreward_qwen_scorer INFO: Prefix 3/8 (end=28, n_frames=6/29): reward=-22.2500 (mean, 1 tok)
2026-04-30 15:41:30,955 mme_vla_suite.pseudo_labeling.topreward_qwen_scorer INFO: Prefix 4/8 (end=39, n_frames=8/40): reward=-22.3750 (mean, 1 tok)
2026-04-30 15:41:37,872 mme_vla_suite.pseudo_labeling.topreward_qwen_scorer INFO: Prefix 5/8 (end=49, n_frames=10/50): reward=-21.5000 (mean, 1 tok)
2026-04-30 15:41:44,928 mme_vla_suite.pseudo_labeling.topreward_qwen_scorer INFO: Prefix 6/8 (end=60, n_frames=12/61): reward=-21.5000 (mean, 1 tok)
2026-04-30 15:41:51,904 mme_vla_suite.pseudo_labeling.topreward_qwen_scorer INFO: Prefix 7/8 (end=70, n_frames=14/71): reward=-22.3750 (mean, 1 tok)
2026-04-30 15:41:58,862 mme_vla_suite.pseudo_labeling.topreward_qwen_scorer INFO: Prefix 8/8 (end=81, n_frames=16/82): reward=-18.3750 (mean, 1 tok)
2026-04-30 15:42:06,732 mme_vla_suite.pseudo_labeling.topreward_qwen_scorer INFO: Prefix 1/8 (end=9, n_frames=4/10): reward=-23.2500 (mean, 1 tok)
2026-04-30 15:42:13,634 mme_vla_suite.pseudo_labeling.topreward_qwen_scorer INFO: Prefix 2/8 (end=20, n_frames=4/21): reward=-23.0000 (mean, 1 tok)
2026-04-30 15:42:20,538 mme_vla_suite.pseudo_labeling.topreward_qwen_scorer INFO: Prefix 3/8 (end=31, n_frames=6/32): reward=-22.3750 (mean, 1 tok)
2026-04-30 15:42:27,452 mme_vla_suite.pseudo_labeling.topreward_qwen_scorer INFO: Prefix 4/8 (end=43, n_frames=9/44): reward=-21.7500 (mean, 1 tok)
2026-04-30 15:42:34,384 mme_vla_suite.pseudo_labeling.topreward_qwen_scorer INFO: Prefix 5/8 (end=54, n_frames=11/55): reward=-21.3750 (mean, 1 tok)
2026-04-30 15:42:41,327 mme_vla_suite.pseudo_labeling.topreward_qwen_scorer INFO: Prefix 6/8 (end=66, n_frames=13/67): reward=-21.5000 (mean, 1 tok)
2026-04-30 15:42:48,251 mme_vla_suite.pseudo_labeling.topreward_qwen_scorer INFO: Prefix 7/8 (end=77, n_frames=16/78): reward=-17.8750 (mean, 1 tok)
2026-04-30 15:42:55,156 mme_vla_suite.pseudo_labeling.topreward_qwen_scorer INFO: Prefix 8/8 (end=89, n_frames=18/90): reward=-17.6250 (mean, 1 tok)
2026-04-30 15:43:02,943 mme_vla_suite.pseudo_labeling.topreward_qwen_scorer INFO: Prefix 1/8 (end=11, n_frames=4/12): reward=-21.3750 (mean, 1 tok)
2026-04-30 15:43:09,817 mme_vla_suite.pseudo_labeling.topreward_qwen_scorer INFO: Prefix 2/8 (end=26, n_frames=5/27): reward=-21.3750 (mean, 1 tok)
2026-04-30 15:43:16,695 mme_vla_suite.pseudo_labeling.topreward_qwen_scorer INFO: Prefix 3/8 (end=41, n_frames=8/42): reward=-21.1250 (mean, 1 tok)
2026-04-30 15:43:23,586 mme_vla_suite.pseudo_labeling.topreward_qwen_scorer INFO: Prefix 4/8 (end=56, n_frames=11/57): reward=-20.2500 (mean, 1 tok)
2026-04-30 15:43:30,479 mme_vla_suite.pseudo_labeling.topreward_qwen_scorer INFO: Prefix 5/8 (end=71, n_frames=14/72): reward=-20.5000 (mean, 1 tok)
2026-04-30 15:43:37,416 mme_vla_suite.pseudo_labeling.topreward_qwen_scorer INFO: Prefix 6/8 (end=86, n_frames=17/87): reward=-19.8750 (mean, 1 tok)
2026-04-30 15:43:44,384 mme_vla_suite.pseudo_labeling.topreward_qwen_scorer INFO: Prefix 7/8 (end=101, n_frames=20/102): reward=-20.7500 (mean, 1 tok)
2026-04-30 15:43:51,384 mme_vla_suite.pseudo_labeling.topreward_qwen_scorer INFO: Prefix 8/8 (end=116, n_frames=23/117): reward=-19.8750 (mean, 1 tok)
2026-04-30 15:43:59,615 mme_vla_suite.pseudo_labeling.topreward_qwen_scorer INFO: Prefix 1/8 (end=8, n_frames=4/9): reward=-23.6250 (mean, 1 tok)
2026-04-30 15:44:06,499 mme_vla_suite.pseudo_labeling.topreward_qwen_scorer INFO: Prefix 2/8 (end=19, n_frames=4/20): reward=-23.2500 (mean, 1 tok)
2026-04-30 15:44:13,394 mme_vla_suite.pseudo_labeling.topreward_qwen_scorer INFO: Prefix 3/8 (end=30, n_frames=6/31): reward=-23.0000 (mean, 1 tok)
2026-04-30 15:44:20,266 mme_vla_suite.pseudo_labeling.topreward_qwen_scorer INFO: Prefix 4/8 (end=41, n_frames=8/42): reward=-23.1250 (mean, 1 tok)
2026-04-30 15:44:27,197 mme_vla_suite.pseudo_labeling.topreward_qwen_scorer INFO: Prefix 5/8 (end=53, n_frames=11/54): reward=-22.8750 (mean, 1 tok)
2026-04-30 15:44:34,131 mme_vla_suite.pseudo_labeling.topreward_qwen_scorer INFO: Prefix 6/8 (end=64, n_frames=13/65): reward=-21.3750 (mean, 1 tok)
2026-04-30 15:44:41,160 mme_vla_suite.pseudo_labeling.topreward_qwen_scorer INFO: Prefix 7/8 (end=75, n_frames=15/76): reward=-23.5000 (mean, 1 tok)
2026-04-30 15:44:48,170 mme_vla_suite.pseudo_labeling.topreward_qwen_scorer INFO: Prefix 8/8 (end=87, n_frames=18/88): reward=-18.7500 (mean, 1 tok)
2026-04-30 15:44:56,007 mme_vla_suite.pseudo_labeling.topreward_qwen_scorer INFO: Prefix 1/8 (end=9, n_frames=4/10): reward=-23.2500 (mean, 1 tok)
2026-04-30 15:45:02,888 mme_vla_suite.pseudo_labeling.topreward_qwen_scorer INFO: Prefix 2/8 (end=21, n_frames=4/22): reward=-23.1250 (mean, 1 tok)
2026-04-30 15:45:09,761 mme_vla_suite.pseudo_labeling.topreward_qwen_scorer INFO: Prefix 3/8 (end=33, n_frames=7/34): reward=-23.3750 (mean, 1 tok)
2026-04-30 15:45:16,669 mme_vla_suite.pseudo_labeling.topreward_qwen_scorer INFO: Prefix 4/8 (end=45, n_frames=9/46): reward=-22.7500 (mean, 1 tok)
2026-04-30 15:45:23,591 mme_vla_suite.pseudo_labeling.topreward_qwen_scorer INFO: Prefix 5/8 (end=58, n_frames=12/59): reward=-21.8750 (mean, 1 tok)
2026-04-30 15:45:30,533 mme_vla_suite.pseudo_labeling.topreward_qwen_scorer INFO: Prefix 6/8 (end=70, n_frames=14/71): reward=-22.0000 (mean, 1 tok)
2026-04-30 15:45:37,536 mme_vla_suite.pseudo_labeling.topreward_qwen_scorer INFO: Prefix 7/8 (end=82, n_frames=17/83): reward=-18.5000 (mean, 1 tok)
2026-04-30 15:45:44,544 mme_vla_suite.pseudo_labeling.topreward_qwen_scorer INFO: Prefix 8/8 (end=95, n_frames=19/96): reward=-18.2500 (mean, 1 tok)
2026-04-30 15:45:52,463 mme_vla_suite.pseudo_labeling.topreward_qwen_scorer INFO: Prefix 1/8 (end=11, n_frames=4/12): reward=-22.0000 (mean, 1 tok)
2026-04-30 15:45:59,357 mme_vla_suite.pseudo_labeling.topreward_qwen_scorer INFO: Prefix 2/8 (end=25, n_frames=5/26): reward=-22.3750 (mean, 1 tok)
2026-04-30 15:46:06,223 mme_vla_suite.pseudo_labeling.topreward_qwen_scorer INFO: Prefix 3/8 (end=40, n_frames=8/41): reward=-21.5000 (mean, 1 tok)
2026-04-30 15:46:13,111 mme_vla_suite.pseudo_labeling.topreward_qwen_scorer INFO: Prefix 4/8 (end=55, n_frames=11/56): reward=-20.3750 (mean, 1 tok)
2026-04-30 15:46:20,023 mme_vla_suite.pseudo_labeling.topreward_qwen_scorer INFO: Prefix 5/8 (end=70, n_frames=14/71): reward=-20.1250 (mean, 1 tok)
2026-04-30 15:46:26,985 mme_vla_suite.pseudo_labeling.topreward_qwen_scorer INFO: Prefix 6/8 (end=85, n_frames=17/86): reward=-19.5000 (mean, 1 tok)
2026-04-30 15:46:34,000 mme_vla_suite.pseudo_labeling.topreward_qwen_scorer INFO: Prefix 7/8 (end=100, n_frames=20/101): reward=-17.7500 (mean, 1 tok)
2026-04-30 15:46:41,038 mme_vla_suite.pseudo_labeling.topreward_qwen_scorer INFO: Prefix 8/8 (end=115, n_frames=23/116): reward=-18.5000 (mean, 1 tok)
2026-04-30 15:46:48,907 mme_vla_suite.pseudo_labeling.topreward_qwen_scorer INFO: Prefix 1/8 (end=10, n_frames=4/11): reward=-23.1250 (mean, 1 tok)
2026-04-30 15:46:55,790 mme_vla_suite.pseudo_labeling.topreward_qwen_scorer INFO: Prefix 2/8 (end=23, n_frames=5/24): reward=-22.8750 (mean, 1 tok)
2026-04-30 15:47:02,649 mme_vla_suite.pseudo_labeling.topreward_qwen_scorer INFO: Prefix 3/8 (end=36, n_frames=7/37): reward=-22.1250 (mean, 1 tok)
2026-04-30 15:47:09,545 mme_vla_suite.pseudo_labeling.topreward_qwen_scorer INFO: Prefix 4/8 (end=50, n_frames=10/51): reward=-22.0000 (mean, 1 tok)
2026-04-30 15:47:16,438 mme_vla_suite.pseudo_labeling.topreward_qwen_scorer INFO: Prefix 5/8 (end=63, n_frames=13/64): reward=-21.1250 (mean, 1 tok)
2026-04-30 15:47:23,369 mme_vla_suite.pseudo_labeling.topreward_qwen_scorer INFO: Prefix 6/8 (end=77, n_frames=16/78): reward=-21.5000 (mean, 1 tok)
2026-04-30 15:47:30,289 mme_vla_suite.pseudo_labeling.topreward_qwen_scorer INFO: Prefix 7/8 (end=90, n_frames=18/91): reward=-18.5000 (mean, 1 tok)
2026-04-30 15:47:37,308 mme_vla_suite.pseudo_labeling.topreward_qwen_scorer INFO: Prefix 8/8 (end=104, n_frames=21/105): reward=-18.7500 (mean, 1 tok)
2026-04-30 15:47:45,250 mme_vla_suite.pseudo_labeling.topreward_qwen_scorer INFO: Prefix 1/8 (end=4, n_frames=4/5): reward=-20.3750 (mean, 1 tok)
2026-04-30 15:47:52,133 mme_vla_suite.pseudo_labeling.topreward_qwen_scorer INFO: Prefix 2/8 (end=10, n_frames=4/11): reward=-20.0000 (mean, 1 tok)
2026-04-30 15:47:59,050 mme_vla_suite.pseudo_labeling.topreward_qwen_scorer INFO: Prefix 3/8 (end=16, n_frames=4/17): reward=-20.6250 (mean, 1 tok)
2026-04-30 15:48:05,950 mme_vla_suite.pseudo_labeling.topreward_qwen_scorer INFO: Prefix 4/8 (end=22, n_frames=5/23): reward=-20.5000 (mean, 1 tok)
2026-04-30 15:48:12,853 mme_vla_suite.pseudo_labeling.topreward_qwen_scorer INFO: Prefix 5/8 (end=28, n_frames=6/29): reward=-20.6250 (mean, 1 tok)
2026-04-30 15:48:19,777 mme_vla_suite.pseudo_labeling.topreward_qwen_scorer INFO: Prefix 6/8 (end=34, n_frames=7/35): reward=-20.7500 (mean, 1 tok)
2026-04-30 15:48:26,634 mme_vla_suite.pseudo_labeling.topreward_qwen_scorer INFO: Prefix 7/8 (end=40, n_frames=8/41): reward=-20.8750 (mean, 1 tok)
2026-04-30 15:48:33,538 mme_vla_suite.pseudo_labeling.topreward_qwen_scorer INFO: Prefix 8/8 (end=47, n_frames=10/48): reward=-19.5000 (mean, 1 tok)
2026-04-30 15:48:41,367 mme_vla_suite.pseudo_labeling.topreward_qwen_scorer INFO: Prefix 1/8 (end=7, n_frames=4/8): reward=-24.1250 (mean, 1 tok)
2026-04-30 15:48:48,224 mme_vla_suite.pseudo_labeling.topreward_qwen_scorer INFO: Prefix 2/8 (end=16, n_frames=4/17): reward=-23.0000 (mean, 1 tok)
2026-04-30 15:48:55,081 mme_vla_suite.pseudo_labeling.topreward_qwen_scorer INFO: Prefix 3/8 (end=26, n_frames=5/27): reward=-21.7500 (mean, 1 tok)
2026-04-30 15:49:01,966 mme_vla_suite.pseudo_labeling.topreward_qwen_scorer INFO: Prefix 4/8 (end=36, n_frames=7/37): reward=-23.3750 (mean, 1 tok)
2026-04-30 15:49:08,848 mme_vla_suite.pseudo_labeling.topreward_qwen_scorer INFO: Prefix 5/8 (end=46, n_frames=9/47): reward=-19.6250 (mean, 1 tok)
2026-04-30 15:49:15,757 mme_vla_suite.pseudo_labeling.topreward_qwen_scorer INFO: Prefix 6/8 (end=56, n_frames=11/57): reward=-21.5000 (mean, 1 tok)
2026-04-30 15:49:22,670 mme_vla_suite.pseudo_labeling.topreward_qwen_scorer INFO: Prefix 7/8 (end=66, n_frames=13/67): reward=-22.5000 (mean, 1 tok)
2026-04-30 15:49:29,643 mme_vla_suite.pseudo_labeling.topreward_qwen_scorer INFO: Prefix 8/8 (end=76, n_frames=15/77): reward=-19.8750 (mean, 1 tok)
2026-04-30 15:49:37,654 mme_vla_suite.pseudo_labeling.topreward_qwen_scorer INFO: Prefix 1/8 (end=8, n_frames=4/9): reward=-24.0000 (mean, 1 tok)
2026-04-30 15:49:44,534 mme_vla_suite.pseudo_labeling.topreward_qwen_scorer INFO: Prefix 2/8 (end=18, n_frames=4/19): reward=-23.6250 (mean, 1 tok)
2026-04-30 15:49:51,433 mme_vla_suite.pseudo_labeling.topreward_qwen_scorer INFO: Prefix 3/8 (end=29, n_frames=6/30): reward=-23.7500 (mean, 1 tok)
2026-04-30 15:49:58,321 mme_vla_suite.pseudo_labeling.topreward_qwen_scorer INFO: Prefix 4/8 (end=40, n_frames=8/41): reward=-22.0000 (mean, 1 tok)
2026-04-30 15:50:05,250 mme_vla_suite.pseudo_labeling.topreward_qwen_scorer INFO: Prefix 5/8 (end=50, n_frames=10/51): reward=-20.5000 (mean, 1 tok)
2026-04-30 15:50:12,144 mme_vla_suite.pseudo_labeling.topreward_qwen_scorer INFO: Prefix 6/8 (end=61, n_frames=12/62): reward=-21.6250 (mean, 1 tok)
2026-04-30 15:50:19,060 mme_vla_suite.pseudo_labeling.topreward_qwen_scorer INFO: Prefix 7/8 (end=72, n_frames=15/73): reward=-18.0000 (mean, 1 tok)
2026-04-30 15:50:25,996 mme_vla_suite.pseudo_labeling.topreward_qwen_scorer INFO: Prefix 8/8 (end=83, n_frames=17/84): reward=-19.6250 (mean, 1 tok)
2026-04-30 15:50:34,261 mme_vla_suite.pseudo_labeling.topreward_qwen_scorer INFO: Prefix 1/8 (end=12, n_frames=4/13): reward=-22.2500 (mean, 1 tok)
2026-04-30 15:50:41,108 mme_vla_suite.pseudo_labeling.topreward_qwen_scorer INFO: Prefix 2/8 (end=27, n_frames=6/28): reward=-22.2500 (mean, 1 tok)
2026-04-30 15:50:47,985 mme_vla_suite.pseudo_labeling.topreward_qwen_scorer INFO: Prefix 3/8 (end=42, n_frames=9/43): reward=-19.6250 (mean, 1 tok)
2026-04-30 15:50:54,873 mme_vla_suite.pseudo_labeling.topreward_qwen_scorer INFO: Prefix 4/8 (end=58, n_frames=12/59): reward=-20.3750 (mean, 1 tok)
2026-04-30 15:51:01,845 mme_vla_suite.pseudo_labeling.topreward_qwen_scorer INFO: Prefix 5/8 (end=73, n_frames=15/74): reward=-17.8750 (mean, 1 tok)
2026-04-30 15:51:08,827 mme_vla_suite.pseudo_labeling.topreward_qwen_scorer INFO: Prefix 6/8 (end=89, n_frames=18/90): reward=-18.0000 (mean, 1 tok)
2026-04-30 15:51:15,823 mme_vla_suite.pseudo_labeling.topreward_qwen_scorer INFO: Prefix 7/8 (end=104, n_frames=21/105): reward=-17.2500 (mean, 1 tok)
2026-04-30 15:51:22,810 mme_vla_suite.pseudo_labeling.topreward_qwen_scorer INFO: Prefix 8/8 (end=120, n_frames=24/121): reward=-17.5000 (mean, 1 tok)
2026-04-30 15:51:30,937 mme_vla_suite.pseudo_labeling.topreward_qwen_scorer INFO: Prefix 1/8 (end=10, n_frames=4/11): reward=-22.2500 (mean, 1 tok)
2026-04-30 15:51:37,807 mme_vla_suite.pseudo_labeling.topreward_qwen_scorer INFO: Prefix 2/8 (end=23, n_frames=5/24): reward=-22.0000 (mean, 1 tok)
2026-04-30 15:51:44,682 mme_vla_suite.pseudo_labeling.topreward_qwen_scorer INFO: Prefix 3/8 (end=37, n_frames=8/38): reward=-20.8750 (mean, 1 tok)
2026-04-30 15:51:51,591 mme_vla_suite.pseudo_labeling.topreward_qwen_scorer INFO: Prefix 4/8 (end=50, n_frames=10/51): reward=-19.3750 (mean, 1 tok)
2026-04-30 15:51:58,513 mme_vla_suite.pseudo_labeling.topreward_qwen_scorer INFO: Prefix 5/8 (end=64, n_frames=13/65): reward=-21.0000 (mean, 1 tok)
2026-04-30 15:52:05,483 mme_vla_suite.pseudo_labeling.topreward_qwen_scorer INFO: Prefix 6/8 (end=77, n_frames=16/78): reward=-21.0000 (mean, 1 tok)
2026-04-30 15:52:12,458 mme_vla_suite.pseudo_labeling.topreward_qwen_scorer INFO: Prefix 7/8 (end=91, n_frames=18/92): reward=-20.6250 (mean, 1 tok)
2026-04-30 15:52:19,484 mme_vla_suite.pseudo_labeling.topreward_qwen_scorer INFO: Prefix 8/8 (end=105, n_frames=21/106): reward=-17.2500 (mean, 1 tok)
2026-04-30 15:52:27,289 mme_vla_suite.pseudo_labeling.topreward_qwen_scorer INFO: Prefix 1/8 (end=11, n_frames=4/12): reward=-22.2500 (mean, 1 tok)
2026-04-30 15:52:34,201 mme_vla_suite.pseudo_labeling.topreward_qwen_scorer INFO: Prefix 2/8 (end=25, n_frames=5/26): reward=-21.2500 (mean, 1 tok)
2026-04-30 15:52:41,136 mme_vla_suite.pseudo_labeling.topreward_qwen_scorer INFO: Prefix 3/8 (end=40, n_frames=8/41): reward=-21.0000 (mean, 1 tok)
2026-04-30 15:52:48,042 mme_vla_suite.pseudo_labeling.topreward_qwen_scorer INFO: Prefix 4/8 (end=55, n_frames=11/56): reward=-20.0000 (mean, 1 tok)
2026-04-30 15:52:54,977 mme_vla_suite.pseudo_labeling.topreward_qwen_scorer INFO: Prefix 5/8 (end=70, n_frames=14/71): reward=-20.8750 (mean, 1 tok)
2026-04-30 15:53:01,930 mme_vla_suite.pseudo_labeling.topreward_qwen_scorer INFO: Prefix 6/8 (end=85, n_frames=17/86): reward=-20.6250 (mean, 1 tok)
2026-04-30 15:53:08,954 mme_vla_suite.pseudo_labeling.topreward_qwen_scorer INFO: Prefix 7/8 (end=100, n_frames=20/101): reward=-21.6250 (mean, 1 tok)
2026-04-30 15:53:15,973 mme_vla_suite.pseudo_labeling.topreward_qwen_scorer INFO: Prefix 8/8 (end=115, n_frames=23/116): reward=-18.7500 (mean, 1 tok)
2026-04-30 15:53:24,227 mme_vla_suite.pseudo_labeling.topreward_qwen_scorer INFO: Prefix 1/8 (end=12, n_frames=4/13): reward=-20.6250 (mean, 1 tok)
2026-04-30 15:53:31,079 mme_vla_suite.pseudo_labeling.topreward_qwen_scorer INFO: Prefix 2/8 (end=27, n_frames=6/28): reward=-20.2500 (mean, 1 tok)
2026-04-30 15:53:37,966 mme_vla_suite.pseudo_labeling.topreward_qwen_scorer INFO: Prefix 3/8 (end=42, n_frames=9/43): reward=-17.1250 (mean, 1 tok)
2026-04-30 15:53:44,875 mme_vla_suite.pseudo_labeling.topreward_qwen_scorer INFO: Prefix 4/8 (end=58, n_frames=12/59): reward=-19.8750 (mean, 1 tok)
2026-04-30 15:53:51,844 mme_vla_suite.pseudo_labeling.topreward_qwen_scorer INFO: Prefix 5/8 (end=73, n_frames=15/74): reward=-18.6250 (mean, 1 tok)
2026-04-30 15:53:58,850 mme_vla_suite.pseudo_labeling.topreward_qwen_scorer INFO: Prefix 6/8 (end=89, n_frames=18/90): reward=-20.1250 (mean, 1 tok)
2026-04-30 15:54:05,843 mme_vla_suite.pseudo_labeling.topreward_qwen_scorer INFO: Prefix 7/8 (end=104, n_frames=21/105): reward=-19.1250 (mean, 1 tok)
2026-04-30 15:54:12,822 mme_vla_suite.pseudo_labeling.topreward_qwen_scorer INFO: Prefix 8/8 (end=120, n_frames=24/121): reward=-18.7500 (mean, 1 tok)
2026-04-30 15:54:20,741 mme_vla_suite.pseudo_labeling.topreward_qwen_scorer INFO: Prefix 1/8 (end=10, n_frames=4/11): reward=-22.6250 (mean, 1 tok)
2026-04-30 15:54:27,621 mme_vla_suite.pseudo_labeling.topreward_qwen_scorer INFO: Prefix 2/8 (end=22, n_frames=5/23): reward=-21.2500 (mean, 1 tok)
2026-04-30 15:54:34,524 mme_vla_suite.pseudo_labeling.topreward_qwen_scorer INFO: Prefix 3/8 (end=35, n_frames=7/36): reward=-21.7500 (mean, 1 tok)
2026-04-30 15:54:41,460 mme_vla_suite.pseudo_labeling.topreward_qwen_scorer INFO: Prefix 4/8 (end=48, n_frames=10/49): reward=-20.6250 (mean, 1 tok)
2026-04-30 15:54:48,385 mme_vla_suite.pseudo_labeling.topreward_qwen_scorer INFO: Prefix 5/8 (end=60, n_frames=12/61): reward=-20.0000 (mean, 1 tok)
2026-04-30 15:54:55,343 mme_vla_suite.pseudo_labeling.topreward_qwen_scorer INFO: Prefix 6/8 (end=73, n_frames=15/74): reward=-21.2500 (mean, 1 tok)
2026-04-30 15:55:02,316 mme_vla_suite.pseudo_labeling.topreward_qwen_scorer INFO: Prefix 7/8 (end=86, n_frames=17/87): reward=-21.0000 (mean, 1 tok)
2026-04-30 15:55:09,315 mme_vla_suite.pseudo_labeling.topreward_qwen_scorer INFO: Prefix 8/8 (end=99, n_frames=20/100): reward=-18.2500 (mean, 1 tok)
2026-04-30 15:55:17,283 mme_vla_suite.pseudo_labeling.topreward_qwen_scorer INFO: Prefix 1/8 (end=10, n_frames=4/11): reward=-22.6250 (mean, 1 tok)
2026-04-30 15:55:24,175 mme_vla_suite.pseudo_labeling.topreward_qwen_scorer INFO: Prefix 2/8 (end=23, n_frames=5/24): reward=-21.6250 (mean, 1 tok)
2026-04-30 15:55:31,033 mme_vla_suite.pseudo_labeling.topreward_qwen_scorer INFO: Prefix 3/8 (end=37, n_frames=8/38): reward=-21.7500 (mean, 1 tok)
2026-04-30 15:55:37,936 mme_vla_suite.pseudo_labeling.topreward_qwen_scorer INFO: Prefix 4/8 (end=51, n_frames=10/52): reward=-20.6250 (mean, 1 tok)
2026-04-30 15:55:44,878 mme_vla_suite.pseudo_labeling.topreward_qwen_scorer INFO: Prefix 5/8 (end=64, n_frames=13/65): reward=-20.7500 (mean, 1 tok)
2026-04-30 15:55:51,878 mme_vla_suite.pseudo_labeling.topreward_qwen_scorer INFO: Prefix 6/8 (end=78, n_frames=16/79): reward=-20.0000 (mean, 1 tok)
2026-04-30 15:55:58,904 mme_vla_suite.pseudo_labeling.topreward_qwen_scorer INFO: Prefix 7/8 (end=92, n_frames=19/93): reward=-20.7500 (mean, 1 tok)
2026-04-30 15:56:05,925 mme_vla_suite.pseudo_labeling.topreward_qwen_scorer INFO: Prefix 8/8 (end=106, n_frames=21/107): reward=-19.0000 (mean, 1 tok)
2026-04-30 15:56:13,976 mme_vla_suite.pseudo_labeling.topreward_qwen_scorer INFO: Prefix 1/8 (end=11, n_frames=4/12): reward=-21.2500 (mean, 1 tok)
2026-04-30 15:56:20,879 mme_vla_suite.pseudo_labeling.topreward_qwen_scorer INFO: Prefix 2/8 (end=25, n_frames=5/26): reward=-21.5000 (mean, 1 tok)
2026-04-30 15:56:27,768 mme_vla_suite.pseudo_labeling.topreward_qwen_scorer INFO: Prefix 3/8 (end=39, n_frames=8/40): reward=-21.0000 (mean, 1 tok)
2026-04-30 15:56:34,662 mme_vla_suite.pseudo_labeling.topreward_qwen_scorer INFO: Prefix 4/8 (end=53, n_frames=11/54): reward=-19.1250 (mean, 1 tok)
2026-04-30 15:56:41,676 mme_vla_suite.pseudo_labeling.topreward_qwen_scorer INFO: Prefix 5/8 (end=67, n_frames=14/68): reward=-20.0000 (mean, 1 tok)
2026-04-30 15:56:48,595 mme_vla_suite.pseudo_labeling.topreward_qwen_scorer INFO: Prefix 6/8 (end=81, n_frames=16/82): reward=-21.3750 (mean, 1 tok)
2026-04-30 15:56:55,559 mme_vla_suite.pseudo_labeling.topreward_qwen_scorer INFO: Prefix 7/8 (end=95, n_frames=19/96): reward=-17.5000 (mean, 1 tok)
2026-04-30 15:57:02,580 mme_vla_suite.pseudo_labeling.topreward_qwen_scorer INFO: Prefix 8/8 (end=110, n_frames=22/111): reward=-17.0000 (mean, 1 tok)
2026-04-30 15:57:10,694 mme_vla_suite.pseudo_labeling.topreward_qwen_scorer INFO: Prefix 1/8 (end=10, n_frames=4/11): reward=-22.7500 (mean, 1 tok)
2026-04-30 15:57:17,593 mme_vla_suite.pseudo_labeling.topreward_qwen_scorer INFO: Prefix 2/8 (end=23, n_frames=5/24): reward=-21.7500 (mean, 1 tok)
2026-04-30 15:57:24,500 mme_vla_suite.pseudo_labeling.topreward_qwen_scorer INFO: Prefix 3/8 (end=37, n_frames=8/38): reward=-22.1250 (mean, 1 tok)
2026-04-30 15:57:31,412 mme_vla_suite.pseudo_labeling.topreward_qwen_scorer INFO: Prefix 4/8 (end=51, n_frames=10/52): reward=-21.0000 (mean, 1 tok)
2026-04-30 15:57:38,337 mme_vla_suite.pseudo_labeling.topreward_qwen_scorer INFO: Prefix 5/8 (end=64, n_frames=13/65): reward=-21.1250 (mean, 1 tok)
2026-04-30 15:57:45,279 mme_vla_suite.pseudo_labeling.topreward_qwen_scorer INFO: Prefix 6/8 (end=78, n_frames=16/79): reward=-22.1250 (mean, 1 tok)
2026-04-30 15:57:52,256 mme_vla_suite.pseudo_labeling.topreward_qwen_scorer INFO: Prefix 7/8 (end=92, n_frames=19/93): reward=-21.0000 (mean, 1 tok)
2026-04-30 15:57:59,303 mme_vla_suite.pseudo_labeling.topreward_qwen_scorer INFO: Prefix 8/8 (end=106, n_frames=21/107): reward=-19.5000 (mean, 1 tok)
2026-04-30 15:58:07,374 mme_vla_suite.pseudo_labeling.topreward_qwen_scorer INFO: Prefix 1/8 (end=11, n_frames=4/12): reward=-22.5000 (mean, 1 tok)
2026-04-30 15:58:14,294 mme_vla_suite.pseudo_labeling.topreward_qwen_scorer INFO: Prefix 2/8 (end=25, n_frames=5/26): reward=-21.8750 (mean, 1 tok)
2026-04-30 15:58:21,254 mme_vla_suite.pseudo_labeling.topreward_qwen_scorer INFO: Prefix 3/8 (end=39, n_frames=8/40): reward=-22.0000 (mean, 1 tok)
2026-04-30 15:58:28,166 mme_vla_suite.pseudo_labeling.topreward_qwen_scorer INFO: Prefix 4/8 (end=54, n_frames=11/55): reward=-21.7500 (mean, 1 tok)
2026-04-30 15:58:35,084 mme_vla_suite.pseudo_labeling.topreward_qwen_scorer INFO: Prefix 5/8 (end=68, n_frames=14/69): reward=-21.7500 (mean, 1 tok)
2026-04-30 15:58:42,023 mme_vla_suite.pseudo_labeling.topreward_qwen_scorer INFO: Prefix 6/8 (end=83, n_frames=17/84): reward=-21.1250 (mean, 1 tok)
2026-04-30 15:58:49,021 mme_vla_suite.pseudo_labeling.topreward_qwen_scorer INFO: Prefix 7/8 (end=97, n_frames=20/98): reward=-20.6250 (mean, 1 tok)
2026-04-30 15:58:56,086 mme_vla_suite.pseudo_labeling.topreward_qwen_scorer INFO: Prefix 8/8 (end=112, n_frames=23/113): reward=-18.3750 (mean, 1 tok)
2026-04-30 15:59:04,235 mme_vla_suite.pseudo_labeling.topreward_qwen_scorer INFO: Prefix 1/8 (end=12, n_frames=4/13): reward=-22.0000 (mean, 1 tok)
2026-04-30 15:59:11,155 mme_vla_suite.pseudo_labeling.topreward_qwen_scorer INFO: Prefix 2/8 (end=27, n_frames=6/28): reward=-22.2500 (mean, 1 tok)
2026-04-30 15:59:18,065 mme_vla_suite.pseudo_labeling.topreward_qwen_scorer INFO: Prefix 3/8 (end=42, n_frames=9/43): reward=-21.7500 (mean, 1 tok)
2026-04-30 15:59:24,961 mme_vla_suite.pseudo_labeling.topreward_qwen_scorer INFO: Prefix 4/8 (end=57, n_frames=12/58): reward=-20.0000 (mean, 1 tok)
2026-04-30 15:59:31,927 mme_vla_suite.pseudo_labeling.topreward_qwen_scorer INFO: Prefix 5/8 (end=73, n_frames=15/74): reward=-17.7500 (mean, 1 tok)
2026-04-30 15:59:38,899 mme_vla_suite.pseudo_labeling.topreward_qwen_scorer INFO: Prefix 6/8 (end=88, n_frames=18/89): reward=-19.7500 (mean, 1 tok)
2026-04-30 15:59:45,918 mme_vla_suite.pseudo_labeling.topreward_qwen_scorer INFO: Prefix 7/8 (end=103, n_frames=21/104): reward=-17.6250 (mean, 1 tok)
2026-04-30 15:59:52,944 mme_vla_suite.pseudo_labeling.topreward_qwen_scorer INFO: Prefix 8/8 (end=119, n_frames=24/120): reward=-18.2500 (mean, 1 tok)
2026-04-30 16:00:01,187 mme_vla_suite.pseudo_labeling.topreward_qwen_scorer INFO: Prefix 1/8 (end=12, n_frames=4/13): reward=-23.1250 (mean, 1 tok)
2026-04-30 16:00:08,102 mme_vla_suite.pseudo_labeling.topreward_qwen_scorer INFO: Prefix 2/8 (end=28, n_frames=6/29): reward=-22.2500 (mean, 1 tok)
2026-04-30 16:00:15,052 mme_vla_suite.pseudo_labeling.topreward_qwen_scorer INFO: Prefix 3/8 (end=44, n_frames=9/45): reward=-21.8750 (mean, 1 tok)
2026-04-30 16:00:21,999 mme_vla_suite.pseudo_labeling.topreward_qwen_scorer INFO: Prefix 4/8 (end=60, n_frames=12/61): reward=-21.6250 (mean, 1 tok)
2026-04-30 16:00:28,979 mme_vla_suite.pseudo_labeling.topreward_qwen_scorer INFO: Prefix 5/8 (end=76, n_frames=15/77): reward=-23.2500 (mean, 1 tok)
2026-04-30 16:00:35,955 mme_vla_suite.pseudo_labeling.topreward_qwen_scorer INFO: Prefix 6/8 (end=92, n_frames=19/93): reward=-22.6250 (mean, 1 tok)
2026-04-30 16:00:42,960 mme_vla_suite.pseudo_labeling.topreward_qwen_scorer INFO: Prefix 7/8 (end=108, n_frames=22/109): reward=-23.2500 (mean, 1 tok)
2026-04-30 16:00:49,998 mme_vla_suite.pseudo_labeling.topreward_qwen_scorer INFO: Prefix 8/8 (end=125, n_frames=25/126): reward=-18.1250 (mean, 1 tok)
2026-04-30 16:00:57,902 mme_vla_suite.pseudo_labeling.topreward_qwen_scorer INFO: Prefix 1/8 (end=4, n_frames=4/5): reward=-20.6250 (mean, 1 tok)
2026-04-30 16:01:04,777 mme_vla_suite.pseudo_labeling.topreward_qwen_scorer INFO: Prefix 2/8 (end=10, n_frames=4/11): reward=-21.1250 (mean, 1 tok)
2026-04-30 16:01:11,667 mme_vla_suite.pseudo_labeling.topreward_qwen_scorer INFO: Prefix 3/8 (end=16, n_frames=4/17): reward=-21.5000 (mean, 1 tok)
2026-04-30 16:01:18,552 mme_vla_suite.pseudo_labeling.topreward_qwen_scorer INFO: Prefix 4/8 (end=22, n_frames=5/23): reward=-22.2500 (mean, 1 tok)
2026-04-30 16:01:25,447 mme_vla_suite.pseudo_labeling.topreward_qwen_scorer INFO: Prefix 5/8 (end=28, n_frames=6/29): reward=-22.6250 (mean, 1 tok)
2026-04-30 16:01:32,372 mme_vla_suite.pseudo_labeling.topreward_qwen_scorer INFO: Prefix 6/8 (end=34, n_frames=7/35): reward=-22.6250 (mean, 1 tok)
2026-04-30 16:01:39,259 mme_vla_suite.pseudo_labeling.topreward_qwen_scorer INFO: Prefix 7/8 (end=40, n_frames=8/41): reward=-22.0000 (mean, 1 tok)
2026-04-30 16:01:46,169 mme_vla_suite.pseudo_labeling.topreward_qwen_scorer INFO: Prefix 8/8 (end=47, n_frames=10/48): reward=-21.3750 (mean, 1 tok)
2026-04-30 16:01:54,042 mme_vla_suite.pseudo_labeling.topreward_qwen_scorer INFO: Prefix 1/8 (end=8, n_frames=4/9): reward=-25.6250 (mean, 1 tok)
2026-04-30 16:02:00,947 mme_vla_suite.pseudo_labeling.topreward_qwen_scorer INFO: Prefix 2/8 (end=19, n_frames=4/20): reward=-25.5000 (mean, 1 tok)
2026-04-30 16:02:07,852 mme_vla_suite.pseudo_labeling.topreward_qwen_scorer INFO: Prefix 3/8 (end=30, n_frames=6/31): reward=-24.6250 (mean, 1 tok)
2026-04-30 16:02:14,743 mme_vla_suite.pseudo_labeling.topreward_qwen_scorer INFO: Prefix 4/8 (end=41, n_frames=8/42): reward=-24.2500 (mean, 1 tok)
2026-04-30 16:02:21,661 mme_vla_suite.pseudo_labeling.topreward_qwen_scorer INFO: Prefix 5/8 (end=53, n_frames=11/54): reward=-24.6250 (mean, 1 tok)
2026-04-30 16:02:28,605 mme_vla_suite.pseudo_labeling.topreward_qwen_scorer INFO: Prefix 6/8 (end=64, n_frames=13/65): reward=-24.6250 (mean, 1 tok)
2026-04-30 16:02:35,590 mme_vla_suite.pseudo_labeling.topreward_qwen_scorer INFO: Prefix 7/8 (end=75, n_frames=15/76): reward=-24.7500 (mean, 1 tok)
2026-04-30 16:02:42,563 mme_vla_suite.pseudo_labeling.topreward_qwen_scorer INFO: Prefix 8/8 (end=87, n_frames=18/88): reward=-19.0000 (mean, 1 tok)
2026-04-30 16:02:50,307 mme_vla_suite.pseudo_labeling.topreward_qwen_scorer INFO: Prefix 1/8 (end=10, n_frames=4/11): reward=-25.6250 (mean, 1 tok)
2026-04-30 16:02:57,155 mme_vla_suite.pseudo_labeling.topreward_qwen_scorer INFO: Prefix 2/8 (end=22, n_frames=5/23): reward=-24.7500 (mean, 1 tok)
2026-04-30 16:03:04,017 mme_vla_suite.pseudo_labeling.topreward_qwen_scorer INFO: Prefix 3/8 (end=35, n_frames=7/36): reward=-25.0000 (mean, 1 tok)
2026-04-30 16:03:10,916 mme_vla_suite.pseudo_labeling.topreward_qwen_scorer INFO: Prefix 4/8 (end=48, n_frames=10/49): reward=-24.5000 (mean, 1 tok)
2026-04-30 16:03:17,817 mme_vla_suite.pseudo_labeling.topreward_qwen_scorer INFO: Prefix 5/8 (end=60, n_frames=12/61): reward=-23.8750 (mean, 1 tok)
2026-04-30 16:03:24,747 mme_vla_suite.pseudo_labeling.topreward_qwen_scorer INFO: Prefix 6/8 (end=73, n_frames=15/74): reward=-24.6250 (mean, 1 tok)
2026-04-30 16:03:31,649 mme_vla_suite.pseudo_labeling.topreward_qwen_scorer INFO: Prefix 7/8 (end=86, n_frames=17/87): reward=-19.8750 (mean, 1 tok)
2026-04-30 16:03:38,596 mme_vla_suite.pseudo_labeling.topreward_qwen_scorer INFO: Prefix 8/8 (end=99, n_frames=20/100): reward=-20.5000 (mean, 1 tok)
2026-04-30 16:03:46,801 mme_vla_suite.pseudo_labeling.topreward_qwen_scorer INFO: Prefix 1/8 (end=11, n_frames=4/12): reward=-21.0000 (mean, 1 tok)
2026-04-30 16:03:53,848 mme_vla_suite.pseudo_labeling.topreward_qwen_scorer INFO: Prefix 2/8 (end=25, n_frames=5/26): reward=-21.3750 (mean, 1 tok)
2026-04-30 16:04:00,750 mme_vla_suite.pseudo_labeling.topreward_qwen_scorer INFO: Prefix 3/8 (end=39, n_frames=8/40): reward=-19.3750 (mean, 1 tok)
2026-04-30 16:04:07,655 mme_vla_suite.pseudo_labeling.topreward_qwen_scorer INFO: Prefix 4/8 (end=53, n_frames=11/54): reward=-20.0000 (mean, 1 tok)
2026-04-30 16:04:14,557 mme_vla_suite.pseudo_labeling.topreward_qwen_scorer INFO: Prefix 5/8 (end=67, n_frames=14/68): reward=-20.7500 (mean, 1 tok)
2026-04-30 16:04:21,482 mme_vla_suite.pseudo_labeling.topreward_qwen_scorer INFO: Prefix 6/8 (end=81, n_frames=16/82): reward=-22.0000 (mean, 1 tok)
2026-04-30 16:04:28,442 mme_vla_suite.pseudo_labeling.topreward_qwen_scorer INFO: Prefix 7/8 (end=95, n_frames=19/96): reward=-18.5000 (mean, 1 tok)
2026-04-30 16:04:35,460 mme_vla_suite.pseudo_labeling.topreward_qwen_scorer INFO: Prefix 8/8 (end=110, n_frames=22/111): reward=-17.2500 (mean, 1 tok)
2026-04-30 16:04:43,427 mme_vla_suite.pseudo_labeling.topreward_qwen_scorer INFO: Prefix 1/8 (end=10, n_frames=4/11): reward=-22.6250 (mean, 1 tok)
2026-04-30 16:04:50,309 mme_vla_suite.pseudo_labeling.topreward_qwen_scorer INFO: Prefix 2/8 (end=23, n_frames=5/24): reward=-22.3750 (mean, 1 tok)
2026-04-30 16:04:57,180 mme_vla_suite.pseudo_labeling.topreward_qwen_scorer INFO: Prefix 3/8 (end=36, n_frames=7/37): reward=-21.8750 (mean, 1 tok)
2026-04-30 16:05:04,106 mme_vla_suite.pseudo_labeling.topreward_qwen_scorer INFO: Prefix 4/8 (end=49, n_frames=10/50): reward=-22.0000 (mean, 1 tok)
2026-04-30 16:05:11,006 mme_vla_suite.pseudo_labeling.topreward_qwen_scorer INFO: Prefix 5/8 (end=63, n_frames=13/64): reward=-21.6250 (mean, 1 tok)
2026-04-30 16:05:17,915 mme_vla_suite.pseudo_labeling.topreward_qwen_scorer INFO: Prefix 6/8 (end=76, n_frames=15/77): reward=-21.2500 (mean, 1 tok)
2026-04-30 16:05:24,887 mme_vla_suite.pseudo_labeling.topreward_qwen_scorer INFO: Prefix 7/8 (end=89, n_frames=18/90): reward=-20.6250 (mean, 1 tok)
2026-04-30 16:05:31,846 mme_vla_suite.pseudo_labeling.topreward_qwen_scorer INFO: Prefix 8/8 (end=103, n_frames=21/104): reward=-18.7500 (mean, 1 tok)
2026-04-30 16:05:39,411 mme_vla_suite.pseudo_labeling.topreward_qwen_scorer INFO: Prefix 1/8 (end=11, n_frames=4/12): reward=-22.7500 (mean, 1 tok)
2026-04-30 16:05:46,265 mme_vla_suite.pseudo_labeling.topreward_qwen_scorer INFO: Prefix 2/8 (end=25, n_frames=5/26): reward=-22.5000 (mean, 1 tok)
2026-04-30 16:05:53,134 mme_vla_suite.pseudo_labeling.topreward_qwen_scorer INFO: Prefix 3/8 (end=40, n_frames=8/41): reward=-22.6250 (mean, 1 tok)
2026-04-30 16:06:00,074 mme_vla_suite.pseudo_labeling.topreward_qwen_scorer INFO: Prefix 4/8 (end=54, n_frames=11/55): reward=-21.7500 (mean, 1 tok)
2026-04-30 16:06:07,023 mme_vla_suite.pseudo_labeling.topreward_qwen_scorer INFO: Prefix 5/8 (end=69, n_frames=14/70): reward=-21.5000 (mean, 1 tok)
2026-04-30 16:06:13,899 mme_vla_suite.pseudo_labeling.topreward_qwen_scorer INFO: Prefix 6/8 (end=83, n_frames=17/84): reward=-19.7500 (mean, 1 tok)
2026-04-30 16:06:20,833 mme_vla_suite.pseudo_labeling.topreward_qwen_scorer INFO: Prefix 7/8 (end=98, n_frames=20/99): reward=-18.3750 (mean, 1 tok)
2026-04-30 16:06:27,863 mme_vla_suite.pseudo_labeling.topreward_qwen_scorer INFO: Prefix 8/8 (end=113, n_frames=23/114): reward=-20.1250 (mean, 1 tok)
2026-04-30 16:06:36,055 mme_vla_suite.pseudo_labeling.topreward_qwen_scorer INFO: Prefix 1/8 (end=12, n_frames=4/13): reward=-21.6250 (mean, 1 tok)
2026-04-30 16:06:42,914 mme_vla_suite.pseudo_labeling.topreward_qwen_scorer INFO: Prefix 2/8 (end=27, n_frames=6/28): reward=-22.1250 (mean, 1 tok)
2026-04-30 16:06:49,795 mme_vla_suite.pseudo_labeling.topreward_qwen_scorer INFO: Prefix 3/8 (end=43, n_frames=9/44): reward=-19.1250 (mean, 1 tok)
2026-04-30 16:06:56,695 mme_vla_suite.pseudo_labeling.topreward_qwen_scorer INFO: Prefix 4/8 (end=59, n_frames=12/60): reward=-19.2500 (mean, 1 tok)
2026-04-30 16:07:03,646 mme_vla_suite.pseudo_labeling.topreward_qwen_scorer INFO: Prefix 5/8 (end=75, n_frames=15/76): reward=-17.2500 (mean, 1 tok)
2026-04-30 16:07:10,639 mme_vla_suite.pseudo_labeling.topreward_qwen_scorer INFO: Prefix 6/8 (end=91, n_frames=18/92): reward=-18.2500 (mean, 1 tok)
2026-04-30 16:07:17,669 mme_vla_suite.pseudo_labeling.topreward_qwen_scorer INFO: Prefix 7/8 (end=107, n_frames=22/108): reward=-17.7500 (mean, 1 tok)
2026-04-30 16:07:24,756 mme_vla_suite.pseudo_labeling.topreward_qwen_scorer INFO: Prefix 8/8 (end=123, n_frames=25/124): reward=-18.0000 (mean, 1 tok)
2026-04-30 16:07:32,800 mme_vla_suite.pseudo_labeling.topreward_qwen_scorer INFO: Prefix 1/8 (end=9, n_frames=4/10): reward=-22.3750 (mean, 1 tok)
2026-04-30 16:07:39,690 mme_vla_suite.pseudo_labeling.topreward_qwen_scorer INFO: Prefix 2/8 (end=20, n_frames=4/21): reward=-22.6250 (mean, 1 tok)
2026-04-30 16:07:46,726 mme_vla_suite.pseudo_labeling.topreward_qwen_scorer INFO: Prefix 3/8 (end=32, n_frames=7/33): reward=-21.1250 (mean, 1 tok)
2026-04-30 16:07:53,619 mme_vla_suite.pseudo_labeling.topreward_qwen_scorer INFO: Prefix 4/8 (end=44, n_frames=9/45): reward=-21.6250 (mean, 1 tok)
2026-04-30 16:08:00,515 mme_vla_suite.pseudo_labeling.topreward_qwen_scorer INFO: Prefix 5/8 (end=56, n_frames=11/57): reward=-19.8750 (mean, 1 tok)
2026-04-30 16:08:07,414 mme_vla_suite.pseudo_labeling.topreward_qwen_scorer INFO: Prefix 6/8 (end=68, n_frames=14/69): reward=-20.7500 (mean, 1 tok)
2026-04-30 16:08:14,390 mme_vla_suite.pseudo_labeling.topreward_qwen_scorer INFO: Prefix 7/8 (end=80, n_frames=16/81): reward=-21.1250 (mean, 1 tok)
2026-04-30 16:08:21,360 mme_vla_suite.pseudo_labeling.topreward_qwen_scorer INFO: Prefix 8/8 (end=92, n_frames=19/93): reward=-18.0000 (mean, 1 tok)
2026-04-30 16:08:29,337 mme_vla_suite.pseudo_labeling.topreward_qwen_scorer INFO: Prefix 1/8 (end=10, n_frames=4/11): reward=-22.3750 (mean, 1 tok)
2026-04-30 16:08:36,254 mme_vla_suite.pseudo_labeling.topreward_qwen_scorer INFO: Prefix 2/8 (end=23, n_frames=5/24): reward=-22.3750 (mean, 1 tok)
2026-04-30 16:08:43,145 mme_vla_suite.pseudo_labeling.topreward_qwen_scorer INFO: Prefix 3/8 (end=36, n_frames=7/37): reward=-21.2500 (mean, 1 tok)
2026-04-30 16:08:50,030 mme_vla_suite.pseudo_labeling.topreward_qwen_scorer INFO: Prefix 4/8 (end=49, n_frames=10/50): reward=-21.1250 (mean, 1 tok)
2026-04-30 16:08:56,895 mme_vla_suite.pseudo_labeling.topreward_qwen_scorer INFO: Prefix 5/8 (end=62, n_frames=13/63): reward=-19.8750 (mean, 1 tok)
2026-04-30 16:09:03,869 mme_vla_suite.pseudo_labeling.topreward_qwen_scorer INFO: Prefix 6/8 (end=75, n_frames=15/76): reward=-21.1250 (mean, 1 tok)
2026-04-30 16:09:10,818 mme_vla_suite.pseudo_labeling.topreward_qwen_scorer INFO: Prefix 7/8 (end=88, n_frames=18/89): reward=-17.7500 (mean, 1 tok)
2026-04-30 16:09:17,829 mme_vla_suite.pseudo_labeling.topreward_qwen_scorer INFO: Prefix 8/8 (end=102, n_frames=21/103): reward=-18.0000 (mean, 1 tok)
2026-04-30 16:09:25,870 mme_vla_suite.pseudo_labeling.topreward_qwen_scorer INFO: Prefix 1/8 (end=11, n_frames=4/12): reward=-21.2500 (mean, 1 tok)
2026-04-30 16:09:32,858 mme_vla_suite.pseudo_labeling.topreward_qwen_scorer INFO: Prefix 2/8 (end=25, n_frames=5/26): reward=-21.7500 (mean, 1 tok)
2026-04-30 16:09:39,875 mme_vla_suite.pseudo_labeling.topreward_qwen_scorer INFO: Prefix 3/8 (end=39, n_frames=8/40): reward=-21.0000 (mean, 1 tok)
2026-04-30 16:09:46,951 mme_vla_suite.pseudo_labeling.topreward_qwen_scorer INFO: Prefix 4/8 (end=53, n_frames=11/54): reward=-21.0000 (mean, 1 tok)
2026-04-30 16:09:53,877 mme_vla_suite.pseudo_labeling.topreward_qwen_scorer INFO: Prefix 5/8 (end=68, n_frames=14/69): reward=-22.0000 (mean, 1 tok)
2026-04-30 16:10:01,049 mme_vla_suite.pseudo_labeling.topreward_qwen_scorer INFO: Prefix 6/8 (end=82, n_frames=17/83): reward=-24.2500 (mean, 1 tok)
2026-04-30 16:10:08,054 mme_vla_suite.pseudo_labeling.topreward_qwen_scorer INFO: Prefix 7/8 (end=96, n_frames=19/97): reward=-19.3750 (mean, 1 tok)
2026-04-30 16:10:15,058 mme_vla_suite.pseudo_labeling.topreward_qwen_scorer INFO: Prefix 8/8 (end=111, n_frames=22/112): reward=-19.5000 (mean, 1 tok)
2026-04-30 16:10:23,156 mme_vla_suite.pseudo_labeling.topreward_qwen_scorer INFO: Prefix 1/8 (end=11, n_frames=4/12): reward=-23.0000 (mean, 1 tok)
2026-04-30 16:10:30,042 mme_vla_suite.pseudo_labeling.topreward_qwen_scorer INFO: Prefix 2/8 (end=25, n_frames=5/26): reward=-22.7500 (mean, 1 tok)
2026-04-30 16:10:36,926 mme_vla_suite.pseudo_labeling.topreward_qwen_scorer INFO: Prefix 3/8 (end=40, n_frames=8/41): reward=-22.6250 (mean, 1 tok)
2026-04-30 16:10:43,806 mme_vla_suite.pseudo_labeling.topreward_qwen_scorer INFO: Prefix 4/8 (end=54, n_frames=11/55): reward=-21.6250 (mean, 1 tok)
2026-04-30 16:10:50,723 mme_vla_suite.pseudo_labeling.topreward_qwen_scorer INFO: Prefix 5/8 (end=69, n_frames=14/70): reward=-21.6250 (mean, 1 tok)
2026-04-30 16:10:57,633 mme_vla_suite.pseudo_labeling.topreward_qwen_scorer INFO: Prefix 6/8 (end=83, n_frames=17/84): reward=-19.8750 (mean, 1 tok)
2026-04-30 16:11:04,573 mme_vla_suite.pseudo_labeling.topreward_qwen_scorer INFO: Prefix 7/8 (end=98, n_frames=20/99): reward=-20.5000 (mean, 1 tok)
2026-04-30 16:11:11,540 mme_vla_suite.pseudo_labeling.topreward_qwen_scorer INFO: Prefix 8/8 (end=113, n_frames=23/114): reward=-18.3750 (mean, 1 tok)
2026-04-30 16:11:19,324 mme_vla_suite.pseudo_labeling.topreward_qwen_scorer INFO: Prefix 1/8 (end=12, n_frames=4/13): reward=-22.8750 (mean, 1 tok)
2026-04-30 16:11:26,210 mme_vla_suite.pseudo_labeling.topreward_qwen_scorer INFO: Prefix 2/8 (end=28, n_frames=6/29): reward=-22.6250 (mean, 1 tok)
2026-04-30 16:11:33,128 mme_vla_suite.pseudo_labeling.topreward_qwen_scorer INFO: Prefix 3/8 (end=44, n_frames=9/45): reward=-21.7500 (mean, 1 tok)
2026-04-30 16:11:40,032 mme_vla_suite.pseudo_labeling.topreward_qwen_scorer INFO: Prefix 4/8 (end=60, n_frames=12/61): reward=-21.8750 (mean, 1 tok)
2026-04-30 16:11:46,944 mme_vla_suite.pseudo_labeling.topreward_qwen_scorer INFO: Prefix 5/8 (end=76, n_frames=15/77): reward=-21.1250 (mean, 1 tok)
2026-04-30 16:11:53,859 mme_vla_suite.pseudo_labeling.topreward_qwen_scorer INFO: Prefix 6/8 (end=92, n_frames=19/93): reward=-19.8750 (mean, 1 tok)
2026-04-30 16:12:00,836 mme_vla_suite.pseudo_labeling.topreward_qwen_scorer INFO: Prefix 7/8 (end=108, n_frames=22/109): reward=-18.2500 (mean, 1 tok)
2026-04-30 16:12:07,843 mme_vla_suite.pseudo_labeling.topreward_qwen_scorer INFO: Prefix 8/8 (end=124, n_frames=25/125): reward=-18.8750 (mean, 1 tok)
2026-04-30 16:12:15,830 mme_vla_suite.pseudo_labeling.topreward_qwen_scorer INFO: Prefix 1/8 (end=11, n_frames=4/12): reward=-21.7500 (mean, 1 tok)
2026-04-30 16:12:22,652 mme_vla_suite.pseudo_labeling.topreward_qwen_scorer INFO: Prefix 2/8 (end=25, n_frames=5/26): reward=-22.2500 (mean, 1 tok)
2026-04-30 16:12:29,519 mme_vla_suite.pseudo_labeling.topreward_qwen_scorer INFO: Prefix 3/8 (end=39, n_frames=8/40): reward=-21.1250 (mean, 1 tok)
2026-04-30 16:12:36,364 mme_vla_suite.pseudo_labeling.topreward_qwen_scorer INFO: Prefix 4/8 (end=53, n_frames=11/54): reward=-20.0000 (mean, 1 tok)
2026-04-30 16:12:43,221 mme_vla_suite.pseudo_labeling.topreward_qwen_scorer INFO: Prefix 5/8 (end=67, n_frames=14/68): reward=-21.8750 (mean, 1 tok)
2026-04-30 16:12:50,125 mme_vla_suite.pseudo_labeling.topreward_qwen_scorer INFO: Prefix 6/8 (end=81, n_frames=16/82): reward=-21.8750 (mean, 1 tok)
2026-04-30 16:12:57,046 mme_vla_suite.pseudo_labeling.topreward_qwen_scorer INFO: Prefix 7/8 (end=95, n_frames=19/96): reward=-19.5000 (mean, 1 tok)
2026-04-30 16:13:03,996 mme_vla_suite.pseudo_labeling.topreward_qwen_scorer INFO: Prefix 8/8 (end=109, n_frames=22/110): reward=-18.2500 (mean, 1 tok)
2026-04-30 16:13:12,133 mme_vla_suite.pseudo_labeling.topreward_qwen_scorer INFO: Prefix 1/8 (end=10, n_frames=4/11): reward=-23.1250 (mean, 1 tok)
2026-04-30 16:13:18,956 mme_vla_suite.pseudo_labeling.topreward_qwen_scorer INFO: Prefix 2/8 (end=23, n_frames=5/24): reward=-21.8750 (mean, 1 tok)
2026-04-30 16:13:25,857 mme_vla_suite.pseudo_labeling.topreward_qwen_scorer INFO: Prefix 3/8 (end=37, n_frames=8/38): reward=-22.1250 (mean, 1 tok)
2026-04-30 16:13:32,719 mme_vla_suite.pseudo_labeling.topreward_qwen_scorer INFO: Prefix 4/8 (end=51, n_frames=10/52): reward=-21.7500 (mean, 1 tok)
2026-04-30 16:13:39,578 mme_vla_suite.pseudo_labeling.topreward_qwen_scorer INFO: Prefix 5/8 (end=64, n_frames=13/65): reward=-21.1250 (mean, 1 tok)
2026-04-30 16:13:46,502 mme_vla_suite.pseudo_labeling.topreward_qwen_scorer INFO: Prefix 6/8 (end=78, n_frames=16/79): reward=-21.3750 (mean, 1 tok)
2026-04-30 16:13:53,485 mme_vla_suite.pseudo_labeling.topreward_qwen_scorer INFO: Prefix 7/8 (end=92, n_frames=19/93): reward=-17.8750 (mean, 1 tok)
2026-04-30 16:14:00,461 mme_vla_suite.pseudo_labeling.topreward_qwen_scorer INFO: Prefix 8/8 (end=106, n_frames=21/107): reward=-17.7500 (mean, 1 tok)
2026-04-30 16:14:08,428 mme_vla_suite.pseudo_labeling.topreward_qwen_scorer INFO: Prefix 1/8 (end=5, n_frames=4/6): reward=-20.0000 (mean, 1 tok)
2026-04-30 16:14:15,338 mme_vla_suite.pseudo_labeling.topreward_qwen_scorer INFO: Prefix 2/8 (end=11, n_frames=4/12): reward=-19.2500 (mean, 1 tok)
2026-04-30 16:14:22,285 mme_vla_suite.pseudo_labeling.topreward_qwen_scorer INFO: Prefix 3/8 (end=18, n_frames=4/19): reward=-19.7500 (mean, 1 tok)
2026-04-30 16:14:29,181 mme_vla_suite.pseudo_labeling.topreward_qwen_scorer INFO: Prefix 4/8 (end=24, n_frames=5/25): reward=-20.8750 (mean, 1 tok)
2026-04-30 16:14:36,051 mme_vla_suite.pseudo_labeling.topreward_qwen_scorer INFO: Prefix 5/8 (end=31, n_frames=6/32): reward=-19.7500 (mean, 1 tok)
2026-04-30 16:14:42,925 mme_vla_suite.pseudo_labeling.topreward_qwen_scorer INFO: Prefix 6/8 (end=37, n_frames=8/38): reward=-21.0000 (mean, 1 tok)
2026-04-30 16:14:49,770 mme_vla_suite.pseudo_labeling.topreward_qwen_scorer INFO: Prefix 7/8 (end=44, n_frames=9/45): reward=-20.5000 (mean, 1 tok)
2026-04-30 16:14:56,635 mme_vla_suite.pseudo_labeling.topreward_qwen_scorer INFO: Prefix 8/8 (end=51, n_frames=10/52): reward=-20.0000 (mean, 1 tok)
2026-04-30 16:15:04,481 mme_vla_suite.pseudo_labeling.topreward_qwen_scorer INFO: Prefix 1/8 (end=8, n_frames=4/9): reward=-23.1250 (mean, 1 tok)
2026-04-30 16:15:11,356 mme_vla_suite.pseudo_labeling.topreward_qwen_scorer INFO: Prefix 2/8 (end=19, n_frames=4/20): reward=-21.8750 (mean, 1 tok)
2026-04-30 16:15:18,249 mme_vla_suite.pseudo_labeling.topreward_qwen_scorer INFO: Prefix 3/8 (end=30, n_frames=6/31): reward=-21.3750 (mean, 1 tok)
2026-04-30 16:15:25,166 mme_vla_suite.pseudo_labeling.topreward_qwen_scorer INFO: Prefix 4/8 (end=41, n_frames=8/42): reward=-21.5000 (mean, 1 tok)
2026-04-30 16:15:32,083 mme_vla_suite.pseudo_labeling.topreward_qwen_scorer INFO: Prefix 5/8 (end=52, n_frames=11/53): reward=-20.6250 (mean, 1 tok)
2026-04-30 16:15:38,998 mme_vla_suite.pseudo_labeling.topreward_qwen_scorer INFO: Prefix 6/8 (end=63, n_frames=13/64): reward=-20.5000 (mean, 1 tok)
2026-04-30 16:15:45,915 mme_vla_suite.pseudo_labeling.topreward_qwen_scorer INFO: Prefix 7/8 (end=74, n_frames=15/75): reward=-22.3750 (mean, 1 tok)
2026-04-30 16:15:52,849 mme_vla_suite.pseudo_labeling.topreward_qwen_scorer INFO: Prefix 8/8 (end=86, n_frames=17/87): reward=-19.0000 (mean, 1 tok)
2026-04-30 16:16:00,742 mme_vla_suite.pseudo_labeling.topreward_qwen_scorer INFO: Prefix 1/8 (end=9, n_frames=4/10): reward=-22.8750 (mean, 1 tok)
2026-04-30 16:16:07,622 mme_vla_suite.pseudo_labeling.topreward_qwen_scorer INFO: Prefix 2/8 (end=21, n_frames=4/22): reward=-22.3750 (mean, 1 tok)
2026-04-30 16:16:14,487 mme_vla_suite.pseudo_labeling.topreward_qwen_scorer INFO: Prefix 3/8 (end=34, n_frames=7/35): reward=-21.8750 (mean, 1 tok)
2026-04-30 16:16:21,407 mme_vla_suite.pseudo_labeling.topreward_qwen_scorer INFO: Prefix 4/8 (end=47, n_frames=10/48): reward=-20.2500 (mean, 1 tok)
2026-04-30 16:16:28,297 mme_vla_suite.pseudo_labeling.topreward_qwen_scorer INFO: Prefix 5/8 (end=59, n_frames=12/60): reward=-19.1250 (mean, 1 tok)
2026-04-30 16:16:35,226 mme_vla_suite.pseudo_labeling.topreward_qwen_scorer INFO: Prefix 6/8 (end=72, n_frames=15/73): reward=-22.8750 (mean, 1 tok)
2026-04-30 16:16:42,182 mme_vla_suite.pseudo_labeling.topreward_qwen_scorer INFO: Prefix 7/8 (end=85, n_frames=17/86): reward=-18.5000 (mean, 1 tok)
2026-04-30 16:16:49,155 mme_vla_suite.pseudo_labeling.topreward_qwen_scorer INFO: Prefix 8/8 (end=98, n_frames=20/99): reward=-18.2500 (mean, 1 tok)
2026-04-30 16:16:57,156 mme_vla_suite.pseudo_labeling.topreward_qwen_scorer INFO: Prefix 1/8 (end=12, n_frames=4/13): reward=-23.5000 (mean, 1 tok)
2026-04-30 16:17:04,042 mme_vla_suite.pseudo_labeling.topreward_qwen_scorer INFO: Prefix 2/8 (end=27, n_frames=6/28): reward=-23.6250 (mean, 1 tok)
2026-04-30 16:17:10,944 mme_vla_suite.pseudo_labeling.topreward_qwen_scorer INFO: Prefix 3/8 (end=43, n_frames=9/44): reward=-20.6250 (mean, 1 tok)
2026-04-30 16:17:17,852 mme_vla_suite.pseudo_labeling.topreward_qwen_scorer INFO: Prefix 4/8 (end=58, n_frames=12/59): reward=-19.6250 (mean, 1 tok)
2026-04-30 16:17:24,847 mme_vla_suite.pseudo_labeling.topreward_qwen_scorer INFO: Prefix 5/8 (end=74, n_frames=15/75): reward=-19.2500 (mean, 1 tok)
2026-04-30 16:17:31,860 mme_vla_suite.pseudo_labeling.topreward_qwen_scorer INFO: Prefix 6/8 (end=89, n_frames=18/90): reward=-20.3750 (mean, 1 tok)
2026-04-30 16:17:38,854 mme_vla_suite.pseudo_labeling.topreward_qwen_scorer INFO: Prefix 7/8 (end=105, n_frames=21/106): reward=-18.0000 (mean, 1 tok)
2026-04-30 16:17:45,879 mme_vla_suite.pseudo_labeling.topreward_qwen_scorer INFO: Prefix 8/8 (end=121, n_frames=24/122): reward=-19.5000 (mean, 1 tok)
2026-04-30 16:17:54,040 mme_vla_suite.pseudo_labeling.topreward_qwen_scorer INFO: Prefix 1/8 (end=10, n_frames=4/11): reward=-23.0000 (mean, 1 tok)
2026-04-30 16:18:00,900 mme_vla_suite.pseudo_labeling.topreward_qwen_scorer INFO: Prefix 2/8 (end=24, n_frames=5/25): reward=-22.5000 (mean, 1 tok)
2026-04-30 16:18:07,776 mme_vla_suite.pseudo_labeling.topreward_qwen_scorer INFO: Prefix 3/8 (end=38, n_frames=8/39): reward=-22.2500 (mean, 1 tok)
2026-04-30 16:18:14,698 mme_vla_suite.pseudo_labeling.topreward_qwen_scorer INFO: Prefix 4/8 (end=52, n_frames=11/53): reward=-20.6250 (mean, 1 tok)
2026-04-30 16:18:21,644 mme_vla_suite.pseudo_labeling.topreward_qwen_scorer INFO: Prefix 5/8 (end=66, n_frames=13/67): reward=-21.6250 (mean, 1 tok)
2026-04-30 16:18:28,623 mme_vla_suite.pseudo_labeling.topreward_qwen_scorer INFO: Prefix 6/8 (end=80, n_frames=16/81): reward=-20.8750 (mean, 1 tok)
2026-04-30 16:18:35,635 mme_vla_suite.pseudo_labeling.topreward_qwen_scorer INFO: Prefix 7/8 (end=94, n_frames=19/95): reward=-21.0000 (mean, 1 tok)
2026-04-30 16:18:42,633 mme_vla_suite.pseudo_labeling.topreward_qwen_scorer INFO: Prefix 8/8 (end=108, n_frames=22/109): reward=-18.6250 (mean, 1 tok)
2026-04-30 16:18:50,385 mme_vla_suite.pseudo_labeling.topreward_qwen_scorer INFO: Prefix 1/8 (end=11, n_frames=4/12): reward=-22.7500 (mean, 1 tok)
2026-04-30 16:18:57,207 mme_vla_suite.pseudo_labeling.topreward_qwen_scorer INFO: Prefix 2/8 (end=26, n_frames=5/27): reward=-22.7500 (mean, 1 tok)
2026-04-30 16:19:04,054 mme_vla_suite.pseudo_labeling.topreward_qwen_scorer INFO: Prefix 3/8 (end=41, n_frames=8/42): reward=-22.2500 (mean, 1 tok)
2026-04-30 16:19:10,926 mme_vla_suite.pseudo_labeling.topreward_qwen_scorer INFO: Prefix 4/8 (end=56, n_frames=11/57): reward=-21.7500 (mean, 1 tok)
2026-04-30 16:19:17,826 mme_vla_suite.pseudo_labeling.topreward_qwen_scorer INFO: Prefix 5/8 (end=71, n_frames=14/72): reward=-21.8750 (mean, 1 tok)
2026-04-30 16:19:24,727 mme_vla_suite.pseudo_labeling.topreward_qwen_scorer INFO: Prefix 6/8 (end=86, n_frames=17/87): reward=-21.1250 (mean, 1 tok)
2026-04-30 16:19:31,683 mme_vla_suite.pseudo_labeling.topreward_qwen_scorer INFO: Prefix 7/8 (end=101, n_frames=20/102): reward=-21.2500 (mean, 1 tok)
2026-04-30 16:19:38,714 mme_vla_suite.pseudo_labeling.topreward_qwen_scorer INFO: Prefix 8/8 (end=117, n_frames=24/118): reward=-19.3750 (mean, 1 tok)
2026-04-30 16:19:46,585 mme_vla_suite.pseudo_labeling.topreward_qwen_scorer INFO: Prefix 1/8 (end=11, n_frames=4/12): reward=-20.3750 (mean, 1 tok)
2026-04-30 16:19:53,487 mme_vla_suite.pseudo_labeling.topreward_qwen_scorer INFO: Prefix 2/8 (end=25, n_frames=5/26): reward=-20.1250 (mean, 1 tok)
2026-04-30 16:20:00,374 mme_vla_suite.pseudo_labeling.topreward_qwen_scorer INFO: Prefix 3/8 (end=40, n_frames=8/41): reward=-19.3750 (mean, 1 tok)
2026-04-30 16:20:07,272 mme_vla_suite.pseudo_labeling.topreward_qwen_scorer INFO: Prefix 4/8 (end=54, n_frames=11/55): reward=-16.7500 (mean, 1 tok)
2026-04-30 16:20:14,192 mme_vla_suite.pseudo_labeling.topreward_qwen_scorer INFO: Prefix 5/8 (end=69, n_frames=14/70): reward=-17.8750 (mean, 1 tok)
2026-04-30 16:20:21,135 mme_vla_suite.pseudo_labeling.topreward_qwen_scorer INFO: Prefix 6/8 (end=83, n_frames=17/84): reward=-21.1250 (mean, 1 tok)
2026-04-30 16:20:28,119 mme_vla_suite.pseudo_labeling.topreward_qwen_scorer INFO: Prefix 7/8 (end=98, n_frames=20/99): reward=-18.1250 (mean, 1 tok)
2026-04-30 16:20:35,104 mme_vla_suite.pseudo_labeling.topreward_qwen_scorer INFO: Prefix 8/8 (end=113, n_frames=23/114): reward=-17.3750 (mean, 1 tok)
2026-04-30 16:20:43,055 mme_vla_suite.pseudo_labeling.topreward_qwen_scorer INFO: Prefix 1/8 (end=9, n_frames=4/10): reward=-22.0000 (mean, 1 tok)
2026-04-30 16:20:49,948 mme_vla_suite.pseudo_labeling.topreward_qwen_scorer INFO: Prefix 2/8 (end=21, n_frames=4/22): reward=-21.2500 (mean, 1 tok)
2026-04-30 16:20:56,824 mme_vla_suite.pseudo_labeling.topreward_qwen_scorer INFO: Prefix 3/8 (end=34, n_frames=7/35): reward=-20.6250 (mean, 1 tok)
2026-04-30 16:21:03,702 mme_vla_suite.pseudo_labeling.topreward_qwen_scorer INFO: Prefix 4/8 (end=46, n_frames=9/47): reward=-20.6250 (mean, 1 tok)
2026-04-30 16:21:10,580 mme_vla_suite.pseudo_labeling.topreward_qwen_scorer INFO: Prefix 5/8 (end=59, n_frames=12/60): reward=-22.2500 (mean, 1 tok)
2026-04-30 16:21:17,452 mme_vla_suite.pseudo_labeling.topreward_qwen_scorer INFO: Prefix 6/8 (end=71, n_frames=14/72): reward=-22.1250 (mean, 1 tok)
2026-04-30 16:21:24,401 mme_vla_suite.pseudo_labeling.topreward_qwen_scorer INFO: Prefix 7/8 (end=84, n_frames=17/85): reward=-22.3750 (mean, 1 tok)
2026-04-30 16:21:31,369 mme_vla_suite.pseudo_labeling.topreward_qwen_scorer INFO: Prefix 8/8 (end=97, n_frames=20/98): reward=-19.5000 (mean, 1 tok)
2026-04-30 16:21:39,229 mme_vla_suite.pseudo_labeling.topreward_qwen_scorer INFO: Prefix 1/8 (end=10, n_frames=4/11): reward=-22.0000 (mean, 1 tok)
2026-04-30 16:21:46,127 mme_vla_suite.pseudo_labeling.topreward_qwen_scorer INFO: Prefix 2/8 (end=23, n_frames=5/24): reward=-21.1250 (mean, 1 tok)
2026-04-30 16:21:53,036 mme_vla_suite.pseudo_labeling.topreward_qwen_scorer INFO: Prefix 3/8 (end=37, n_frames=8/38): reward=-20.5000 (mean, 1 tok)
2026-04-30 16:21:59,930 mme_vla_suite.pseudo_labeling.topreward_qwen_scorer INFO: Prefix 4/8 (end=51, n_frames=10/52): reward=-20.6250 (mean, 1 tok)
2026-04-30 16:22:06,911 mme_vla_suite.pseudo_labeling.topreward_qwen_scorer INFO: Prefix 5/8 (end=64, n_frames=13/65): reward=-21.7500 (mean, 1 tok)
2026-04-30 16:22:13,835 mme_vla_suite.pseudo_labeling.topreward_qwen_scorer INFO: Prefix 6/8 (end=78, n_frames=16/79): reward=-21.8750 (mean, 1 tok)
2026-04-30 16:22:20,809 mme_vla_suite.pseudo_labeling.topreward_qwen_scorer INFO: Prefix 7/8 (end=92, n_frames=19/93): reward=-21.2500 (mean, 1 tok)
2026-04-30 16:22:27,853 mme_vla_suite.pseudo_labeling.topreward_qwen_scorer INFO: Prefix 8/8 (end=106, n_frames=21/107): reward=-18.2500 (mean, 1 tok)
2026-04-30 16:22:36,069 mme_vla_suite.pseudo_labeling.topreward_qwen_scorer INFO: Prefix 1/8 (end=11, n_frames=4/12): reward=-22.3750 (mean, 1 tok)
2026-04-30 16:22:42,976 mme_vla_suite.pseudo_labeling.topreward_qwen_scorer INFO: Prefix 2/8 (end=25, n_frames=5/26): reward=-22.1250 (mean, 1 tok)
2026-04-30 16:22:49,881 mme_vla_suite.pseudo_labeling.topreward_qwen_scorer INFO: Prefix 3/8 (end=39, n_frames=8/40): reward=-22.0000 (mean, 1 tok)
2026-04-30 16:22:56,807 mme_vla_suite.pseudo_labeling.topreward_qwen_scorer INFO: Prefix 4/8 (end=53, n_frames=11/54): reward=-21.6250 (mean, 1 tok)
2026-04-30 16:23:03,721 mme_vla_suite.pseudo_labeling.topreward_qwen_scorer INFO: Prefix 5/8 (end=68, n_frames=14/69): reward=-23.1250 (mean, 1 tok)
2026-04-30 16:23:10,713 mme_vla_suite.pseudo_labeling.topreward_qwen_scorer INFO: Prefix 6/8 (end=82, n_frames=17/83): reward=-22.5000 (mean, 1 tok)
2026-04-30 16:23:17,699 mme_vla_suite.pseudo_labeling.topreward_qwen_scorer INFO: Prefix 7/8 (end=96, n_frames=19/97): reward=-18.8750 (mean, 1 tok)
2026-04-30 16:23:24,753 mme_vla_suite.pseudo_labeling.topreward_qwen_scorer INFO: Prefix 8/8 (end=111, n_frames=22/112): reward=-18.6250 (mean, 1 tok)
2026-04-30 16:23:32,623 mme_vla_suite.pseudo_labeling.topreward_qwen_scorer INFO: Prefix 1/8 (end=9, n_frames=4/10): reward=-23.0000 (mean, 1 tok)
2026-04-30 16:23:39,525 mme_vla_suite.pseudo_labeling.topreward_qwen_scorer INFO: Prefix 2/8 (end=21, n_frames=4/22): reward=-23.0000 (mean, 1 tok)
2026-04-30 16:23:46,423 mme_vla_suite.pseudo_labeling.topreward_qwen_scorer INFO: Prefix 3/8 (end=33, n_frames=7/34): reward=-21.8750 (mean, 1 tok)
2026-04-30 16:23:53,373 mme_vla_suite.pseudo_labeling.topreward_qwen_scorer INFO: Prefix 4/8 (end=45, n_frames=9/46): reward=-21.8750 (mean, 1 tok)
2026-04-30 16:24:00,285 mme_vla_suite.pseudo_labeling.topreward_qwen_scorer INFO: Prefix 5/8 (end=57, n_frames=12/58): reward=-20.6250 (mean, 1 tok)
2026-04-30 16:24:07,233 mme_vla_suite.pseudo_labeling.topreward_qwen_scorer INFO: Prefix 6/8 (end=69, n_frames=14/70): reward=-20.8750 (mean, 1 tok)
2026-04-30 16:24:14,251 mme_vla_suite.pseudo_labeling.topreward_qwen_scorer INFO: Prefix 7/8 (end=81, n_frames=16/82): reward=-20.3750 (mean, 1 tok)
2026-04-30 16:24:21,301 mme_vla_suite.pseudo_labeling.topreward_qwen_scorer INFO: Prefix 8/8 (end=93, n_frames=19/94): reward=-18.5000 (mean, 1 tok)
2026-04-30 16:24:29,089 mme_vla_suite.pseudo_labeling.topreward_qwen_scorer INFO: Prefix 1/8 (end=10, n_frames=4/11): reward=-23.1250 (mean, 1 tok)
2026-04-30 16:24:36,150 mme_vla_suite.pseudo_labeling.topreward_qwen_scorer INFO: Prefix 2/8 (end=23, n_frames=5/24): reward=-23.0000 (mean, 1 tok)
2026-04-30 16:24:43,240 mme_vla_suite.pseudo_labeling.topreward_qwen_scorer INFO: Prefix 3/8 (end=36, n_frames=7/37): reward=-22.1250 (mean, 1 tok)
2026-04-30 16:24:50,333 mme_vla_suite.pseudo_labeling.topreward_qwen_scorer INFO: Prefix 4/8 (end=50, n_frames=10/51): reward=-21.7500 (mean, 1 tok)
2026-04-30 16:24:57,399 mme_vla_suite.pseudo_labeling.topreward_qwen_scorer INFO: Prefix 5/8 (end=63, n_frames=13/64): reward=-20.5000 (mean, 1 tok)
2026-04-30 16:25:04,380 mme_vla_suite.pseudo_labeling.topreward_qwen_scorer INFO: Prefix 6/8 (end=77, n_frames=16/78): reward=-20.6250 (mean, 1 tok)
2026-04-30 16:25:11,472 mme_vla_suite.pseudo_labeling.topreward_qwen_scorer INFO: Prefix 7/8 (end=90, n_frames=18/91): reward=-17.6250 (mean, 1 tok)
2026-04-30 16:25:18,467 mme_vla_suite.pseudo_labeling.topreward_qwen_scorer INFO: Prefix 8/8 (end=104, n_frames=21/105): reward=-18.1250 (mean, 1 tok)
2026-04-30 16:25:26,353 mme_vla_suite.pseudo_labeling.topreward_qwen_scorer INFO: Prefix 1/8 (end=12, n_frames=4/13): reward=-22.5000 (mean, 1 tok)
2026-04-30 16:25:33,282 mme_vla_suite.pseudo_labeling.topreward_qwen_scorer INFO: Prefix 2/8 (end=27, n_frames=6/28): reward=-22.3750 (mean, 1 tok)
2026-04-30 16:25:40,192 mme_vla_suite.pseudo_labeling.topreward_qwen_scorer INFO: Prefix 3/8 (end=42, n_frames=9/43): reward=-21.1250 (mean, 1 tok)
2026-04-30 16:25:47,112 mme_vla_suite.pseudo_labeling.topreward_qwen_scorer INFO: Prefix 4/8 (end=57, n_frames=12/58): reward=-23.0000 (mean, 1 tok)
2026-04-30 16:25:54,092 mme_vla_suite.pseudo_labeling.topreward_qwen_scorer INFO: Prefix 5/8 (end=73, n_frames=15/74): reward=-21.7500 (mean, 1 tok)
2026-04-30 16:26:01,100 mme_vla_suite.pseudo_labeling.topreward_qwen_scorer INFO: Prefix 6/8 (end=88, n_frames=18/89): reward=-22.8750 (mean, 1 tok)
2026-04-30 16:26:08,070 mme_vla_suite.pseudo_labeling.topreward_qwen_scorer INFO: Prefix 7/8 (end=103, n_frames=21/104): reward=-19.3750 (mean, 1 tok)
2026-04-30 16:26:15,059 mme_vla_suite.pseudo_labeling.topreward_qwen_scorer INFO: Prefix 8/8 (end=119, n_frames=24/120): reward=-19.0000 (mean, 1 tok)
2026-04-30 16:26:23,124 mme_vla_suite.pseudo_labeling.topreward_qwen_scorer INFO: Prefix 1/8 (end=14, n_frames=4/15): reward=-22.6250 (mean, 1 tok)
2026-04-30 16:26:30,037 mme_vla_suite.pseudo_labeling.topreward_qwen_scorer INFO: Prefix 2/8 (end=31, n_frames=6/32): reward=-22.0000 (mean, 1 tok)
2026-04-30 16:26:36,929 mme_vla_suite.pseudo_labeling.topreward_qwen_scorer INFO: Prefix 3/8 (end=49, n_frames=10/50): reward=-20.8750 (mean, 1 tok)
2026-04-30 16:26:43,857 mme_vla_suite.pseudo_labeling.topreward_qwen_scorer INFO: Prefix 4/8 (end=67, n_frames=14/68): reward=-21.8750 (mean, 1 tok)
2026-04-30 16:26:50,864 mme_vla_suite.pseudo_labeling.topreward_qwen_scorer INFO: Prefix 5/8 (end=85, n_frames=17/86): reward=-22.3750 (mean, 1 tok)
2026-04-30 16:26:57,862 mme_vla_suite.pseudo_labeling.topreward_qwen_scorer INFO: Prefix 6/8 (end=103, n_frames=21/104): reward=-22.5000 (mean, 1 tok)
2026-04-30 16:27:04,884 mme_vla_suite.pseudo_labeling.topreward_qwen_scorer INFO: Prefix 7/8 (end=121, n_frames=24/122): reward=-22.1250 (mean, 1 tok)
2026-04-30 16:27:11,969 mme_vla_suite.pseudo_labeling.topreward_qwen_scorer INFO: Prefix 8/8 (end=139, n_frames=28/140): reward=-18.7500 (mean, 1 tok)
2026-04-30 16:27:19,927 mme_vla_suite.pseudo_labeling.topreward_qwen_scorer INFO: Prefix 1/8 (end=4, n_frames=4/5): reward=-21.5000 (mean, 1 tok)
2026-04-30 16:27:26,807 mme_vla_suite.pseudo_labeling.topreward_qwen_scorer INFO: Prefix 2/8 (end=10, n_frames=4/11): reward=-21.3750 (mean, 1 tok)
2026-04-30 16:27:33,648 mme_vla_suite.pseudo_labeling.topreward_qwen_scorer INFO: Prefix 3/8 (end=16, n_frames=4/17): reward=-21.8750 (mean, 1 tok)
2026-04-30 16:27:40,499 mme_vla_suite.pseudo_labeling.topreward_qwen_scorer INFO: Prefix 4/8 (end=22, n_frames=5/23): reward=-22.2500 (mean, 1 tok)
2026-04-30 16:27:47,387 mme_vla_suite.pseudo_labeling.topreward_qwen_scorer INFO: Prefix 5/8 (end=28, n_frames=6/29): reward=-21.7500 (mean, 1 tok)
2026-04-30 16:27:54,269 mme_vla_suite.pseudo_labeling.topreward_qwen_scorer INFO: Prefix 6/8 (end=34, n_frames=7/35): reward=-21.8750 (mean, 1 tok)
2026-04-30 16:28:01,167 mme_vla_suite.pseudo_labeling.topreward_qwen_scorer INFO: Prefix 7/8 (end=40, n_frames=8/41): reward=-21.8750 (mean, 1 tok)
2026-04-30 16:28:08,038 mme_vla_suite.pseudo_labeling.topreward_qwen_scorer INFO: Prefix 8/8 (end=46, n_frames=9/47): reward=-21.5000 (mean, 1 tok)
2026-04-30 16:28:15,963 mme_vla_suite.pseudo_labeling.topreward_qwen_scorer INFO: Prefix 1/8 (end=11, n_frames=4/12): reward=-24.7500 (mean, 1 tok)
2026-04-30 16:28:22,770 mme_vla_suite.pseudo_labeling.topreward_qwen_scorer INFO: Prefix 2/8 (end=25, n_frames=5/26): reward=-24.1250 (mean, 1 tok)
2026-04-30 16:28:29,612 mme_vla_suite.pseudo_labeling.topreward_qwen_scorer INFO: Prefix 3/8 (end=39, n_frames=8/40): reward=-23.7500 (mean, 1 tok)
2026-04-30 16:28:36,470 mme_vla_suite.pseudo_labeling.topreward_qwen_scorer INFO: Prefix 4/8 (end=53, n_frames=11/54): reward=-23.5000 (mean, 1 tok)
2026-04-30 16:28:43,342 mme_vla_suite.pseudo_labeling.topreward_qwen_scorer INFO: Prefix 5/8 (end=67, n_frames=14/68): reward=-24.1250 (mean, 1 tok)
2026-04-30 16:28:50,279 mme_vla_suite.pseudo_labeling.topreward_qwen_scorer INFO: Prefix 6/8 (end=81, n_frames=16/82): reward=-21.6250 (mean, 1 tok)
2026-04-30 16:28:57,246 mme_vla_suite.pseudo_labeling.topreward_qwen_scorer INFO: Prefix 7/8 (end=95, n_frames=19/96): reward=-22.3750 (mean, 1 tok)
2026-04-30 16:29:04,269 mme_vla_suite.pseudo_labeling.topreward_qwen_scorer INFO: Prefix 8/8 (end=109, n_frames=22/110): reward=-19.3750 (mean, 1 tok)
2026-04-30 16:29:12,055 mme_vla_suite.pseudo_labeling.topreward_qwen_scorer INFO: Prefix 1/8 (end=11, n_frames=4/12): reward=-24.7500 (mean, 1 tok)
2026-04-30 16:29:18,937 mme_vla_suite.pseudo_labeling.topreward_qwen_scorer INFO: Prefix 2/8 (end=26, n_frames=5/27): reward=-24.1250 (mean, 1 tok)
2026-04-30 16:29:25,827 mme_vla_suite.pseudo_labeling.topreward_qwen_scorer INFO: Prefix 3/8 (end=41, n_frames=8/42): reward=-23.7500 (mean, 1 tok)
2026-04-30 16:29:32,719 mme_vla_suite.pseudo_labeling.topreward_qwen_scorer INFO: Prefix 4/8 (end=56, n_frames=11/57): reward=-23.2500 (mean, 1 tok)
2026-04-30 16:29:39,668 mme_vla_suite.pseudo_labeling.topreward_qwen_scorer INFO: Prefix 5/8 (end=71, n_frames=14/72): reward=-24.5000 (mean, 1 tok)
2026-04-30 16:29:46,602 mme_vla_suite.pseudo_labeling.topreward_qwen_scorer INFO: Prefix 6/8 (end=86, n_frames=17/87): reward=-22.0000 (mean, 1 tok)
2026-04-30 16:29:53,551 mme_vla_suite.pseudo_labeling.topreward_qwen_scorer INFO: Prefix 7/8 (end=101, n_frames=20/102): reward=-22.5000 (mean, 1 tok)
2026-04-30 16:30:00,598 mme_vla_suite.pseudo_labeling.topreward_qwen_scorer INFO: Prefix 8/8 (end=117, n_frames=24/118): reward=-19.0000 (mean, 1 tok)
2026-04-30 16:30:08,783 mme_vla_suite.pseudo_labeling.topreward_qwen_scorer INFO: Prefix 1/8 (end=11, n_frames=4/12): reward=-21.6250 (mean, 1 tok)
2026-04-30 16:30:15,716 mme_vla_suite.pseudo_labeling.topreward_qwen_scorer INFO: Prefix 2/8 (end=25, n_frames=5/26): reward=-21.6250 (mean, 1 tok)
2026-04-30 16:30:22,647 mme_vla_suite.pseudo_labeling.topreward_qwen_scorer INFO: Prefix 3/8 (end=39, n_frames=8/40): reward=-19.5000 (mean, 1 tok)
2026-04-30 16:30:29,613 mme_vla_suite.pseudo_labeling.topreward_qwen_scorer INFO: Prefix 4/8 (end=53, n_frames=11/54): reward=-20.6250 (mean, 1 tok)
2026-04-30 16:30:36,527 mme_vla_suite.pseudo_labeling.topreward_qwen_scorer INFO: Prefix 5/8 (end=68, n_frames=14/69): reward=-20.0000 (mean, 1 tok)
2026-04-30 16:30:43,459 mme_vla_suite.pseudo_labeling.topreward_qwen_scorer INFO: Prefix 6/8 (end=82, n_frames=17/83): reward=-19.8750 (mean, 1 tok)
2026-04-30 16:30:50,446 mme_vla_suite.pseudo_labeling.topreward_qwen_scorer INFO: Prefix 7/8 (end=96, n_frames=19/97): reward=-18.1250 (mean, 1 tok)
2026-04-30 16:30:57,448 mme_vla_suite.pseudo_labeling.topreward_qwen_scorer INFO: Prefix 8/8 (end=111, n_frames=22/112): reward=-18.2500 (mean, 1 tok)
2026-04-30 16:31:05,749 mme_vla_suite.pseudo_labeling.topreward_qwen_scorer INFO: Prefix 1/8 (end=9, n_frames=4/10): reward=-23.1250 (mean, 1 tok)
2026-04-30 16:31:12,642 mme_vla_suite.pseudo_labeling.topreward_qwen_scorer INFO: Prefix 2/8 (end=21, n_frames=4/22): reward=-22.5000 (mean, 1 tok)
2026-04-30 16:31:19,533 mme_vla_suite.pseudo_labeling.topreward_qwen_scorer INFO: Prefix 3/8 (end=33, n_frames=7/34): reward=-21.6250 (mean, 1 tok)
2026-04-30 16:31:26,478 mme_vla_suite.pseudo_labeling.topreward_qwen_scorer INFO: Prefix 4/8 (end=45, n_frames=9/46): reward=-22.1250 (mean, 1 tok)
2026-04-30 16:31:33,443 mme_vla_suite.pseudo_labeling.topreward_qwen_scorer INFO: Prefix 5/8 (end=57, n_frames=12/58): reward=-23.3750 (mean, 1 tok)
2026-04-30 16:31:40,354 mme_vla_suite.pseudo_labeling.topreward_qwen_scorer INFO: Prefix 6/8 (end=69, n_frames=14/70): reward=-23.0000 (mean, 1 tok)
2026-04-30 16:31:47,305 mme_vla_suite.pseudo_labeling.topreward_qwen_scorer INFO: Prefix 7/8 (end=81, n_frames=16/82): reward=-21.8750 (mean, 1 tok)
2026-04-30 16:31:54,316 mme_vla_suite.pseudo_labeling.topreward_qwen_scorer INFO: Prefix 8/8 (end=93, n_frames=19/94): reward=-18.8750 (mean, 1 tok)
2026-04-30 16:32:02,012 mme_vla_suite.pseudo_labeling.topreward_qwen_scorer INFO: Prefix 1/8 (end=10, n_frames=4/11): reward=-23.1250 (mean, 1 tok)
2026-04-30 16:32:08,904 mme_vla_suite.pseudo_labeling.topreward_qwen_scorer INFO: Prefix 2/8 (end=23, n_frames=5/24): reward=-22.2500 (mean, 1 tok)
2026-04-30 16:32:15,791 mme_vla_suite.pseudo_labeling.topreward_qwen_scorer INFO: Prefix 3/8 (end=36, n_frames=7/37): reward=-22.2500 (mean, 1 tok)
2026-04-30 16:32:22,698 mme_vla_suite.pseudo_labeling.topreward_qwen_scorer INFO: Prefix 4/8 (end=49, n_frames=10/50): reward=-22.3750 (mean, 1 tok)
2026-04-30 16:32:29,600 mme_vla_suite.pseudo_labeling.topreward_qwen_scorer INFO: Prefix 5/8 (end=62, n_frames=13/63): reward=-23.5000 (mean, 1 tok)
2026-04-30 16:32:36,501 mme_vla_suite.pseudo_labeling.topreward_qwen_scorer INFO: Prefix 6/8 (end=75, n_frames=15/76): reward=-21.6250 (mean, 1 tok)
2026-04-30 16:32:43,413 mme_vla_suite.pseudo_labeling.topreward_qwen_scorer INFO: Prefix 7/8 (end=88, n_frames=18/89): reward=-19.2500 (mean, 1 tok)
2026-04-30 16:32:50,322 mme_vla_suite.pseudo_labeling.topreward_qwen_scorer INFO: Prefix 8/8 (end=101, n_frames=20/102): reward=-19.1250 (mean, 1 tok)
2026-04-30 16:32:58,191 mme_vla_suite.pseudo_labeling.topreward_qwen_scorer INFO: Prefix 1/8 (end=11, n_frames=4/12): reward=-21.1250 (mean, 1 tok)
2026-04-30 16:33:05,158 mme_vla_suite.pseudo_labeling.topreward_qwen_scorer INFO: Prefix 2/8 (end=25, n_frames=5/26): reward=-21.8750 (mean, 1 tok)
2026-04-30 16:33:12,113 mme_vla_suite.pseudo_labeling.topreward_qwen_scorer INFO: Prefix 3/8 (end=39, n_frames=8/40): reward=-20.7500 (mean, 1 tok)
2026-04-30 16:33:19,153 mme_vla_suite.pseudo_labeling.topreward_qwen_scorer INFO: Prefix 4/8 (end=53, n_frames=11/54): reward=-18.7500 (mean, 1 tok)
2026-04-30 16:33:26,013 mme_vla_suite.pseudo_labeling.topreward_qwen_scorer INFO: Prefix 5/8 (end=67, n_frames=14/68): reward=-19.7500 (mean, 1 tok)
2026-04-30 16:33:33,026 mme_vla_suite.pseudo_labeling.topreward_qwen_scorer INFO: Prefix 6/8 (end=81, n_frames=16/82): reward=-21.0000 (mean, 1 tok)
2026-04-30 16:33:39,956 mme_vla_suite.pseudo_labeling.topreward_qwen_scorer INFO: Prefix 7/8 (end=95, n_frames=19/96): reward=-18.6250 (mean, 1 tok)
2026-04-30 16:33:46,902 mme_vla_suite.pseudo_labeling.topreward_qwen_scorer INFO: Prefix 8/8 (end=110, n_frames=22/111): reward=-17.8750 (mean, 1 tok)
2026-04-30 16:33:54,713 mme_vla_suite.pseudo_labeling.topreward_qwen_scorer INFO: Prefix 1/8 (end=10, n_frames=4/11): reward=-23.1250 (mean, 1 tok)
2026-04-30 16:34:01,557 mme_vla_suite.pseudo_labeling.topreward_qwen_scorer INFO: Prefix 2/8 (end=23, n_frames=5/24): reward=-22.2500 (mean, 1 tok)
2026-04-30 16:34:08,411 mme_vla_suite.pseudo_labeling.topreward_qwen_scorer INFO: Prefix 3/8 (end=36, n_frames=7/37): reward=-22.6250 (mean, 1 tok)
2026-04-30 16:34:15,293 mme_vla_suite.pseudo_labeling.topreward_qwen_scorer INFO: Prefix 4/8 (end=49, n_frames=10/50): reward=-21.3750 (mean, 1 tok)
2026-04-30 16:34:22,176 mme_vla_suite.pseudo_labeling.topreward_qwen_scorer INFO: Prefix 5/8 (end=63, n_frames=13/64): reward=-22.2500 (mean, 1 tok)
2026-04-30 16:34:29,082 mme_vla_suite.pseudo_labeling.topreward_qwen_scorer INFO: Prefix 6/8 (end=76, n_frames=15/77): reward=-21.0000 (mean, 1 tok)
2026-04-30 16:34:36,005 mme_vla_suite.pseudo_labeling.topreward_qwen_scorer INFO: Prefix 7/8 (end=89, n_frames=18/90): reward=-21.0000 (mean, 1 tok)
2026-04-30 16:34:42,957 mme_vla_suite.pseudo_labeling.topreward_qwen_scorer INFO: Prefix 8/8 (end=103, n_frames=21/104): reward=-18.6250 (mean, 1 tok)
2026-04-30 16:34:50,581 mme_vla_suite.pseudo_labeling.topreward_qwen_scorer INFO: Prefix 1/8 (end=11, n_frames=4/12): reward=-23.2500 (mean, 1 tok)
2026-04-30 16:34:57,558 mme_vla_suite.pseudo_labeling.topreward_qwen_scorer INFO: Prefix 2/8 (end=25, n_frames=5/26): reward=-22.3750 (mean, 1 tok)
2026-04-30 16:35:04,354 mme_vla_suite.pseudo_labeling.topreward_qwen_scorer INFO: Prefix 3/8 (end=39, n_frames=8/40): reward=-22.7500 (mean, 1 tok)
2026-04-30 16:35:11,270 mme_vla_suite.pseudo_labeling.topreward_qwen_scorer INFO: Prefix 4/8 (end=54, n_frames=11/55): reward=-22.3750 (mean, 1 tok)
2026-04-30 16:35:18,086 mme_vla_suite.pseudo_labeling.topreward_qwen_scorer INFO: Prefix 5/8 (end=68, n_frames=14/69): reward=-21.6250 (mean, 1 tok)
2026-04-30 16:35:25,186 mme_vla_suite.pseudo_labeling.topreward_qwen_scorer INFO: Prefix 6/8 (end=83, n_frames=17/84): reward=-21.1250 (mean, 1 tok)
2026-04-30 16:35:32,104 mme_vla_suite.pseudo_labeling.topreward_qwen_scorer INFO: Prefix 7/8 (end=97, n_frames=20/98): reward=-21.5000 (mean, 1 tok)
2026-04-30 16:35:39,213 mme_vla_suite.pseudo_labeling.topreward_qwen_scorer INFO: Prefix 8/8 (end=112, n_frames=23/113): reward=-18.7500 (mean, 1 tok)
2026-04-30 16:35:47,031 mme_vla_suite.pseudo_labeling.topreward_qwen_scorer INFO: Prefix 1/8 (end=11, n_frames=4/12): reward=-21.5000 (mean, 1 tok)
2026-04-30 16:35:53,845 mme_vla_suite.pseudo_labeling.topreward_qwen_scorer INFO: Prefix 2/8 (end=25, n_frames=5/26): reward=-21.6250 (mean, 1 tok)
2026-04-30 16:36:00,680 mme_vla_suite.pseudo_labeling.topreward_qwen_scorer INFO: Prefix 3/8 (end=40, n_frames=8/41): reward=-20.1250 (mean, 1 tok)
2026-04-30 16:36:07,529 mme_vla_suite.pseudo_labeling.topreward_qwen_scorer INFO: Prefix 4/8 (end=55, n_frames=11/56): reward=-20.1250 (mean, 1 tok)
2026-04-30 16:36:14,392 mme_vla_suite.pseudo_labeling.topreward_qwen_scorer INFO: Prefix 5/8 (end=69, n_frames=14/70): reward=-22.1250 (mean, 1 tok)
2026-04-30 16:36:21,272 mme_vla_suite.pseudo_labeling.topreward_qwen_scorer INFO: Prefix 6/8 (end=84, n_frames=17/85): reward=-24.3750 (mean, 1 tok)
2026-04-30 16:36:28,184 mme_vla_suite.pseudo_labeling.topreward_qwen_scorer INFO: Prefix 7/8 (end=99, n_frames=20/100): reward=-24.2500 (mean, 1 tok)
2026-04-30 16:36:35,137 mme_vla_suite.pseudo_labeling.topreward_qwen_scorer INFO: Prefix 8/8 (end=114, n_frames=23/115): reward=-18.7500 (mean, 1 tok)
2026-04-30 16:36:43,063 mme_vla_suite.pseudo_labeling.topreward_qwen_scorer INFO: Prefix 1/8 (end=10, n_frames=4/11): reward=-22.6250 (mean, 1 tok)
2026-04-30 16:36:49,882 mme_vla_suite.pseudo_labeling.topreward_qwen_scorer INFO: Prefix 2/8 (end=23, n_frames=5/24): reward=-21.7500 (mean, 1 tok)
2026-04-30 16:36:56,706 mme_vla_suite.pseudo_labeling.topreward_qwen_scorer INFO: Prefix 3/8 (end=36, n_frames=7/37): reward=-21.1250 (mean, 1 tok)
2026-04-30 16:37:03,528 mme_vla_suite.pseudo_labeling.topreward_qwen_scorer INFO: Prefix 4/8 (end=50, n_frames=10/51): reward=-21.6250 (mean, 1 tok)
2026-04-30 16:37:10,377 mme_vla_suite.pseudo_labeling.topreward_qwen_scorer INFO: Prefix 5/8 (end=63, n_frames=13/64): reward=-23.1250 (mean, 1 tok)
2026-04-30 16:37:17,247 mme_vla_suite.pseudo_labeling.topreward_qwen_scorer INFO: Prefix 6/8 (end=77, n_frames=16/78): reward=-22.3750 (mean, 1 tok)
2026-04-30 16:37:24,120 mme_vla_suite.pseudo_labeling.topreward_qwen_scorer INFO: Prefix 7/8 (end=90, n_frames=18/91): reward=-22.0000 (mean, 1 tok)
2026-04-30 16:37:31,022 mme_vla_suite.pseudo_labeling.topreward_qwen_scorer INFO: Prefix 8/8 (end=104, n_frames=21/105): reward=-20.1250 (mean, 1 tok)
2026-04-30 16:37:38,814 mme_vla_suite.pseudo_labeling.topreward_qwen_scorer INFO: Prefix 1/8 (end=11, n_frames=4/12): reward=-22.8750 (mean, 1 tok)
2026-04-30 16:37:45,608 mme_vla_suite.pseudo_labeling.topreward_qwen_scorer INFO: Prefix 2/8 (end=25, n_frames=5/26): reward=-21.3750 (mean, 1 tok)
2026-04-30 16:37:52,465 mme_vla_suite.pseudo_labeling.topreward_qwen_scorer INFO: Prefix 3/8 (end=39, n_frames=8/40): reward=-21.3750 (mean, 1 tok)
2026-04-30 16:37:59,366 mme_vla_suite.pseudo_labeling.topreward_qwen_scorer INFO: Prefix 4/8 (end=53, n_frames=11/54): reward=-21.8750 (mean, 1 tok)
2026-04-30 16:38:06,280 mme_vla_suite.pseudo_labeling.topreward_qwen_scorer INFO: Prefix 5/8 (end=67, n_frames=14/68): reward=-22.6250 (mean, 1 tok)
2026-04-30 16:38:13,238 mme_vla_suite.pseudo_labeling.topreward_qwen_scorer INFO: Prefix 6/8 (end=81, n_frames=16/82): reward=-21.7500 (mean, 1 tok)
2026-04-30 16:38:20,214 mme_vla_suite.pseudo_labeling.topreward_qwen_scorer INFO: Prefix 7/8 (end=95, n_frames=19/96): reward=-22.2500 (mean, 1 tok)
2026-04-30 16:38:27,221 mme_vla_suite.pseudo_labeling.topreward_qwen_scorer INFO: Prefix 8/8 (end=110, n_frames=22/111): reward=-19.7500 (mean, 1 tok)
2026-04-30 16:38:35,399 mme_vla_suite.pseudo_labeling.topreward_qwen_scorer INFO: Prefix 1/8 (end=12, n_frames=4/13): reward=-21.0000 (mean, 1 tok)
2026-04-30 16:38:42,283 mme_vla_suite.pseudo_labeling.topreward_qwen_scorer INFO: Prefix 2/8 (end=27, n_frames=6/28): reward=-21.0000 (mean, 1 tok)
2026-04-30 16:38:49,168 mme_vla_suite.pseudo_labeling.topreward_qwen_scorer INFO: Prefix 3/8 (end=43, n_frames=9/44): reward=-20.8750 (mean, 1 tok)
2026-04-30 16:38:56,048 mme_vla_suite.pseudo_labeling.topreward_qwen_scorer INFO: Prefix 4/8 (end=58, n_frames=12/59): reward=-21.2500 (mean, 1 tok)
2026-04-30 16:39:03,035 mme_vla_suite.pseudo_labeling.topreward_qwen_scorer INFO: Prefix 5/8 (end=74, n_frames=15/75): reward=-18.5000 (mean, 1 tok)
2026-04-30 16:39:09,983 mme_vla_suite.pseudo_labeling.topreward_qwen_scorer INFO: Prefix 6/8 (end=89, n_frames=18/90): reward=-20.6250 (mean, 1 tok)
2026-04-30 16:39:16,987 mme_vla_suite.pseudo_labeling.topreward_qwen_scorer INFO: Prefix 7/8 (end=105, n_frames=21/106): reward=-19.1250 (mean, 1 tok)
2026-04-30 16:39:24,011 mme_vla_suite.pseudo_labeling.topreward_qwen_scorer INFO: Prefix 8/8 (end=121, n_frames=24/122): reward=-19.6250 (mean, 1 tok)
2026-04-30 16:39:32,056 mme_vla_suite.pseudo_labeling.topreward_qwen_scorer INFO: Prefix 1/8 (end=11, n_frames=4/12): reward=-23.1250 (mean, 1 tok)
2026-04-30 16:39:38,899 mme_vla_suite.pseudo_labeling.topreward_qwen_scorer INFO: Prefix 2/8 (end=26, n_frames=5/27): reward=-22.3750 (mean, 1 tok)
2026-04-30 16:39:45,749 mme_vla_suite.pseudo_labeling.topreward_qwen_scorer INFO: Prefix 3/8 (end=41, n_frames=8/42): reward=-21.6250 (mean, 1 tok)
2026-04-30 16:39:52,627 mme_vla_suite.pseudo_labeling.topreward_qwen_scorer INFO: Prefix 4/8 (end=56, n_frames=11/57): reward=-22.2500 (mean, 1 tok)
2026-04-30 16:39:59,485 mme_vla_suite.pseudo_labeling.topreward_qwen_scorer INFO: Prefix 5/8 (end=71, n_frames=14/72): reward=-22.7500 (mean, 1 tok)
2026-04-30 16:40:06,346 mme_vla_suite.pseudo_labeling.topreward_qwen_scorer INFO: Prefix 6/8 (end=86, n_frames=17/87): reward=-23.3750 (mean, 1 tok)
2026-04-30 16:40:13,231 mme_vla_suite.pseudo_labeling.topreward_qwen_scorer INFO: Prefix 7/8 (end=101, n_frames=20/102): reward=-24.7500 (mean, 1 tok)
2026-04-30 16:40:20,167 mme_vla_suite.pseudo_labeling.topreward_qwen_scorer INFO: Prefix 8/8 (end=116, n_frames=23/117): reward=-19.1250 (mean, 1 tok)
2026-04-30 16:40:28,146 mme_vla_suite.pseudo_labeling.topreward_qwen_scorer INFO: Prefix 1/8 (end=4, n_frames=4/5): reward=-20.7500 (mean, 1 tok)
2026-04-30 16:40:34,938 mme_vla_suite.pseudo_labeling.topreward_qwen_scorer INFO: Prefix 2/8 (end=9, n_frames=4/10): reward=-20.3750 (mean, 1 tok)
2026-04-30 16:40:41,748 mme_vla_suite.pseudo_labeling.topreward_qwen_scorer INFO: Prefix 3/8 (end=14, n_frames=4/15): reward=-20.8750 (mean, 1 tok)
2026-04-30 16:40:48,553 mme_vla_suite.pseudo_labeling.topreward_qwen_scorer INFO: Prefix 4/8 (end=19, n_frames=4/20): reward=-21.3750 (mean, 1 tok)
2026-04-30 16:40:55,371 mme_vla_suite.pseudo_labeling.topreward_qwen_scorer INFO: Prefix 5/8 (end=24, n_frames=5/25): reward=-22.5000 (mean, 1 tok)
2026-04-30 16:41:02,193 mme_vla_suite.pseudo_labeling.topreward_qwen_scorer INFO: Prefix 6/8 (end=29, n_frames=6/30): reward=-22.0000 (mean, 1 tok)
2026-04-30 16:41:08,982 mme_vla_suite.pseudo_labeling.topreward_qwen_scorer INFO: Prefix 7/8 (end=34, n_frames=7/35): reward=-21.2500 (mean, 1 tok)
2026-04-30 16:41:15,769 mme_vla_suite.pseudo_labeling.topreward_qwen_scorer INFO: Prefix 8/8 (end=40, n_frames=8/41): reward=-20.8750 (mean, 1 tok)
2026-04-30 16:41:23,560 mme_vla_suite.pseudo_labeling.topreward_qwen_scorer INFO: Prefix 1/8 (end=11, n_frames=4/12): reward=-25.3750 (mean, 1 tok)
2026-04-30 16:41:30,336 mme_vla_suite.pseudo_labeling.topreward_qwen_scorer INFO: Prefix 2/8 (end=25, n_frames=5/26): reward=-24.7500 (mean, 1 tok)
2026-04-30 16:41:37,088 mme_vla_suite.pseudo_labeling.topreward_qwen_scorer INFO: Prefix 3/8 (end=39, n_frames=8/40): reward=-24.8750 (mean, 1 tok)
2026-04-30 16:41:43,851 mme_vla_suite.pseudo_labeling.topreward_qwen_scorer INFO: Prefix 4/8 (end=53, n_frames=11/54): reward=-22.7500 (mean, 1 tok)
2026-04-30 16:41:50,658 mme_vla_suite.pseudo_labeling.topreward_qwen_scorer INFO: Prefix 5/8 (end=67, n_frames=14/68): reward=-23.0000 (mean, 1 tok)
2026-04-30 16:41:57,532 mme_vla_suite.pseudo_labeling.topreward_qwen_scorer INFO: Prefix 6/8 (end=81, n_frames=16/82): reward=-23.5000 (mean, 1 tok)
2026-04-30 16:42:04,431 mme_vla_suite.pseudo_labeling.topreward_qwen_scorer INFO: Prefix 7/8 (end=95, n_frames=19/96): reward=-22.6250 (mean, 1 tok)
2026-04-30 16:42:11,320 mme_vla_suite.pseudo_labeling.topreward_qwen_scorer INFO: Prefix 8/8 (end=109, n_frames=22/110): reward=-18.1250 (mean, 1 tok)
2026-04-30 16:42:19,127 mme_vla_suite.pseudo_labeling.topreward_qwen_scorer INFO: Prefix 1/8 (end=12, n_frames=4/13): reward=-25.3750 (mean, 1 tok)
2026-04-30 16:42:25,890 mme_vla_suite.pseudo_labeling.topreward_qwen_scorer INFO: Prefix 2/8 (end=27, n_frames=6/28): reward=-24.8750 (mean, 1 tok)
2026-04-30 16:42:32,687 mme_vla_suite.pseudo_labeling.topreward_qwen_scorer INFO: Prefix 3/8 (end=43, n_frames=9/44): reward=-24.2500 (mean, 1 tok)
2026-04-30 16:42:39,473 mme_vla_suite.pseudo_labeling.topreward_qwen_scorer INFO: Prefix 4/8 (end=59, n_frames=12/60): reward=-22.3750 (mean, 1 tok)
2026-04-30 16:42:46,321 mme_vla_suite.pseudo_labeling.topreward_qwen_scorer INFO: Prefix 5/8 (end=75, n_frames=15/76): reward=-21.6250 (mean, 1 tok)
2026-04-30 16:42:53,190 mme_vla_suite.pseudo_labeling.topreward_qwen_scorer INFO: Prefix 6/8 (end=91, n_frames=18/92): reward=-21.8750 (mean, 1 tok)
2026-04-30 16:43:00,093 mme_vla_suite.pseudo_labeling.topreward_qwen_scorer INFO: Prefix 7/8 (end=107, n_frames=22/108): reward=-19.5000 (mean, 1 tok)
2026-04-30 16:43:07,048 mme_vla_suite.pseudo_labeling.topreward_qwen_scorer INFO: Prefix 8/8 (end=123, n_frames=25/124): reward=-19.7500 (mean, 1 tok)
2026-04-30 16:43:14,999 mme_vla_suite.pseudo_labeling.topreward_qwen_scorer INFO: Prefix 1/8 (end=11, n_frames=4/12): reward=-21.6250 (mean, 1 tok)
2026-04-30 16:43:21,770 mme_vla_suite.pseudo_labeling.topreward_qwen_scorer INFO: Prefix 2/8 (end=25, n_frames=5/26): reward=-21.5000 (mean, 1 tok)
2026-04-30 16:43:28,539 mme_vla_suite.pseudo_labeling.topreward_qwen_scorer INFO: Prefix 3/8 (end=39, n_frames=8/40): reward=-19.1250 (mean, 1 tok)
2026-04-30 16:43:35,317 mme_vla_suite.pseudo_labeling.topreward_qwen_scorer INFO: Prefix 4/8 (end=53, n_frames=11/54): reward=-18.8750 (mean, 1 tok)
2026-04-30 16:43:42,094 mme_vla_suite.pseudo_labeling.topreward_qwen_scorer INFO: Prefix 5/8 (end=67, n_frames=14/68): reward=-19.7500 (mean, 1 tok)
2026-04-30 16:43:48,946 mme_vla_suite.pseudo_labeling.topreward_qwen_scorer INFO: Prefix 6/8 (end=81, n_frames=16/82): reward=-20.0000 (mean, 1 tok)
2026-04-30 16:43:55,868 mme_vla_suite.pseudo_labeling.topreward_qwen_scorer INFO: Prefix 7/8 (end=95, n_frames=19/96): reward=-18.0000 (mean, 1 tok)
2026-04-30 16:44:02,813 mme_vla_suite.pseudo_labeling.topreward_qwen_scorer INFO: Prefix 8/8 (end=110, n_frames=22/111): reward=-18.2500 (mean, 1 tok)
2026-04-30 16:44:10,898 mme_vla_suite.pseudo_labeling.topreward_qwen_scorer INFO: Prefix 1/8 (end=10, n_frames=4/11): reward=-23.2500 (mean, 1 tok)
2026-04-30 16:44:17,750 mme_vla_suite.pseudo_labeling.topreward_qwen_scorer INFO: Prefix 2/8 (end=23, n_frames=5/24): reward=-23.3750 (mean, 1 tok)
2026-04-30 16:44:24,575 mme_vla_suite.pseudo_labeling.topreward_qwen_scorer INFO: Prefix 3/8 (end=36, n_frames=7/37): reward=-21.3750 (mean, 1 tok)
2026-04-30 16:44:31,454 mme_vla_suite.pseudo_labeling.topreward_qwen_scorer INFO: Prefix 4/8 (end=49, n_frames=10/50): reward=-21.1250 (mean, 1 tok)
2026-04-30 16:44:38,323 mme_vla_suite.pseudo_labeling.topreward_qwen_scorer INFO: Prefix 5/8 (end=62, n_frames=13/63): reward=-22.2500 (mean, 1 tok)
2026-04-30 16:44:45,266 mme_vla_suite.pseudo_labeling.topreward_qwen_scorer INFO: Prefix 6/8 (end=75, n_frames=15/76): reward=-22.8750 (mean, 1 tok)
2026-04-30 16:44:52,207 mme_vla_suite.pseudo_labeling.topreward_qwen_scorer INFO: Prefix 7/8 (end=88, n_frames=18/89): reward=-23.2500 (mean, 1 tok)
2026-04-30 16:44:59,149 mme_vla_suite.pseudo_labeling.topreward_qwen_scorer INFO: Prefix 8/8 (end=101, n_frames=20/102): reward=-19.3750 (mean, 1 tok)
2026-04-30 16:45:06,964 mme_vla_suite.pseudo_labeling.topreward_qwen_scorer INFO: Prefix 1/8 (end=11, n_frames=4/12): reward=-23.2500 (mean, 1 tok)
2026-04-30 16:45:13,796 mme_vla_suite.pseudo_labeling.topreward_qwen_scorer INFO: Prefix 2/8 (end=25, n_frames=5/26): reward=-22.8750 (mean, 1 tok)
2026-04-30 16:45:20,691 mme_vla_suite.pseudo_labeling.topreward_qwen_scorer INFO: Prefix 3/8 (end=39, n_frames=8/40): reward=-22.7500 (mean, 1 tok)
2026-04-30 16:45:27,487 mme_vla_suite.pseudo_labeling.topreward_qwen_scorer INFO: Prefix 4/8 (end=53, n_frames=11/54): reward=-21.5000 (mean, 1 tok)
2026-04-30 16:45:34,273 mme_vla_suite.pseudo_labeling.topreward_qwen_scorer INFO: Prefix 5/8 (end=68, n_frames=14/69): reward=-23.1250 (mean, 1 tok)
2026-04-30 16:45:41,131 mme_vla_suite.pseudo_labeling.topreward_qwen_scorer INFO: Prefix 6/8 (end=82, n_frames=17/83): reward=-22.7500 (mean, 1 tok)
2026-04-30 16:45:48,012 mme_vla_suite.pseudo_labeling.topreward_qwen_scorer INFO: Prefix 7/8 (end=96, n_frames=19/97): reward=-23.7500 (mean, 1 tok)
2026-04-30 16:45:54,931 mme_vla_suite.pseudo_labeling.topreward_qwen_scorer INFO: Prefix 8/8 (end=111, n_frames=22/112): reward=-18.6250 (mean, 1 tok)
2026-04-30 16:46:02,735 mme_vla_suite.pseudo_labeling.topreward_qwen_scorer INFO: Prefix 1/8 (end=12, n_frames=4/13): reward=-21.8750 (mean, 1 tok)
2026-04-30 16:46:09,504 mme_vla_suite.pseudo_labeling.topreward_qwen_scorer INFO: Prefix 2/8 (end=27, n_frames=6/28): reward=-21.7500 (mean, 1 tok)
2026-04-30 16:46:16,276 mme_vla_suite.pseudo_labeling.topreward_qwen_scorer INFO: Prefix 3/8 (end=43, n_frames=9/44): reward=-20.5000 (mean, 1 tok)
2026-04-30 16:46:23,061 mme_vla_suite.pseudo_labeling.topreward_qwen_scorer INFO: Prefix 4/8 (end=58, n_frames=12/59): reward=-19.6250 (mean, 1 tok)
2026-04-30 16:46:29,913 mme_vla_suite.pseudo_labeling.topreward_qwen_scorer INFO: Prefix 5/8 (end=74, n_frames=15/75): reward=-19.7500 (mean, 1 tok)
2026-04-30 16:46:36,753 mme_vla_suite.pseudo_labeling.topreward_qwen_scorer INFO: Prefix 6/8 (end=89, n_frames=18/90): reward=-18.7500 (mean, 1 tok)
2026-04-30 16:46:43,650 mme_vla_suite.pseudo_labeling.topreward_qwen_scorer INFO: Prefix 7/8 (end=105, n_frames=21/106): reward=-17.7500 (mean, 1 tok)
2026-04-30 16:46:50,574 mme_vla_suite.pseudo_labeling.topreward_qwen_scorer INFO: Prefix 8/8 (end=121, n_frames=24/122): reward=-18.6250 (mean, 1 tok)
2026-04-30 16:46:58,404 mme_vla_suite.pseudo_labeling.topreward_qwen_scorer INFO: Prefix 1/8 (end=9, n_frames=4/10): reward=-22.5000 (mean, 1 tok)
2026-04-30 16:47:05,182 mme_vla_suite.pseudo_labeling.topreward_qwen_scorer INFO: Prefix 2/8 (end=21, n_frames=4/22): reward=-22.6250 (mean, 1 tok)
2026-04-30 16:47:11,976 mme_vla_suite.pseudo_labeling.topreward_qwen_scorer INFO: Prefix 3/8 (end=33, n_frames=7/34): reward=-21.6250 (mean, 1 tok)
2026-04-30 16:47:18,777 mme_vla_suite.pseudo_labeling.topreward_qwen_scorer INFO: Prefix 4/8 (end=46, n_frames=9/47): reward=-18.8750 (mean, 1 tok)
2026-04-30 16:47:25,583 mme_vla_suite.pseudo_labeling.topreward_qwen_scorer INFO: Prefix 5/8 (end=58, n_frames=12/59): reward=-20.6250 (mean, 1 tok)
2026-04-30 16:47:32,377 mme_vla_suite.pseudo_labeling.topreward_qwen_scorer INFO: Prefix 6/8 (end=71, n_frames=14/72): reward=-21.6250 (mean, 1 tok)
2026-04-30 16:47:39,213 mme_vla_suite.pseudo_labeling.topreward_qwen_scorer INFO: Prefix 7/8 (end=83, n_frames=17/84): reward=-21.3750 (mean, 1 tok)
2026-04-30 16:47:46,051 mme_vla_suite.pseudo_labeling.topreward_qwen_scorer INFO: Prefix 8/8 (end=96, n_frames=19/97): reward=-18.2500 (mean, 1 tok)
2026-04-30 16:47:53,681 mme_vla_suite.pseudo_labeling.topreward_qwen_scorer INFO: Prefix 1/8 (end=10, n_frames=4/11): reward=-22.8750 (mean, 1 tok)
2026-04-30 16:48:00,444 mme_vla_suite.pseudo_labeling.topreward_qwen_scorer INFO: Prefix 2/8 (end=23, n_frames=5/24): reward=-22.2500 (mean, 1 tok)
2026-04-30 16:48:07,209 mme_vla_suite.pseudo_labeling.topreward_qwen_scorer INFO: Prefix 3/8 (end=36, n_frames=7/37): reward=-21.3750 (mean, 1 tok)
2026-04-30 16:48:14,004 mme_vla_suite.pseudo_labeling.topreward_qwen_scorer INFO: Prefix 4/8 (end=49, n_frames=10/50): reward=-19.0000 (mean, 1 tok)
2026-04-30 16:48:20,821 mme_vla_suite.pseudo_labeling.topreward_qwen_scorer INFO: Prefix 5/8 (end=63, n_frames=13/64): reward=-21.5000 (mean, 1 tok)
2026-04-30 16:48:27,679 mme_vla_suite.pseudo_labeling.topreward_qwen_scorer INFO: Prefix 6/8 (end=76, n_frames=15/77): reward=-22.1250 (mean, 1 tok)
2026-04-30 16:48:34,519 mme_vla_suite.pseudo_labeling.topreward_qwen_scorer INFO: Prefix 7/8 (end=89, n_frames=18/90): reward=-21.2500 (mean, 1 tok)
2026-04-30 16:48:41,386 mme_vla_suite.pseudo_labeling.topreward_qwen_scorer INFO: Prefix 8/8 (end=103, n_frames=21/104): reward=-18.7500 (mean, 1 tok)
2026-04-30 16:48:49,432 mme_vla_suite.pseudo_labeling.topreward_qwen_scorer INFO: Prefix 1/8 (end=11, n_frames=4/12): reward=-21.3750 (mean, 1 tok)
2026-04-30 16:48:56,182 mme_vla_suite.pseudo_labeling.topreward_qwen_scorer INFO: Prefix 2/8 (end=25, n_frames=5/26): reward=-22.1250 (mean, 1 tok)
2026-04-30 16:49:02,938 mme_vla_suite.pseudo_labeling.topreward_qwen_scorer INFO: Prefix 3/8 (end=40, n_frames=8/41): reward=-21.1250 (mean, 1 tok)
2026-04-30 16:49:09,720 mme_vla_suite.pseudo_labeling.topreward_qwen_scorer INFO: Prefix 4/8 (end=55, n_frames=11/56): reward=-21.0000 (mean, 1 tok)
2026-04-30 16:49:16,519 mme_vla_suite.pseudo_labeling.topreward_qwen_scorer INFO: Prefix 5/8 (end=70, n_frames=14/71): reward=-20.6250 (mean, 1 tok)
2026-04-30 16:49:23,393 mme_vla_suite.pseudo_labeling.topreward_qwen_scorer INFO: Prefix 6/8 (end=85, n_frames=17/86): reward=-22.2500 (mean, 1 tok)
2026-04-30 16:49:30,259 mme_vla_suite.pseudo_labeling.topreward_qwen_scorer INFO: Prefix 7/8 (end=100, n_frames=20/101): reward=-19.8750 (mean, 1 tok)
2026-04-30 16:49:37,170 mme_vla_suite.pseudo_labeling.topreward_qwen_scorer INFO: Prefix 8/8 (end=115, n_frames=23/116): reward=-19.2500 (mean, 1 tok)
2026-04-30 16:49:44,987 mme_vla_suite.pseudo_labeling.topreward_qwen_scorer INFO: Prefix 1/8 (end=9, n_frames=4/10): reward=-23.2500 (mean, 1 tok)
2026-04-30 16:49:51,768 mme_vla_suite.pseudo_labeling.topreward_qwen_scorer INFO: Prefix 2/8 (end=21, n_frames=4/22): reward=-23.1250 (mean, 1 tok)
2026-04-30 16:49:58,587 mme_vla_suite.pseudo_labeling.topreward_qwen_scorer INFO: Prefix 3/8 (end=34, n_frames=7/35): reward=-22.6250 (mean, 1 tok)
2026-04-30 16:50:05,433 mme_vla_suite.pseudo_labeling.topreward_qwen_scorer INFO: Prefix 4/8 (end=46, n_frames=9/47): reward=-21.8750 (mean, 1 tok)
2026-04-30 16:50:12,310 mme_vla_suite.pseudo_labeling.topreward_qwen_scorer INFO: Prefix 5/8 (end=59, n_frames=12/60): reward=-21.6250 (mean, 1 tok)
2026-04-30 16:50:19,194 mme_vla_suite.pseudo_labeling.topreward_qwen_scorer INFO: Prefix 6/8 (end=71, n_frames=14/72): reward=-21.8750 (mean, 1 tok)
2026-04-30 16:50:26,145 mme_vla_suite.pseudo_labeling.topreward_qwen_scorer INFO: Prefix 7/8 (end=84, n_frames=17/85): reward=-21.5000 (mean, 1 tok)
2026-04-30 16:50:33,093 mme_vla_suite.pseudo_labeling.topreward_qwen_scorer INFO: Prefix 8/8 (end=97, n_frames=20/98): reward=-18.6250 (mean, 1 tok)
2026-04-30 16:50:40,833 mme_vla_suite.pseudo_labeling.topreward_qwen_scorer INFO: Prefix 1/8 (end=10, n_frames=4/11): reward=-23.2500 (mean, 1 tok)
2026-04-30 16:50:47,835 mme_vla_suite.pseudo_labeling.topreward_qwen_scorer INFO: Prefix 2/8 (end=23, n_frames=5/24): reward=-22.5000 (mean, 1 tok)
2026-04-30 16:50:54,883 mme_vla_suite.pseudo_labeling.topreward_qwen_scorer INFO: Prefix 3/8 (end=36, n_frames=7/37): reward=-22.2500 (mean, 1 tok)
2026-04-30 16:51:01,907 mme_vla_suite.pseudo_labeling.topreward_qwen_scorer INFO: Prefix 4/8 (end=50, n_frames=10/51): reward=-21.8750 (mean, 1 tok)
2026-04-30 16:51:08,963 mme_vla_suite.pseudo_labeling.topreward_qwen_scorer INFO: Prefix 5/8 (end=63, n_frames=13/64): reward=-21.2500 (mean, 1 tok)
2026-04-30 16:51:15,915 mme_vla_suite.pseudo_labeling.topreward_qwen_scorer INFO: Prefix 6/8 (end=77, n_frames=16/78): reward=-21.8750 (mean, 1 tok)
2026-04-30 16:51:22,895 mme_vla_suite.pseudo_labeling.topreward_qwen_scorer INFO: Prefix 7/8 (end=90, n_frames=18/91): reward=-21.7500 (mean, 1 tok)
2026-04-30 16:51:30,046 mme_vla_suite.pseudo_labeling.topreward_qwen_scorer INFO: Prefix 8/8 (end=104, n_frames=21/105): reward=-18.6250 (mean, 1 tok)
2026-04-30 16:51:38,107 mme_vla_suite.pseudo_labeling.topreward_qwen_scorer INFO: Prefix 1/8 (end=12, n_frames=4/13): reward=-21.5000 (mean, 1 tok)
2026-04-30 16:51:44,915 mme_vla_suite.pseudo_labeling.topreward_qwen_scorer INFO: Prefix 2/8 (end=27, n_frames=6/28): reward=-21.1250 (mean, 1 tok)
2026-04-30 16:51:51,746 mme_vla_suite.pseudo_labeling.topreward_qwen_scorer INFO: Prefix 3/8 (end=42, n_frames=9/43): reward=-20.2500 (mean, 1 tok)
2026-04-30 16:51:58,575 mme_vla_suite.pseudo_labeling.topreward_qwen_scorer INFO: Prefix 4/8 (end=58, n_frames=12/59): reward=-21.5000 (mean, 1 tok)
2026-04-30 16:52:05,467 mme_vla_suite.pseudo_labeling.topreward_qwen_scorer INFO: Prefix 5/8 (end=73, n_frames=15/74): reward=-21.7500 (mean, 1 tok)
2026-04-30 16:52:12,384 mme_vla_suite.pseudo_labeling.topreward_qwen_scorer INFO: Prefix 6/8 (end=89, n_frames=18/90): reward=-22.6250 (mean, 1 tok)
2026-04-30 16:52:19,317 mme_vla_suite.pseudo_labeling.topreward_qwen_scorer INFO: Prefix 7/8 (end=104, n_frames=21/105): reward=-17.6250 (mean, 1 tok)
2026-04-30 16:52:26,276 mme_vla_suite.pseudo_labeling.topreward_qwen_scorer INFO: Prefix 8/8 (end=120, n_frames=24/121): reward=-18.2500 (mean, 1 tok)
2026-04-30 16:52:34,226 mme_vla_suite.pseudo_labeling.topreward_qwen_scorer INFO: Prefix 1/8 (end=10, n_frames=4/11): reward=-22.7500 (mean, 1 tok)
2026-04-30 16:52:41,021 mme_vla_suite.pseudo_labeling.topreward_qwen_scorer INFO: Prefix 2/8 (end=23, n_frames=5/24): reward=-22.2500 (mean, 1 tok)
2026-04-30 16:52:47,859 mme_vla_suite.pseudo_labeling.topreward_qwen_scorer INFO: Prefix 3/8 (end=36, n_frames=7/37): reward=-22.0000 (mean, 1 tok)
2026-04-30 16:52:54,671 mme_vla_suite.pseudo_labeling.topreward_qwen_scorer INFO: Prefix 4/8 (end=49, n_frames=10/50): reward=-21.7500 (mean, 1 tok)
2026-04-30 16:53:01,491 mme_vla_suite.pseudo_labeling.topreward_qwen_scorer INFO: Prefix 5/8 (end=63, n_frames=13/64): reward=-21.7500 (mean, 1 tok)
2026-04-30 16:53:08,413 mme_vla_suite.pseudo_labeling.topreward_qwen_scorer INFO: Prefix 6/8 (end=76, n_frames=15/77): reward=-21.0000 (mean, 1 tok)
2026-04-30 16:53:15,339 mme_vla_suite.pseudo_labeling.topreward_qwen_scorer INFO: Prefix 7/8 (end=89, n_frames=18/90): reward=-17.3750 (mean, 1 tok)
2026-04-30 16:53:22,228 mme_vla_suite.pseudo_labeling.topreward_qwen_scorer INFO: Prefix 8/8 (end=103, n_frames=21/104): reward=-19.2500 (mean, 1 tok)
2026-04-30 16:53:30,066 mme_vla_suite.pseudo_labeling.topreward_qwen_scorer INFO: Prefix 1/8 (end=4, n_frames=4/5): reward=-20.3750 (mean, 1 tok)
2026-04-30 16:53:36,811 mme_vla_suite.pseudo_labeling.topreward_qwen_scorer INFO: Prefix 2/8 (end=10, n_frames=4/11): reward=-19.3750 (mean, 1 tok)
2026-04-30 16:53:43,571 mme_vla_suite.pseudo_labeling.topreward_qwen_scorer INFO: Prefix 3/8 (end=16, n_frames=4/17): reward=-18.8750 (mean, 1 tok)
2026-04-30 16:53:50,359 mme_vla_suite.pseudo_labeling.topreward_qwen_scorer INFO: Prefix 4/8 (end=22, n_frames=5/23): reward=-19.8750 (mean, 1 tok)
2026-04-30 16:53:57,108 mme_vla_suite.pseudo_labeling.topreward_qwen_scorer INFO: Prefix 5/8 (end=29, n_frames=6/30): reward=-19.2500 (mean, 1 tok)
2026-04-30 16:54:03,882 mme_vla_suite.pseudo_labeling.topreward_qwen_scorer INFO: Prefix 6/8 (end=35, n_frames=7/36): reward=-18.1250 (mean, 1 tok)
2026-04-30 16:54:10,669 mme_vla_suite.pseudo_labeling.topreward_qwen_scorer INFO: Prefix 7/8 (end=41, n_frames=8/42): reward=-18.1250 (mean, 1 tok)
2026-04-30 16:54:17,464 mme_vla_suite.pseudo_labeling.topreward_qwen_scorer INFO: Prefix 8/8 (end=48, n_frames=10/49): reward=-18.0000 (mean, 1 tok)
2026-04-30 16:54:25,277 mme_vla_suite.pseudo_labeling.topreward_qwen_scorer INFO: Prefix 1/8 (end=9, n_frames=4/10): reward=-23.0000 (mean, 1 tok)
2026-04-30 16:54:32,045 mme_vla_suite.pseudo_labeling.topreward_qwen_scorer INFO: Prefix 2/8 (end=21, n_frames=4/22): reward=-22.5000 (mean, 1 tok)
2026-04-30 16:54:38,801 mme_vla_suite.pseudo_labeling.topreward_qwen_scorer INFO: Prefix 3/8 (end=33, n_frames=7/34): reward=-21.5000 (mean, 1 tok)
2026-04-30 16:54:45,559 mme_vla_suite.pseudo_labeling.topreward_qwen_scorer INFO: Prefix 4/8 (end=45, n_frames=9/46): reward=-21.6250 (mean, 1 tok)
2026-04-30 16:54:52,341 mme_vla_suite.pseudo_labeling.topreward_qwen_scorer INFO: Prefix 5/8 (end=57, n_frames=12/58): reward=-22.2500 (mean, 1 tok)
2026-04-30 16:54:59,163 mme_vla_suite.pseudo_labeling.topreward_qwen_scorer INFO: Prefix 6/8 (end=69, n_frames=14/70): reward=-20.7500 (mean, 1 tok)
2026-04-30 16:55:06,038 mme_vla_suite.pseudo_labeling.topreward_qwen_scorer INFO: Prefix 7/8 (end=81, n_frames=16/82): reward=-21.0000 (mean, 1 tok)
2026-04-30 16:55:12,984 mme_vla_suite.pseudo_labeling.topreward_qwen_scorer INFO: Prefix 8/8 (end=94, n_frames=19/95): reward=-18.3750 (mean, 1 tok)
2026-04-30 16:55:20,821 mme_vla_suite.pseudo_labeling.topreward_qwen_scorer INFO: Prefix 1/8 (end=10, n_frames=4/11): reward=-22.7500 (mean, 1 tok)
2026-04-30 16:55:27,672 mme_vla_suite.pseudo_labeling.topreward_qwen_scorer INFO: Prefix 2/8 (end=23, n_frames=5/24): reward=-22.3750 (mean, 1 tok)
2026-04-30 16:55:34,520 mme_vla_suite.pseudo_labeling.topreward_qwen_scorer INFO: Prefix 3/8 (end=36, n_frames=7/37): reward=-21.5000 (mean, 1 tok)
2026-04-30 16:55:41,362 mme_vla_suite.pseudo_labeling.topreward_qwen_scorer INFO: Prefix 4/8 (end=49, n_frames=10/50): reward=-21.6250 (mean, 1 tok)
2026-04-30 16:55:48,242 mme_vla_suite.pseudo_labeling.topreward_qwen_scorer INFO: Prefix 5/8 (end=62, n_frames=13/63): reward=-20.7500 (mean, 1 tok)
2026-04-30 16:55:55,125 mme_vla_suite.pseudo_labeling.topreward_qwen_scorer INFO: Prefix 6/8 (end=75, n_frames=15/76): reward=-21.2500 (mean, 1 tok)
2026-04-30 16:56:02,019 mme_vla_suite.pseudo_labeling.topreward_qwen_scorer INFO: Prefix 7/8 (end=88, n_frames=18/89): reward=-17.5000 (mean, 1 tok)
2026-04-30 16:56:08,966 mme_vla_suite.pseudo_labeling.topreward_qwen_scorer INFO: Prefix 8/8 (end=101, n_frames=20/102): reward=-17.8750 (mean, 1 tok)
2026-04-30 16:56:17,002 mme_vla_suite.pseudo_labeling.topreward_qwen_scorer INFO: Prefix 1/8 (end=11, n_frames=4/12): reward=-21.2500 (mean, 1 tok)
2026-04-30 16:56:23,862 mme_vla_suite.pseudo_labeling.topreward_qwen_scorer INFO: Prefix 2/8 (end=25, n_frames=5/26): reward=-21.3750 (mean, 1 tok)
2026-04-30 16:56:30,776 mme_vla_suite.pseudo_labeling.topreward_qwen_scorer INFO: Prefix 3/8 (end=39, n_frames=8/40): reward=-19.3750 (mean, 1 tok)
2026-04-30 16:56:37,678 mme_vla_suite.pseudo_labeling.topreward_qwen_scorer INFO: Prefix 4/8 (end=53, n_frames=11/54): reward=-18.1250 (mean, 1 tok)
2026-04-30 16:56:44,608 mme_vla_suite.pseudo_labeling.topreward_qwen_scorer INFO: Prefix 5/8 (end=67, n_frames=14/68): reward=-20.2500 (mean, 1 tok)
2026-04-30 16:56:51,467 mme_vla_suite.pseudo_labeling.topreward_qwen_scorer INFO: Prefix 6/8 (end=81, n_frames=16/82): reward=-20.8750 (mean, 1 tok)
2026-04-30 16:56:58,384 mme_vla_suite.pseudo_labeling.topreward_qwen_scorer INFO: Prefix 7/8 (end=95, n_frames=19/96): reward=-18.3750 (mean, 1 tok)
2026-04-30 16:57:05,352 mme_vla_suite.pseudo_labeling.topreward_qwen_scorer INFO: Prefix 8/8 (end=109, n_frames=22/110): reward=-17.1250 (mean, 1 tok)
2026-04-30 16:57:13,460 mme_vla_suite.pseudo_labeling.topreward_qwen_scorer INFO: Prefix 1/8 (end=9, n_frames=4/10): reward=-23.1250 (mean, 1 tok)
2026-04-30 16:57:20,276 mme_vla_suite.pseudo_labeling.topreward_qwen_scorer INFO: Prefix 2/8 (end=20, n_frames=4/21): reward=-22.6250 (mean, 1 tok)
2026-04-30 16:57:27,113 mme_vla_suite.pseudo_labeling.topreward_qwen_scorer INFO: Prefix 3/8 (end=32, n_frames=7/33): reward=-22.5000 (mean, 1 tok)
2026-04-30 16:57:33,943 mme_vla_suite.pseudo_labeling.topreward_qwen_scorer INFO: Prefix 4/8 (end=44, n_frames=9/45): reward=-22.0000 (mean, 1 tok)
2026-04-30 16:57:40,780 mme_vla_suite.pseudo_labeling.topreward_qwen_scorer INFO: Prefix 5/8 (end=55, n_frames=11/56): reward=-22.2500 (mean, 1 tok)
2026-04-30 16:57:47,636 mme_vla_suite.pseudo_labeling.topreward_qwen_scorer INFO: Prefix 6/8 (end=67, n_frames=14/68): reward=-22.1250 (mean, 1 tok)
2026-04-30 16:57:54,546 mme_vla_suite.pseudo_labeling.topreward_qwen_scorer INFO: Prefix 7/8 (end=79, n_frames=16/80): reward=-23.0000 (mean, 1 tok)
2026-04-30 16:58:01,466 mme_vla_suite.pseudo_labeling.topreward_qwen_scorer INFO: Prefix 8/8 (end=91, n_frames=18/92): reward=-20.1250 (mean, 1 tok)
2026-04-30 16:58:09,121 mme_vla_suite.pseudo_labeling.topreward_qwen_scorer INFO: Prefix 1/8 (end=9, n_frames=4/10): reward=-23.1250 (mean, 1 tok)
2026-04-30 16:58:15,923 mme_vla_suite.pseudo_labeling.topreward_qwen_scorer INFO: Prefix 2/8 (end=21, n_frames=4/22): reward=-22.3750 (mean, 1 tok)
2026-04-30 16:58:22,750 mme_vla_suite.pseudo_labeling.topreward_qwen_scorer INFO: Prefix 3/8 (end=34, n_frames=7/35): reward=-22.3750 (mean, 1 tok)
2026-04-30 16:58:29,596 mme_vla_suite.pseudo_labeling.topreward_qwen_scorer INFO: Prefix 4/8 (end=47, n_frames=10/48): reward=-22.3750 (mean, 1 tok)
2026-04-30 16:58:36,442 mme_vla_suite.pseudo_labeling.topreward_qwen_scorer INFO: Prefix 5/8 (end=59, n_frames=12/60): reward=-22.5000 (mean, 1 tok)
2026-04-30 16:58:43,342 mme_vla_suite.pseudo_labeling.topreward_qwen_scorer INFO: Prefix 6/8 (end=72, n_frames=15/73): reward=-21.5000 (mean, 1 tok)
2026-04-30 16:58:50,269 mme_vla_suite.pseudo_labeling.topreward_qwen_scorer INFO: Prefix 7/8 (end=85, n_frames=17/86): reward=-23.3750 (mean, 1 tok)
2026-04-30 16:58:57,192 mme_vla_suite.pseudo_labeling.topreward_qwen_scorer INFO: Prefix 8/8 (end=98, n_frames=20/99): reward=-18.7500 (mean, 1 tok)
2026-04-30 16:59:05,170 mme_vla_suite.pseudo_labeling.topreward_qwen_scorer INFO: Prefix 1/8 (end=12, n_frames=4/13): reward=-21.2500 (mean, 1 tok)
2026-04-30 16:59:11,995 mme_vla_suite.pseudo_labeling.topreward_qwen_scorer INFO: Prefix 2/8 (end=27, n_frames=6/28): reward=-21.1250 (mean, 1 tok)
2026-04-30 16:59:18,951 mme_vla_suite.pseudo_labeling.topreward_qwen_scorer INFO: Prefix 3/8 (end=42, n_frames=9/43): reward=-20.6250 (mean, 1 tok)
2026-04-30 16:59:25,956 mme_vla_suite.pseudo_labeling.topreward_qwen_scorer INFO: Prefix 4/8 (end=58, n_frames=12/59): reward=-20.2500 (mean, 1 tok)
2026-04-30 16:59:32,970 mme_vla_suite.pseudo_labeling.topreward_qwen_scorer INFO: Prefix 5/8 (end=73, n_frames=15/74): reward=-19.6250 (mean, 1 tok)
2026-04-30 16:59:40,012 mme_vla_suite.pseudo_labeling.topreward_qwen_scorer INFO: Prefix 6/8 (end=89, n_frames=18/90): reward=-21.1250 (mean, 1 tok)
2026-04-30 16:59:47,027 mme_vla_suite.pseudo_labeling.topreward_qwen_scorer INFO: Prefix 7/8 (end=104, n_frames=21/105): reward=-18.5000 (mean, 1 tok)
2026-04-30 16:59:54,063 mme_vla_suite.pseudo_labeling.topreward_qwen_scorer INFO: Prefix 8/8 (end=120, n_frames=24/121): reward=-19.6250 (mean, 1 tok)
2026-04-30 17:00:02,220 mme_vla_suite.pseudo_labeling.topreward_qwen_scorer INFO: Prefix 1/8 (end=9, n_frames=4/10): reward=-23.5000 (mean, 1 tok)
2026-04-30 17:00:09,010 mme_vla_suite.pseudo_labeling.topreward_qwen_scorer INFO: Prefix 2/8 (end=21, n_frames=4/22): reward=-23.0000 (mean, 1 tok)
2026-04-30 17:00:15,846 mme_vla_suite.pseudo_labeling.topreward_qwen_scorer INFO: Prefix 3/8 (end=33, n_frames=7/34): reward=-22.6250 (mean, 1 tok)
2026-04-30 17:00:22,690 mme_vla_suite.pseudo_labeling.topreward_qwen_scorer INFO: Prefix 4/8 (end=45, n_frames=9/46): reward=-22.7500 (mean, 1 tok)
2026-04-30 17:00:29,504 mme_vla_suite.pseudo_labeling.topreward_qwen_scorer INFO: Prefix 5/8 (end=57, n_frames=12/58): reward=-21.3750 (mean, 1 tok)
2026-04-30 17:00:36,328 mme_vla_suite.pseudo_labeling.topreward_qwen_scorer INFO: Prefix 6/8 (end=69, n_frames=14/70): reward=-21.7500 (mean, 1 tok)
2026-04-30 17:00:43,222 mme_vla_suite.pseudo_labeling.topreward_qwen_scorer INFO: Prefix 7/8 (end=81, n_frames=16/82): reward=-21.8750 (mean, 1 tok)
2026-04-30 17:00:50,121 mme_vla_suite.pseudo_labeling.topreward_qwen_scorer INFO: Prefix 8/8 (end=93, n_frames=19/94): reward=-18.0000 (mean, 1 tok)
2026-04-30 17:00:57,944 mme_vla_suite.pseudo_labeling.topreward_qwen_scorer INFO: Prefix 1/8 (end=10, n_frames=4/11): reward=-23.3750 (mean, 1 tok)
2026-04-30 17:01:04,718 mme_vla_suite.pseudo_labeling.topreward_qwen_scorer INFO: Prefix 2/8 (end=23, n_frames=5/24): reward=-22.8750 (mean, 1 tok)
2026-04-30 17:01:11,530 mme_vla_suite.pseudo_labeling.topreward_qwen_scorer INFO: Prefix 3/8 (end=36, n_frames=7/37): reward=-22.6250 (mean, 1 tok)
2026-04-30 17:01:18,340 mme_vla_suite.pseudo_labeling.topreward_qwen_scorer INFO: Prefix 4/8 (end=49, n_frames=10/50): reward=-22.7500 (mean, 1 tok)
2026-04-30 17:01:25,168 mme_vla_suite.pseudo_labeling.topreward_qwen_scorer INFO: Prefix 5/8 (end=62, n_frames=13/63): reward=-22.0000 (mean, 1 tok)
2026-04-30 17:01:32,029 mme_vla_suite.pseudo_labeling.topreward_qwen_scorer INFO: Prefix 6/8 (end=75, n_frames=15/76): reward=-22.3750 (mean, 1 tok)
2026-04-30 17:01:38,914 mme_vla_suite.pseudo_labeling.topreward_qwen_scorer INFO: Prefix 7/8 (end=88, n_frames=18/89): reward=-17.7500 (mean, 1 tok)
2026-04-30 17:01:45,802 mme_vla_suite.pseudo_labeling.topreward_qwen_scorer INFO: Prefix 8/8 (end=102, n_frames=21/103): reward=-18.1250 (mean, 1 tok)
2026-04-30 17:01:53,636 mme_vla_suite.pseudo_labeling.topreward_qwen_scorer INFO: Prefix 1/8 (end=11, n_frames=4/12): reward=-21.3750 (mean, 1 tok)
2026-04-30 17:02:00,451 mme_vla_suite.pseudo_labeling.topreward_qwen_scorer INFO: Prefix 2/8 (end=26, n_frames=5/27): reward=-21.2500 (mean, 1 tok)
2026-04-30 17:02:07,281 mme_vla_suite.pseudo_labeling.topreward_qwen_scorer INFO: Prefix 3/8 (end=41, n_frames=8/42): reward=-19.8750 (mean, 1 tok)
2026-04-30 17:02:14,130 mme_vla_suite.pseudo_labeling.topreward_qwen_scorer INFO: Prefix 4/8 (end=56, n_frames=11/57): reward=-19.6250 (mean, 1 tok)
2026-04-30 17:02:20,991 mme_vla_suite.pseudo_labeling.topreward_qwen_scorer INFO: Prefix 5/8 (end=72, n_frames=15/73): reward=-18.2500 (mean, 1 tok)
2026-04-30 17:02:27,886 mme_vla_suite.pseudo_labeling.topreward_qwen_scorer INFO: Prefix 6/8 (end=87, n_frames=18/88): reward=-21.0000 (mean, 1 tok)
2026-04-30 17:02:34,803 mme_vla_suite.pseudo_labeling.topreward_qwen_scorer INFO: Prefix 7/8 (end=102, n_frames=21/103): reward=-16.8750 (mean, 1 tok)
2026-04-30 17:02:41,818 mme_vla_suite.pseudo_labeling.topreward_qwen_scorer INFO: Prefix 8/8 (end=118, n_frames=24/119): reward=-17.6250 (mean, 1 tok)
2026-04-30 17:02:49,925 mme_vla_suite.pseudo_labeling.topreward_qwen_scorer INFO: Prefix 1/8 (end=9, n_frames=4/10): reward=-22.3750 (mean, 1 tok)
2026-04-30 17:02:56,809 mme_vla_suite.pseudo_labeling.topreward_qwen_scorer INFO: Prefix 2/8 (end=21, n_frames=4/22): reward=-22.2500 (mean, 1 tok)
2026-04-30 17:03:03,608 mme_vla_suite.pseudo_labeling.topreward_qwen_scorer INFO: Prefix 3/8 (end=34, n_frames=7/35): reward=-22.3750 (mean, 1 tok)
2026-04-30 17:03:10,412 mme_vla_suite.pseudo_labeling.topreward_qwen_scorer INFO: Prefix 4/8 (end=46, n_frames=9/47): reward=-22.0000 (mean, 1 tok)
2026-04-30 17:03:17,236 mme_vla_suite.pseudo_labeling.topreward_qwen_scorer INFO: Prefix 5/8 (end=59, n_frames=12/60): reward=-21.8750 (mean, 1 tok)
2026-04-30 17:03:24,074 mme_vla_suite.pseudo_labeling.topreward_qwen_scorer INFO: Prefix 6/8 (end=71, n_frames=14/72): reward=-23.0000 (mean, 1 tok)
2026-04-30 17:03:30,895 mme_vla_suite.pseudo_labeling.topreward_qwen_scorer INFO: Prefix 7/8 (end=84, n_frames=17/85): reward=-23.0000 (mean, 1 tok)
2026-04-30 17:03:37,777 mme_vla_suite.pseudo_labeling.topreward_qwen_scorer INFO: Prefix 8/8 (end=97, n_frames=20/98): reward=-18.8750 (mean, 1 tok)
2026-04-30 17:03:45,479 mme_vla_suite.pseudo_labeling.topreward_qwen_scorer INFO: Prefix 1/8 (end=10, n_frames=4/11): reward=-22.2500 (mean, 1 tok)
2026-04-30 17:03:52,281 mme_vla_suite.pseudo_labeling.topreward_qwen_scorer INFO: Prefix 2/8 (end=23, n_frames=5/24): reward=-22.3750 (mean, 1 tok)
2026-04-30 17:03:59,086 mme_vla_suite.pseudo_labeling.topreward_qwen_scorer INFO: Prefix 3/8 (end=37, n_frames=8/38): reward=-21.6250 (mean, 1 tok)
2026-04-30 17:04:05,916 mme_vla_suite.pseudo_labeling.topreward_qwen_scorer INFO: Prefix 4/8 (end=51, n_frames=10/52): reward=-21.6250 (mean, 1 tok)
2026-04-30 17:04:12,761 mme_vla_suite.pseudo_labeling.topreward_qwen_scorer INFO: Prefix 5/8 (end=64, n_frames=13/65): reward=-22.7500 (mean, 1 tok)
2026-04-30 17:04:19,607 mme_vla_suite.pseudo_labeling.topreward_qwen_scorer INFO: Prefix 6/8 (end=78, n_frames=16/79): reward=-22.7500 (mean, 1 tok)
2026-04-30 17:04:26,469 mme_vla_suite.pseudo_labeling.topreward_qwen_scorer INFO: Prefix 7/8 (end=92, n_frames=19/93): reward=-20.6250 (mean, 1 tok)
2026-04-30 17:04:33,365 mme_vla_suite.pseudo_labeling.topreward_qwen_scorer INFO: Prefix 8/8 (end=106, n_frames=21/107): reward=-17.5000 (mean, 1 tok)
2026-04-30 17:04:41,027 mme_vla_suite.pseudo_labeling.topreward_qwen_scorer INFO: Prefix 1/8 (end=11, n_frames=4/12): reward=-22.0000 (mean, 1 tok)
2026-04-30 17:04:47,782 mme_vla_suite.pseudo_labeling.topreward_qwen_scorer INFO: Prefix 2/8 (end=25, n_frames=5/26): reward=-21.8750 (mean, 1 tok)
2026-04-30 17:04:54,578 mme_vla_suite.pseudo_labeling.topreward_qwen_scorer INFO: Prefix 3/8 (end=39, n_frames=8/40): reward=-20.6250 (mean, 1 tok)
2026-04-30 17:05:01,394 mme_vla_suite.pseudo_labeling.topreward_qwen_scorer INFO: Prefix 4/8 (end=53, n_frames=11/54): reward=-19.5000 (mean, 1 tok)
2026-04-30 17:05:08,226 mme_vla_suite.pseudo_labeling.topreward_qwen_scorer INFO: Prefix 5/8 (end=67, n_frames=14/68): reward=-21.3750 (mean, 1 tok)
2026-04-30 17:05:15,084 mme_vla_suite.pseudo_labeling.topreward_qwen_scorer INFO: Prefix 6/8 (end=81, n_frames=16/82): reward=-22.3750 (mean, 1 tok)
2026-04-30 17:05:21,981 mme_vla_suite.pseudo_labeling.topreward_qwen_scorer INFO: Prefix 7/8 (end=95, n_frames=19/96): reward=-18.0000 (mean, 1 tok)
2026-04-30 17:05:28,924 mme_vla_suite.pseudo_labeling.topreward_qwen_scorer INFO: Prefix 8/8 (end=109, n_frames=22/110): reward=-18.3750 (mean, 1 tok)
2026-04-30 17:05:37,248 mme_vla_suite.pseudo_labeling.topreward_qwen_scorer INFO: Prefix 1/8 (end=10, n_frames=4/11): reward=-23.1250 (mean, 1 tok)
2026-04-30 17:05:44,077 mme_vla_suite.pseudo_labeling.topreward_qwen_scorer INFO: Prefix 2/8 (end=24, n_frames=5/25): reward=-22.0000 (mean, 1 tok)
2026-04-30 17:05:50,909 mme_vla_suite.pseudo_labeling.topreward_qwen_scorer INFO: Prefix 3/8 (end=38, n_frames=8/39): reward=-21.5000 (mean, 1 tok)
2026-04-30 17:05:57,789 mme_vla_suite.pseudo_labeling.topreward_qwen_scorer INFO: Prefix 4/8 (end=52, n_frames=11/53): reward=-21.0000 (mean, 1 tok)
2026-04-30 17:06:04,674 mme_vla_suite.pseudo_labeling.topreward_qwen_scorer INFO: Prefix 5/8 (end=66, n_frames=13/67): reward=-21.8750 (mean, 1 tok)
2026-04-30 17:06:11,605 mme_vla_suite.pseudo_labeling.topreward_qwen_scorer INFO: Prefix 6/8 (end=80, n_frames=16/81): reward=-20.0000 (mean, 1 tok)
2026-04-30 17:06:18,542 mme_vla_suite.pseudo_labeling.topreward_qwen_scorer INFO: Prefix 7/8 (end=94, n_frames=19/95): reward=-21.8750 (mean, 1 tok)
2026-04-30 17:06:25,506 mme_vla_suite.pseudo_labeling.topreward_qwen_scorer INFO: Prefix 8/8 (end=108, n_frames=22/109): reward=-19.3750 (mean, 1 tok)
2026-04-30 17:06:33,277 mme_vla_suite.pseudo_labeling.topreward_qwen_scorer INFO: Prefix 1/8 (end=4, n_frames=4/5): reward=-20.2500 (mean, 1 tok)
2026-04-30 17:06:40,099 mme_vla_suite.pseudo_labeling.topreward_qwen_scorer INFO: Prefix 2/8 (end=9, n_frames=4/10): reward=-20.2500 (mean, 1 tok)
2026-04-30 17:06:46,897 mme_vla_suite.pseudo_labeling.topreward_qwen_scorer INFO: Prefix 3/8 (end=14, n_frames=4/15): reward=-19.5000 (mean, 1 tok)
2026-04-30 17:06:53,690 mme_vla_suite.pseudo_labeling.topreward_qwen_scorer INFO: Prefix 4/8 (end=19, n_frames=4/20): reward=-18.7500 (mean, 1 tok)
2026-04-30 17:07:00,497 mme_vla_suite.pseudo_labeling.topreward_qwen_scorer INFO: Prefix 5/8 (end=24, n_frames=5/25): reward=-18.0000 (mean, 1 tok)
2026-04-30 17:07:07,301 mme_vla_suite.pseudo_labeling.topreward_qwen_scorer INFO: Prefix 6/8 (end=29, n_frames=6/30): reward=-19.0000 (mean, 1 tok)
2026-04-30 17:07:14,143 mme_vla_suite.pseudo_labeling.topreward_qwen_scorer INFO: Prefix 7/8 (end=34, n_frames=7/35): reward=-17.8750 (mean, 1 tok)
2026-04-30 17:07:20,989 mme_vla_suite.pseudo_labeling.topreward_qwen_scorer INFO: Prefix 8/8 (end=40, n_frames=8/41): reward=-19.2500 (mean, 1 tok)
2026-04-30 17:07:28,844 mme_vla_suite.pseudo_labeling.topreward_qwen_scorer INFO: Prefix 1/8 (end=9, n_frames=4/10): reward=-23.7500 (mean, 1 tok)
2026-04-30 17:07:35,669 mme_vla_suite.pseudo_labeling.topreward_qwen_scorer INFO: Prefix 2/8 (end=21, n_frames=4/22): reward=-25.1250 (mean, 1 tok)
2026-04-30 17:07:42,502 mme_vla_suite.pseudo_labeling.topreward_qwen_scorer INFO: Prefix 3/8 (end=33, n_frames=7/34): reward=-24.1250 (mean, 1 tok)
2026-04-30 17:07:49,355 mme_vla_suite.pseudo_labeling.topreward_qwen_scorer INFO: Prefix 4/8 (end=45, n_frames=9/46): reward=-22.2500 (mean, 1 tok)
2026-04-30 17:07:56,261 mme_vla_suite.pseudo_labeling.topreward_qwen_scorer INFO: Prefix 5/8 (end=57, n_frames=12/58): reward=-23.1250 (mean, 1 tok)
2026-04-30 17:08:03,238 mme_vla_suite.pseudo_labeling.topreward_qwen_scorer INFO: Prefix 6/8 (end=69, n_frames=14/70): reward=-23.3750 (mean, 1 tok)
2026-04-30 17:08:10,232 mme_vla_suite.pseudo_labeling.topreward_qwen_scorer INFO: Prefix 7/8 (end=81, n_frames=16/82): reward=-24.0000 (mean, 1 tok)
2026-04-30 17:08:17,237 mme_vla_suite.pseudo_labeling.topreward_qwen_scorer INFO: Prefix 8/8 (end=94, n_frames=19/95): reward=-18.8750 (mean, 1 tok)
2026-04-30 17:08:25,166 mme_vla_suite.pseudo_labeling.topreward_qwen_scorer INFO: Prefix 1/8 (end=10, n_frames=4/11): reward=-23.7500 (mean, 1 tok)
2026-04-30 17:08:32,069 mme_vla_suite.pseudo_labeling.topreward_qwen_scorer INFO: Prefix 2/8 (end=23, n_frames=5/24): reward=-24.1250 (mean, 1 tok)
2026-04-30 17:08:38,958 mme_vla_suite.pseudo_labeling.topreward_qwen_scorer INFO: Prefix 3/8 (end=36, n_frames=7/37): reward=-23.5000 (mean, 1 tok)
2026-04-30 17:08:45,854 mme_vla_suite.pseudo_labeling.topreward_qwen_scorer INFO: Prefix 4/8 (end=49, n_frames=10/50): reward=-23.1250 (mean, 1 tok)
2026-04-30 17:08:52,763 mme_vla_suite.pseudo_labeling.topreward_qwen_scorer INFO: Prefix 5/8 (end=62, n_frames=13/63): reward=-23.8750 (mean, 1 tok)
2026-04-30 17:08:59,734 mme_vla_suite.pseudo_labeling.topreward_qwen_scorer INFO: Prefix 6/8 (end=75, n_frames=15/76): reward=-24.2500 (mean, 1 tok)
2026-04-30 17:09:06,770 mme_vla_suite.pseudo_labeling.topreward_qwen_scorer INFO: Prefix 7/8 (end=88, n_frames=18/89): reward=-23.1250 (mean, 1 tok)
2026-04-30 17:09:13,893 mme_vla_suite.pseudo_labeling.topreward_qwen_scorer INFO: Prefix 8/8 (end=102, n_frames=21/103): reward=-19.2500 (mean, 1 tok)
2026-04-30 17:09:21,867 mme_vla_suite.pseudo_labeling.topreward_qwen_scorer INFO: Prefix 1/8 (end=11, n_frames=4/12): reward=-22.1250 (mean, 1 tok)
2026-04-30 17:09:28,892 mme_vla_suite.pseudo_labeling.topreward_qwen_scorer INFO: Prefix 2/8 (end=25, n_frames=5/26): reward=-22.3750 (mean, 1 tok)
2026-04-30 17:09:35,861 mme_vla_suite.pseudo_labeling.topreward_qwen_scorer INFO: Prefix 3/8 (end=40, n_frames=8/41): reward=-20.2500 (mean, 1 tok)
2026-04-30 17:09:42,670 mme_vla_suite.pseudo_labeling.topreward_qwen_scorer INFO: Prefix 4/8 (end=54, n_frames=11/55): reward=-20.3750 (mean, 1 tok)
2026-04-30 17:09:49,607 mme_vla_suite.pseudo_labeling.topreward_qwen_scorer INFO: Prefix 5/8 (end=69, n_frames=14/70): reward=-21.3750 (mean, 1 tok)
2026-04-30 17:09:56,506 mme_vla_suite.pseudo_labeling.topreward_qwen_scorer INFO: Prefix 6/8 (end=83, n_frames=17/84): reward=-20.6250 (mean, 1 tok)
2026-04-30 17:10:03,396 mme_vla_suite.pseudo_labeling.topreward_qwen_scorer INFO: Prefix 7/8 (end=98, n_frames=20/99): reward=-20.8750 (mean, 1 tok)
2026-04-30 17:10:10,325 mme_vla_suite.pseudo_labeling.topreward_qwen_scorer INFO: Prefix 8/8 (end=113, n_frames=23/114): reward=-18.8750 (mean, 1 tok)
2026-04-30 17:10:18,056 mme_vla_suite.pseudo_labeling.topreward_qwen_scorer INFO: Prefix 1/8 (end=10, n_frames=4/11): reward=-23.1250 (mean, 1 tok)
2026-04-30 17:10:24,840 mme_vla_suite.pseudo_labeling.topreward_qwen_scorer INFO: Prefix 2/8 (end=23, n_frames=5/24): reward=-22.1250 (mean, 1 tok)
2026-04-30 17:10:31,619 mme_vla_suite.pseudo_labeling.topreward_qwen_scorer INFO: Prefix 3/8 (end=36, n_frames=7/37): reward=-22.0000 (mean, 1 tok)
2026-04-30 17:10:38,407 mme_vla_suite.pseudo_labeling.topreward_qwen_scorer INFO: Prefix 4/8 (end=49, n_frames=10/50): reward=-21.3750 (mean, 1 tok)
2026-04-30 17:10:45,234 mme_vla_suite.pseudo_labeling.topreward_qwen_scorer INFO: Prefix 5/8 (end=62, n_frames=13/63): reward=-21.6250 (mean, 1 tok)
2026-04-30 17:10:52,095 mme_vla_suite.pseudo_labeling.topreward_qwen_scorer INFO: Prefix 6/8 (end=75, n_frames=15/76): reward=-22.0000 (mean, 1 tok)
2026-04-30 17:10:58,965 mme_vla_suite.pseudo_labeling.topreward_qwen_scorer INFO: Prefix 7/8 (end=88, n_frames=18/89): reward=-21.1250 (mean, 1 tok)
2026-04-30 17:11:05,861 mme_vla_suite.pseudo_labeling.topreward_qwen_scorer INFO: Prefix 8/8 (end=101, n_frames=20/102): reward=-18.2500 (mean, 1 tok)
2026-04-30 17:11:13,581 mme_vla_suite.pseudo_labeling.topreward_qwen_scorer INFO: Prefix 1/8 (end=10, n_frames=4/11): reward=-23.1250 (mean, 1 tok)
2026-04-30 17:11:20,472 mme_vla_suite.pseudo_labeling.topreward_qwen_scorer INFO: Prefix 2/8 (end=23, n_frames=5/24): reward=-22.1250 (mean, 1 tok)
2026-04-30 17:11:27,266 mme_vla_suite.pseudo_labeling.topreward_qwen_scorer INFO: Prefix 3/8 (end=37, n_frames=8/38): reward=-22.1250 (mean, 1 tok)
2026-04-30 17:11:34,098 mme_vla_suite.pseudo_labeling.topreward_qwen_scorer INFO: Prefix 4/8 (end=51, n_frames=10/52): reward=-21.7500 (mean, 1 tok)
2026-04-30 17:11:40,944 mme_vla_suite.pseudo_labeling.topreward_qwen_scorer INFO: Prefix 5/8 (end=65, n_frames=13/66): reward=-22.6250 (mean, 1 tok)
2026-04-30 17:11:47,887 mme_vla_suite.pseudo_labeling.topreward_qwen_scorer INFO: Prefix 6/8 (end=79, n_frames=16/80): reward=-22.6250 (mean, 1 tok)
2026-04-30 17:11:54,874 mme_vla_suite.pseudo_labeling.topreward_qwen_scorer INFO: Prefix 7/8 (end=93, n_frames=19/94): reward=-21.1250 (mean, 1 tok)
2026-04-30 17:12:01,770 mme_vla_suite.pseudo_labeling.topreward_qwen_scorer INFO: Prefix 8/8 (end=107, n_frames=22/108): reward=-18.5000 (mean, 1 tok)
2026-04-30 17:12:09,658 mme_vla_suite.pseudo_labeling.topreward_qwen_scorer INFO: Prefix 1/8 (end=12, n_frames=4/13): reward=-22.5000 (mean, 1 tok)
2026-04-30 17:12:16,425 mme_vla_suite.pseudo_labeling.topreward_qwen_scorer INFO: Prefix 2/8 (end=27, n_frames=6/28): reward=-22.7500 (mean, 1 tok)
2026-04-30 17:12:23,211 mme_vla_suite.pseudo_labeling.topreward_qwen_scorer INFO: Prefix 3/8 (end=42, n_frames=9/43): reward=-20.6250 (mean, 1 tok)
2026-04-30 17:12:30,012 mme_vla_suite.pseudo_labeling.topreward_qwen_scorer INFO: Prefix 4/8 (end=58, n_frames=12/59): reward=-20.6250 (mean, 1 tok)
2026-04-30 17:12:36,887 mme_vla_suite.pseudo_labeling.topreward_qwen_scorer INFO: Prefix 5/8 (end=73, n_frames=15/74): reward=-20.2500 (mean, 1 tok)
2026-04-30 17:12:43,777 mme_vla_suite.pseudo_labeling.topreward_qwen_scorer INFO: Prefix 6/8 (end=89, n_frames=18/90): reward=-20.0000 (mean, 1 tok)
2026-04-30 17:12:50,682 mme_vla_suite.pseudo_labeling.topreward_qwen_scorer INFO: Prefix 7/8 (end=104, n_frames=21/105): reward=-18.8750 (mean, 1 tok)
2026-04-30 17:12:57,643 mme_vla_suite.pseudo_labeling.topreward_qwen_scorer INFO: Prefix 8/8 (end=120, n_frames=24/121): reward=-19.6250 (mean, 1 tok)
2026-04-30 17:13:05,455 mme_vla_suite.pseudo_labeling.topreward_qwen_scorer INFO: Prefix 1/8 (end=10, n_frames=4/11): reward=-23.2500 (mean, 1 tok)
2026-04-30 17:13:12,262 mme_vla_suite.pseudo_labeling.topreward_qwen_scorer INFO: Prefix 2/8 (end=23, n_frames=5/24): reward=-22.3750 (mean, 1 tok)
2026-04-30 17:13:19,093 mme_vla_suite.pseudo_labeling.topreward_qwen_scorer INFO: Prefix 3/8 (end=36, n_frames=7/37): reward=-21.8750 (mean, 1 tok)
2026-04-30 17:13:25,973 mme_vla_suite.pseudo_labeling.topreward_qwen_scorer INFO: Prefix 4/8 (end=49, n_frames=10/50): reward=-21.5000 (mean, 1 tok)
2026-04-30 17:13:32,860 mme_vla_suite.pseudo_labeling.topreward_qwen_scorer INFO: Prefix 5/8 (end=62, n_frames=13/63): reward=-23.1250 (mean, 1 tok)
2026-04-30 17:13:39,722 mme_vla_suite.pseudo_labeling.topreward_qwen_scorer INFO: Prefix 6/8 (end=75, n_frames=15/76): reward=-22.1250 (mean, 1 tok)
2026-04-30 17:13:46,625 mme_vla_suite.pseudo_labeling.topreward_qwen_scorer INFO: Prefix 7/8 (end=88, n_frames=18/89): reward=-21.8750 (mean, 1 tok)
2026-04-30 17:13:53,537 mme_vla_suite.pseudo_labeling.topreward_qwen_scorer INFO: Prefix 8/8 (end=101, n_frames=20/102): reward=-19.2500 (mean, 1 tok)
2026-04-30 17:14:01,553 mme_vla_suite.pseudo_labeling.topreward_qwen_scorer INFO: Prefix 1/8 (end=10, n_frames=4/11): reward=-23.2500 (mean, 1 tok)
2026-04-30 17:14:08,441 mme_vla_suite.pseudo_labeling.topreward_qwen_scorer INFO: Prefix 2/8 (end=24, n_frames=5/25): reward=-22.3750 (mean, 1 tok)
2026-04-30 17:14:15,346 mme_vla_suite.pseudo_labeling.topreward_qwen_scorer INFO: Prefix 3/8 (end=38, n_frames=8/39): reward=-21.7500 (mean, 1 tok)
2026-04-30 17:14:22,275 mme_vla_suite.pseudo_labeling.topreward_qwen_scorer INFO: Prefix 4/8 (end=52, n_frames=11/53): reward=-21.2500 (mean, 1 tok)
2026-04-30 17:14:29,213 mme_vla_suite.pseudo_labeling.topreward_qwen_scorer INFO: Prefix 5/8 (end=66, n_frames=13/67): reward=-22.0000 (mean, 1 tok)
2026-04-30 17:14:36,194 mme_vla_suite.pseudo_labeling.topreward_qwen_scorer INFO: Prefix 6/8 (end=80, n_frames=16/81): reward=-22.0000 (mean, 1 tok)
2026-04-30 17:14:43,164 mme_vla_suite.pseudo_labeling.topreward_qwen_scorer INFO: Prefix 7/8 (end=94, n_frames=19/95): reward=-22.2500 (mean, 1 tok)
2026-04-30 17:14:50,199 mme_vla_suite.pseudo_labeling.topreward_qwen_scorer INFO: Prefix 8/8 (end=108, n_frames=22/109): reward=-19.0000 (mean, 1 tok)
2026-04-30 17:14:58,122 mme_vla_suite.pseudo_labeling.topreward_qwen_scorer INFO: Prefix 1/8 (end=11, n_frames=4/12): reward=-21.2500 (mean, 1 tok)
2026-04-30 17:15:05,010 mme_vla_suite.pseudo_labeling.topreward_qwen_scorer INFO: Prefix 2/8 (end=25, n_frames=5/26): reward=-20.8750 (mean, 1 tok)
2026-04-30 17:15:11,817 mme_vla_suite.pseudo_labeling.topreward_qwen_scorer INFO: Prefix 3/8 (end=39, n_frames=8/40): reward=-19.6250 (mean, 1 tok)
2026-04-30 17:15:18,708 mme_vla_suite.pseudo_labeling.topreward_qwen_scorer INFO: Prefix 4/8 (end=53, n_frames=11/54): reward=-18.3750 (mean, 1 tok)
2026-04-30 17:15:25,609 mme_vla_suite.pseudo_labeling.topreward_qwen_scorer INFO: Prefix 5/8 (end=67, n_frames=14/68): reward=-22.5000 (mean, 1 tok)
2026-04-30 17:15:32,537 mme_vla_suite.pseudo_labeling.topreward_qwen_scorer INFO: Prefix 6/8 (end=81, n_frames=16/82): reward=-23.1250 (mean, 1 tok)
2026-04-30 17:15:39,478 mme_vla_suite.pseudo_labeling.topreward_qwen_scorer INFO: Prefix 7/8 (end=95, n_frames=19/96): reward=-20.6250 (mean, 1 tok)
2026-04-30 17:15:46,425 mme_vla_suite.pseudo_labeling.topreward_qwen_scorer INFO: Prefix 8/8 (end=110, n_frames=22/111): reward=-19.1250 (mean, 1 tok)
2026-04-30 17:15:54,342 mme_vla_suite.pseudo_labeling.topreward_qwen_scorer INFO: Prefix 1/8 (end=9, n_frames=4/10): reward=-22.8750 (mean, 1 tok)
2026-04-30 17:16:01,144 mme_vla_suite.pseudo_labeling.topreward_qwen_scorer INFO: Prefix 2/8 (end=20, n_frames=4/21): reward=-22.6250 (mean, 1 tok)
2026-04-30 17:16:07,960 mme_vla_suite.pseudo_labeling.topreward_qwen_scorer INFO: Prefix 3/8 (end=31, n_frames=6/32): reward=-22.8750 (mean, 1 tok)
2026-04-30 17:16:14,801 mme_vla_suite.pseudo_labeling.topreward_qwen_scorer INFO: Prefix 4/8 (end=43, n_frames=9/44): reward=-22.5000 (mean, 1 tok)
2026-04-30 17:16:21,625 mme_vla_suite.pseudo_labeling.topreward_qwen_scorer INFO: Prefix 5/8 (end=54, n_frames=11/55): reward=-21.8750 (mean, 1 tok)
2026-04-30 17:16:28,470 mme_vla_suite.pseudo_labeling.topreward_qwen_scorer INFO: Prefix 6/8 (end=66, n_frames=13/67): reward=-21.1250 (mean, 1 tok)
2026-04-30 17:16:35,352 mme_vla_suite.pseudo_labeling.topreward_qwen_scorer INFO: Prefix 7/8 (end=77, n_frames=16/78): reward=-22.5000 (mean, 1 tok)
2026-04-30 17:16:42,332 mme_vla_suite.pseudo_labeling.topreward_qwen_scorer INFO: Prefix 8/8 (end=89, n_frames=18/90): reward=-18.2500 (mean, 1 tok)
2026-04-30 17:16:50,109 mme_vla_suite.pseudo_labeling.topreward_qwen_scorer INFO: Prefix 1/8 (end=9, n_frames=4/10): reward=-22.8750 (mean, 1 tok)
2026-04-30 17:16:56,933 mme_vla_suite.pseudo_labeling.topreward_qwen_scorer INFO: Prefix 2/8 (end=21, n_frames=4/22): reward=-22.3750 (mean, 1 tok)
2026-04-30 17:17:03,776 mme_vla_suite.pseudo_labeling.topreward_qwen_scorer INFO: Prefix 3/8 (end=33, n_frames=7/34): reward=-22.1250 (mean, 1 tok)
2026-04-30 17:17:10,627 mme_vla_suite.pseudo_labeling.topreward_qwen_scorer INFO: Prefix 4/8 (end=46, n_frames=9/47): reward=-22.5000 (mean, 1 tok)
2026-04-30 17:17:17,483 mme_vla_suite.pseudo_labeling.topreward_qwen_scorer INFO: Prefix 5/8 (end=58, n_frames=12/59): reward=-22.2500 (mean, 1 tok)
2026-04-30 17:17:24,361 mme_vla_suite.pseudo_labeling.topreward_qwen_scorer INFO: Prefix 6/8 (end=71, n_frames=14/72): reward=-22.0000 (mean, 1 tok)
2026-04-30 17:17:31,263 mme_vla_suite.pseudo_labeling.topreward_qwen_scorer INFO: Prefix 7/8 (end=83, n_frames=17/84): reward=-23.3750 (mean, 1 tok)
2026-04-30 17:17:38,197 mme_vla_suite.pseudo_labeling.topreward_qwen_scorer INFO: Prefix 8/8 (end=96, n_frames=19/97): reward=-18.6250 (mean, 1 tok)
2026-04-30 17:17:46,025 mme_vla_suite.pseudo_labeling.topreward_qwen_scorer INFO: Prefix 1/8 (end=12, n_frames=4/13): reward=-22.2500 (mean, 1 tok)
2026-04-30 17:17:52,854 mme_vla_suite.pseudo_labeling.topreward_qwen_scorer INFO: Prefix 2/8 (end=27, n_frames=6/28): reward=-22.3750 (mean, 1 tok)
2026-04-30 17:17:59,712 mme_vla_suite.pseudo_labeling.topreward_qwen_scorer INFO: Prefix 3/8 (end=43, n_frames=9/44): reward=-21.8750 (mean, 1 tok)
2026-04-30 17:18:06,566 mme_vla_suite.pseudo_labeling.topreward_qwen_scorer INFO: Prefix 4/8 (end=59, n_frames=12/60): reward=-22.5000 (mean, 1 tok)
2026-04-30 17:18:13,458 mme_vla_suite.pseudo_labeling.topreward_qwen_scorer INFO: Prefix 5/8 (end=75, n_frames=15/76): reward=-20.6250 (mean, 1 tok)
2026-04-30 17:18:20,361 mme_vla_suite.pseudo_labeling.topreward_qwen_scorer INFO: Prefix 6/8 (end=91, n_frames=18/92): reward=-19.8750 (mean, 1 tok)
2026-04-30 17:18:27,300 mme_vla_suite.pseudo_labeling.topreward_qwen_scorer INFO: Prefix 7/8 (end=107, n_frames=22/108): reward=-17.7500 (mean, 1 tok)
2026-04-30 17:18:34,293 mme_vla_suite.pseudo_labeling.topreward_qwen_scorer INFO: Prefix 8/8 (end=123, n_frames=25/124): reward=-19.6250 (mean, 1 tok)
2026-04-30 17:18:42,375 mme_vla_suite.pseudo_labeling.topreward_qwen_scorer INFO: Prefix 1/8 (end=9, n_frames=4/10): reward=-23.0000 (mean, 1 tok)
2026-04-30 17:18:49,194 mme_vla_suite.pseudo_labeling.topreward_qwen_scorer INFO: Prefix 2/8 (end=21, n_frames=4/22): reward=-22.6250 (mean, 1 tok)
2026-04-30 17:18:56,044 mme_vla_suite.pseudo_labeling.topreward_qwen_scorer INFO: Prefix 3/8 (end=34, n_frames=7/35): reward=-21.6250 (mean, 1 tok)
2026-04-30 17:19:02,886 mme_vla_suite.pseudo_labeling.topreward_qwen_scorer INFO: Prefix 4/8 (end=47, n_frames=10/48): reward=-21.3750 (mean, 1 tok)
2026-04-30 17:19:09,740 mme_vla_suite.pseudo_labeling.topreward_qwen_scorer INFO: Prefix 5/8 (end=59, n_frames=12/60): reward=-22.0000 (mean, 1 tok)
2026-04-30 17:19:16,643 mme_vla_suite.pseudo_labeling.topreward_qwen_scorer INFO: Prefix 6/8 (end=72, n_frames=15/73): reward=-21.6250 (mean, 1 tok)
2026-04-30 17:19:23,559 mme_vla_suite.pseudo_labeling.topreward_qwen_scorer INFO: Prefix 7/8 (end=85, n_frames=17/86): reward=-22.1250 (mean, 1 tok)
2026-04-30 17:19:30,488 mme_vla_suite.pseudo_labeling.topreward_qwen_scorer INFO: Prefix 8/8 (end=98, n_frames=20/99): reward=-18.5000 (mean, 1 tok)
2026-04-30 17:19:38,351 mme_vla_suite.pseudo_labeling.topreward_qwen_scorer INFO: Prefix 1/8 (end=4, n_frames=4/5): reward=-20.5000 (mean, 1 tok)
2026-04-30 17:19:45,159 mme_vla_suite.pseudo_labeling.topreward_qwen_scorer INFO: Prefix 2/8 (end=10, n_frames=4/11): reward=-20.8750 (mean, 1 tok)
2026-04-30 17:19:51,982 mme_vla_suite.pseudo_labeling.topreward_qwen_scorer INFO: Prefix 3/8 (end=16, n_frames=4/17): reward=-19.2500 (mean, 1 tok)
2026-04-30 17:19:58,827 mme_vla_suite.pseudo_labeling.topreward_qwen_scorer INFO: Prefix 4/8 (end=22, n_frames=5/23): reward=-20.3750 (mean, 1 tok)
2026-04-30 17:20:05,705 mme_vla_suite.pseudo_labeling.topreward_qwen_scorer INFO: Prefix 5/8 (end=28, n_frames=6/29): reward=-20.2500 (mean, 1 tok)
2026-04-30 17:20:12,676 mme_vla_suite.pseudo_labeling.topreward_qwen_scorer INFO: Prefix 6/8 (end=34, n_frames=7/35): reward=-20.5000 (mean, 1 tok)
2026-04-30 17:20:19,654 mme_vla_suite.pseudo_labeling.topreward_qwen_scorer INFO: Prefix 7/8 (end=40, n_frames=8/41): reward=-20.0000 (mean, 1 tok)
2026-04-30 17:20:26,632 mme_vla_suite.pseudo_labeling.topreward_qwen_scorer INFO: Prefix 8/8 (end=47, n_frames=10/48): reward=-16.8750 (mean, 1 tok)
2026-04-30 17:20:34,679 mme_vla_suite.pseudo_labeling.topreward_qwen_scorer INFO: Prefix 1/8 (end=9, n_frames=4/10): reward=-24.7500 (mean, 1 tok)
2026-04-30 17:20:41,632 mme_vla_suite.pseudo_labeling.topreward_qwen_scorer INFO: Prefix 2/8 (end=21, n_frames=4/22): reward=-24.6250 (mean, 1 tok)
2026-04-30 17:20:48,623 mme_vla_suite.pseudo_labeling.topreward_qwen_scorer INFO: Prefix 3/8 (end=34, n_frames=7/35): reward=-23.6250 (mean, 1 tok)
2026-04-30 17:20:55,530 mme_vla_suite.pseudo_labeling.topreward_qwen_scorer INFO: Prefix 4/8 (end=46, n_frames=9/47): reward=-21.3750 (mean, 1 tok)
2026-04-30 17:21:02,472 mme_vla_suite.pseudo_labeling.topreward_qwen_scorer INFO: Prefix 5/8 (end=59, n_frames=12/60): reward=-21.3750 (mean, 1 tok)
2026-04-30 17:21:09,381 mme_vla_suite.pseudo_labeling.topreward_qwen_scorer INFO: Prefix 6/8 (end=71, n_frames=14/72): reward=-21.3750 (mean, 1 tok)
2026-04-30 17:21:16,305 mme_vla_suite.pseudo_labeling.topreward_qwen_scorer INFO: Prefix 7/8 (end=84, n_frames=17/85): reward=-21.7500 (mean, 1 tok)
2026-04-30 17:21:23,225 mme_vla_suite.pseudo_labeling.topreward_qwen_scorer INFO: Prefix 8/8 (end=97, n_frames=20/98): reward=-18.5000 (mean, 1 tok)
2026-04-30 17:21:30,918 mme_vla_suite.pseudo_labeling.topreward_qwen_scorer INFO: Prefix 1/8 (end=10, n_frames=4/11): reward=-24.5000 (mean, 1 tok)
2026-04-30 17:21:37,730 mme_vla_suite.pseudo_labeling.topreward_qwen_scorer INFO: Prefix 2/8 (end=23, n_frames=5/24): reward=-23.7500 (mean, 1 tok)
2026-04-30 17:21:44,525 mme_vla_suite.pseudo_labeling.topreward_qwen_scorer INFO: Prefix 3/8 (end=36, n_frames=7/37): reward=-22.7500 (mean, 1 tok)
2026-04-30 17:21:51,325 mme_vla_suite.pseudo_labeling.topreward_qwen_scorer INFO: Prefix 4/8 (end=49, n_frames=10/50): reward=-22.0000 (mean, 1 tok)
2026-04-30 17:21:58,139 mme_vla_suite.pseudo_labeling.topreward_qwen_scorer INFO: Prefix 5/8 (end=63, n_frames=13/64): reward=-21.2500 (mean, 1 tok)
2026-04-30 17:22:04,964 mme_vla_suite.pseudo_labeling.topreward_qwen_scorer INFO: Prefix 6/8 (end=76, n_frames=15/77): reward=-21.5000 (mean, 1 tok)
2026-04-30 17:22:11,792 mme_vla_suite.pseudo_labeling.topreward_qwen_scorer INFO: Prefix 7/8 (end=89, n_frames=18/90): reward=-21.8750 (mean, 1 tok)
2026-04-30 17:22:18,674 mme_vla_suite.pseudo_labeling.topreward_qwen_scorer INFO: Prefix 8/8 (end=103, n_frames=21/104): reward=-18.3750 (mean, 1 tok)
2026-04-30 17:22:26,793 mme_vla_suite.pseudo_labeling.topreward_qwen_scorer INFO: Prefix 1/8 (end=12, n_frames=4/13): reward=-20.7500 (mean, 1 tok)
2026-04-30 17:22:33,570 mme_vla_suite.pseudo_labeling.topreward_qwen_scorer INFO: Prefix 2/8 (end=27, n_frames=6/28): reward=-21.0000 (mean, 1 tok)
2026-04-30 17:22:40,346 mme_vla_suite.pseudo_labeling.topreward_qwen_scorer INFO: Prefix 3/8 (end=42, n_frames=9/43): reward=-19.0000 (mean, 1 tok)
2026-04-30 17:22:47,161 mme_vla_suite.pseudo_labeling.topreward_qwen_scorer INFO: Prefix 4/8 (end=58, n_frames=12/59): reward=-20.0000 (mean, 1 tok)
2026-04-30 17:22:54,054 mme_vla_suite.pseudo_labeling.topreward_qwen_scorer INFO: Prefix 5/8 (end=73, n_frames=15/74): reward=-18.7500 (mean, 1 tok)
2026-04-30 17:23:00,952 mme_vla_suite.pseudo_labeling.topreward_qwen_scorer INFO: Prefix 6/8 (end=89, n_frames=18/90): reward=-21.5000 (mean, 1 tok)
2026-04-30 17:23:07,875 mme_vla_suite.pseudo_labeling.topreward_qwen_scorer INFO: Prefix 7/8 (end=104, n_frames=21/105): reward=-18.2500 (mean, 1 tok)
2026-04-30 17:23:14,776 mme_vla_suite.pseudo_labeling.topreward_qwen_scorer INFO: Prefix 8/8 (end=120, n_frames=24/121): reward=-18.5000 (mean, 1 tok)
2026-04-30 17:23:22,698 mme_vla_suite.pseudo_labeling.topreward_qwen_scorer INFO: Prefix 1/8 (end=9, n_frames=4/10): reward=-23.1250 (mean, 1 tok)
2026-04-30 17:23:29,462 mme_vla_suite.pseudo_labeling.topreward_qwen_scorer INFO: Prefix 2/8 (end=20, n_frames=4/21): reward=-22.5000 (mean, 1 tok)
2026-04-30 17:23:36,253 mme_vla_suite.pseudo_labeling.topreward_qwen_scorer INFO: Prefix 3/8 (end=32, n_frames=7/33): reward=-22.1250 (mean, 1 tok)
2026-04-30 17:23:43,076 mme_vla_suite.pseudo_labeling.topreward_qwen_scorer INFO: Prefix 4/8 (end=43, n_frames=9/44): reward=-22.2500 (mean, 1 tok)
2026-04-30 17:23:49,882 mme_vla_suite.pseudo_labeling.topreward_qwen_scorer INFO: Prefix 5/8 (end=55, n_frames=11/56): reward=-20.6250 (mean, 1 tok)
2026-04-30 17:23:56,697 mme_vla_suite.pseudo_labeling.topreward_qwen_scorer INFO: Prefix 6/8 (end=66, n_frames=13/67): reward=-20.8750 (mean, 1 tok)
2026-04-30 17:24:03,556 mme_vla_suite.pseudo_labeling.topreward_qwen_scorer INFO: Prefix 7/8 (end=78, n_frames=16/79): reward=-22.1250 (mean, 1 tok)
2026-04-30 17:24:10,449 mme_vla_suite.pseudo_labeling.topreward_qwen_scorer INFO: Prefix 8/8 (end=90, n_frames=18/91): reward=-18.1250 (mean, 1 tok)
2026-04-30 17:24:18,113 mme_vla_suite.pseudo_labeling.topreward_qwen_scorer INFO: Prefix 1/8 (end=9, n_frames=4/10): reward=-23.1250 (mean, 1 tok)
2026-04-30 17:24:24,889 mme_vla_suite.pseudo_labeling.topreward_qwen_scorer INFO: Prefix 2/8 (end=21, n_frames=4/22): reward=-23.0000 (mean, 1 tok)
2026-04-30 17:24:31,672 mme_vla_suite.pseudo_labeling.topreward_qwen_scorer INFO: Prefix 3/8 (end=34, n_frames=7/35): reward=-21.8750 (mean, 1 tok)
2026-04-30 17:24:38,514 mme_vla_suite.pseudo_labeling.topreward_qwen_scorer INFO: Prefix 4/8 (end=47, n_frames=10/48): reward=-22.0000 (mean, 1 tok)
2026-04-30 17:24:45,334 mme_vla_suite.pseudo_labeling.topreward_qwen_scorer INFO: Prefix 5/8 (end=59, n_frames=12/60): reward=-20.6250 (mean, 1 tok)
2026-04-30 17:24:52,217 mme_vla_suite.pseudo_labeling.topreward_qwen_scorer INFO: Prefix 6/8 (end=72, n_frames=15/73): reward=-21.0000 (mean, 1 tok)
2026-04-30 17:24:59,109 mme_vla_suite.pseudo_labeling.topreward_qwen_scorer INFO: Prefix 7/8 (end=85, n_frames=17/86): reward=-19.6250 (mean, 1 tok)
2026-04-30 17:25:05,994 mme_vla_suite.pseudo_labeling.topreward_qwen_scorer INFO: Prefix 8/8 (end=98, n_frames=20/99): reward=-17.7500 (mean, 1 tok)
2026-04-30 17:25:13,633 mme_vla_suite.pseudo_labeling.topreward_qwen_scorer INFO: Prefix 1/8 (end=11, n_frames=4/12): reward=-21.0000 (mean, 1 tok)
2026-04-30 17:25:20,417 mme_vla_suite.pseudo_labeling.topreward_qwen_scorer INFO: Prefix 2/8 (end=25, n_frames=5/26): reward=-20.7500 (mean, 1 tok)
2026-04-30 17:25:27,187 mme_vla_suite.pseudo_labeling.topreward_qwen_scorer INFO: Prefix 3/8 (end=40, n_frames=8/41): reward=-19.8750 (mean, 1 tok)
2026-04-30 17:25:33,993 mme_vla_suite.pseudo_labeling.topreward_qwen_scorer INFO: Prefix 4/8 (end=55, n_frames=11/56): reward=-19.5000 (mean, 1 tok)
2026-04-30 17:25:40,792 mme_vla_suite.pseudo_labeling.topreward_qwen_scorer INFO: Prefix 5/8 (end=70, n_frames=14/71): reward=-18.6250 (mean, 1 tok)
2026-04-30 17:25:47,656 mme_vla_suite.pseudo_labeling.topreward_qwen_scorer INFO: Prefix 6/8 (end=85, n_frames=17/86): reward=-19.5000 (mean, 1 tok)
2026-04-30 17:25:54,536 mme_vla_suite.pseudo_labeling.topreward_qwen_scorer INFO: Prefix 7/8 (end=100, n_frames=20/101): reward=-17.7500 (mean, 1 tok)
2026-04-30 17:26:01,492 mme_vla_suite.pseudo_labeling.topreward_qwen_scorer INFO: Prefix 8/8 (end=115, n_frames=23/116): reward=-19.2500 (mean, 1 tok)
2026-04-30 17:26:09,470 mme_vla_suite.pseudo_labeling.topreward_qwen_scorer INFO: Prefix 1/8 (end=10, n_frames=4/11): reward=-21.5000 (mean, 1 tok)
2026-04-30 17:26:16,307 mme_vla_suite.pseudo_labeling.topreward_qwen_scorer INFO: Prefix 2/8 (end=22, n_frames=5/23): reward=-21.3750 (mean, 1 tok)
2026-04-30 17:26:23,158 mme_vla_suite.pseudo_labeling.topreward_qwen_scorer INFO: Prefix 3/8 (end=35, n_frames=7/36): reward=-21.1250 (mean, 1 tok)
2026-04-30 17:26:30,009 mme_vla_suite.pseudo_labeling.topreward_qwen_scorer INFO: Prefix 4/8 (end=48, n_frames=10/49): reward=-21.1250 (mean, 1 tok)
2026-04-30 17:26:36,893 mme_vla_suite.pseudo_labeling.topreward_qwen_scorer INFO: Prefix 5/8 (end=60, n_frames=12/61): reward=-20.8750 (mean, 1 tok)
2026-04-30 17:26:43,803 mme_vla_suite.pseudo_labeling.topreward_qwen_scorer INFO: Prefix 6/8 (end=73, n_frames=15/74): reward=-19.3750 (mean, 1 tok)
2026-04-30 17:26:50,740 mme_vla_suite.pseudo_labeling.topreward_qwen_scorer INFO: Prefix 7/8 (end=86, n_frames=17/87): reward=-20.1250 (mean, 1 tok)
2026-04-30 17:26:57,665 mme_vla_suite.pseudo_labeling.topreward_qwen_scorer INFO: Prefix 8/8 (end=99, n_frames=20/100): reward=-18.5000 (mean, 1 tok)
2026-04-30 17:27:05,481 mme_vla_suite.pseudo_labeling.topreward_qwen_scorer INFO: Prefix 1/8 (end=10, n_frames=4/11): reward=-21.5000 (mean, 1 tok)
2026-04-30 17:27:12,449 mme_vla_suite.pseudo_labeling.topreward_qwen_scorer INFO: Prefix 2/8 (end=23, n_frames=5/24): reward=-21.3750 (mean, 1 tok)
2026-04-30 17:27:19,300 mme_vla_suite.pseudo_labeling.topreward_qwen_scorer INFO: Prefix 3/8 (end=37, n_frames=8/38): reward=-21.3750 (mean, 1 tok)
2026-04-30 17:27:26,155 mme_vla_suite.pseudo_labeling.topreward_qwen_scorer INFO: Prefix 4/8 (end=51, n_frames=10/52): reward=-20.8750 (mean, 1 tok)
2026-04-30 17:27:33,033 mme_vla_suite.pseudo_labeling.topreward_qwen_scorer INFO: Prefix 5/8 (end=65, n_frames=13/66): reward=-20.2500 (mean, 1 tok)
2026-04-30 17:27:39,948 mme_vla_suite.pseudo_labeling.topreward_qwen_scorer INFO: Prefix 6/8 (end=79, n_frames=16/80): reward=-19.8750 (mean, 1 tok)
2026-04-30 17:27:46,881 mme_vla_suite.pseudo_labeling.topreward_qwen_scorer INFO: Prefix 7/8 (end=93, n_frames=19/94): reward=-17.3750 (mean, 1 tok)
2026-04-30 17:27:53,822 mme_vla_suite.pseudo_labeling.topreward_qwen_scorer INFO: Prefix 8/8 (end=107, n_frames=22/108): reward=-19.1250 (mean, 1 tok)
2026-04-30 17:28:01,634 mme_vla_suite.pseudo_labeling.topreward_qwen_scorer INFO: Prefix 1/8 (end=11, n_frames=4/12): reward=-21.6250 (mean, 1 tok)
2026-04-30 17:28:08,467 mme_vla_suite.pseudo_labeling.topreward_qwen_scorer INFO: Prefix 2/8 (end=25, n_frames=5/26): reward=-22.0000 (mean, 1 tok)
2026-04-30 17:28:15,318 mme_vla_suite.pseudo_labeling.topreward_qwen_scorer INFO: Prefix 3/8 (end=39, n_frames=8/40): reward=-20.1250 (mean, 1 tok)
2026-04-30 17:28:22,193 mme_vla_suite.pseudo_labeling.topreward_qwen_scorer INFO: Prefix 4/8 (end=54, n_frames=11/55): reward=-19.8750 (mean, 1 tok)
2026-04-30 17:28:29,080 mme_vla_suite.pseudo_labeling.topreward_qwen_scorer INFO: Prefix 5/8 (end=68, n_frames=14/69): reward=-20.7500 (mean, 1 tok)
2026-04-30 17:28:36,000 mme_vla_suite.pseudo_labeling.topreward_qwen_scorer INFO: Prefix 6/8 (end=83, n_frames=17/84): reward=-21.2500 (mean, 1 tok)
2026-04-30 17:28:42,932 mme_vla_suite.pseudo_labeling.topreward_qwen_scorer INFO: Prefix 7/8 (end=97, n_frames=20/98): reward=-18.5000 (mean, 1 tok)
2026-04-30 17:28:49,888 mme_vla_suite.pseudo_labeling.topreward_qwen_scorer INFO: Prefix 8/8 (end=112, n_frames=23/113): reward=-20.7500 (mean, 1 tok)
2026-04-30 17:28:57,876 mme_vla_suite.pseudo_labeling.topreward_qwen_scorer INFO: Prefix 1/8 (end=9, n_frames=4/10): reward=-22.5000 (mean, 1 tok)
2026-04-30 17:29:04,706 mme_vla_suite.pseudo_labeling.topreward_qwen_scorer INFO: Prefix 2/8 (end=21, n_frames=4/22): reward=-22.0000 (mean, 1 tok)
2026-04-30 17:29:11,556 mme_vla_suite.pseudo_labeling.topreward_qwen_scorer INFO: Prefix 3/8 (end=33, n_frames=7/34): reward=-21.5000 (mean, 1 tok)
2026-04-30 17:29:18,386 mme_vla_suite.pseudo_labeling.topreward_qwen_scorer INFO: Prefix 4/8 (end=45, n_frames=9/46): reward=-20.0000 (mean, 1 tok)
2026-04-30 17:29:25,232 mme_vla_suite.pseudo_labeling.topreward_qwen_scorer INFO: Prefix 5/8 (end=57, n_frames=12/58): reward=-19.8750 (mean, 1 tok)
2026-04-30 17:29:32,098 mme_vla_suite.pseudo_labeling.topreward_qwen_scorer INFO: Prefix 6/8 (end=69, n_frames=14/70): reward=-19.6250 (mean, 1 tok)
2026-04-30 17:29:38,998 mme_vla_suite.pseudo_labeling.topreward_qwen_scorer INFO: Prefix 7/8 (end=81, n_frames=16/82): reward=-21.0000 (mean, 1 tok)
2026-04-30 17:29:45,986 mme_vla_suite.pseudo_labeling.topreward_qwen_scorer INFO: Prefix 8/8 (end=94, n_frames=19/95): reward=-17.5000 (mean, 1 tok)
2026-04-30 17:29:53,813 mme_vla_suite.pseudo_labeling.topreward_qwen_scorer INFO: Prefix 1/8 (end=10, n_frames=4/11): reward=-22.3750 (mean, 1 tok)
2026-04-30 17:30:00,678 mme_vla_suite.pseudo_labeling.topreward_qwen_scorer INFO: Prefix 2/8 (end=23, n_frames=5/24): reward=-21.5000 (mean, 1 tok)
2026-04-30 17:30:07,561 mme_vla_suite.pseudo_labeling.topreward_qwen_scorer INFO: Prefix 3/8 (end=36, n_frames=7/37): reward=-21.0000 (mean, 1 tok)
2026-04-30 17:30:14,440 mme_vla_suite.pseudo_labeling.topreward_qwen_scorer INFO: Prefix 4/8 (end=49, n_frames=10/50): reward=-19.8750 (mean, 1 tok)
2026-04-30 17:30:21,315 mme_vla_suite.pseudo_labeling.topreward_qwen_scorer INFO: Prefix 5/8 (end=63, n_frames=13/64): reward=-19.6250 (mean, 1 tok)
2026-04-30 17:30:28,193 mme_vla_suite.pseudo_labeling.topreward_qwen_scorer INFO: Prefix 6/8 (end=76, n_frames=15/77): reward=-21.2500 (mean, 1 tok)
2026-04-30 17:30:35,099 mme_vla_suite.pseudo_labeling.topreward_qwen_scorer INFO: Prefix 7/8 (end=89, n_frames=18/90): reward=-19.7500 (mean, 1 tok)
2026-04-30 17:30:42,030 mme_vla_suite.pseudo_labeling.topreward_qwen_scorer INFO: Prefix 8/8 (end=103, n_frames=21/104): reward=-18.0000 (mean, 1 tok)
2026-04-30 17:30:49,935 mme_vla_suite.pseudo_labeling.topreward_qwen_scorer INFO: Prefix 1/8 (end=12, n_frames=4/13): reward=-22.3750 (mean, 1 tok)
2026-04-30 17:30:56,768 mme_vla_suite.pseudo_labeling.topreward_qwen_scorer INFO: Prefix 2/8 (end=27, n_frames=6/28): reward=-22.3750 (mean, 1 tok)
2026-04-30 17:31:03,628 mme_vla_suite.pseudo_labeling.topreward_qwen_scorer INFO: Prefix 3/8 (end=43, n_frames=9/44): reward=-21.5000 (mean, 1 tok)
2026-04-30 17:31:10,505 mme_vla_suite.pseudo_labeling.topreward_qwen_scorer INFO: Prefix 4/8 (end=59, n_frames=12/60): reward=-21.2500 (mean, 1 tok)
2026-04-30 17:31:17,390 mme_vla_suite.pseudo_labeling.topreward_qwen_scorer INFO: Prefix 5/8 (end=75, n_frames=15/76): reward=-20.0000 (mean, 1 tok)
2026-04-30 17:31:24,281 mme_vla_suite.pseudo_labeling.topreward_qwen_scorer INFO: Prefix 6/8 (end=91, n_frames=18/92): reward=-20.5000 (mean, 1 tok)
2026-04-30 17:31:31,193 mme_vla_suite.pseudo_labeling.topreward_qwen_scorer INFO: Prefix 7/8 (end=107, n_frames=22/108): reward=-18.2500 (mean, 1 tok)
2026-04-30 17:31:38,206 mme_vla_suite.pseudo_labeling.topreward_qwen_scorer INFO: Prefix 8/8 (end=123, n_frames=25/124): reward=-20.7500 (mean, 1 tok)
2026-04-30 17:31:46,503 mme_vla_suite.pseudo_labeling.topreward_qwen_scorer INFO: Prefix 1/8 (end=11, n_frames=4/12): reward=-23.3750 (mean, 1 tok)
2026-04-30 17:31:53,341 mme_vla_suite.pseudo_labeling.topreward_qwen_scorer INFO: Prefix 2/8 (end=26, n_frames=5/27): reward=-22.6250 (mean, 1 tok)
2026-04-30 17:32:00,202 mme_vla_suite.pseudo_labeling.topreward_qwen_scorer INFO: Prefix 3/8 (end=41, n_frames=8/42): reward=-22.1250 (mean, 1 tok)
2026-04-30 17:32:07,094 mme_vla_suite.pseudo_labeling.topreward_qwen_scorer INFO: Prefix 4/8 (end=56, n_frames=11/57): reward=-22.8750 (mean, 1 tok)
2026-04-30 17:32:13,995 mme_vla_suite.pseudo_labeling.topreward_qwen_scorer INFO: Prefix 5/8 (end=72, n_frames=15/73): reward=-23.6250 (mean, 1 tok)
2026-04-30 17:32:20,927 mme_vla_suite.pseudo_labeling.topreward_qwen_scorer INFO: Prefix 6/8 (end=87, n_frames=18/88): reward=-23.1250 (mean, 1 tok)
2026-04-30 17:32:27,877 mme_vla_suite.pseudo_labeling.topreward_qwen_scorer INFO: Prefix 7/8 (end=102, n_frames=21/103): reward=-23.8750 (mean, 1 tok)
2026-04-30 17:32:34,881 mme_vla_suite.pseudo_labeling.topreward_qwen_scorer INFO: Prefix 8/8 (end=118, n_frames=24/119): reward=-20.0000 (mean, 1 tok)
2026-04-30 17:32:42,780 mme_vla_suite.pseudo_labeling.topreward_qwen_scorer INFO: Prefix 1/8 (end=4, n_frames=4/5): reward=-19.5000 (mean, 1 tok)
2026-04-30 17:32:49,594 mme_vla_suite.pseudo_labeling.topreward_qwen_scorer INFO: Prefix 2/8 (end=10, n_frames=4/11): reward=-20.5000 (mean, 1 tok)
2026-04-30 17:32:56,410 mme_vla_suite.pseudo_labeling.topreward_qwen_scorer INFO: Prefix 3/8 (end=16, n_frames=4/17): reward=-21.3750 (mean, 1 tok)
2026-04-30 17:33:03,222 mme_vla_suite.pseudo_labeling.topreward_qwen_scorer INFO: Prefix 4/8 (end=22, n_frames=5/23): reward=-21.6250 (mean, 1 tok)
2026-04-30 17:33:10,057 mme_vla_suite.pseudo_labeling.topreward_qwen_scorer INFO: Prefix 5/8 (end=28, n_frames=6/29): reward=-21.2500 (mean, 1 tok)
2026-04-30 17:33:16,898 mme_vla_suite.pseudo_labeling.topreward_qwen_scorer INFO: Prefix 6/8 (end=34, n_frames=7/35): reward=-22.1250 (mean, 1 tok)
2026-04-30 17:33:23,736 mme_vla_suite.pseudo_labeling.topreward_qwen_scorer INFO: Prefix 7/8 (end=40, n_frames=8/41): reward=-21.2500 (mean, 1 tok)
2026-04-30 17:33:30,605 mme_vla_suite.pseudo_labeling.topreward_qwen_scorer INFO: Prefix 8/8 (end=46, n_frames=9/47): reward=-20.6250 (mean, 1 tok)
2026-04-30 17:33:38,394 mme_vla_suite.pseudo_labeling.topreward_qwen_scorer INFO: Prefix 1/8 (end=8, n_frames=4/9): reward=-24.3750 (mean, 1 tok)
2026-04-30 17:33:45,216 mme_vla_suite.pseudo_labeling.topreward_qwen_scorer INFO: Prefix 2/8 (end=18, n_frames=4/19): reward=-25.2500 (mean, 1 tok)
2026-04-30 17:33:52,070 mme_vla_suite.pseudo_labeling.topreward_qwen_scorer INFO: Prefix 3/8 (end=28, n_frames=6/29): reward=-24.1250 (mean, 1 tok)
2026-04-30 17:33:58,899 mme_vla_suite.pseudo_labeling.topreward_qwen_scorer INFO: Prefix 4/8 (end=39, n_frames=8/40): reward=-22.8750 (mean, 1 tok)
2026-04-30 17:34:05,744 mme_vla_suite.pseudo_labeling.topreward_qwen_scorer INFO: Prefix 5/8 (end=49, n_frames=10/50): reward=-22.0000 (mean, 1 tok)
2026-04-30 17:34:12,598 mme_vla_suite.pseudo_labeling.topreward_qwen_scorer INFO: Prefix 6/8 (end=60, n_frames=12/61): reward=-22.2500 (mean, 1 tok)
2026-04-30 17:34:19,444 mme_vla_suite.pseudo_labeling.topreward_qwen_scorer INFO: Prefix 7/8 (end=70, n_frames=14/71): reward=-22.8750 (mean, 1 tok)
2026-04-30 17:34:26,377 mme_vla_suite.pseudo_labeling.topreward_qwen_scorer INFO: Prefix 8/8 (end=81, n_frames=16/82): reward=-19.6250 (mean, 1 tok)
2026-04-30 17:34:34,048 mme_vla_suite.pseudo_labeling.topreward_qwen_scorer INFO: Prefix 1/8 (end=8, n_frames=4/9): reward=-24.3750 (mean, 1 tok)
2026-04-30 17:34:40,881 mme_vla_suite.pseudo_labeling.topreward_qwen_scorer INFO: Prefix 2/8 (end=19, n_frames=4/20): reward=-25.2500 (mean, 1 tok)
2026-04-30 17:34:47,733 mme_vla_suite.pseudo_labeling.topreward_qwen_scorer INFO: Prefix 3/8 (end=30, n_frames=6/31): reward=-23.2500 (mean, 1 tok)
2026-04-30 17:34:54,593 mme_vla_suite.pseudo_labeling.topreward_qwen_scorer INFO: Prefix 4/8 (end=42, n_frames=9/43): reward=-22.5000 (mean, 1 tok)
2026-04-30 17:35:01,465 mme_vla_suite.pseudo_labeling.topreward_qwen_scorer INFO: Prefix 5/8 (end=53, n_frames=11/54): reward=-21.6250 (mean, 1 tok)
2026-04-30 17:35:08,365 mme_vla_suite.pseudo_labeling.topreward_qwen_scorer INFO: Prefix 6/8 (end=65, n_frames=13/66): reward=-22.6250 (mean, 1 tok)
2026-04-30 17:35:15,296 mme_vla_suite.pseudo_labeling.topreward_qwen_scorer INFO: Prefix 7/8 (end=76, n_frames=15/77): reward=-19.8750 (mean, 1 tok)
2026-04-30 17:35:22,232 mme_vla_suite.pseudo_labeling.topreward_qwen_scorer INFO: Prefix 8/8 (end=88, n_frames=18/89): reward=-19.3750 (mean, 1 tok)
2026-04-30 17:35:30,246 mme_vla_suite.pseudo_labeling.topreward_qwen_scorer INFO: Prefix 1/8 (end=11, n_frames=4/12): reward=-22.7500 (mean, 1 tok)
2026-04-30 17:35:37,247 mme_vla_suite.pseudo_labeling.topreward_qwen_scorer INFO: Prefix 2/8 (end=25, n_frames=5/26): reward=-23.1250 (mean, 1 tok)
2026-04-30 17:35:44,117 mme_vla_suite.pseudo_labeling.topreward_qwen_scorer INFO: Prefix 3/8 (end=40, n_frames=8/41): reward=-21.3750 (mean, 1 tok)
2026-04-30 17:35:51,137 mme_vla_suite.pseudo_labeling.topreward_qwen_scorer INFO: Prefix 4/8 (end=55, n_frames=11/56): reward=-19.7500 (mean, 1 tok)
2026-04-30 17:35:58,003 mme_vla_suite.pseudo_labeling.topreward_qwen_scorer INFO: Prefix 5/8 (end=69, n_frames=14/70): reward=-20.0000 (mean, 1 tok)
2026-04-30 17:36:05,098 mme_vla_suite.pseudo_labeling.topreward_qwen_scorer INFO: Prefix 6/8 (end=84, n_frames=17/85): reward=-18.2500 (mean, 1 tok)
2026-04-30 17:36:12,149 mme_vla_suite.pseudo_labeling.topreward_qwen_scorer INFO: Prefix 7/8 (end=99, n_frames=20/100): reward=-17.6250 (mean, 1 tok)
2026-04-30 17:36:19,270 mme_vla_suite.pseudo_labeling.topreward_qwen_scorer INFO: Prefix 8/8 (end=114, n_frames=23/115): reward=-18.5000 (mean, 1 tok)
2026-04-30 17:36:27,071 mme_vla_suite.pseudo_labeling.topreward_qwen_scorer INFO: Prefix 1/8 (end=10, n_frames=4/11): reward=-22.8750 (mean, 1 tok)
2026-04-30 17:36:33,872 mme_vla_suite.pseudo_labeling.topreward_qwen_scorer INFO: Prefix 2/8 (end=23, n_frames=5/24): reward=-22.5000 (mean, 1 tok)
2026-04-30 17:36:40,685 mme_vla_suite.pseudo_labeling.topreward_qwen_scorer INFO: Prefix 3/8 (end=37, n_frames=8/38): reward=-20.8750 (mean, 1 tok)
2026-04-30 17:36:47,504 mme_vla_suite.pseudo_labeling.topreward_qwen_scorer INFO: Prefix 4/8 (end=51, n_frames=10/52): reward=-21.1250 (mean, 1 tok)
2026-04-30 17:36:54,432 mme_vla_suite.pseudo_labeling.topreward_qwen_scorer INFO: Prefix 5/8 (end=65, n_frames=13/66): reward=-22.1250 (mean, 1 tok)
2026-04-30 17:37:01,341 mme_vla_suite.pseudo_labeling.topreward_qwen_scorer INFO: Prefix 6/8 (end=79, n_frames=16/80): reward=-21.5000 (mean, 1 tok)
2026-04-30 17:37:08,301 mme_vla_suite.pseudo_labeling.topreward_qwen_scorer INFO: Prefix 7/8 (end=93, n_frames=19/94): reward=-21.1250 (mean, 1 tok)
2026-04-30 17:37:15,347 mme_vla_suite.pseudo_labeling.topreward_qwen_scorer INFO: Prefix 8/8 (end=107, n_frames=22/108): reward=-19.2500 (mean, 1 tok)
2026-04-30 17:37:23,100 mme_vla_suite.pseudo_labeling.topreward_qwen_scorer INFO: Prefix 1/8 (end=11, n_frames=4/12): reward=-22.8750 (mean, 1 tok)
2026-04-30 17:37:30,004 mme_vla_suite.pseudo_labeling.topreward_qwen_scorer INFO: Prefix 2/8 (end=25, n_frames=5/26): reward=-22.5000 (mean, 1 tok)
2026-04-30 17:37:36,918 mme_vla_suite.pseudo_labeling.topreward_qwen_scorer INFO: Prefix 3/8 (end=40, n_frames=8/41): reward=-22.0000 (mean, 1 tok)
2026-04-30 17:37:43,878 mme_vla_suite.pseudo_labeling.topreward_qwen_scorer INFO: Prefix 4/8 (end=54, n_frames=11/55): reward=-21.5000 (mean, 1 tok)
2026-04-30 17:37:50,849 mme_vla_suite.pseudo_labeling.topreward_qwen_scorer INFO: Prefix 5/8 (end=69, n_frames=14/70): reward=-22.0000 (mean, 1 tok)
2026-04-30 17:37:57,845 mme_vla_suite.pseudo_labeling.topreward_qwen_scorer INFO: Prefix 6/8 (end=83, n_frames=17/84): reward=-21.2500 (mean, 1 tok)
2026-04-30 17:38:04,847 mme_vla_suite.pseudo_labeling.topreward_qwen_scorer INFO: Prefix 7/8 (end=98, n_frames=20/99): reward=-21.5000 (mean, 1 tok)
2026-04-30 17:38:11,770 mme_vla_suite.pseudo_labeling.topreward_qwen_scorer INFO: Prefix 8/8 (end=113, n_frames=23/114): reward=-19.2500 (mean, 1 tok)
2026-04-30 17:38:19,664 mme_vla_suite.pseudo_labeling.topreward_qwen_scorer INFO: Prefix 1/8 (end=11, n_frames=4/12): reward=-22.2500 (mean, 1 tok)
2026-04-30 17:38:26,504 mme_vla_suite.pseudo_labeling.topreward_qwen_scorer INFO: Prefix 2/8 (end=26, n_frames=5/27): reward=-22.1250 (mean, 1 tok)
2026-04-30 17:38:33,356 mme_vla_suite.pseudo_labeling.topreward_qwen_scorer INFO: Prefix 3/8 (end=41, n_frames=8/42): reward=-20.1250 (mean, 1 tok)
2026-04-30 17:38:40,205 mme_vla_suite.pseudo_labeling.topreward_qwen_scorer INFO: Prefix 4/8 (end=56, n_frames=11/57): reward=-18.8750 (mean, 1 tok)
2026-04-30 17:38:47,085 mme_vla_suite.pseudo_labeling.topreward_qwen_scorer INFO: Prefix 5/8 (end=71, n_frames=14/72): reward=-19.0000 (mean, 1 tok)
2026-04-30 17:38:53,968 mme_vla_suite.pseudo_labeling.topreward_qwen_scorer INFO: Prefix 6/8 (end=86, n_frames=17/87): reward=-20.2500 (mean, 1 tok)
2026-04-30 17:39:00,879 mme_vla_suite.pseudo_labeling.topreward_qwen_scorer INFO: Prefix 7/8 (end=101, n_frames=20/102): reward=-19.5000 (mean, 1 tok)
2026-04-30 17:39:07,833 mme_vla_suite.pseudo_labeling.topreward_qwen_scorer INFO: Prefix 8/8 (end=116, n_frames=23/117): reward=-19.1250 (mean, 1 tok)
2026-04-30 17:39:15,670 mme_vla_suite.pseudo_labeling.topreward_qwen_scorer INFO: Prefix 1/8 (end=10, n_frames=4/11): reward=-22.7500 (mean, 1 tok)
2026-04-30 17:39:22,489 mme_vla_suite.pseudo_labeling.topreward_qwen_scorer INFO: Prefix 2/8 (end=22, n_frames=5/23): reward=-22.1250 (mean, 1 tok)
2026-04-30 17:39:29,308 mme_vla_suite.pseudo_labeling.topreward_qwen_scorer INFO: Prefix 3/8 (end=35, n_frames=7/36): reward=-21.6250 (mean, 1 tok)
2026-04-30 17:39:36,159 mme_vla_suite.pseudo_labeling.topreward_qwen_scorer INFO: Prefix 4/8 (end=48, n_frames=10/49): reward=-20.2500 (mean, 1 tok)
2026-04-30 17:39:42,994 mme_vla_suite.pseudo_labeling.topreward_qwen_scorer INFO: Prefix 5/8 (end=60, n_frames=12/61): reward=-20.6250 (mean, 1 tok)
2026-04-30 17:39:49,846 mme_vla_suite.pseudo_labeling.topreward_qwen_scorer INFO: Prefix 6/8 (end=73, n_frames=15/74): reward=-21.3750 (mean, 1 tok)
2026-04-30 17:39:56,725 mme_vla_suite.pseudo_labeling.topreward_qwen_scorer INFO: Prefix 7/8 (end=86, n_frames=17/87): reward=-19.5000 (mean, 1 tok)
2026-04-30 17:40:03,613 mme_vla_suite.pseudo_labeling.topreward_qwen_scorer INFO: Prefix 8/8 (end=99, n_frames=20/100): reward=-17.5000 (mean, 1 tok)
2026-04-30 17:40:11,597 mme_vla_suite.pseudo_labeling.topreward_qwen_scorer INFO: Prefix 1/8 (end=10, n_frames=4/11): reward=-22.7500 (mean, 1 tok)
2026-04-30 17:40:18,429 mme_vla_suite.pseudo_labeling.topreward_qwen_scorer INFO: Prefix 2/8 (end=23, n_frames=5/24): reward=-21.8750 (mean, 1 tok)
2026-04-30 17:40:25,320 mme_vla_suite.pseudo_labeling.topreward_qwen_scorer INFO: Prefix 3/8 (end=37, n_frames=8/38): reward=-21.2500 (mean, 1 tok)
2026-04-30 17:40:32,225 mme_vla_suite.pseudo_labeling.topreward_qwen_scorer INFO: Prefix 4/8 (end=50, n_frames=10/51): reward=-20.1250 (mean, 1 tok)
2026-04-30 17:40:39,120 mme_vla_suite.pseudo_labeling.topreward_qwen_scorer INFO: Prefix 5/8 (end=64, n_frames=13/65): reward=-21.5000 (mean, 1 tok)
2026-04-30 17:40:46,073 mme_vla_suite.pseudo_labeling.topreward_qwen_scorer INFO: Prefix 6/8 (end=77, n_frames=16/78): reward=-19.8750 (mean, 1 tok)
2026-04-30 17:40:53,030 mme_vla_suite.pseudo_labeling.topreward_qwen_scorer INFO: Prefix 7/8 (end=91, n_frames=18/92): reward=-19.5000 (mean, 1 tok)
2026-04-30 17:40:59,978 mme_vla_suite.pseudo_labeling.topreward_qwen_scorer INFO: Prefix 8/8 (end=105, n_frames=21/106): reward=-17.8750 (mean, 1 tok)
2026-04-30 17:41:07,862 mme_vla_suite.pseudo_labeling.topreward_qwen_scorer INFO: Prefix 1/8 (end=12, n_frames=4/13): reward=-21.7500 (mean, 1 tok)
2026-04-30 17:41:14,698 mme_vla_suite.pseudo_labeling.topreward_qwen_scorer INFO: Prefix 2/8 (end=27, n_frames=6/28): reward=-21.7500 (mean, 1 tok)
2026-04-30 17:41:21,536 mme_vla_suite.pseudo_labeling.topreward_qwen_scorer INFO: Prefix 3/8 (end=42, n_frames=9/43): reward=-21.6250 (mean, 1 tok)
2026-04-30 17:41:28,357 mme_vla_suite.pseudo_labeling.topreward_qwen_scorer INFO: Prefix 4/8 (end=57, n_frames=12/58): reward=-21.5000 (mean, 1 tok)
2026-04-30 17:41:35,229 mme_vla_suite.pseudo_labeling.topreward_qwen_scorer INFO: Prefix 5/8 (end=73, n_frames=15/74): reward=-20.8750 (mean, 1 tok)
2026-04-30 17:41:42,144 mme_vla_suite.pseudo_labeling.topreward_qwen_scorer INFO: Prefix 6/8 (end=88, n_frames=18/89): reward=-22.3750 (mean, 1 tok)
2026-04-30 17:41:49,070 mme_vla_suite.pseudo_labeling.topreward_qwen_scorer INFO: Prefix 7/8 (end=103, n_frames=21/104): reward=-18.2500 (mean, 1 tok)
2026-04-30 17:41:56,042 mme_vla_suite.pseudo_labeling.topreward_qwen_scorer INFO: Prefix 8/8 (end=119, n_frames=24/120): reward=-18.7500 (mean, 1 tok)
2026-04-30 17:42:04,153 mme_vla_suite.pseudo_labeling.topreward_qwen_scorer INFO: Prefix 1/8 (end=10, n_frames=4/11): reward=-22.7500 (mean, 1 tok)
2026-04-30 17:42:10,959 mme_vla_suite.pseudo_labeling.topreward_qwen_scorer INFO: Prefix 2/8 (end=23, n_frames=5/24): reward=-22.2500 (mean, 1 tok)
2026-04-30 17:42:17,762 mme_vla_suite.pseudo_labeling.topreward_qwen_scorer INFO: Prefix 3/8 (end=37, n_frames=8/38): reward=-22.3750 (mean, 1 tok)
2026-04-30 17:42:24,567 mme_vla_suite.pseudo_labeling.topreward_qwen_scorer INFO: Prefix 4/8 (end=51, n_frames=10/52): reward=-21.2500 (mean, 1 tok)
2026-04-30 17:42:31,385 mme_vla_suite.pseudo_labeling.topreward_qwen_scorer INFO: Prefix 5/8 (end=64, n_frames=13/65): reward=-21.7500 (mean, 1 tok)
2026-04-30 17:42:38,271 mme_vla_suite.pseudo_labeling.topreward_qwen_scorer INFO: Prefix 6/8 (end=78, n_frames=16/79): reward=-20.5000 (mean, 1 tok)
2026-04-30 17:42:45,181 mme_vla_suite.pseudo_labeling.topreward_qwen_scorer INFO: Prefix 7/8 (end=92, n_frames=19/93): reward=-20.0000 (mean, 1 tok)
2026-04-30 17:42:52,079 mme_vla_suite.pseudo_labeling.topreward_qwen_scorer INFO: Prefix 8/8 (end=106, n_frames=21/107): reward=-18.1250 (mean, 1 tok)
2026-04-30 17:42:59,964 mme_vla_suite.pseudo_labeling.topreward_qwen_scorer INFO: Prefix 1/8 (end=11, n_frames=4/12): reward=-22.5000 (mean, 1 tok)
2026-04-30 17:43:06,820 mme_vla_suite.pseudo_labeling.topreward_qwen_scorer INFO: Prefix 2/8 (end=25, n_frames=5/26): reward=-21.6250 (mean, 1 tok)
2026-04-30 17:43:13,657 mme_vla_suite.pseudo_labeling.topreward_qwen_scorer INFO: Prefix 3/8 (end=40, n_frames=8/41): reward=-21.2500 (mean, 1 tok)
2026-04-30 17:43:20,533 mme_vla_suite.pseudo_labeling.topreward_qwen_scorer INFO: Prefix 4/8 (end=55, n_frames=11/56): reward=-20.6250 (mean, 1 tok)
2026-04-30 17:43:27,370 mme_vla_suite.pseudo_labeling.topreward_qwen_scorer INFO: Prefix 5/8 (end=69, n_frames=14/70): reward=-20.5000 (mean, 1 tok)
2026-04-30 17:43:34,273 mme_vla_suite.pseudo_labeling.topreward_qwen_scorer INFO: Prefix 6/8 (end=84, n_frames=17/85): reward=-19.6250 (mean, 1 tok)
2026-04-30 17:43:41,235 mme_vla_suite.pseudo_labeling.topreward_qwen_scorer INFO: Prefix 7/8 (end=99, n_frames=20/100): reward=-18.1250 (mean, 1 tok)
2026-04-30 17:43:48,208 mme_vla_suite.pseudo_labeling.topreward_qwen_scorer INFO: Prefix 8/8 (end=114, n_frames=23/115): reward=-18.8750 (mean, 1 tok)
2026-04-30 17:43:55,973 mme_vla_suite.pseudo_labeling.topreward_qwen_scorer INFO: Prefix 1/8 (end=11, n_frames=4/12): reward=-21.6250 (mean, 1 tok)
2026-04-30 17:44:02,795 mme_vla_suite.pseudo_labeling.topreward_qwen_scorer INFO: Prefix 2/8 (end=25, n_frames=5/26): reward=-22.0000 (mean, 1 tok)
2026-04-30 17:44:09,619 mme_vla_suite.pseudo_labeling.topreward_qwen_scorer INFO: Prefix 3/8 (end=39, n_frames=8/40): reward=-20.7500 (mean, 1 tok)
2026-04-30 17:44:16,458 mme_vla_suite.pseudo_labeling.topreward_qwen_scorer INFO: Prefix 4/8 (end=53, n_frames=11/54): reward=-19.0000 (mean, 1 tok)
2026-04-30 17:44:23,331 mme_vla_suite.pseudo_labeling.topreward_qwen_scorer INFO: Prefix 5/8 (end=67, n_frames=14/68): reward=-19.6250 (mean, 1 tok)
2026-04-30 17:44:30,221 mme_vla_suite.pseudo_labeling.topreward_qwen_scorer INFO: Prefix 6/8 (end=81, n_frames=16/82): reward=-21.2500 (mean, 1 tok)
2026-04-30 17:44:37,137 mme_vla_suite.pseudo_labeling.topreward_qwen_scorer INFO: Prefix 7/8 (end=95, n_frames=19/96): reward=-18.6250 (mean, 1 tok)
2026-04-30 17:44:44,089 mme_vla_suite.pseudo_labeling.topreward_qwen_scorer INFO: Prefix 8/8 (end=109, n_frames=22/110): reward=-18.8750 (mean, 1 tok)
2026-04-30 17:44:52,043 mme_vla_suite.pseudo_labeling.topreward_qwen_scorer INFO: Prefix 1/8 (end=9, n_frames=4/10): reward=-22.6250 (mean, 1 tok)
2026-04-30 17:44:58,896 mme_vla_suite.pseudo_labeling.topreward_qwen_scorer INFO: Prefix 2/8 (end=21, n_frames=4/22): reward=-22.0000 (mean, 1 tok)
2026-04-30 17:45:05,782 mme_vla_suite.pseudo_labeling.topreward_qwen_scorer INFO: Prefix 3/8 (end=33, n_frames=7/34): reward=-21.3750 (mean, 1 tok)
2026-04-30 17:45:12,697 mme_vla_suite.pseudo_labeling.topreward_qwen_scorer INFO: Prefix 4/8 (end=46, n_frames=9/47): reward=-20.7500 (mean, 1 tok)
2026-04-30 17:45:19,558 mme_vla_suite.pseudo_labeling.topreward_qwen_scorer INFO: Prefix 5/8 (end=58, n_frames=12/59): reward=-21.1250 (mean, 1 tok)
2026-04-30 17:45:26,432 mme_vla_suite.pseudo_labeling.topreward_qwen_scorer INFO: Prefix 6/8 (end=71, n_frames=14/72): reward=-21.6250 (mean, 1 tok)
2026-04-30 17:45:33,315 mme_vla_suite.pseudo_labeling.topreward_qwen_scorer INFO: Prefix 7/8 (end=83, n_frames=17/84): reward=-18.2500 (mean, 1 tok)
2026-04-30 17:45:40,288 mme_vla_suite.pseudo_labeling.topreward_qwen_scorer INFO: Prefix 8/8 (end=96, n_frames=19/97): reward=-18.6250 (mean, 1 tok)
2026-04-30 17:45:48,324 mme_vla_suite.pseudo_labeling.topreward_qwen_scorer INFO: Prefix 1/8 (end=5, n_frames=4/6): reward=-19.5000 (mean, 1 tok)
2026-04-30 17:45:55,163 mme_vla_suite.pseudo_labeling.topreward_qwen_scorer INFO: Prefix 2/8 (end=11, n_frames=4/12): reward=-20.0000 (mean, 1 tok)
2026-04-30 17:46:01,992 mme_vla_suite.pseudo_labeling.topreward_qwen_scorer INFO: Prefix 3/8 (end=18, n_frames=4/19): reward=-19.6250 (mean, 1 tok)
2026-04-30 17:46:08,915 mme_vla_suite.pseudo_labeling.topreward_qwen_scorer INFO: Prefix 4/8 (end=24, n_frames=5/25): reward=-19.2500 (mean, 1 tok)
2026-04-30 17:46:15,817 mme_vla_suite.pseudo_labeling.topreward_qwen_scorer INFO: Prefix 5/8 (end=31, n_frames=6/32): reward=-19.6250 (mean, 1 tok)
2026-04-30 17:46:22,765 mme_vla_suite.pseudo_labeling.topreward_qwen_scorer INFO: Prefix 6/8 (end=37, n_frames=8/38): reward=-20.8750 (mean, 1 tok)
2026-04-30 17:46:29,672 mme_vla_suite.pseudo_labeling.topreward_qwen_scorer INFO: Prefix 7/8 (end=44, n_frames=9/45): reward=-20.0000 (mean, 1 tok)
2026-04-30 17:46:36,716 mme_vla_suite.pseudo_labeling.topreward_qwen_scorer INFO: Prefix 8/8 (end=51, n_frames=10/52): reward=-19.1250 (mean, 1 tok)
2026-04-30 17:46:44,755 mme_vla_suite.pseudo_labeling.topreward_qwen_scorer INFO: Prefix 1/8 (end=9, n_frames=4/10): reward=-22.8750 (mean, 1 tok)
2026-04-30 17:46:51,660 mme_vla_suite.pseudo_labeling.topreward_qwen_scorer INFO: Prefix 2/8 (end=21, n_frames=4/22): reward=-22.3750 (mean, 1 tok)
2026-04-30 17:46:58,631 mme_vla_suite.pseudo_labeling.topreward_qwen_scorer INFO: Prefix 3/8 (end=33, n_frames=7/34): reward=-21.8750 (mean, 1 tok)
2026-04-30 17:47:05,564 mme_vla_suite.pseudo_labeling.topreward_qwen_scorer INFO: Prefix 4/8 (end=46, n_frames=9/47): reward=-20.8750 (mean, 1 tok)
2026-04-30 17:47:12,418 mme_vla_suite.pseudo_labeling.topreward_qwen_scorer INFO: Prefix 5/8 (end=58, n_frames=12/59): reward=-20.6250 (mean, 1 tok)
2026-04-30 17:47:19,200 mme_vla_suite.pseudo_labeling.topreward_qwen_scorer INFO: Prefix 6/8 (end=71, n_frames=14/72): reward=-21.0000 (mean, 1 tok)
2026-04-30 17:47:26,013 mme_vla_suite.pseudo_labeling.topreward_qwen_scorer INFO: Prefix 7/8 (end=83, n_frames=17/84): reward=-20.7500 (mean, 1 tok)
2026-04-30 17:47:32,873 mme_vla_suite.pseudo_labeling.topreward_qwen_scorer INFO: Prefix 8/8 (end=96, n_frames=19/97): reward=-17.8750 (mean, 1 tok)
2026-04-30 17:47:40,565 mme_vla_suite.pseudo_labeling.topreward_qwen_scorer INFO: Prefix 1/8 (end=10, n_frames=4/11): reward=-22.6250 (mean, 1 tok)
2026-04-30 17:47:47,393 mme_vla_suite.pseudo_labeling.topreward_qwen_scorer INFO: Prefix 2/8 (end=23, n_frames=5/24): reward=-21.8750 (mean, 1 tok)
2026-04-30 17:47:54,293 mme_vla_suite.pseudo_labeling.topreward_qwen_scorer INFO: Prefix 3/8 (end=37, n_frames=8/38): reward=-22.2500 (mean, 1 tok)
2026-04-30 17:48:01,151 mme_vla_suite.pseudo_labeling.topreward_qwen_scorer INFO: Prefix 4/8 (end=51, n_frames=10/52): reward=-20.8750 (mean, 1 tok)
2026-04-30 17:48:07,966 mme_vla_suite.pseudo_labeling.topreward_qwen_scorer INFO: Prefix 5/8 (end=64, n_frames=13/65): reward=-21.1250 (mean, 1 tok)
2026-04-30 17:48:14,801 mme_vla_suite.pseudo_labeling.topreward_qwen_scorer INFO: Prefix 6/8 (end=78, n_frames=16/79): reward=-21.3750 (mean, 1 tok)
2026-04-30 17:48:21,660 mme_vla_suite.pseudo_labeling.topreward_qwen_scorer INFO: Prefix 7/8 (end=92, n_frames=19/93): reward=-19.0000 (mean, 1 tok)
2026-04-30 17:48:28,556 mme_vla_suite.pseudo_labeling.topreward_qwen_scorer INFO: Prefix 8/8 (end=106, n_frames=21/107): reward=-17.8750 (mean, 1 tok)
2026-04-30 17:48:36,636 mme_vla_suite.pseudo_labeling.topreward_qwen_scorer INFO: Prefix 1/8 (end=11, n_frames=4/12): reward=-22.7500 (mean, 1 tok)
2026-04-30 17:48:43,404 mme_vla_suite.pseudo_labeling.topreward_qwen_scorer INFO: Prefix 2/8 (end=25, n_frames=5/26): reward=-22.8750 (mean, 1 tok)
2026-04-30 17:48:50,191 mme_vla_suite.pseudo_labeling.topreward_qwen_scorer INFO: Prefix 3/8 (end=39, n_frames=8/40): reward=-21.1250 (mean, 1 tok)
2026-04-30 17:48:57,017 mme_vla_suite.pseudo_labeling.topreward_qwen_scorer INFO: Prefix 4/8 (end=53, n_frames=11/54): reward=-20.3750 (mean, 1 tok)
2026-04-30 17:49:03,791 mme_vla_suite.pseudo_labeling.topreward_qwen_scorer INFO: Prefix 5/8 (end=68, n_frames=14/69): reward=-20.0000 (mean, 1 tok)
2026-04-30 17:49:10,645 mme_vla_suite.pseudo_labeling.topreward_qwen_scorer INFO: Prefix 6/8 (end=82, n_frames=17/83): reward=-20.6250 (mean, 1 tok)
2026-04-30 17:49:17,512 mme_vla_suite.pseudo_labeling.topreward_qwen_scorer INFO: Prefix 7/8 (end=96, n_frames=19/97): reward=-18.8750 (mean, 1 tok)
2026-04-30 17:49:24,393 mme_vla_suite.pseudo_labeling.topreward_qwen_scorer INFO: Prefix 8/8 (end=111, n_frames=22/112): reward=-19.0000 (mean, 1 tok)
2026-04-30 17:49:32,286 mme_vla_suite.pseudo_labeling.topreward_qwen_scorer INFO: Prefix 1/8 (end=10, n_frames=4/11): reward=-23.0000 (mean, 1 tok)
2026-04-30 17:49:39,069 mme_vla_suite.pseudo_labeling.topreward_qwen_scorer INFO: Prefix 2/8 (end=22, n_frames=5/23): reward=-23.0000 (mean, 1 tok)
2026-04-30 17:49:45,867 mme_vla_suite.pseudo_labeling.topreward_qwen_scorer INFO: Prefix 3/8 (end=35, n_frames=7/36): reward=-22.6250 (mean, 1 tok)
2026-04-30 17:49:52,679 mme_vla_suite.pseudo_labeling.topreward_qwen_scorer INFO: Prefix 4/8 (end=48, n_frames=10/49): reward=-22.6250 (mean, 1 tok)
2026-04-30 17:49:59,485 mme_vla_suite.pseudo_labeling.topreward_qwen_scorer INFO: Prefix 5/8 (end=60, n_frames=12/61): reward=-22.1250 (mean, 1 tok)
2026-04-30 17:50:06,326 mme_vla_suite.pseudo_labeling.topreward_qwen_scorer INFO: Prefix 6/8 (end=73, n_frames=15/74): reward=-22.0000 (mean, 1 tok)
2026-04-30 17:50:13,201 mme_vla_suite.pseudo_labeling.topreward_qwen_scorer INFO: Prefix 7/8 (end=86, n_frames=17/87): reward=-22.2500 (mean, 1 tok)
2026-04-30 17:50:20,088 mme_vla_suite.pseudo_labeling.topreward_qwen_scorer INFO: Prefix 8/8 (end=99, n_frames=20/100): reward=-18.0000 (mean, 1 tok)
2026-04-30 17:50:27,741 mme_vla_suite.pseudo_labeling.topreward_qwen_scorer INFO: Prefix 1/8 (end=10, n_frames=4/11): reward=-23.0000 (mean, 1 tok)
2026-04-30 17:50:34,715 mme_vla_suite.pseudo_labeling.topreward_qwen_scorer INFO: Prefix 2/8 (end=23, n_frames=5/24): reward=-22.5000 (mean, 1 tok)
2026-04-30 17:50:41,691 mme_vla_suite.pseudo_labeling.topreward_qwen_scorer INFO: Prefix 3/8 (end=37, n_frames=8/38): reward=-22.6250 (mean, 1 tok)
2026-04-30 17:50:48,511 mme_vla_suite.pseudo_labeling.topreward_qwen_scorer INFO: Prefix 4/8 (end=51, n_frames=10/52): reward=-22.3750 (mean, 1 tok)
2026-04-30 17:50:55,323 mme_vla_suite.pseudo_labeling.topreward_qwen_scorer INFO: Prefix 5/8 (end=64, n_frames=13/65): reward=-22.0000 (mean, 1 tok)
2026-04-30 17:51:02,205 mme_vla_suite.pseudo_labeling.topreward_qwen_scorer INFO: Prefix 6/8 (end=78, n_frames=16/79): reward=-21.5000 (mean, 1 tok)
2026-04-30 17:51:09,093 mme_vla_suite.pseudo_labeling.topreward_qwen_scorer INFO: Prefix 7/8 (end=92, n_frames=19/93): reward=-21.1250 (mean, 1 tok)
2026-04-30 17:51:15,975 mme_vla_suite.pseudo_labeling.topreward_qwen_scorer INFO: Prefix 8/8 (end=106, n_frames=21/107): reward=-19.1250 (mean, 1 tok)
2026-04-30 17:51:23,862 mme_vla_suite.pseudo_labeling.topreward_qwen_scorer INFO: Prefix 1/8 (end=12, n_frames=4/13): reward=-21.1250 (mean, 1 tok)
2026-04-30 17:51:30,611 mme_vla_suite.pseudo_labeling.topreward_qwen_scorer INFO: Prefix 2/8 (end=28, n_frames=6/29): reward=-21.6250 (mean, 1 tok)
2026-04-30 17:51:37,395 mme_vla_suite.pseudo_labeling.topreward_qwen_scorer INFO: Prefix 3/8 (end=44, n_frames=9/45): reward=-21.0000 (mean, 1 tok)
2026-04-30 17:51:44,179 mme_vla_suite.pseudo_labeling.topreward_qwen_scorer INFO: Prefix 4/8 (end=60, n_frames=12/61): reward=-21.0000 (mean, 1 tok)
2026-04-30 17:51:51,009 mme_vla_suite.pseudo_labeling.topreward_qwen_scorer INFO: Prefix 5/8 (end=76, n_frames=15/77): reward=-20.3750 (mean, 1 tok)
2026-04-30 17:51:57,854 mme_vla_suite.pseudo_labeling.topreward_qwen_scorer INFO: Prefix 6/8 (end=92, n_frames=19/93): reward=-19.7500 (mean, 1 tok)
2026-04-30 17:52:04,744 mme_vla_suite.pseudo_labeling.topreward_qwen_scorer INFO: Prefix 7/8 (end=108, n_frames=22/109): reward=-20.0000 (mean, 1 tok)
2026-04-30 17:52:11,664 mme_vla_suite.pseudo_labeling.topreward_qwen_scorer INFO: Prefix 8/8 (end=124, n_frames=25/125): reward=-18.1250 (mean, 1 tok)
2026-04-30 17:52:19,258 mme_vla_suite.pseudo_labeling.topreward_qwen_scorer INFO: Prefix 1/8 (end=10, n_frames=4/11): reward=-22.3750 (mean, 1 tok)
2026-04-30 17:52:26,009 mme_vla_suite.pseudo_labeling.topreward_qwen_scorer INFO: Prefix 2/8 (end=23, n_frames=5/24): reward=-21.2500 (mean, 1 tok)
2026-04-30 17:52:32,789 mme_vla_suite.pseudo_labeling.topreward_qwen_scorer INFO: Prefix 3/8 (end=37, n_frames=8/38): reward=-21.3750 (mean, 1 tok)
2026-04-30 17:52:39,578 mme_vla_suite.pseudo_labeling.topreward_qwen_scorer INFO: Prefix 4/8 (end=51, n_frames=10/52): reward=-20.2500 (mean, 1 tok)
2026-04-30 17:52:46,379 mme_vla_suite.pseudo_labeling.topreward_qwen_scorer INFO: Prefix 5/8 (end=64, n_frames=13/65): reward=-21.1250 (mean, 1 tok)
2026-04-30 17:52:53,210 mme_vla_suite.pseudo_labeling.topreward_qwen_scorer INFO: Prefix 6/8 (end=78, n_frames=16/79): reward=-22.0000 (mean, 1 tok)
2026-04-30 17:53:00,066 mme_vla_suite.pseudo_labeling.topreward_qwen_scorer INFO: Prefix 7/8 (end=92, n_frames=19/93): reward=-21.3750 (mean, 1 tok)
2026-04-30 17:53:06,952 mme_vla_suite.pseudo_labeling.topreward_qwen_scorer INFO: Prefix 8/8 (end=106, n_frames=21/107): reward=-17.8750 (mean, 1 tok)
2026-04-30 17:53:14,577 mme_vla_suite.pseudo_labeling.topreward_qwen_scorer INFO: Prefix 1/8 (end=11, n_frames=4/12): reward=-22.2500 (mean, 1 tok)
2026-04-30 17:53:21,339 mme_vla_suite.pseudo_labeling.topreward_qwen_scorer INFO: Prefix 2/8 (end=25, n_frames=5/26): reward=-21.1250 (mean, 1 tok)
2026-04-30 17:53:28,112 mme_vla_suite.pseudo_labeling.topreward_qwen_scorer INFO: Prefix 3/8 (end=39, n_frames=8/40): reward=-20.2500 (mean, 1 tok)
2026-04-30 17:53:34,902 mme_vla_suite.pseudo_labeling.topreward_qwen_scorer INFO: Prefix 4/8 (end=54, n_frames=11/55): reward=-20.7500 (mean, 1 tok)
2026-04-30 17:53:41,674 mme_vla_suite.pseudo_labeling.topreward_qwen_scorer INFO: Prefix 5/8 (end=68, n_frames=14/69): reward=-20.8750 (mean, 1 tok)
2026-04-30 17:53:48,491 mme_vla_suite.pseudo_labeling.topreward_qwen_scorer INFO: Prefix 6/8 (end=83, n_frames=17/84): reward=-21.2500 (mean, 1 tok)
2026-04-30 17:53:55,379 mme_vla_suite.pseudo_labeling.topreward_qwen_scorer INFO: Prefix 7/8 (end=97, n_frames=20/98): reward=-21.3750 (mean, 1 tok)
2026-04-30 17:54:02,260 mme_vla_suite.pseudo_labeling.topreward_qwen_scorer INFO: Prefix 8/8 (end=112, n_frames=23/113): reward=-20.1250 (mean, 1 tok)
2026-04-30 17:54:10,112 mme_vla_suite.pseudo_labeling.topreward_qwen_scorer INFO: Prefix 1/8 (end=11, n_frames=4/12): reward=-20.5000 (mean, 1 tok)
2026-04-30 17:54:16,864 mme_vla_suite.pseudo_labeling.topreward_qwen_scorer INFO: Prefix 2/8 (end=26, n_frames=5/27): reward=-20.6250 (mean, 1 tok)
2026-04-30 17:54:23,628 mme_vla_suite.pseudo_labeling.topreward_qwen_scorer INFO: Prefix 3/8 (end=41, n_frames=8/42): reward=-19.8750 (mean, 1 tok)
2026-04-30 17:54:30,404 mme_vla_suite.pseudo_labeling.topreward_qwen_scorer INFO: Prefix 4/8 (end=56, n_frames=11/57): reward=-19.5000 (mean, 1 tok)
2026-04-30 17:54:37,215 mme_vla_suite.pseudo_labeling.topreward_qwen_scorer INFO: Prefix 5/8 (end=72, n_frames=15/73): reward=-20.0000 (mean, 1 tok)
2026-04-30 17:54:44,012 mme_vla_suite.pseudo_labeling.topreward_qwen_scorer INFO: Prefix 6/8 (end=87, n_frames=18/88): reward=-21.5000 (mean, 1 tok)
2026-04-30 17:54:50,840 mme_vla_suite.pseudo_labeling.topreward_qwen_scorer INFO: Prefix 7/8 (end=102, n_frames=21/103): reward=-20.0000 (mean, 1 tok)
2026-04-30 17:54:57,725 mme_vla_suite.pseudo_labeling.topreward_qwen_scorer INFO: Prefix 8/8 (end=118, n_frames=24/119): reward=-20.1250 (mean, 1 tok)
2026-04-30 17:55:05,627 mme_vla_suite.pseudo_labeling.topreward_qwen_scorer INFO: Prefix 1/8 (end=9, n_frames=4/10): reward=-23.0000 (mean, 1 tok)
2026-04-30 17:55:12,399 mme_vla_suite.pseudo_labeling.topreward_qwen_scorer INFO: Prefix 2/8 (end=21, n_frames=4/22): reward=-22.8750 (mean, 1 tok)
2026-04-30 17:55:19,198 mme_vla_suite.pseudo_labeling.topreward_qwen_scorer INFO: Prefix 3/8 (end=34, n_frames=7/35): reward=-22.5000 (mean, 1 tok)
2026-04-30 17:55:26,002 mme_vla_suite.pseudo_labeling.topreward_qwen_scorer INFO: Prefix 4/8 (end=46, n_frames=9/47): reward=-21.8750 (mean, 1 tok)
2026-04-30 17:55:32,816 mme_vla_suite.pseudo_labeling.topreward_qwen_scorer INFO: Prefix 5/8 (end=59, n_frames=12/60): reward=-21.5000 (mean, 1 tok)
2026-04-30 17:55:39,613 mme_vla_suite.pseudo_labeling.topreward_qwen_scorer INFO: Prefix 6/8 (end=71, n_frames=14/72): reward=-21.5000 (mean, 1 tok)
2026-04-30 17:55:46,440 mme_vla_suite.pseudo_labeling.topreward_qwen_scorer INFO: Prefix 7/8 (end=84, n_frames=17/85): reward=-20.7500 (mean, 1 tok)
2026-04-30 17:55:53,314 mme_vla_suite.pseudo_labeling.topreward_qwen_scorer INFO: Prefix 8/8 (end=97, n_frames=20/98): reward=-18.0000 (mean, 1 tok)
2026-04-30 17:56:00,812 mme_vla_suite.pseudo_labeling.topreward_qwen_scorer INFO: Prefix 1/8 (end=10, n_frames=4/11): reward=-22.7500 (mean, 1 tok)
2026-04-30 17:56:07,593 mme_vla_suite.pseudo_labeling.topreward_qwen_scorer INFO: Prefix 2/8 (end=23, n_frames=5/24): reward=-22.2500 (mean, 1 tok)
2026-04-30 17:56:14,369 mme_vla_suite.pseudo_labeling.topreward_qwen_scorer INFO: Prefix 3/8 (end=36, n_frames=7/37): reward=-21.8750 (mean, 1 tok)
2026-04-30 17:56:21,161 mme_vla_suite.pseudo_labeling.topreward_qwen_scorer INFO: Prefix 4/8 (end=50, n_frames=10/51): reward=-21.6250 (mean, 1 tok)
2026-04-30 17:56:27,975 mme_vla_suite.pseudo_labeling.topreward_qwen_scorer INFO: Prefix 5/8 (end=63, n_frames=13/64): reward=-21.7500 (mean, 1 tok)
2026-04-30 17:56:34,791 mme_vla_suite.pseudo_labeling.topreward_qwen_scorer INFO: Prefix 6/8 (end=77, n_frames=16/78): reward=-20.3750 (mean, 1 tok)
2026-04-30 17:56:41,621 mme_vla_suite.pseudo_labeling.topreward_qwen_scorer INFO: Prefix 7/8 (end=90, n_frames=18/91): reward=-17.5000 (mean, 1 tok)
2026-04-30 17:56:48,489 mme_vla_suite.pseudo_labeling.topreward_qwen_scorer INFO: Prefix 8/8 (end=104, n_frames=21/105): reward=-18.3750 (mean, 1 tok)
2026-04-30 17:56:56,583 mme_vla_suite.pseudo_labeling.topreward_qwen_scorer INFO: Prefix 1/8 (end=12, n_frames=4/13): reward=-22.1250 (mean, 1 tok)
2026-04-30 17:57:03,362 mme_vla_suite.pseudo_labeling.topreward_qwen_scorer INFO: Prefix 2/8 (end=27, n_frames=6/28): reward=-22.0000 (mean, 1 tok)
2026-04-30 17:57:10,171 mme_vla_suite.pseudo_labeling.topreward_qwen_scorer INFO: Prefix 3/8 (end=42, n_frames=9/43): reward=-20.1250 (mean, 1 tok)
2026-04-30 17:57:16,963 mme_vla_suite.pseudo_labeling.topreward_qwen_scorer INFO: Prefix 4/8 (end=58, n_frames=12/59): reward=-20.6250 (mean, 1 tok)
2026-04-30 17:57:23,839 mme_vla_suite.pseudo_labeling.topreward_qwen_scorer INFO: Prefix 5/8 (end=73, n_frames=15/74): reward=-19.0000 (mean, 1 tok)
2026-04-30 17:57:30,718 mme_vla_suite.pseudo_labeling.topreward_qwen_scorer INFO: Prefix 6/8 (end=89, n_frames=18/90): reward=-21.3750 (mean, 1 tok)
2026-04-30 17:57:37,615 mme_vla_suite.pseudo_labeling.topreward_qwen_scorer INFO: Prefix 7/8 (end=104, n_frames=21/105): reward=-18.0000 (mean, 1 tok)
2026-04-30 17:57:44,518 mme_vla_suite.pseudo_labeling.topreward_qwen_scorer INFO: Prefix 8/8 (end=120, n_frames=24/121): reward=-19.7500 (mean, 1 tok)
2026-04-30 17:57:52,637 mme_vla_suite.pseudo_labeling.topreward_qwen_scorer INFO: Prefix 1/8 (end=10, n_frames=4/11): reward=-23.8750 (mean, 1 tok)
2026-04-30 17:57:59,413 mme_vla_suite.pseudo_labeling.topreward_qwen_scorer INFO: Prefix 2/8 (end=22, n_frames=5/23): reward=-23.6250 (mean, 1 tok)
2026-04-30 17:58:06,208 mme_vla_suite.pseudo_labeling.topreward_qwen_scorer INFO: Prefix 3/8 (end=35, n_frames=7/36): reward=-22.6250 (mean, 1 tok)
2026-04-30 17:58:13,013 mme_vla_suite.pseudo_labeling.topreward_qwen_scorer INFO: Prefix 4/8 (end=48, n_frames=10/49): reward=-22.7500 (mean, 1 tok)
2026-04-30 17:58:19,776 mme_vla_suite.pseudo_labeling.topreward_qwen_scorer INFO: Prefix 5/8 (end=60, n_frames=12/61): reward=-22.0000 (mean, 1 tok)
2026-04-30 17:58:26,609 mme_vla_suite.pseudo_labeling.topreward_qwen_scorer INFO: Prefix 6/8 (end=73, n_frames=15/74): reward=-22.3750 (mean, 1 tok)
2026-04-30 17:58:33,477 mme_vla_suite.pseudo_labeling.topreward_qwen_scorer INFO: Prefix 7/8 (end=86, n_frames=17/87): reward=-18.0000 (mean, 1 tok)
2026-04-30 17:58:40,366 mme_vla_suite.pseudo_labeling.topreward_qwen_scorer INFO: Prefix 8/8 (end=99, n_frames=20/100): reward=-17.5000 (mean, 1 tok)
2026-04-30 17:58:47,844 mme_vla_suite.pseudo_labeling.topreward_qwen_scorer INFO: Prefix 1/8 (end=4, n_frames=4/5): reward=-20.7500 (mean, 1 tok)
2026-04-30 17:58:54,597 mme_vla_suite.pseudo_labeling.topreward_qwen_scorer INFO: Prefix 2/8 (end=10, n_frames=4/11): reward=-21.1250 (mean, 1 tok)
2026-04-30 17:59:01,360 mme_vla_suite.pseudo_labeling.topreward_qwen_scorer INFO: Prefix 3/8 (end=16, n_frames=4/17): reward=-20.3750 (mean, 1 tok)
2026-04-30 17:59:08,138 mme_vla_suite.pseudo_labeling.topreward_qwen_scorer INFO: Prefix 4/8 (end=22, n_frames=5/23): reward=-20.1250 (mean, 1 tok)
2026-04-30 17:59:14,909 mme_vla_suite.pseudo_labeling.topreward_qwen_scorer INFO: Prefix 5/8 (end=28, n_frames=6/29): reward=-20.5000 (mean, 1 tok)
2026-04-30 17:59:21,702 mme_vla_suite.pseudo_labeling.topreward_qwen_scorer INFO: Prefix 6/8 (end=34, n_frames=7/35): reward=-19.6250 (mean, 1 tok)
2026-04-30 17:59:28,496 mme_vla_suite.pseudo_labeling.topreward_qwen_scorer INFO: Prefix 7/8 (end=40, n_frames=8/41): reward=-20.2500 (mean, 1 tok)
2026-04-30 17:59:35,293 mme_vla_suite.pseudo_labeling.topreward_qwen_scorer INFO: Prefix 8/8 (end=46, n_frames=9/47): reward=-19.5000 (mean, 1 tok)
2026-04-30 17:59:43,238 mme_vla_suite.pseudo_labeling.topreward_qwen_scorer INFO: Prefix 1/8 (end=9, n_frames=4/10): reward=-24.1250 (mean, 1 tok)
2026-04-30 17:59:49,992 mme_vla_suite.pseudo_labeling.topreward_qwen_scorer INFO: Prefix 2/8 (end=21, n_frames=4/22): reward=-23.5000 (mean, 1 tok)
2026-04-30 17:59:56,759 mme_vla_suite.pseudo_labeling.topreward_qwen_scorer INFO: Prefix 3/8 (end=34, n_frames=7/35): reward=-23.6250 (mean, 1 tok)
2026-04-30 18:00:03,547 mme_vla_suite.pseudo_labeling.topreward_qwen_scorer INFO: Prefix 4/8 (end=47, n_frames=10/48): reward=-22.1250 (mean, 1 tok)
2026-04-30 18:00:10,344 mme_vla_suite.pseudo_labeling.topreward_qwen_scorer INFO: Prefix 5/8 (end=59, n_frames=12/60): reward=-23.7500 (mean, 1 tok)
2026-04-30 18:00:17,162 mme_vla_suite.pseudo_labeling.topreward_qwen_scorer INFO: Prefix 6/8 (end=72, n_frames=15/73): reward=-23.8750 (mean, 1 tok)
2026-04-30 18:00:24,037 mme_vla_suite.pseudo_labeling.topreward_qwen_scorer INFO: Prefix 7/8 (end=85, n_frames=17/86): reward=-24.6250 (mean, 1 tok)
2026-04-30 18:00:30,909 mme_vla_suite.pseudo_labeling.topreward_qwen_scorer INFO: Prefix 8/8 (end=98, n_frames=20/99): reward=-20.3750 (mean, 1 tok)
2026-04-30 18:00:38,515 mme_vla_suite.pseudo_labeling.topreward_qwen_scorer INFO: Prefix 1/8 (end=11, n_frames=4/12): reward=-24.1250 (mean, 1 tok)
2026-04-30 18:00:45,291 mme_vla_suite.pseudo_labeling.topreward_qwen_scorer INFO: Prefix 2/8 (end=25, n_frames=5/26): reward=-22.6250 (mean, 1 tok)
2026-04-30 18:00:52,224 mme_vla_suite.pseudo_labeling.topreward_qwen_scorer INFO: Prefix 3/8 (end=39, n_frames=8/40): reward=-23.8750 (mean, 1 tok)
2026-04-30 18:00:59,157 mme_vla_suite.pseudo_labeling.topreward_qwen_scorer INFO: Prefix 4/8 (end=53, n_frames=11/54): reward=-24.0000 (mean, 1 tok)
2026-04-30 18:01:06,121 mme_vla_suite.pseudo_labeling.topreward_qwen_scorer INFO: Prefix 5/8 (end=67, n_frames=14/68): reward=-23.1250 (mean, 1 tok)
2026-04-30 18:01:13,143 mme_vla_suite.pseudo_labeling.topreward_qwen_scorer INFO: Prefix 6/8 (end=81, n_frames=16/82): reward=-24.1250 (mean, 1 tok)
2026-04-30 18:01:20,019 mme_vla_suite.pseudo_labeling.topreward_qwen_scorer INFO: Prefix 7/8 (end=95, n_frames=19/96): reward=-23.7500 (mean, 1 tok)
2026-04-30 18:01:26,918 mme_vla_suite.pseudo_labeling.topreward_qwen_scorer INFO: Prefix 8/8 (end=109, n_frames=22/110): reward=-20.1250 (mean, 1 tok)
2026-04-30 18:01:34,812 mme_vla_suite.pseudo_labeling.topreward_qwen_scorer INFO: Prefix 1/8 (end=12, n_frames=4/13): reward=-21.3750 (mean, 1 tok)
2026-04-30 18:01:41,601 mme_vla_suite.pseudo_labeling.topreward_qwen_scorer INFO: Prefix 2/8 (end=27, n_frames=6/28): reward=-21.8750 (mean, 1 tok)
2026-04-30 18:01:48,388 mme_vla_suite.pseudo_labeling.topreward_qwen_scorer INFO: Prefix 3/8 (end=42, n_frames=9/43): reward=-19.0000 (mean, 1 tok)
2026-04-30 18:01:55,188 mme_vla_suite.pseudo_labeling.topreward_qwen_scorer INFO: Prefix 4/8 (end=57, n_frames=12/58): reward=-22.8750 (mean, 1 tok)
2026-04-30 18:02:02,035 mme_vla_suite.pseudo_labeling.topreward_qwen_scorer INFO: Prefix 5/8 (end=73, n_frames=15/74): reward=-23.0000 (mean, 1 tok)
2026-04-30 18:02:08,883 mme_vla_suite.pseudo_labeling.topreward_qwen_scorer INFO: Prefix 6/8 (end=88, n_frames=18/89): reward=-22.7500 (mean, 1 tok)
2026-04-30 18:02:15,769 mme_vla_suite.pseudo_labeling.topreward_qwen_scorer INFO: Prefix 7/8 (end=103, n_frames=21/104): reward=-20.5000 (mean, 1 tok)
2026-04-30 18:02:22,657 mme_vla_suite.pseudo_labeling.topreward_qwen_scorer INFO: Prefix 8/8 (end=119, n_frames=24/120): reward=-20.3750 (mean, 1 tok)
2026-04-30 18:02:30,676 mme_vla_suite.pseudo_labeling.topreward_qwen_scorer INFO: Prefix 1/8 (end=9, n_frames=4/10): reward=-24.0000 (mean, 1 tok)
2026-04-30 18:02:37,435 mme_vla_suite.pseudo_labeling.topreward_qwen_scorer INFO: Prefix 2/8 (end=20, n_frames=4/21): reward=-23.8750 (mean, 1 tok)
2026-04-30 18:02:44,210 mme_vla_suite.pseudo_labeling.topreward_qwen_scorer INFO: Prefix 3/8 (end=32, n_frames=7/33): reward=-23.2500 (mean, 1 tok)
2026-04-30 18:02:51,008 mme_vla_suite.pseudo_labeling.topreward_qwen_scorer INFO: Prefix 4/8 (end=44, n_frames=9/45): reward=-23.7500 (mean, 1 tok)
2026-04-30 18:02:57,800 mme_vla_suite.pseudo_labeling.topreward_qwen_scorer INFO: Prefix 5/8 (end=56, n_frames=11/57): reward=-22.6250 (mean, 1 tok)
2026-04-30 18:03:04,599 mme_vla_suite.pseudo_labeling.topreward_qwen_scorer INFO: Prefix 6/8 (end=68, n_frames=14/69): reward=-23.8750 (mean, 1 tok)
2026-04-30 18:03:11,392 mme_vla_suite.pseudo_labeling.topreward_qwen_scorer INFO: Prefix 7/8 (end=80, n_frames=16/81): reward=-23.6250 (mean, 1 tok)
2026-04-30 18:03:18,244 mme_vla_suite.pseudo_labeling.topreward_qwen_scorer INFO: Prefix 8/8 (end=92, n_frames=19/93): reward=-18.5000 (mean, 1 tok)
2026-04-30 18:03:26,007 mme_vla_suite.pseudo_labeling.topreward_qwen_scorer INFO: Prefix 1/8 (end=10, n_frames=4/11): reward=-24.0000 (mean, 1 tok)
2026-04-30 18:03:32,781 mme_vla_suite.pseudo_labeling.topreward_qwen_scorer INFO: Prefix 2/8 (end=23, n_frames=5/24): reward=-23.7500 (mean, 1 tok)
2026-04-30 18:03:39,549 mme_vla_suite.pseudo_labeling.topreward_qwen_scorer INFO: Prefix 3/8 (end=36, n_frames=7/37): reward=-23.5000 (mean, 1 tok)
2026-04-30 18:03:46,350 mme_vla_suite.pseudo_labeling.topreward_qwen_scorer INFO: Prefix 4/8 (end=49, n_frames=10/50): reward=-23.3750 (mean, 1 tok)
2026-04-30 18:03:53,166 mme_vla_suite.pseudo_labeling.topreward_qwen_scorer INFO: Prefix 5/8 (end=62, n_frames=13/63): reward=-23.5000 (mean, 1 tok)
2026-04-30 18:03:59,981 mme_vla_suite.pseudo_labeling.topreward_qwen_scorer INFO: Prefix 6/8 (end=75, n_frames=15/76): reward=-23.6250 (mean, 1 tok)
2026-04-30 18:04:06,793 mme_vla_suite.pseudo_labeling.topreward_qwen_scorer INFO: Prefix 7/8 (end=88, n_frames=18/89): reward=-17.6250 (mean, 1 tok)
2026-04-30 18:04:13,636 mme_vla_suite.pseudo_labeling.topreward_qwen_scorer INFO: Prefix 8/8 (end=101, n_frames=20/102): reward=-17.6250 (mean, 1 tok)
2026-04-30 18:04:21,704 mme_vla_suite.pseudo_labeling.topreward_qwen_scorer INFO: Prefix 1/8 (end=12, n_frames=4/13): reward=-21.6250 (mean, 1 tok)
2026-04-30 18:04:28,483 mme_vla_suite.pseudo_labeling.topreward_qwen_scorer INFO: Prefix 2/8 (end=27, n_frames=6/28): reward=-22.0000 (mean, 1 tok)
2026-04-30 18:04:35,264 mme_vla_suite.pseudo_labeling.topreward_qwen_scorer INFO: Prefix 3/8 (end=42, n_frames=9/43): reward=-20.2500 (mean, 1 tok)
2026-04-30 18:04:42,064 mme_vla_suite.pseudo_labeling.topreward_qwen_scorer INFO: Prefix 4/8 (end=57, n_frames=12/58): reward=-20.2500 (mean, 1 tok)
2026-04-30 18:04:48,916 mme_vla_suite.pseudo_labeling.topreward_qwen_scorer INFO: Prefix 5/8 (end=73, n_frames=15/74): reward=-19.1250 (mean, 1 tok)
2026-04-30 18:04:55,826 mme_vla_suite.pseudo_labeling.topreward_qwen_scorer INFO: Prefix 6/8 (end=88, n_frames=18/89): reward=-20.2500 (mean, 1 tok)
2026-04-30 18:05:02,780 mme_vla_suite.pseudo_labeling.topreward_qwen_scorer INFO: Prefix 7/8 (end=103, n_frames=21/104): reward=-17.8750 (mean, 1 tok)
2026-04-30 18:05:09,739 mme_vla_suite.pseudo_labeling.topreward_qwen_scorer INFO: Prefix 8/8 (end=119, n_frames=24/120): reward=-18.7500 (mean, 1 tok)
2026-04-30 18:05:17,904 mme_vla_suite.pseudo_labeling.topreward_qwen_scorer INFO: Prefix 1/8 (end=11, n_frames=4/12): reward=-23.2500 (mean, 1 tok)
2026-04-30 18:05:24,733 mme_vla_suite.pseudo_labeling.topreward_qwen_scorer INFO: Prefix 2/8 (end=25, n_frames=5/26): reward=-22.7500 (mean, 1 tok)
2026-04-30 18:05:31,722 mme_vla_suite.pseudo_labeling.topreward_qwen_scorer INFO: Prefix 3/8 (end=40, n_frames=8/41): reward=-22.2500 (mean, 1 tok)
2026-04-30 18:05:38,570 mme_vla_suite.pseudo_labeling.topreward_qwen_scorer INFO: Prefix 4/8 (end=54, n_frames=11/55): reward=-20.8750 (mean, 1 tok)
2026-04-30 18:05:45,418 mme_vla_suite.pseudo_labeling.topreward_qwen_scorer INFO: Prefix 5/8 (end=69, n_frames=14/70): reward=-22.2500 (mean, 1 tok)
2026-04-30 18:05:52,322 mme_vla_suite.pseudo_labeling.topreward_qwen_scorer INFO: Prefix 6/8 (end=83, n_frames=17/84): reward=-20.5000 (mean, 1 tok)
2026-04-30 18:05:59,370 mme_vla_suite.pseudo_labeling.topreward_qwen_scorer INFO: Prefix 7/8 (end=98, n_frames=20/99): reward=-21.2500 (mean, 1 tok)
2026-04-30 18:06:06,310 mme_vla_suite.pseudo_labeling.topreward_qwen_scorer INFO: Prefix 8/8 (end=113, n_frames=23/114): reward=-18.7500 (mean, 1 tok)
2026-04-30 18:06:14,190 mme_vla_suite.pseudo_labeling.topreward_qwen_scorer INFO: Prefix 1/8 (end=12, n_frames=4/13): reward=-23.0000 (mean, 1 tok)
2026-04-30 18:06:21,003 mme_vla_suite.pseudo_labeling.topreward_qwen_scorer INFO: Prefix 2/8 (end=27, n_frames=6/28): reward=-22.1250 (mean, 1 tok)
2026-04-30 18:06:27,822 mme_vla_suite.pseudo_labeling.topreward_qwen_scorer INFO: Prefix 3/8 (end=42, n_frames=9/43): reward=-22.0000 (mean, 1 tok)
2026-04-30 18:06:34,649 mme_vla_suite.pseudo_labeling.topreward_qwen_scorer INFO: Prefix 4/8 (end=57, n_frames=12/58): reward=-21.0000 (mean, 1 tok)
2026-04-30 18:06:41,552 mme_vla_suite.pseudo_labeling.topreward_qwen_scorer INFO: Prefix 5/8 (end=73, n_frames=15/74): reward=-22.3750 (mean, 1 tok)
2026-04-30 18:06:48,466 mme_vla_suite.pseudo_labeling.topreward_qwen_scorer INFO: Prefix 6/8 (end=88, n_frames=18/89): reward=-20.3750 (mean, 1 tok)
2026-04-30 18:06:55,421 mme_vla_suite.pseudo_labeling.topreward_qwen_scorer INFO: Prefix 7/8 (end=103, n_frames=21/104): reward=-21.7500 (mean, 1 tok)
2026-04-30 18:07:02,370 mme_vla_suite.pseudo_labeling.topreward_qwen_scorer INFO: Prefix 8/8 (end=119, n_frames=24/120): reward=-18.8750 (mean, 1 tok)
2026-04-30 18:07:10,437 mme_vla_suite.pseudo_labeling.topreward_qwen_scorer INFO: Prefix 1/8 (end=11, n_frames=4/12): reward=-22.8750 (mean, 1 tok)
2026-04-30 18:07:17,246 mme_vla_suite.pseudo_labeling.topreward_qwen_scorer INFO: Prefix 2/8 (end=25, n_frames=5/26): reward=-23.0000 (mean, 1 tok)
2026-04-30 18:07:24,045 mme_vla_suite.pseudo_labeling.topreward_qwen_scorer INFO: Prefix 3/8 (end=39, n_frames=8/40): reward=-20.3750 (mean, 1 tok)
2026-04-30 18:07:30,887 mme_vla_suite.pseudo_labeling.topreward_qwen_scorer INFO: Prefix 4/8 (end=53, n_frames=11/54): reward=-19.3750 (mean, 1 tok)
2026-04-30 18:07:37,736 mme_vla_suite.pseudo_labeling.topreward_qwen_scorer INFO: Prefix 5/8 (end=67, n_frames=14/68): reward=-22.1250 (mean, 1 tok)
2026-04-30 18:07:44,623 mme_vla_suite.pseudo_labeling.topreward_qwen_scorer INFO: Prefix 6/8 (end=81, n_frames=16/82): reward=-23.5000 (mean, 1 tok)
2026-04-30 18:07:51,646 mme_vla_suite.pseudo_labeling.topreward_qwen_scorer INFO: Prefix 7/8 (end=95, n_frames=19/96): reward=-19.8750 (mean, 1 tok)
2026-04-30 18:07:58,547 mme_vla_suite.pseudo_labeling.topreward_qwen_scorer INFO: Prefix 8/8 (end=109, n_frames=22/110): reward=-18.6250 (mean, 1 tok)
2026-04-30 18:08:06,267 mme_vla_suite.pseudo_labeling.topreward_qwen_scorer INFO: Prefix 1/8 (end=8, n_frames=4/9): reward=-23.3750 (mean, 1 tok)
2026-04-30 18:08:13,024 mme_vla_suite.pseudo_labeling.topreward_qwen_scorer INFO: Prefix 2/8 (end=19, n_frames=4/20): reward=-22.7500 (mean, 1 tok)
2026-04-30 18:08:19,808 mme_vla_suite.pseudo_labeling.topreward_qwen_scorer INFO: Prefix 3/8 (end=30, n_frames=6/31): reward=-22.2500 (mean, 1 tok)
2026-04-30 18:08:26,614 mme_vla_suite.pseudo_labeling.topreward_qwen_scorer INFO: Prefix 4/8 (end=42, n_frames=9/43): reward=-21.5000 (mean, 1 tok)
2026-04-30 18:08:33,421 mme_vla_suite.pseudo_labeling.topreward_qwen_scorer INFO: Prefix 5/8 (end=53, n_frames=11/54): reward=-21.3750 (mean, 1 tok)
2026-04-30 18:08:40,232 mme_vla_suite.pseudo_labeling.topreward_qwen_scorer INFO: Prefix 6/8 (end=65, n_frames=13/66): reward=-22.3750 (mean, 1 tok)
2026-04-30 18:08:47,078 mme_vla_suite.pseudo_labeling.topreward_qwen_scorer INFO: Prefix 7/8 (end=76, n_frames=15/77): reward=-21.5000 (mean, 1 tok)
2026-04-30 18:08:53,959 mme_vla_suite.pseudo_labeling.topreward_qwen_scorer INFO: Prefix 8/8 (end=88, n_frames=18/89): reward=-18.6250 (mean, 1 tok)
2026-04-30 18:09:01,740 mme_vla_suite.pseudo_labeling.topreward_qwen_scorer INFO: Prefix 1/8 (end=9, n_frames=4/10): reward=-23.2500 (mean, 1 tok)
2026-04-30 18:09:08,508 mme_vla_suite.pseudo_labeling.topreward_qwen_scorer INFO: Prefix 2/8 (end=21, n_frames=4/22): reward=-23.3750 (mean, 1 tok)
2026-04-30 18:09:15,303 mme_vla_suite.pseudo_labeling.topreward_qwen_scorer INFO: Prefix 3/8 (end=33, n_frames=7/34): reward=-22.2500 (mean, 1 tok)
2026-04-30 18:09:22,114 mme_vla_suite.pseudo_labeling.topreward_qwen_scorer INFO: Prefix 4/8 (end=45, n_frames=9/46): reward=-21.3750 (mean, 1 tok)
2026-04-30 18:09:28,911 mme_vla_suite.pseudo_labeling.topreward_qwen_scorer INFO: Prefix 5/8 (end=58, n_frames=12/59): reward=-21.1250 (mean, 1 tok)
2026-04-30 18:09:35,720 mme_vla_suite.pseudo_labeling.topreward_qwen_scorer INFO: Prefix 6/8 (end=70, n_frames=14/71): reward=-22.2500 (mean, 1 tok)
2026-04-30 18:09:42,530 mme_vla_suite.pseudo_labeling.topreward_qwen_scorer INFO: Prefix 7/8 (end=82, n_frames=17/83): reward=-20.8750 (mean, 1 tok)
2026-04-30 18:09:49,400 mme_vla_suite.pseudo_labeling.topreward_qwen_scorer INFO: Prefix 8/8 (end=95, n_frames=19/96): reward=-18.7500 (mean, 1 tok)
2026-04-30 18:09:57,223 mme_vla_suite.pseudo_labeling.topreward_qwen_scorer INFO: Prefix 1/8 (end=11, n_frames=4/12): reward=-20.2500 (mean, 1 tok)
2026-04-30 18:10:03,984 mme_vla_suite.pseudo_labeling.topreward_qwen_scorer INFO: Prefix 2/8 (end=25, n_frames=5/26): reward=-20.2500 (mean, 1 tok)
2026-04-30 18:10:10,772 mme_vla_suite.pseudo_labeling.topreward_qwen_scorer INFO: Prefix 3/8 (end=39, n_frames=8/40): reward=-20.0000 (mean, 1 tok)
2026-04-30 18:10:17,565 mme_vla_suite.pseudo_labeling.topreward_qwen_scorer INFO: Prefix 4/8 (end=53, n_frames=11/54): reward=-19.2500 (mean, 1 tok)
2026-04-30 18:10:24,357 mme_vla_suite.pseudo_labeling.topreward_qwen_scorer INFO: Prefix 5/8 (end=68, n_frames=14/69): reward=-19.1250 (mean, 1 tok)
2026-04-30 18:10:31,191 mme_vla_suite.pseudo_labeling.topreward_qwen_scorer INFO: Prefix 6/8 (end=82, n_frames=17/83): reward=-20.5000 (mean, 1 tok)
2026-04-30 18:10:38,055 mme_vla_suite.pseudo_labeling.topreward_qwen_scorer INFO: Prefix 7/8 (end=96, n_frames=19/97): reward=-17.8750 (mean, 1 tok)
2026-04-30 18:10:44,963 mme_vla_suite.pseudo_labeling.topreward_qwen_scorer INFO: Prefix 8/8 (end=111, n_frames=22/112): reward=-17.8750 (mean, 1 tok)
2026-04-30 18:10:52,854 mme_vla_suite.pseudo_labeling.topreward_qwen_scorer INFO: Prefix 1/8 (end=10, n_frames=4/11): reward=-22.1250 (mean, 1 tok)
2026-04-30 18:10:59,642 mme_vla_suite.pseudo_labeling.topreward_qwen_scorer INFO: Prefix 2/8 (end=22, n_frames=5/23): reward=-21.2500 (mean, 1 tok)
2026-04-30 18:11:06,405 mme_vla_suite.pseudo_labeling.topreward_qwen_scorer INFO: Prefix 3/8 (end=35, n_frames=7/36): reward=-20.1250 (mean, 1 tok)
2026-04-30 18:11:13,200 mme_vla_suite.pseudo_labeling.topreward_qwen_scorer INFO: Prefix 4/8 (end=48, n_frames=10/49): reward=-19.6250 (mean, 1 tok)
2026-04-30 18:11:20,001 mme_vla_suite.pseudo_labeling.topreward_qwen_scorer INFO: Prefix 5/8 (end=61, n_frames=12/62): reward=-20.0000 (mean, 1 tok)
2026-04-30 18:11:26,790 mme_vla_suite.pseudo_labeling.topreward_qwen_scorer INFO: Prefix 6/8 (end=74, n_frames=15/75): reward=-20.3750 (mean, 1 tok)
2026-04-30 18:11:33,590 mme_vla_suite.pseudo_labeling.topreward_qwen_scorer INFO: Prefix 7/8 (end=87, n_frames=18/88): reward=-17.2500 (mean, 1 tok)
2026-04-30 18:11:40,421 mme_vla_suite.pseudo_labeling.topreward_qwen_scorer INFO: Prefix 8/8 (end=100, n_frames=20/101): reward=-17.2500 (mean, 1 tok)
2026-04-30 18:11:48,535 mme_vla_suite.pseudo_labeling.topreward_qwen_scorer INFO: Prefix 1/8 (end=4, n_frames=4/5): reward=-21.8750 (mean, 1 tok)
2026-04-30 18:11:55,304 mme_vla_suite.pseudo_labeling.topreward_qwen_scorer INFO: Prefix 2/8 (end=10, n_frames=4/11): reward=-21.5000 (mean, 1 tok)
2026-04-30 18:12:02,067 mme_vla_suite.pseudo_labeling.topreward_qwen_scorer INFO: Prefix 3/8 (end=16, n_frames=4/17): reward=-20.7500 (mean, 1 tok)
2026-04-30 18:12:08,843 mme_vla_suite.pseudo_labeling.topreward_qwen_scorer INFO: Prefix 4/8 (end=22, n_frames=5/23): reward=-20.8750 (mean, 1 tok)
2026-04-30 18:12:15,618 mme_vla_suite.pseudo_labeling.topreward_qwen_scorer INFO: Prefix 5/8 (end=29, n_frames=6/30): reward=-20.2500 (mean, 1 tok)
2026-04-30 18:12:22,404 mme_vla_suite.pseudo_labeling.topreward_qwen_scorer INFO: Prefix 6/8 (end=35, n_frames=7/36): reward=-21.1250 (mean, 1 tok)
2026-04-30 18:12:29,175 mme_vla_suite.pseudo_labeling.topreward_qwen_scorer INFO: Prefix 7/8 (end=41, n_frames=8/42): reward=-21.1250 (mean, 1 tok)
2026-04-30 18:12:35,990 mme_vla_suite.pseudo_labeling.topreward_qwen_scorer INFO: Prefix 8/8 (end=48, n_frames=10/49): reward=-20.6250 (mean, 1 tok)
2026-04-30 18:12:43,658 mme_vla_suite.pseudo_labeling.topreward_qwen_scorer INFO: Prefix 1/8 (end=8, n_frames=4/9): reward=-24.1250 (mean, 1 tok)
2026-04-30 18:12:50,407 mme_vla_suite.pseudo_labeling.topreward_qwen_scorer INFO: Prefix 2/8 (end=18, n_frames=4/19): reward=-24.6250 (mean, 1 tok)
2026-04-30 18:12:57,183 mme_vla_suite.pseudo_labeling.topreward_qwen_scorer INFO: Prefix 3/8 (end=28, n_frames=6/29): reward=-21.8750 (mean, 1 tok)
2026-04-30 18:13:03,953 mme_vla_suite.pseudo_labeling.topreward_qwen_scorer INFO: Prefix 4/8 (end=39, n_frames=8/40): reward=-21.2500 (mean, 1 tok)
2026-04-30 18:13:10,736 mme_vla_suite.pseudo_labeling.topreward_qwen_scorer INFO: Prefix 5/8 (end=49, n_frames=10/50): reward=-20.8750 (mean, 1 tok)
2026-04-30 18:13:17,512 mme_vla_suite.pseudo_labeling.topreward_qwen_scorer INFO: Prefix 6/8 (end=60, n_frames=12/61): reward=-19.8750 (mean, 1 tok)
2026-04-30 18:13:24,294 mme_vla_suite.pseudo_labeling.topreward_qwen_scorer INFO: Prefix 7/8 (end=70, n_frames=14/71): reward=-21.2500 (mean, 1 tok)
2026-04-30 18:13:31,142 mme_vla_suite.pseudo_labeling.topreward_qwen_scorer INFO: Prefix 8/8 (end=81, n_frames=16/82): reward=-19.2500 (mean, 1 tok)
2026-04-30 18:13:38,903 mme_vla_suite.pseudo_labeling.topreward_qwen_scorer INFO: Prefix 1/8 (end=9, n_frames=4/10): reward=-24.1250 (mean, 1 tok)
2026-04-30 18:13:45,685 mme_vla_suite.pseudo_labeling.topreward_qwen_scorer INFO: Prefix 2/8 (end=20, n_frames=4/21): reward=-24.1250 (mean, 1 tok)
2026-04-30 18:13:52,465 mme_vla_suite.pseudo_labeling.topreward_qwen_scorer INFO: Prefix 3/8 (end=32, n_frames=7/33): reward=-22.0000 (mean, 1 tok)
2026-04-30 18:13:59,229 mme_vla_suite.pseudo_labeling.topreward_qwen_scorer INFO: Prefix 4/8 (end=43, n_frames=9/44): reward=-20.2500 (mean, 1 tok)
2026-04-30 18:14:06,026 mme_vla_suite.pseudo_labeling.topreward_qwen_scorer INFO: Prefix 5/8 (end=55, n_frames=11/56): reward=-20.3750 (mean, 1 tok)
2026-04-30 18:14:12,808 mme_vla_suite.pseudo_labeling.topreward_qwen_scorer INFO: Prefix 6/8 (end=66, n_frames=13/67): reward=-20.3750 (mean, 1 tok)
2026-04-30 18:14:19,709 mme_vla_suite.pseudo_labeling.topreward_qwen_scorer INFO: Prefix 7/8 (end=78, n_frames=16/79): reward=-18.0000 (mean, 1 tok)
2026-04-30 18:14:26,747 mme_vla_suite.pseudo_labeling.topreward_qwen_scorer INFO: Prefix 8/8 (end=90, n_frames=18/91): reward=-18.1250 (mean, 1 tok)
2026-04-30 18:14:35,060 mme_vla_suite.pseudo_labeling.topreward_qwen_scorer INFO: Prefix 1/8 (end=12, n_frames=4/13): reward=-22.2500 (mean, 1 tok)
2026-04-30 18:14:41,857 mme_vla_suite.pseudo_labeling.topreward_qwen_scorer INFO: Prefix 2/8 (end=27, n_frames=6/28): reward=-22.3750 (mean, 1 tok)
2026-04-30 18:14:48,691 mme_vla_suite.pseudo_labeling.topreward_qwen_scorer INFO: Prefix 3/8 (end=42, n_frames=9/43): reward=-20.5000 (mean, 1 tok)
2026-04-30 18:14:55,530 mme_vla_suite.pseudo_labeling.topreward_qwen_scorer INFO: Prefix 4/8 (end=58, n_frames=12/59): reward=-19.7500 (mean, 1 tok)
2026-04-30 18:15:02,386 mme_vla_suite.pseudo_labeling.topreward_qwen_scorer INFO: Prefix 5/8 (end=73, n_frames=15/74): reward=-18.0000 (mean, 1 tok)
2026-04-30 18:15:09,244 mme_vla_suite.pseudo_labeling.topreward_qwen_scorer INFO: Prefix 6/8 (end=89, n_frames=18/90): reward=-20.1250 (mean, 1 tok)
2026-04-30 18:15:16,138 mme_vla_suite.pseudo_labeling.topreward_qwen_scorer INFO: Prefix 7/8 (end=104, n_frames=21/105): reward=-17.6250 (mean, 1 tok)
2026-04-30 18:15:23,051 mme_vla_suite.pseudo_labeling.topreward_qwen_scorer INFO: Prefix 8/8 (end=120, n_frames=24/121): reward=-19.8750 (mean, 1 tok)
2026-04-30 18:15:31,013 mme_vla_suite.pseudo_labeling.topreward_qwen_scorer INFO: Prefix 1/8 (end=10, n_frames=4/11): reward=-23.1250 (mean, 1 tok)
2026-04-30 18:15:37,787 mme_vla_suite.pseudo_labeling.topreward_qwen_scorer INFO: Prefix 2/8 (end=23, n_frames=5/24): reward=-23.1250 (mean, 1 tok)
2026-04-30 18:15:44,573 mme_vla_suite.pseudo_labeling.topreward_qwen_scorer INFO: Prefix 3/8 (end=37, n_frames=8/38): reward=-22.5000 (mean, 1 tok)
2026-04-30 18:15:51,372 mme_vla_suite.pseudo_labeling.topreward_qwen_scorer INFO: Prefix 4/8 (end=51, n_frames=10/52): reward=-21.7500 (mean, 1 tok)
2026-04-30 18:15:58,196 mme_vla_suite.pseudo_labeling.topreward_qwen_scorer INFO: Prefix 5/8 (end=64, n_frames=13/65): reward=-21.7500 (mean, 1 tok)
2026-04-30 18:16:05,044 mme_vla_suite.pseudo_labeling.topreward_qwen_scorer INFO: Prefix 6/8 (end=78, n_frames=16/79): reward=-22.0000 (mean, 1 tok)
2026-04-30 18:16:11,936 mme_vla_suite.pseudo_labeling.topreward_qwen_scorer INFO: Prefix 7/8 (end=92, n_frames=19/93): reward=-22.0000 (mean, 1 tok)
2026-04-30 18:16:18,827 mme_vla_suite.pseudo_labeling.topreward_qwen_scorer INFO: Prefix 8/8 (end=106, n_frames=21/107): reward=-18.3750 (mean, 1 tok)
2026-04-30 18:16:26,257 mme_vla_suite.pseudo_labeling.topreward_qwen_scorer INFO: Prefix 1/8 (end=11, n_frames=4/12): reward=-23.1250 (mean, 1 tok)
2026-04-30 18:16:33,019 mme_vla_suite.pseudo_labeling.topreward_qwen_scorer INFO: Prefix 2/8 (end=25, n_frames=5/26): reward=-22.2500 (mean, 1 tok)
2026-04-30 18:16:39,789 mme_vla_suite.pseudo_labeling.topreward_qwen_scorer INFO: Prefix 3/8 (end=39, n_frames=8/40): reward=-22.2500 (mean, 1 tok)
2026-04-30 18:16:46,589 mme_vla_suite.pseudo_labeling.topreward_qwen_scorer INFO: Prefix 4/8 (end=54, n_frames=11/55): reward=-21.3750 (mean, 1 tok)
2026-04-30 18:16:53,391 mme_vla_suite.pseudo_labeling.topreward_qwen_scorer INFO: Prefix 5/8 (end=68, n_frames=14/69): reward=-22.2500 (mean, 1 tok)
2026-04-30 18:17:00,242 mme_vla_suite.pseudo_labeling.topreward_qwen_scorer INFO: Prefix 6/8 (end=83, n_frames=17/84): reward=-22.1250 (mean, 1 tok)
2026-04-30 18:17:07,100 mme_vla_suite.pseudo_labeling.topreward_qwen_scorer INFO: Prefix 7/8 (end=97, n_frames=20/98): reward=-21.1250 (mean, 1 tok)
2026-04-30 18:17:14,021 mme_vla_suite.pseudo_labeling.topreward_qwen_scorer INFO: Prefix 8/8 (end=112, n_frames=23/113): reward=-19.2500 (mean, 1 tok)
2026-04-30 18:17:21,908 mme_vla_suite.pseudo_labeling.topreward_qwen_scorer INFO: Prefix 1/8 (end=11, n_frames=4/12): reward=-21.5000 (mean, 1 tok)
2026-04-30 18:17:28,674 mme_vla_suite.pseudo_labeling.topreward_qwen_scorer INFO: Prefix 2/8 (end=26, n_frames=5/27): reward=-21.7500 (mean, 1 tok)
2026-04-30 18:17:35,450 mme_vla_suite.pseudo_labeling.topreward_qwen_scorer INFO: Prefix 3/8 (end=41, n_frames=8/42): reward=-19.6250 (mean, 1 tok)
2026-04-30 18:17:42,237 mme_vla_suite.pseudo_labeling.topreward_qwen_scorer INFO: Prefix 4/8 (end=56, n_frames=11/57): reward=-19.2500 (mean, 1 tok)
2026-04-30 18:17:49,088 mme_vla_suite.pseudo_labeling.topreward_qwen_scorer INFO: Prefix 5/8 (end=72, n_frames=15/73): reward=-18.2500 (mean, 1 tok)
2026-04-30 18:17:55,996 mme_vla_suite.pseudo_labeling.topreward_qwen_scorer INFO: Prefix 6/8 (end=87, n_frames=18/88): reward=-20.8750 (mean, 1 tok)
2026-04-30 18:18:02,953 mme_vla_suite.pseudo_labeling.topreward_qwen_scorer INFO: Prefix 7/8 (end=102, n_frames=21/103): reward=-18.1250 (mean, 1 tok)
2026-04-30 18:18:09,890 mme_vla_suite.pseudo_labeling.topreward_qwen_scorer INFO: Prefix 8/8 (end=118, n_frames=24/119): reward=-19.0000 (mean, 1 tok)
2026-04-30 18:18:17,877 mme_vla_suite.pseudo_labeling.topreward_qwen_scorer INFO: Prefix 1/8 (end=10, n_frames=4/11): reward=-22.1250 (mean, 1 tok)
2026-04-30 18:18:24,697 mme_vla_suite.pseudo_labeling.topreward_qwen_scorer INFO: Prefix 2/8 (end=23, n_frames=5/24): reward=-22.0000 (mean, 1 tok)
2026-04-30 18:18:31,522 mme_vla_suite.pseudo_labeling.topreward_qwen_scorer INFO: Prefix 3/8 (end=36, n_frames=7/37): reward=-21.5000 (mean, 1 tok)
2026-04-30 18:18:38,351 mme_vla_suite.pseudo_labeling.topreward_qwen_scorer INFO: Prefix 4/8 (end=49, n_frames=10/50): reward=-21.3750 (mean, 1 tok)
2026-04-30 18:18:45,178 mme_vla_suite.pseudo_labeling.topreward_qwen_scorer INFO: Prefix 5/8 (end=62, n_frames=13/63): reward=-21.3750 (mean, 1 tok)
2026-04-30 18:18:52,004 mme_vla_suite.pseudo_labeling.topreward_qwen_scorer INFO: Prefix 6/8 (end=75, n_frames=15/76): reward=-20.3750 (mean, 1 tok)
2026-04-30 18:18:58,862 mme_vla_suite.pseudo_labeling.topreward_qwen_scorer INFO: Prefix 7/8 (end=88, n_frames=18/89): reward=-19.2500 (mean, 1 tok)
2026-04-30 18:19:05,765 mme_vla_suite.pseudo_labeling.topreward_qwen_scorer INFO: Prefix 8/8 (end=101, n_frames=20/102): reward=-18.2500 (mean, 1 tok)
2026-04-30 18:19:13,327 mme_vla_suite.pseudo_labeling.topreward_qwen_scorer INFO: Prefix 1/8 (end=11, n_frames=4/12): reward=-22.0000 (mean, 1 tok)
2026-04-30 18:19:20,119 mme_vla_suite.pseudo_labeling.topreward_qwen_scorer INFO: Prefix 2/8 (end=25, n_frames=5/26): reward=-21.8750 (mean, 1 tok)
2026-04-30 18:19:26,954 mme_vla_suite.pseudo_labeling.topreward_qwen_scorer INFO: Prefix 3/8 (end=39, n_frames=8/40): reward=-22.2500 (mean, 1 tok)
2026-04-30 18:19:33,807 mme_vla_suite.pseudo_labeling.topreward_qwen_scorer INFO: Prefix 4/8 (end=53, n_frames=11/54): reward=-21.5000 (mean, 1 tok)
2026-04-30 18:19:40,656 mme_vla_suite.pseudo_labeling.topreward_qwen_scorer INFO: Prefix 5/8 (end=67, n_frames=14/68): reward=-22.0000 (mean, 1 tok)
2026-04-30 18:19:47,496 mme_vla_suite.pseudo_labeling.topreward_qwen_scorer INFO: Prefix 6/8 (end=81, n_frames=16/82): reward=-20.0000 (mean, 1 tok)
2026-04-30 18:19:54,364 mme_vla_suite.pseudo_labeling.topreward_qwen_scorer INFO: Prefix 7/8 (end=95, n_frames=19/96): reward=-19.2500 (mean, 1 tok)
2026-04-30 18:20:01,278 mme_vla_suite.pseudo_labeling.topreward_qwen_scorer INFO: Prefix 8/8 (end=110, n_frames=22/111): reward=-18.7500 (mean, 1 tok)
2026-04-30 18:20:09,071 mme_vla_suite.pseudo_labeling.topreward_qwen_scorer INFO: Prefix 1/8 (end=11, n_frames=4/12): reward=-21.6250 (mean, 1 tok)
2026-04-30 18:20:15,868 mme_vla_suite.pseudo_labeling.topreward_qwen_scorer INFO: Prefix 2/8 (end=25, n_frames=5/26): reward=-21.7500 (mean, 1 tok)
2026-04-30 18:20:22,670 mme_vla_suite.pseudo_labeling.topreward_qwen_scorer INFO: Prefix 3/8 (end=39, n_frames=8/40): reward=-20.8750 (mean, 1 tok)
2026-04-30 18:20:29,496 mme_vla_suite.pseudo_labeling.topreward_qwen_scorer INFO: Prefix 4/8 (end=53, n_frames=11/54): reward=-20.0000 (mean, 1 tok)
2026-04-30 18:20:36,336 mme_vla_suite.pseudo_labeling.topreward_qwen_scorer INFO: Prefix 5/8 (end=68, n_frames=14/69): reward=-22.0000 (mean, 1 tok)
2026-04-30 18:20:43,182 mme_vla_suite.pseudo_labeling.topreward_qwen_scorer INFO: Prefix 6/8 (end=82, n_frames=17/83): reward=-22.1250 (mean, 1 tok)
2026-04-30 18:20:50,042 mme_vla_suite.pseudo_labeling.topreward_qwen_scorer INFO: Prefix 7/8 (end=96, n_frames=19/97): reward=-18.6250 (mean, 1 tok)
2026-04-30 18:20:56,971 mme_vla_suite.pseudo_labeling.topreward_qwen_scorer INFO: Prefix 8/8 (end=111, n_frames=22/112): reward=-18.7500 (mean, 1 tok)
2026-04-30 18:21:05,141 mme_vla_suite.pseudo_labeling.topreward_qwen_scorer INFO: Prefix 1/8 (end=9, n_frames=4/10): reward=-23.1250 (mean, 1 tok)
2026-04-30 18:21:11,954 mme_vla_suite.pseudo_labeling.topreward_qwen_scorer INFO: Prefix 2/8 (end=20, n_frames=4/21): reward=-23.1250 (mean, 1 tok)
2026-04-30 18:21:18,782 mme_vla_suite.pseudo_labeling.topreward_qwen_scorer INFO: Prefix 3/8 (end=32, n_frames=7/33): reward=-22.8750 (mean, 1 tok)
2026-04-30 18:21:25,612 mme_vla_suite.pseudo_labeling.topreward_qwen_scorer INFO: Prefix 4/8 (end=44, n_frames=9/45): reward=-22.2500 (mean, 1 tok)
2026-04-30 18:21:32,431 mme_vla_suite.pseudo_labeling.topreward_qwen_scorer INFO: Prefix 5/8 (end=55, n_frames=11/56): reward=-22.0000 (mean, 1 tok)
2026-04-30 18:21:39,254 mme_vla_suite.pseudo_labeling.topreward_qwen_scorer INFO: Prefix 6/8 (end=67, n_frames=14/68): reward=-21.5000 (mean, 1 tok)
2026-04-30 18:21:46,107 mme_vla_suite.pseudo_labeling.topreward_qwen_scorer INFO: Prefix 7/8 (end=79, n_frames=16/80): reward=-23.0000 (mean, 1 tok)
2026-04-30 18:21:52,963 mme_vla_suite.pseudo_labeling.topreward_qwen_scorer INFO: Prefix 8/8 (end=91, n_frames=18/92): reward=-16.6250 (mean, 1 tok)
2026-04-30 18:22:00,736 mme_vla_suite.pseudo_labeling.topreward_qwen_scorer INFO: Prefix 1/8 (end=9, n_frames=4/10): reward=-23.1250 (mean, 1 tok)
2026-04-30 18:22:07,506 mme_vla_suite.pseudo_labeling.topreward_qwen_scorer INFO: Prefix 2/8 (end=21, n_frames=4/22): reward=-23.2500 (mean, 1 tok)
2026-04-30 18:22:14,308 mme_vla_suite.pseudo_labeling.topreward_qwen_scorer INFO: Prefix 3/8 (end=34, n_frames=7/35): reward=-22.7500 (mean, 1 tok)
2026-04-30 18:22:21,094 mme_vla_suite.pseudo_labeling.topreward_qwen_scorer INFO: Prefix 4/8 (end=47, n_frames=10/48): reward=-22.1250 (mean, 1 tok)
2026-04-30 18:22:27,889 mme_vla_suite.pseudo_labeling.topreward_qwen_scorer INFO: Prefix 5/8 (end=59, n_frames=12/60): reward=-21.2500 (mean, 1 tok)
2026-04-30 18:22:34,725 mme_vla_suite.pseudo_labeling.topreward_qwen_scorer INFO: Prefix 6/8 (end=72, n_frames=15/73): reward=-22.2500 (mean, 1 tok)
2026-04-30 18:22:41,592 mme_vla_suite.pseudo_labeling.topreward_qwen_scorer INFO: Prefix 7/8 (end=85, n_frames=17/86): reward=-18.7500 (mean, 1 tok)
2026-04-30 18:22:48,470 mme_vla_suite.pseudo_labeling.topreward_qwen_scorer INFO: Prefix 8/8 (end=98, n_frames=20/99): reward=-17.2500 (mean, 1 tok)
2026-04-30 18:22:56,433 mme_vla_suite.pseudo_labeling.topreward_qwen_scorer INFO: Prefix 1/8 (end=11, n_frames=4/12): reward=-22.3750 (mean, 1 tok)
2026-04-30 18:23:03,375 mme_vla_suite.pseudo_labeling.topreward_qwen_scorer INFO: Prefix 2/8 (end=25, n_frames=5/26): reward=-22.3750 (mean, 1 tok)
2026-04-30 18:23:10,168 mme_vla_suite.pseudo_labeling.topreward_qwen_scorer INFO: Prefix 3/8 (end=40, n_frames=8/41): reward=-21.5000 (mean, 1 tok)
2026-04-30 18:23:16,959 mme_vla_suite.pseudo_labeling.topreward_qwen_scorer INFO: Prefix 4/8 (end=55, n_frames=11/56): reward=-20.8750 (mean, 1 tok)
2026-04-30 18:23:23,750 mme_vla_suite.pseudo_labeling.topreward_qwen_scorer INFO: Prefix 5/8 (end=69, n_frames=14/70): reward=-19.0000 (mean, 1 tok)
2026-04-30 18:23:30,744 mme_vla_suite.pseudo_labeling.topreward_qwen_scorer INFO: Prefix 6/8 (end=84, n_frames=17/85): reward=-20.6250 (mean, 1 tok)
2026-04-30 18:23:37,733 mme_vla_suite.pseudo_labeling.topreward_qwen_scorer INFO: Prefix 7/8 (end=99, n_frames=20/100): reward=-19.8750 (mean, 1 tok)
2026-04-30 18:23:44,792 mme_vla_suite.pseudo_labeling.topreward_qwen_scorer INFO: Prefix 8/8 (end=114, n_frames=23/115): reward=-18.8750 (mean, 1 tok)
2026-04-30 18:23:52,543 mme_vla_suite.pseudo_labeling.topreward_qwen_scorer INFO: Prefix 1/8 (end=10, n_frames=4/11): reward=-23.3750 (mean, 1 tok)
2026-04-30 18:23:59,308 mme_vla_suite.pseudo_labeling.topreward_qwen_scorer INFO: Prefix 2/8 (end=23, n_frames=5/24): reward=-23.2500 (mean, 1 tok)
2026-04-30 18:24:06,085 mme_vla_suite.pseudo_labeling.topreward_qwen_scorer INFO: Prefix 3/8 (end=36, n_frames=7/37): reward=-23.1250 (mean, 1 tok)
2026-04-30 18:24:12,857 mme_vla_suite.pseudo_labeling.topreward_qwen_scorer INFO: Prefix 4/8 (end=49, n_frames=10/50): reward=-22.2500 (mean, 1 tok)
2026-04-30 18:24:19,657 mme_vla_suite.pseudo_labeling.topreward_qwen_scorer INFO: Prefix 5/8 (end=62, n_frames=13/63): reward=-22.0000 (mean, 1 tok)
2026-04-30 18:24:26,504 mme_vla_suite.pseudo_labeling.topreward_qwen_scorer INFO: Prefix 6/8 (end=75, n_frames=15/76): reward=-22.0000 (mean, 1 tok)
2026-04-30 18:24:33,361 mme_vla_suite.pseudo_labeling.topreward_qwen_scorer INFO: Prefix 7/8 (end=88, n_frames=18/89): reward=-17.8750 (mean, 1 tok)
2026-04-30 18:24:40,245 mme_vla_suite.pseudo_labeling.topreward_qwen_scorer INFO: Prefix 8/8 (end=101, n_frames=20/102): reward=-19.1250 (mean, 1 tok)
2026-04-30 18:24:48,083 mme_vla_suite.pseudo_labeling.topreward_qwen_scorer INFO: Prefix 1/8 (end=4, n_frames=4/5): reward=-20.3750 (mean, 1 tok)
2026-04-30 18:24:54,875 mme_vla_suite.pseudo_labeling.topreward_qwen_scorer INFO: Prefix 2/8 (end=10, n_frames=4/11): reward=-20.6250 (mean, 1 tok)
2026-04-30 18:25:01,644 mme_vla_suite.pseudo_labeling.topreward_qwen_scorer INFO: Prefix 3/8 (end=16, n_frames=4/17): reward=-20.7500 (mean, 1 tok)
2026-04-30 18:25:08,421 mme_vla_suite.pseudo_labeling.topreward_qwen_scorer INFO: Prefix 4/8 (end=22, n_frames=5/23): reward=-21.1250 (mean, 1 tok)
2026-04-30 18:25:15,207 mme_vla_suite.pseudo_labeling.topreward_qwen_scorer INFO: Prefix 5/8 (end=28, n_frames=6/29): reward=-20.8750 (mean, 1 tok)
2026-04-30 18:25:21,990 mme_vla_suite.pseudo_labeling.topreward_qwen_scorer INFO: Prefix 6/8 (end=34, n_frames=7/35): reward=-21.1250 (mean, 1 tok)
2026-04-30 18:25:28,769 mme_vla_suite.pseudo_labeling.topreward_qwen_scorer INFO: Prefix 7/8 (end=40, n_frames=8/41): reward=-21.8750 (mean, 1 tok)
2026-04-30 18:25:35,544 mme_vla_suite.pseudo_labeling.topreward_qwen_scorer INFO: Prefix 8/8 (end=47, n_frames=10/48): reward=-20.6250 (mean, 1 tok)
2026-04-30 18:25:43,479 mme_vla_suite.pseudo_labeling.topreward_qwen_scorer INFO: Prefix 1/8 (end=9, n_frames=4/10): reward=-24.2500 (mean, 1 tok)
2026-04-30 18:25:50,242 mme_vla_suite.pseudo_labeling.topreward_qwen_scorer INFO: Prefix 2/8 (end=21, n_frames=4/22): reward=-23.5000 (mean, 1 tok)
2026-04-30 18:25:57,025 mme_vla_suite.pseudo_labeling.topreward_qwen_scorer INFO: Prefix 3/8 (end=33, n_frames=7/34): reward=-23.6250 (mean, 1 tok)
2026-04-30 18:26:03,812 mme_vla_suite.pseudo_labeling.topreward_qwen_scorer INFO: Prefix 4/8 (end=45, n_frames=9/46): reward=-22.1250 (mean, 1 tok)
2026-04-30 18:26:10,630 mme_vla_suite.pseudo_labeling.topreward_qwen_scorer INFO: Prefix 5/8 (end=57, n_frames=12/58): reward=-22.1250 (mean, 1 tok)
2026-04-30 18:26:17,436 mme_vla_suite.pseudo_labeling.topreward_qwen_scorer INFO: Prefix 6/8 (end=69, n_frames=14/70): reward=-23.6250 (mean, 1 tok)
2026-04-30 18:26:24,245 mme_vla_suite.pseudo_labeling.topreward_qwen_scorer INFO: Prefix 7/8 (end=81, n_frames=16/82): reward=-23.2500 (mean, 1 tok)
2026-04-30 18:26:31,121 mme_vla_suite.pseudo_labeling.topreward_qwen_scorer INFO: Prefix 8/8 (end=94, n_frames=19/95): reward=-18.5000 (mean, 1 tok)
2026-04-30 18:26:38,880 mme_vla_suite.pseudo_labeling.topreward_qwen_scorer INFO: Prefix 1/8 (end=10, n_frames=4/11): reward=-24.0000 (mean, 1 tok)
2026-04-30 18:26:45,669 mme_vla_suite.pseudo_labeling.topreward_qwen_scorer INFO: Prefix 2/8 (end=23, n_frames=5/24): reward=-24.1250 (mean, 1 tok)
2026-04-30 18:26:52,451 mme_vla_suite.pseudo_labeling.topreward_qwen_scorer INFO: Prefix 3/8 (end=36, n_frames=7/37): reward=-23.7500 (mean, 1 tok)
2026-04-30 18:26:59,247 mme_vla_suite.pseudo_labeling.topreward_qwen_scorer INFO: Prefix 4/8 (end=49, n_frames=10/50): reward=-22.2500 (mean, 1 tok)
2026-04-30 18:27:06,060 mme_vla_suite.pseudo_labeling.topreward_qwen_scorer INFO: Prefix 5/8 (end=62, n_frames=13/63): reward=-23.2500 (mean, 1 tok)
2026-04-30 18:27:12,868 mme_vla_suite.pseudo_labeling.topreward_qwen_scorer INFO: Prefix 6/8 (end=75, n_frames=15/76): reward=-23.2500 (mean, 1 tok)
2026-04-30 18:27:19,685 mme_vla_suite.pseudo_labeling.topreward_qwen_scorer INFO: Prefix 7/8 (end=88, n_frames=18/89): reward=-21.8750 (mean, 1 tok)
2026-04-30 18:27:26,574 mme_vla_suite.pseudo_labeling.topreward_qwen_scorer INFO: Prefix 8/8 (end=102, n_frames=21/103): reward=-18.8750 (mean, 1 tok)
2026-04-30 18:27:34,449 mme_vla_suite.pseudo_labeling.topreward_qwen_scorer INFO: Prefix 1/8 (end=11, n_frames=4/12): reward=-22.0000 (mean, 1 tok)
2026-04-30 18:27:41,212 mme_vla_suite.pseudo_labeling.topreward_qwen_scorer INFO: Prefix 2/8 (end=25, n_frames=5/26): reward=-21.5000 (mean, 1 tok)
2026-04-30 18:27:48,009 mme_vla_suite.pseudo_labeling.topreward_qwen_scorer INFO: Prefix 3/8 (end=40, n_frames=8/41): reward=-22.1250 (mean, 1 tok)
2026-04-30 18:27:54,816 mme_vla_suite.pseudo_labeling.topreward_qwen_scorer INFO: Prefix 4/8 (end=55, n_frames=11/56): reward=-20.5000 (mean, 1 tok)
2026-04-30 18:28:01,624 mme_vla_suite.pseudo_labeling.topreward_qwen_scorer INFO: Prefix 5/8 (end=70, n_frames=14/71): reward=-19.1250 (mean, 1 tok)
2026-04-30 18:28:08,448 mme_vla_suite.pseudo_labeling.topreward_qwen_scorer INFO: Prefix 6/8 (end=85, n_frames=17/86): reward=-19.7500 (mean, 1 tok)
2026-04-30 18:28:15,419 mme_vla_suite.pseudo_labeling.topreward_qwen_scorer INFO: Prefix 7/8 (end=100, n_frames=20/101): reward=-17.8750 (mean, 1 tok)
2026-04-30 18:28:22,314 mme_vla_suite.pseudo_labeling.topreward_qwen_scorer INFO: Prefix 8/8 (end=115, n_frames=23/116): reward=-18.3750 (mean, 1 tok)
2026-04-30 18:28:30,508 mme_vla_suite.pseudo_labeling.topreward_qwen_scorer INFO: Prefix 1/8 (end=9, n_frames=4/10): reward=-23.6250 (mean, 1 tok)
2026-04-30 18:28:37,299 mme_vla_suite.pseudo_labeling.topreward_qwen_scorer INFO: Prefix 2/8 (end=21, n_frames=4/22): reward=-22.8750 (mean, 1 tok)
2026-04-30 18:28:44,044 mme_vla_suite.pseudo_labeling.topreward_qwen_scorer INFO: Prefix 3/8 (end=33, n_frames=7/34): reward=-22.6250 (mean, 1 tok)
2026-04-30 18:28:50,859 mme_vla_suite.pseudo_labeling.topreward_qwen_scorer INFO: Prefix 4/8 (end=45, n_frames=9/46): reward=-22.6250 (mean, 1 tok)
2026-04-30 18:28:57,594 mme_vla_suite.pseudo_labeling.topreward_qwen_scorer INFO: Prefix 5/8 (end=58, n_frames=12/59): reward=-22.3750 (mean, 1 tok)
2026-04-30 18:29:04,432 mme_vla_suite.pseudo_labeling.topreward_qwen_scorer INFO: Prefix 6/8 (end=70, n_frames=14/71): reward=-22.5000 (mean, 1 tok)
2026-04-30 18:29:11,224 mme_vla_suite.pseudo_labeling.topreward_qwen_scorer INFO: Prefix 7/8 (end=82, n_frames=17/83): reward=-22.6250 (mean, 1 tok)
2026-04-30 18:29:18,137 mme_vla_suite.pseudo_labeling.topreward_qwen_scorer INFO: Prefix 8/8 (end=95, n_frames=19/96): reward=-20.0000 (mean, 1 tok)
2026-04-30 18:29:25,497 mme_vla_suite.pseudo_labeling.topreward_qwen_scorer INFO: Prefix 1/8 (end=10, n_frames=4/11): reward=-23.7500 (mean, 1 tok)
2026-04-30 18:29:32,281 mme_vla_suite.pseudo_labeling.topreward_qwen_scorer INFO: Prefix 2/8 (end=23, n_frames=5/24): reward=-22.3750 (mean, 1 tok)
2026-04-30 18:29:39,008 mme_vla_suite.pseudo_labeling.topreward_qwen_scorer INFO: Prefix 3/8 (end=36, n_frames=7/37): reward=-22.3750 (mean, 1 tok)
2026-04-30 18:29:45,802 mme_vla_suite.pseudo_labeling.topreward_qwen_scorer INFO: Prefix 4/8 (end=49, n_frames=10/50): reward=-22.2500 (mean, 1 tok)
2026-04-30 18:29:52,544 mme_vla_suite.pseudo_labeling.topreward_qwen_scorer INFO: Prefix 5/8 (end=62, n_frames=13/63): reward=-23.1250 (mean, 1 tok)
2026-04-30 18:29:59,492 mme_vla_suite.pseudo_labeling.topreward_qwen_scorer INFO: Prefix 6/8 (end=75, n_frames=15/76): reward=-22.3750 (mean, 1 tok)
2026-04-30 18:30:06,451 mme_vla_suite.pseudo_labeling.topreward_qwen_scorer INFO: Prefix 7/8 (end=88, n_frames=18/89): reward=-23.5000 (mean, 1 tok)
2026-04-30 18:30:13,454 mme_vla_suite.pseudo_labeling.topreward_qwen_scorer INFO: Prefix 8/8 (end=102, n_frames=21/103): reward=-20.1250 (mean, 1 tok)
2026-04-30 18:30:21,416 mme_vla_suite.pseudo_labeling.topreward_qwen_scorer INFO: Prefix 1/8 (end=11, n_frames=4/12): reward=-22.0000 (mean, 1 tok)
2026-04-30 18:30:28,271 mme_vla_suite.pseudo_labeling.topreward_qwen_scorer INFO: Prefix 2/8 (end=25, n_frames=5/26): reward=-22.5000 (mean, 1 tok)
2026-04-30 18:30:35,107 mme_vla_suite.pseudo_labeling.topreward_qwen_scorer INFO: Prefix 3/8 (end=39, n_frames=8/40): reward=-19.6250 (mean, 1 tok)
2026-04-30 18:30:41,992 mme_vla_suite.pseudo_labeling.topreward_qwen_scorer INFO: Prefix 4/8 (end=53, n_frames=11/54): reward=-18.7500 (mean, 1 tok)
2026-04-30 18:30:48,786 mme_vla_suite.pseudo_labeling.topreward_qwen_scorer INFO: Prefix 5/8 (end=67, n_frames=14/68): reward=-20.3750 (mean, 1 tok)
2026-04-30 18:30:55,711 mme_vla_suite.pseudo_labeling.topreward_qwen_scorer INFO: Prefix 6/8 (end=81, n_frames=16/82): reward=-21.1250 (mean, 1 tok)
2026-04-30 18:31:02,700 mme_vla_suite.pseudo_labeling.topreward_qwen_scorer INFO: Prefix 7/8 (end=95, n_frames=19/96): reward=-17.5000 (mean, 1 tok)
2026-04-30 18:31:09,658 mme_vla_suite.pseudo_labeling.topreward_qwen_scorer INFO: Prefix 8/8 (end=110, n_frames=22/111): reward=-17.6250 (mean, 1 tok)
2026-04-30 18:31:17,452 mme_vla_suite.pseudo_labeling.topreward_qwen_scorer INFO: Prefix 1/8 (end=10, n_frames=4/11): reward=-23.3750 (mean, 1 tok)
2026-04-30 18:31:24,257 mme_vla_suite.pseudo_labeling.topreward_qwen_scorer INFO: Prefix 2/8 (end=23, n_frames=5/24): reward=-23.5000 (mean, 1 tok)
2026-04-30 18:31:31,121 mme_vla_suite.pseudo_labeling.topreward_qwen_scorer INFO: Prefix 3/8 (end=36, n_frames=7/37): reward=-23.3750 (mean, 1 tok)
2026-04-30 18:31:37,995 mme_vla_suite.pseudo_labeling.topreward_qwen_scorer INFO: Prefix 4/8 (end=49, n_frames=10/50): reward=-22.1250 (mean, 1 tok)
2026-04-30 18:31:44,786 mme_vla_suite.pseudo_labeling.topreward_qwen_scorer INFO: Prefix 5/8 (end=62, n_frames=13/63): reward=-23.8750 (mean, 1 tok)
2026-04-30 18:31:51,643 mme_vla_suite.pseudo_labeling.topreward_qwen_scorer INFO: Prefix 6/8 (end=75, n_frames=15/76): reward=-23.3750 (mean, 1 tok)
2026-04-30 18:31:58,548 mme_vla_suite.pseudo_labeling.topreward_qwen_scorer INFO: Prefix 7/8 (end=88, n_frames=18/89): reward=-23.6250 (mean, 1 tok)
2026-04-30 18:32:05,480 mme_vla_suite.pseudo_labeling.topreward_qwen_scorer INFO: Prefix 8/8 (end=101, n_frames=20/102): reward=-19.5000 (mean, 1 tok)
2026-04-30 18:32:13,115 mme_vla_suite.pseudo_labeling.topreward_qwen_scorer INFO: Prefix 1/8 (end=11, n_frames=4/12): reward=-23.7500 (mean, 1 tok)
2026-04-30 18:32:19,852 mme_vla_suite.pseudo_labeling.topreward_qwen_scorer INFO: Prefix 2/8 (end=25, n_frames=5/26): reward=-23.3750 (mean, 1 tok)
2026-04-30 18:32:26,660 mme_vla_suite.pseudo_labeling.topreward_qwen_scorer INFO: Prefix 3/8 (end=39, n_frames=8/40): reward=-22.8750 (mean, 1 tok)
2026-04-30 18:32:33,500 mme_vla_suite.pseudo_labeling.topreward_qwen_scorer INFO: Prefix 4/8 (end=53, n_frames=11/54): reward=-23.8750 (mean, 1 tok)
2026-04-30 18:32:40,385 mme_vla_suite.pseudo_labeling.topreward_qwen_scorer INFO: Prefix 5/8 (end=68, n_frames=14/69): reward=-23.8750 (mean, 1 tok)
2026-04-30 18:32:47,196 mme_vla_suite.pseudo_labeling.topreward_qwen_scorer INFO: Prefix 6/8 (end=82, n_frames=17/83): reward=-24.0000 (mean, 1 tok)
2026-04-30 18:32:54,014 mme_vla_suite.pseudo_labeling.topreward_qwen_scorer INFO: Prefix 7/8 (end=96, n_frames=19/97): reward=-25.0000 (mean, 1 tok)
2026-04-30 18:33:00,940 mme_vla_suite.pseudo_labeling.topreward_qwen_scorer INFO: Prefix 8/8 (end=111, n_frames=22/112): reward=-17.8750 (mean, 1 tok)
2026-04-30 18:33:08,858 mme_vla_suite.pseudo_labeling.topreward_qwen_scorer INFO: Prefix 1/8 (end=12, n_frames=4/13): reward=-22.6250 (mean, 1 tok)
2026-04-30 18:33:15,605 mme_vla_suite.pseudo_labeling.topreward_qwen_scorer INFO: Prefix 2/8 (end=27, n_frames=6/28): reward=-22.3750 (mean, 1 tok)
2026-04-30 18:33:22,377 mme_vla_suite.pseudo_labeling.topreward_qwen_scorer INFO: Prefix 3/8 (end=43, n_frames=9/44): reward=-21.1250 (mean, 1 tok)
2026-04-30 18:33:29,202 mme_vla_suite.pseudo_labeling.topreward_qwen_scorer INFO: Prefix 4/8 (end=59, n_frames=12/60): reward=-20.5000 (mean, 1 tok)
2026-04-30 18:33:36,135 mme_vla_suite.pseudo_labeling.topreward_qwen_scorer INFO: Prefix 5/8 (end=75, n_frames=15/76): reward=-19.1250 (mean, 1 tok)
2026-04-30 18:33:43,062 mme_vla_suite.pseudo_labeling.topreward_qwen_scorer INFO: Prefix 6/8 (end=91, n_frames=18/92): reward=-21.7500 (mean, 1 tok)
2026-04-30 18:33:50,011 mme_vla_suite.pseudo_labeling.topreward_qwen_scorer INFO: Prefix 7/8 (end=107, n_frames=22/108): reward=-20.2500 (mean, 1 tok)
2026-04-30 18:33:56,925 mme_vla_suite.pseudo_labeling.topreward_qwen_scorer INFO: Prefix 8/8 (end=123, n_frames=25/124): reward=-20.6250 (mean, 1 tok)
2026-04-30 18:34:04,777 mme_vla_suite.pseudo_labeling.topreward_qwen_scorer INFO: Prefix 1/8 (end=10, n_frames=4/11): reward=-23.5000 (mean, 1 tok)
2026-04-30 18:34:11,621 mme_vla_suite.pseudo_labeling.topreward_qwen_scorer INFO: Prefix 2/8 (end=23, n_frames=5/24): reward=-23.2500 (mean, 1 tok)
2026-04-30 18:34:18,480 mme_vla_suite.pseudo_labeling.topreward_qwen_scorer INFO: Prefix 3/8 (end=37, n_frames=8/38): reward=-22.5000 (mean, 1 tok)
2026-04-30 18:34:25,418 mme_vla_suite.pseudo_labeling.topreward_qwen_scorer INFO: Prefix 4/8 (end=51, n_frames=10/52): reward=-22.2500 (mean, 1 tok)
2026-04-30 18:34:32,338 mme_vla_suite.pseudo_labeling.topreward_qwen_scorer INFO: Prefix 5/8 (end=64, n_frames=13/65): reward=-22.8750 (mean, 1 tok)
2026-04-30 18:34:39,232 mme_vla_suite.pseudo_labeling.topreward_qwen_scorer INFO: Prefix 6/8 (end=78, n_frames=16/79): reward=-23.6250 (mean, 1 tok)
2026-04-30 18:34:46,221 mme_vla_suite.pseudo_labeling.topreward_qwen_scorer INFO: Prefix 7/8 (end=92, n_frames=19/93): reward=-23.2500 (mean, 1 tok)
2026-04-30 18:34:53,139 mme_vla_suite.pseudo_labeling.topreward_qwen_scorer INFO: Prefix 8/8 (end=106, n_frames=21/107): reward=-22.1250 (mean, 1 tok)
2026-04-30 18:35:00,987 mme_vla_suite.pseudo_labeling.topreward_qwen_scorer INFO: Prefix 1/8 (end=11, n_frames=4/12): reward=-23.6250 (mean, 1 tok)
2026-04-30 18:35:07,832 mme_vla_suite.pseudo_labeling.topreward_qwen_scorer INFO: Prefix 2/8 (end=25, n_frames=5/26): reward=-23.1250 (mean, 1 tok)
2026-04-30 18:35:14,618 mme_vla_suite.pseudo_labeling.topreward_qwen_scorer INFO: Prefix 3/8 (end=39, n_frames=8/40): reward=-22.0000 (mean, 1 tok)
2026-04-30 18:35:21,419 mme_vla_suite.pseudo_labeling.topreward_qwen_scorer INFO: Prefix 4/8 (end=54, n_frames=11/55): reward=-20.7500 (mean, 1 tok)
2026-04-30 18:35:28,226 mme_vla_suite.pseudo_labeling.topreward_qwen_scorer INFO: Prefix 5/8 (end=68, n_frames=14/69): reward=-23.0000 (mean, 1 tok)
2026-04-30 18:35:35,063 mme_vla_suite.pseudo_labeling.topreward_qwen_scorer INFO: Prefix 6/8 (end=83, n_frames=17/84): reward=-23.1250 (mean, 1 tok)
2026-04-30 18:35:41,885 mme_vla_suite.pseudo_labeling.topreward_qwen_scorer INFO: Prefix 7/8 (end=97, n_frames=20/98): reward=-23.1250 (mean, 1 tok)
2026-04-30 18:35:48,776 mme_vla_suite.pseudo_labeling.topreward_qwen_scorer INFO: Prefix 8/8 (end=112, n_frames=23/113): reward=-20.2500 (mean, 1 tok)
2026-04-30 18:35:56,906 mme_vla_suite.pseudo_labeling.topreward_qwen_scorer INFO: Prefix 1/8 (end=11, n_frames=4/12): reward=-22.0000 (mean, 1 tok)
2026-04-30 18:36:03,652 mme_vla_suite.pseudo_labeling.topreward_qwen_scorer INFO: Prefix 2/8 (end=25, n_frames=5/26): reward=-21.8750 (mean, 1 tok)
2026-04-30 18:36:10,447 mme_vla_suite.pseudo_labeling.topreward_qwen_scorer INFO: Prefix 3/8 (end=39, n_frames=8/40): reward=-20.5000 (mean, 1 tok)
2026-04-30 18:36:17,251 mme_vla_suite.pseudo_labeling.topreward_qwen_scorer INFO: Prefix 4/8 (end=53, n_frames=11/54): reward=-18.7500 (mean, 1 tok)
2026-04-30 18:36:24,035 mme_vla_suite.pseudo_labeling.topreward_qwen_scorer INFO: Prefix 5/8 (end=68, n_frames=14/69): reward=-20.1250 (mean, 1 tok)
2026-04-30 18:36:30,852 mme_vla_suite.pseudo_labeling.topreward_qwen_scorer INFO: Prefix 6/8 (end=82, n_frames=17/83): reward=-22.2500 (mean, 1 tok)
2026-04-30 18:36:37,687 mme_vla_suite.pseudo_labeling.topreward_qwen_scorer INFO: Prefix 7/8 (end=96, n_frames=19/97): reward=-17.8750 (mean, 1 tok)
2026-04-30 18:36:44,571 mme_vla_suite.pseudo_labeling.topreward_qwen_scorer INFO: Prefix 8/8 (end=111, n_frames=22/112): reward=-18.0000 (mean, 1 tok)
2026-04-30 18:36:52,809 mme_vla_suite.pseudo_labeling.topreward_qwen_scorer INFO: Prefix 1/8 (end=10, n_frames=4/11): reward=-22.6250 (mean, 1 tok)
2026-04-30 18:36:59,605 mme_vla_suite.pseudo_labeling.topreward_qwen_scorer INFO: Prefix 2/8 (end=24, n_frames=5/25): reward=-22.1250 (mean, 1 tok)
2026-04-30 18:37:06,404 mme_vla_suite.pseudo_labeling.topreward_qwen_scorer INFO: Prefix 3/8 (end=38, n_frames=8/39): reward=-21.3750 (mean, 1 tok)
2026-04-30 18:37:13,209 mme_vla_suite.pseudo_labeling.topreward_qwen_scorer INFO: Prefix 4/8 (end=52, n_frames=11/53): reward=-21.1250 (mean, 1 tok)
2026-04-30 18:37:20,003 mme_vla_suite.pseudo_labeling.topreward_qwen_scorer INFO: Prefix 5/8 (end=66, n_frames=13/67): reward=-21.1250 (mean, 1 tok)
2026-04-30 18:37:26,872 mme_vla_suite.pseudo_labeling.topreward_qwen_scorer INFO: Prefix 6/8 (end=80, n_frames=16/81): reward=-21.0000 (mean, 1 tok)
2026-04-30 18:37:33,743 mme_vla_suite.pseudo_labeling.topreward_qwen_scorer INFO: Prefix 7/8 (end=94, n_frames=19/95): reward=-23.1250 (mean, 1 tok)
2026-04-30 18:37:40,828 mme_vla_suite.pseudo_labeling.topreward_qwen_scorer INFO: Prefix 8/8 (end=108, n_frames=22/109): reward=-18.2500 (mean, 1 tok)
2026-04-30 18:37:48,788 mme_vla_suite.pseudo_labeling.topreward_qwen_scorer INFO: Prefix 1/8 (end=5, n_frames=4/6): reward=-21.8750 (mean, 1 tok)
2026-04-30 18:37:55,655 mme_vla_suite.pseudo_labeling.topreward_qwen_scorer INFO: Prefix 2/8 (end=11, n_frames=4/12): reward=-22.2500 (mean, 1 tok)
2026-04-30 18:38:02,484 mme_vla_suite.pseudo_labeling.topreward_qwen_scorer INFO: Prefix 3/8 (end=18, n_frames=4/19): reward=-20.5000 (mean, 1 tok)
2026-04-30 18:38:09,280 mme_vla_suite.pseudo_labeling.topreward_qwen_scorer INFO: Prefix 4/8 (end=25, n_frames=5/26): reward=-20.3750 (mean, 1 tok)
2026-04-30 18:38:16,046 mme_vla_suite.pseudo_labeling.topreward_qwen_scorer INFO: Prefix 5/8 (end=31, n_frames=6/32): reward=-19.8750 (mean, 1 tok)
2026-04-30 18:38:22,819 mme_vla_suite.pseudo_labeling.topreward_qwen_scorer INFO: Prefix 6/8 (end=38, n_frames=8/39): reward=-19.7500 (mean, 1 tok)
2026-04-30 18:38:29,617 mme_vla_suite.pseudo_labeling.topreward_qwen_scorer INFO: Prefix 7/8 (end=45, n_frames=9/46): reward=-19.2500 (mean, 1 tok)
2026-04-30 18:38:36,464 mme_vla_suite.pseudo_labeling.topreward_qwen_scorer INFO: Prefix 8/8 (end=52, n_frames=11/53): reward=-19.3750 (mean, 1 tok)
2026-04-30 18:38:44,152 mme_vla_suite.pseudo_labeling.topreward_qwen_scorer INFO: Prefix 1/8 (end=9, n_frames=4/10): reward=-23.8750 (mean, 1 tok)
2026-04-30 18:38:50,940 mme_vla_suite.pseudo_labeling.topreward_qwen_scorer INFO: Prefix 2/8 (end=20, n_frames=4/21): reward=-24.0000 (mean, 1 tok)
2026-04-30 18:38:57,725 mme_vla_suite.pseudo_labeling.topreward_qwen_scorer INFO: Prefix 3/8 (end=32, n_frames=7/33): reward=-23.0000 (mean, 1 tok)
2026-04-30 18:39:04,538 mme_vla_suite.pseudo_labeling.topreward_qwen_scorer INFO: Prefix 4/8 (end=44, n_frames=9/45): reward=-22.8750 (mean, 1 tok)
2026-04-30 18:39:11,347 mme_vla_suite.pseudo_labeling.topreward_qwen_scorer INFO: Prefix 5/8 (end=56, n_frames=11/57): reward=-23.6250 (mean, 1 tok)
2026-04-30 18:39:18,199 mme_vla_suite.pseudo_labeling.topreward_qwen_scorer INFO: Prefix 6/8 (end=68, n_frames=14/69): reward=-24.5000 (mean, 1 tok)
2026-04-30 18:39:25,053 mme_vla_suite.pseudo_labeling.topreward_qwen_scorer INFO: Prefix 7/8 (end=80, n_frames=16/81): reward=-23.3750 (mean, 1 tok)
2026-04-30 18:39:31,953 mme_vla_suite.pseudo_labeling.topreward_qwen_scorer INFO: Prefix 8/8 (end=92, n_frames=19/93): reward=-20.7500 (mean, 1 tok)
2026-04-30 18:39:39,769 mme_vla_suite.pseudo_labeling.topreward_qwen_scorer INFO: Prefix 1/8 (end=9, n_frames=4/10): reward=-23.8750 (mean, 1 tok)
2026-04-30 18:39:46,535 mme_vla_suite.pseudo_labeling.topreward_qwen_scorer INFO: Prefix 2/8 (end=21, n_frames=4/22): reward=-24.0000 (mean, 1 tok)
2026-04-30 18:39:53,322 mme_vla_suite.pseudo_labeling.topreward_qwen_scorer INFO: Prefix 3/8 (end=34, n_frames=7/35): reward=-23.2500 (mean, 1 tok)
2026-04-30 18:40:00,128 mme_vla_suite.pseudo_labeling.topreward_qwen_scorer INFO: Prefix 4/8 (end=47, n_frames=10/48): reward=-22.6250 (mean, 1 tok)
2026-04-30 18:40:06,925 mme_vla_suite.pseudo_labeling.topreward_qwen_scorer INFO: Prefix 5/8 (end=59, n_frames=12/60): reward=-22.8750 (mean, 1 tok)
2026-04-30 18:40:13,787 mme_vla_suite.pseudo_labeling.topreward_qwen_scorer INFO: Prefix 6/8 (end=72, n_frames=15/73): reward=-23.5000 (mean, 1 tok)
2026-04-30 18:40:20,668 mme_vla_suite.pseudo_labeling.topreward_qwen_scorer INFO: Prefix 7/8 (end=85, n_frames=17/86): reward=-24.5000 (mean, 1 tok)
2026-04-30 18:40:27,556 mme_vla_suite.pseudo_labeling.topreward_qwen_scorer INFO: Prefix 8/8 (end=98, n_frames=20/99): reward=-19.7500 (mean, 1 tok)
2026-04-30 18:40:35,381 mme_vla_suite.pseudo_labeling.topreward_qwen_scorer INFO: Prefix 1/8 (end=12, n_frames=4/13): reward=-21.3750 (mean, 1 tok)
2026-04-30 18:40:42,145 mme_vla_suite.pseudo_labeling.topreward_qwen_scorer INFO: Prefix 2/8 (end=27, n_frames=6/28): reward=-21.0000 (mean, 1 tok)
2026-04-30 18:40:48,945 mme_vla_suite.pseudo_labeling.topreward_qwen_scorer INFO: Prefix 3/8 (end=43, n_frames=9/44): reward=-21.7500 (mean, 1 tok)
2026-04-30 18:40:55,747 mme_vla_suite.pseudo_labeling.topreward_qwen_scorer INFO: Prefix 4/8 (end=58, n_frames=12/59): reward=-22.0000 (mean, 1 tok)
2026-04-30 18:41:02,615 mme_vla_suite.pseudo_labeling.topreward_qwen_scorer INFO: Prefix 5/8 (end=74, n_frames=15/75): reward=-19.6250 (mean, 1 tok)
2026-04-30 18:41:09,493 mme_vla_suite.pseudo_labeling.topreward_qwen_scorer INFO: Prefix 6/8 (end=89, n_frames=18/90): reward=-21.6250 (mean, 1 tok)
2026-04-30 18:41:16,379 mme_vla_suite.pseudo_labeling.topreward_qwen_scorer INFO: Prefix 7/8 (end=105, n_frames=21/106): reward=-19.0000 (mean, 1 tok)
2026-04-30 18:41:23,285 mme_vla_suite.pseudo_labeling.topreward_qwen_scorer INFO: Prefix 8/8 (end=121, n_frames=24/122): reward=-19.6250 (mean, 1 tok)
2026-04-30 18:41:31,232 mme_vla_suite.pseudo_labeling.topreward_qwen_scorer INFO: Prefix 1/8 (end=9, n_frames=4/10): reward=-23.0000 (mean, 1 tok)
2026-04-30 18:41:37,995 mme_vla_suite.pseudo_labeling.topreward_qwen_scorer INFO: Prefix 2/8 (end=20, n_frames=4/21): reward=-22.6250 (mean, 1 tok)
2026-04-30 18:41:44,769 mme_vla_suite.pseudo_labeling.topreward_qwen_scorer INFO: Prefix 3/8 (end=31, n_frames=6/32): reward=-22.0000 (mean, 1 tok)
2026-04-30 18:41:51,557 mme_vla_suite.pseudo_labeling.topreward_qwen_scorer INFO: Prefix 4/8 (end=43, n_frames=9/44): reward=-21.2500 (mean, 1 tok)
2026-04-30 18:41:58,354 mme_vla_suite.pseudo_labeling.topreward_qwen_scorer INFO: Prefix 5/8 (end=54, n_frames=11/55): reward=-21.1250 (mean, 1 tok)
2026-04-30 18:42:05,188 mme_vla_suite.pseudo_labeling.topreward_qwen_scorer INFO: Prefix 6/8 (end=66, n_frames=13/67): reward=-21.2500 (mean, 1 tok)
2026-04-30 18:42:12,044 mme_vla_suite.pseudo_labeling.topreward_qwen_scorer INFO: Prefix 7/8 (end=77, n_frames=16/78): reward=-20.8750 (mean, 1 tok)
2026-04-30 18:42:18,940 mme_vla_suite.pseudo_labeling.topreward_qwen_scorer INFO: Prefix 8/8 (end=89, n_frames=18/90): reward=-18.3750 (mean, 1 tok)
2026-04-30 18:42:26,594 mme_vla_suite.pseudo_labeling.topreward_qwen_scorer INFO: Prefix 1/8 (end=9, n_frames=4/10): reward=-23.0000 (mean, 1 tok)
2026-04-30 18:42:33,382 mme_vla_suite.pseudo_labeling.topreward_qwen_scorer INFO: Prefix 2/8 (end=21, n_frames=4/22): reward=-23.0000 (mean, 1 tok)
2026-04-30 18:42:40,183 mme_vla_suite.pseudo_labeling.topreward_qwen_scorer INFO: Prefix 3/8 (end=33, n_frames=7/34): reward=-21.7500 (mean, 1 tok)
2026-04-30 18:42:47,001 mme_vla_suite.pseudo_labeling.topreward_qwen_scorer INFO: Prefix 4/8 (end=46, n_frames=9/47): reward=-21.2500 (mean, 1 tok)
2026-04-30 18:42:53,832 mme_vla_suite.pseudo_labeling.topreward_qwen_scorer INFO: Prefix 5/8 (end=58, n_frames=12/59): reward=-21.3750 (mean, 1 tok)
2026-04-30 18:43:00,676 mme_vla_suite.pseudo_labeling.topreward_qwen_scorer INFO: Prefix 6/8 (end=71, n_frames=14/72): reward=-21.1250 (mean, 1 tok)
2026-04-30 18:43:07,606 mme_vla_suite.pseudo_labeling.topreward_qwen_scorer INFO: Prefix 7/8 (end=83, n_frames=17/84): reward=-20.7500 (mean, 1 tok)
2026-04-30 18:43:14,554 mme_vla_suite.pseudo_labeling.topreward_qwen_scorer INFO: Prefix 8/8 (end=96, n_frames=19/97): reward=-18.2500 (mean, 1 tok)
2026-04-30 18:43:22,198 mme_vla_suite.pseudo_labeling.topreward_qwen_scorer INFO: Prefix 1/8 (end=11, n_frames=4/12): reward=-22.0000 (mean, 1 tok)
2026-04-30 18:43:28,968 mme_vla_suite.pseudo_labeling.topreward_qwen_scorer INFO: Prefix 2/8 (end=25, n_frames=5/26): reward=-22.3750 (mean, 1 tok)
2026-04-30 18:43:35,750 mme_vla_suite.pseudo_labeling.topreward_qwen_scorer INFO: Prefix 3/8 (end=40, n_frames=8/41): reward=-21.2500 (mean, 1 tok)
2026-04-30 18:43:42,577 mme_vla_suite.pseudo_labeling.topreward_qwen_scorer INFO: Prefix 4/8 (end=54, n_frames=11/55): reward=-18.8750 (mean, 1 tok)
2026-04-30 18:43:49,422 mme_vla_suite.pseudo_labeling.topreward_qwen_scorer INFO: Prefix 5/8 (end=69, n_frames=14/70): reward=-19.7500 (mean, 1 tok)
2026-04-30 18:43:56,270 mme_vla_suite.pseudo_labeling.topreward_qwen_scorer INFO: Prefix 6/8 (end=83, n_frames=17/84): reward=-19.8750 (mean, 1 tok)
2026-04-30 18:44:03,170 mme_vla_suite.pseudo_labeling.topreward_qwen_scorer INFO: Prefix 7/8 (end=98, n_frames=20/99): reward=-17.6250 (mean, 1 tok)
2026-04-30 18:44:10,118 mme_vla_suite.pseudo_labeling.topreward_qwen_scorer INFO: Prefix 8/8 (end=113, n_frames=23/114): reward=-18.3750 (mean, 1 tok)
2026-04-30 18:44:18,215 mme_vla_suite.pseudo_labeling.topreward_qwen_scorer INFO: Prefix 1/8 (end=10, n_frames=4/11): reward=-23.1250 (mean, 1 tok)
2026-04-30 18:44:25,052 mme_vla_suite.pseudo_labeling.topreward_qwen_scorer INFO: Prefix 2/8 (end=23, n_frames=5/24): reward=-22.7500 (mean, 1 tok)
2026-04-30 18:44:31,883 mme_vla_suite.pseudo_labeling.topreward_qwen_scorer INFO: Prefix 3/8 (end=36, n_frames=7/37): reward=-22.7500 (mean, 1 tok)
2026-04-30 18:44:38,726 mme_vla_suite.pseudo_labeling.topreward_qwen_scorer INFO: Prefix 4/8 (end=50, n_frames=10/51): reward=-22.5000 (mean, 1 tok)
2026-04-30 18:44:45,576 mme_vla_suite.pseudo_labeling.topreward_qwen_scorer INFO: Prefix 5/8 (end=63, n_frames=13/64): reward=-23.2500 (mean, 1 tok)
2026-04-30 18:44:52,459 mme_vla_suite.pseudo_labeling.topreward_qwen_scorer INFO: Prefix 6/8 (end=77, n_frames=16/78): reward=-22.0000 (mean, 1 tok)
2026-04-30 18:44:59,358 mme_vla_suite.pseudo_labeling.topreward_qwen_scorer INFO: Prefix 7/8 (end=90, n_frames=18/91): reward=-22.3750 (mean, 1 tok)
2026-04-30 18:45:06,287 mme_vla_suite.pseudo_labeling.topreward_qwen_scorer INFO: Prefix 8/8 (end=104, n_frames=21/105): reward=-18.2500 (mean, 1 tok)
2026-04-30 18:45:13,801 mme_vla_suite.pseudo_labeling.topreward_qwen_scorer INFO: Prefix 1/8 (end=11, n_frames=4/12): reward=-23.0000 (mean, 1 tok)
2026-04-30 18:45:20,672 mme_vla_suite.pseudo_labeling.topreward_qwen_scorer INFO: Prefix 2/8 (end=25, n_frames=5/26): reward=-22.2500 (mean, 1 tok)
2026-04-30 18:45:27,528 mme_vla_suite.pseudo_labeling.topreward_qwen_scorer INFO: Prefix 3/8 (end=39, n_frames=8/40): reward=-22.3750 (mean, 1 tok)
2026-04-30 18:45:34,414 mme_vla_suite.pseudo_labeling.topreward_qwen_scorer INFO: Prefix 4/8 (end=53, n_frames=11/54): reward=-22.7500 (mean, 1 tok)
2026-04-30 18:45:41,278 mme_vla_suite.pseudo_labeling.topreward_qwen_scorer INFO: Prefix 5/8 (end=68, n_frames=14/69): reward=-22.6250 (mean, 1 tok)
2026-04-30 18:45:48,167 mme_vla_suite.pseudo_labeling.topreward_qwen_scorer INFO: Prefix 6/8 (end=82, n_frames=17/83): reward=-22.2500 (mean, 1 tok)
2026-04-30 18:45:55,064 mme_vla_suite.pseudo_labeling.topreward_qwen_scorer INFO: Prefix 7/8 (end=96, n_frames=19/97): reward=-21.7500 (mean, 1 tok)
2026-04-30 18:46:02,002 mme_vla_suite.pseudo_labeling.topreward_qwen_scorer INFO: Prefix 8/8 (end=111, n_frames=22/112): reward=-18.5000 (mean, 1 tok)
2026-04-30 18:46:09,726 mme_vla_suite.pseudo_labeling.topreward_qwen_scorer INFO: Prefix 1/8 (end=11, n_frames=4/12): reward=-21.2500 (mean, 1 tok)
2026-04-30 18:46:16,547 mme_vla_suite.pseudo_labeling.topreward_qwen_scorer INFO: Prefix 2/8 (end=25, n_frames=5/26): reward=-21.6250 (mean, 1 tok)
2026-04-30 18:46:23,385 mme_vla_suite.pseudo_labeling.topreward_qwen_scorer INFO: Prefix 3/8 (end=40, n_frames=8/41): reward=-19.0000 (mean, 1 tok)
2026-04-30 18:46:30,262 mme_vla_suite.pseudo_labeling.topreward_qwen_scorer INFO: Prefix 4/8 (end=55, n_frames=11/56): reward=-19.2500 (mean, 1 tok)
2026-04-30 18:46:37,129 mme_vla_suite.pseudo_labeling.topreward_qwen_scorer INFO: Prefix 5/8 (end=70, n_frames=14/71): reward=-19.5000 (mean, 1 tok)
2026-04-30 18:46:44,046 mme_vla_suite.pseudo_labeling.topreward_qwen_scorer INFO: Prefix 6/8 (end=85, n_frames=17/86): reward=-22.3750 (mean, 1 tok)
2026-04-30 18:46:50,971 mme_vla_suite.pseudo_labeling.topreward_qwen_scorer INFO: Prefix 7/8 (end=100, n_frames=20/101): reward=-18.5000 (mean, 1 tok)
2026-04-30 18:46:57,921 mme_vla_suite.pseudo_labeling.topreward_qwen_scorer INFO: Prefix 8/8 (end=115, n_frames=23/116): reward=-20.5000 (mean, 1 tok)
2026-04-30 18:47:06,424 mme_vla_suite.pseudo_labeling.topreward_qwen_scorer INFO: Prefix 1/8 (end=9, n_frames=4/10): reward=-21.7500 (mean, 1 tok)
2026-04-30 18:47:13,401 mme_vla_suite.pseudo_labeling.topreward_qwen_scorer INFO: Prefix 2/8 (end=21, n_frames=4/22): reward=-21.6250 (mean, 1 tok)
2026-04-30 18:47:20,401 mme_vla_suite.pseudo_labeling.topreward_qwen_scorer INFO: Prefix 3/8 (end=33, n_frames=7/34): reward=-20.7500 (mean, 1 tok)
2026-04-30 18:47:27,424 mme_vla_suite.pseudo_labeling.topreward_qwen_scorer INFO: Prefix 4/8 (end=45, n_frames=9/46): reward=-20.3750 (mean, 1 tok)
2026-04-30 18:47:34,474 mme_vla_suite.pseudo_labeling.topreward_qwen_scorer INFO: Prefix 5/8 (end=57, n_frames=12/58): reward=-20.8750 (mean, 1 tok)
2026-04-30 18:47:41,524 mme_vla_suite.pseudo_labeling.topreward_qwen_scorer INFO: Prefix 6/8 (end=69, n_frames=14/70): reward=-20.7500 (mean, 1 tok)
2026-04-30 18:47:48,598 mme_vla_suite.pseudo_labeling.topreward_qwen_scorer INFO: Prefix 7/8 (end=81, n_frames=16/82): reward=-20.3750 (mean, 1 tok)
2026-04-30 18:47:55,719 mme_vla_suite.pseudo_labeling.topreward_qwen_scorer INFO: Prefix 8/8 (end=93, n_frames=19/94): reward=-18.7500 (mean, 1 tok)
2026-04-30 18:48:03,379 mme_vla_suite.pseudo_labeling.topreward_qwen_scorer INFO: Prefix 1/8 (end=10, n_frames=4/11): reward=-21.7500 (mean, 1 tok)
2026-04-30 18:48:10,208 mme_vla_suite.pseudo_labeling.topreward_qwen_scorer INFO: Prefix 2/8 (end=22, n_frames=5/23): reward=-21.5000 (mean, 1 tok)
2026-04-30 18:48:17,071 mme_vla_suite.pseudo_labeling.topreward_qwen_scorer INFO: Prefix 3/8 (end=35, n_frames=7/36): reward=-21.5000 (mean, 1 tok)
2026-04-30 18:48:23,944 mme_vla_suite.pseudo_labeling.topreward_qwen_scorer INFO: Prefix 4/8 (end=48, n_frames=10/49): reward=-20.5000 (mean, 1 tok)
2026-04-30 18:48:30,780 mme_vla_suite.pseudo_labeling.topreward_qwen_scorer INFO: Prefix 5/8 (end=61, n_frames=12/62): reward=-20.0000 (mean, 1 tok)
2026-04-30 18:48:37,673 mme_vla_suite.pseudo_labeling.topreward_qwen_scorer INFO: Prefix 6/8 (end=74, n_frames=15/75): reward=-20.3750 (mean, 1 tok)
2026-04-30 18:48:44,604 mme_vla_suite.pseudo_labeling.topreward_qwen_scorer INFO: Prefix 7/8 (end=87, n_frames=18/88): reward=-20.8750 (mean, 1 tok)
2026-04-30 18:48:51,527 mme_vla_suite.pseudo_labeling.topreward_qwen_scorer INFO: Prefix 8/8 (end=100, n_frames=20/101): reward=-18.2500 (mean, 1 tok)
2026-04-30 18:48:59,360 mme_vla_suite.pseudo_labeling.topreward_qwen_scorer INFO: Prefix 1/8 (end=12, n_frames=4/13): reward=-23.0000 (mean, 1 tok)
2026-04-30 18:49:06,129 mme_vla_suite.pseudo_labeling.topreward_qwen_scorer INFO: Prefix 2/8 (end=27, n_frames=6/28): reward=-23.3750 (mean, 1 tok)
2026-04-30 18:49:12,918 mme_vla_suite.pseudo_labeling.topreward_qwen_scorer INFO: Prefix 3/8 (end=43, n_frames=9/44): reward=-20.1250 (mean, 1 tok)
2026-04-30 18:49:19,716 mme_vla_suite.pseudo_labeling.topreward_qwen_scorer INFO: Prefix 4/8 (end=58, n_frames=12/59): reward=-20.7500 (mean, 1 tok)
2026-04-30 18:49:26,582 mme_vla_suite.pseudo_labeling.topreward_qwen_scorer INFO: Prefix 5/8 (end=74, n_frames=15/75): reward=-19.8750 (mean, 1 tok)
2026-04-30 18:49:33,469 mme_vla_suite.pseudo_labeling.topreward_qwen_scorer INFO: Prefix 6/8 (end=89, n_frames=18/90): reward=-21.8750 (mean, 1 tok)
2026-04-30 18:49:40,380 mme_vla_suite.pseudo_labeling.topreward_qwen_scorer INFO: Prefix 7/8 (end=105, n_frames=21/106): reward=-20.2500 (mean, 1 tok)
2026-04-30 18:49:47,315 mme_vla_suite.pseudo_labeling.topreward_qwen_scorer INFO: Prefix 8/8 (end=121, n_frames=24/122): reward=-19.3750 (mean, 1 tok)
2026-04-30 18:49:55,347 mme_vla_suite.pseudo_labeling.topreward_qwen_scorer INFO: Prefix 1/8 (end=10, n_frames=4/11): reward=-22.3750 (mean, 1 tok)
2026-04-30 18:50:02,156 mme_vla_suite.pseudo_labeling.topreward_qwen_scorer INFO: Prefix 2/8 (end=23, n_frames=5/24): reward=-22.3750 (mean, 1 tok)
2026-04-30 18:50:08,950 mme_vla_suite.pseudo_labeling.topreward_qwen_scorer INFO: Prefix 3/8 (end=37, n_frames=8/38): reward=-22.5000 (mean, 1 tok)
2026-04-30 18:50:15,764 mme_vla_suite.pseudo_labeling.topreward_qwen_scorer INFO: Prefix 4/8 (end=51, n_frames=10/52): reward=-22.3750 (mean, 1 tok)
2026-04-30 18:50:22,575 mme_vla_suite.pseudo_labeling.topreward_qwen_scorer INFO: Prefix 5/8 (end=65, n_frames=13/66): reward=-22.6250 (mean, 1 tok)
2026-04-30 18:50:29,485 mme_vla_suite.pseudo_labeling.topreward_qwen_scorer INFO: Prefix 6/8 (end=79, n_frames=16/80): reward=-22.0000 (mean, 1 tok)
2026-04-30 18:50:36,408 mme_vla_suite.pseudo_labeling.topreward_qwen_scorer INFO: Prefix 7/8 (end=93, n_frames=19/94): reward=-22.1250 (mean, 1 tok)
2026-04-30 18:50:43,344 mme_vla_suite.pseudo_labeling.topreward_qwen_scorer INFO: Prefix 8/8 (end=107, n_frames=22/108): reward=-18.2500 (mean, 1 tok)
2026-04-30 18:50:51,034 mme_vla_suite.pseudo_labeling.topreward_qwen_scorer INFO: Prefix 1/8 (end=5, n_frames=4/6): reward=-20.1250 (mean, 1 tok)
2026-04-30 18:50:57,799 mme_vla_suite.pseudo_labeling.topreward_qwen_scorer INFO: Prefix 2/8 (end=11, n_frames=4/12): reward=-21.6250 (mean, 1 tok)
2026-04-30 18:51:04,612 mme_vla_suite.pseudo_labeling.topreward_qwen_scorer INFO: Prefix 3/8 (end=17, n_frames=4/18): reward=-20.1250 (mean, 1 tok)
2026-04-30 18:51:11,441 mme_vla_suite.pseudo_labeling.topreward_qwen_scorer INFO: Prefix 4/8 (end=23, n_frames=5/24): reward=-19.5000 (mean, 1 tok)
2026-04-30 18:51:18,228 mme_vla_suite.pseudo_labeling.topreward_qwen_scorer INFO: Prefix 5/8 (end=30, n_frames=6/31): reward=-20.0000 (mean, 1 tok)
2026-04-30 18:51:25,033 mme_vla_suite.pseudo_labeling.topreward_qwen_scorer INFO: Prefix 6/8 (end=36, n_frames=7/37): reward=-20.0000 (mean, 1 tok)
2026-04-30 18:51:31,846 mme_vla_suite.pseudo_labeling.topreward_qwen_scorer INFO: Prefix 7/8 (end=42, n_frames=9/43): reward=-20.1250 (mean, 1 tok)
2026-04-30 18:51:38,670 mme_vla_suite.pseudo_labeling.topreward_qwen_scorer INFO: Prefix 8/8 (end=49, n_frames=10/50): reward=-19.0000 (mean, 1 tok)
2026-04-30 18:51:46,601 mme_vla_suite.pseudo_labeling.topreward_qwen_scorer INFO: Prefix 1/8 (end=8, n_frames=4/9): reward=-23.2500 (mean, 1 tok)
2026-04-30 18:51:53,401 mme_vla_suite.pseudo_labeling.topreward_qwen_scorer INFO: Prefix 2/8 (end=19, n_frames=4/20): reward=-23.3750 (mean, 1 tok)
2026-04-30 18:52:00,215 mme_vla_suite.pseudo_labeling.topreward_qwen_scorer INFO: Prefix 3/8 (end=30, n_frames=6/31): reward=-22.3750 (mean, 1 tok)
2026-04-30 18:52:07,035 mme_vla_suite.pseudo_labeling.topreward_qwen_scorer INFO: Prefix 4/8 (end=41, n_frames=8/42): reward=-21.8750 (mean, 1 tok)
2026-04-30 18:52:13,878 mme_vla_suite.pseudo_labeling.topreward_qwen_scorer INFO: Prefix 5/8 (end=52, n_frames=11/53): reward=-22.0000 (mean, 1 tok)
2026-04-30 18:52:20,798 mme_vla_suite.pseudo_labeling.topreward_qwen_scorer INFO: Prefix 6/8 (end=63, n_frames=13/64): reward=-21.1250 (mean, 1 tok)
2026-04-30 18:52:27,712 mme_vla_suite.pseudo_labeling.topreward_qwen_scorer INFO: Prefix 7/8 (end=74, n_frames=15/75): reward=-20.8750 (mean, 1 tok)
2026-04-30 18:52:34,615 mme_vla_suite.pseudo_labeling.topreward_qwen_scorer INFO: Prefix 8/8 (end=85, n_frames=17/86): reward=-17.6250 (mean, 1 tok)
2026-04-30 18:52:42,316 mme_vla_suite.pseudo_labeling.topreward_qwen_scorer INFO: Prefix 1/8 (end=9, n_frames=4/10): reward=-23.3750 (mean, 1 tok)
2026-04-30 18:52:49,155 mme_vla_suite.pseudo_labeling.topreward_qwen_scorer INFO: Prefix 2/8 (end=21, n_frames=4/22): reward=-23.5000 (mean, 1 tok)
2026-04-30 18:52:55,995 mme_vla_suite.pseudo_labeling.topreward_qwen_scorer INFO: Prefix 3/8 (end=33, n_frames=7/34): reward=-22.2500 (mean, 1 tok)
2026-04-30 18:53:02,842 mme_vla_suite.pseudo_labeling.topreward_qwen_scorer INFO: Prefix 4/8 (end=45, n_frames=9/46): reward=-22.6250 (mean, 1 tok)
2026-04-30 18:53:09,714 mme_vla_suite.pseudo_labeling.topreward_qwen_scorer INFO: Prefix 5/8 (end=57, n_frames=12/58): reward=-21.0000 (mean, 1 tok)
2026-04-30 18:53:16,593 mme_vla_suite.pseudo_labeling.topreward_qwen_scorer INFO: Prefix 6/8 (end=69, n_frames=14/70): reward=-21.2500 (mean, 1 tok)
2026-04-30 18:53:23,497 mme_vla_suite.pseudo_labeling.topreward_qwen_scorer INFO: Prefix 7/8 (end=81, n_frames=16/82): reward=-19.2500 (mean, 1 tok)
2026-04-30 18:53:30,405 mme_vla_suite.pseudo_labeling.topreward_qwen_scorer INFO: Prefix 8/8 (end=93, n_frames=19/94): reward=-17.7500 (mean, 1 tok)
2026-04-30 18:53:38,124 mme_vla_suite.pseudo_labeling.topreward_qwen_scorer INFO: Prefix 1/8 (end=11, n_frames=4/12): reward=-21.5000 (mean, 1 tok)
2026-04-30 18:53:44,942 mme_vla_suite.pseudo_labeling.topreward_qwen_scorer INFO: Prefix 2/8 (end=25, n_frames=5/26): reward=-21.6250 (mean, 1 tok)
2026-04-30 18:53:51,779 mme_vla_suite.pseudo_labeling.topreward_qwen_scorer INFO: Prefix 3/8 (end=39, n_frames=8/40): reward=-20.7500 (mean, 1 tok)
2026-04-30 18:53:58,632 mme_vla_suite.pseudo_labeling.topreward_qwen_scorer INFO: Prefix 4/8 (end=53, n_frames=11/54): reward=-19.6250 (mean, 1 tok)
2026-04-30 18:54:05,527 mme_vla_suite.pseudo_labeling.topreward_qwen_scorer INFO: Prefix 5/8 (end=67, n_frames=14/68): reward=-20.8750 (mean, 1 tok)
2026-04-30 18:54:12,407 mme_vla_suite.pseudo_labeling.topreward_qwen_scorer INFO: Prefix 6/8 (end=81, n_frames=16/82): reward=-20.3750 (mean, 1 tok)
2026-04-30 18:54:19,310 mme_vla_suite.pseudo_labeling.topreward_qwen_scorer INFO: Prefix 7/8 (end=95, n_frames=19/96): reward=-17.0000 (mean, 1 tok)
2026-04-30 18:54:26,378 mme_vla_suite.pseudo_labeling.topreward_qwen_scorer INFO: Prefix 8/8 (end=110, n_frames=22/111): reward=-18.1250 (mean, 1 tok)
2026-04-30 18:54:34,359 mme_vla_suite.pseudo_labeling.topreward_qwen_scorer INFO: Prefix 1/8 (end=9, n_frames=4/10): reward=-23.3750 (mean, 1 tok)
2026-04-30 18:54:41,179 mme_vla_suite.pseudo_labeling.topreward_qwen_scorer INFO: Prefix 2/8 (end=20, n_frames=4/21): reward=-23.5000 (mean, 1 tok)
2026-04-30 18:54:47,988 mme_vla_suite.pseudo_labeling.topreward_qwen_scorer INFO: Prefix 3/8 (end=31, n_frames=6/32): reward=-22.5000 (mean, 1 tok)
2026-04-30 18:54:54,828 mme_vla_suite.pseudo_labeling.topreward_qwen_scorer INFO: Prefix 4/8 (end=43, n_frames=9/44): reward=-22.2500 (mean, 1 tok)
2026-04-30 18:55:01,664 mme_vla_suite.pseudo_labeling.topreward_qwen_scorer INFO: Prefix 5/8 (end=54, n_frames=11/55): reward=-21.8750 (mean, 1 tok)
2026-04-30 18:55:08,522 mme_vla_suite.pseudo_labeling.topreward_qwen_scorer INFO: Prefix 6/8 (end=66, n_frames=13/67): reward=-21.6250 (mean, 1 tok)
2026-04-30 18:55:15,402 mme_vla_suite.pseudo_labeling.topreward_qwen_scorer INFO: Prefix 7/8 (end=77, n_frames=16/78): reward=-22.5000 (mean, 1 tok)
2026-04-30 18:55:22,267 mme_vla_suite.pseudo_labeling.topreward_qwen_scorer INFO: Prefix 8/8 (end=89, n_frames=18/90): reward=-18.8750 (mean, 1 tok)
2026-04-30 18:55:30,276 mme_vla_suite.pseudo_labeling.topreward_qwen_scorer INFO: Prefix 1/8 (end=10, n_frames=4/11): reward=-23.7500 (mean, 1 tok)
2026-04-30 18:55:37,054 mme_vla_suite.pseudo_labeling.topreward_qwen_scorer INFO: Prefix 2/8 (end=22, n_frames=5/23): reward=-23.1250 (mean, 1 tok)
2026-04-30 18:55:43,857 mme_vla_suite.pseudo_labeling.topreward_qwen_scorer INFO: Prefix 3/8 (end=35, n_frames=7/36): reward=-22.7500 (mean, 1 tok)
2026-04-30 18:55:50,685 mme_vla_suite.pseudo_labeling.topreward_qwen_scorer INFO: Prefix 4/8 (end=48, n_frames=10/49): reward=-22.3750 (mean, 1 tok)
2026-04-30 18:55:57,501 mme_vla_suite.pseudo_labeling.topreward_qwen_scorer INFO: Prefix 5/8 (end=60, n_frames=12/61): reward=-21.8750 (mean, 1 tok)
2026-04-30 18:56:04,386 mme_vla_suite.pseudo_labeling.topreward_qwen_scorer INFO: Prefix 6/8 (end=73, n_frames=15/74): reward=-21.6250 (mean, 1 tok)
2026-04-30 18:56:11,354 mme_vla_suite.pseudo_labeling.topreward_qwen_scorer INFO: Prefix 7/8 (end=86, n_frames=17/87): reward=-19.2500 (mean, 1 tok)
2026-04-30 18:56:18,326 mme_vla_suite.pseudo_labeling.topreward_qwen_scorer INFO: Prefix 8/8 (end=99, n_frames=20/100): reward=-19.5000 (mean, 1 tok)
2026-04-30 18:56:26,130 mme_vla_suite.pseudo_labeling.topreward_qwen_scorer INFO: Prefix 1/8 (end=12, n_frames=4/13): reward=-21.0000 (mean, 1 tok)
2026-04-30 18:56:32,957 mme_vla_suite.pseudo_labeling.topreward_qwen_scorer INFO: Prefix 2/8 (end=27, n_frames=6/28): reward=-21.0000 (mean, 1 tok)
2026-04-30 18:56:39,812 mme_vla_suite.pseudo_labeling.topreward_qwen_scorer INFO: Prefix 3/8 (end=42, n_frames=9/43): reward=-18.2500 (mean, 1 tok)
2026-04-30 18:56:46,669 mme_vla_suite.pseudo_labeling.topreward_qwen_scorer INFO: Prefix 4/8 (end=57, n_frames=12/58): reward=-20.0000 (mean, 1 tok)
2026-04-30 18:56:53,559 mme_vla_suite.pseudo_labeling.topreward_qwen_scorer INFO: Prefix 5/8 (end=73, n_frames=15/74): reward=-19.2500 (mean, 1 tok)
2026-04-30 18:57:00,466 mme_vla_suite.pseudo_labeling.topreward_qwen_scorer INFO: Prefix 6/8 (end=88, n_frames=18/89): reward=-20.0000 (mean, 1 tok)
2026-04-30 18:57:07,396 mme_vla_suite.pseudo_labeling.topreward_qwen_scorer INFO: Prefix 7/8 (end=103, n_frames=21/104): reward=-17.2500 (mean, 1 tok)
2026-04-30 18:57:14,349 mme_vla_suite.pseudo_labeling.topreward_qwen_scorer INFO: Prefix 8/8 (end=119, n_frames=24/120): reward=-17.8750 (mean, 1 tok)
2026-04-30 18:57:22,528 mme_vla_suite.pseudo_labeling.topreward_qwen_scorer INFO: Prefix 1/8 (end=9, n_frames=4/10): reward=-22.7500 (mean, 1 tok)
2026-04-30 18:57:29,336 mme_vla_suite.pseudo_labeling.topreward_qwen_scorer INFO: Prefix 2/8 (end=21, n_frames=4/22): reward=-22.5000 (mean, 1 tok)
2026-04-30 18:57:36,155 mme_vla_suite.pseudo_labeling.topreward_qwen_scorer INFO: Prefix 3/8 (end=34, n_frames=7/35): reward=-22.0000 (mean, 1 tok)
2026-04-30 18:57:43,018 mme_vla_suite.pseudo_labeling.topreward_qwen_scorer INFO: Prefix 4/8 (end=46, n_frames=9/47): reward=-21.6250 (mean, 1 tok)
2026-04-30 18:57:49,918 mme_vla_suite.pseudo_labeling.topreward_qwen_scorer INFO: Prefix 5/8 (end=59, n_frames=12/60): reward=-21.8750 (mean, 1 tok)
2026-04-30 18:57:56,832 mme_vla_suite.pseudo_labeling.topreward_qwen_scorer INFO: Prefix 6/8 (end=71, n_frames=14/72): reward=-21.6250 (mean, 1 tok)
2026-04-30 18:58:03,795 mme_vla_suite.pseudo_labeling.topreward_qwen_scorer INFO: Prefix 7/8 (end=84, n_frames=17/85): reward=-21.0000 (mean, 1 tok)
2026-04-30 18:58:10,812 mme_vla_suite.pseudo_labeling.topreward_qwen_scorer INFO: Prefix 8/8 (end=97, n_frames=20/98): reward=-18.7500 (mean, 1 tok)
2026-04-30 18:58:18,563 mme_vla_suite.pseudo_labeling.topreward_qwen_scorer INFO: Prefix 1/8 (end=10, n_frames=4/11): reward=-22.6250 (mean, 1 tok)
2026-04-30 18:58:25,624 mme_vla_suite.pseudo_labeling.topreward_qwen_scorer INFO: Prefix 2/8 (end=23, n_frames=5/24): reward=-22.1250 (mean, 1 tok)
2026-04-30 18:58:32,689 mme_vla_suite.pseudo_labeling.topreward_qwen_scorer INFO: Prefix 3/8 (end=36, n_frames=7/37): reward=-22.1250 (mean, 1 tok)
2026-04-30 18:58:39,590 mme_vla_suite.pseudo_labeling.topreward_qwen_scorer INFO: Prefix 4/8 (end=50, n_frames=10/51): reward=-21.5000 (mean, 1 tok)
2026-04-30 18:58:46,694 mme_vla_suite.pseudo_labeling.topreward_qwen_scorer INFO: Prefix 5/8 (end=63, n_frames=13/64): reward=-21.7500 (mean, 1 tok)
2026-04-30 18:58:53,799 mme_vla_suite.pseudo_labeling.topreward_qwen_scorer INFO: Prefix 6/8 (end=77, n_frames=16/78): reward=-21.1250 (mean, 1 tok)
2026-04-30 18:59:00,956 mme_vla_suite.pseudo_labeling.topreward_qwen_scorer INFO: Prefix 7/8 (end=90, n_frames=18/91): reward=-20.3750 (mean, 1 tok)
2026-04-30 18:59:08,108 mme_vla_suite.pseudo_labeling.topreward_qwen_scorer INFO: Prefix 8/8 (end=104, n_frames=21/105): reward=-19.1250 (mean, 1 tok)
2026-04-30 18:59:16,099 mme_vla_suite.pseudo_labeling.topreward_qwen_scorer INFO: Prefix 1/8 (end=11, n_frames=4/12): reward=-23.1250 (mean, 1 tok)
2026-04-30 18:59:22,933 mme_vla_suite.pseudo_labeling.topreward_qwen_scorer INFO: Prefix 2/8 (end=25, n_frames=5/26): reward=-23.3750 (mean, 1 tok)
2026-04-30 18:59:29,804 mme_vla_suite.pseudo_labeling.topreward_qwen_scorer INFO: Prefix 3/8 (end=39, n_frames=8/40): reward=-21.5000 (mean, 1 tok)
2026-04-30 18:59:36,645 mme_vla_suite.pseudo_labeling.topreward_qwen_scorer INFO: Prefix 4/8 (end=54, n_frames=11/55): reward=-20.1250 (mean, 1 tok)
2026-04-30 18:59:43,503 mme_vla_suite.pseudo_labeling.topreward_qwen_scorer INFO: Prefix 5/8 (end=68, n_frames=14/69): reward=-21.1250 (mean, 1 tok)
2026-04-30 18:59:50,412 mme_vla_suite.pseudo_labeling.topreward_qwen_scorer INFO: Prefix 6/8 (end=83, n_frames=17/84): reward=-23.3750 (mean, 1 tok)
2026-04-30 18:59:57,338 mme_vla_suite.pseudo_labeling.topreward_qwen_scorer INFO: Prefix 7/8 (end=97, n_frames=20/98): reward=-19.2500 (mean, 1 tok)
2026-04-30 19:00:04,368 mme_vla_suite.pseudo_labeling.topreward_qwen_scorer INFO: Prefix 8/8 (end=112, n_frames=23/113): reward=-18.8750 (mean, 1 tok)
2026-04-30 19:00:12,278 mme_vla_suite.pseudo_labeling.topreward_qwen_scorer INFO: Prefix 1/8 (end=9, n_frames=4/10): reward=-22.1250 (mean, 1 tok)
2026-04-30 19:00:19,101 mme_vla_suite.pseudo_labeling.topreward_qwen_scorer INFO: Prefix 2/8 (end=21, n_frames=4/22): reward=-21.5000 (mean, 1 tok)
2026-04-30 19:00:25,958 mme_vla_suite.pseudo_labeling.topreward_qwen_scorer INFO: Prefix 3/8 (end=34, n_frames=7/35): reward=-20.3750 (mean, 1 tok)
2026-04-30 19:00:32,780 mme_vla_suite.pseudo_labeling.topreward_qwen_scorer INFO: Prefix 4/8 (end=47, n_frames=10/48): reward=-20.1250 (mean, 1 tok)
2026-04-30 19:00:39,620 mme_vla_suite.pseudo_labeling.topreward_qwen_scorer INFO: Prefix 5/8 (end=59, n_frames=12/60): reward=-20.6250 (mean, 1 tok)
2026-04-30 19:00:46,493 mme_vla_suite.pseudo_labeling.topreward_qwen_scorer INFO: Prefix 6/8 (end=72, n_frames=15/73): reward=-20.3750 (mean, 1 tok)
2026-04-30 19:00:53,393 mme_vla_suite.pseudo_labeling.topreward_qwen_scorer INFO: Prefix 7/8 (end=85, n_frames=17/86): reward=-21.2500 (mean, 1 tok)
2026-04-30 19:01:00,329 mme_vla_suite.pseudo_labeling.topreward_qwen_scorer INFO: Prefix 8/8 (end=98, n_frames=20/99): reward=-18.6250 (mean, 1 tok)
2026-04-30 19:01:08,185 mme_vla_suite.pseudo_labeling.topreward_qwen_scorer INFO: Prefix 1/8 (end=10, n_frames=4/11): reward=-22.2500 (mean, 1 tok)
2026-04-30 19:01:14,985 mme_vla_suite.pseudo_labeling.topreward_qwen_scorer INFO: Prefix 2/8 (end=24, n_frames=5/25): reward=-21.3750 (mean, 1 tok)
2026-04-30 19:01:21,794 mme_vla_suite.pseudo_labeling.topreward_qwen_scorer INFO: Prefix 3/8 (end=38, n_frames=8/39): reward=-20.8750 (mean, 1 tok)
2026-04-30 19:01:28,618 mme_vla_suite.pseudo_labeling.topreward_qwen_scorer INFO: Prefix 4/8 (end=52, n_frames=11/53): reward=-20.6250 (mean, 1 tok)
2026-04-30 19:01:35,447 mme_vla_suite.pseudo_labeling.topreward_qwen_scorer INFO: Prefix 5/8 (end=66, n_frames=13/67): reward=-20.5000 (mean, 1 tok)
2026-04-30 19:01:42,362 mme_vla_suite.pseudo_labeling.topreward_qwen_scorer INFO: Prefix 6/8 (end=80, n_frames=16/81): reward=-20.7500 (mean, 1 tok)
2026-04-30 19:01:49,349 mme_vla_suite.pseudo_labeling.topreward_qwen_scorer INFO: Prefix 7/8 (end=94, n_frames=19/95): reward=-21.5000 (mean, 1 tok)
2026-04-30 19:01:56,333 mme_vla_suite.pseudo_labeling.topreward_qwen_scorer INFO: Prefix 8/8 (end=108, n_frames=22/109): reward=-19.1250 (mean, 1 tok)
2026-04-30 19:02:04,248 mme_vla_suite.pseudo_labeling.topreward_qwen_scorer INFO: Prefix 1/8 (end=12, n_frames=4/13): reward=-21.1250 (mean, 1 tok)
2026-04-30 19:02:11,086 mme_vla_suite.pseudo_labeling.topreward_qwen_scorer INFO: Prefix 2/8 (end=27, n_frames=6/28): reward=-21.1250 (mean, 1 tok)
2026-04-30 19:02:17,942 mme_vla_suite.pseudo_labeling.topreward_qwen_scorer INFO: Prefix 3/8 (end=42, n_frames=9/43): reward=-19.6250 (mean, 1 tok)
2026-04-30 19:02:24,821 mme_vla_suite.pseudo_labeling.topreward_qwen_scorer INFO: Prefix 4/8 (end=58, n_frames=12/59): reward=-20.0000 (mean, 1 tok)
2026-04-30 19:02:31,732 mme_vla_suite.pseudo_labeling.topreward_qwen_scorer INFO: Prefix 5/8 (end=73, n_frames=15/74): reward=-18.6250 (mean, 1 tok)
2026-04-30 19:02:38,706 mme_vla_suite.pseudo_labeling.topreward_qwen_scorer INFO: Prefix 6/8 (end=89, n_frames=18/90): reward=-20.3750 (mean, 1 tok)
2026-04-30 19:02:45,689 mme_vla_suite.pseudo_labeling.topreward_qwen_scorer INFO: Prefix 7/8 (end=104, n_frames=21/105): reward=-17.0000 (mean, 1 tok)
2026-04-30 19:02:52,685 mme_vla_suite.pseudo_labeling.topreward_qwen_scorer INFO: Prefix 8/8 (end=120, n_frames=24/121): reward=-17.6250 (mean, 1 tok)
2026-04-30 19:03:00,988 mme_vla_suite.pseudo_labeling.topreward_qwen_scorer INFO: Prefix 1/8 (end=11, n_frames=4/12): reward=-23.2500 (mean, 1 tok)
2026-04-30 19:03:07,874 mme_vla_suite.pseudo_labeling.topreward_qwen_scorer INFO: Prefix 2/8 (end=25, n_frames=5/26): reward=-21.8750 (mean, 1 tok)
2026-04-30 19:03:14,770 mme_vla_suite.pseudo_labeling.topreward_qwen_scorer INFO: Prefix 3/8 (end=39, n_frames=8/40): reward=-21.6250 (mean, 1 tok)
2026-04-30 19:03:21,650 mme_vla_suite.pseudo_labeling.topreward_qwen_scorer INFO: Prefix 4/8 (end=53, n_frames=11/54): reward=-22.0000 (mean, 1 tok)
2026-04-30 19:03:28,534 mme_vla_suite.pseudo_labeling.topreward_qwen_scorer INFO: Prefix 5/8 (end=67, n_frames=14/68): reward=-20.3750 (mean, 1 tok)
2026-04-30 19:03:35,435 mme_vla_suite.pseudo_labeling.topreward_qwen_scorer INFO: Prefix 6/8 (end=81, n_frames=16/82): reward=-20.5000 (mean, 1 tok)
2026-04-30 19:03:42,387 mme_vla_suite.pseudo_labeling.topreward_qwen_scorer INFO: Prefix 7/8 (end=95, n_frames=19/96): reward=-18.3750 (mean, 1 tok)
2026-04-30 19:03:49,357 mme_vla_suite.pseudo_labeling.topreward_qwen_scorer INFO: Prefix 8/8 (end=110, n_frames=22/111): reward=-18.1250 (mean, 1 tok)
2026-04-30 19:03:57,243 mme_vla_suite.pseudo_labeling.topreward_qwen_scorer INFO: Prefix 1/8 (end=4, n_frames=4/5): reward=-21.1250 (mean, 1 tok)
2026-04-30 19:04:04,070 mme_vla_suite.pseudo_labeling.topreward_qwen_scorer INFO: Prefix 2/8 (end=10, n_frames=4/11): reward=-20.5000 (mean, 1 tok)
2026-04-30 19:04:10,909 mme_vla_suite.pseudo_labeling.topreward_qwen_scorer INFO: Prefix 3/8 (end=16, n_frames=4/17): reward=-20.2500 (mean, 1 tok)
2026-04-30 19:04:17,749 mme_vla_suite.pseudo_labeling.topreward_qwen_scorer INFO: Prefix 4/8 (end=22, n_frames=5/23): reward=-21.7500 (mean, 1 tok)
2026-04-30 19:04:24,606 mme_vla_suite.pseudo_labeling.topreward_qwen_scorer INFO: Prefix 5/8 (end=28, n_frames=6/29): reward=-21.1250 (mean, 1 tok)
2026-04-30 19:04:31,471 mme_vla_suite.pseudo_labeling.topreward_qwen_scorer INFO: Prefix 6/8 (end=34, n_frames=7/35): reward=-19.1250 (mean, 1 tok)
2026-04-30 19:04:38,348 mme_vla_suite.pseudo_labeling.topreward_qwen_scorer INFO: Prefix 7/8 (end=40, n_frames=8/41): reward=-19.6250 (mean, 1 tok)
2026-04-30 19:04:45,250 mme_vla_suite.pseudo_labeling.topreward_qwen_scorer INFO: Prefix 8/8 (end=46, n_frames=9/47): reward=-17.5000 (mean, 1 tok)
2026-04-30 19:04:53,266 mme_vla_suite.pseudo_labeling.topreward_qwen_scorer INFO: Prefix 1/8 (end=7, n_frames=4/8): reward=-23.2500 (mean, 1 tok)
2026-04-30 19:05:00,106 mme_vla_suite.pseudo_labeling.topreward_qwen_scorer INFO: Prefix 2/8 (end=17, n_frames=4/18): reward=-22.2500 (mean, 1 tok)
2026-04-30 19:05:06,941 mme_vla_suite.pseudo_labeling.topreward_qwen_scorer INFO: Prefix 3/8 (end=27, n_frames=6/28): reward=-20.8750 (mean, 1 tok)
2026-04-30 19:05:13,817 mme_vla_suite.pseudo_labeling.topreward_qwen_scorer INFO: Prefix 4/8 (end=37, n_frames=8/38): reward=-21.2500 (mean, 1 tok)
2026-04-30 19:05:20,689 mme_vla_suite.pseudo_labeling.topreward_qwen_scorer INFO: Prefix 5/8 (end=47, n_frames=10/48): reward=-20.3750 (mean, 1 tok)
2026-04-30 19:05:27,557 mme_vla_suite.pseudo_labeling.topreward_qwen_scorer INFO: Prefix 6/8 (end=57, n_frames=12/58): reward=-21.2500 (mean, 1 tok)
2026-04-30 19:05:34,454 mme_vla_suite.pseudo_labeling.topreward_qwen_scorer INFO: Prefix 7/8 (end=67, n_frames=14/68): reward=-22.0000 (mean, 1 tok)
2026-04-30 19:05:41,392 mme_vla_suite.pseudo_labeling.topreward_qwen_scorer INFO: Prefix 8/8 (end=78, n_frames=16/79): reward=-18.6250 (mean, 1 tok)
2026-04-30 19:05:49,135 mme_vla_suite.pseudo_labeling.topreward_qwen_scorer INFO: Prefix 1/8 (end=9, n_frames=4/10): reward=-23.6250 (mean, 1 tok)
2026-04-30 19:05:55,970 mme_vla_suite.pseudo_labeling.topreward_qwen_scorer INFO: Prefix 2/8 (end=20, n_frames=4/21): reward=-20.8750 (mean, 1 tok)
2026-04-30 19:06:02,853 mme_vla_suite.pseudo_labeling.topreward_qwen_scorer INFO: Prefix 3/8 (end=31, n_frames=6/32): reward=-20.0000 (mean, 1 tok)
2026-04-30 19:06:09,771 mme_vla_suite.pseudo_labeling.topreward_qwen_scorer INFO: Prefix 4/8 (end=43, n_frames=9/44): reward=-21.0000 (mean, 1 tok)
2026-04-30 19:06:16,651 mme_vla_suite.pseudo_labeling.topreward_qwen_scorer INFO: Prefix 5/8 (end=54, n_frames=11/55): reward=-21.5000 (mean, 1 tok)
2026-04-30 19:06:23,575 mme_vla_suite.pseudo_labeling.topreward_qwen_scorer INFO: Prefix 6/8 (end=66, n_frames=13/67): reward=-22.0000 (mean, 1 tok)
2026-04-30 19:06:30,593 mme_vla_suite.pseudo_labeling.topreward_qwen_scorer INFO: Prefix 7/8 (end=77, n_frames=16/78): reward=-18.5000 (mean, 1 tok)
2026-04-30 19:06:37,635 mme_vla_suite.pseudo_labeling.topreward_qwen_scorer INFO: Prefix 8/8 (end=89, n_frames=18/90): reward=-18.6250 (mean, 1 tok)
2026-04-30 19:06:45,848 mme_vla_suite.pseudo_labeling.topreward_qwen_scorer INFO: Prefix 1/8 (end=11, n_frames=4/12): reward=-21.5000 (mean, 1 tok)
2026-04-30 19:06:52,770 mme_vla_suite.pseudo_labeling.topreward_qwen_scorer INFO: Prefix 2/8 (end=26, n_frames=5/27): reward=-21.3750 (mean, 1 tok)
2026-04-30 19:06:59,676 mme_vla_suite.pseudo_labeling.topreward_qwen_scorer INFO: Prefix 3/8 (end=41, n_frames=8/42): reward=-19.1250 (mean, 1 tok)
2026-04-30 19:07:06,597 mme_vla_suite.pseudo_labeling.topreward_qwen_scorer INFO: Prefix 4/8 (end=56, n_frames=11/57): reward=-18.8750 (mean, 1 tok)
2026-04-30 19:07:13,608 mme_vla_suite.pseudo_labeling.topreward_qwen_scorer INFO: Prefix 5/8 (end=72, n_frames=15/73): reward=-17.2500 (mean, 1 tok)
2026-04-30 19:07:20,605 mme_vla_suite.pseudo_labeling.topreward_qwen_scorer INFO: Prefix 6/8 (end=87, n_frames=18/88): reward=-20.1250 (mean, 1 tok)
2026-04-30 19:07:27,649 mme_vla_suite.pseudo_labeling.topreward_qwen_scorer INFO: Prefix 7/8 (end=102, n_frames=21/103): reward=-17.6250 (mean, 1 tok)
2026-04-30 19:07:34,697 mme_vla_suite.pseudo_labeling.topreward_qwen_scorer INFO: Prefix 8/8 (end=118, n_frames=24/119): reward=-18.0000 (mean, 1 tok)
2026-04-30 19:07:42,839 mme_vla_suite.pseudo_labeling.topreward_qwen_scorer INFO: Prefix 1/8 (end=10, n_frames=4/11): reward=-22.7500 (mean, 1 tok)
2026-04-30 19:07:49,754 mme_vla_suite.pseudo_labeling.topreward_qwen_scorer INFO: Prefix 2/8 (end=23, n_frames=5/24): reward=-22.1250 (mean, 1 tok)
2026-04-30 19:07:56,653 mme_vla_suite.pseudo_labeling.topreward_qwen_scorer INFO: Prefix 3/8 (end=36, n_frames=7/37): reward=-22.0000 (mean, 1 tok)
2026-04-30 19:08:03,508 mme_vla_suite.pseudo_labeling.topreward_qwen_scorer INFO: Prefix 4/8 (end=49, n_frames=10/50): reward=-21.2500 (mean, 1 tok)
2026-04-30 19:08:10,341 mme_vla_suite.pseudo_labeling.topreward_qwen_scorer INFO: Prefix 5/8 (end=62, n_frames=13/63): reward=-22.1250 (mean, 1 tok)
2026-04-30 19:08:17,203 mme_vla_suite.pseudo_labeling.topreward_qwen_scorer INFO: Prefix 6/8 (end=75, n_frames=15/76): reward=-22.3750 (mean, 1 tok)
2026-04-30 19:08:24,107 mme_vla_suite.pseudo_labeling.topreward_qwen_scorer INFO: Prefix 7/8 (end=88, n_frames=18/89): reward=-22.5000 (mean, 1 tok)
2026-04-30 19:08:30,996 mme_vla_suite.pseudo_labeling.topreward_qwen_scorer INFO: Prefix 8/8 (end=101, n_frames=20/102): reward=-18.1250 (mean, 1 tok)
2026-04-30 19:08:38,766 mme_vla_suite.pseudo_labeling.topreward_qwen_scorer INFO: Prefix 1/8 (end=11, n_frames=4/12): reward=-23.0000 (mean, 1 tok)
2026-04-30 19:08:45,569 mme_vla_suite.pseudo_labeling.topreward_qwen_scorer INFO: Prefix 2/8 (end=25, n_frames=5/26): reward=-21.7500 (mean, 1 tok)
2026-04-30 19:08:52,389 mme_vla_suite.pseudo_labeling.topreward_qwen_scorer INFO: Prefix 3/8 (end=39, n_frames=8/40): reward=-22.0000 (mean, 1 tok)
2026-04-30 19:08:59,202 mme_vla_suite.pseudo_labeling.topreward_qwen_scorer INFO: Prefix 4/8 (end=54, n_frames=11/55): reward=-21.6250 (mean, 1 tok)
2026-04-30 19:09:06,041 mme_vla_suite.pseudo_labeling.topreward_qwen_scorer INFO: Prefix 5/8 (end=68, n_frames=14/69): reward=-21.8750 (mean, 1 tok)
2026-04-30 19:09:12,955 mme_vla_suite.pseudo_labeling.topreward_qwen_scorer INFO: Prefix 6/8 (end=83, n_frames=17/84): reward=-22.2500 (mean, 1 tok)
2026-04-30 19:09:19,878 mme_vla_suite.pseudo_labeling.topreward_qwen_scorer INFO: Prefix 7/8 (end=97, n_frames=20/98): reward=-19.2500 (mean, 1 tok)
2026-04-30 19:09:26,820 mme_vla_suite.pseudo_labeling.topreward_qwen_scorer INFO: Prefix 8/8 (end=112, n_frames=23/113): reward=-19.2500 (mean, 1 tok)
2026-04-30 19:09:34,766 mme_vla_suite.pseudo_labeling.topreward_qwen_scorer INFO: Prefix 1/8 (end=12, n_frames=4/13): reward=-21.5000 (mean, 1 tok)
2026-04-30 19:09:41,551 mme_vla_suite.pseudo_labeling.topreward_qwen_scorer INFO: Prefix 2/8 (end=27, n_frames=6/28): reward=-21.3750 (mean, 1 tok)
2026-04-30 19:09:48,352 mme_vla_suite.pseudo_labeling.topreward_qwen_scorer INFO: Prefix 3/8 (end=42, n_frames=9/43): reward=-19.7500 (mean, 1 tok)
2026-04-30 19:09:55,153 mme_vla_suite.pseudo_labeling.topreward_qwen_scorer INFO: Prefix 4/8 (end=58, n_frames=12/59): reward=-20.6250 (mean, 1 tok)
2026-04-30 19:10:02,009 mme_vla_suite.pseudo_labeling.topreward_qwen_scorer INFO: Prefix 5/8 (end=73, n_frames=15/74): reward=-20.8750 (mean, 1 tok)
2026-04-30 19:10:09,006 mme_vla_suite.pseudo_labeling.topreward_qwen_scorer INFO: Prefix 6/8 (end=89, n_frames=18/90): reward=-20.1250 (mean, 1 tok)
2026-04-30 19:10:16,103 mme_vla_suite.pseudo_labeling.topreward_qwen_scorer INFO: Prefix 7/8 (end=104, n_frames=21/105): reward=-17.6250 (mean, 1 tok)
2026-04-30 19:10:23,079 mme_vla_suite.pseudo_labeling.topreward_qwen_scorer INFO: Prefix 8/8 (end=120, n_frames=24/121): reward=-18.5000 (mean, 1 tok)
2026-04-30 19:10:31,083 mme_vla_suite.pseudo_labeling.topreward_qwen_scorer INFO: Prefix 1/8 (end=10, n_frames=4/11): reward=-23.1250 (mean, 1 tok)
2026-04-30 19:10:37,891 mme_vla_suite.pseudo_labeling.topreward_qwen_scorer INFO: Prefix 2/8 (end=23, n_frames=5/24): reward=-22.2500 (mean, 1 tok)
2026-04-30 19:10:44,707 mme_vla_suite.pseudo_labeling.topreward_qwen_scorer INFO: Prefix 3/8 (end=37, n_frames=8/38): reward=-21.7500 (mean, 1 tok)
2026-04-30 19:10:51,531 mme_vla_suite.pseudo_labeling.topreward_qwen_scorer INFO: Prefix 4/8 (end=51, n_frames=10/52): reward=-21.0000 (mean, 1 tok)
2026-04-30 19:10:58,363 mme_vla_suite.pseudo_labeling.topreward_qwen_scorer INFO: Prefix 5/8 (end=64, n_frames=13/65): reward=-22.3750 (mean, 1 tok)
2026-04-30 19:11:05,207 mme_vla_suite.pseudo_labeling.topreward_qwen_scorer INFO: Prefix 6/8 (end=78, n_frames=16/79): reward=-21.1250 (mean, 1 tok)
2026-04-30 19:11:12,084 mme_vla_suite.pseudo_labeling.topreward_qwen_scorer INFO: Prefix 7/8 (end=92, n_frames=19/93): reward=-21.3750 (mean, 1 tok)
2026-04-30 19:11:19,019 mme_vla_suite.pseudo_labeling.topreward_qwen_scorer INFO: Prefix 8/8 (end=106, n_frames=21/107): reward=-18.3750 (mean, 1 tok)
2026-04-30 19:11:26,987 mme_vla_suite.pseudo_labeling.topreward_qwen_scorer INFO: Prefix 1/8 (end=11, n_frames=4/12): reward=-23.1250 (mean, 1 tok)
2026-04-30 19:11:33,805 mme_vla_suite.pseudo_labeling.topreward_qwen_scorer INFO: Prefix 2/8 (end=26, n_frames=5/27): reward=-22.2500 (mean, 1 tok)
2026-04-30 19:11:40,624 mme_vla_suite.pseudo_labeling.topreward_qwen_scorer INFO: Prefix 3/8 (end=41, n_frames=8/42): reward=-21.0000 (mean, 1 tok)
2026-04-30 19:11:47,511 mme_vla_suite.pseudo_labeling.topreward_qwen_scorer INFO: Prefix 4/8 (end=56, n_frames=11/57): reward=-21.7500 (mean, 1 tok)
2026-04-30 19:11:54,388 mme_vla_suite.pseudo_labeling.topreward_qwen_scorer INFO: Prefix 5/8 (end=72, n_frames=15/73): reward=-22.1250 (mean, 1 tok)
2026-04-30 19:12:01,274 mme_vla_suite.pseudo_labeling.topreward_qwen_scorer INFO: Prefix 6/8 (end=87, n_frames=18/88): reward=-21.2500 (mean, 1 tok)
2026-04-30 19:12:08,193 mme_vla_suite.pseudo_labeling.topreward_qwen_scorer INFO: Prefix 7/8 (end=102, n_frames=21/103): reward=-20.8750 (mean, 1 tok)
2026-04-30 19:12:15,122 mme_vla_suite.pseudo_labeling.topreward_qwen_scorer INFO: Prefix 8/8 (end=118, n_frames=24/119): reward=-18.3750 (mean, 1 tok)
2026-04-30 19:12:22,960 mme_vla_suite.pseudo_labeling.topreward_qwen_scorer INFO: Prefix 1/8 (end=12, n_frames=4/13): reward=-22.0000 (mean, 1 tok)
2026-04-30 19:12:29,730 mme_vla_suite.pseudo_labeling.topreward_qwen_scorer INFO: Prefix 2/8 (end=27, n_frames=6/28): reward=-22.1250 (mean, 1 tok)
2026-04-30 19:12:36,542 mme_vla_suite.pseudo_labeling.topreward_qwen_scorer INFO: Prefix 3/8 (end=43, n_frames=9/44): reward=-21.2500 (mean, 1 tok)
2026-04-30 19:12:43,401 mme_vla_suite.pseudo_labeling.topreward_qwen_scorer INFO: Prefix 4/8 (end=58, n_frames=12/59): reward=-19.7500 (mean, 1 tok)
2026-04-30 19:12:50,320 mme_vla_suite.pseudo_labeling.topreward_qwen_scorer INFO: Prefix 5/8 (end=74, n_frames=15/75): reward=-19.2500 (mean, 1 tok)
2026-04-30 19:12:57,274 mme_vla_suite.pseudo_labeling.topreward_qwen_scorer INFO: Prefix 6/8 (end=89, n_frames=18/90): reward=-22.3750 (mean, 1 tok)
2026-04-30 19:13:04,255 mme_vla_suite.pseudo_labeling.topreward_qwen_scorer INFO: Prefix 7/8 (end=105, n_frames=21/106): reward=-19.7500 (mean, 1 tok)
2026-04-30 19:13:11,227 mme_vla_suite.pseudo_labeling.topreward_qwen_scorer INFO: Prefix 8/8 (end=121, n_frames=24/122): reward=-18.6250 (mean, 1 tok)
2026-04-30 19:13:19,195 mme_vla_suite.pseudo_labeling.topreward_qwen_scorer INFO: Prefix 1/8 (end=8, n_frames=4/9): reward=-23.6250 (mean, 1 tok)
2026-04-30 19:13:26,142 mme_vla_suite.pseudo_labeling.topreward_qwen_scorer INFO: Prefix 2/8 (end=19, n_frames=4/20): reward=-23.1250 (mean, 1 tok)
2026-04-30 19:13:32,997 mme_vla_suite.pseudo_labeling.topreward_qwen_scorer INFO: Prefix 3/8 (end=30, n_frames=6/31): reward=-22.6250 (mean, 1 tok)
2026-04-30 19:13:39,833 mme_vla_suite.pseudo_labeling.topreward_qwen_scorer INFO: Prefix 4/8 (end=42, n_frames=9/43): reward=-22.8750 (mean, 1 tok)
2026-04-30 19:13:46,796 mme_vla_suite.pseudo_labeling.topreward_qwen_scorer INFO: Prefix 5/8 (end=53, n_frames=11/54): reward=-22.0000 (mean, 1 tok)
2026-04-30 19:13:53,800 mme_vla_suite.pseudo_labeling.topreward_qwen_scorer INFO: Prefix 6/8 (end=65, n_frames=13/66): reward=-21.6250 (mean, 1 tok)
2026-04-30 19:14:00,648 mme_vla_suite.pseudo_labeling.topreward_qwen_scorer INFO: Prefix 7/8 (end=76, n_frames=15/77): reward=-22.7500 (mean, 1 tok)
2026-04-30 19:14:07,547 mme_vla_suite.pseudo_labeling.topreward_qwen_scorer INFO: Prefix 8/8 (end=88, n_frames=18/89): reward=-17.3750 (mean, 1 tok)
2026-04-30 19:14:15,337 mme_vla_suite.pseudo_labeling.topreward_qwen_scorer INFO: Prefix 1/8 (end=9, n_frames=4/10): reward=-23.2500 (mean, 1 tok)
2026-04-30 19:14:22,107 mme_vla_suite.pseudo_labeling.topreward_qwen_scorer INFO: Prefix 2/8 (end=21, n_frames=4/22): reward=-22.7500 (mean, 1 tok)
2026-04-30 19:14:28,917 mme_vla_suite.pseudo_labeling.topreward_qwen_scorer INFO: Prefix 3/8 (end=33, n_frames=7/34): reward=-22.3750 (mean, 1 tok)
2026-04-30 19:14:35,722 mme_vla_suite.pseudo_labeling.topreward_qwen_scorer INFO: Prefix 4/8 (end=46, n_frames=9/47): reward=-22.3750 (mean, 1 tok)
2026-04-30 19:14:42,565 mme_vla_suite.pseudo_labeling.topreward_qwen_scorer INFO: Prefix 5/8 (end=58, n_frames=12/59): reward=-21.7500 (mean, 1 tok)
2026-04-30 19:14:49,416 mme_vla_suite.pseudo_labeling.topreward_qwen_scorer INFO: Prefix 6/8 (end=71, n_frames=14/72): reward=-22.1250 (mean, 1 tok)
2026-04-30 19:14:56,350 mme_vla_suite.pseudo_labeling.topreward_qwen_scorer INFO: Prefix 7/8 (end=83, n_frames=17/84): reward=-17.5000 (mean, 1 tok)
2026-04-30 19:15:03,271 mme_vla_suite.pseudo_labeling.topreward_qwen_scorer INFO: Prefix 8/8 (end=96, n_frames=19/97): reward=-18.2500 (mean, 1 tok)
2026-04-30 19:15:11,113 mme_vla_suite.pseudo_labeling.topreward_qwen_scorer INFO: Prefix 1/8 (end=11, n_frames=4/12): reward=-22.1250 (mean, 1 tok)
2026-04-30 19:15:17,904 mme_vla_suite.pseudo_labeling.topreward_qwen_scorer INFO: Prefix 2/8 (end=26, n_frames=5/27): reward=-22.3750 (mean, 1 tok)
2026-04-30 19:15:24,682 mme_vla_suite.pseudo_labeling.topreward_qwen_scorer INFO: Prefix 3/8 (end=41, n_frames=8/42): reward=-21.8750 (mean, 1 tok)
2026-04-30 19:15:31,503 mme_vla_suite.pseudo_labeling.topreward_qwen_scorer INFO: Prefix 4/8 (end=56, n_frames=11/57): reward=-20.3750 (mean, 1 tok)
2026-04-30 19:15:38,378 mme_vla_suite.pseudo_labeling.topreward_qwen_scorer INFO: Prefix 5/8 (end=72, n_frames=15/73): reward=-19.5000 (mean, 1 tok)
2026-04-30 19:15:45,270 mme_vla_suite.pseudo_labeling.topreward_qwen_scorer INFO: Prefix 6/8 (end=87, n_frames=18/88): reward=-19.1250 (mean, 1 tok)
2026-04-30 19:15:52,183 mme_vla_suite.pseudo_labeling.topreward_qwen_scorer INFO: Prefix 7/8 (end=102, n_frames=21/103): reward=-17.3750 (mean, 1 tok)
2026-04-30 19:15:59,099 mme_vla_suite.pseudo_labeling.topreward_qwen_scorer INFO: Prefix 8/8 (end=118, n_frames=24/119): reward=-18.2500 (mean, 1 tok)
2026-04-30 19:16:07,079 mme_vla_suite.pseudo_labeling.topreward_qwen_scorer INFO: Prefix 1/8 (end=11, n_frames=4/12): reward=-23.6250 (mean, 1 tok)
2026-04-30 19:16:13,858 mme_vla_suite.pseudo_labeling.topreward_qwen_scorer INFO: Prefix 2/8 (end=26, n_frames=5/27): reward=-22.6250 (mean, 1 tok)
2026-04-30 19:16:20,676 mme_vla_suite.pseudo_labeling.topreward_qwen_scorer INFO: Prefix 3/8 (end=41, n_frames=8/42): reward=-22.3750 (mean, 1 tok)
2026-04-30 19:16:27,495 mme_vla_suite.pseudo_labeling.topreward_qwen_scorer INFO: Prefix 4/8 (end=56, n_frames=11/57): reward=-23.0000 (mean, 1 tok)
2026-04-30 19:16:34,349 mme_vla_suite.pseudo_labeling.topreward_qwen_scorer INFO: Prefix 5/8 (end=71, n_frames=14/72): reward=-23.5000 (mean, 1 tok)
2026-04-30 19:16:41,276 mme_vla_suite.pseudo_labeling.topreward_qwen_scorer INFO: Prefix 6/8 (end=86, n_frames=17/87): reward=-23.3750 (mean, 1 tok)
2026-04-30 19:16:48,209 mme_vla_suite.pseudo_labeling.topreward_qwen_scorer INFO: Prefix 7/8 (end=101, n_frames=20/102): reward=-23.3750 (mean, 1 tok)
2026-04-30 19:16:55,169 mme_vla_suite.pseudo_labeling.topreward_qwen_scorer INFO: Prefix 8/8 (end=117, n_frames=24/118): reward=-18.5000 (mean, 1 tok)
2026-04-30 19:17:02,865 mme_vla_suite.pseudo_labeling.topreward_qwen_scorer INFO: Prefix 1/8 (end=4, n_frames=4/5): reward=-22.1250 (mean, 1 tok)
2026-04-30 19:17:09,645 mme_vla_suite.pseudo_labeling.topreward_qwen_scorer INFO: Prefix 2/8 (end=10, n_frames=4/11): reward=-22.6250 (mean, 1 tok)
2026-04-30 19:17:16,430 mme_vla_suite.pseudo_labeling.topreward_qwen_scorer INFO: Prefix 3/8 (end=16, n_frames=4/17): reward=-22.5000 (mean, 1 tok)
2026-04-30 19:17:23,240 mme_vla_suite.pseudo_labeling.topreward_qwen_scorer INFO: Prefix 4/8 (end=22, n_frames=5/23): reward=-22.5000 (mean, 1 tok)
2026-04-30 19:17:30,040 mme_vla_suite.pseudo_labeling.topreward_qwen_scorer INFO: Prefix 5/8 (end=28, n_frames=6/29): reward=-22.2500 (mean, 1 tok)
2026-04-30 19:17:36,835 mme_vla_suite.pseudo_labeling.topreward_qwen_scorer INFO: Prefix 6/8 (end=34, n_frames=7/35): reward=-22.5000 (mean, 1 tok)
2026-04-30 19:17:43,641 mme_vla_suite.pseudo_labeling.topreward_qwen_scorer INFO: Prefix 7/8 (end=40, n_frames=8/41): reward=-22.5000 (mean, 1 tok)
2026-04-30 19:17:50,446 mme_vla_suite.pseudo_labeling.topreward_qwen_scorer INFO: Prefix 8/8 (end=47, n_frames=10/48): reward=-21.2500 (mean, 1 tok)
2026-04-30 19:17:58,289 mme_vla_suite.pseudo_labeling.topreward_qwen_scorer INFO: Prefix 1/8 (end=8, n_frames=4/9): reward=-25.5000 (mean, 1 tok)
2026-04-30 19:18:05,103 mme_vla_suite.pseudo_labeling.topreward_qwen_scorer INFO: Prefix 2/8 (end=18, n_frames=4/19): reward=-24.7500 (mean, 1 tok)
2026-04-30 19:18:11,898 mme_vla_suite.pseudo_labeling.topreward_qwen_scorer INFO: Prefix 3/8 (end=28, n_frames=6/29): reward=-24.5000 (mean, 1 tok)
2026-04-30 19:18:18,739 mme_vla_suite.pseudo_labeling.topreward_qwen_scorer INFO: Prefix 4/8 (end=39, n_frames=8/40): reward=-24.6250 (mean, 1 tok)
2026-04-30 19:18:25,584 mme_vla_suite.pseudo_labeling.topreward_qwen_scorer INFO: Prefix 5/8 (end=49, n_frames=10/50): reward=-24.7500 (mean, 1 tok)
2026-04-30 19:18:32,472 mme_vla_suite.pseudo_labeling.topreward_qwen_scorer INFO: Prefix 6/8 (end=60, n_frames=12/61): reward=-24.1250 (mean, 1 tok)
2026-04-30 19:18:39,353 mme_vla_suite.pseudo_labeling.topreward_qwen_scorer INFO: Prefix 7/8 (end=70, n_frames=14/71): reward=-24.2500 (mean, 1 tok)
2026-04-30 19:18:46,240 mme_vla_suite.pseudo_labeling.topreward_qwen_scorer INFO: Prefix 8/8 (end=81, n_frames=16/82): reward=-19.8750 (mean, 1 tok)
2026-04-30 19:18:53,829 mme_vla_suite.pseudo_labeling.topreward_qwen_scorer INFO: Prefix 1/8 (end=8, n_frames=4/9): reward=-25.5000 (mean, 1 tok)
2026-04-30 19:19:00,631 mme_vla_suite.pseudo_labeling.topreward_qwen_scorer INFO: Prefix 2/8 (end=19, n_frames=4/20): reward=-24.6250 (mean, 1 tok)
2026-04-30 19:19:07,454 mme_vla_suite.pseudo_labeling.topreward_qwen_scorer INFO: Prefix 3/8 (end=30, n_frames=6/31): reward=-24.1250 (mean, 1 tok)
2026-04-30 19:19:14,269 mme_vla_suite.pseudo_labeling.topreward_qwen_scorer INFO: Prefix 4/8 (end=41, n_frames=8/42): reward=-24.7500 (mean, 1 tok)
2026-04-30 19:19:21,101 mme_vla_suite.pseudo_labeling.topreward_qwen_scorer INFO: Prefix 5/8 (end=53, n_frames=11/54): reward=-23.7500 (mean, 1 tok)
2026-04-30 19:19:27,961 mme_vla_suite.pseudo_labeling.topreward_qwen_scorer INFO: Prefix 6/8 (end=64, n_frames=13/65): reward=-24.1250 (mean, 1 tok)
2026-04-30 19:19:34,846 mme_vla_suite.pseudo_labeling.topreward_qwen_scorer INFO: Prefix 7/8 (end=75, n_frames=15/76): reward=-24.5000 (mean, 1 tok)
2026-04-30 19:19:41,744 mme_vla_suite.pseudo_labeling.topreward_qwen_scorer INFO: Prefix 8/8 (end=87, n_frames=18/88): reward=-19.8750 (mean, 1 tok)
2026-04-30 19:19:49,572 mme_vla_suite.pseudo_labeling.topreward_qwen_scorer INFO: Prefix 1/8 (end=12, n_frames=4/13): reward=-22.5000 (mean, 1 tok)
2026-04-30 19:19:56,350 mme_vla_suite.pseudo_labeling.topreward_qwen_scorer INFO: Prefix 2/8 (end=27, n_frames=6/28): reward=-22.5000 (mean, 1 tok)
2026-04-30 19:20:03,156 mme_vla_suite.pseudo_labeling.topreward_qwen_scorer INFO: Prefix 3/8 (end=43, n_frames=9/44): reward=-20.7500 (mean, 1 tok)
2026-04-30 19:20:10,015 mme_vla_suite.pseudo_labeling.topreward_qwen_scorer INFO: Prefix 4/8 (end=58, n_frames=12/59): reward=-20.5000 (mean, 1 tok)
2026-04-30 19:20:16,918 mme_vla_suite.pseudo_labeling.topreward_qwen_scorer INFO: Prefix 5/8 (end=74, n_frames=15/75): reward=-19.8750 (mean, 1 tok)
2026-04-30 19:20:23,835 mme_vla_suite.pseudo_labeling.topreward_qwen_scorer INFO: Prefix 6/8 (end=89, n_frames=18/90): reward=-19.7500 (mean, 1 tok)
2026-04-30 19:20:30,774 mme_vla_suite.pseudo_labeling.topreward_qwen_scorer INFO: Prefix 7/8 (end=105, n_frames=21/106): reward=-21.3750 (mean, 1 tok)
2026-04-30 19:20:37,746 mme_vla_suite.pseudo_labeling.topreward_qwen_scorer INFO: Prefix 8/8 (end=121, n_frames=24/122): reward=-21.7500 (mean, 1 tok)
2026-04-30 19:20:45,936 mme_vla_suite.pseudo_labeling.topreward_qwen_scorer INFO: Prefix 1/8 (end=10, n_frames=4/11): reward=-22.7500 (mean, 1 tok)
2026-04-30 19:20:52,778 mme_vla_suite.pseudo_labeling.topreward_qwen_scorer INFO: Prefix 2/8 (end=23, n_frames=5/24): reward=-22.0000 (mean, 1 tok)
2026-04-30 19:20:59,640 mme_vla_suite.pseudo_labeling.topreward_qwen_scorer INFO: Prefix 3/8 (end=37, n_frames=8/38): reward=-22.1250 (mean, 1 tok)
2026-04-30 19:21:06,514 mme_vla_suite.pseudo_labeling.topreward_qwen_scorer INFO: Prefix 4/8 (end=51, n_frames=10/52): reward=-21.0000 (mean, 1 tok)
2026-04-30 19:21:13,395 mme_vla_suite.pseudo_labeling.topreward_qwen_scorer INFO: Prefix 5/8 (end=64, n_frames=13/65): reward=-21.5000 (mean, 1 tok)
2026-04-30 19:21:20,292 mme_vla_suite.pseudo_labeling.topreward_qwen_scorer INFO: Prefix 6/8 (end=78, n_frames=16/79): reward=-22.7500 (mean, 1 tok)
2026-04-30 19:21:27,243 mme_vla_suite.pseudo_labeling.topreward_qwen_scorer INFO: Prefix 7/8 (end=92, n_frames=19/93): reward=-22.1250 (mean, 1 tok)
2026-04-30 19:21:34,196 mme_vla_suite.pseudo_labeling.topreward_qwen_scorer INFO: Prefix 8/8 (end=106, n_frames=21/107): reward=-18.2500 (mean, 1 tok)
2026-04-30 19:21:41,868 mme_vla_suite.pseudo_labeling.topreward_qwen_scorer INFO: Prefix 1/8 (end=11, n_frames=4/12): reward=-22.6250 (mean, 1 tok)
2026-04-30 19:21:48,711 mme_vla_suite.pseudo_labeling.topreward_qwen_scorer INFO: Prefix 2/8 (end=25, n_frames=5/26): reward=-22.0000 (mean, 1 tok)
2026-04-30 19:21:55,583 mme_vla_suite.pseudo_labeling.topreward_qwen_scorer INFO: Prefix 3/8 (end=39, n_frames=8/40): reward=-21.5000 (mean, 1 tok)
2026-04-30 19:22:02,451 mme_vla_suite.pseudo_labeling.topreward_qwen_scorer INFO: Prefix 4/8 (end=54, n_frames=11/55): reward=-21.3750 (mean, 1 tok)
2026-04-30 19:22:09,338 mme_vla_suite.pseudo_labeling.topreward_qwen_scorer INFO: Prefix 5/8 (end=68, n_frames=14/69): reward=-21.3750 (mean, 1 tok)
2026-04-30 19:22:16,327 mme_vla_suite.pseudo_labeling.topreward_qwen_scorer INFO: Prefix 6/8 (end=83, n_frames=17/84): reward=-21.5000 (mean, 1 tok)
2026-04-30 19:22:23,305 mme_vla_suite.pseudo_labeling.topreward_qwen_scorer INFO: Prefix 7/8 (end=97, n_frames=20/98): reward=-22.3750 (mean, 1 tok)
2026-04-30 19:22:30,282 mme_vla_suite.pseudo_labeling.topreward_qwen_scorer INFO: Prefix 8/8 (end=112, n_frames=23/113): reward=-18.6250 (mean, 1 tok)
2026-04-30 19:22:38,135 mme_vla_suite.pseudo_labeling.topreward_qwen_scorer INFO: Prefix 1/8 (end=12, n_frames=4/13): reward=-22.1250 (mean, 1 tok)
2026-04-30 19:22:44,949 mme_vla_suite.pseudo_labeling.topreward_qwen_scorer INFO: Prefix 2/8 (end=27, n_frames=6/28): reward=-22.5000 (mean, 1 tok)
2026-04-30 19:22:51,762 mme_vla_suite.pseudo_labeling.topreward_qwen_scorer INFO: Prefix 3/8 (end=42, n_frames=9/43): reward=-19.3750 (mean, 1 tok)
2026-04-30 19:22:58,566 mme_vla_suite.pseudo_labeling.topreward_qwen_scorer INFO: Prefix 4/8 (end=58, n_frames=12/59): reward=-21.3750 (mean, 1 tok)
2026-04-30 19:23:05,541 mme_vla_suite.pseudo_labeling.topreward_qwen_scorer INFO: Prefix 5/8 (end=73, n_frames=15/74): reward=-19.8750 (mean, 1 tok)
2026-04-30 19:23:12,428 mme_vla_suite.pseudo_labeling.topreward_qwen_scorer INFO: Prefix 6/8 (end=89, n_frames=18/90): reward=-20.8750 (mean, 1 tok)
2026-04-30 19:23:19,491 mme_vla_suite.pseudo_labeling.topreward_qwen_scorer INFO: Prefix 7/8 (end=104, n_frames=21/105): reward=-17.7500 (mean, 1 tok)
2026-04-30 19:23:26,395 mme_vla_suite.pseudo_labeling.topreward_qwen_scorer INFO: Prefix 8/8 (end=120, n_frames=24/121): reward=-18.0000 (mean, 1 tok)
2026-04-30 19:23:34,562 mme_vla_suite.pseudo_labeling.topreward_qwen_scorer INFO: Prefix 1/8 (end=10, n_frames=4/11): reward=-23.1250 (mean, 1 tok)
2026-04-30 19:23:41,377 mme_vla_suite.pseudo_labeling.topreward_qwen_scorer INFO: Prefix 2/8 (end=23, n_frames=5/24): reward=-22.3750 (mean, 1 tok)
2026-04-30 19:23:48,328 mme_vla_suite.pseudo_labeling.topreward_qwen_scorer INFO: Prefix 3/8 (end=37, n_frames=8/38): reward=-23.3750 (mean, 1 tok)
2026-04-30 19:23:55,179 mme_vla_suite.pseudo_labeling.topreward_qwen_scorer INFO: Prefix 4/8 (end=51, n_frames=10/52): reward=-21.1250 (mean, 1 tok)
2026-04-30 19:24:02,037 mme_vla_suite.pseudo_labeling.topreward_qwen_scorer INFO: Prefix 5/8 (end=64, n_frames=13/65): reward=-22.7500 (mean, 1 tok)
2026-04-30 19:24:08,974 mme_vla_suite.pseudo_labeling.topreward_qwen_scorer INFO: Prefix 6/8 (end=78, n_frames=16/79): reward=-22.5000 (mean, 1 tok)
2026-04-30 19:24:15,908 mme_vla_suite.pseudo_labeling.topreward_qwen_scorer INFO: Prefix 7/8 (end=92, n_frames=19/93): reward=-22.3750 (mean, 1 tok)
2026-04-30 19:24:22,867 mme_vla_suite.pseudo_labeling.topreward_qwen_scorer INFO: Prefix 8/8 (end=106, n_frames=21/107): reward=-18.5000 (mean, 1 tok)
2026-04-30 19:24:30,542 mme_vla_suite.pseudo_labeling.topreward_qwen_scorer INFO: Prefix 1/8 (end=11, n_frames=4/12): reward=-23.3750 (mean, 1 tok)
2026-04-30 19:24:37,322 mme_vla_suite.pseudo_labeling.topreward_qwen_scorer INFO: Prefix 2/8 (end=26, n_frames=5/27): reward=-22.5000 (mean, 1 tok)
2026-04-30 19:24:44,160 mme_vla_suite.pseudo_labeling.topreward_qwen_scorer INFO: Prefix 3/8 (end=41, n_frames=8/42): reward=-21.8750 (mean, 1 tok)
2026-04-30 19:24:50,986 mme_vla_suite.pseudo_labeling.topreward_qwen_scorer INFO: Prefix 4/8 (end=56, n_frames=11/57): reward=-22.0000 (mean, 1 tok)
2026-04-30 19:24:57,817 mme_vla_suite.pseudo_labeling.topreward_qwen_scorer INFO: Prefix 5/8 (end=71, n_frames=14/72): reward=-22.8750 (mean, 1 tok)
2026-04-30 19:25:04,715 mme_vla_suite.pseudo_labeling.topreward_qwen_scorer INFO: Prefix 6/8 (end=86, n_frames=17/87): reward=-21.6250 (mean, 1 tok)
2026-04-30 19:25:11,609 mme_vla_suite.pseudo_labeling.topreward_qwen_scorer INFO: Prefix 7/8 (end=101, n_frames=20/102): reward=-22.0000 (mean, 1 tok)
2026-04-30 19:25:18,530 mme_vla_suite.pseudo_labeling.topreward_qwen_scorer INFO: Prefix 8/8 (end=116, n_frames=23/117): reward=-17.7500 (mean, 1 tok)
2026-04-30 19:25:26,510 mme_vla_suite.pseudo_labeling.topreward_qwen_scorer INFO: Prefix 1/8 (end=11, n_frames=4/12): reward=-22.0000 (mean, 1 tok)
2026-04-30 19:25:33,352 mme_vla_suite.pseudo_labeling.topreward_qwen_scorer INFO: Prefix 2/8 (end=25, n_frames=5/26): reward=-21.8750 (mean, 1 tok)
2026-04-30 19:25:40,175 mme_vla_suite.pseudo_labeling.topreward_qwen_scorer INFO: Prefix 3/8 (end=40, n_frames=8/41): reward=-21.0000 (mean, 1 tok)
2026-04-30 19:25:46,992 mme_vla_suite.pseudo_labeling.topreward_qwen_scorer INFO: Prefix 4/8 (end=55, n_frames=11/56): reward=-20.1250 (mean, 1 tok)
2026-04-30 19:25:53,855 mme_vla_suite.pseudo_labeling.topreward_qwen_scorer INFO: Prefix 5/8 (end=70, n_frames=14/71): reward=-19.8750 (mean, 1 tok)
2026-04-30 19:26:00,800 mme_vla_suite.pseudo_labeling.topreward_qwen_scorer INFO: Prefix 6/8 (end=85, n_frames=17/86): reward=-21.5000 (mean, 1 tok)
2026-04-30 19:26:07,740 mme_vla_suite.pseudo_labeling.topreward_qwen_scorer INFO: Prefix 7/8 (end=100, n_frames=20/101): reward=-18.2500 (mean, 1 tok)
2026-04-30 19:26:14,654 mme_vla_suite.pseudo_labeling.topreward_qwen_scorer INFO: Prefix 8/8 (end=115, n_frames=23/116): reward=-19.7500 (mean, 1 tok)
2026-04-30 19:26:22,563 mme_vla_suite.pseudo_labeling.topreward_qwen_scorer INFO: Prefix 1/8 (end=9, n_frames=4/10): reward=-23.0000 (mean, 1 tok)
2026-04-30 19:26:29,354 mme_vla_suite.pseudo_labeling.topreward_qwen_scorer INFO: Prefix 2/8 (end=21, n_frames=4/22): reward=-22.6250 (mean, 1 tok)
2026-04-30 19:26:36,132 mme_vla_suite.pseudo_labeling.topreward_qwen_scorer INFO: Prefix 3/8 (end=33, n_frames=7/34): reward=-22.6250 (mean, 1 tok)
2026-04-30 19:26:42,929 mme_vla_suite.pseudo_labeling.topreward_qwen_scorer INFO: Prefix 4/8 (end=45, n_frames=9/46): reward=-22.5000 (mean, 1 tok)
2026-04-30 19:26:49,751 mme_vla_suite.pseudo_labeling.topreward_qwen_scorer INFO: Prefix 5/8 (end=57, n_frames=12/58): reward=-22.8750 (mean, 1 tok)
2026-04-30 19:26:56,575 mme_vla_suite.pseudo_labeling.topreward_qwen_scorer INFO: Prefix 6/8 (end=69, n_frames=14/70): reward=-21.7500 (mean, 1 tok)
2026-04-30 19:27:03,464 mme_vla_suite.pseudo_labeling.topreward_qwen_scorer INFO: Prefix 7/8 (end=81, n_frames=16/82): reward=-23.0000 (mean, 1 tok)
2026-04-30 19:27:10,343 mme_vla_suite.pseudo_labeling.topreward_qwen_scorer INFO: Prefix 8/8 (end=93, n_frames=19/94): reward=-18.7500 (mean, 1 tok)
2026-04-30 19:27:17,880 mme_vla_suite.pseudo_labeling.topreward_qwen_scorer INFO: Prefix 1/8 (end=10, n_frames=4/11): reward=-22.7500 (mean, 1 tok)
2026-04-30 19:27:24,651 mme_vla_suite.pseudo_labeling.topreward_qwen_scorer INFO: Prefix 2/8 (end=22, n_frames=5/23): reward=-22.2500 (mean, 1 tok)
2026-04-30 19:27:31,448 mme_vla_suite.pseudo_labeling.topreward_qwen_scorer INFO: Prefix 3/8 (end=35, n_frames=7/36): reward=-21.8750 (mean, 1 tok)
2026-04-30 19:27:38,256 mme_vla_suite.pseudo_labeling.topreward_qwen_scorer INFO: Prefix 4/8 (end=48, n_frames=10/49): reward=-22.0000 (mean, 1 tok)
2026-04-30 19:27:45,041 mme_vla_suite.pseudo_labeling.topreward_qwen_scorer INFO: Prefix 5/8 (end=61, n_frames=12/62): reward=-22.5000 (mean, 1 tok)
2026-04-30 19:27:51,840 mme_vla_suite.pseudo_labeling.topreward_qwen_scorer INFO: Prefix 6/8 (end=74, n_frames=15/75): reward=-22.5000 (mean, 1 tok)
2026-04-30 19:27:58,680 mme_vla_suite.pseudo_labeling.topreward_qwen_scorer INFO: Prefix 7/8 (end=87, n_frames=18/88): reward=-20.5000 (mean, 1 tok)
2026-04-30 19:28:05,545 mme_vla_suite.pseudo_labeling.topreward_qwen_scorer INFO: Prefix 8/8 (end=100, n_frames=20/101): reward=-18.3750 (mean, 1 tok)
2026-04-30 19:28:13,308 mme_vla_suite.pseudo_labeling.topreward_qwen_scorer INFO: Prefix 1/8 (end=11, n_frames=4/12): reward=-22.1250 (mean, 1 tok)
2026-04-30 19:28:20,159 mme_vla_suite.pseudo_labeling.topreward_qwen_scorer INFO: Prefix 2/8 (end=25, n_frames=5/26): reward=-22.1250 (mean, 1 tok)
2026-04-30 19:28:27,039 mme_vla_suite.pseudo_labeling.topreward_qwen_scorer INFO: Prefix 3/8 (end=40, n_frames=8/41): reward=-20.1250 (mean, 1 tok)
2026-04-30 19:28:33,915 mme_vla_suite.pseudo_labeling.topreward_qwen_scorer INFO: Prefix 4/8 (end=55, n_frames=11/56): reward=-19.5000 (mean, 1 tok)
2026-04-30 19:28:40,773 mme_vla_suite.pseudo_labeling.topreward_qwen_scorer INFO: Prefix 5/8 (end=69, n_frames=14/70): reward=-21.7500 (mean, 1 tok)
2026-04-30 19:28:47,672 mme_vla_suite.pseudo_labeling.topreward_qwen_scorer INFO: Prefix 6/8 (end=84, n_frames=17/85): reward=-22.0000 (mean, 1 tok)
2026-04-30 19:28:54,701 mme_vla_suite.pseudo_labeling.topreward_qwen_scorer INFO: Prefix 7/8 (end=99, n_frames=20/100): reward=-19.6250 (mean, 1 tok)
2026-04-30 19:29:01,671 mme_vla_suite.pseudo_labeling.topreward_qwen_scorer INFO: Prefix 8/8 (end=114, n_frames=23/115): reward=-18.1250 (mean, 1 tok)
2026-04-30 19:29:09,561 mme_vla_suite.pseudo_labeling.topreward_qwen_scorer INFO: Prefix 1/8 (end=10, n_frames=4/11): reward=-22.3750 (mean, 1 tok)
2026-04-30 19:29:16,382 mme_vla_suite.pseudo_labeling.topreward_qwen_scorer INFO: Prefix 2/8 (end=23, n_frames=5/24): reward=-20.8750 (mean, 1 tok)
2026-04-30 19:29:23,159 mme_vla_suite.pseudo_labeling.topreward_qwen_scorer INFO: Prefix 3/8 (end=36, n_frames=7/37): reward=-21.0000 (mean, 1 tok)
2026-04-30 19:29:29,944 mme_vla_suite.pseudo_labeling.topreward_qwen_scorer INFO: Prefix 4/8 (end=49, n_frames=10/50): reward=-20.1250 (mean, 1 tok)
2026-04-30 19:29:36,740 mme_vla_suite.pseudo_labeling.topreward_qwen_scorer INFO: Prefix 5/8 (end=63, n_frames=13/64): reward=-21.0000 (mean, 1 tok)
2026-04-30 19:29:43,541 mme_vla_suite.pseudo_labeling.topreward_qwen_scorer INFO: Prefix 6/8 (end=76, n_frames=15/77): reward=-21.0000 (mean, 1 tok)
2026-04-30 19:29:50,394 mme_vla_suite.pseudo_labeling.topreward_qwen_scorer INFO: Prefix 7/8 (end=89, n_frames=18/90): reward=-21.3750 (mean, 1 tok)
2026-04-30 19:29:57,256 mme_vla_suite.pseudo_labeling.topreward_qwen_scorer INFO: Prefix 8/8 (end=103, n_frames=21/104): reward=-16.8750 (mean, 1 tok)
2026-04-30 19:30:05,044 mme_vla_suite.pseudo_labeling.topreward_qwen_scorer INFO: Prefix 1/8 (end=4, n_frames=4/5): reward=-19.6250 (mean, 1 tok)
2026-04-30 19:30:11,784 mme_vla_suite.pseudo_labeling.topreward_qwen_scorer INFO: Prefix 2/8 (end=9, n_frames=4/10): reward=-19.0000 (mean, 1 tok)
2026-04-30 19:30:18,551 mme_vla_suite.pseudo_labeling.topreward_qwen_scorer INFO: Prefix 3/8 (end=14, n_frames=4/15): reward=-19.0000 (mean, 1 tok)
2026-04-30 19:30:25,317 mme_vla_suite.pseudo_labeling.topreward_qwen_scorer INFO: Prefix 4/8 (end=19, n_frames=4/20): reward=-19.7500 (mean, 1 tok)
2026-04-30 19:30:32,097 mme_vla_suite.pseudo_labeling.topreward_qwen_scorer INFO: Prefix 5/8 (end=24, n_frames=5/25): reward=-20.2500 (mean, 1 tok)
2026-04-30 19:30:38,880 mme_vla_suite.pseudo_labeling.topreward_qwen_scorer INFO: Prefix 6/8 (end=29, n_frames=6/30): reward=-20.1250 (mean, 1 tok)
2026-04-30 19:30:45,657 mme_vla_suite.pseudo_labeling.topreward_qwen_scorer INFO: Prefix 7/8 (end=34, n_frames=7/35): reward=-20.3750 (mean, 1 tok)
2026-04-30 19:30:52,448 mme_vla_suite.pseudo_labeling.topreward_qwen_scorer INFO: Prefix 8/8 (end=40, n_frames=8/41): reward=-20.0000 (mean, 1 tok)
2026-04-30 19:31:00,589 mme_vla_suite.pseudo_labeling.topreward_qwen_scorer INFO: Prefix 1/8 (end=9, n_frames=4/10): reward=-24.3750 (mean, 1 tok)
2026-04-30 19:31:07,417 mme_vla_suite.pseudo_labeling.topreward_qwen_scorer INFO: Prefix 2/8 (end=21, n_frames=4/22): reward=-24.0000 (mean, 1 tok)
2026-04-30 19:31:14,283 mme_vla_suite.pseudo_labeling.topreward_qwen_scorer INFO: Prefix 3/8 (end=33, n_frames=7/34): reward=-23.8750 (mean, 1 tok)
2026-04-30 19:31:21,074 mme_vla_suite.pseudo_labeling.topreward_qwen_scorer INFO: Prefix 4/8 (end=46, n_frames=9/47): reward=-22.5000 (mean, 1 tok)
2026-04-30 19:31:27,952 mme_vla_suite.pseudo_labeling.topreward_qwen_scorer INFO: Prefix 5/8 (end=58, n_frames=12/59): reward=-23.2500 (mean, 1 tok)
2026-04-30 19:31:34,828 mme_vla_suite.pseudo_labeling.topreward_qwen_scorer INFO: Prefix 6/8 (end=71, n_frames=14/72): reward=-23.5000 (mean, 1 tok)
2026-04-30 19:31:41,762 mme_vla_suite.pseudo_labeling.topreward_qwen_scorer INFO: Prefix 7/8 (end=83, n_frames=17/84): reward=-23.1250 (mean, 1 tok)
2026-04-30 19:31:48,709 mme_vla_suite.pseudo_labeling.topreward_qwen_scorer INFO: Prefix 8/8 (end=96, n_frames=19/97): reward=-20.0000 (mean, 1 tok)
2026-04-30 19:31:56,364 mme_vla_suite.pseudo_labeling.topreward_qwen_scorer INFO: Prefix 1/8 (end=10, n_frames=4/11): reward=-24.3750 (mean, 1 tok)
2026-04-30 19:32:03,192 mme_vla_suite.pseudo_labeling.topreward_qwen_scorer INFO: Prefix 2/8 (end=24, n_frames=5/25): reward=-23.7500 (mean, 1 tok)
2026-04-30 19:32:10,054 mme_vla_suite.pseudo_labeling.topreward_qwen_scorer INFO: Prefix 3/8 (end=38, n_frames=8/39): reward=-24.5000 (mean, 1 tok)
2026-04-30 19:32:16,912 mme_vla_suite.pseudo_labeling.topreward_qwen_scorer INFO: Prefix 4/8 (end=52, n_frames=11/53): reward=-22.8750 (mean, 1 tok)
2026-04-30 19:32:23,790 mme_vla_suite.pseudo_labeling.topreward_qwen_scorer INFO: Prefix 5/8 (end=66, n_frames=13/67): reward=-23.3750 (mean, 1 tok)
2026-04-30 19:32:30,669 mme_vla_suite.pseudo_labeling.topreward_qwen_scorer INFO: Prefix 6/8 (end=80, n_frames=16/81): reward=-23.2500 (mean, 1 tok)
2026-04-30 19:32:37,638 mme_vla_suite.pseudo_labeling.topreward_qwen_scorer INFO: Prefix 7/8 (end=94, n_frames=19/95): reward=-19.2500 (mean, 1 tok)
2026-04-30 19:32:44,586 mme_vla_suite.pseudo_labeling.topreward_qwen_scorer INFO: Prefix 8/8 (end=108, n_frames=22/109): reward=-19.0000 (mean, 1 tok)
